{"type":"FeatureCollection","features":[{"type":"Feature","geometry":{"type":"LineString","coordinates":[[-0.41991,52.15437],[-0.4203,52.15424]]},"properties":{"name":"Norse Road","category":"tertiary","osm_type":"way","osm_id":"189518390"}},{"type":"Feature","geometry":{"type":"LineString","coordinates":[[-0.42884,52.14722],[-0.4282,52.14933]]},"properties":{"name":"Church Lane","category":"tertiary","osm_type":"way","osm_id":"189518391"}},{"type":"Feature","geometry":{"type":"LineString","coordinates":[[-0.43943,52.1487],[-0.43702,52.1477],[-0.43323,52.14826],[-0.42884,52.14722]]},"properties":{"name":"Queens Drive","category":"tertiary","osm_type":"way","osm_id":"189518392"}},{"type":"Feature","geometry":{"type":"LineString","coordinates":[[-0.42705,52.15652],[-0.42726,52.15677]]},"properties":{"name":"Secondary and tertiary roads","category":"tertiary","osm_type":"way","osm_id":"189518393"}},{"type":"Feature","geometry":{"type":"LineString","coordinates":[[-0.42798,52.15387],[-0.42787,52.15434]]},"properties":{"name":"Church Lane","category":"tertiary","osm_type":"way","osm_id":"189518395"}},{"type":"Feature","geometry":{"type":"LineString","coordinates":[[-0.48002,52.4336],[-0.48025,52.43371]]},"properties":{"name":"B662","category":"secondary","osm_type":"way","osm_id":"189871227","ref":"B662"}},{"type":"Feature","geometry":{"type":"LineString","coordinates":[[-0.86935,52.06577],[-0.86987,52.06594]]},"properties":{"name":"Towcester Road","category":"tertiary","osm_type":"way","osm_id":"190112460"}},{"type":"Feature","geometry":{"type":"LineString","coordinates":[[-0.49707,52.114],[-0.49728,52.11413]]},"properties":{"name":"Secondary and tertiary roads","category":"secondary","osm_type":"way","osm_id":"190438931"}},{"type":"Feature","geometry":{"type":"LineString","coordinates":[[-0.48603,52.11645],[-0.48503,52.11657]]},"properties":{"name":"Elstow Road","category":"tertiary","osm_type":"way","osm_id":"190438932"}},{"type":"Feature","geometry":{"type":"LineString","coordinates":[[-0.49687,52.11353],[-0.49707,52.114]]},"properties":{"name":"Woburn Road","category":"secondary","osm_type":"way","osm_id":"190438933","ref":"B531"}},{"type":"Feature","geometry":{"type":"LineString","coordinates":[[-0.49878,52.11005],[-0.49687,52.11353]]},"properties":{"name":"Woburn Road","category":"secondary","osm_type":"way","osm_id":"190438934","ref":"B531"}},{"type":"Feature","geometry":{"type":"LineString","coordinates":[[-0.49701,52.11418],[-0.49707,52.114]]},"properties":{"name":"Secondary and tertiary roads","category":"secondary","osm_type":"way","osm_id":"190438936"}},{"type":"Feature","geometry":{"type":"LineString","coordinates":[[-0.50958,52.11389],[-0.50826,52.11427]]},"properties":{"name":"High Street","category":"secondary","osm_type":"way","osm_id":"190438937","ref":"B560"}},{"type":"Feature","geometry":{"type":"LineString","coordinates":[[-0.42309,52.14272],[-0.4231,52.14229]]},"properties":{"name":"Riverfield Drive","category":"tertiary","osm_type":"way","osm_id":"190449712"}},{"type":"Feature","geometry":{"type":"LineString","coordinates":[[-0.42323,52.14289],[-0.42342,52.14378]]},"properties":{"name":"Riverfield Drive","category":"tertiary","osm_type":"way","osm_id":"190449713"}},{"type":"Feature","geometry":{"type":"LineString","coordinates":[[-0.43396,52.135],[-0.43412,52.13509]]},"properties":{"name":"Secondary and tertiary roads","category":"tertiary","osm_type":"way","osm_id":"190449714"}},{"type":"Feature","geometry":{"type":"LineString","coordinates":[[-0.43189,52.13936],[-0.43042,52.14181],[-0.43062,52.14261]]},"properties":{"name":"Barkers Lane","category":"tertiary","osm_type":"way","osm_id":"190449715"}},{"type":"Feature","geometry":{"type":"LineString","coordinates":[[-0.46969,52.15321],[-0.47164,52.15133],[-0.47569,52.14915]]},"properties":{"name":"Brickhill Drive","category":"tertiary","osm_type":"way","osm_id":"190584362"}},{"type":"Feature","geometry":{"type":"LineString","coordinates":[[-0.45425,52.16168],[-0.45732,52.16224],[-0.45883,52.16124]]},"properties":{"name":"Avon Drive","category":"tertiary","osm_type":"way","osm_id":"190584368"}},{"type":"Feature","geometry":{"type":"LineString","coordinates":[[-0.44709,52.15878],[-0.44219,52.15919],[-0.43577,52.15865]]},"properties":{"name":"Wentworth Drive","category":"tertiary","osm_type":"way","osm_id":"190585355"}},{"type":"Feature","geometry":{"type":"LineString","coordinates":[[-0.44376,52.15433],[-0.45317,52.14966]]},"properties":{"name":"Putnoe Lane","category":"tertiary","osm_type":"way","osm_id":"190585356"}},{"type":"Feature","geometry":{"type":"LineString","coordinates":[[-0.4555,52.14722],[-0.45528,52.14752]]},"properties":{"name":"Kimbolton Road","category":"secondary","osm_type":"way","osm_id":"190585357","ref":"B660"}},{"type":"Feature","geometry":{"type":"LineString","coordinates":[[-0.43577,52.15865],[-0.43168,52.15872],[-0.4291,52.158]]},"properties":{"name":"Wentworth Drive","category":"tertiary","osm_type":"way","osm_id":"190585358"}},{"type":"Feature","geometry":{"type":"LineString","coordinates":[[-0.4291,52.158],[-0.42724,52.157]]},"properties":{"name":"Wentworth Drive","category":"tertiary","osm_type":"way","osm_id":"190585359"}},{"type":"Feature","geometry":{"type":"LineString","coordinates":[[-0.4537,52.15147],[-0.45413,52.15565],[-0.45298,52.16106]]},"properties":{"name":"Kimbolton Road","category":"secondary","osm_type":"way","osm_id":"190587779","ref":"B660"}},{"type":"Feature","geometry":{"type":"LineString","coordinates":[[-0.43153,52.14373],[-0.43218,52.1425]]},"properties":{"name":"Goldington Green","category":"tertiary","osm_type":"way","osm_id":"190587780"}},{"type":"Feature","geometry":{"type":"LineString","coordinates":[[-0.45392,52.14969],[-0.4537,52.15147]]},"properties":{"name":"Kimbolton Road","category":"secondary","osm_type":"way","osm_id":"190587781","ref":"B660"}},{"type":"Feature","geometry":{"type":"LineString","coordinates":[[-0.42823,52.15119],[-0.4283,52.15253]]},"properties":{"name":"Church Lane","category":"tertiary","osm_type":"way","osm_id":"190587783"}},{"type":"Feature","geometry":{"type":"LineString","coordinates":[[-0.45528,52.14752],[-0.45418,52.14926]]},"properties":{"name":"Kimbolton Road","category":"secondary","osm_type":"way","osm_id":"190587784","ref":"B660"}},{"type":"Feature","geometry":{"type":"LineString","coordinates":[[-0.44038,52.15455],[-0.44211,52.15512]]},"properties":{"name":"Putnoe Street","category":"tertiary","osm_type":"way","osm_id":"190587785"}},{"type":"Feature","geometry":{"type":"LineString","coordinates":[[-0.44211,52.15512],[-0.44297,52.1547]]},"properties":{"name":"Putnoe Lane","category":"tertiary","osm_type":"way","osm_id":"190587786"}},{"type":"Feature","geometry":{"type":"LineString","coordinates":[[-0.60503,52.08148],[-0.60273,52.08019]]},"properties":{"name":"Crawley Road","category":"tertiary","osm_type":"way","osm_id":"190709314","ref":"C74"}},{"type":"Feature","geometry":{"type":"LineString","coordinates":[[-0.9172,52.14232],[-0.91482,52.14176]]},"properties":{"name":"Secondary and tertiary roads","category":"tertiary","osm_type":"way","osm_id":"190874445"}},{"type":"Feature","geometry":{"type":"LineString","coordinates":[[-0.92397,52.15164],[-0.92652,52.15541],[-0.92688,52.15743],[-0.93356,52.16684]]},"properties":{"name":"Stoke Road","category":"tertiary","osm_type":"way","osm_id":"190874446"}},{"type":"Feature","geometry":{"type":"LineString","coordinates":[[-0.93007,52.14387],[-0.92728,52.14415],[-0.92462,52.14396],[-0.92063,52.14304]]},"properties":{"name":"Shutlanger Road","category":"tertiary","osm_type":"way","osm_id":"190874453"}},{"type":"Feature","geometry":{"type":"LineString","coordinates":[[-0.90313,52.19303],[-0.9018,52.19276],[-0.89814,52.19053],[-0.89421,52.19025]]},"properties":{"name":"Watering Lane","category":"tertiary","osm_type":"way","osm_id":"190874651"}},{"type":"Feature","geometry":{"type":"LineString","coordinates":[[-0.80145,52.19804],[-0.80235,52.20452],[-0.80544,52.20945],[-0.80666,52.21418],[-0.80617,52.21628],[-0.80387,52.2194]]},"properties":{"name":"Horton Road","category":"tertiary","osm_type":"way","osm_id":"190875510"}},{"type":"Feature","geometry":{"type":"LineString","coordinates":[[-0.9844,52.12887],[-0.98063,52.12667]]},"properties":{"name":"London Road","category":"tertiary","osm_type":"way","osm_id":"190950883","operator":"National Highways"}},{"type":"Feature","geometry":{"type":"LineString","coordinates":[[-0.9737,52.12264],[-0.97331,52.12244]]},"properties":{"name":"London Road","category":"tertiary","osm_type":"way","osm_id":"190950886","operator":"National Highways"}},{"type":"Feature","geometry":{"type":"LineString","coordinates":[[-0.8469,52.20765],[-0.84083,52.20919],[-0.83687,52.21171],[-0.83842,52.21423],[-0.83802,52.21821],[-0.83905,52.22024]]},"properties":{"name":"The Green","category":"tertiary","osm_type":"way","osm_id":"191251990"}},{"type":"Feature","geometry":{"type":"LineString","coordinates":[[-0.93557,52.24319],[-0.93211,52.24433]]},"properties":{"name":"Bants Lane","category":"tertiary","osm_type":"way","osm_id":"191252741"}},{"type":"Feature","geometry":{"type":"LineString","coordinates":[[-0.96448,52.20955],[-0.96326,52.20829]]},"properties":{"name":"Kislingbury Road","category":"tertiary","osm_type":"way","osm_id":"191252743"}},{"type":"Feature","geometry":{"type":"LineString","coordinates":[[-0.79069,52.23668],[-0.79799,52.23217],[-0.79998,52.23035],[-0.80248,52.22931]]},"properties":{"name":"Brafield Road","category":"tertiary","osm_type":"way","osm_id":"191667906"}},{"type":"Feature","geometry":{"type":"LineString","coordinates":[[-0.75196,52.24164],[-0.74225,52.24395],[-0.7391,52.24343]]},"properties":{"name":"Whiston Road","category":"tertiary","osm_type":"way","osm_id":"191667914"}},{"type":"Feature","geometry":{"type":"LineString","coordinates":[[-0.7391,52.24343],[-0.73589,52.24232],[-0.72751,52.23819],[-0.72515,52.23472]]},"properties":{"name":"Station Road","category":"tertiary","osm_type":"way","osm_id":"191667915"}},{"type":"Feature","geometry":{"type":"LineString","coordinates":[[-0.83477,52.45627],[-0.83286,52.4541],[-0.83118,52.45311]]},"properties":{"name":"Harborough Road","category":"secondary","osm_type":"way","osm_id":"192938707","ref":"B576"}},{"type":"Feature","geometry":{"type":"LineString","coordinates":[[-0.93514,52.46817],[-0.935,52.46828],[-0.93482,52.46819],[-0.93496,52.46809],[-0.93514,52.46817]]},"properties":{"name":"Farndon Road","category":"tertiary","osm_type":"way","osm_id":"192996493"}},{"type":"Feature","geometry":{"type":"LineString","coordinates":[[-0.93502,52.46809],[-0.93606,52.46694]]},"properties":{"name":"Farndon Road","category":"tertiary","osm_type":"way","osm_id":"192996494"}},{"type":"Feature","geometry":{"type":"LineString","coordinates":[[-0.90639,52.19381],[-0.90313,52.19303]]},"properties":{"name":"Ash Lane","category":"tertiary","osm_type":"way","osm_id":"193019066"}},{"type":"Feature","geometry":{"type":"LineString","coordinates":[[-0.71078,52.0162],[-0.70812,52.01607],[-0.70522,52.0165]]},"properties":{"name":"Simpson Road","category":"tertiary","osm_type":"way","osm_id":"193440821"}},{"type":"Feature","geometry":{"type":"LineString","coordinates":[[-0.46025,52.08818],[-0.4627,52.08694]]},"properties":{"name":"Southern Cross","category":"tertiary","osm_type":"way","osm_id":"193662530"}},{"type":"Feature","geometry":{"type":"LineString","coordinates":[[-0.49871,52.05429],[-0.49902,52.04945],[-0.49782,52.04602]]},"properties":{"name":"Hazelwood Lane","category":"secondary","osm_type":"way","osm_id":"193665679","ref":"B530"}},{"type":"Feature","geometry":{"type":"LineString","coordinates":[[-0.50517,52.00723],[-0.51245,52.01023]]},"properties":{"name":"Steppingley Road","category":"tertiary","osm_type":"way","osm_id":"193665683","ref":"C103"}},{"type":"Feature","geometry":{"type":"LineString","coordinates":[[-0.48882,52.07282],[-0.49052,52.07138]]},"properties":{"name":"Ampthill Road","category":"secondary","osm_type":"way","osm_id":"193665685","ref":"B530"}},{"type":"Feature","geometry":{"type":"LineString","coordinates":[[-0.86967,52.21686],[-0.86927,52.2168]]},"properties":{"name":"Caswell Road","category":"tertiary","osm_type":"way","osm_id":"196060202"}},{"type":"Feature","geometry":{"type":"LineString","coordinates":[[-0.86953,52.21665],[-0.86967,52.21686]]},"properties":{"name":"Caswell Road","category":"tertiary","osm_type":"way","osm_id":"196060203"}},{"type":"Feature","geometry":{"type":"LineString","coordinates":[[-0.86854,52.21606],[-0.8689,52.2162]]},"properties":{"name":"Gowerton Road","category":"tertiary","osm_type":"way","osm_id":"196060205"}},{"type":"Feature","geometry":{"type":"LineString","coordinates":[[-0.86854,52.21606],[-0.86566,52.21131]]},"properties":{"name":"Gowerton Road","category":"tertiary","osm_type":"way","osm_id":"196060208"}},{"type":"Feature","geometry":{"type":"LineString","coordinates":[[-0.70308,52.02261],[-0.70307,52.02289]]},"properties":{"name":"V10 Brickhill Street","category":"tertiary","osm_type":"way","osm_id":"198158441"}},{"type":"Feature","geometry":{"type":"LineString","coordinates":[[-0.74702,52.07756],[-0.74721,52.07775]]},"properties":{"name":"V10 Brickhill Street","category":"tertiary","osm_type":"way","osm_id":"198172441"}},{"type":"Feature","geometry":{"type":"LineString","coordinates":[[-0.74721,52.07775],[-0.74822,52.07878]]},"properties":{"name":"V10 Brickhill Street","category":"tertiary","osm_type":"way","osm_id":"198172443"}},{"type":"Feature","geometry":{"type":"LineString","coordinates":[[-0.59421,52.07565],[-0.59089,52.07601],[-0.58806,52.07569]]},"properties":{"name":"Bedford Road","category":"tertiary","osm_type":"way","osm_id":"198762883","ref":"C70"}},{"type":"Feature","geometry":{"type":"LineString","coordinates":[[-0.62011,52.06333],[-0.61818,52.06416]]},"properties":{"name":"C70","category":"tertiary","osm_type":"way","osm_id":"198762884","ref":"C70"}},{"type":"Feature","geometry":{"type":"LineString","coordinates":[[-0.62964,52.07463],[-0.63039,52.07343]]},"properties":{"name":"College Road","category":"tertiary","osm_type":"way","osm_id":"198762885"}},{"type":"Feature","geometry":{"type":"LineString","coordinates":[[-0.63432,52.06492],[-0.63399,52.06496]]},"properties":{"name":"Secondary and tertiary roads","category":"tertiary","osm_type":"way","osm_id":"198762897"}},{"type":"Feature","geometry":{"type":"LineString","coordinates":[[-0.63458,52.06732],[-0.63434,52.06715]]},"properties":{"name":"Secondary and tertiary roads","category":"tertiary","osm_type":"way","osm_id":"198762898"}},{"type":"Feature","geometry":{"type":"LineString","coordinates":[[-0.63168,52.0673],[-0.63178,52.0675]]},"properties":{"name":"Secondary and tertiary roads","category":"tertiary","osm_type":"way","osm_id":"198762899"}},{"type":"Feature","geometry":{"type":"LineString","coordinates":[[-0.62917,52.07484],[-0.62964,52.07463]]},"properties":{"name":"College Road","category":"tertiary","osm_type":"way","osm_id":"198762900"}},{"type":"Feature","geometry":{"type":"LineString","coordinates":[[-0.14773,52.0376],[-0.14896,52.03899]]},"properties":{"name":"Secondary and tertiary roads","category":"tertiary","osm_type":"way","osm_id":"200199022"}},{"type":"Feature","geometry":{"type":"LineString","coordinates":[[-0.13936,52.06798],[-0.13646,52.07473]]},"properties":{"name":"Ashwell Road","category":"tertiary","osm_type":"way","osm_id":"200199031"}},{"type":"Feature","geometry":{"type":"LineString","coordinates":[[-0.16453,52.11733],[-0.16469,52.11966],[-0.1663,52.12431],[-0.16566,52.12607],[-0.16569,52.12872],[-0.16837,52.12857],[-0.17015,52.12885]]},"properties":{"name":"Hatley Road","category":"tertiary","osm_type":"way","osm_id":"200199034"}},{"type":"Feature","geometry":{"type":"LineString","coordinates":[[-0.27375,52.43008],[-0.28044,52.43379],[-0.2841,52.43706],[-0.28451,52.43897]]},"properties":{"name":"Green End Road","category":"tertiary","osm_type":"way","osm_id":"200330336"}},{"type":"Feature","geometry":{"type":"LineString","coordinates":[[-0.28404,52.43976],[-0.28362,52.43948]]},"properties":{"name":"Secondary and tertiary roads","category":"tertiary","osm_type":"way","osm_id":"200330337"}},{"type":"Feature","geometry":{"type":"LineString","coordinates":[[-0.28362,52.43948],[-0.28345,52.43938]]},"properties":{"name":"Secondary and tertiary roads","category":"tertiary","osm_type":"way","osm_id":"200330338"}},{"type":"Feature","geometry":{"type":"LineString","coordinates":[[-0.28439,52.43922],[-0.28433,52.43968]]},"properties":{"name":"High Street","category":"tertiary","osm_type":"way","osm_id":"200330339"}},{"type":"Feature","geometry":{"type":"LineString","coordinates":[[-0.28433,52.43968],[-0.28432,52.43994]]},"properties":{"name":"High Street","category":"tertiary","osm_type":"way","osm_id":"200330341"}},{"type":"Feature","geometry":{"type":"LineString","coordinates":[[-0.28364,52.43934],[-0.28413,52.43916]]},"properties":{"name":"Secondary and tertiary roads","category":"tertiary","osm_type":"way","osm_id":"200330345"}},{"type":"Feature","geometry":{"type":"LineString","coordinates":[[-0.28413,52.43916],[-0.28444,52.43901]]},"properties":{"name":"Secondary and tertiary roads","category":"tertiary","osm_type":"way","osm_id":"200330346"}},{"type":"Feature","geometry":{"type":"LineString","coordinates":[[-0.27214,52.42971],[-0.27196,52.42949]]},"properties":{"name":"Bill Hall Way","category":"tertiary","osm_type":"way","osm_id":"200330347"}},{"type":"Feature","geometry":{"type":"LineString","coordinates":[[-0.85241,52.04762],[-0.85249,52.04757]]},"properties":{"name":"Secondary and tertiary roads","category":"tertiary","osm_type":"way","osm_id":"200516340"}},{"type":"Feature","geometry":{"type":"LineString","coordinates":[[-0.85249,52.04757],[-0.85265,52.04747]]},"properties":{"name":"Secondary and tertiary roads","category":"tertiary","osm_type":"way","osm_id":"200516342"}},{"type":"Feature","geometry":{"type":"LineString","coordinates":[[-0.85224,52.04813],[-0.85241,52.04762]]},"properties":{"name":"Secondary and tertiary roads","category":"tertiary","osm_type":"way","osm_id":"200594192"}},{"type":"Feature","geometry":{"type":"LineString","coordinates":[[-0.3225,52.10094],[-0.32306,52.10567]]},"properties":{"name":"Ickwell Road","category":"tertiary","osm_type":"way","osm_id":"203286775"}},{"type":"Feature","geometry":{"type":"LineString","coordinates":[[-0.38683,52.15215],[-0.38702,52.1523]]},"properties":{"name":"Water End","category":"tertiary","osm_type":"way","osm_id":"203866655"}},{"type":"Feature","geometry":{"type":"LineString","coordinates":[[-0.41901,52.12385],[-0.4191,52.12337]]},"properties":{"name":"Bedford Road","category":"tertiary","osm_type":"way","osm_id":"203897147","ref":"C156"}},{"type":"Feature","geometry":{"type":"LineString","coordinates":[[-0.50404,52.10505],[-0.50372,52.10491]]},"properties":{"name":"Woburn Road","category":"secondary","osm_type":"way","osm_id":"203920276","ref":"B531"}},{"type":"Feature","geometry":{"type":"LineString","coordinates":[[-0.50293,52.10494],[-0.50372,52.10491]]},"properties":{"name":"Woburn Road","category":"secondary","osm_type":"way","osm_id":"203920278","ref":"B531"}},{"type":"Feature","geometry":{"type":"LineString","coordinates":[[-0.50242,52.10552],[-0.49878,52.11005]]},"properties":{"name":"Woburn Road","category":"secondary","osm_type":"way","osm_id":"203920281","ref":"B531"}},{"type":"Feature","geometry":{"type":"LineString","coordinates":[[-0.45738,52.08839],[-0.45674,52.08789],[-0.45612,52.08516],[-0.4518,52.08309],[-0.44866,52.08057]]},"properties":{"name":"Bedford Road","category":"tertiary","osm_type":"way","osm_id":"203971440","ref":"C127"}},{"type":"Feature","geometry":{"type":"LineString","coordinates":[[-0.51306,52.09295],[-0.5135,52.09294]]},"properties":{"name":"Fields Road","category":"tertiary","osm_type":"way","osm_id":"203972019"}},{"type":"Feature","geometry":{"type":"LineString","coordinates":[[-0.51345,52.09316],[-0.51306,52.09295]]},"properties":{"name":"Fields Road","category":"tertiary","osm_type":"way","osm_id":"203972022"}},{"type":"Feature","geometry":{"type":"LineString","coordinates":[[-0.51376,52.09205],[-0.51214,52.09226]]},"properties":{"name":"Fields Road","category":"tertiary","osm_type":"way","osm_id":"203972167"}},{"type":"Feature","geometry":{"type":"LineString","coordinates":[[-0.51528,52.0922],[-0.51503,52.09216]]},"properties":{"name":"Fields Road","category":"tertiary","osm_type":"way","osm_id":"203972168"}},{"type":"Feature","geometry":{"type":"LineString","coordinates":[[-0.51503,52.09216],[-0.51454,52.0921]]},"properties":{"name":"Fields Road","category":"tertiary","osm_type":"way","osm_id":"203972170"}},{"type":"Feature","geometry":{"type":"LineString","coordinates":[[-0.55509,52.06687],[-0.55548,52.06699]]},"properties":{"name":"Secondary and tertiary roads","category":"tertiary","osm_type":"way","osm_id":"203973225"}},{"type":"Feature","geometry":{"type":"LineString","coordinates":[[-0.55548,52.06699],[-0.55809,52.06758],[-0.55961,52.06864]]},"properties":{"name":"C77","category":"tertiary","osm_type":"way","osm_id":"203973227","ref":"C77"}},{"type":"Feature","geometry":{"type":"LineString","coordinates":[[-0.71259,52.05557],[-0.71217,52.05492]]},"properties":{"name":"V11 Tongwell Street","category":"tertiary","osm_type":"way","osm_id":"204214832"}},{"type":"Feature","geometry":{"type":"LineString","coordinates":[[-0.70755,52.03208],[-0.70767,52.03224]]},"properties":{"name":"V10 Brickhill Street","category":"tertiary","osm_type":"way","osm_id":"204279020"}},{"type":"Feature","geometry":{"type":"LineString","coordinates":[[-0.70687,52.03138],[-0.70696,52.03094]]},"properties":{"name":"V10 Brickhill Street","category":"tertiary","osm_type":"way","osm_id":"204279022"}},{"type":"Feature","geometry":{"type":"LineString","coordinates":[[-0.67925,52.03238],[-0.67906,52.03257]]},"properties":{"name":"H9 Groveway","category":"tertiary","osm_type":"way","osm_id":"204279023"}},{"type":"Feature","geometry":{"type":"LineString","coordinates":[[-0.6775,52.03192],[-0.67393,52.02973]]},"properties":{"name":"Newport Road","category":"tertiary","osm_type":"way","osm_id":"204279030"}},{"type":"Feature","geometry":{"type":"LineString","coordinates":[[-0.73765,52.02093],[-0.73644,52.02034]]},"properties":{"name":"V7 Saxon Street","category":"secondary","osm_type":"way","osm_id":"204280727","ref":"B4034"}},{"type":"Feature","geometry":{"type":"LineString","coordinates":[[-0.73972,52.0222],[-0.74029,52.02268]]},"properties":{"name":"V7 Saxon Street","category":"tertiary","osm_type":"way","osm_id":"204280729"}},{"type":"Feature","geometry":{"type":"LineString","coordinates":[[-0.75156,52.01279],[-0.75172,52.01284]]},"properties":{"name":"V4 Watling Street","category":"tertiary","osm_type":"way","osm_id":"204280760"}},{"type":"Feature","geometry":{"type":"LineString","coordinates":[[-0.70372,52.04694],[-0.70456,52.04676]]},"properties":{"name":"Dalton Gate","category":"tertiary_link","osm_type":"way","osm_id":"204305497"}},{"type":"Feature","geometry":{"type":"LineString","coordinates":[[-0.72336,52.04693],[-0.72352,52.04658]]},"properties":{"name":"V10 Brickhill Street","category":"tertiary","osm_type":"way","osm_id":"204305502"}},{"type":"Feature","geometry":{"type":"LineString","coordinates":[[-0.72383,52.04735],[-0.72359,52.0477]]},"properties":{"name":"V10 Brickhill Street","category":"tertiary","osm_type":"way","osm_id":"204305507"}},{"type":"Feature","geometry":{"type":"LineString","coordinates":[[-0.72352,52.04658],[-0.72152,52.04448]]},"properties":{"name":"V10 Brickhill Street","category":"tertiary","osm_type":"way","osm_id":"204305508"}},{"type":"Feature","geometry":{"type":"LineString","coordinates":[[-0.74027,52.05418],[-0.74174,52.05594]]},"properties":{"name":"V9 Overstreet","category":"tertiary","osm_type":"way","osm_id":"204440628"}},{"type":"Feature","geometry":{"type":"LineString","coordinates":[[-0.68399,52.01881],[-0.68381,52.01888]]},"properties":{"name":"H10 Bletcham Way","category":"tertiary","osm_type":"way","osm_id":"204455033"}},{"type":"Feature","geometry":{"type":"LineString","coordinates":[[-0.68416,52.01852],[-0.68394,52.01822]]},"properties":{"name":"V11 Tongwell Street","category":"tertiary","osm_type":"way","osm_id":"204455035"}},{"type":"Feature","geometry":{"type":"LineString","coordinates":[[-0.714,52.0073],[-0.7162,52.00653]]},"properties":{"name":"H10 Bletcham Way","category":"tertiary","osm_type":"way","osm_id":"204464852"}},{"type":"Feature","geometry":{"type":"LineString","coordinates":[[-0.72321,52.00467],[-0.72229,52.00481]]},"properties":{"name":"H10 Bletcham Way","category":"tertiary","osm_type":"way","osm_id":"204468880"}},{"type":"Feature","geometry":{"type":"LineString","coordinates":[[-0.72229,52.00481],[-0.72546,52.0043]]},"properties":{"name":"H10 Bletcham Way","category":"tertiary","osm_type":"way","osm_id":"204468881"}},{"type":"Feature","geometry":{"type":"LineString","coordinates":[[-0.71994,52.0054],[-0.71964,52.00539]]},"properties":{"name":"H10 Bletcham Way","category":"tertiary","osm_type":"way","osm_id":"204468885"}},{"type":"Feature","geometry":{"type":"LineString","coordinates":[[-0.00641,52.2191],[-0.01191,52.21858],[-0.01722,52.2188]]},"properties":{"name":"St Neots Road","category":"tertiary","osm_type":"way","osm_id":"204492311"}},{"type":"Feature","geometry":{"type":"LineString","coordinates":[[-0.69274,52.10191],[-0.693,52.10212]]},"properties":{"name":"Secondary and tertiary roads","category":"tertiary","osm_type":"way","osm_id":"204782369"}},{"type":"Feature","geometry":{"type":"LineString","coordinates":[[-0.73952,52.06697],[-0.73963,52.06706]]},"properties":{"name":"V10 Brickhill Street","category":"tertiary","osm_type":"way","osm_id":"204783382"}},{"type":"Feature","geometry":{"type":"LineString","coordinates":[[-0.7388,52.06661],[-0.73859,52.06635]]},"properties":{"name":"V10 Brickhill Street","category":"tertiary","osm_type":"way","osm_id":"204783383"}},{"type":"Feature","geometry":{"type":"LineString","coordinates":[[-0.75833,52.06172],[-0.75822,52.06206]]},"properties":{"name":"V8 Marlborough Street","category":"tertiary","osm_type":"way","osm_id":"204783384"}},{"type":"Feature","geometry":{"type":"LineString","coordinates":[[-0.70716,52.07747],[-0.70679,52.0773]]},"properties":{"name":"London Road","category":"secondary","osm_type":"way","osm_id":"204783391","ref":"B526"}},{"type":"Feature","geometry":{"type":"LineString","coordinates":[[-0.73859,52.06635],[-0.73831,52.06619]]},"properties":{"name":"V10 Brickhill Street","category":"tertiary","osm_type":"way","osm_id":"204783393"}},{"type":"Feature","geometry":{"type":"LineString","coordinates":[[-0.70721,52.07718],[-0.70732,52.07758]]},"properties":{"name":"London Road","category":"secondary","osm_type":"way","osm_id":"204783396","ref":"B526"}},{"type":"Feature","geometry":{"type":"LineString","coordinates":[[-0.74781,52.0633],[-0.74816,52.06352]]},"properties":{"name":"V9 Overstreet","category":"tertiary","osm_type":"way","osm_id":"204783397"}},{"type":"Feature","geometry":{"type":"LineString","coordinates":[[-0.22081,52.31697],[-0.22107,52.31671]]},"properties":{"name":"Buckden Road","category":"secondary","osm_type":"way","osm_id":"204863907","ref":"B1514"}},{"type":"Feature","geometry":{"type":"LineString","coordinates":[[-0.22107,52.31671],[-0.22101,52.317]]},"properties":{"name":"Buckden Road","category":"secondary","osm_type":"way","osm_id":"204863911","ref":"B1514"}},{"type":"Feature","geometry":{"type":"LineString","coordinates":[[-0.22057,52.31777],[-0.22012,52.31974]]},"properties":{"name":"Buckden Road","category":"secondary","osm_type":"way","osm_id":"204863912","ref":"B1514"}},{"type":"Feature","geometry":{"type":"LineString","coordinates":[[-0.22107,52.31671],[-0.22368,52.31476]]},"properties":{"name":"Buckden Road","category":"secondary","osm_type":"way","osm_id":"204863914","ref":"B1514"}},{"type":"Feature","geometry":{"type":"LineString","coordinates":[[-0.22058,52.31756],[-0.2207,52.31714]]},"properties":{"name":"Buckden Road","category":"secondary","osm_type":"way","osm_id":"204863916","ref":"B1514"}},{"type":"Feature","geometry":{"type":"LineString","coordinates":[[-0.22088,52.3172],[-0.22058,52.31756]]},"properties":{"name":"Buckden Road","category":"secondary","osm_type":"way","osm_id":"204863917","ref":"B1514"}},{"type":"Feature","geometry":{"type":"LineString","coordinates":[[-0.7893,52.05894],[-0.78915,52.05874]]},"properties":{"name":"V6 Grafton Street","category":"tertiary","osm_type":"way","osm_id":"204897864"}},{"type":"Feature","geometry":{"type":"LineString","coordinates":[[-0.80237,52.0657],[-0.80232,52.06557]]},"properties":{"name":"V6 Grafton Street","category":"tertiary","osm_type":"way","osm_id":"204897865"}},{"type":"Feature","geometry":{"type":"LineString","coordinates":[[-0.77625,52.04195],[-0.77609,52.04173]]},"properties":{"name":"V6 Grafton Street","category":"tertiary","osm_type":"way","osm_id":"204897869"}},{"type":"Feature","geometry":{"type":"LineString","coordinates":[[-0.77649,52.04188],[-0.77635,52.04209]]},"properties":{"name":"Secondary and tertiary roads","category":"tertiary_link","osm_type":"way","osm_id":"204897871"}},{"type":"Feature","geometry":{"type":"LineString","coordinates":[[-0.80259,52.06643],[-0.80343,52.06743],[-0.80484,52.06801]]},"properties":{"name":"Haversham Road","category":"tertiary","osm_type":"way","osm_id":"204897873"}},{"type":"Feature","geometry":{"type":"LineString","coordinates":[[-0.77893,52.04617],[-0.7784,52.04625]]},"properties":{"name":"H4 Dansteed Way","category":"tertiary","osm_type":"way","osm_id":"204897877"}},{"type":"Feature","geometry":{"type":"LineString","coordinates":[[-0.78944,52.05913],[-0.7893,52.05894]]},"properties":{"name":"V6 Grafton Street","category":"tertiary","osm_type":"way","osm_id":"204897878"}},{"type":"Feature","geometry":{"type":"LineString","coordinates":[[-0.80226,52.066],[-0.80237,52.0657]]},"properties":{"name":"V6 Grafton Street","category":"tertiary","osm_type":"way","osm_id":"204897880"}},{"type":"Feature","geometry":{"type":"LineString","coordinates":[[-0.74456,52.04143],[-0.74941,52.03924]]},"properties":{"name":"H6 Childs Way","category":"tertiary","osm_type":"way","osm_id":"204909309"}},{"type":"Feature","geometry":{"type":"LineString","coordinates":[[-0.73645,52.03542],[-0.73688,52.03522]]},"properties":{"name":"H7 Chaffron Way","category":"tertiary","osm_type":"way","osm_id":"204909310"}},{"type":"Feature","geometry":{"type":"LineString","coordinates":[[-0.75211,52.04989],[-0.75165,52.04953]]},"properties":{"name":"V8 Marlborough Street","category":"secondary","osm_type":"way","osm_id":"204909314","ref":"B4034"}},{"type":"Feature","geometry":{"type":"LineString","coordinates":[[-0.7358,52.03592],[-0.73522,52.03595]]},"properties":{"name":"H7 Chaffron Way","category":"tertiary","osm_type":"way","osm_id":"204909325"}},{"type":"Feature","geometry":{"type":"LineString","coordinates":[[-0.7539,52.05452],[-0.75439,52.0546]]},"properties":{"name":"H4 Dansteed Way","category":"tertiary","osm_type":"way","osm_id":"204909753"}},{"type":"Feature","geometry":{"type":"LineString","coordinates":[[-0.75333,52.05485],[-0.75285,52.05478]]},"properties":{"name":"H4 Dansteed Way","category":"tertiary","osm_type":"way","osm_id":"204909755"}},{"type":"Feature","geometry":{"type":"LineString","coordinates":[[-0.75285,52.05478],[-0.75277,52.0548]]},"properties":{"name":"H4 Dansteed Way","category":"tertiary","osm_type":"way","osm_id":"204909756"}},{"type":"Feature","geometry":{"type":"LineString","coordinates":[[-0.75439,52.0546],[-0.75442,52.05459]]},"properties":{"name":"H4 Dansteed Way","category":"tertiary","osm_type":"way","osm_id":"204909758"}},{"type":"Feature","geometry":{"type":"LineString","coordinates":[[-0.77648,52.06696],[-0.77653,52.06714]]},"properties":{"name":"Saxon Street","category":"tertiary","osm_type":"way","osm_id":"204914896"}},{"type":"Feature","geometry":{"type":"LineString","coordinates":[[-0.77586,52.06677],[-0.7757,52.06642]]},"properties":{"name":"V7 Saxon Street","category":"tertiary","osm_type":"way","osm_id":"204914897"}},{"type":"Feature","geometry":{"type":"LineString","coordinates":[[-0.77566,52.0671],[-0.77275,52.06813]]},"properties":{"name":"V8 Marlborough Street","category":"tertiary","osm_type":"way","osm_id":"204914902"}},{"type":"Feature","geometry":{"type":"LineString","coordinates":[[-0.732,52.01542],[-0.7319,52.01497]]},"properties":{"name":"V7 Saxon Street","category":"secondary","osm_type":"way","osm_id":"205105345","ref":"B4034"}},{"type":"Feature","geometry":{"type":"LineString","coordinates":[[-0.73191,52.01576],[-0.732,52.01542]]},"properties":{"name":"V7 Saxon Street","category":"secondary","osm_type":"way","osm_id":"205105346","ref":"B4034"}},{"type":"Feature","geometry":{"type":"LineString","coordinates":[[-0.73245,52.01604],[-0.73235,52.01635]]},"properties":{"name":"V7 Saxon Street","category":"secondary","osm_type":"way","osm_id":"205105349","ref":"B4034"}},{"type":"Feature","geometry":{"type":"LineString","coordinates":[[-0.74861,52.07895],[-0.74909,52.07897]]},"properties":{"name":"Wolverton Road","category":"tertiary","osm_type":"way","osm_id":"205106777"}},{"type":"Feature","geometry":{"type":"LineString","coordinates":[[-0.74779,52.07939],[-0.74149,52.08217]]},"properties":{"name":"Wolverton Road","category":"tertiary","osm_type":"way","osm_id":"205107080"}},{"type":"Feature","geometry":{"type":"LineString","coordinates":[[-0.74825,52.07907],[-0.74822,52.07878]]},"properties":{"name":"V10 Brickhill Street","category":"tertiary","osm_type":"way","osm_id":"205107085"}},{"type":"Feature","geometry":{"type":"LineString","coordinates":[[-0.695,52.01161],[-0.69506,52.01179]]},"properties":{"name":"V10 Brickhill Street","category":"tertiary","osm_type":"way","osm_id":"205877198"}},{"type":"Feature","geometry":{"type":"LineString","coordinates":[[-0.69559,52.01268],[-0.69542,52.01259]]},"properties":{"name":"V10 Brickhill Street","category":"tertiary","osm_type":"way","osm_id":"205877199"}},{"type":"Feature","geometry":{"type":"LineString","coordinates":[[-0.69592,52.01319],[-0.69661,52.01399]]},"properties":{"name":"V10 Brickhill Street","category":"tertiary","osm_type":"way","osm_id":"205877200"}},{"type":"Feature","geometry":{"type":"LineString","coordinates":[[-0.69506,52.01179],[-0.6951,52.01191]]},"properties":{"name":"V10 Brickhill Street","category":"tertiary","osm_type":"way","osm_id":"205877202"}},{"type":"Feature","geometry":{"type":"LineString","coordinates":[[-0.69562,52.01248],[-0.69561,52.01254]]},"properties":{"name":"V10 Brickhill Street","category":"tertiary","osm_type":"way","osm_id":"205877203"}},{"type":"Feature","geometry":{"type":"LineString","coordinates":[[-0.70424,52.02507],[-0.7049,52.02611]]},"properties":{"name":"V10 Brickhill Street","category":"tertiary","osm_type":"way","osm_id":"205877486"}},{"type":"Feature","geometry":{"type":"LineString","coordinates":[[-0.7061,52.02743],[-0.70659,52.02847]]},"properties":{"name":"V10 Brickhill Street","category":"tertiary","osm_type":"way","osm_id":"205877487"}},{"type":"Feature","geometry":{"type":"LineString","coordinates":[[-0.70378,52.02431],[-0.70403,52.02453]]},"properties":{"name":"V10 Brickhill Street","category":"tertiary","osm_type":"way","osm_id":"205877489"}},{"type":"Feature","geometry":{"type":"LineString","coordinates":[[-0.7049,52.02611],[-0.70574,52.027]]},"properties":{"name":"V10 Brickhill Street","category":"tertiary","osm_type":"way","osm_id":"205877490"}},{"type":"Feature","geometry":{"type":"LineString","coordinates":[[-0.70323,52.02325],[-0.70378,52.02431]]},"properties":{"name":"V10 Brickhill Street","category":"tertiary","osm_type":"way","osm_id":"205877491"}},{"type":"Feature","geometry":{"type":"LineString","coordinates":[[-0.70315,52.02305],[-0.70323,52.02325]]},"properties":{"name":"V10 Brickhill Street","category":"tertiary","osm_type":"way","osm_id":"205877492"}},{"type":"Feature","geometry":{"type":"LineString","coordinates":[[-0.70424,52.02507],[-0.70397,52.02483]]},"properties":{"name":"V10 Brickhill Street","category":"tertiary","osm_type":"way","osm_id":"205877493"}},{"type":"Feature","geometry":{"type":"LineString","coordinates":[[-0.70382,52.02457],[-0.70378,52.02431]]},"properties":{"name":"V10 Brickhill Street","category":"tertiary","osm_type":"way","osm_id":"205877494"}},{"type":"Feature","geometry":{"type":"LineString","coordinates":[[-0.70266,52.02196],[-0.7028,52.02213]]},"properties":{"name":"V10 Brickhill Street","category":"tertiary","osm_type":"way","osm_id":"205877495"}},{"type":"Feature","geometry":{"type":"LineString","coordinates":[[-0.70659,52.02847],[-0.70665,52.02865]]},"properties":{"name":"V10 Brickhill Street","category":"tertiary","osm_type":"way","osm_id":"205877496"}},{"type":"Feature","geometry":{"type":"LineString","coordinates":[[-0.70643,52.02869],[-0.70659,52.02847]]},"properties":{"name":"V10 Brickhill Street","category":"tertiary","osm_type":"way","osm_id":"205877497"}},{"type":"Feature","geometry":{"type":"LineString","coordinates":[[-0.70924,52.03718],[-0.70974,52.03742]]},"properties":{"name":"V10 Brickhill Street","category":"tertiary","osm_type":"way","osm_id":"205880399"}},{"type":"Feature","geometry":{"type":"LineString","coordinates":[[-0.70675,52.02919],[-0.7069,52.03076]]},"properties":{"name":"V10 Brickhill Street","category":"tertiary","osm_type":"way","osm_id":"205880403"}},{"type":"Feature","geometry":{"type":"LineString","coordinates":[[-0.70919,52.03709],[-0.70924,52.03718]]},"properties":{"name":"V10 Brickhill Street","category":"tertiary","osm_type":"way","osm_id":"205880405"}},{"type":"Feature","geometry":{"type":"LineString","coordinates":[[-0.7341,52.06268],[-0.73641,52.06184]]},"properties":{"name":"H4 Dansteed Way","category":"tertiary","osm_type":"way","osm_id":"205880407"}},{"type":"Feature","geometry":{"type":"LineString","coordinates":[[-0.73379,52.06302],[-0.73388,52.06338]]},"properties":{"name":"V10 Brickhill Street","category":"tertiary","osm_type":"way","osm_id":"205880409"}},{"type":"Feature","geometry":{"type":"LineString","coordinates":[[-0.7091,52.03689],[-0.70919,52.03709]]},"properties":{"name":"V10 Brickhill Street","category":"tertiary","osm_type":"way","osm_id":"205880411"}},{"type":"Feature","geometry":{"type":"LineString","coordinates":[[-0.7093,52.03752],[-0.70924,52.03718]]},"properties":{"name":"V10 Brickhill Street","category":"tertiary","osm_type":"way","osm_id":"205880412"}},{"type":"Feature","geometry":{"type":"LineString","coordinates":[[-0.72559,52.04947],[-0.72534,52.04937]]},"properties":{"name":"V10 Brickhill Street","category":"tertiary","osm_type":"way","osm_id":"205880413"}},{"type":"Feature","geometry":{"type":"LineString","coordinates":[[-0.72551,52.04928],[-0.72575,52.04954]]},"properties":{"name":"V10 Brickhill Street","category":"tertiary","osm_type":"way","osm_id":"205880415"}},{"type":"Feature","geometry":{"type":"LineString","coordinates":[[-0.70992,52.03774],[-0.71003,52.03814]]},"properties":{"name":"V10 Brickhill Street","category":"tertiary","osm_type":"way","osm_id":"205880416"}},{"type":"Feature","geometry":{"type":"LineString","coordinates":[[-0.71003,52.03814],[-0.70958,52.03784]]},"properties":{"name":"V10 Brickhill Street","category":"tertiary","osm_type":"way","osm_id":"205880417"}},{"type":"Feature","geometry":{"type":"LineString","coordinates":[[-0.72488,52.04903],[-0.72528,52.04913]]},"properties":{"name":"V10 Brickhill Street","category":"tertiary","osm_type":"way","osm_id":"205880418"}},{"type":"Feature","geometry":{"type":"LineString","coordinates":[[-0.73354,52.06268],[-0.73386,52.06269]]},"properties":{"name":"H4 Dansteed Way","category":"tertiary","osm_type":"way","osm_id":"205880419"}},{"type":"Feature","geometry":{"type":"LineString","coordinates":[[-0.72488,52.04903],[-0.72359,52.0477]]},"properties":{"name":"V10 Brickhill Street","category":"tertiary","osm_type":"way","osm_id":"205880420"}},{"type":"Feature","geometry":{"type":"LineString","coordinates":[[-0.73527,52.0644],[-0.73388,52.06338]]},"properties":{"name":"V10 Brickhill Street","category":"tertiary","osm_type":"way","osm_id":"205880755"}},{"type":"Feature","geometry":{"type":"LineString","coordinates":[[-0.73553,52.06457],[-0.73527,52.0644]]},"properties":{"name":"V10 Brickhill Street","category":"tertiary","osm_type":"way","osm_id":"205880756"}},{"type":"Feature","geometry":{"type":"LineString","coordinates":[[-0.67601,52.03813],[-0.67623,52.0394],[-0.67781,52.04077]]},"properties":{"name":"Newport Road","category":"tertiary","osm_type":"way","osm_id":"205937746"}},{"type":"Feature","geometry":{"type":"LineString","coordinates":[[-0.67864,52.04147],[-0.67891,52.0417]]},"properties":{"name":"Newport Road","category":"tertiary","osm_type":"way","osm_id":"205938208"}},{"type":"Feature","geometry":{"type":"LineString","coordinates":[[-0.67891,52.0417],[-0.67986,52.04268]]},"properties":{"name":"Newport Road","category":"tertiary","osm_type":"way","osm_id":"205938209"}},{"type":"Feature","geometry":{"type":"LineString","coordinates":[[-0.67781,52.04077],[-0.67864,52.04147]]},"properties":{"name":"Newport Road","category":"tertiary","osm_type":"way","osm_id":"205938210"}},{"type":"Feature","geometry":{"type":"LineString","coordinates":[[-0.68462,52.04794],[-0.69037,52.04916],[-0.6933,52.0505]]},"properties":{"name":"Newport Road","category":"tertiary","osm_type":"way","osm_id":"205939122"}},{"type":"Feature","geometry":{"type":"LineString","coordinates":[[-0.7094,52.0378],[-0.70883,52.03769]]},"properties":{"name":"H7 Chaffron Way","category":"tertiary","osm_type":"way","osm_id":"205940292"}},{"type":"Feature","geometry":{"type":"LineString","coordinates":[[-0.69953,52.03876],[-0.69525,52.03997]]},"properties":{"name":"H7 Chaffron Way","category":"tertiary","osm_type":"way","osm_id":"205940293"}},{"type":"Feature","geometry":{"type":"LineString","coordinates":[[-0.68851,52.04162],[-0.68886,52.04161]]},"properties":{"name":"H7 Chaffron Way","category":"tertiary","osm_type":"way","osm_id":"205940294"}},{"type":"Feature","geometry":{"type":"LineString","coordinates":[[-0.71063,52.03753],[-0.71494,52.03724]]},"properties":{"name":"H7 Chaffron Way","category":"tertiary","osm_type":"way","osm_id":"205940295"}},{"type":"Feature","geometry":{"type":"LineString","coordinates":[[-0.70517,52.0379],[-0.70152,52.03835]]},"properties":{"name":"H7 Chaffron Way","category":"tertiary","osm_type":"way","osm_id":"205940297"}},{"type":"Feature","geometry":{"type":"LineString","coordinates":[[-0.70555,52.03787],[-0.70517,52.0379]]},"properties":{"name":"H7 Chaffron Way","category":"tertiary","osm_type":"way","osm_id":"205940301"}},{"type":"Feature","geometry":{"type":"LineString","coordinates":[[-0.69989,52.03868],[-0.69953,52.03876]]},"properties":{"name":"H7 Chaffron Way","category":"tertiary","osm_type":"way","osm_id":"205940302"}},{"type":"Feature","geometry":{"type":"LineString","coordinates":[[-0.70883,52.03769],[-0.70868,52.03769]]},"properties":{"name":"H7 Chaffron Way","category":"tertiary","osm_type":"way","osm_id":"205940306"}},{"type":"Feature","geometry":{"type":"LineString","coordinates":[[-0.70883,52.03769],[-0.70928,52.03756]]},"properties":{"name":"H7 Chaffron Way","category":"tertiary","osm_type":"way","osm_id":"205940307"}},{"type":"Feature","geometry":{"type":"LineString","coordinates":[[-0.69498,52.04004],[-0.69485,52.04008]]},"properties":{"name":"H7 Chaffron Way","category":"tertiary","osm_type":"way","osm_id":"205940311"}},{"type":"Feature","geometry":{"type":"LineString","coordinates":[[-0.70135,52.03838],[-0.70094,52.0387]]},"properties":{"name":"Claridge Drive","category":"tertiary_link","osm_type":"way","osm_id":"205940313"}},{"type":"Feature","geometry":{"type":"LineString","coordinates":[[-0.70988,52.03748],[-0.71063,52.03753]]},"properties":{"name":"H7 Chaffron Way","category":"tertiary","osm_type":"way","osm_id":"205940314"}},{"type":"Feature","geometry":{"type":"LineString","coordinates":[[-0.69485,52.04008],[-0.69433,52.04048]]},"properties":{"name":"H7 Chaffron Way","category":"tertiary","osm_type":"way","osm_id":"205940316"}},{"type":"Feature","geometry":{"type":"LineString","coordinates":[[-0.71063,52.03753],[-0.70995,52.0377]]},"properties":{"name":"H7 Chaffron Way","category":"tertiary","osm_type":"way","osm_id":"205940317"}},{"type":"Feature","geometry":{"type":"LineString","coordinates":[[-0.69525,52.03997],[-0.69498,52.04004]]},"properties":{"name":"H7 Chaffron Way","category":"tertiary","osm_type":"way","osm_id":"205940318"}},{"type":"Feature","geometry":{"type":"LineString","coordinates":[[-0.76189,52.02299],[-0.76051,52.02376]]},"properties":{"name":"H7 Chaffron Way","category":"tertiary","osm_type":"way","osm_id":"205942153"}},{"type":"Feature","geometry":{"type":"LineString","coordinates":[[-0.76474,52.02131],[-0.76467,52.02168]]},"properties":{"name":"Davy Avenue","category":"tertiary_link","osm_type":"way","osm_id":"205942158"}},{"type":"Feature","geometry":{"type":"LineString","coordinates":[[-0.76313,52.02234],[-0.76189,52.02299]]},"properties":{"name":"H7 Chaffron Way","category":"tertiary","osm_type":"way","osm_id":"205942159"}},{"type":"Feature","geometry":{"type":"LineString","coordinates":[[-0.76769,52.01928],[-0.76722,52.01938]]},"properties":{"name":"H7 Chaffron Way","category":"tertiary","osm_type":"way","osm_id":"205943917"}},{"type":"Feature","geometry":{"type":"LineString","coordinates":[[-0.77806,52.01175],[-0.7778,52.01208]]},"properties":{"name":"H7 Chaffron Way","category":"tertiary","osm_type":"way","osm_id":"205943922"}},{"type":"Feature","geometry":{"type":"LineString","coordinates":[[-0.77746,52.01229],[-0.77702,52.01241]]},"properties":{"name":"H7 Chaffron Way","category":"tertiary","osm_type":"way","osm_id":"205943926"}},{"type":"Feature","geometry":{"type":"LineString","coordinates":[[-0.78909,52.00478],[-0.78872,52.00492]]},"properties":{"name":"H7 Chaffron Way","category":"tertiary","osm_type":"way","osm_id":"205943927"}},{"type":"Feature","geometry":{"type":"LineString","coordinates":[[-0.77702,52.01241],[-0.77711,52.0121]]},"properties":{"name":"H7 Chaffron Way","category":"tertiary","osm_type":"way","osm_id":"205943929"}},{"type":"Feature","geometry":{"type":"LineString","coordinates":[[-0.77753,52.01187],[-0.77806,52.01175]]},"properties":{"name":"H7 Chaffron Way","category":"tertiary","osm_type":"way","osm_id":"205943930"}},{"type":"Feature","geometry":{"type":"LineString","coordinates":[[-0.78931,52.00427],[-0.78983,52.00425]]},"properties":{"name":"Chaffron Way","category":"tertiary","osm_type":"way","osm_id":"205943931"}},{"type":"Feature","geometry":{"type":"LineString","coordinates":[[-0.78872,52.00492],[-0.7888,52.00464]]},"properties":{"name":"H7 Chaffron Way","category":"tertiary","osm_type":"way","osm_id":"205943932"}},{"type":"Feature","geometry":{"type":"LineString","coordinates":[[-0.76722,52.01938],[-0.76733,52.01911]]},"properties":{"name":"H7 Chaffron Way","category":"tertiary","osm_type":"way","osm_id":"205943935"}},{"type":"Feature","geometry":{"type":"LineString","coordinates":[[-0.79266,52.00303],[-0.79291,52.0026]]},"properties":{"name":"Secondary and tertiary roads","category":"tertiary_link","osm_type":"way","osm_id":"205943937"}},{"type":"Feature","geometry":{"type":"LineString","coordinates":[[-0.7677,52.01884],[-0.76813,52.01875]]},"properties":{"name":"H7 Chaffron Way","category":"tertiary","osm_type":"way","osm_id":"205943939"}},{"type":"Feature","geometry":{"type":"LineString","coordinates":[[-0.76722,52.01938],[-0.76688,52.01968]]},"properties":{"name":"H7 Chaffron Way","category":"tertiary","osm_type":"way","osm_id":"205943940"}},{"type":"Feature","geometry":{"type":"LineString","coordinates":[[-0.79474,52.00187],[-0.79453,52.00204]]},"properties":{"name":"H7 Chaffron Way","category":"tertiary","osm_type":"way","osm_id":"205943944"}},{"type":"Feature","geometry":{"type":"LineString","coordinates":[[-0.78872,52.00492],[-0.78575,52.00684]]},"properties":{"name":"H7 Chaffron Way","category":"tertiary","osm_type":"way","osm_id":"205943947"}},{"type":"Feature","geometry":{"type":"LineString","coordinates":[[-0.79453,52.00204],[-0.79259,52.00306]]},"properties":{"name":"H7 Chaffron Way","category":"tertiary","osm_type":"way","osm_id":"205943951"}},{"type":"Feature","geometry":{"type":"LineString","coordinates":[[-0.76813,52.01875],[-0.76803,52.01903]]},"properties":{"name":"H7 Chaffron Way","category":"tertiary","osm_type":"way","osm_id":"205943953"}},{"type":"Feature","geometry":{"type":"LineString","coordinates":[[-0.79564,52.00094],[-0.79571,52.00136]]},"properties":{"name":"Hidcote Drive","category":"tertiary_link","osm_type":"way","osm_id":"205943954"}},{"type":"Feature","geometry":{"type":"LineString","coordinates":[[-0.77702,52.01241],[-0.77539,52.01343]]},"properties":{"name":"H7 Chaffron Way","category":"tertiary","osm_type":"way","osm_id":"205943955"}},{"type":"Feature","geometry":{"type":"LineString","coordinates":[[-0.78059,52.01014],[-0.78041,52.01053]]},"properties":{"name":"Cressey Avenue","category":"tertiary_link","osm_type":"way","osm_id":"205943957"}},{"type":"Feature","geometry":{"type":"LineString","coordinates":[[-0.79814,52.01037],[-0.79782,52.01046]]},"properties":{"name":"H6 Childs Way","category":"tertiary","osm_type":"way","osm_id":"205948957"}},{"type":"Feature","geometry":{"type":"LineString","coordinates":[[-0.79873,52.00988],[-0.79881,52.00982]]},"properties":{"name":"H6 Childs Way","category":"tertiary","osm_type":"way","osm_id":"205948958"}},{"type":"Feature","geometry":{"type":"LineString","coordinates":[[-0.80225,52.00663],[-0.80227,52.00705]]},"properties":{"name":"Hepburn Crescent","category":"tertiary_link","osm_type":"way","osm_id":"205948959"}},{"type":"Feature","geometry":{"type":"LineString","coordinates":[[-0.78499,52.01696],[-0.78547,52.01679]]},"properties":{"name":"H6 Childs Way","category":"tertiary","osm_type":"way","osm_id":"205948961"}},{"type":"Feature","geometry":{"type":"LineString","coordinates":[[-0.79824,52.00997],[-0.79873,52.00988]]},"properties":{"name":"H6 Childs Way","category":"tertiary","osm_type":"way","osm_id":"205948962"}},{"type":"Feature","geometry":{"type":"LineString","coordinates":[[-0.78547,52.01679],[-0.78927,52.01469]]},"properties":{"name":"H6 Childs Way","category":"tertiary","osm_type":"way","osm_id":"205948966"}},{"type":"Feature","geometry":{"type":"LineString","coordinates":[[-0.78566,52.01739],[-0.78516,52.01737]]},"properties":{"name":"V3 Fulmer Street","category":"tertiary","osm_type":"way","osm_id":"205982929"}},{"type":"Feature","geometry":{"type":"LineString","coordinates":[[-0.78446,52.01687],[-0.78134,52.01502]]},"properties":{"name":"V3 Fulmer Street","category":"tertiary","osm_type":"way","osm_id":"205982932"}},{"type":"Feature","geometry":{"type":"LineString","coordinates":[[-0.77779,52.01211],[-0.77794,52.01237]]},"properties":{"name":"V3 Fulmer Street","category":"tertiary","osm_type":"way","osm_id":"205982935"}},{"type":"Feature","geometry":{"type":"LineString","coordinates":[[-0.77702,52.01168],[-0.77646,52.01124]]},"properties":{"name":"V3 Fulmer Street","category":"tertiary","osm_type":"way","osm_id":"205982938"}},{"type":"Feature","geometry":{"type":"LineString","coordinates":[[-0.78535,52.01715],[-0.78566,52.01739]]},"properties":{"name":"V3 Fulmer Street","category":"tertiary","osm_type":"way","osm_id":"205982941"}},{"type":"Feature","geometry":{"type":"LineString","coordinates":[[-0.78465,52.01715],[-0.78446,52.01687]]},"properties":{"name":"V3 Fulmer Street","category":"tertiary","osm_type":"way","osm_id":"205982943"}},{"type":"Feature","geometry":{"type":"LineString","coordinates":[[-0.78446,52.01687],[-0.78493,52.01696]]},"properties":{"name":"V3 Fulmer Street","category":"tertiary","osm_type":"way","osm_id":"205982947"}},{"type":"Feature","geometry":{"type":"LineString","coordinates":[[-0.77794,52.01237],[-0.77754,52.01228]]},"properties":{"name":"V3 Fulmer Street","category":"tertiary","osm_type":"way","osm_id":"205982949"}},{"type":"Feature","geometry":{"type":"LineString","coordinates":[[-0.7907,52.01842],[-0.78986,52.01836]]},"properties":{"name":"V3 Fulmer Street","category":"tertiary","osm_type":"way","osm_id":"205982952"}},{"type":"Feature","geometry":{"type":"LineString","coordinates":[[-0.77702,52.01168],[-0.77745,52.01187]]},"properties":{"name":"V3 Fulmer Street","category":"tertiary","osm_type":"way","osm_id":"205982956"}},{"type":"Feature","geometry":{"type":"LineString","coordinates":[[-0.80252,52.02156],[-0.80303,52.02168]]},"properties":{"name":"V3 Fulmer Street","category":"tertiary","osm_type":"way","osm_id":"205985718"}},{"type":"Feature","geometry":{"type":"LineString","coordinates":[[-0.80252,52.02156],[-0.80065,52.02089]]},"properties":{"name":"V3 Fulmer Street","category":"tertiary","osm_type":"way","osm_id":"205985719"}},{"type":"Feature","geometry":{"type":"LineString","coordinates":[[-0.79825,52.02038],[-0.79905,52.02031]]},"properties":{"name":"Pascal Drive","category":"tertiary_link","osm_type":"way","osm_id":"205985720"}},{"type":"Feature","geometry":{"type":"LineString","coordinates":[[-0.80273,52.02185],[-0.80252,52.02156]]},"properties":{"name":"V3 Fulmer Street","category":"tertiary","osm_type":"way","osm_id":"205985722"}},{"type":"Feature","geometry":{"type":"LineString","coordinates":[[-0.80967,52.02659],[-0.80991,52.0267]]},"properties":{"name":"V3 Fulmer Street","category":"tertiary","osm_type":"way","osm_id":"205986507"}},{"type":"Feature","geometry":{"type":"LineString","coordinates":[[-0.80385,52.02249],[-0.80678,52.02484]]},"properties":{"name":"V3 Fulmer Street","category":"tertiary","osm_type":"way","osm_id":"205986508"}},{"type":"Feature","geometry":{"type":"LineString","coordinates":[[-0.80991,52.0267],[-0.81017,52.02678]]},"properties":{"name":"V3 Fulmer Street","category":"tertiary","osm_type":"way","osm_id":"205986509"}},{"type":"Feature","geometry":{"type":"LineString","coordinates":[[-0.80836,52.02984],[-0.80834,52.02941]]},"properties":{"name":"Hendrix Drive","category":"tertiary_link","osm_type":"way","osm_id":"205986847"}},{"type":"Feature","geometry":{"type":"LineString","coordinates":[[-0.7825,52.04402],[-0.78273,52.04387]]},"properties":{"name":"H4 Dansteed Way","category":"tertiary","osm_type":"way","osm_id":"205987245"}},{"type":"Feature","geometry":{"type":"LineString","coordinates":[[-0.78349,52.04338],[-0.78327,52.04388]]},"properties":{"name":"Loughton Road","category":"tertiary_link","osm_type":"way","osm_id":"205987246"}},{"type":"Feature","geometry":{"type":"LineString","coordinates":[[-0.78273,52.04387],[-0.78298,52.0437]]},"properties":{"name":"H4 Dansteed Way","category":"tertiary","osm_type":"way","osm_id":"205987247"}},{"type":"Feature","geometry":{"type":"LineString","coordinates":[[-0.74499,52.05833],[-0.74542,52.05816]]},"properties":{"name":"H4 Dansteed Way","category":"tertiary","osm_type":"way","osm_id":"205987717"}},{"type":"Feature","geometry":{"type":"LineString","coordinates":[[-0.74542,52.05816],[-0.74533,52.05854]]},"properties":{"name":"H4 Dansteed Way","category":"tertiary","osm_type":"way","osm_id":"205987723"}},{"type":"Feature","geometry":{"type":"LineString","coordinates":[[-0.74497,52.05875],[-0.74452,52.05891]]},"properties":{"name":"H4 Dansteed Way","category":"tertiary","osm_type":"way","osm_id":"205988403"}},{"type":"Feature","geometry":{"type":"LineString","coordinates":[[-0.74452,52.05891],[-0.74464,52.05858]]},"properties":{"name":"H4 Dansteed Way","category":"tertiary","osm_type":"way","osm_id":"205988404"}},{"type":"Feature","geometry":{"type":"LineString","coordinates":[[-0.73647,52.04676],[-0.73626,52.04657]]},"properties":{"name":"Overgate","category":"tertiary","osm_type":"way","osm_id":"205996231"}},{"type":"Feature","geometry":{"type":"LineString","coordinates":[[-0.73671,52.04668],[-0.73684,52.04676]]},"properties":{"name":"Overgate","category":"tertiary","osm_type":"way","osm_id":"205996233"}},{"type":"Feature","geometry":{"type":"LineString","coordinates":[[-0.73626,52.04657],[-0.73469,52.0452]]},"properties":{"name":"Overgate","category":"tertiary","osm_type":"way","osm_id":"205996234"}},{"type":"Feature","geometry":{"type":"LineString","coordinates":[[-0.73649,52.04652],[-0.73671,52.04668]]},"properties":{"name":"Overgate","category":"tertiary","osm_type":"way","osm_id":"205996240"}},{"type":"Feature","geometry":{"type":"LineString","coordinates":[[-0.7358,52.04766],[-0.73608,52.05068]]},"properties":{"name":"Overgate","category":"tertiary","osm_type":"way","osm_id":"205996584"}},{"type":"Feature","geometry":{"type":"LineString","coordinates":[[-0.73669,52.04706],[-0.73627,52.04708]]},"properties":{"name":"Overgate","category":"tertiary","osm_type":"way","osm_id":"205996585"}},{"type":"Feature","geometry":{"type":"LineString","coordinates":[[-0.73556,52.04721],[-0.73585,52.0472]]},"properties":{"name":"Overgate","category":"tertiary","osm_type":"way","osm_id":"205996586"}},{"type":"Feature","geometry":{"type":"LineString","coordinates":[[-0.73627,52.04708],[-0.73585,52.0472]]},"properties":{"name":"Overgate","category":"tertiary","osm_type":"way","osm_id":"205996587"}},{"type":"Feature","geometry":{"type":"LineString","coordinates":[[-0.73637,52.05097],[-0.73667,52.05096]]},"properties":{"name":"Overgate","category":"tertiary","osm_type":"way","osm_id":"205996876"}},{"type":"Feature","geometry":{"type":"LineString","coordinates":[[-0.73702,52.05088],[-0.73719,52.05076]]},"properties":{"name":"Overgate","category":"tertiary","osm_type":"way","osm_id":"205996878"}},{"type":"Feature","geometry":{"type":"LineString","coordinates":[[-0.73618,52.05102],[-0.73608,52.05068]]},"properties":{"name":"Overgate","category":"tertiary","osm_type":"way","osm_id":"205996879"}},{"type":"Feature","geometry":{"type":"LineString","coordinates":[[-0.73667,52.05096],[-0.73702,52.05088]]},"properties":{"name":"Overgate","category":"tertiary","osm_type":"way","osm_id":"205996881"}},{"type":"Feature","geometry":{"type":"LineString","coordinates":[[-0.73761,52.05101],[-0.73741,52.05094]]},"properties":{"name":"Overgate","category":"tertiary","osm_type":"way","osm_id":"205998096"}},{"type":"Feature","geometry":{"type":"LineString","coordinates":[[-0.73776,52.05112],[-0.73761,52.05101]]},"properties":{"name":"Overgate","category":"tertiary","osm_type":"way","osm_id":"205998097"}},{"type":"Feature","geometry":{"type":"LineString","coordinates":[[-0.73956,52.05306],[-0.73927,52.05283]]},"properties":{"name":"V9 Overstreet","category":"tertiary","osm_type":"way","osm_id":"205998098"}},{"type":"Feature","geometry":{"type":"LineString","coordinates":[[-0.7454,52.05887],[-0.74547,52.05893]]},"properties":{"name":"V9 Overstreet","category":"tertiary","osm_type":"way","osm_id":"205998100","ref":"V9"}},{"type":"Feature","geometry":{"type":"LineString","coordinates":[[-0.74564,52.05912],[-0.7462,52.05991]]},"properties":{"name":"V9 Overstreet","category":"tertiary","osm_type":"way","osm_id":"205998102"}},{"type":"Feature","geometry":{"type":"LineString","coordinates":[[-0.73797,52.05106],[-0.7393,52.05231]]},"properties":{"name":"Overgate","category":"tertiary","osm_type":"way","osm_id":"205998105"}},{"type":"Feature","geometry":{"type":"LineString","coordinates":[[-0.74531,52.0586],[-0.7454,52.05887]]},"properties":{"name":"V9 Overstreet","category":"tertiary","osm_type":"way","osm_id":"205998106"}},{"type":"Feature","geometry":{"type":"LineString","coordinates":[[-0.74446,52.05818],[-0.74494,52.05833]]},"properties":{"name":"V9 Overstreet","category":"tertiary","osm_type":"way","osm_id":"205998107"}},{"type":"Feature","geometry":{"type":"LineString","coordinates":[[-0.7454,52.05887],[-0.74504,52.05875]]},"properties":{"name":"V9 Overstreet","category":"tertiary","osm_type":"way","osm_id":"205998108"}},{"type":"Feature","geometry":{"type":"LineString","coordinates":[[-0.74547,52.05893],[-0.74564,52.05912]]},"properties":{"name":"V9 Overstreet","category":"tertiary","osm_type":"way","osm_id":"205998111"}},{"type":"Feature","geometry":{"type":"LineString","coordinates":[[-0.74464,52.05852],[-0.74446,52.05818]]},"properties":{"name":"V9 Overstreet","category":"tertiary","osm_type":"way","osm_id":"205998112"}},{"type":"Feature","geometry":{"type":"LineString","coordinates":[[-0.73784,52.05095],[-0.73797,52.05106]]},"properties":{"name":"Overgate","category":"tertiary","osm_type":"way","osm_id":"205998113"}},{"type":"Feature","geometry":{"type":"LineString","coordinates":[[-0.42532,52.0005],[-0.42571,52.001],[-0.42482,52.00497]]},"properties":{"name":"Barton Road","category":"tertiary","osm_type":"way","osm_id":"206001671"}},{"type":"Feature","geometry":{"type":"LineString","coordinates":[[-0.28964,52.20943],[-0.28979,52.20912]]},"properties":{"name":"Great North Road","category":"secondary","osm_type":"way","osm_id":"206640093","ref":"B1428"}},{"type":"Feature","geometry":{"type":"LineString","coordinates":[[-0.28979,52.20912],[-0.29036,52.20796]]},"properties":{"name":"Great North Road","category":"secondary","osm_type":"way","osm_id":"206640096","ref":"B1428"}},{"type":"Feature","geometry":{"type":"LineString","coordinates":[[-0.06371,52.21895],[-0.06236,52.2196],[-0.0622,52.22059]]},"properties":{"name":"High Street","category":"tertiary","osm_type":"way","osm_id":"206980341"}},{"type":"Feature","geometry":{"type":"LineString","coordinates":[[-0.06776,52.21459],[-0.06918,52.21289]]},"properties":{"name":"Jeavons Lane","category":"tertiary","osm_type":"way","osm_id":"206980342"}},{"type":"Feature","geometry":{"type":"LineString","coordinates":[[-0.07703,52.22678],[-0.07292,52.22608]]},"properties":{"name":"St Neots Road","category":"tertiary","osm_type":"way","osm_id":"207002481"}},{"type":"Feature","geometry":{"type":"LineString","coordinates":[[-0.29866,52.01201],[-0.30023,52.00921],[-0.30411,52.00788]]},"properties":{"name":"Hitchin Road","category":"secondary","osm_type":"way","osm_id":"208405617","ref":"B659"}},{"type":"Feature","geometry":{"type":"LineString","coordinates":[[-0.15888,52.31926],[-0.15883,52.31901]]},"properties":{"name":"Cambridge Road","category":"secondary","osm_type":"way","osm_id":"209825566","ref":"B1044"}},{"type":"Feature","geometry":{"type":"LineString","coordinates":[[-0.19932,52.32672],[-0.20016,52.32668]]},"properties":{"name":"Hinchingbrooke Park Road","category":"secondary_link","osm_type":"way","osm_id":"209860520"}},{"type":"Feature","geometry":{"type":"LineString","coordinates":[[-0.18844,52.32998],[-0.19031,52.32998]]},"properties":{"name":"Brampton Road","category":"secondary","osm_type":"way","osm_id":"210296656","ref":"B1514"}},{"type":"Feature","geometry":{"type":"LineString","coordinates":[[-0.42482,52.00497],[-0.42478,52.00784]]},"properties":{"name":"Barton Road","category":"tertiary","osm_type":"way","osm_id":"211869948"}},{"type":"Feature","geometry":{"type":"LineString","coordinates":[[-0.08023,52.3176],[-0.08039,52.31766]]},"properties":{"name":"Hemingford Road","category":"tertiary","osm_type":"way","osm_id":"215062221"}},{"type":"Feature","geometry":{"type":"LineString","coordinates":[[-0.15411,52.3393],[-0.15606,52.33856]]},"properties":{"name":"Main Street","category":"secondary","osm_type":"way","osm_id":"215062226","ref":"B1514"}},{"type":"Feature","geometry":{"type":"LineString","coordinates":[[-0.08868,52.06731],[-0.09071,52.06803]]},"properties":{"name":"Church Street","category":"tertiary","osm_type":"way","osm_id":"215103542"}},{"type":"Feature","geometry":{"type":"LineString","coordinates":[[-0.86993,52.21701],[-0.86967,52.21686]]},"properties":{"name":"Caswell Road","category":"tertiary","osm_type":"way","osm_id":"216924610"}},{"type":"Feature","geometry":{"type":"LineString","coordinates":[[-0.94,52.22059],[-0.94116,52.22184]]},"properties":{"name":"Banbury Lane","category":"tertiary","osm_type":"way","osm_id":"216931346"}},{"type":"Feature","geometry":{"type":"LineString","coordinates":[[-0.93984,52.21774],[-0.93925,52.21894]]},"properties":{"name":"Banbury Lane","category":"tertiary","osm_type":"way","osm_id":"216931347"}},{"type":"Feature","geometry":{"type":"LineString","coordinates":[[-0.93925,52.21894],[-0.93904,52.21987],[-0.94,52.22059]]},"properties":{"name":"Banbury Lane","category":"tertiary","osm_type":"way","osm_id":"216931350"}},{"type":"Feature","geometry":{"type":"LineString","coordinates":[[-0.92912,52.24541],[-0.92589,52.24699]]},"properties":{"name":"Bants Lane","category":"tertiary","osm_type":"way","osm_id":"216933099"}},{"type":"Feature","geometry":{"type":"LineString","coordinates":[[-0.93986,52.24359],[-0.93749,52.24341],[-0.93644,52.24282]]},"properties":{"name":"Main Road","category":"tertiary","osm_type":"way","osm_id":"216933100"}},{"type":"Feature","geometry":{"type":"LineString","coordinates":[[-0.93211,52.24433],[-0.92912,52.24541]]},"properties":{"name":"Bants Lane","category":"tertiary","osm_type":"way","osm_id":"216933101"}},{"type":"Feature","geometry":{"type":"LineString","coordinates":[[-0.89297,52.26957],[-0.89127,52.27047]]},"properties":{"name":"Boughton Green Road","category":"tertiary","osm_type":"way","osm_id":"216943799"}},{"type":"Feature","geometry":{"type":"LineString","coordinates":[[-0.87845,52.19384],[-0.87683,52.19252],[-0.87628,52.1897],[-0.87285,52.18802],[-0.87151,52.18528],[-0.8671,52.18079]]},"properties":{"name":"Quinton Road","category":"tertiary","osm_type":"way","osm_id":"216957652"}},{"type":"Feature","geometry":{"type":"LineString","coordinates":[[-0.90305,52.25952],[-0.90122,52.2595]]},"properties":{"name":"Mill Lane","category":"tertiary","osm_type":"way","osm_id":"217113221"}},{"type":"Feature","geometry":{"type":"LineString","coordinates":[[-0.92179,52.20846],[-0.91927,52.21005]]},"properties":{"name":"Rowtree Road","category":"tertiary","osm_type":"way","osm_id":"217121497"}},{"type":"Feature","geometry":{"type":"LineString","coordinates":[[-0.84779,52.25795],[-0.84881,52.26073]]},"properties":{"name":"Booth Lane South","category":"tertiary","osm_type":"way","osm_id":"217516198"}},{"type":"Feature","geometry":{"type":"LineString","coordinates":[[-0.85127,52.26534],[-0.85131,52.26573]]},"properties":{"name":"Booth Lane North","category":"tertiary","osm_type":"way","osm_id":"217516201"}},{"type":"Feature","geometry":{"type":"LineString","coordinates":[[-0.85588,52.27461],[-0.8569,52.27529]]},"properties":{"name":"Moulton Way","category":"tertiary","osm_type":"way","osm_id":"217519473"}},{"type":"Feature","geometry":{"type":"LineString","coordinates":[[-0.89265,52.21144],[-0.8905,52.21018]]},"properties":{"name":"Newport Pagnell Road","category":"secondary","osm_type":"way","osm_id":"217525904","ref":"B526"}},{"type":"Feature","geometry":{"type":"LineString","coordinates":[[-0.88375,52.19687],[-0.88131,52.19682]]},"properties":{"name":"Wooldale Road","category":"tertiary","osm_type":"way","osm_id":"217554010"}},{"type":"Feature","geometry":{"type":"LineString","coordinates":[[-0.58143,52.39232],[-0.58142,52.39242]]},"properties":{"name":"Secondary and tertiary roads","category":"tertiary","osm_type":"way","osm_id":"217652482"}},{"type":"Feature","geometry":{"type":"LineString","coordinates":[[-0.58139,52.39255],[-0.58123,52.39182]]},"properties":{"name":"Secondary and tertiary roads","category":"tertiary","osm_type":"way","osm_id":"217652484"}},{"type":"Feature","geometry":{"type":"LineString","coordinates":[[-0.58142,52.39221],[-0.58143,52.39232]]},"properties":{"name":"Secondary and tertiary roads","category":"tertiary","osm_type":"way","osm_id":"217652485"}},{"type":"Feature","geometry":{"type":"LineString","coordinates":[[-0.87202,52.20297],[-0.87119,52.20569]]},"properties":{"name":"Wooldale Road","category":"tertiary","osm_type":"way","osm_id":"219744985"}},{"type":"Feature","geometry":{"type":"LineString","coordinates":[[-0.45241,52.48195],[-0.45797,52.48646],[-0.45897,52.48804]]},"properties":{"name":"Secondary and tertiary roads","category":"tertiary","osm_type":"way","osm_id":"220067878"}},{"type":"Feature","geometry":{"type":"LineString","coordinates":[[-0.46406,52.45833],[-0.46334,52.45634]]},"properties":{"name":"Barnwell Road","category":"tertiary","osm_type":"way","osm_id":"220067879"}},{"type":"Feature","geometry":{"type":"LineString","coordinates":[[-0.47106,52.42733],[-0.45912,52.4205],[-0.45272,52.41774],[-0.44816,52.41493]]},"properties":{"name":"B662","category":"secondary","osm_type":"way","osm_id":"220067890","ref":"B662"}},{"type":"Feature","geometry":{"type":"LineString","coordinates":[[-0.452,52.48163],[-0.45241,52.48195]]},"properties":{"name":"Secondary and tertiary roads","category":"tertiary","osm_type":"way","osm_id":"220067892"}},{"type":"Feature","geometry":{"type":"LineString","coordinates":[[-0.66983,52.25518],[-0.67011,52.25522]]},"properties":{"name":"Queens Road","category":"secondary","osm_type":"way","osm_id":"220177224","ref":"B569"}},{"type":"Feature","geometry":{"type":"LineString","coordinates":[[-0.83924,52.04991],[-0.83786,52.04902]]},"properties":{"name":"V4 Watling Street","category":"tertiary","osm_type":"way","osm_id":"220401693"}},{"type":"Feature","geometry":{"type":"LineString","coordinates":[[-0.83924,52.04991],[-0.83972,52.05005]]},"properties":{"name":"V4 Watling Street","category":"tertiary","osm_type":"way","osm_id":"220401694"}},{"type":"Feature","geometry":{"type":"LineString","coordinates":[[-0.84017,52.05026],[-0.84046,52.05055]]},"properties":{"name":"Queen Eleanor Street","category":"tertiary","osm_type":"way","osm_id":"220401695"}},{"type":"Feature","geometry":{"type":"LineString","coordinates":[[-0.581,52.38118],[-0.58092,52.38156]]},"properties":{"name":"Addington Road","category":"tertiary","osm_type":"way","osm_id":"220476981"}},{"type":"Feature","geometry":{"type":"LineString","coordinates":[[-0.58938,52.357],[-0.59004,52.35806]]},"properties":{"name":"Woodford Road","category":"tertiary","osm_type":"way","osm_id":"220477463"}},{"type":"Feature","geometry":{"type":"LineString","coordinates":[[-0.5896,52.35481],[-0.58938,52.357]]},"properties":{"name":"Woodford Road","category":"tertiary","osm_type":"way","osm_id":"220477464"}},{"type":"Feature","geometry":{"type":"LineString","coordinates":[[-0.57269,52.36674],[-0.57292,52.36674]]},"properties":{"name":"Secondary and tertiary roads","category":"tertiary","osm_type":"way","osm_id":"220477468"}},{"type":"Feature","geometry":{"type":"LineString","coordinates":[[-0.55478,52.49812],[-0.55491,52.4982]]},"properties":{"name":"Secondary and tertiary roads","category":"tertiary","osm_type":"way","osm_id":"221397817"}},{"type":"Feature","geometry":{"type":"LineString","coordinates":[[-0.1508,52.26901],[-0.16551,52.26288],[-0.16629,52.26151]]},"properties":{"name":"Papworth Road","category":"tertiary","osm_type":"way","osm_id":"221668728"}},{"type":"Feature","geometry":{"type":"LineString","coordinates":[[-0.84746,52.35157],[-0.84754,52.3511]]},"properties":{"name":"Harrington Road","category":"tertiary","osm_type":"way","osm_id":"223069877"}},{"type":"Feature","geometry":{"type":"LineString","coordinates":[[-0.03765,52.29245],[-0.0378,52.29236]]},"properties":{"name":"Cambridge Road","category":"tertiary","osm_type":"way","osm_id":"223849075"}},{"type":"Feature","geometry":{"type":"LineString","coordinates":[[-0.0378,52.29236],[-0.03882,52.29136],[-0.04132,52.29027],[-0.04415,52.28737]]},"properties":{"name":"Cambridge Road","category":"tertiary","osm_type":"way","osm_id":"223849076"}},{"type":"Feature","geometry":{"type":"LineString","coordinates":[[-0.02596,52.28926],[-0.0218,52.28902]]},"properties":{"name":"Rose and Crown Road","category":"tertiary","osm_type":"way","osm_id":"223849431"}},{"type":"Feature","geometry":{"type":"LineString","coordinates":[[-0.02612,52.28928],[-0.02596,52.28926]]},"properties":{"name":"Rose and Crown Road","category":"tertiary","osm_type":"way","osm_id":"223849432"}},{"type":"Feature","geometry":{"type":"LineString","coordinates":[[-0.14589,52.18446],[-0.14612,52.18391],[-0.1455,52.1831]]},"properties":{"name":"Little Gransden Lane","category":"secondary","osm_type":"way","osm_id":"224006642","ref":"B1046"}},{"type":"Feature","geometry":{"type":"LineString","coordinates":[[-0.14584,52.18451],[-0.14589,52.18446]]},"properties":{"name":"Little Gransden Lane","category":"secondary","osm_type":"way","osm_id":"224006643","ref":"B1046"}},{"type":"Feature","geometry":{"type":"LineString","coordinates":[[-0.7345,52.39417],[-0.73531,52.39149],[-0.73684,52.39046]]},"properties":{"name":"Lake Avenue","category":"tertiary","osm_type":"way","osm_id":"224448351"}},{"type":"Feature","geometry":{"type":"LineString","coordinates":[[-0.46681,52.14499],[-0.45888,52.1478],[-0.45528,52.14752]]},"properties":{"name":"Park Avenue","category":"tertiary","osm_type":"way","osm_id":"225717485"}},{"type":"Feature","geometry":{"type":"LineString","coordinates":[[-0.14532,52.20638],[-0.14268,52.20458],[-0.14326,52.20268],[-0.14149,52.20048],[-0.14125,52.1963],[-0.14208,52.19185]]},"properties":{"name":"Eltisley Road","category":"tertiary","osm_type":"way","osm_id":"226566354"}},{"type":"Feature","geometry":{"type":"LineString","coordinates":[[-0.02028,52.0457],[-0.01984,52.04537]]},"properties":{"name":"Secondary and tertiary roads","category":"secondary","osm_type":"way","osm_id":"226680119"}},{"type":"Feature","geometry":{"type":"LineString","coordinates":[[-0.594,52.0164],[-0.59112,52.02116]]},"properties":{"name":"Mill Road","category":"secondary","osm_type":"way","osm_id":"226911518","ref":"B5704"}},{"type":"Feature","geometry":{"type":"LineString","coordinates":[[-0.68399,52.01881],[-0.68418,52.01862]]},"properties":{"name":"H10 Bletcham Way","category":"tertiary","osm_type":"way","osm_id":"226958674"}},{"type":"Feature","geometry":{"type":"LineString","coordinates":[[-0.77566,52.0671],[-0.77584,52.06689]]},"properties":{"name":"V8 Marlborough Street","category":"tertiary","osm_type":"way","osm_id":"226958696"}},{"type":"Feature","geometry":{"type":"LineString","coordinates":[[-0.77653,52.06714],[-0.77626,52.06706]]},"properties":{"name":"Saxon Street","category":"tertiary","osm_type":"way","osm_id":"226958711"}},{"type":"Feature","geometry":{"type":"LineString","coordinates":[[-0.7757,52.06642],[-0.77609,52.06665]]},"properties":{"name":"V7 Saxon Street","category":"tertiary","osm_type":"way","osm_id":"226958713"}},{"type":"Feature","geometry":{"type":"LineString","coordinates":[[-0.68394,52.01822],[-0.68438,52.01835]]},"properties":{"name":"V11 Tongwell Street","category":"tertiary","osm_type":"way","osm_id":"226958718"}},{"type":"Feature","geometry":{"type":"LineString","coordinates":[[-0.28451,52.43897],[-0.28444,52.43901]]},"properties":{"name":"Secondary and tertiary roads","category":"tertiary","osm_type":"way","osm_id":"227029008"}},{"type":"Feature","geometry":{"type":"LineString","coordinates":[[-0.89114,52.19853],[-0.88375,52.19687]]},"properties":{"name":"Wooldale Road","category":"tertiary","osm_type":"way","osm_id":"227522593"}},{"type":"Feature","geometry":{"type":"LineString","coordinates":[[-0.95949,52.22038],[-0.95231,52.21867]]},"properties":{"name":"Nectar Way","category":"tertiary","osm_type":"way","osm_id":"227524743"}},{"type":"Feature","geometry":{"type":"LineString","coordinates":[[-0.96024,52.22067],[-0.96006,52.22091]]},"properties":{"name":"Upton Valley Way North","category":"tertiary","osm_type":"way","osm_id":"227524748"}},{"type":"Feature","geometry":{"type":"LineString","coordinates":[[-0.89176,52.24057],[-0.89181,52.24068]]},"properties":{"name":"Lower Mounts","category":"tertiary_link","osm_type":"way","osm_id":"227526929"}},{"type":"Feature","geometry":{"type":"LineString","coordinates":[[-0.55168,52.49539],[-0.5491,52.49778],[-0.53823,52.50041],[-0.53063,52.50005],[-0.52554,52.49913],[-0.51766,52.50165],[-0.51348,52.50225],[-0.50317,52.50218]]},"properties":{"name":"Glapthorn Road","category":"tertiary","osm_type":"way","osm_id":"229347913"}},{"type":"Feature","geometry":{"type":"LineString","coordinates":[[-0.4873,52.49809],[-0.48876,52.49969],[-0.48876,52.50129]]},"properties":{"name":"Glapthorn Road","category":"tertiary","osm_type":"way","osm_id":"229347917"}},{"type":"Feature","geometry":{"type":"LineString","coordinates":[[-0.50372,52.10491],[-0.50405,52.10486]]},"properties":{"name":"Woburn Road","category":"secondary","osm_type":"way","osm_id":"229623127","ref":"B531"}},{"type":"Feature","geometry":{"type":"LineString","coordinates":[[-0.50293,52.10494],[-0.50271,52.10516]]},"properties":{"name":"Woburn Road","category":"secondary","osm_type":"way","osm_id":"229623128","ref":"B531"}},{"type":"Feature","geometry":{"type":"LineString","coordinates":[[-0.50216,52.10523],[-0.50236,52.10499],[-0.5027,52.10511],[-0.50255,52.10532],[-0.50216,52.10523]]},"properties":{"name":"B531","category":"secondary","osm_type":"way","osm_id":"229623129","ref":"B531"}},{"type":"Feature","geometry":{"type":"LineString","coordinates":[[-0.50242,52.10552],[-0.50228,52.10531]]},"properties":{"name":"Woburn Road","category":"secondary","osm_type":"way","osm_id":"229623131","ref":"B531"}},{"type":"Feature","geometry":{"type":"LineString","coordinates":[[-0.48116,52.01345],[-0.48282,52.00966]]},"properties":{"name":"Maulden Road","category":"tertiary","osm_type":"way","osm_id":"231988178"}},{"type":"Feature","geometry":{"type":"LineString","coordinates":[[-0.33827,52.46149],[-0.32446,52.46274],[-0.31894,52.46209],[-0.31116,52.46252]]},"properties":{"name":"High Haden Road","category":"tertiary","osm_type":"way","osm_id":"232240146"}},{"type":"Feature","geometry":{"type":"LineString","coordinates":[[-0.47843,52.47977],[-0.48546,52.47819],[-0.48679,52.47736],[-0.48752,52.47563],[-0.48687,52.47143],[-0.49108,52.46685]]},"properties":{"name":"Stoke Doyle Road","category":"tertiary","osm_type":"way","osm_id":"232595871"}},{"type":"Feature","geometry":{"type":"LineString","coordinates":[[-0.49492,52.46308],[-0.49833,52.45946],[-0.50051,52.454],[-0.50269,52.45177],[-0.50596,52.44969]]},"properties":{"name":"Stoke Doyle Road","category":"tertiary","osm_type":"way","osm_id":"232595872"}},{"type":"Feature","geometry":{"type":"LineString","coordinates":[[-0.49108,52.46685],[-0.49268,52.46599],[-0.49425,52.4642]]},"properties":{"name":"Stoke Doyle Road","category":"tertiary","osm_type":"way","osm_id":"232595873"}},{"type":"Feature","geometry":{"type":"LineString","coordinates":[[-0.23924,52.37089],[-0.24002,52.37109]]},"properties":{"name":"Ermine Street","category":"tertiary","osm_type":"way","osm_id":"232616770"}},{"type":"Feature","geometry":{"type":"LineString","coordinates":[[-0.97902,52.19585],[-0.97915,52.19604]]},"properties":{"name":"Secondary and tertiary roads","category":"tertiary","osm_type":"way","osm_id":"232766651"}},{"type":"Feature","geometry":{"type":"LineString","coordinates":[[-0.97915,52.19604],[-0.97925,52.19627]]},"properties":{"name":"Banbury Lane","category":"tertiary","osm_type":"way","osm_id":"232766652"}},{"type":"Feature","geometry":{"type":"LineString","coordinates":[[-0.97907,52.19538],[-0.97902,52.19585]]},"properties":{"name":"Banbury Lane","category":"tertiary","osm_type":"way","osm_id":"232766653"}},{"type":"Feature","geometry":{"type":"LineString","coordinates":[[-0.76738,52.07318],[-0.7673,52.07321]]},"properties":{"name":"Wolverton Road","category":"tertiary","osm_type":"way","osm_id":"232897204"}},{"type":"Feature","geometry":{"type":"LineString","coordinates":[[-0.33556,52.40331],[-0.33503,52.40318]]},"properties":{"name":"Winwck Road","category":"tertiary","osm_type":"way","osm_id":"232898243"}},{"type":"Feature","geometry":{"type":"LineString","coordinates":[[-0.19653,52.34264],[-0.19706,52.34293]]},"properties":{"name":"Stukeley Road","category":"secondary","osm_type":"way","osm_id":"232900146","ref":"B1044"}},{"type":"Feature","geometry":{"type":"LineString","coordinates":[[-0.19646,52.34268],[-0.1959,52.34191]]},"properties":{"name":"Stukeley Road","category":"secondary","osm_type":"way","osm_id":"232900147","ref":"B1044"}},{"type":"Feature","geometry":{"type":"LineString","coordinates":[[-0.19338,52.33932],[-0.1959,52.34191]]},"properties":{"name":"Stukeley Road","category":"secondary","osm_type":"way","osm_id":"232900148","ref":"B1044"}},{"type":"Feature","geometry":{"type":"LineString","coordinates":[[-0.19786,52.34315],[-0.19772,52.34376]]},"properties":{"name":"Secondary and tertiary roads","category":"tertiary_link","osm_type":"way","osm_id":"232900704"}},{"type":"Feature","geometry":{"type":"LineString","coordinates":[[-0.19667,52.3426],[-0.19758,52.34281]]},"properties":{"name":"Secondary and tertiary roads","category":"secondary_link","osm_type":"way","osm_id":"232900705"}},{"type":"Feature","geometry":{"type":"LineString","coordinates":[[-0.19758,52.34281],[-0.19942,52.34269]]},"properties":{"name":"Secondary and tertiary roads","category":"secondary_link","osm_type":"way","osm_id":"232900707"}},{"type":"Feature","geometry":{"type":"LineString","coordinates":[[-0.00032,52.21894],[-0.00011,52.21882]]},"properties":{"name":"St Neots Road","category":"tertiary","osm_type":"way","osm_id":"233303139"}},{"type":"Feature","geometry":{"type":"LineString","coordinates":[[-0.59244,52.038],[-0.59266,52.03785]]},"properties":{"name":"Bedford Road","category":"tertiary","osm_type":"way","osm_id":"233782762"}},{"type":"Feature","geometry":{"type":"LineString","coordinates":[[-0.59784,52.03413],[-0.602,52.0291]]},"properties":{"name":"Bedford Road","category":"tertiary","osm_type":"way","osm_id":"233782763","ref":"C94"}},{"type":"Feature","geometry":{"type":"LineString","coordinates":[[-0.60018,52.07294],[-0.59833,52.07303],[-0.59678,52.07364],[-0.59421,52.07565]]},"properties":{"name":"Bedford Road","category":"tertiary","osm_type":"way","osm_id":"233783358","ref":"C70"}},{"type":"Feature","geometry":{"type":"LineString","coordinates":[[-0.59433,52.02665],[-0.59185,52.02506]]},"properties":{"name":"Station Road","category":"tertiary","osm_type":"way","osm_id":"233783360","ref":"C76"}},{"type":"Feature","geometry":{"type":"LineString","coordinates":[[-0.59185,52.02506],[-0.59165,52.02497]]},"properties":{"name":"Station Road","category":"tertiary","osm_type":"way","osm_id":"233783368"}},{"type":"Feature","geometry":{"type":"LineString","coordinates":[[-0.72205,52.26949],[-0.7251,52.27251]]},"properties":{"name":"Secondary and tertiary roads","category":"tertiary","osm_type":"way","osm_id":"234709990"}},{"type":"Feature","geometry":{"type":"LineString","coordinates":[[-0.71626,52.27212],[-0.71143,52.27334]]},"properties":{"name":"Earls Barton Road","category":"secondary","osm_type":"way","osm_id":"234710684","ref":"B573"}},{"type":"Feature","geometry":{"type":"LineString","coordinates":[[-0.77976,52.02063],[-0.77941,52.02086]]},"properties":{"name":"H6 Childs Way","category":"tertiary","osm_type":"way","osm_id":"234822937"}},{"type":"Feature","geometry":{"type":"LineString","coordinates":[[-0.77969,52.02044],[-0.77976,52.02039]]},"properties":{"name":"H6 Childs Way","category":"tertiary","osm_type":"way","osm_id":"234822938"}},{"type":"Feature","geometry":{"type":"LineString","coordinates":[[-0.80252,52.02228],[-0.79877,52.02444]]},"properties":{"name":"H5 Portway","category":"tertiary","osm_type":"way","osm_id":"234827679"}},{"type":"Feature","geometry":{"type":"LineString","coordinates":[[-0.81288,52.05218],[-0.8163,52.05139]]},"properties":{"name":"H2 Millers Way","category":"tertiary","osm_type":"way","osm_id":"234906520"}},{"type":"Feature","geometry":{"type":"LineString","coordinates":[[-0.81142,52.05226],[-0.81124,52.05223]]},"properties":{"name":"V5 Great Monks Street","category":"tertiary","osm_type":"way","osm_id":"234906521"}},{"type":"Feature","geometry":{"type":"LineString","coordinates":[[-0.16421,52.31966],[-0.16346,52.31985]]},"properties":{"name":"Cambridge Road","category":"secondary","osm_type":"way","osm_id":"235214070","ref":"B1044"}},{"type":"Feature","geometry":{"type":"LineString","coordinates":[[-0.76312,52.00263],[-0.7612,52.00159]]},"properties":{"name":"Shenley Road","category":"tertiary","osm_type":"way","osm_id":"235400604"}},{"type":"Feature","geometry":{"type":"LineString","coordinates":[[-0.78978,52.0049],[-0.78932,52.00478]]},"properties":{"name":"V2 Tattenhoe Street","category":"tertiary","osm_type":"way","osm_id":"235400948"}},{"type":"Feature","geometry":{"type":"LineString","coordinates":[[-0.77376,52.03919],[-0.7724,52.03794]]},"properties":{"name":"V6 Grafton Gate","category":"tertiary","osm_type":"way","osm_id":"235405525"}},{"type":"Feature","geometry":{"type":"LineString","coordinates":[[-0.77404,52.03925],[-0.77451,52.03949]]},"properties":{"name":"V6 Grafton Gate","category":"tertiary","osm_type":"way","osm_id":"235405526"}},{"type":"Feature","geometry":{"type":"LineString","coordinates":[[-0.77543,52.04078],[-0.77479,52.04041]]},"properties":{"name":"V6 Grafton Street","category":"tertiary","osm_type":"way","osm_id":"235405527"}},{"type":"Feature","geometry":{"type":"LineString","coordinates":[[-0.76638,52.03262],[-0.76612,52.03251]]},"properties":{"name":"V6 Grafton Gate","category":"tertiary","osm_type":"way","osm_id":"235405528"}},{"type":"Feature","geometry":{"type":"LineString","coordinates":[[-0.77579,52.04102],[-0.77616,52.04149]]},"properties":{"name":"V6 Grafton Street","category":"tertiary","osm_type":"way","osm_id":"235405529"}},{"type":"Feature","geometry":{"type":"LineString","coordinates":[[-0.65689,52.01971],[-0.65393,52.01829]]},"properties":{"name":"Newport Road","category":"tertiary","osm_type":"way","osm_id":"235560281"}},{"type":"Feature","geometry":{"type":"LineString","coordinates":[[-0.57867,52.01525],[-0.57825,52.01547]]},"properties":{"name":"High Street","category":"tertiary","osm_type":"way","osm_id":"235588706","ref":"C76"}},{"type":"Feature","geometry":{"type":"LineString","coordinates":[[-0.58358,52.01594],[-0.58087,52.0142]]},"properties":{"name":"Station Road","category":"tertiary","osm_type":"way","osm_id":"235588708","ref":"C76"}},{"type":"Feature","geometry":{"type":"LineString","coordinates":[[-0.59138,52.02403],[-0.59141,52.02414]]},"properties":{"name":"Station Road","category":"secondary","osm_type":"way","osm_id":"235588712","ref":"B5704"}},{"type":"Feature","geometry":{"type":"LineString","coordinates":[[-0.53596,52.14389],[-0.53587,52.14404]]},"properties":{"name":"Stagsden Road","category":"tertiary","osm_type":"way","osm_id":"235815417"}},{"type":"Feature","geometry":{"type":"LineString","coordinates":[[-0.52577,52.14493],[-0.5246,52.14503]]},"properties":{"name":"Stagsden Road","category":"tertiary","osm_type":"way","osm_id":"235815418"}},{"type":"Feature","geometry":{"type":"LineString","coordinates":[[-0.5273,52.14919],[-0.52878,52.14779],[-0.52867,52.14624]]},"properties":{"name":"Village Road","category":"tertiary","osm_type":"way","osm_id":"235815423"}},{"type":"Feature","geometry":{"type":"LineString","coordinates":[[-0.52603,52.15112],[-0.5273,52.14919]]},"properties":{"name":"Village Road","category":"tertiary","osm_type":"way","osm_id":"235815425"}},{"type":"Feature","geometry":{"type":"LineString","coordinates":[[-0.54979,52.16681],[-0.54643,52.16523],[-0.54552,52.16365],[-0.54262,52.16319],[-0.53932,52.16136],[-0.53692,52.16159],[-0.53503,52.16263],[-0.52759,52.16068]]},"properties":{"name":"Park Road","category":"tertiary","osm_type":"way","osm_id":"235815426","ref":"C45"}},{"type":"Feature","geometry":{"type":"LineString","coordinates":[[-0.50605,52.16478],[-0.50465,52.16445]]},"properties":{"name":"Oakley Road","category":"tertiary","osm_type":"way","osm_id":"235988423"}},{"type":"Feature","geometry":{"type":"LineString","coordinates":[[-0.46699,52.14494],[-0.46681,52.14499]]},"properties":{"name":"Park Avenue","category":"tertiary","osm_type":"way","osm_id":"235988426"}},{"type":"Feature","geometry":{"type":"LineString","coordinates":[[-0.46676,52.13938],[-0.46699,52.13928]]},"properties":{"name":"De Parys Avenue","category":"tertiary","osm_type":"way","osm_id":"235988427"}},{"type":"Feature","geometry":{"type":"LineString","coordinates":[[-0.46818,52.11955],[-0.4681,52.11973]]},"properties":{"name":"Elstow Road","category":"tertiary","osm_type":"way","osm_id":"235988432"}},{"type":"Feature","geometry":{"type":"LineString","coordinates":[[-0.46487,52.10672],[-0.46561,52.10466],[-0.46854,52.10332]]},"properties":{"name":"Wilstead Road","category":"tertiary","osm_type":"way","osm_id":"236001414"}},{"type":"Feature","geometry":{"type":"LineString","coordinates":[[-0.42565,52.08569],[-0.42517,52.08601]]},"properties":{"name":"Cotton End Road","category":"tertiary","osm_type":"way","osm_id":"236001420","ref":"C127"}},{"type":"Feature","geometry":{"type":"LineString","coordinates":[[-0.42517,52.08601],[-0.4237,52.08679],[-0.42221,52.08584]]},"properties":{"name":"Cotton End Road","category":"tertiary","osm_type":"way","osm_id":"236001421","ref":"C127"}},{"type":"Feature","geometry":{"type":"LineString","coordinates":[[-0.40018,52.06578],[-0.39312,52.0715]]},"properties":{"name":"Silver End Road","category":"tertiary","osm_type":"way","osm_id":"236001424"}},{"type":"Feature","geometry":{"type":"LineString","coordinates":[[-0.38682,52.06083],[-0.39013,52.0623],[-0.39214,52.0637]]},"properties":{"name":"Northwood End Road","category":"tertiary","osm_type":"way","osm_id":"236001425"}},{"type":"Feature","geometry":{"type":"LineString","coordinates":[[-0.33678,52.04193],[-0.3346,52.0412]]},"properties":{"name":"Bedford Road","category":"secondary","osm_type":"way","osm_id":"236001428","ref":"B658"}},{"type":"Feature","geometry":{"type":"LineString","coordinates":[[-0.3376,52.03769],[-0.34994,52.03605]]},"properties":{"name":"Ampthill Road","category":"tertiary","osm_type":"way","osm_id":"236001432"}},{"type":"Feature","geometry":{"type":"LineString","coordinates":[[-0.33972,52.0172],[-0.33985,52.01713]]},"properties":{"name":"Shefford Road","category":"tertiary","osm_type":"way","osm_id":"236051327"}},{"type":"Feature","geometry":{"type":"LineString","coordinates":[[-0.51648,52.11143],[-0.51674,52.11139],[-0.51682,52.11155],[-0.51654,52.11159],[-0.51648,52.11143]]},"properties":{"name":"Secondary and tertiary roads","category":"tertiary","osm_type":"way","osm_id":"236515977"}},{"type":"Feature","geometry":{"type":"LineString","coordinates":[[-0.51647,52.11154],[-0.51566,52.11178]]},"properties":{"name":"Secondary and tertiary roads","category":"tertiary","osm_type":"way","osm_id":"236515978"}},{"type":"Feature","geometry":{"type":"LineString","coordinates":[[-0.52137,52.0073],[-0.5139,52.01032]]},"properties":{"name":"Flitwick Road","category":"tertiary","osm_type":"way","osm_id":"236970723","ref":"C100"}},{"type":"Feature","geometry":{"type":"LineString","coordinates":[[-0.53191,52.12253],[-0.53447,52.12225],[-0.53612,52.12313],[-0.54057,52.12453]]},"properties":{"name":"B560","category":"secondary","osm_type":"way","osm_id":"237153745","ref":"B560"}},{"type":"Feature","geometry":{"type":"LineString","coordinates":[[-0.52643,52.12145],[-0.52854,52.12147],[-0.53191,52.12253]]},"properties":{"name":"B560","category":"secondary","osm_type":"way","osm_id":"237153747","ref":"B560"}},{"type":"Feature","geometry":{"type":"LineString","coordinates":[[-0.60863,52.06855],[-0.6086,52.06858]]},"properties":{"name":"High Street","category":"tertiary","osm_type":"way","osm_id":"237765976"}},{"type":"Feature","geometry":{"type":"LineString","coordinates":[[-0.48598,52.15715],[-0.48715,52.15824],[-0.48892,52.15905]]},"properties":{"name":"Bedford Road","category":"tertiary","osm_type":"way","osm_id":"237949995"}},{"type":"Feature","geometry":{"type":"LineString","coordinates":[[-0.50728,52.16543],[-0.5074,52.16551]]},"properties":{"name":"Secondary and tertiary roads","category":"tertiary","osm_type":"way","osm_id":"237996545"}},{"type":"Feature","geometry":{"type":"LineString","coordinates":[[-0.51006,52.16532],[-0.50987,52.16544],[-0.50968,52.16529],[-0.50992,52.1652],[-0.51006,52.16532]]},"properties":{"name":"Secondary and tertiary roads","category":"tertiary","osm_type":"way","osm_id":"237996729"}},{"type":"Feature","geometry":{"type":"LineString","coordinates":[[-0.5074,52.16551],[-0.50728,52.16543]]},"properties":{"name":"Secondary and tertiary roads","category":"tertiary","osm_type":"way","osm_id":"238118180"}},{"type":"Feature","geometry":{"type":"LineString","coordinates":[[-0.73969,52.4664],[-0.73908,52.46647]]},"properties":{"name":"Secondary and tertiary roads","category":"tertiary","osm_type":"way","osm_id":"238381249"}},{"type":"Feature","geometry":{"type":"LineString","coordinates":[[-0.68934,52.49874],[-0.68619,52.49495]]},"properties":{"name":"Rockingham Road","category":"tertiary","osm_type":"way","osm_id":"238392680"}},{"type":"Feature","geometry":{"type":"LineString","coordinates":[[-0.71471,52.48294],[-0.71482,52.48398],[-0.71363,52.4848],[-0.7088,52.48617],[-0.70528,52.48611]]},"properties":{"name":"Jubilee Avenue","category":"tertiary","osm_type":"way","osm_id":"238392681"}},{"type":"Feature","geometry":{"type":"LineString","coordinates":[[-0.7383,52.47651],[-0.73497,52.47576]]},"properties":{"name":"Danesholme Road","category":"tertiary","osm_type":"way","osm_id":"238392684"}},{"type":"Feature","geometry":{"type":"LineString","coordinates":[[-0.71526,52.48408],[-0.71482,52.48398]]},"properties":{"name":"Beanfield Avenue","category":"tertiary","osm_type":"way","osm_id":"238392686"}},{"type":"Feature","geometry":{"type":"LineString","coordinates":[[-0.55207,52.39541],[-0.55559,52.39553]]},"properties":{"name":"Kettering Road","category":"tertiary","osm_type":"way","osm_id":"238393767"}},{"type":"Feature","geometry":{"type":"LineString","coordinates":[[-0.58055,52.28576],[-0.58088,52.28593]]},"properties":{"name":"Newton Road","category":"tertiary","osm_type":"way","osm_id":"238399655"}},{"type":"Feature","geometry":{"type":"LineString","coordinates":[[-0.2637,52.23978],[-0.26907,52.23361],[-0.26928,52.2326],[-0.26855,52.23126]]},"properties":{"name":"B1041","category":"secondary","osm_type":"way","osm_id":"238400687","ref":"B1041"}},{"type":"Feature","geometry":{"type":"LineString","coordinates":[[-0.98063,52.12667],[-0.97488,52.12341]]},"properties":{"name":"London Road","category":"tertiary","osm_type":"way","osm_id":"238404817","operator":"National Highways"}},{"type":"Feature","geometry":{"type":"LineString","coordinates":[[-0.72549,52.30849],[-0.72626,52.3086]]},"properties":{"name":"Sywell Road","category":"tertiary","osm_type":"way","osm_id":"238492197"}},{"type":"Feature","geometry":{"type":"LineString","coordinates":[[-0.50984,52.11382],[-0.50972,52.11385]]},"properties":{"name":"Ridge Road","category":"secondary","osm_type":"way","osm_id":"238522407","ref":"B560"}},{"type":"Feature","geometry":{"type":"LineString","coordinates":[[-0.6009,52.01151],[-0.60012,52.01193]]},"properties":{"name":"Mill Road","category":"secondary","osm_type":"way","osm_id":"238686906","ref":"B5704"}},{"type":"Feature","geometry":{"type":"LineString","coordinates":[[-0.59979,52.01195],[-0.60007,52.01191],[-0.60015,52.01209],[-0.59986,52.01214],[-0.59979,52.01195]]},"properties":{"name":"Secondary and tertiary roads","category":"secondary","osm_type":"way","osm_id":"238686907"}},{"type":"Feature","geometry":{"type":"LineString","coordinates":[[-0.60696,52.00624],[-0.60619,52.00716]]},"properties":{"name":"B5704","category":"secondary","osm_type":"way","osm_id":"238686939","ref":"B5704"}},{"type":"Feature","geometry":{"type":"LineString","coordinates":[[-0.64498,52.00874],[-0.64358,52.00571],[-0.64342,52.00263],[-0.64136,52.00037]]},"properties":{"name":"Woburn Road","category":"tertiary","osm_type":"way","osm_id":"238687067"}},{"type":"Feature","geometry":{"type":"LineString","coordinates":[[-0.18588,52.3406],[-0.18399,52.34459],[-0.1825,52.35059]]},"properties":{"name":"St Peter's Road","category":"tertiary","osm_type":"way","osm_id":"238803793"}},{"type":"Feature","geometry":{"type":"LineString","coordinates":[[-0.1823,52.35172],[-0.18213,52.352]]},"properties":{"name":"Saint Peter's Road","category":"tertiary","osm_type":"way","osm_id":"238803794"}},{"type":"Feature","geometry":{"type":"LineString","coordinates":[[-0.50719,52.10095],[-0.50519,52.1024]]},"properties":{"name":"Woburn Road","category":"tertiary","osm_type":"way","osm_id":"238813975"}},{"type":"Feature","geometry":{"type":"LineString","coordinates":[[-0.48161,52.10872],[-0.48097,52.1071]]},"properties":{"name":"Ampthill Road","category":"secondary","osm_type":"way","osm_id":"238814179","ref":"B530"}},{"type":"Feature","geometry":{"type":"LineString","coordinates":[[-0.90054,52.25943],[-0.90069,52.25942]]},"properties":{"name":"Secondary and tertiary roads","category":"tertiary","osm_type":"way","osm_id":"238822573"}},{"type":"Feature","geometry":{"type":"LineString","coordinates":[[-0.92536,52.24737],[-0.92519,52.24748]]},"properties":{"name":"Bants Lane","category":"tertiary","osm_type":"way","osm_id":"238822574"}},{"type":"Feature","geometry":{"type":"LineString","coordinates":[[-0.89951,52.15341],[-0.898,52.15714]]},"properties":{"name":"Stratford Road","category":"tertiary","osm_type":"way","osm_id":"238824127"}},{"type":"Feature","geometry":{"type":"LineString","coordinates":[[-0.52754,52.09735],[-0.52673,52.09876],[-0.52739,52.10042],[-0.52626,52.10124],[-0.52596,52.10235],[-0.52861,52.10395]]},"properties":{"name":"Bedford Road","category":"tertiary","osm_type":"way","osm_id":"238824815"}},{"type":"Feature","geometry":{"type":"LineString","coordinates":[[-0.02552,52.05103],[-0.02593,52.05207]]},"properties":{"name":"Kneesworth Street","category":"tertiary","osm_type":"way","osm_id":"238842182"}},{"type":"Feature","geometry":{"type":"LineString","coordinates":[[-0.02556,52.05092],[-0.02552,52.05103]]},"properties":{"name":"Kneesworth Street","category":"tertiary","osm_type":"way","osm_id":"238842185"}},{"type":"Feature","geometry":{"type":"LineString","coordinates":[[-0.30051,52.10062],[-0.30003,52.09916]]},"properties":{"name":"Secondary and tertiary roads","category":"tertiary","osm_type":"way","osm_id":"238917601"}},{"type":"Feature","geometry":{"type":"LineString","coordinates":[[-0.48926,52.08667],[-0.48958,52.085]]},"properties":{"name":"Bedford Road","category":"secondary","osm_type":"way","osm_id":"238919269","ref":"B530"}},{"type":"Feature","geometry":{"type":"LineString","coordinates":[[-0.49782,52.04602],[-0.49688,52.04393],[-0.49484,52.04157],[-0.49454,52.03897],[-0.49636,52.03758]]},"properties":{"name":"Hazelwood Lane","category":"secondary","osm_type":"way","osm_id":"238919270","ref":"B530"}},{"type":"Feature","geometry":{"type":"LineString","coordinates":[[-0.49521,52.03555],[-0.49443,52.03333],[-0.49295,52.03181]]},"properties":{"name":"Bedford Street","category":"secondary","osm_type":"way","osm_id":"238919271","ref":"B530"}},{"type":"Feature","geometry":{"type":"LineString","coordinates":[[-0.96348,52.12157],[-0.96323,52.12269],[-0.96436,52.12397],[-0.96039,52.12786],[-0.95937,52.12973],[-0.95813,52.13052],[-0.95713,52.13322],[-0.95355,52.13381],[-0.93975,52.14108]]},"properties":{"name":"Secondary and tertiary roads","category":"tertiary","osm_type":"way","osm_id":"239019091"}},{"type":"Feature","geometry":{"type":"LineString","coordinates":[[-0.55663,52.03105],[-0.5566,52.03079]]},"properties":{"name":"C85","category":"tertiary","osm_type":"way","osm_id":"239136387","ref":"C85"}},{"type":"Feature","geometry":{"type":"LineString","coordinates":[[-0.5779,52.01563],[-0.57651,52.01615]]},"properties":{"name":"High Street","category":"tertiary","osm_type":"way","osm_id":"239136391","ref":"C76"}},{"type":"Feature","geometry":{"type":"LineString","coordinates":[[-0.57825,52.01547],[-0.5779,52.01563]]},"properties":{"name":"High Street","category":"tertiary","osm_type":"way","osm_id":"239156730","ref":"C76"}},{"type":"Feature","geometry":{"type":"LineString","coordinates":[[-0.51245,52.01023],[-0.51293,52.01052]]},"properties":{"name":"Steppingley Road","category":"tertiary","osm_type":"way","osm_id":"239493003","ref":"C103"}},{"type":"Feature","geometry":{"type":"LineString","coordinates":[[-0.52056,52.02368],[-0.52185,52.02658],[-0.52196,52.02849]]},"properties":{"name":"Fordfield Road","category":"tertiary","osm_type":"way","osm_id":"239493665","ref":"C103"}},{"type":"Feature","geometry":{"type":"LineString","coordinates":[[-0.5886,52.37106],[-0.58621,52.37176],[-0.58627,52.37293],[-0.58402,52.37521],[-0.58268,52.37886],[-0.5814,52.38027]]},"properties":{"name":"Secondary and tertiary roads","category":"tertiary","osm_type":"way","osm_id":"240211313"}},{"type":"Feature","geometry":{"type":"LineString","coordinates":[[-0.15504,52.40307],[-0.15488,52.40451]]},"properties":{"name":"Upwood Road","category":"tertiary","osm_type":"way","osm_id":"241026721"}},{"type":"Feature","geometry":{"type":"LineString","coordinates":[[-0.89647,52.16299],[-0.89688,52.16387]]},"properties":{"name":"Northampton Road","category":"tertiary","osm_type":"way","osm_id":"241248785"}},{"type":"Feature","geometry":{"type":"LineString","coordinates":[[-0.49815,52.0044],[-0.50183,52.00588]]},"properties":{"name":"Steppingley Road","category":"tertiary","osm_type":"way","osm_id":"242712100","ref":"C103"}},{"type":"Feature","geometry":{"type":"LineString","coordinates":[[-0.96133,52.16524],[-0.96039,52.16527]]},"properties":{"name":"Towcester Road","category":"tertiary","osm_type":"way","osm_id":"243384749"}},{"type":"Feature","geometry":{"type":"LineString","coordinates":[[-0.96439,52.15927],[-0.96482,52.15896]]},"properties":{"name":"Secondary and tertiary roads","category":"tertiary_link","osm_type":"way","osm_id":"243384751"}},{"type":"Feature","geometry":{"type":"LineString","coordinates":[[-0.96172,52.16506],[-0.96133,52.16524]]},"properties":{"name":"Towcester Road","category":"tertiary","osm_type":"way","osm_id":"243384753"}},{"type":"Feature","geometry":{"type":"LineString","coordinates":[[-0.96098,52.16522],[-0.96072,52.16505]]},"properties":{"name":"Towcester Road","category":"tertiary","osm_type":"way","osm_id":"243385099"}},{"type":"Feature","geometry":{"type":"LineString","coordinates":[[-0.98062,52.14655],[-0.98034,52.14627]]},"properties":{"name":"Northampton Road","category":"tertiary","osm_type":"way","osm_id":"243393929"}},{"type":"Feature","geometry":{"type":"LineString","coordinates":[[-0.98046,52.14635],[-0.98092,52.14637]]},"properties":{"name":"Secondary and tertiary roads","category":"tertiary","osm_type":"way","osm_id":"243393930"}},{"type":"Feature","geometry":{"type":"LineString","coordinates":[[-0.98071,52.14649],[-0.98079,52.14668]]},"properties":{"name":"Northampton Road","category":"tertiary","osm_type":"way","osm_id":"243394734"}},{"type":"Feature","geometry":{"type":"LineString","coordinates":[[-0.98021,52.14678],[-0.98044,52.14643]]},"properties":{"name":"Secondary and tertiary roads","category":"tertiary","osm_type":"way","osm_id":"243394735"}},{"type":"Feature","geometry":{"type":"LineString","coordinates":[[-0.99724,52.13974],[-0.99757,52.13982]]},"properties":{"name":"Towcester Road","category":"tertiary","osm_type":"way","osm_id":"243403855"}},{"type":"Feature","geometry":{"type":"LineString","coordinates":[[-0.99757,52.13982],[-0.9972,52.13984]]},"properties":{"name":"Towcester Road","category":"tertiary","osm_type":"way","osm_id":"243403856"}},{"type":"Feature","geometry":{"type":"LineString","coordinates":[[-0.99632,52.1397],[-0.99634,52.13944]]},"properties":{"name":"Watling Street","category":"tertiary","osm_type":"way","osm_id":"243403857","operator":"National Highways"}},{"type":"Feature","geometry":{"type":"LineString","coordinates":[[-0.73339,52.44098],[-0.73285,52.44076]]},"properties":{"name":"Newton Road","category":"tertiary","osm_type":"way","osm_id":"243656473"}},{"type":"Feature","geometry":{"type":"LineString","coordinates":[[-0.8025,52.41696],[-0.80251,52.41725]]},"properties":{"name":"Kettering Road","category":"secondary","osm_type":"way","osm_id":"245185296","ref":"B669"}},{"type":"Feature","geometry":{"type":"LineString","coordinates":[[-0.80239,52.41749],[-0.80251,52.41725]]},"properties":{"name":"Kettering Road","category":"secondary","osm_type":"way","osm_id":"245185298","ref":"B669"}},{"type":"Feature","geometry":{"type":"LineString","coordinates":[[-0.02961,52.18366],[-0.03221,52.18177]]},"properties":{"name":"Church Lane","category":"tertiary","osm_type":"way","osm_id":"245516704"}},{"type":"Feature","geometry":{"type":"LineString","coordinates":[[-0.02975,52.19398],[-0.02782,52.19943]]},"properties":{"name":"Main Street","category":"tertiary","osm_type":"way","osm_id":"245516706"}},{"type":"Feature","geometry":{"type":"LineString","coordinates":[[-0.02916,52.18378],[-0.02745,52.18335],[-0.02565,52.18352]]},"properties":{"name":"B1046","category":"secondary","osm_type":"way","osm_id":"245516713","ref":"B1046"}},{"type":"Feature","geometry":{"type":"LineString","coordinates":[[-0.03302,52.10096],[-0.03217,52.09923],[-0.03291,52.09735]]},"properties":{"name":"Church Street","category":"tertiary","osm_type":"way","osm_id":"245524148"}},{"type":"Feature","geometry":{"type":"LineString","coordinates":[[-0.03291,52.09735],[-0.03321,52.09717]]},"properties":{"name":"Church Street","category":"tertiary","osm_type":"way","osm_id":"245524149"}},{"type":"Feature","geometry":{"type":"LineString","coordinates":[[-0.03744,52.08192],[-0.03837,52.08195]]},"properties":{"name":"Chestnut Lane","category":"tertiary","osm_type":"way","osm_id":"245803120"}},{"type":"Feature","geometry":{"type":"LineString","coordinates":[[-0.03419,52.08208],[-0.0344,52.08202]]},"properties":{"name":"Kneesworth Road","category":"tertiary","osm_type":"way","osm_id":"245803121"}},{"type":"Feature","geometry":{"type":"LineString","coordinates":[[-0.54234,52.14931],[-0.54534,52.14892],[-0.54957,52.15034],[-0.55061,52.15016]]},"properties":{"name":"Northampton Road","category":"tertiary","osm_type":"way","osm_id":"248143480"}},{"type":"Feature","geometry":{"type":"LineString","coordinates":[[-0.4634,52.11159],[-0.46434,52.1106],[-0.46874,52.10979],[-0.47072,52.11062],[-0.47245,52.11291]]},"properties":{"name":"Abbey Fields","category":"tertiary","osm_type":"way","osm_id":"249132066"}},{"type":"Feature","geometry":{"type":"LineString","coordinates":[[-0.45873,52.11422],[-0.45753,52.11424]]},"properties":{"name":"Abbey Fields","category":"tertiary","osm_type":"way","osm_id":"249132067"}},{"type":"Feature","geometry":{"type":"LineString","coordinates":[[-0.45048,52.11491],[-0.45139,52.11481]]},"properties":{"name":"Abbey Fields","category":"tertiary","osm_type":"way","osm_id":"249132068"}},{"type":"Feature","geometry":{"type":"LineString","coordinates":[[-0.45139,52.11481],[-0.45214,52.11475]]},"properties":{"name":"Abbey Fields","category":"tertiary","osm_type":"way","osm_id":"249132069"}},{"type":"Feature","geometry":{"type":"LineString","coordinates":[[-0.46046,52.11417],[-0.45955,52.11419]]},"properties":{"name":"Abbey Fields","category":"tertiary","osm_type":"way","osm_id":"249132070"}},{"type":"Feature","geometry":{"type":"LineString","coordinates":[[-0.45753,52.11424],[-0.45543,52.11436]]},"properties":{"name":"Abbey Fields","category":"tertiary","osm_type":"way","osm_id":"249132071"}},{"type":"Feature","geometry":{"type":"LineString","coordinates":[[-0.73673,52.4601],[-0.7364,52.46027]]},"properties":{"name":"Saxon Way West","category":"tertiary","osm_type":"way","osm_id":"249519584"}},{"type":"Feature","geometry":{"type":"LineString","coordinates":[[-0.60247,52.02837],[-0.60232,52.02873]]},"properties":{"name":"Bedford Road","category":"tertiary","osm_type":"way","osm_id":"249816770"}},{"type":"Feature","geometry":{"type":"LineString","coordinates":[[-0.42633,52.05715],[-0.41909,52.05864],[-0.41247,52.05771],[-0.40888,52.05883]]},"properties":{"name":"Church End Road","category":"tertiary","osm_type":"way","osm_id":"254045710"}},{"type":"Feature","geometry":{"type":"LineString","coordinates":[[-0.43773,52.02644],[-0.43306,52.02591]]},"properties":{"name":"Clophill Road","category":"tertiary","osm_type":"way","osm_id":"254045711","ref":"C100"}},{"type":"Feature","geometry":{"type":"LineString","coordinates":[[-0.47843,52.01904],[-0.47792,52.01998]]},"properties":{"name":"Flitwick Road","category":"tertiary","osm_type":"way","osm_id":"254045713"}},{"type":"Feature","geometry":{"type":"LineString","coordinates":[[-0.47792,52.01998],[-0.47564,52.0243],[-0.47548,52.0272],[-0.47357,52.02994],[-0.4713,52.03104]]},"properties":{"name":"Flitwick Road","category":"tertiary","osm_type":"way","osm_id":"254045714"}},{"type":"Feature","geometry":{"type":"LineString","coordinates":[[-0.50378,52.01626],[-0.50365,52.01644]]},"properties":{"name":"Froghall Road","category":"tertiary","osm_type":"way","osm_id":"254045715","ref":"C100"}},{"type":"Feature","geometry":{"type":"LineString","coordinates":[[-0.37769,52.0612],[-0.3801,52.06144],[-0.38416,52.06075],[-0.38682,52.06083]]},"properties":{"name":"Northwood End Road","category":"tertiary","osm_type":"way","osm_id":"254045716"}},{"type":"Feature","geometry":{"type":"LineString","coordinates":[[-0.31131,52.11731],[-0.31046,52.11792],[-0.30864,52.11814]]},"properties":{"name":"Thorncote Road","category":"tertiary","osm_type":"way","osm_id":"254045718"}},{"type":"Feature","geometry":{"type":"LineString","coordinates":[[-0.32809,52.09223],[-0.32766,52.09386],[-0.32336,52.09502]]},"properties":{"name":"Warden Road","category":"tertiary","osm_type":"way","osm_id":"254045719"}},{"type":"Feature","geometry":{"type":"LineString","coordinates":[[-0.31475,52.09015],[-0.30128,52.0908]]},"properties":{"name":"Secondary and tertiary roads","category":"tertiary","osm_type":"way","osm_id":"254045722"}},{"type":"Feature","geometry":{"type":"LineString","coordinates":[[-0.80236,52.41636],[-0.80256,52.41654]]},"properties":{"name":"Secondary and tertiary roads","category":"tertiary","osm_type":"way","osm_id":"254555770"}},{"type":"Feature","geometry":{"type":"LineString","coordinates":[[-0.02424,52.04819],[-0.02402,52.04817]]},"properties":{"name":"Secondary and tertiary roads","category":"tertiary","osm_type":"way","osm_id":"254928825"}},{"type":"Feature","geometry":{"type":"LineString","coordinates":[[-0.00304,52.16159],[-0.00652,52.16281]]},"properties":{"name":"Church Street","category":"tertiary","osm_type":"way","osm_id":"254937938"}},{"type":"Feature","geometry":{"type":"LineString","coordinates":[[0.00092,52.15946],[-0.00165,52.16074]]},"properties":{"name":"Harlton Road","category":"tertiary","osm_type":"way","osm_id":"254937939"}},{"type":"Feature","geometry":{"type":"LineString","coordinates":[[-0.01266,52.1695],[-0.01482,52.1709],[-0.019,52.17164]]},"properties":{"name":"Kingston Road","category":"tertiary","osm_type":"way","osm_id":"254938346"}},{"type":"Feature","geometry":{"type":"LineString","coordinates":[[-0.01038,52.16755],[-0.00981,52.16861]]},"properties":{"name":"High Street","category":"tertiary","osm_type":"way","osm_id":"254938348"}},{"type":"Feature","geometry":{"type":"LineString","coordinates":[[-0.82478,52.44778],[-0.82439,52.44769]]},"properties":{"name":"Harborough Road","category":"secondary","osm_type":"way","osm_id":"255344744","ref":"B576"}},{"type":"Feature","geometry":{"type":"LineString","coordinates":[[-0.82408,52.44748],[-0.82404,52.44725]]},"properties":{"name":"Harborough Road","category":"secondary","osm_type":"way","osm_id":"255344745","ref":"B576"}},{"type":"Feature","geometry":{"type":"LineString","coordinates":[[-0.82478,52.44778],[-0.82651,52.44938]]},"properties":{"name":"Harborough Road","category":"secondary","osm_type":"way","osm_id":"255344746","ref":"B576"}},{"type":"Feature","geometry":{"type":"LineString","coordinates":[[-0.82404,52.44725],[-0.82291,52.44533]]},"properties":{"name":"Harborough Road","category":"secondary","osm_type":"way","osm_id":"255344747","ref":"B576"}},{"type":"Feature","geometry":{"type":"LineString","coordinates":[[-0.82651,52.44938],[-0.82689,52.44961]]},"properties":{"name":"Harborough Road","category":"secondary","osm_type":"way","osm_id":"255346268","ref":"B576"}},{"type":"Feature","geometry":{"type":"LineString","coordinates":[[-0.82656,52.44971],[-0.82651,52.44938]]},"properties":{"name":"Harborough Road","category":"secondary","osm_type":"way","osm_id":"255346269","ref":"B576"}},{"type":"Feature","geometry":{"type":"LineString","coordinates":[[-0.82724,52.44979],[-0.82766,52.45014]]},"properties":{"name":"Harborough Road","category":"secondary","osm_type":"way","osm_id":"255346270","ref":"B576"}},{"type":"Feature","geometry":{"type":"LineString","coordinates":[[-0.82766,52.45014],[-0.82712,52.44999]]},"properties":{"name":"Harborough Road","category":"secondary","osm_type":"way","osm_id":"255346271","ref":"B576"}},{"type":"Feature","geometry":{"type":"LineString","coordinates":[[-0.82206,52.45591],[-0.82145,52.45663],[-0.81896,52.45696],[-0.81715,52.45921],[-0.81458,52.46065]]},"properties":{"name":"Stoke Road","category":"secondary","osm_type":"way","osm_id":"255346272","ref":"B669"}},{"type":"Feature","geometry":{"type":"LineString","coordinates":[[-0.82699,52.45004],[-0.82673,52.45021]]},"properties":{"name":"Stoke Road","category":"secondary","osm_type":"way","osm_id":"255346273","ref":"B669"}},{"type":"Feature","geometry":{"type":"LineString","coordinates":[[-0.80235,52.41655],[-0.80236,52.41636]]},"properties":{"name":"Secondary and tertiary roads","category":"tertiary","osm_type":"way","osm_id":"255726985"}},{"type":"Feature","geometry":{"type":"LineString","coordinates":[[-0.79487,52.40037],[-0.7973,52.39924]]},"properties":{"name":"Secondary and tertiary roads","category":"tertiary","osm_type":"way","osm_id":"255726986"}},{"type":"Feature","geometry":{"type":"LineString","coordinates":[[-0.80239,52.41797],[-0.80235,52.41764]]},"properties":{"name":"Kettering Road","category":"secondary","osm_type":"way","osm_id":"255726987","ref":"B669"}},{"type":"Feature","geometry":{"type":"LineString","coordinates":[[-0.80266,52.41771],[-0.80239,52.41797]]},"properties":{"name":"Kettering Road","category":"secondary","osm_type":"way","osm_id":"255726988","ref":"B669"}},{"type":"Feature","geometry":{"type":"LineString","coordinates":[[-0.02379,52.26326],[-0.02533,52.25999],[-0.03085,52.25818]]},"properties":{"name":"High Street","category":"tertiary","osm_type":"way","osm_id":"255858832"}},{"type":"Feature","geometry":{"type":"LineString","coordinates":[[-0.00441,52.30276],[-0.00351,52.30376]]},"properties":{"name":"Station Road (Swavesey)","category":"tertiary","osm_type":"way","osm_id":"255860373"}},{"type":"Feature","geometry":{"type":"LineString","coordinates":[[-0.86418,52.27516],[-0.86216,52.27504],[-0.86141,52.2755]]},"properties":{"name":"Brickyard Spinney Road","category":"tertiary","osm_type":"way","osm_id":"256130195"}},{"type":"Feature","geometry":{"type":"LineString","coordinates":[[-0.86482,52.27542],[-0.86418,52.27516]]},"properties":{"name":"Secondary and tertiary roads","category":"tertiary","osm_type":"way","osm_id":"256130196"}},{"type":"Feature","geometry":{"type":"LineString","coordinates":[[-0.865,52.27516],[-0.86491,52.27525]]},"properties":{"name":"Secondary and tertiary roads","category":"tertiary","osm_type":"way","osm_id":"256130197"}},{"type":"Feature","geometry":{"type":"LineString","coordinates":[[-0.65655,52.01193],[-0.66406,52.01032],[-0.6689,52.00795]]},"properties":{"name":"Bow Brickhill Road","category":"tertiary","osm_type":"way","osm_id":"256160581"}},{"type":"Feature","geometry":{"type":"LineString","coordinates":[[-0.80329,52.4228],[-0.80335,52.42288]]},"properties":{"name":"B576","category":"secondary","osm_type":"way","osm_id":"256347607","ref":"B576"}},{"type":"Feature","geometry":{"type":"LineString","coordinates":[[-0.51627,52.01341],[-0.51836,52.01696]]},"properties":{"name":"Fordfield Road","category":"tertiary","osm_type":"way","osm_id":"256472378","ref":"C103"}},{"type":"Feature","geometry":{"type":"LineString","coordinates":[[-0.51265,52.01129],[-0.50985,52.01248],[-0.50637,52.01527]]},"properties":{"name":"Froghall Road","category":"tertiary","osm_type":"way","osm_id":"256472379","ref":"C100"}},{"type":"Feature","geometry":{"type":"LineString","coordinates":[[-0.5139,52.01032],[-0.5137,52.01047]]},"properties":{"name":"Flitwick Road","category":"tertiary","osm_type":"way","osm_id":"256472380","ref":"C100"}},{"type":"Feature","geometry":{"type":"LineString","coordinates":[[-0.49272,52.03188],[-0.49295,52.03181]]},"properties":{"name":"Church Street","category":"tertiary","osm_type":"way","osm_id":"257413640","ref":"C100"}},{"type":"Feature","geometry":{"type":"LineString","coordinates":[[-0.37807,52.21677],[-0.3793,52.21504],[-0.38326,52.21283]]},"properties":{"name":"Church Road","category":"tertiary","osm_type":"way","osm_id":"258498505","ref":"C5"}},{"type":"Feature","geometry":{"type":"LineString","coordinates":[[-0.15864,52.31983],[-0.15888,52.31926]]},"properties":{"name":"Cambridge Road","category":"secondary","osm_type":"way","osm_id":"258764042","ref":"B1044"}},{"type":"Feature","geometry":{"type":"LineString","coordinates":[[-0.61818,52.06416],[-0.61762,52.06439]]},"properties":{"name":"C70","category":"tertiary","osm_type":"way","osm_id":"260807395","ref":"C70"}},{"type":"Feature","geometry":{"type":"LineString","coordinates":[[-0.62107,52.0627],[-0.62011,52.06333]]},"properties":{"name":"C70","category":"tertiary","osm_type":"way","osm_id":"260807399","ref":"C70"}},{"type":"Feature","geometry":{"type":"LineString","coordinates":[[-0.63136,52.06487],[-0.6256,52.06539],[-0.62011,52.06333]]},"properties":{"name":"Moulsoe Road","category":"tertiary","osm_type":"way","osm_id":"260848484","ref":"C75"}},{"type":"Feature","geometry":{"type":"LineString","coordinates":[[-0.43468,52.1184],[-0.43432,52.11845]]},"properties":{"name":"Wallis Way","category":"tertiary","osm_type":"way","osm_id":"260983035"}},{"type":"Feature","geometry":{"type":"LineString","coordinates":[[-0.44473,52.13455],[-0.44521,52.13455]]},"properties":{"name":"Barkers Lane","category":"tertiary","osm_type":"way","osm_id":"260983039"}},{"type":"Feature","geometry":{"type":"LineString","coordinates":[[-0.44097,52.13299],[-0.43945,52.13277],[-0.43574,52.13337],[-0.43452,52.13458]]},"properties":{"name":"Barkers Lane","category":"tertiary","osm_type":"way","osm_id":"260983058"}},{"type":"Feature","geometry":{"type":"LineString","coordinates":[[-0.11882,52.41401],[-0.11853,52.41403]]},"properties":{"name":"Secondary and tertiary roads","category":"tertiary","osm_type":"way","osm_id":"262862932"}},{"type":"Feature","geometry":{"type":"LineString","coordinates":[[-0.40895,52.27697],[-0.40969,52.2754],[-0.41364,52.27465],[-0.41438,52.27038]]},"properties":{"name":"Kimbolton Road","category":"secondary","osm_type":"way","osm_id":"264028225","ref":"B660"}},{"type":"Feature","geometry":{"type":"LineString","coordinates":[[-0.40893,52.27707],[-0.40895,52.27697]]},"properties":{"name":"Kimbolton Road","category":"secondary","osm_type":"way","osm_id":"264028226","ref":"B660"}},{"type":"Feature","geometry":{"type":"LineString","coordinates":[[-0.219,52.11162],[-0.21164,52.11112],[-0.20797,52.11043]]},"properties":{"name":"High Street","category":"tertiary","osm_type":"way","osm_id":"266618680"}},{"type":"Feature","geometry":{"type":"LineString","coordinates":[[-0.21909,52.11169],[-0.219,52.11162]]},"properties":{"name":"High Street","category":"tertiary","osm_type":"way","osm_id":"266618681"}},{"type":"Feature","geometry":{"type":"LineString","coordinates":[[-0.6316,52.06486],[-0.63136,52.06487]]},"properties":{"name":"Moulsoe Road","category":"tertiary","osm_type":"way","osm_id":"269780122","ref":"C75"}},{"type":"Feature","geometry":{"type":"LineString","coordinates":[[-0.19044,52.33266],[-0.18842,52.33418]]},"properties":{"name":"Edison Bell Way","category":"secondary","osm_type":"way","osm_id":"273015447","ref":"B1044"}},{"type":"Feature","geometry":{"type":"LineString","coordinates":[[-0.18809,52.33388],[-0.18877,52.33385]]},"properties":{"name":"Edison Bell Way","category":"secondary_link","osm_type":"way","osm_id":"273015448","ref":"B1044"}},{"type":"Feature","geometry":{"type":"LineString","coordinates":[[-0.18842,52.33418],[-0.19022,52.33605]]},"properties":{"name":"Ermine Street","category":"secondary","osm_type":"way","osm_id":"273023663","ref":"B1044"}},{"type":"Feature","geometry":{"type":"LineString","coordinates":[[-0.26633,52.24478],[-0.26644,52.24491],[-0.26624,52.24498],[-0.26611,52.24486],[-0.26633,52.24478]]},"properties":{"name":"B1041","category":"secondary","osm_type":"way","osm_id":"276541383","ref":"B1041"}},{"type":"Feature","geometry":{"type":"LineString","coordinates":[[-0.69904,52.29744],[-0.69339,52.29683]]},"properties":{"name":"Croyland Road","category":"secondary","osm_type":"way","osm_id":"280854545","ref":"B571"}},{"type":"Feature","geometry":{"type":"LineString","coordinates":[[-0.69921,52.29746],[-0.69904,52.29744]]},"properties":{"name":"Croyland Road","category":"secondary","osm_type":"way","osm_id":"280854546","ref":"B571"}},{"type":"Feature","geometry":{"type":"LineString","coordinates":[[-0.21784,52.32303],[-0.21838,52.32274]]},"properties":{"name":"Huntingdon Road","category":"secondary","osm_type":"way","osm_id":"280874530","ref":"B1514"}},{"type":"Feature","geometry":{"type":"LineString","coordinates":[[-0.69188,52.2994],[-0.69182,52.29947]]},"properties":{"name":"Doddington Road","category":"tertiary","osm_type":"way","osm_id":"281929657"}},{"type":"Feature","geometry":{"type":"LineString","coordinates":[[-0.69168,52.29964],[-0.69163,52.29986]]},"properties":{"name":"Doddington Road","category":"tertiary","osm_type":"way","osm_id":"281929659"}},{"type":"Feature","geometry":{"type":"LineString","coordinates":[[-0.67802,52.25798],[-0.67754,52.25788]]},"properties":{"name":"Cobbs Lane","category":"tertiary","osm_type":"way","osm_id":"282022656"}},{"type":"Feature","geometry":{"type":"LineString","coordinates":[[-0.6766,52.25787],[-0.67261,52.25781]]},"properties":{"name":"Cobbs Lane","category":"tertiary","osm_type":"way","osm_id":"282022658"}},{"type":"Feature","geometry":{"type":"LineString","coordinates":[[-0.67848,52.25784],[-0.67911,52.25803]]},"properties":{"name":"Grendon Road","category":"tertiary","osm_type":"way","osm_id":"282022661"}},{"type":"Feature","geometry":{"type":"LineString","coordinates":[[-0.67911,52.25803],[-0.67846,52.258]]},"properties":{"name":"Grendon Road","category":"tertiary","osm_type":"way","osm_id":"282022663"}},{"type":"Feature","geometry":{"type":"LineString","coordinates":[[-0.26754,52.41993],[-0.25786,52.38766]]},"properties":{"name":"Stangate Hill","category":"secondary","osm_type":"way","osm_id":"282676973","ref":"B1043"}},{"type":"Feature","geometry":{"type":"LineString","coordinates":[[-0.2774,52.44955],[-0.27829,52.45226]]},"properties":{"name":"B1043","category":"secondary","osm_type":"way","osm_id":"282676974","ref":"B1043"}},{"type":"Feature","geometry":{"type":"LineString","coordinates":[[-0.28608,52.47949],[-0.28422,52.4872],[-0.28434,52.48998],[-0.28516,52.49216],[-0.28948,52.49802]]},"properties":{"name":"B1043","category":"secondary","osm_type":"way","osm_id":"282676975","ref":"B1043"}},{"type":"Feature","geometry":{"type":"LineString","coordinates":[[-0.16564,52.31058],[-0.16801,52.31274]]},"properties":{"name":"London Road","category":"tertiary","osm_type":"way","osm_id":"282679679"}},{"type":"Feature","geometry":{"type":"LineString","coordinates":[[-0.22678,52.05213],[-0.22642,52.05147]]},"properties":{"name":"Secondary and tertiary roads","category":"tertiary","osm_type":"way","osm_id":"283210747"}},{"type":"Feature","geometry":{"type":"LineString","coordinates":[[-0.22712,52.05239],[-0.22684,52.0525]]},"properties":{"name":"Secondary and tertiary roads","category":"tertiary","osm_type":"way","osm_id":"283210748"}},{"type":"Feature","geometry":{"type":"LineString","coordinates":[[-0.22683,52.05228],[-0.22678,52.05213]]},"properties":{"name":"Secondary and tertiary roads","category":"tertiary","osm_type":"way","osm_id":"283210751"}},{"type":"Feature","geometry":{"type":"LineString","coordinates":[[-0.22684,52.0525],[-0.22596,52.05289]]},"properties":{"name":"Secondary and tertiary roads","category":"tertiary","osm_type":"way","osm_id":"283210752"}},{"type":"Feature","geometry":{"type":"LineString","coordinates":[[-0.22693,52.05226],[-0.22712,52.05239]]},"properties":{"name":"Secondary and tertiary roads","category":"tertiary","osm_type":"way","osm_id":"283210753"}},{"type":"Feature","geometry":{"type":"LineString","coordinates":[[-0.22684,52.0525],[-0.22683,52.05228]]},"properties":{"name":"Secondary and tertiary roads","category":"tertiary","osm_type":"way","osm_id":"283210754"}},{"type":"Feature","geometry":{"type":"LineString","coordinates":[[-0.58885,52.20955],[-0.58863,52.21042],[-0.58761,52.21124]]},"properties":{"name":"High Street","category":"tertiary","osm_type":"way","osm_id":"284094644"}},{"type":"Feature","geometry":{"type":"LineString","coordinates":[[-0.54423,52.2261],[-0.54172,52.22492]]},"properties":{"name":"High Street","category":"tertiary","osm_type":"way","osm_id":"284094646"}},{"type":"Feature","geometry":{"type":"LineString","coordinates":[[-0.58582,52.21159],[-0.58232,52.21206]]},"properties":{"name":"High Street","category":"tertiary","osm_type":"way","osm_id":"284094650"}},{"type":"Feature","geometry":{"type":"LineString","coordinates":[[-0.60278,52.20047],[-0.60323,52.20218]]},"properties":{"name":"Secondary and tertiary roads","category":"tertiary","osm_type":"way","osm_id":"284094652"}},{"type":"Feature","geometry":{"type":"LineString","coordinates":[[-0.51898,52.14438],[-0.51631,52.14405],[-0.51596,52.14349]]},"properties":{"name":"Bromham Road","category":"tertiary","osm_type":"way","osm_id":"284094653"}},{"type":"Feature","geometry":{"type":"LineString","coordinates":[[-0.53663,52.22431],[-0.53498,52.22442]]},"properties":{"name":"Kennell Hill","category":"tertiary","osm_type":"way","osm_id":"284094655"}},{"type":"Feature","geometry":{"type":"LineString","coordinates":[[-0.54925,52.2238],[-0.55264,52.22182],[-0.55323,52.22106]]},"properties":{"name":"Odell Road","category":"tertiary","osm_type":"way","osm_id":"284094658"}},{"type":"Feature","geometry":{"type":"LineString","coordinates":[[-0.02948,52.0598],[-0.02958,52.05994]]},"properties":{"name":"Secondary and tertiary roads","category":"tertiary","osm_type":"way","osm_id":"284652634"}},{"type":"Feature","geometry":{"type":"LineString","coordinates":[[-0.73972,52.0222],[-0.73918,52.02198]]},"properties":{"name":"V7 Saxon Street","category":"tertiary","osm_type":"way","osm_id":"285358040"}},{"type":"Feature","geometry":{"type":"LineString","coordinates":[[-0.92469,52.14814],[-0.92338,52.15084]]},"properties":{"name":"Stoke Road","category":"tertiary","osm_type":"way","osm_id":"288233012"}},{"type":"Feature","geometry":{"type":"LineString","coordinates":[[-0.92471,52.14805],[-0.92469,52.14814]]},"properties":{"name":"Stoke Road","category":"tertiary","osm_type":"way","osm_id":"288233013"}},{"type":"Feature","geometry":{"type":"LineString","coordinates":[[-0.00434,52.38297],[-0.00543,52.38291],[-0.00769,52.38185]]},"properties":{"name":"High Street","category":"secondary","osm_type":"way","osm_id":"290055821","ref":"B1086"}},{"type":"Feature","geometry":{"type":"LineString","coordinates":[[-0.07259,52.40577],[-0.07198,52.40672],[-0.07252,52.40808],[-0.07505,52.41009],[-0.07619,52.41209]]},"properties":{"name":"Station Road","category":"tertiary","osm_type":"way","osm_id":"290055826"}},{"type":"Feature","geometry":{"type":"LineString","coordinates":[[-0.08538,52.40302],[-0.08533,52.40331]]},"properties":{"name":"Church Road","category":"secondary","osm_type":"way","osm_id":"290055827","ref":"B1040"}},{"type":"Feature","geometry":{"type":"LineString","coordinates":[[-0.08726,52.39784],[-0.08771,52.39892]]},"properties":{"name":"B1040","category":"secondary","osm_type":"way","osm_id":"290055829","ref":"B1040"}},{"type":"Feature","geometry":{"type":"LineString","coordinates":[[-0.11452,52.44012],[-0.11464,52.44035]]},"properties":{"name":"High Street","category":"secondary","osm_type":"way","osm_id":"290059736","ref":"B1040"}},{"type":"Feature","geometry":{"type":"LineString","coordinates":[[-0.11487,52.44011],[-0.11533,52.4395]]},"properties":{"name":"Upwood Road","category":"tertiary","osm_type":"way","osm_id":"290059738"}},{"type":"Feature","geometry":{"type":"LineString","coordinates":[[-0.11533,52.4395],[-0.12096,52.43478]]},"properties":{"name":"Upwood Road","category":"tertiary","osm_type":"way","osm_id":"290059740"}},{"type":"Feature","geometry":{"type":"LineString","coordinates":[[-0.11146,52.43775],[-0.11283,52.43844],[-0.1129,52.43968],[-0.11452,52.44012]]},"properties":{"name":"High Street","category":"secondary","osm_type":"way","osm_id":"290059741","ref":"B1040"}},{"type":"Feature","geometry":{"type":"LineString","coordinates":[[-0.15741,52.4446],[-0.15605,52.44296],[-0.15561,52.4415],[-0.15621,52.43486],[-0.15576,52.43352],[-0.15303,52.43186],[-0.14849,52.43111]]},"properties":{"name":"Longholme Road","category":"tertiary","osm_type":"way","osm_id":"290060326"}},{"type":"Feature","geometry":{"type":"LineString","coordinates":[[-0.63402,52.04364],[-0.63482,52.04376]]},"properties":{"name":"C76","category":"tertiary","osm_type":"way","osm_id":"291227630","ref":"C76"}},{"type":"Feature","geometry":{"type":"LineString","coordinates":[[-0.46893,52.48257],[-0.46872,52.48101]]},"properties":{"name":"New Street","category":"tertiary","osm_type":"way","osm_id":"297121352"}},{"type":"Feature","geometry":{"type":"LineString","coordinates":[[-0.24617,52.22779],[-0.24579,52.22769]]},"properties":{"name":"Cambridge Road","category":"secondary","osm_type":"way","osm_id":"301119179"}},{"type":"Feature","geometry":{"type":"LineString","coordinates":[[-0.27628,52.22714],[-0.27594,52.227]]},"properties":{"name":"Crosshall Road","category":"secondary","osm_type":"way","osm_id":"301119181","ref":"B1048"}},{"type":"Feature","geometry":{"type":"LineString","coordinates":[[-0.27558,52.22695],[-0.2752,52.22688]]},"properties":{"name":"St Neots Road","category":"secondary","osm_type":"way","osm_id":"301119197","ref":"B1428"}},{"type":"Feature","geometry":{"type":"LineString","coordinates":[[-0.24713,52.22759],[-0.24683,52.2277]]},"properties":{"name":"Cambridge Road","category":"secondary","osm_type":"way","osm_id":"301119203","ref":"B1428"}},{"type":"Feature","geometry":{"type":"LineString","coordinates":[[-0.24671,52.22761],[-0.24713,52.22759]]},"properties":{"name":"Cambridge Road","category":"secondary","osm_type":"way","osm_id":"301119215","ref":"B1428"}},{"type":"Feature","geometry":{"type":"LineString","coordinates":[[-0.2752,52.22688],[-0.27579,52.22683]]},"properties":{"name":"St Neots Road","category":"secondary","osm_type":"way","osm_id":"301119220","ref":"B1428"}},{"type":"Feature","geometry":{"type":"LineString","coordinates":[[-0.27646,52.22673],[-0.27615,52.22688]]},"properties":{"name":"St Neots Road","category":"secondary","osm_type":"way","osm_id":"301119223","ref":"B1428"}},{"type":"Feature","geometry":{"type":"LineString","coordinates":[[-0.27628,52.22714],[-0.2767,52.22767],[-0.27601,52.2322],[-0.27658,52.23365],[-0.27768,52.23447],[-0.28179,52.2359]]},"properties":{"name":"Crosshall Road","category":"secondary","osm_type":"way","osm_id":"301119230","ref":"B1048"}},{"type":"Feature","geometry":{"type":"LineString","coordinates":[[-0.25021,52.2279],[-0.25132,52.22788]]},"properties":{"name":"Cambridge Street","category":"secondary","osm_type":"way","osm_id":"301119236","ref":"B1428"}},{"type":"Feature","geometry":{"type":"LineString","coordinates":[[-0.24989,52.22776],[-0.24962,52.22773]]},"properties":{"name":"Cambridge Street","category":"secondary","osm_type":"way","osm_id":"301119239","ref":"B1428"}},{"type":"Feature","geometry":{"type":"LineString","coordinates":[[-0.27615,52.22688],[-0.27582,52.22697]]},"properties":{"name":"Secondary and tertiary roads","category":"secondary","osm_type":"way","osm_id":"301119244"}},{"type":"Feature","geometry":{"type":"LineString","coordinates":[[-0.27605,52.22678],[-0.27646,52.22673]]},"properties":{"name":"St Neots Road","category":"secondary","osm_type":"way","osm_id":"301119251","ref":"B1428"}},{"type":"Feature","geometry":{"type":"LineString","coordinates":[[-0.24579,52.22769],[-0.24618,52.22766]]},"properties":{"name":"Cambridge Road","category":"secondary","osm_type":"way","osm_id":"301119260"}},{"type":"Feature","geometry":{"type":"LineString","coordinates":[[-0.24922,52.22769],[-0.24713,52.22759]]},"properties":{"name":"Cambridge Road","category":"secondary","osm_type":"way","osm_id":"301119262","ref":"B1428"}},{"type":"Feature","geometry":{"type":"LineString","coordinates":[[-0.48116,52.01345],[-0.47976,52.01652]]},"properties":{"name":"Maulden Road","category":"tertiary","osm_type":"way","osm_id":"303540437"}},{"type":"Feature","geometry":{"type":"LineString","coordinates":[[-0.75964,52.25617],[-0.75902,52.25583]]},"properties":{"name":"Grendon Road","category":"secondary","osm_type":"way","osm_id":"304762362","ref":"B573"}},{"type":"Feature","geometry":{"type":"LineString","coordinates":[[-0.75902,52.25583],[-0.75845,52.2548]]},"properties":{"name":"Grendon Road","category":"secondary","osm_type":"way","osm_id":"304762366","ref":"B573"}},{"type":"Feature","geometry":{"type":"LineString","coordinates":[[-0.73596,52.45944],[-0.73584,52.45912]]},"properties":{"name":"Little Colliers Field","category":"tertiary","osm_type":"way","osm_id":"304762369"}},{"type":"Feature","geometry":{"type":"LineString","coordinates":[[-0.73584,52.45912],[-0.73623,52.45919]]},"properties":{"name":"Little Colliers Field","category":"tertiary","osm_type":"way","osm_id":"304762370"}},{"type":"Feature","geometry":{"type":"LineString","coordinates":[[-0.52824,52.13113],[-0.52926,52.13215],[-0.52866,52.13347],[-0.52852,52.13745],[-0.52825,52.13837],[-0.52693,52.13963],[-0.52782,52.14467]]},"properties":{"name":"Box End Road","category":"tertiary","osm_type":"way","osm_id":"305148610"}},{"type":"Feature","geometry":{"type":"LineString","coordinates":[[-0.51989,52.08677],[-0.52348,52.08362],[-0.52573,52.08029],[-0.53169,52.07811]]},"properties":{"name":"C94","category":"tertiary","osm_type":"way","osm_id":"305338262","ref":"C94"}},{"type":"Feature","geometry":{"type":"LineString","coordinates":[[-0.75618,52.10991],[-0.75331,52.10925],[-0.74825,52.10879]]},"properties":{"name":"B526","category":"secondary","osm_type":"way","osm_id":"305546121","ref":"B526"}},{"type":"Feature","geometry":{"type":"LineString","coordinates":[[-0.67729,52.16392],[-0.67785,52.16396]]},"properties":{"name":"Lavendon Road","category":"secondary","osm_type":"way","osm_id":"305546123","ref":"B565"}},{"type":"Feature","geometry":{"type":"LineString","coordinates":[[-0.74825,52.10879],[-0.7433,52.10768],[-0.7382,52.10712],[-0.73433,52.10517],[-0.72715,52.10265],[-0.72314,52.10041]]},"properties":{"name":"B526","category":"secondary","osm_type":"way","osm_id":"305546124","ref":"B526"}},{"type":"Feature","geometry":{"type":"LineString","coordinates":[[-0.67785,52.16396],[-0.68996,52.16542]]},"properties":{"name":"Lavendon Road","category":"secondary","osm_type":"way","osm_id":"305546125","ref":"B565"}},{"type":"Feature","geometry":{"type":"LineString","coordinates":[[-0.75948,52.10491],[-0.75618,52.10991]]},"properties":{"name":"Secondary and tertiary roads","category":"tertiary","osm_type":"way","osm_id":"305546127"}},{"type":"Feature","geometry":{"type":"LineString","coordinates":[[-0.6776,52.15056],[-0.68197,52.14666],[-0.68514,52.14513],[-0.68865,52.14245],[-0.69172,52.14092]]},"properties":{"name":"Newton Road","category":"tertiary","osm_type":"way","osm_id":"305546128"}},{"type":"Feature","geometry":{"type":"LineString","coordinates":[[-0.75367,52.08435],[-0.7508,52.08451]]},"properties":{"name":"Little Linford Lane","category":"tertiary","osm_type":"way","osm_id":"305550815"}},{"type":"Feature","geometry":{"type":"LineString","coordinates":[[-0.75443,52.07724],[-0.75226,52.07805]]},"properties":{"name":"Wolverton Road","category":"tertiary","osm_type":"way","osm_id":"305550816"}},{"type":"Feature","geometry":{"type":"LineString","coordinates":[[-0.78611,52.08255],[-0.78844,52.08141],[-0.79245,52.07836]]},"properties":{"name":"High Street","category":"tertiary","osm_type":"way","osm_id":"305550830"}},{"type":"Feature","geometry":{"type":"LineString","coordinates":[[-0.76723,52.09388],[-0.76368,52.09748]]},"properties":{"name":"Secondary and tertiary roads","category":"tertiary","osm_type":"way","osm_id":"305550831"}},{"type":"Feature","geometry":{"type":"LineString","coordinates":[[-0.84453,52.12866],[-0.84545,52.12976]]},"properties":{"name":"Hartwell Road","category":"tertiary","osm_type":"way","osm_id":"305551874"}},{"type":"Feature","geometry":{"type":"LineString","coordinates":[[-0.84545,52.12976],[-0.84686,52.1309],[-0.84827,52.13419]]},"properties":{"name":"Hartwell Road","category":"tertiary","osm_type":"way","osm_id":"305551883"}},{"type":"Feature","geometry":{"type":"LineString","coordinates":[[-0.62919,52.08788],[-0.62746,52.08749]]},"properties":{"name":"Crawley Road","category":"tertiary","osm_type":"way","osm_id":"305663928","ref":"C127"}},{"type":"Feature","geometry":{"type":"LineString","coordinates":[[-0.62746,52.08749],[-0.62549,52.08628],[-0.62336,52.0867],[-0.62094,52.08666],[-0.61659,52.08501],[-0.61248,52.08447],[-0.60759,52.08201],[-0.60503,52.08148]]},"properties":{"name":"Crawley Road","category":"tertiary","osm_type":"way","osm_id":"305663929","ref":"C74"}},{"type":"Feature","geometry":{"type":"LineString","coordinates":[[-0.45562,52.15698],[-0.4539,52.15682]]},"properties":{"name":"Avon Drive","category":"tertiary","osm_type":"way","osm_id":"305711458"}},{"type":"Feature","geometry":{"type":"LineString","coordinates":[[-0.45747,52.15013],[-0.46355,52.15361]]},"properties":{"name":"Brickhill Drive","category":"tertiary","osm_type":"way","osm_id":"305711460"}},{"type":"Feature","geometry":{"type":"LineString","coordinates":[[-0.45911,52.16078],[-0.45944,52.15959],[-0.45773,52.15787]]},"properties":{"name":"Avon Drive","category":"tertiary","osm_type":"way","osm_id":"305711462"}},{"type":"Feature","geometry":{"type":"LineString","coordinates":[[-0.45418,52.14926],[-0.45392,52.14969]]},"properties":{"name":"Kimbolton Road","category":"secondary","osm_type":"way","osm_id":"305711464","ref":"B660"}},{"type":"Feature","geometry":{"type":"LineString","coordinates":[[-0.65027,52.06699],[-0.64938,52.06599]]},"properties":{"name":"Cranfield Road","category":"tertiary","osm_type":"way","osm_id":"305817043"}},{"type":"Feature","geometry":{"type":"LineString","coordinates":[[-0.64853,52.06562],[-0.64837,52.06553]]},"properties":{"name":"Cranfield Road","category":"tertiary","osm_type":"way","osm_id":"305817044","ref":"C75"}},{"type":"Feature","geometry":{"type":"LineString","coordinates":[[-0.00237,52.13497],[-0.00234,52.13513]]},"properties":{"name":"Malton Road","category":"tertiary_link","osm_type":"way","osm_id":"306850430"}},{"type":"Feature","geometry":{"type":"LineString","coordinates":[[-0.01043,52.13544],[-0.00262,52.13511]]},"properties":{"name":"High Street","category":"tertiary","osm_type":"way","osm_id":"306851580"}},{"type":"Feature","geometry":{"type":"LineString","coordinates":[[-0.01143,52.18687],[-0.0078,52.18663]]},"properties":{"name":"Comberton Road","category":"secondary","osm_type":"way","osm_id":"306853893","ref":"B1046"}},{"type":"Feature","geometry":{"type":"LineString","coordinates":[[-0.2582,52.36411],[-0.25711,52.36322]]},"properties":{"name":"Great North Road","category":"tertiary","osm_type":"way","osm_id":"307212750"}},{"type":"Feature","geometry":{"type":"LineString","coordinates":[[-0.68632,52.25956],[-0.68232,52.25857]]},"properties":{"name":"Grendon Road","category":"tertiary","osm_type":"way","osm_id":"310641529"}},{"type":"Feature","geometry":{"type":"LineString","coordinates":[[-0.67242,52.25394],[-0.67303,52.25383]]},"properties":{"name":"Hinwick Road","category":"secondary","osm_type":"way","osm_id":"310884302","ref":"B569"}},{"type":"Feature","geometry":{"type":"LineString","coordinates":[[-0.47784,52.11411],[-0.4772,52.11491]]},"properties":{"name":"Ampthill Road","category":"secondary","osm_type":"way","osm_id":"311756118"}},{"type":"Feature","geometry":{"type":"LineString","coordinates":[[-0.47698,52.11352],[-0.47716,52.11408],[-0.47784,52.11411]]},"properties":{"name":"Secondary and tertiary roads","category":"secondary","osm_type":"way","osm_id":"311756119"}},{"type":"Feature","geometry":{"type":"LineString","coordinates":[[-0.47905,52.11364],[-0.47796,52.11408]]},"properties":{"name":"Ampthill Road","category":"secondary","osm_type":"way","osm_id":"311756120","ref":"B530"}},{"type":"Feature","geometry":{"type":"LineString","coordinates":[[-0.47796,52.11408],[-0.47784,52.11411]]},"properties":{"name":"Ampthill Road","category":"secondary","osm_type":"way","osm_id":"311756121","ref":"B530"}},{"type":"Feature","geometry":{"type":"LineString","coordinates":[[-0.47784,52.11411],[-0.47699,52.1143]]},"properties":{"name":"Ampthill Road","category":"secondary","osm_type":"way","osm_id":"311756122","ref":"B530"}},{"type":"Feature","geometry":{"type":"LineString","coordinates":[[-0.47825,52.11579],[-0.47748,52.1157]]},"properties":{"name":"Elstow Road","category":"tertiary","osm_type":"way","osm_id":"311756124"}},{"type":"Feature","geometry":{"type":"LineString","coordinates":[[-0.17345,52.31918],[-0.16965,52.31883]]},"properties":{"name":"Cambridge Street","category":"secondary","osm_type":"way","osm_id":"313065918","ref":"B1044"}},{"type":"Feature","geometry":{"type":"LineString","coordinates":[[-0.17497,52.31929],[-0.17511,52.31924]]},"properties":{"name":"Causeway","category":"secondary","osm_type":"way","osm_id":"313065920"}},{"type":"Feature","geometry":{"type":"LineString","coordinates":[[-0.17511,52.31924],[-0.17505,52.31739]]},"properties":{"name":"Causeway","category":"secondary","osm_type":"way","osm_id":"313066489"}},{"type":"Feature","geometry":{"type":"LineString","coordinates":[[-0.67151,52.36831],[-0.67155,52.3671]]},"properties":{"name":"Cranford Road","category":"tertiary","osm_type":"way","osm_id":"314253031"}},{"type":"Feature","geometry":{"type":"LineString","coordinates":[[-0.80223,52.06602],[-0.80263,52.06597]]},"properties":{"name":"Stonebridge Roundabout","category":"tertiary","osm_type":"way","osm_id":"316440865"}},{"type":"Feature","geometry":{"type":"LineString","coordinates":[[-0.80259,52.06643],[-0.80232,52.06624]]},"properties":{"name":"Haversham Road","category":"tertiary","osm_type":"way","osm_id":"316440869"}},{"type":"Feature","geometry":{"type":"LineString","coordinates":[[-0.80226,52.0662],[-0.80179,52.06606]]},"properties":{"name":"Newport Road","category":"tertiary","osm_type":"way","osm_id":"316440887"}},{"type":"Feature","geometry":{"type":"LineString","coordinates":[[-0.80237,52.0657],[-0.80261,52.06596]]},"properties":{"name":"V6 Grafton Street","category":"tertiary","osm_type":"way","osm_id":"316440889"}},{"type":"Feature","geometry":{"type":"LineString","coordinates":[[-0.80179,52.06606],[-0.80106,52.06592]]},"properties":{"name":"Newport Road","category":"tertiary","osm_type":"way","osm_id":"316440892"}},{"type":"Feature","geometry":{"type":"LineString","coordinates":[[-0.81829,52.0624],[-0.82827,52.06175]]},"properties":{"name":"Stratford Road","category":"tertiary","osm_type":"way","osm_id":"316592389"}},{"type":"Feature","geometry":{"type":"LineString","coordinates":[[-0.81771,52.06245],[-0.81709,52.06249]]},"properties":{"name":"Stratford Road","category":"tertiary","osm_type":"way","osm_id":"316592395"}},{"type":"Feature","geometry":{"type":"LineString","coordinates":[[-0.81771,52.06245],[-0.81829,52.0624]]},"properties":{"name":"Stratford Road","category":"tertiary","osm_type":"way","osm_id":"316592406"}},{"type":"Feature","geometry":{"type":"LineString","coordinates":[[-0.81829,52.0624],[-0.81771,52.06245]]},"properties":{"name":"Stratford Road","category":"tertiary","osm_type":"way","osm_id":"316592410"}},{"type":"Feature","geometry":{"type":"LineString","coordinates":[[-0.81709,52.06249],[-0.81771,52.06245]]},"properties":{"name":"Stratford Road","category":"tertiary","osm_type":"way","osm_id":"316592413"}},{"type":"Feature","geometry":{"type":"LineString","coordinates":[[-0.82725,52.0584],[-0.82701,52.05824]]},"properties":{"name":"V5 Great Monks Street","category":"tertiary","osm_type":"way","osm_id":"316601319"}},{"type":"Feature","geometry":{"type":"LineString","coordinates":[[-0.82701,52.05824],[-0.82684,52.05813]]},"properties":{"name":"V5 Great Monks Street","category":"tertiary","osm_type":"way","osm_id":"316601320"}},{"type":"Feature","geometry":{"type":"LineString","coordinates":[[-0.23422,52.30765],[-0.24006,52.30653]]},"properties":{"name":"Buckden Road","category":"secondary","osm_type":"way","osm_id":"316890998","ref":"B1514"}},{"type":"Feature","geometry":{"type":"LineString","coordinates":[[-0.66976,52.25349],[-0.66807,52.25314]]},"properties":{"name":"Hinwick Road","category":"tertiary","osm_type":"way","osm_id":"317289939"}},{"type":"Feature","geometry":{"type":"LineString","coordinates":[[-0.41585,52.23792],[-0.41835,52.24414]]},"properties":{"name":"B660","category":"secondary","osm_type":"way","osm_id":"317455637","ref":"B660"}},{"type":"Feature","geometry":{"type":"LineString","coordinates":[[-0.51199,52.22117],[-0.50771,52.22035],[-0.50116,52.21995],[-0.49888,52.22025]]},"properties":{"name":"Bletsoe Road","category":"tertiary","osm_type":"way","osm_id":"317455638"}},{"type":"Feature","geometry":{"type":"LineString","coordinates":[[-0.38828,52.18436],[-0.38892,52.18429]]},"properties":{"name":"Colesden Road","category":"tertiary","osm_type":"way","osm_id":"317455643"}},{"type":"Feature","geometry":{"type":"LineString","coordinates":[[-0.48082,52.25091],[-0.484,52.24771]]},"properties":{"name":"High Street","category":"tertiary","osm_type":"way","osm_id":"317455645","ref":"C8"}},{"type":"Feature","geometry":{"type":"LineString","coordinates":[[-0.5633,52.131],[-0.56503,52.13123]]},"properties":{"name":"High Street","category":"tertiary","osm_type":"way","osm_id":"317455654"}},{"type":"Feature","geometry":{"type":"LineString","coordinates":[[-0.56503,52.13123],[-0.56614,52.13097],[-0.56732,52.12998]]},"properties":{"name":"High Street","category":"tertiary","osm_type":"way","osm_id":"317455655"}},{"type":"Feature","geometry":{"type":"LineString","coordinates":[[-0.47429,52.25421],[-0.4792,52.25202]]},"properties":{"name":"High Street","category":"tertiary","osm_type":"way","osm_id":"317455659","ref":"C8"}},{"type":"Feature","geometry":{"type":"LineString","coordinates":[[-0.56046,52.12957],[-0.56145,52.12988]]},"properties":{"name":"Spring Lane","category":"secondary","osm_type":"way","osm_id":"317455667","ref":"B560"}},{"type":"Feature","geometry":{"type":"LineString","coordinates":[[-0.51079,52.23784],[-0.51128,52.23857],[-0.50827,52.23956],[-0.50346,52.24373],[-0.49819,52.24637],[-0.49045,52.24924],[-0.48909,52.24944]]},"properties":{"name":"Secondary and tertiary roads","category":"tertiary","osm_type":"way","osm_id":"317455669"}},{"type":"Feature","geometry":{"type":"LineString","coordinates":[[-0.48909,52.24944],[-0.48546,52.24886]]},"properties":{"name":"Secondary and tertiary roads","category":"tertiary","osm_type":"way","osm_id":"317455671"}},{"type":"Feature","geometry":{"type":"LineString","coordinates":[[-0.68073,52.25827],[-0.6806,52.25824]]},"properties":{"name":"Grendon Road","category":"tertiary","osm_type":"way","osm_id":"317457559"}},{"type":"Feature","geometry":{"type":"LineString","coordinates":[[-0.6806,52.25824],[-0.67911,52.25803]]},"properties":{"name":"Grendon Road","category":"tertiary","osm_type":"way","osm_id":"317457560"}},{"type":"Feature","geometry":{"type":"LineString","coordinates":[[-0.66493,52.25326],[-0.66012,52.25257]]},"properties":{"name":"Hinwick Road","category":"tertiary","osm_type":"way","osm_id":"317457562"}},{"type":"Feature","geometry":{"type":"LineString","coordinates":[[-0.66347,52.25559],[-0.66008,52.25257]]},"properties":{"name":"Hookhams Path","category":"tertiary","osm_type":"way","osm_id":"317457563"}},{"type":"Feature","geometry":{"type":"LineString","coordinates":[[-0.66103,52.25885],[-0.65289,52.26566]]},"properties":{"name":"Irchester Road","category":"secondary","osm_type":"way","osm_id":"317457564","ref":"B569"}},{"type":"Feature","geometry":{"type":"LineString","coordinates":[[-0.96008,52.22232],[-0.96006,52.22091]]},"properties":{"name":"Upton Valley Way North","category":"tertiary","osm_type":"way","osm_id":"317837198"}},{"type":"Feature","geometry":{"type":"LineString","coordinates":[[-0.96077,52.22274],[-0.96283,52.22367],[-0.96381,52.22515],[-0.96236,52.2293]]},"properties":{"name":"Upton Valley Way North","category":"tertiary","osm_type":"way","osm_id":"317837199"}},{"type":"Feature","geometry":{"type":"LineString","coordinates":[[-0.45549,52.24511],[-0.45269,52.24542],[-0.44355,52.24913]]},"properties":{"name":"Riseley Road","category":"tertiary","osm_type":"way","osm_id":"320226869"}},{"type":"Feature","geometry":{"type":"LineString","coordinates":[[-0.89313,52.18664],[-0.89419,52.18649]]},"properties":{"name":"Saxon Avenue","category":"tertiary","osm_type":"way","osm_id":"321341137"}},{"type":"Feature","geometry":{"type":"LineString","coordinates":[[-0.89416,52.18693],[-0.89313,52.18664]]},"properties":{"name":"Saxon Avenue","category":"tertiary","osm_type":"way","osm_id":"321341138"}},{"type":"Feature","geometry":{"type":"LineString","coordinates":[[-0.97575,52.30449],[-0.96948,52.30268],[-0.96412,52.30051],[-0.95816,52.29649],[-0.95678,52.29487],[-0.94847,52.28834]]},"properties":{"name":"Holdenby Road","category":"tertiary","osm_type":"way","osm_id":"322968947"}},{"type":"Feature","geometry":{"type":"LineString","coordinates":[[-0.31484,52.09784],[-0.31465,52.09784]]},"properties":{"name":"Caldecote Road","category":"tertiary","osm_type":"way","osm_id":"323672726"}},{"type":"Feature","geometry":{"type":"LineString","coordinates":[[-0.30003,52.09916],[-0.30001,52.09909]]},"properties":{"name":"Secondary and tertiary roads","category":"tertiary","osm_type":"way","osm_id":"324082902"}},{"type":"Feature","geometry":{"type":"LineString","coordinates":[[-0.4191,52.12337],[-0.41949,52.12365]]},"properties":{"name":"Bedford Road","category":"tertiary","osm_type":"way","osm_id":"324109644","ref":"C156"}},{"type":"Feature","geometry":{"type":"LineString","coordinates":[[-0.97972,52.15643],[-0.97919,52.15591],[-0.97793,52.1561]]},"properties":{"name":"St Johns Road","category":"tertiary","osm_type":"way","osm_id":"324275862"}},{"type":"Feature","geometry":{"type":"LineString","coordinates":[[-0.32257,52.09679],[-0.32241,52.09774]]},"properties":{"name":"Secondary and tertiary roads","category":"tertiary","osm_type":"way","osm_id":"324590299"}},{"type":"Feature","geometry":{"type":"LineString","coordinates":[[-0.26231,52.08486],[-0.26244,52.08479]]},"properties":{"name":"Station Road","category":"tertiary","osm_type":"way","osm_id":"324810961"}},{"type":"Feature","geometry":{"type":"LineString","coordinates":[[-0.27666,52.10017],[-0.27641,52.1002]]},"properties":{"name":"Secondary and tertiary roads","category":"tertiary","osm_type":"way","osm_id":"324860247","operator":"National Highways"}},{"type":"Feature","geometry":{"type":"LineString","coordinates":[[-0.26541,52.08543],[-0.26552,52.08368]]},"properties":{"name":"Hitchin Street","category":"tertiary","osm_type":"way","osm_id":"325040660"}},{"type":"Feature","geometry":{"type":"LineString","coordinates":[[-0.70614,52.46003],[-0.70708,52.46022]]},"properties":{"name":"Secondary and tertiary roads","category":"tertiary","osm_type":"way","osm_id":"325087680"}},{"type":"Feature","geometry":{"type":"LineString","coordinates":[[-0.72274,52.47058],[-0.72262,52.47031]]},"properties":{"name":"Lewin Road","category":"tertiary","osm_type":"way","osm_id":"325809565"}},{"type":"Feature","geometry":{"type":"LineString","coordinates":[[-0.72352,52.47062],[-0.72488,52.47134]]},"properties":{"name":"Danesholme Road","category":"tertiary","osm_type":"way","osm_id":"325809592"}},{"type":"Feature","geometry":{"type":"LineString","coordinates":[[-0.63383,52.06474],[-0.63432,52.06492]]},"properties":{"name":"Secondary and tertiary roads","category":"tertiary","osm_type":"way","osm_id":"326052226"}},{"type":"Feature","geometry":{"type":"LineString","coordinates":[[-0.63384,52.06473],[-0.63384,52.06422]]},"properties":{"name":"Bowstring Link","category":"tertiary","osm_type":"way","osm_id":"326052228"}},{"type":"Feature","geometry":{"type":"LineString","coordinates":[[-0.63423,52.06464],[-0.63493,52.06462]]},"properties":{"name":"Moulsoe Road","category":"tertiary","osm_type":"way","osm_id":"326052229","ref":"C75"}},{"type":"Feature","geometry":{"type":"LineString","coordinates":[[-0.63493,52.06462],[-0.63437,52.06486]]},"properties":{"name":"Moulsoe Road","category":"tertiary","osm_type":"way","osm_id":"326052230","ref":"C75"}},{"type":"Feature","geometry":{"type":"LineString","coordinates":[[-0.63384,52.06422],[-0.63419,52.06463]]},"properties":{"name":"Bowstring Link","category":"tertiary","osm_type":"way","osm_id":"326052231"}},{"type":"Feature","geometry":{"type":"LineString","coordinates":[[-0.63333,52.06486],[-0.63383,52.06474]]},"properties":{"name":"Moulsoe Road","category":"tertiary","osm_type":"way","osm_id":"326052232","ref":"C75"}},{"type":"Feature","geometry":{"type":"LineString","coordinates":[[-0.63333,52.06486],[-0.6316,52.06486]]},"properties":{"name":"Moulsoe Road","category":"tertiary","osm_type":"way","osm_id":"326052233","ref":"C75"}},{"type":"Feature","geometry":{"type":"LineString","coordinates":[[-0.06898,52.22051],[-0.06997,52.22095]]},"properties":{"name":"Back Lane","category":"tertiary","osm_type":"way","osm_id":"327896319"}},{"type":"Feature","geometry":{"type":"LineString","coordinates":[[-0.83298,52.34432],[-0.83273,52.34412]]},"properties":{"name":"Old Road","category":"tertiary","osm_type":"way","osm_id":"327916190"}},{"type":"Feature","geometry":{"type":"LineString","coordinates":[[-0.81895,52.48046],[-0.81748,52.4807]]},"properties":{"name":"Stoke Hill","category":"secondary","osm_type":"way","osm_id":"329643400","ref":"B669"}},{"type":"Feature","geometry":{"type":"LineString","coordinates":[[-0.63434,52.06715],[-0.63435,52.06711]]},"properties":{"name":"Secondary and tertiary roads","category":"tertiary","osm_type":"way","osm_id":"329750774"}},{"type":"Feature","geometry":{"type":"LineString","coordinates":[[-0.63399,52.06496],[-0.63394,52.06494]]},"properties":{"name":"Secondary and tertiary roads","category":"tertiary","osm_type":"way","osm_id":"329750775"}},{"type":"Feature","geometry":{"type":"LineString","coordinates":[[-0.63435,52.06711],[-0.63476,52.067]]},"properties":{"name":"Secondary and tertiary roads","category":"tertiary","osm_type":"way","osm_id":"329750777"}},{"type":"Feature","geometry":{"type":"LineString","coordinates":[[-0.33922,52.08331],[-0.33915,52.08354]]},"properties":{"name":"Bedford Road","category":"tertiary","osm_type":"way","osm_id":"330749005"}},{"type":"Feature","geometry":{"type":"LineString","coordinates":[[-0.34096,52.08186],[-0.33922,52.08331]]},"properties":{"name":"The Village","category":"tertiary","osm_type":"way","osm_id":"330749006"}},{"type":"Feature","geometry":{"type":"LineString","coordinates":[[-0.41194,52.15315],[-0.41179,52.15182]]},"properties":{"name":"Norse Road","category":"tertiary","osm_type":"way","osm_id":"330785491"}},{"type":"Feature","geometry":{"type":"LineString","coordinates":[[-0.46041,52.37255],[-0.4594,52.37366]]},"properties":{"name":"Toll Bar Lane","category":"secondary","osm_type":"way","osm_id":"333288393","ref":"B663"}},{"type":"Feature","geometry":{"type":"LineString","coordinates":[[-0.45993,52.37196],[-0.45949,52.37196]]},"properties":{"name":"Toll Bar Lane","category":"secondary","osm_type":"way","osm_id":"333288396","ref":"B663"}},{"type":"Feature","geometry":{"type":"LineString","coordinates":[[-0.47793,52.31918],[-0.47785,52.31931]]},"properties":{"name":"Secondary and tertiary roads","category":"tertiary","osm_type":"way","osm_id":"333821627"}},{"type":"Feature","geometry":{"type":"LineString","coordinates":[[-0.78873,52.05828],[-0.78902,52.05823]]},"properties":{"name":"Bradville Roundabout","category":"tertiary","osm_type":"way","osm_id":"334027311"}},{"type":"Feature","geometry":{"type":"LineString","coordinates":[[-0.80271,52.06618],[-0.80226,52.0662]]},"properties":{"name":"Stonebridge Roundabout","category":"tertiary","osm_type":"way","osm_id":"334067821"}},{"type":"Feature","geometry":{"type":"LineString","coordinates":[[-0.80226,52.0662],[-0.80223,52.06602]]},"properties":{"name":"Stonebridge Roundabout","category":"tertiary","osm_type":"way","osm_id":"334067822"}},{"type":"Feature","geometry":{"type":"LineString","coordinates":[[-0.80263,52.06597],[-0.80271,52.06618]]},"properties":{"name":"Stonebridge Roundabout","category":"tertiary","osm_type":"way","osm_id":"334067823"}},{"type":"Feature","geometry":{"type":"LineString","coordinates":[[-0.78771,52.03434],[-0.788,52.03398]]},"properties":{"name":"H5 Portway","category":"tertiary","osm_type":"way","osm_id":"334072285"}},{"type":"Feature","geometry":{"type":"LineString","coordinates":[[-0.77669,52.04255],[-0.77591,52.04226]]},"properties":{"name":"Secondary and tertiary roads","category":"tertiary_link","osm_type":"way","osm_id":"334073199"}},{"type":"Feature","geometry":{"type":"LineString","coordinates":[[-0.16628,52.33463],[-0.17188,52.33248]]},"properties":{"name":"Hartford Road","category":"secondary","osm_type":"way","osm_id":"335604133","ref":"B1514"}},{"type":"Feature","geometry":{"type":"LineString","coordinates":[[-0.04355,52.33283],[-0.04254,52.33221],[-0.0388,52.33145]]},"properties":{"name":"High Street","category":"tertiary","osm_type":"way","osm_id":"336875780"}},{"type":"Feature","geometry":{"type":"LineString","coordinates":[[-0.04355,52.33283],[-0.04386,52.33308]]},"properties":{"name":"High Street","category":"tertiary","osm_type":"way","osm_id":"336875781"}},{"type":"Feature","geometry":{"type":"LineString","coordinates":[[-0.1693,52.31882],[-0.1688,52.31883]]},"properties":{"name":"Cambridge Street","category":"secondary","osm_type":"way","osm_id":"342397158","ref":"B1044"}},{"type":"Feature","geometry":{"type":"LineString","coordinates":[[-0.13252,52.24352],[-0.13424,52.2443],[-0.13807,52.2452],[-0.14167,52.24542]]},"properties":{"name":"High Street","category":"tertiary","osm_type":"way","osm_id":"342398217"}},{"type":"Feature","geometry":{"type":"LineString","coordinates":[[-0.07917,52.25373],[-0.07933,52.25381]]},"properties":{"name":"Smith Street","category":"tertiary","osm_type":"way","osm_id":"342402096"}},{"type":"Feature","geometry":{"type":"LineString","coordinates":[[-0.04755,52.24644],[-0.04704,52.24871],[-0.04962,52.25154]]},"properties":{"name":"High Street","category":"tertiary","osm_type":"way","osm_id":"342402100"}},{"type":"Feature","geometry":{"type":"LineString","coordinates":[[-0.04827,52.24389],[-0.04755,52.24644]]},"properties":{"name":"High Street","category":"tertiary","osm_type":"way","osm_id":"342402104"}},{"type":"Feature","geometry":{"type":"LineString","coordinates":[[-0.11975,52.25172],[-0.11964,52.25153]]},"properties":{"name":"Ermine Street North","category":"tertiary","osm_type":"way","osm_id":"342402106"}},{"type":"Feature","geometry":{"type":"LineString","coordinates":[[-0.00322,52.30419],[-0.00221,52.30527]]},"properties":{"name":"Station Road","category":"tertiary","osm_type":"way","osm_id":"342409640"}},{"type":"Feature","geometry":{"type":"LineString","coordinates":[[-0.00351,52.30376],[-0.00322,52.30419]]},"properties":{"name":"Station Road (Swavesey)","category":"tertiary","osm_type":"way","osm_id":"342409641"}},{"type":"Feature","geometry":{"type":"LineString","coordinates":[[-0.16717,52.25955],[-0.17159,52.25944],[-0.1747,52.26138],[-0.17664,52.26355]]},"properties":{"name":"High Street","category":"tertiary","osm_type":"way","osm_id":"342452347"}},{"type":"Feature","geometry":{"type":"LineString","coordinates":[[-0.18084,52.2671],[-0.18771,52.26905],[-0.20426,52.27497],[-0.20979,52.27616],[-0.21055,52.27778]]},"properties":{"name":"Offord Road","category":"tertiary","osm_type":"way","osm_id":"342452353"}},{"type":"Feature","geometry":{"type":"LineString","coordinates":[[-0.67445,52.25013],[-0.67457,52.25095]]},"properties":{"name":"London Road","category":"secondary","osm_type":"way","osm_id":"348332421","ref":"B569"}},{"type":"Feature","geometry":{"type":"LineString","coordinates":[[-0.51205,52.09261],[-0.51231,52.09273]]},"properties":{"name":"Fields Road","category":"tertiary","osm_type":"way","osm_id":"351914657"}},{"type":"Feature","geometry":{"type":"LineString","coordinates":[[-0.55884,52.05777],[-0.55946,52.05753]]},"properties":{"name":"Woburn Road","category":"tertiary","osm_type":"way","osm_id":"351914659"}},{"type":"Feature","geometry":{"type":"LineString","coordinates":[[-0.51231,52.09273],[-0.51198,52.09274]]},"properties":{"name":"Fields Road","category":"tertiary","osm_type":"way","osm_id":"351914674"}},{"type":"Feature","geometry":{"type":"LineString","coordinates":[[-0.51166,52.0924],[-0.51214,52.09226]]},"properties":{"name":"Fields Road","category":"tertiary","osm_type":"way","osm_id":"351914680"}},{"type":"Feature","geometry":{"type":"LineString","coordinates":[[-0.23956,52.22716],[-0.2361,52.22641]]},"properties":{"name":"Cambridge Road","category":"secondary","osm_type":"way","osm_id":"352047527","ref":"B1428"}},{"type":"Feature","geometry":{"type":"LineString","coordinates":[[-0.22764,52.01952],[-0.22661,52.02078]]},"properties":{"name":"Regent Street","category":"tertiary","osm_type":"way","osm_id":"352406249"}},{"type":"Feature","geometry":{"type":"LineString","coordinates":[[-0.25945,52.02415],[-0.26138,52.02513],[-0.26348,52.02553]]},"properties":{"name":"Stotfold Road","category":"tertiary","osm_type":"way","osm_id":"352406250"}},{"type":"Feature","geometry":{"type":"LineString","coordinates":[[-0.26304,52.01957],[-0.26008,52.02256],[-0.25945,52.02415]]},"properties":{"name":"House Lane","category":"tertiary","osm_type":"way","osm_id":"352406251"}},{"type":"Feature","geometry":{"type":"LineString","coordinates":[[-0.22661,52.02078],[-0.22657,52.02085]]},"properties":{"name":"Regent Street","category":"tertiary","osm_type":"way","osm_id":"352406252"}},{"type":"Feature","geometry":{"type":"LineString","coordinates":[[-0.26338,52.01967],[-0.2634,52.01935]]},"properties":{"name":"Church Lane","category":"tertiary","osm_type":"way","osm_id":"352406366"}},{"type":"Feature","geometry":{"type":"LineString","coordinates":[[-0.714,52.0073],[-0.71366,52.00747]]},"properties":{"name":"H10 Bletcham Way","category":"tertiary","osm_type":"way","osm_id":"356114381"}},{"type":"Feature","geometry":{"type":"LineString","coordinates":[[-0.67906,52.03257],[-0.67878,52.03289]]},"properties":{"name":"H9 Groveway","category":"tertiary","osm_type":"way","osm_id":"356367369"}},{"type":"Feature","geometry":{"type":"LineString","coordinates":[[-0.6775,52.03192],[-0.67831,52.03254]]},"properties":{"name":"Newport Road","category":"tertiary","osm_type":"way","osm_id":"356367374"}},{"type":"Feature","geometry":{"type":"LineString","coordinates":[[-0.72347,52.04751],[-0.72336,52.04732]]},"properties":{"name":"V10 Brickhill Street","category":"tertiary","osm_type":"way","osm_id":"356775510"}},{"type":"Feature","geometry":{"type":"LineString","coordinates":[[-0.70696,52.03094],[-0.70723,52.03127]]},"properties":{"name":"V10 Brickhill Street","category":"tertiary","osm_type":"way","osm_id":"356775511"}},{"type":"Feature","geometry":{"type":"LineString","coordinates":[[-0.80375,52.02162],[-0.80347,52.02187]]},"properties":{"name":"H5 Portway","category":"tertiary","osm_type":"way","osm_id":"356775512"}},{"type":"Feature","geometry":{"type":"LineString","coordinates":[[-0.72352,52.04658],[-0.72383,52.0469]]},"properties":{"name":"V10 Brickhill Street","category":"tertiary","osm_type":"way","osm_id":"356775515"}},{"type":"Feature","geometry":{"type":"LineString","coordinates":[[-0.80252,52.02228],[-0.80275,52.022]]},"properties":{"name":"H5 Portway","category":"tertiary","osm_type":"way","osm_id":"356775518"}},{"type":"Feature","geometry":{"type":"LineString","coordinates":[[-0.70755,52.03208],[-0.70713,52.03178]]},"properties":{"name":"V10 Brickhill Street","category":"tertiary","osm_type":"way","osm_id":"356775521"}},{"type":"Feature","geometry":{"type":"LineString","coordinates":[[-0.75156,52.01279],[-0.75138,52.01276]]},"properties":{"name":"V4 Watling Street","category":"tertiary","osm_type":"way","osm_id":"356794034"}},{"type":"Feature","geometry":{"type":"LineString","coordinates":[[-0.79873,52.00988],[-0.79864,52.01014]]},"properties":{"name":"H6 Childs Way","category":"tertiary","osm_type":"way","osm_id":"356794035"}},{"type":"Feature","geometry":{"type":"LineString","coordinates":[[-0.79771,52.00994],[-0.79809,52.01001]]},"properties":{"name":"V2 Tattenhoe Street","category":"tertiary","osm_type":"way","osm_id":"356794037"}},{"type":"Feature","geometry":{"type":"LineString","coordinates":[[-0.79782,52.01046],[-0.79796,52.01021]]},"properties":{"name":"H6 Childs Way","category":"tertiary","osm_type":"way","osm_id":"356794038"}},{"type":"Feature","geometry":{"type":"LineString","coordinates":[[-0.80445,52.00386],[-0.80484,52.00402]]},"properties":{"name":"V1 Snelshall Street","category":"tertiary","osm_type":"way","osm_id":"356794039"}},{"type":"Feature","geometry":{"type":"LineString","coordinates":[[-0.80439,52.00465],[-0.80459,52.00431]]},"properties":{"name":"H6 Childs Way","category":"tertiary","osm_type":"way","osm_id":"356794040"}},{"type":"Feature","geometry":{"type":"LineString","coordinates":[[-0.78983,52.00425],[-0.78962,52.00448]]},"properties":{"name":"Chaffron Way","category":"tertiary","osm_type":"way","osm_id":"356841934"}},{"type":"Feature","geometry":{"type":"LineString","coordinates":[[-0.83952,52.05021],[-0.83924,52.04991]]},"properties":{"name":"V4 Watling Street","category":"tertiary","osm_type":"way","osm_id":"356848293"}},{"type":"Feature","geometry":{"type":"LineString","coordinates":[[-0.84046,52.05055],[-0.83995,52.05043]]},"properties":{"name":"Queen Eleanor Street","category":"tertiary","osm_type":"way","osm_id":"356848296"}},{"type":"Feature","geometry":{"type":"LineString","coordinates":[[-0.70189,52.02257],[-0.70243,52.02238]]},"properties":{"name":"H9 Groveway","category":"tertiary","osm_type":"way","osm_id":"356853516"}},{"type":"Feature","geometry":{"type":"LineString","coordinates":[[-0.70675,52.02919],[-0.70654,52.029]]},"properties":{"name":"V10 Brickhill Street","category":"tertiary","osm_type":"way","osm_id":"356853517"}},{"type":"Feature","geometry":{"type":"LineString","coordinates":[[-0.73235,52.01635],[-0.73207,52.01607]]},"properties":{"name":"V7 Saxon Street","category":"secondary","osm_type":"way","osm_id":"356856906","ref":"B4034"}},{"type":"Feature","geometry":{"type":"LineString","coordinates":[[-0.732,52.01542],[-0.73228,52.01566]]},"properties":{"name":"V7 Saxon Street","category":"secondary","osm_type":"way","osm_id":"356856910","ref":"B4034"}},{"type":"Feature","geometry":{"type":"LineString","coordinates":[[-0.71444,52.01998],[-0.7144,52.01978]]},"properties":{"name":"Simpson Drive","category":"tertiary","osm_type":"way","osm_id":"356858213"}},{"type":"Feature","geometry":{"type":"LineString","coordinates":[[-0.73627,52.04708],[-0.73655,52.04691]]},"properties":{"name":"Overgate","category":"tertiary","osm_type":"way","osm_id":"357550397"}},{"type":"Feature","geometry":{"type":"LineString","coordinates":[[-0.73585,52.0472],[-0.73567,52.04733]]},"properties":{"name":"Overgate","category":"tertiary","osm_type":"way","osm_id":"357550400"}},{"type":"Feature","geometry":{"type":"LineString","coordinates":[[-0.7358,52.04766],[-0.73549,52.04739]]},"properties":{"name":"Overgate","category":"tertiary","osm_type":"way","osm_id":"357550401"}},{"type":"Feature","geometry":{"type":"LineString","coordinates":[[-0.73388,52.06338],[-0.73349,52.06323]]},"properties":{"name":"V10 Brickhill Street","category":"tertiary","osm_type":"way","osm_id":"357556157"}},{"type":"Feature","geometry":{"type":"LineString","coordinates":[[-0.75795,52.03126],[-0.75806,52.03113]]},"properties":{"name":"Oldbrook Boulevard","category":"tertiary","osm_type":"way","osm_id":"357556158"}},{"type":"Feature","geometry":{"type":"LineString","coordinates":[[-0.75215,52.03375],[-0.75198,52.03386]]},"properties":{"name":"Oldbrook Boulevard","category":"tertiary","osm_type":"way","osm_id":"357556159"}},{"type":"Feature","geometry":{"type":"LineString","coordinates":[[-0.75856,52.03099],[-0.75847,52.03109]]},"properties":{"name":"Oldbrook Boulevard","category":"tertiary","osm_type":"way","osm_id":"357556161"}},{"type":"Feature","geometry":{"type":"LineString","coordinates":[[-0.7341,52.06268],[-0.73382,52.06295]]},"properties":{"name":"H4 Dansteed Way","category":"tertiary","osm_type":"way","osm_id":"357556163"}},{"type":"Feature","geometry":{"type":"LineString","coordinates":[[-0.75145,52.03405],[-0.75162,52.03392]]},"properties":{"name":"Oldbrook Boulevard","category":"tertiary","osm_type":"way","osm_id":"357556164"}},{"type":"Feature","geometry":{"type":"LineString","coordinates":[[-0.75822,52.06206],[-0.75794,52.06179]]},"properties":{"name":"V8 Marlborough Street","category":"tertiary","osm_type":"way","osm_id":"358541098"}},{"type":"Feature","geometry":{"type":"LineString","coordinates":[[-0.05304,52.3803],[-0.04592,52.38105]]},"properties":{"name":"Secondary and tertiary roads","category":"tertiary","osm_type":"way","osm_id":"362041452"}},{"type":"Feature","geometry":{"type":"LineString","coordinates":[[-0.05318,52.38027],[-0.05304,52.3803]]},"properties":{"name":"Secondary and tertiary roads","category":"tertiary","osm_type":"way","osm_id":"362041454"}},{"type":"Feature","geometry":{"type":"LineString","coordinates":[[-0.76812,52.07286],[-0.76769,52.07305]]},"properties":{"name":"Wolverton Road","category":"tertiary","osm_type":"way","osm_id":"363608173"}},{"type":"Feature","geometry":{"type":"LineString","coordinates":[[-0.84101,52.1564],[-0.8438,52.1592]]},"properties":{"name":"Wootton Road","category":"tertiary","osm_type":"way","osm_id":"363947534"}},{"type":"Feature","geometry":{"type":"LineString","coordinates":[[-0.16072,52.0377],[-0.16172,52.0377]]},"properties":{"name":"Hinxworth Road","category":"tertiary","osm_type":"way","osm_id":"364726872"}},{"type":"Feature","geometry":{"type":"LineString","coordinates":[[-0.82843,52.13525],[-0.8284,52.13504]]},"properties":{"name":"Forest Road","category":"tertiary","osm_type":"way","osm_id":"365005641"}},{"type":"Feature","geometry":{"type":"LineString","coordinates":[[-0.18514,52.32701],[-0.18502,52.32726]]},"properties":{"name":"Pathfinder Link Road","category":"secondary","osm_type":"way","osm_id":"366391510"}},{"type":"Feature","geometry":{"type":"LineString","coordinates":[[-0.11303,52.24252],[-0.11253,52.24148]]},"properties":{"name":"Ermine Street South","category":"tertiary","osm_type":"way","osm_id":"366575062"}},{"type":"Feature","geometry":{"type":"LineString","coordinates":[[-0.67417,52.24893],[-0.67445,52.25013]]},"properties":{"name":"London Road","category":"secondary","osm_type":"way","osm_id":"366879935","ref":"B569"}},{"type":"Feature","geometry":{"type":"LineString","coordinates":[[-0.67261,52.25781],[-0.67167,52.25776]]},"properties":{"name":"Cobbs Lane","category":"tertiary","osm_type":"way","osm_id":"366879937"}},{"type":"Feature","geometry":{"type":"LineString","coordinates":[[-0.06448,52.29581],[-0.06549,52.29584]]},"properties":{"name":"Secondary and tertiary roads","category":"tertiary","osm_type":"way","osm_id":"367127589"}},{"type":"Feature","geometry":{"type":"LineString","coordinates":[[-0.06549,52.29584],[-0.0648,52.29603]]},"properties":{"name":"Secondary and tertiary roads","category":"tertiary","osm_type":"way","osm_id":"367127763"}},{"type":"Feature","geometry":{"type":"LineString","coordinates":[[-0.11957,52.25143],[-0.11838,52.24978]]},"properties":{"name":"Ermine Street North","category":"tertiary","osm_type":"way","osm_id":"369553864"}},{"type":"Feature","geometry":{"type":"LineString","coordinates":[[-0.11831,52.24968],[-0.1183,52.24966]]},"properties":{"name":"Ermine Street North","category":"tertiary","osm_type":"way","osm_id":"369553865"}},{"type":"Feature","geometry":{"type":"LineString","coordinates":[[-0.12034,52.25268],[-0.12031,52.25263]]},"properties":{"name":"Ermine Street North","category":"tertiary","osm_type":"way","osm_id":"369553866"}},{"type":"Feature","geometry":{"type":"LineString","coordinates":[[-0.12031,52.25263],[-0.12026,52.25255]]},"properties":{"name":"Ermine Street North","category":"tertiary","osm_type":"way","osm_id":"369553867"}},{"type":"Feature","geometry":{"type":"LineString","coordinates":[[-0.11838,52.24978],[-0.11831,52.24968]]},"properties":{"name":"Ermine Street North","category":"tertiary","osm_type":"way","osm_id":"369553868"}},{"type":"Feature","geometry":{"type":"LineString","coordinates":[[-0.11964,52.25153],[-0.11957,52.25143]]},"properties":{"name":"Ermine Street North","category":"tertiary","osm_type":"way","osm_id":"369553869"}},{"type":"Feature","geometry":{"type":"LineString","coordinates":[[-0.12026,52.25255],[-0.11975,52.25172]]},"properties":{"name":"Ermine Street North","category":"tertiary","osm_type":"way","osm_id":"369553870"}},{"type":"Feature","geometry":{"type":"LineString","coordinates":[[-0.1183,52.24966],[-0.11787,52.24915]]},"properties":{"name":"Ermine Street North","category":"tertiary","osm_type":"way","osm_id":"369553871"}},{"type":"Feature","geometry":{"type":"LineString","coordinates":[[-0.11448,52.24446],[-0.11434,52.24425]]},"properties":{"name":"Ermine Street South","category":"tertiary","osm_type":"way","osm_id":"369569751"}},{"type":"Feature","geometry":{"type":"LineString","coordinates":[[-0.11434,52.24425],[-0.11303,52.24252]]},"properties":{"name":"Ermine Street South","category":"tertiary","osm_type":"way","osm_id":"369569752"}},{"type":"Feature","geometry":{"type":"LineString","coordinates":[[-0.68791,52.46021],[-0.68795,52.46032]]},"properties":{"name":"Main Street","category":"tertiary","osm_type":"way","osm_id":"372345609"}},{"type":"Feature","geometry":{"type":"LineString","coordinates":[[-0.68389,52.46282],[-0.67612,52.46377]]},"properties":{"name":"Oakley Road","category":"tertiary","osm_type":"way","osm_id":"372345621"}},{"type":"Feature","geometry":{"type":"LineString","coordinates":[[-0.69047,52.31506],[-0.69473,52.31715],[-0.6956,52.31798]]},"properties":{"name":"Nest Farm Road","category":"tertiary","osm_type":"way","osm_id":"372826807"}},{"type":"Feature","geometry":{"type":"LineString","coordinates":[[-0.68949,52.3141],[-0.69047,52.31506]]},"properties":{"name":"Nest Farm Road","category":"tertiary","osm_type":"way","osm_id":"372826871"}},{"type":"Feature","geometry":{"type":"LineString","coordinates":[[-0.92071,52.32975],[-0.92094,52.32977]]},"properties":{"name":"Spratton Road","category":"tertiary","osm_type":"way","osm_id":"372856550"}},{"type":"Feature","geometry":{"type":"LineString","coordinates":[[-0.9181,52.21015],[-0.91671,52.20985]]},"properties":{"name":"Rowtree Road","category":"tertiary","osm_type":"way","osm_id":"373173200"}},{"type":"Feature","geometry":{"type":"LineString","coordinates":[[-0.9105,52.19359],[-0.90887,52.19368]]},"properties":{"name":"Collingtree Road","category":"tertiary","osm_type":"way","osm_id":"373173343"}},{"type":"Feature","geometry":{"type":"LineString","coordinates":[[-0.9185,52.19329],[-0.9105,52.19359]]},"properties":{"name":"Collingtree Road","category":"tertiary","osm_type":"way","osm_id":"373173369"}},{"type":"Feature","geometry":{"type":"LineString","coordinates":[[-0.87952,52.14113],[-0.87823,52.14165]]},"properties":{"name":"Hartwell Road","category":"tertiary","osm_type":"way","osm_id":"373173741"}},{"type":"Feature","geometry":{"type":"LineString","coordinates":[[-0.69302,52.41248],[-0.69291,52.41243]]},"properties":{"name":"Pipe Lane","category":"tertiary","osm_type":"way","osm_id":"373349984"}},{"type":"Feature","geometry":{"type":"LineString","coordinates":[[-0.69194,52.41179],[-0.68749,52.40981],[-0.68579,52.40793]]},"properties":{"name":"Pipe Lane","category":"tertiary","osm_type":"way","osm_id":"373349985"}},{"type":"Feature","geometry":{"type":"LineString","coordinates":[[-0.99946,52.32694],[-0.99967,52.32683]]},"properties":{"name":"Teeton Road","category":"tertiary","osm_type":"way","osm_id":"374411318"}},{"type":"Feature","geometry":{"type":"LineString","coordinates":[[-0.89658,52.48771],[-0.89639,52.48763]]},"properties":{"name":"Dingley Road","category":"tertiary","osm_type":"way","osm_id":"374506952"}},{"type":"Feature","geometry":{"type":"LineString","coordinates":[[-0.89639,52.48763],[-0.89545,52.48743]]},"properties":{"name":"Dingley Road","category":"tertiary","osm_type":"way","osm_id":"374506953"}},{"type":"Feature","geometry":{"type":"LineString","coordinates":[[-0.78118,52.00154],[-0.77958,52.00099]]},"properties":{"name":"V2 Tattenhoe Street","category":"tertiary","osm_type":"way","osm_id":"377275168"}},{"type":"Feature","geometry":{"type":"LineString","coordinates":[[-0.78105,52.00149],[-0.78039,52.00152]]},"properties":{"name":"Secondary and tertiary roads","category":"tertiary_link","osm_type":"way","osm_id":"377444610"}},{"type":"Feature","geometry":{"type":"LineString","coordinates":[[-0.81791,52.43425],[-0.81315,52.42858]]},"properties":{"name":"B576","category":"secondary","osm_type":"way","osm_id":"377555125","ref":"B576"}},{"type":"Feature","geometry":{"type":"LineString","coordinates":[[-0.81798,52.43435],[-0.81791,52.43425]]},"properties":{"name":"B576","category":"secondary","osm_type":"way","osm_id":"377555130","ref":"B576"}},{"type":"Feature","geometry":{"type":"LineString","coordinates":[[-0.90176,52.46875],[-0.89305,52.46559],[-0.87934,52.45628]]},"properties":{"name":"Harborough Road","category":"tertiary","osm_type":"way","osm_id":"378696452"}},{"type":"Feature","geometry":{"type":"LineString","coordinates":[[-0.80207,52.00682],[-0.80198,52.00645]]},"properties":{"name":"Secondary and tertiary roads","category":"tertiary_link","osm_type":"way","osm_id":"379705665"}},{"type":"Feature","geometry":{"type":"LineString","coordinates":[[-0.82287,52.43959],[-0.82251,52.43949]]},"properties":{"name":"Secondary and tertiary roads","category":"tertiary","osm_type":"way","osm_id":"380465406"}},{"type":"Feature","geometry":{"type":"LineString","coordinates":[[-0.78875,52.0045],[-0.78841,52.00427]]},"properties":{"name":"V2 Tattenhoe Street","category":"tertiary","osm_type":"way","osm_id":"381185331"}},{"type":"Feature","geometry":{"type":"LineString","coordinates":[[-0.47728,52.48053],[-0.47736,52.48053]]},"properties":{"name":"Stoke Doyle Road","category":"tertiary","osm_type":"way","osm_id":"386851446"}},{"type":"Feature","geometry":{"type":"LineString","coordinates":[[-0.28787,52.2215],[-0.2887,52.21941]]},"properties":{"name":"Great North Road","category":"secondary","osm_type":"way","osm_id":"390526074","ref":"B1428"}},{"type":"Feature","geometry":{"type":"LineString","coordinates":[[-0.28784,52.22159],[-0.28787,52.2215]]},"properties":{"name":"Great North Road","category":"secondary","osm_type":"way","osm_id":"390526075","ref":"B1428"}},{"type":"Feature","geometry":{"type":"LineString","coordinates":[[-0.25665,52.07983],[-0.2557,52.07896]]},"properties":{"name":"Holme Court Avenue","category":"tertiary","osm_type":"way","osm_id":"390802726"}},{"type":"Feature","geometry":{"type":"LineString","coordinates":[[-0.26987,52.06585],[-0.26866,52.06987]]},"properties":{"name":"Langford Road","category":"secondary","osm_type":"way","osm_id":"390802850","ref":"B659"}},{"type":"Feature","geometry":{"type":"LineString","coordinates":[[-0.26845,52.07103],[-0.27195,52.07156]]},"properties":{"name":"Southill Road","category":"tertiary","osm_type":"way","osm_id":"390802851"}},{"type":"Feature","geometry":{"type":"LineString","coordinates":[[-0.27285,52.07175],[-0.27314,52.07187]]},"properties":{"name":"Southill Road","category":"tertiary","osm_type":"way","osm_id":"390802852"}},{"type":"Feature","geometry":{"type":"LineString","coordinates":[[-0.16438,52.31022],[-0.16519,52.31033]]},"properties":{"name":"London Road","category":"tertiary","osm_type":"way","osm_id":"392330670"}},{"type":"Feature","geometry":{"type":"LineString","coordinates":[[-0.93352,52.17514],[-0.92788,52.17443]]},"properties":{"name":"Courteenhall Road","category":"tertiary","osm_type":"way","osm_id":"393275843"}},{"type":"Feature","geometry":{"type":"LineString","coordinates":[[-0.92842,52.19738],[-0.92767,52.19817]]},"properties":{"name":"Towcester Road","category":"tertiary","osm_type":"way","osm_id":"393275844"}},{"type":"Feature","geometry":{"type":"LineString","coordinates":[[-0.93031,52.19502],[-0.92842,52.19738]]},"properties":{"name":"Towcester Road","category":"tertiary","osm_type":"way","osm_id":"393275847"}},{"type":"Feature","geometry":{"type":"LineString","coordinates":[[-0.93829,52.17386],[-0.93829,52.17491]]},"properties":{"name":"Stoke Road","category":"tertiary","osm_type":"way","osm_id":"393275852"}},{"type":"Feature","geometry":{"type":"LineString","coordinates":[[-0.81719,52.26474],[-0.81446,52.26553],[-0.81184,52.26577]]},"properties":{"name":"Blackthorn Road","category":"tertiary","osm_type":"way","osm_id":"393277192"}},{"type":"Feature","geometry":{"type":"LineString","coordinates":[[-0.81872,52.26473],[-0.81719,52.26474]]},"properties":{"name":"Blackthorn Road","category":"tertiary","osm_type":"way","osm_id":"393277193"}},{"type":"Feature","geometry":{"type":"LineString","coordinates":[[-0.83564,52.25887],[-0.83588,52.25997],[-0.83349,52.26156],[-0.83419,52.26384],[-0.83576,52.26525],[-0.83576,52.26854]]},"properties":{"name":"Billing Brook Road","category":"tertiary","osm_type":"way","osm_id":"393277195"}},{"type":"Feature","geometry":{"type":"LineString","coordinates":[[-0.68033,52.04347],[-0.67762,52.04453],[-0.67691,52.04641]]},"properties":{"name":"Countess Way","category":"tertiary","osm_type":"way","osm_id":"394551614"}},{"type":"Feature","geometry":{"type":"LineString","coordinates":[[-0.26251,52.08939],[-0.26574,52.09118]]},"properties":{"name":"Sun Street","category":"tertiary","osm_type":"way","osm_id":"399400532"}},{"type":"Feature","geometry":{"type":"LineString","coordinates":[[-0.60837,52.45725],[-0.60789,52.45598]]},"properties":{"name":"Church Street","category":"tertiary","osm_type":"way","osm_id":"402197762"}},{"type":"Feature","geometry":{"type":"LineString","coordinates":[[-0.60828,52.45783],[-0.6083,52.45746]]},"properties":{"name":"Hall Hill","category":"tertiary","osm_type":"way","osm_id":"402197766"}},{"type":"Feature","geometry":{"type":"LineString","coordinates":[[-0.63178,52.24956],[-0.63228,52.24986]]},"properties":{"name":"Hinwick Road","category":"tertiary","osm_type":"way","osm_id":"405179962"}},{"type":"Feature","geometry":{"type":"LineString","coordinates":[[-0.62871,52.24803],[-0.63178,52.24956]]},"properties":{"name":"Hinwick Road","category":"tertiary","osm_type":"way","osm_id":"405179963"}},{"type":"Feature","geometry":{"type":"LineString","coordinates":[[-0.68255,52.34964],[-0.68266,52.34956]]},"properties":{"name":"Finedon Station Road","category":"tertiary","osm_type":"way","osm_id":"405195735"}},{"type":"Feature","geometry":{"type":"LineString","coordinates":[[-0.6965,52.36384],[-0.69632,52.36392]]},"properties":{"name":"Station Road","category":"tertiary","osm_type":"way","osm_id":"405197595"}},{"type":"Feature","geometry":{"type":"LineString","coordinates":[[-0.69618,52.36397],[-0.69378,52.36452]]},"properties":{"name":"Station Road","category":"tertiary","osm_type":"way","osm_id":"405197596"}},{"type":"Feature","geometry":{"type":"LineString","coordinates":[[-0.63152,52.28467],[-0.63006,52.28537]]},"properties":{"name":"B569","category":"secondary","osm_type":"way","osm_id":"405643540","ref":"B569"}},{"type":"Feature","geometry":{"type":"LineString","coordinates":[[-0.63006,52.28537],[-0.62986,52.28545]]},"properties":{"name":"B569","category":"secondary","osm_type":"way","osm_id":"405643541","ref":"B569"}},{"type":"Feature","geometry":{"type":"LineString","coordinates":[[-0.10912,52.02756],[-0.1092,52.02734]]},"properties":{"name":"Secondary and tertiary roads","category":"tertiary","osm_type":"way","osm_id":"406432460"}},{"type":"Feature","geometry":{"type":"LineString","coordinates":[[-0.71704,52.01941],[-0.71709,52.01947]]},"properties":{"name":"Secondary and tertiary roads","category":"tertiary_link","osm_type":"way","osm_id":"406448485"}},{"type":"Feature","geometry":{"type":"LineString","coordinates":[[-0.76819,52.36625],[-0.76769,52.36592]]},"properties":{"name":"Wellingborough Road","category":"tertiary","osm_type":"way","osm_id":"408032011"}},{"type":"Feature","geometry":{"type":"LineString","coordinates":[[-0.76769,52.36592],[-0.7618,52.36091]]},"properties":{"name":"Wellingborough Road","category":"tertiary","osm_type":"way","osm_id":"408032012"}},{"type":"Feature","geometry":{"type":"LineString","coordinates":[[-0.68886,52.04161],[-0.68861,52.04174]]},"properties":{"name":"H7 Chaffron Way","category":"tertiary","osm_type":"way","osm_id":"410075060"}},{"type":"Feature","geometry":{"type":"LineString","coordinates":[[-0.73765,52.02093],[-0.73834,52.02127]]},"properties":{"name":"V7 Saxon Street","category":"secondary","osm_type":"way","osm_id":"410083269","ref":"B4034"}},{"type":"Feature","geometry":{"type":"LineString","coordinates":[[-0.80976,52.03616],[-0.80925,52.03627]]},"properties":{"name":"Secondary and tertiary roads","category":"tertiary","osm_type":"way","osm_id":"421597889"}},{"type":"Feature","geometry":{"type":"LineString","coordinates":[[-0.78974,52.05821],[-0.78943,52.05826]]},"properties":{"name":"H2 Millers Way","category":"tertiary","osm_type":"way","osm_id":"421999885"}},{"type":"Feature","geometry":{"type":"LineString","coordinates":[[-0.91218,52.21399],[-0.90853,52.21285]]},"properties":{"name":"Clannell Road","category":"tertiary","osm_type":"way","osm_id":"423824781"}},{"type":"Feature","geometry":{"type":"LineString","coordinates":[[-0.60442,52.01304],[-0.60194,52.01155]]},"properties":{"name":"School Lane","category":"tertiary","osm_type":"way","osm_id":"423843170","ref":"C87"}},{"type":"Feature","geometry":{"type":"LineString","coordinates":[[-0.60194,52.01155],[-0.60155,52.01125]]},"properties":{"name":"School Lane","category":"tertiary","osm_type":"way","osm_id":"423843171","ref":"C87"}},{"type":"Feature","geometry":{"type":"LineString","coordinates":[[-0.61,52.01784],[-0.60731,52.0201],[-0.60593,52.02209]]},"properties":{"name":"Bedford Road","category":"tertiary","osm_type":"way","osm_id":"423843172","ref":"C94"}},{"type":"Feature","geometry":{"type":"LineString","coordinates":[[-0.47551,52.12812],[-0.47371,52.12925]]},"properties":{"name":"Kempston Road","category":"secondary","osm_type":"way","osm_id":"425206457","ref":"B531"}},{"type":"Feature","geometry":{"type":"LineString","coordinates":[[-0.72542,52.0199],[-0.72575,52.02003]]},"properties":{"name":"Secondary and tertiary roads","category":"tertiary","osm_type":"way","osm_id":"425209787"}},{"type":"Feature","geometry":{"type":"LineString","coordinates":[[-0.7261,52.02036],[-0.72575,52.02038]]},"properties":{"name":"Barnfield Drive","category":"tertiary","osm_type":"way","osm_id":"425209788"}},{"type":"Feature","geometry":{"type":"LineString","coordinates":[[-0.72676,52.0233],[-0.72671,52.02325]]},"properties":{"name":"V8 Marlborough Street","category":"tertiary","osm_type":"way","osm_id":"425211945"}},{"type":"Feature","geometry":{"type":"LineString","coordinates":[[-0.72737,52.02351],[-0.72743,52.02355]]},"properties":{"name":"Marlborough Street","category":"tertiary","osm_type":"way","osm_id":"425211946"}},{"type":"Feature","geometry":{"type":"LineString","coordinates":[[-0.72671,52.02325],[-0.72592,52.02215]]},"properties":{"name":"V8 Marlborough Street","category":"tertiary","osm_type":"way","osm_id":"425211947"}},{"type":"Feature","geometry":{"type":"LineString","coordinates":[[-0.72743,52.02355],[-0.72907,52.02487]]},"properties":{"name":"V8 Marlborough Street","category":"tertiary","osm_type":"way","osm_id":"425211948"}},{"type":"Feature","geometry":{"type":"LineString","coordinates":[[-0.72542,52.0199],[-0.72469,52.01786]]},"properties":{"name":"V8 Marlborough Street","category":"tertiary","osm_type":"way","osm_id":"425213899"}},{"type":"Feature","geometry":{"type":"LineString","coordinates":[[-0.72575,52.02038],[-0.72601,52.02196]]},"properties":{"name":"V8 Marlborough Street","category":"tertiary","osm_type":"way","osm_id":"425213903"}},{"type":"Feature","geometry":{"type":"LineString","coordinates":[[-0.72575,52.02033],[-0.72575,52.02038]]},"properties":{"name":"V8 Marlborough Street","category":"tertiary","osm_type":"way","osm_id":"425213907"}},{"type":"Feature","geometry":{"type":"LineString","coordinates":[[-0.71978,52.01828],[-0.71985,52.01813]]},"properties":{"name":"Secondary and tertiary roads","category":"tertiary","osm_type":"way","osm_id":"425217835"}},{"type":"Feature","geometry":{"type":"LineString","coordinates":[[-0.33191,52.04194],[-0.33253,52.04141],[-0.3346,52.0412]]},"properties":{"name":"Stanford Road","category":"secondary","osm_type":"way","osm_id":"428661280","ref":"B658"}},{"type":"Feature","geometry":{"type":"LineString","coordinates":[[-0.80782,52.03569],[-0.80455,52.0343]]},"properties":{"name":"V4 Watling Street","category":"tertiary","osm_type":"way","osm_id":"428730299"}},{"type":"Feature","geometry":{"type":"LineString","coordinates":[[-0.81689,52.03197],[-0.81338,52.03261],[-0.81086,52.03489]]},"properties":{"name":"Barrosa Way","category":"tertiary","osm_type":"way","osm_id":"428730301"}},{"type":"Feature","geometry":{"type":"LineString","coordinates":[[-0.29804,52.33494],[-0.29835,52.33499]]},"properties":{"name":"Secondary and tertiary roads","category":"tertiary","osm_type":"way","osm_id":"429472102"}},{"type":"Feature","geometry":{"type":"LineString","coordinates":[[-0.68195,52.29053],[-0.68149,52.29078]]},"properties":{"name":"The Embankment","category":"secondary","osm_type":"way","osm_id":"431051713","ref":"B573"}},{"type":"Feature","geometry":{"type":"LineString","coordinates":[[-0.68149,52.29078],[-0.68164,52.29056]]},"properties":{"name":"The Embankment","category":"secondary","osm_type":"way","osm_id":"431051714","ref":"B573"}},{"type":"Feature","geometry":{"type":"LineString","coordinates":[[-0.78841,52.00427],[-0.78605,52.00329]]},"properties":{"name":"V2 Tattenhoe Street","category":"tertiary","osm_type":"way","osm_id":"431991934"}},{"type":"Feature","geometry":{"type":"LineString","coordinates":[[-0.1016,52.31535],[-0.09443,52.31291]]},"properties":{"name":"Marsh Lane","category":"tertiary","osm_type":"way","osm_id":"435653107"}},{"type":"Feature","geometry":{"type":"LineString","coordinates":[[-0.09443,52.31291],[-0.09051,52.31118],[-0.08806,52.3092],[-0.08613,52.30892]]},"properties":{"name":"Marsh Lane","category":"tertiary","osm_type":"way","osm_id":"435653108"}},{"type":"Feature","geometry":{"type":"LineString","coordinates":[[-0.67609,52.03726],[-0.67601,52.03813]]},"properties":{"name":"Newport Road","category":"tertiary","osm_type":"way","osm_id":"436168249"}},{"type":"Feature","geometry":{"type":"LineString","coordinates":[[-0.48546,52.24886],[-0.48534,52.24882]]},"properties":{"name":"Secondary and tertiary roads","category":"tertiary","osm_type":"way","osm_id":"436604300"}},{"type":"Feature","geometry":{"type":"LineString","coordinates":[[-0.48534,52.24882],[-0.48326,52.24823]]},"properties":{"name":"Secondary and tertiary roads","category":"tertiary","osm_type":"way","osm_id":"436604319"}},{"type":"Feature","geometry":{"type":"LineString","coordinates":[[-0.75684,52.26559],[-0.75777,52.26569]]},"properties":{"name":"West Street","category":"secondary","osm_type":"way","osm_id":"439240982","ref":"B573"}},{"type":"Feature","geometry":{"type":"LineString","coordinates":[[-0.72965,52.00425],[-0.73076,52.00468]]},"properties":{"name":"Secondary and tertiary roads","category":"tertiary_link","osm_type":"way","osm_id":"440103009"}},{"type":"Feature","geometry":{"type":"LineString","coordinates":[[-0.73076,52.00468],[-0.73067,52.00466]]},"properties":{"name":"H10 Bletcham Way","category":"tertiary","osm_type":"way","osm_id":"440103010"}},{"type":"Feature","geometry":{"type":"LineString","coordinates":[[-0.73773,52.00898],[-0.73823,52.009]]},"properties":{"name":"Secondary and tertiary roads","category":"tertiary_link","osm_type":"way","osm_id":"440103021"}},{"type":"Feature","geometry":{"type":"LineString","coordinates":[[-0.73837,52.00952],[-0.7391,52.0104]]},"properties":{"name":"V6 Grafton Street","category":"tertiary","osm_type":"way","osm_id":"440103024"}},{"type":"Feature","geometry":{"type":"LineString","coordinates":[[-0.73142,52.01135],[-0.73132,52.01103]]},"properties":{"name":"V7 Saxon Street","category":"secondary","osm_type":"way","osm_id":"440103039","ref":"B4034"}},{"type":"Feature","geometry":{"type":"LineString","coordinates":[[-0.68477,52.04792],[-0.68571,52.04915],[-0.68742,52.05025],[-0.69145,52.05119]]},"properties":{"name":"Fen Street","category":"tertiary","osm_type":"way","osm_id":"445148878"}},{"type":"Feature","geometry":{"type":"LineString","coordinates":[[-0.56016,52.12944],[-0.56028,52.12951]]},"properties":{"name":"Spring Lane","category":"secondary","osm_type":"way","osm_id":"445244552","ref":"B560"}},{"type":"Feature","geometry":{"type":"LineString","coordinates":[[-0.56028,52.12951],[-0.56046,52.12957]]},"properties":{"name":"Spring Lane","category":"secondary","osm_type":"way","osm_id":"445244553","ref":"B560"}},{"type":"Feature","geometry":{"type":"LineString","coordinates":[[-0.55635,52.12729],[-0.55989,52.129]]},"properties":{"name":"Spring Lane","category":"secondary","osm_type":"way","osm_id":"445246110","ref":"B560"}},{"type":"Feature","geometry":{"type":"LineString","coordinates":[[-0.55989,52.129],[-0.56016,52.12944]]},"properties":{"name":"Spring Lane","category":"secondary","osm_type":"way","osm_id":"445246111","ref":"B560"}},{"type":"Feature","geometry":{"type":"LineString","coordinates":[[-0.55332,52.12637],[-0.55635,52.12729]]},"properties":{"name":"Spring Lane","category":"secondary","osm_type":"way","osm_id":"445246214","ref":"B560"}},{"type":"Feature","geometry":{"type":"LineString","coordinates":[[-0.54764,52.12421],[-0.55332,52.12637]]},"properties":{"name":"Spring Lane","category":"secondary","osm_type":"way","osm_id":"445246215","ref":"B560"}},{"type":"Feature","geometry":{"type":"LineString","coordinates":[[-0.80954,52.03608],[-0.81325,52.03257],[-0.81929,52.03156]]},"properties":{"name":"Barrosa Way","category":"tertiary","osm_type":"way","osm_id":"445461446"}},{"type":"Feature","geometry":{"type":"LineString","coordinates":[[-0.5979,52.01143],[-0.58496,52.01151]]},"properties":{"name":"Crawley Road","category":"tertiary","osm_type":"way","osm_id":"448296795","ref":"C87"}},{"type":"Feature","geometry":{"type":"LineString","coordinates":[[-0.58496,52.01151],[-0.58384,52.01151]]},"properties":{"name":"Crawley Road","category":"tertiary","osm_type":"way","osm_id":"448296796","ref":"C87"}},{"type":"Feature","geometry":{"type":"LineString","coordinates":[[-0.58101,52.01345],[-0.57867,52.01525]]},"properties":{"name":"High Street","category":"tertiary","osm_type":"way","osm_id":"448296797","ref":"C76"}},{"type":"Feature","geometry":{"type":"LineString","coordinates":[[-0.58087,52.0142],[-0.5805,52.01405]]},"properties":{"name":"Station Road","category":"tertiary","osm_type":"way","osm_id":"448296798"}},{"type":"Feature","geometry":{"type":"LineString","coordinates":[[-0.58428,52.01738],[-0.58358,52.01594]]},"properties":{"name":"Station Road","category":"tertiary","osm_type":"way","osm_id":"448296799","ref":"C76"}},{"type":"Feature","geometry":{"type":"LineString","coordinates":[[-0.5752,52.01662],[-0.5706,52.01817]]},"properties":{"name":"Ridgmont Road","category":"tertiary","osm_type":"way","osm_id":"448296800","ref":"C76"}},{"type":"Feature","geometry":{"type":"LineString","coordinates":[[-0.57651,52.01615],[-0.57578,52.01641]]},"properties":{"name":"High Street","category":"tertiary","osm_type":"way","osm_id":"448296801","ref":"C76"}},{"type":"Feature","geometry":{"type":"LineString","coordinates":[[-0.57791,52.01182],[-0.57325,52.00888],[-0.57095,52.00648]]},"properties":{"name":"Eversholt Road","category":"tertiary","osm_type":"way","osm_id":"448296802"}},{"type":"Feature","geometry":{"type":"LineString","coordinates":[[-0.5796,52.01273],[-0.57857,52.01219]]},"properties":{"name":"Eversholt Road","category":"tertiary","osm_type":"way","osm_id":"448296803"}},{"type":"Feature","geometry":{"type":"LineString","coordinates":[[-0.58265,52.01171],[-0.58248,52.01186]]},"properties":{"name":"High Street","category":"tertiary","osm_type":"way","osm_id":"448301267","ref":"C87"}},{"type":"Feature","geometry":{"type":"LineString","coordinates":[[-0.59896,52.01249],[-0.59563,52.01428],[-0.594,52.0164]]},"properties":{"name":"Mill Road","category":"secondary","osm_type":"way","osm_id":"448301268","ref":"B5704"}},{"type":"Feature","geometry":{"type":"LineString","coordinates":[[-0.60933,52.00432],[-0.60696,52.00624]]},"properties":{"name":"B5704","category":"secondary","osm_type":"way","osm_id":"448301270","ref":"B5704"}},{"type":"Feature","geometry":{"type":"LineString","coordinates":[[-0.7695,52.0722],[-0.76812,52.07286]]},"properties":{"name":"Wolverton Road","category":"tertiary","osm_type":"way","osm_id":"448488064"}},{"type":"Feature","geometry":{"type":"LineString","coordinates":[[-0.33204,52.03282],[-0.33174,52.03411]]},"properties":{"name":"Shefford Road","category":"tertiary","osm_type":"way","osm_id":"449651298"}},{"type":"Feature","geometry":{"type":"LineString","coordinates":[[-0.9583,52.49862],[-0.95087,52.49844],[-0.94421,52.49909],[-0.94184,52.49812],[-0.93881,52.4984]]},"properties":{"name":"Gallow Field Road","category":"tertiary","osm_type":"way","osm_id":"452532315"}},{"type":"Feature","geometry":{"type":"LineString","coordinates":[[-0.1213,52.34768],[-0.1208,52.34754]]},"properties":{"name":"Secondary and tertiary roads","category":"secondary","osm_type":"way","osm_id":"453297738"}},{"type":"Feature","geometry":{"type":"LineString","coordinates":[[-0.13307,52.35474],[-0.13276,52.35459]]},"properties":{"name":"Sawtry Way","category":"secondary","osm_type":"way","osm_id":"453299754","ref":"B1090"}},{"type":"Feature","geometry":{"type":"LineString","coordinates":[[-0.13205,52.35408],[-0.13253,52.35425]]},"properties":{"name":"Sawtry Way","category":"secondary","osm_type":"way","osm_id":"453299760","ref":"B1090"}},{"type":"Feature","geometry":{"type":"LineString","coordinates":[[-0.24088,52.37152],[-0.24075,52.37126]]},"properties":{"name":"Ermine Street","category":"secondary","osm_type":"way","osm_id":"453312191","ref":"B1043"}},{"type":"Feature","geometry":{"type":"LineString","coordinates":[[-0.24002,52.37109],[-0.24066,52.37101]]},"properties":{"name":"Ermine Street","category":"tertiary","osm_type":"way","osm_id":"453312192"}},{"type":"Feature","geometry":{"type":"LineString","coordinates":[[-0.89041,52.19537],[-0.89046,52.19517]]},"properties":{"name":"Saxon Avenue","category":"tertiary","osm_type":"way","osm_id":"453330303"}},{"type":"Feature","geometry":{"type":"LineString","coordinates":[[-0.55707,52.06105],[-0.55716,52.06087]]},"properties":{"name":"Secondary and tertiary roads","category":"tertiary","osm_type":"way","osm_id":"453763823"}},{"type":"Feature","geometry":{"type":"LineString","coordinates":[[-0.55792,52.05942],[-0.55946,52.05753]]},"properties":{"name":"C94","category":"tertiary","osm_type":"way","osm_id":"453763830","ref":"C94"}},{"type":"Feature","geometry":{"type":"LineString","coordinates":[[-0.73552,52.02389],[-0.73546,52.02365]]},"properties":{"name":"Farthing Grove","category":"tertiary","osm_type":"way","osm_id":"453841561"}},{"type":"Feature","geometry":{"type":"LineString","coordinates":[[-0.70528,52.48611],[-0.70497,52.48631]]},"properties":{"name":"Jubilee Avenue","category":"tertiary","osm_type":"way","osm_id":"453956990"}},{"type":"Feature","geometry":{"type":"LineString","coordinates":[[-0.27102,52.43363],[-0.27051,52.4334]]},"properties":{"name":"Old Great North Road","category":"secondary","osm_type":"way","osm_id":"453981200","ref":"B1043"}},{"type":"Feature","geometry":{"type":"LineString","coordinates":[[-0.26983,52.43288],[-0.27032,52.43306]]},"properties":{"name":"B1043","category":"secondary","osm_type":"way","osm_id":"453981201","ref":"B1043"}},{"type":"Feature","geometry":{"type":"LineString","coordinates":[[-0.27205,52.4288],[-0.27223,52.42908]]},"properties":{"name":"Secondary and tertiary roads","category":"tertiary","osm_type":"way","osm_id":"453984229"}},{"type":"Feature","geometry":{"type":"LineString","coordinates":[[-0.51082,52.07477],[-0.51077,52.07463]]},"properties":{"name":"Broadmead Road","category":"tertiary","osm_type":"way","osm_id":"455499984"}},{"type":"Feature","geometry":{"type":"LineString","coordinates":[[-0.5107,52.07461],[-0.51063,52.07437],[-0.51099,52.07431],[-0.51109,52.07457],[-0.5107,52.07461]]},"properties":{"name":"Secondary and tertiary roads","category":"tertiary","osm_type":"way","osm_id":"455499986"}},{"type":"Feature","geometry":{"type":"LineString","coordinates":[[-0.5109,52.0743],[-0.51136,52.07414]]},"properties":{"name":"Broadmead Road","category":"tertiary","osm_type":"way","osm_id":"455499989"}},{"type":"Feature","geometry":{"type":"LineString","coordinates":[[-0.51095,52.07463],[-0.51082,52.07477]]},"properties":{"name":"Broadmead Road","category":"tertiary","osm_type":"way","osm_id":"455499990"}},{"type":"Feature","geometry":{"type":"LineString","coordinates":[[-0.51136,52.07414],[-0.51112,52.0744]]},"properties":{"name":"Broadmead Road","category":"tertiary","osm_type":"way","osm_id":"455499991"}},{"type":"Feature","geometry":{"type":"LineString","coordinates":[[-0.55699,52.06087],[-0.55711,52.06074]]},"properties":{"name":"C94","category":"tertiary","osm_type":"way","osm_id":"455503543","ref":"C94"}},{"type":"Feature","geometry":{"type":"LineString","coordinates":[[-0.55707,52.06105],[-0.55691,52.06113]]},"properties":{"name":"C94","category":"tertiary","osm_type":"way","osm_id":"455503547","ref":"C94"}},{"type":"Feature","geometry":{"type":"LineString","coordinates":[[-0.55301,52.06537],[-0.55274,52.0654]]},"properties":{"name":"Secondary and tertiary roads","category":"tertiary","osm_type":"way","osm_id":"455503548"}},{"type":"Feature","geometry":{"type":"LineString","coordinates":[[-0.51214,52.09226],[-0.51197,52.09247]]},"properties":{"name":"Fields Road","category":"tertiary","osm_type":"way","osm_id":"456621305"}},{"type":"Feature","geometry":{"type":"LineString","coordinates":[[-0.49897,52.11494],[-0.50025,52.11594]]},"properties":{"name":"St John's Street","category":"secondary","osm_type":"way","osm_id":"457230011","ref":"B531"}},{"type":"Feature","geometry":{"type":"LineString","coordinates":[[-0.51622,52.11618],[-0.51814,52.11712]]},"properties":{"name":"Cemetery Road","category":"secondary","osm_type":"way","osm_id":"457237432","ref":"B560"}},{"type":"Feature","geometry":{"type":"LineString","coordinates":[[-0.68241,52.04645],[-0.68477,52.04792]]},"properties":{"name":"Fen Street","category":"tertiary","osm_type":"way","osm_id":"458674928"}},{"type":"Feature","geometry":{"type":"LineString","coordinates":[[-0.67691,52.04641],[-0.67693,52.0465]]},"properties":{"name":"Secondary and tertiary roads","category":"tertiary","osm_type":"way","osm_id":"458674942"}},{"type":"Feature","geometry":{"type":"LineString","coordinates":[[-0.68028,52.04339],[-0.68749,52.04193]]},"properties":{"name":"Countess Way","category":"tertiary","osm_type":"way","osm_id":"458674944"}},{"type":"Feature","geometry":{"type":"LineString","coordinates":[[-0.67682,52.0465],[-0.6775,52.04451],[-0.68015,52.04341]]},"properties":{"name":"Secondary and tertiary roads","category":"tertiary","osm_type":"way","osm_id":"458674946"}},{"type":"Feature","geometry":{"type":"LineString","coordinates":[[-0.72535,52.03542],[-0.72345,52.03481],[-0.72465,52.03199],[-0.72375,52.02962]]},"properties":{"name":"Newport Road","category":"tertiary","osm_type":"way","osm_id":"458978452"}},{"type":"Feature","geometry":{"type":"LineString","coordinates":[[-0.68622,52.39003],[-0.68621,52.38815],[-0.68862,52.38634]]},"properties":{"name":"Warkton Lane","category":"tertiary","osm_type":"way","osm_id":"461026929"}},{"type":"Feature","geometry":{"type":"LineString","coordinates":[[-0.68668,52.39336],[-0.6879,52.39345]]},"properties":{"name":"Deeble Road","category":"tertiary","osm_type":"way","osm_id":"461026939"}},{"type":"Feature","geometry":{"type":"LineString","coordinates":[[-0.72864,52.05637],[-0.72907,52.05665]]},"properties":{"name":"Secondary and tertiary roads","category":"tertiary_link","osm_type":"way","osm_id":"461170573"}},{"type":"Feature","geometry":{"type":"LineString","coordinates":[[-0.81729,52.44388],[-0.818,52.4438]]},"properties":{"name":"Station Road","category":"tertiary","osm_type":"way","osm_id":"462552206"}},{"type":"Feature","geometry":{"type":"LineString","coordinates":[[-0.9004,52.2599],[-0.90046,52.25951]]},"properties":{"name":"Harborough Road","category":"tertiary_link","osm_type":"way","osm_id":"462724767","ref":"A508"}},{"type":"Feature","geometry":{"type":"LineString","coordinates":[[-0.01832,52.27381],[-0.017,52.27301],[-0.01521,52.27285]]},"properties":{"name":"Secondary and tertiary roads","category":"tertiary","osm_type":"way","osm_id":"463099071"}},{"type":"Feature","geometry":{"type":"LineString","coordinates":[[-0.07016,52.2892],[-0.06925,52.29137]]},"properties":{"name":"Conington Road","category":"tertiary","osm_type":"way","osm_id":"463118188"}},{"type":"Feature","geometry":{"type":"LineString","coordinates":[[-0.06798,52.28559],[-0.0702,52.28685],[-0.07033,52.28862]]},"properties":{"name":"Conington Road","category":"tertiary","osm_type":"way","osm_id":"463118190"}},{"type":"Feature","geometry":{"type":"LineString","coordinates":[[-0.24199,52.3041],[-0.24042,52.30599]]},"properties":{"name":"Brampton Road","category":"secondary","osm_type":"way","osm_id":"463120449","ref":"B1514"}},{"type":"Feature","geometry":{"type":"LineString","coordinates":[[-0.08612,52.29036],[-0.08568,52.29078]]},"properties":{"name":"Hilton Road Bridge","category":"tertiary","osm_type":"way","osm_id":"463120453"}},{"type":"Feature","geometry":{"type":"LineString","coordinates":[[-0.20298,52.29883],[-0.20927,52.29445],[-0.21041,52.29315]]},"properties":{"name":"B1043","category":"secondary","osm_type":"way","osm_id":"463120455","ref":"B1043"}},{"type":"Feature","geometry":{"type":"LineString","coordinates":[[-0.24199,52.3041],[-0.24394,52.30315]]},"properties":{"name":"Brampton Road","category":"secondary","osm_type":"way","osm_id":"463120456","ref":"B1514"}},{"type":"Feature","geometry":{"type":"LineString","coordinates":[[-0.10117,52.29223],[-0.10177,52.29167]]},"properties":{"name":"Potton Road Bridge","category":"secondary","osm_type":"way","osm_id":"463120457"}},{"type":"Feature","geometry":{"type":"LineString","coordinates":[[-0.10177,52.29167],[-0.1055,52.28792]]},"properties":{"name":"B1040","category":"secondary","osm_type":"way","osm_id":"463120458","ref":"B1040"}},{"type":"Feature","geometry":{"type":"LineString","coordinates":[[-0.20243,52.29939],[-0.20298,52.29883]]},"properties":{"name":"B1043","category":"secondary","osm_type":"way","osm_id":"463120468","ref":"B1043"}},{"type":"Feature","geometry":{"type":"LineString","coordinates":[[-0.08832,52.28904],[-0.08612,52.29036]]},"properties":{"name":"Hilton Road","category":"tertiary","osm_type":"way","osm_id":"463120475"}},{"type":"Feature","geometry":{"type":"LineString","coordinates":[[-0.10914,52.28438],[-0.11031,52.28254]]},"properties":{"name":"St. Ives Road","category":"secondary","osm_type":"way","osm_id":"463120476","ref":"B1040"}},{"type":"Feature","geometry":{"type":"LineString","coordinates":[[-0.08236,52.2937],[-0.07897,52.29564]]},"properties":{"name":"Hilton Road","category":"tertiary","osm_type":"way","osm_id":"463120486"}},{"type":"Feature","geometry":{"type":"LineString","coordinates":[[-0.08568,52.29078],[-0.08364,52.293],[-0.08236,52.2937]]},"properties":{"name":"Hilton Road","category":"tertiary","osm_type":"way","osm_id":"463120487"}},{"type":"Feature","geometry":{"type":"LineString","coordinates":[[-0.68462,52.04794],[-0.68236,52.04655]]},"properties":{"name":"Fen Street","category":"tertiary","osm_type":"way","osm_id":"463485060"}},{"type":"Feature","geometry":{"type":"LineString","coordinates":[[-0.67691,52.04641],[-0.67788,52.04647]]},"properties":{"name":"Secondary and tertiary roads","category":"tertiary","osm_type":"way","osm_id":"463485062"}},{"type":"Feature","geometry":{"type":"LineString","coordinates":[[-0.67853,52.3653],[-0.67886,52.36553]]},"properties":{"name":"Kettering Road","category":"tertiary","osm_type":"way","osm_id":"463773486"}},{"type":"Feature","geometry":{"type":"LineString","coordinates":[[-0.67682,52.0465],[-0.671,52.04607],[-0.66796,52.04476]]},"properties":{"name":"Fen Street","category":"tertiary","osm_type":"way","osm_id":"464532821"}},{"type":"Feature","geometry":{"type":"LineString","coordinates":[[-0.72653,52.00281],[-0.7263,52.00271]]},"properties":{"name":"Roman Roundabout","category":"secondary","osm_type":"way","osm_id":"464621694","ref":"B4034"}},{"type":"Feature","geometry":{"type":"LineString","coordinates":[[-0.95265,52.26447],[-0.94736,52.26423],[-0.94259,52.26534]]},"properties":{"name":"Poppy Fields Way","category":"tertiary","osm_type":"way","osm_id":"464793704"}},{"type":"Feature","geometry":{"type":"LineString","coordinates":[[-0.92839,52.26739],[-0.92862,52.26755],[-0.92836,52.2677],[-0.92812,52.26752],[-0.92839,52.26739]]},"properties":{"name":"Secondary and tertiary roads","category":"tertiary","osm_type":"way","osm_id":"464803567"}},{"type":"Feature","geometry":{"type":"LineString","coordinates":[[-0.92787,52.26935],[-0.92836,52.2677]]},"properties":{"name":"Gorse Valley Way","category":"tertiary","osm_type":"way","osm_id":"464803568"}},{"type":"Feature","geometry":{"type":"LineString","coordinates":[[-0.02576,52.49605],[-0.02453,52.49402]]},"properties":{"name":"High Street","category":"secondary","osm_type":"way","osm_id":"465222911","ref":"B1096"}},{"type":"Feature","geometry":{"type":"LineString","coordinates":[[-0.94629,52.2857],[-0.94978,52.28396]]},"properties":{"name":"Harlestone Road","category":"tertiary","osm_type":"way","osm_id":"466925403"}},{"type":"Feature","geometry":{"type":"LineString","coordinates":[[-0.95569,52.26479],[-0.95265,52.26447]]},"properties":{"name":"Poppy Fields Way","category":"tertiary","osm_type":"way","osm_id":"469725938"}},{"type":"Feature","geometry":{"type":"LineString","coordinates":[[-0.23795,52.08973],[-0.23782,52.09375],[-0.23971,52.09616]]},"properties":{"name":"Baden Powell Way","category":"tertiary","osm_type":"way","osm_id":"469955238"}},{"type":"Feature","geometry":{"type":"LineString","coordinates":[[-0.24346,52.09833],[-0.24468,52.09959],[-0.2468,52.09993]]},"properties":{"name":"Baden Powell Way","category":"tertiary","osm_type":"way","osm_id":"469955244"}},{"type":"Feature","geometry":{"type":"LineString","coordinates":[[-0.90699,52.20546],[-0.90874,52.2058],[-0.9119,52.20716]]},"properties":{"name":"Rowtree Road","category":"tertiary","osm_type":"way","osm_id":"470232454"}},{"type":"Feature","geometry":{"type":"LineString","coordinates":[[-0.90474,52.20859],[-0.90486,52.20721],[-0.90699,52.20546]]},"properties":{"name":"Penvale Road","category":"tertiary","osm_type":"way","osm_id":"470239067"}},{"type":"Feature","geometry":{"type":"LineString","coordinates":[[-0.91704,52.21574],[-0.91393,52.21621]]},"properties":{"name":"Towcester Road","category":"tertiary","osm_type":"way","osm_id":"470239069"}},{"type":"Feature","geometry":{"type":"LineString","coordinates":[[-0.80704,52.18392],[-0.80489,52.18264]]},"properties":{"name":"Horton Road","category":"secondary","osm_type":"way","osm_id":"472503809","ref":"B526"}},{"type":"Feature","geometry":{"type":"LineString","coordinates":[[-0.80725,52.18402],[-0.80704,52.18392]]},"properties":{"name":"Horton Road","category":"secondary","osm_type":"way","osm_id":"472503810","ref":"B526"}},{"type":"Feature","geometry":{"type":"LineString","coordinates":[[-0.68244,52.37246],[-0.68361,52.37137]]},"properties":{"name":"Kettering Road","category":"tertiary","osm_type":"way","osm_id":"473176756"}},{"type":"Feature","geometry":{"type":"LineString","coordinates":[[-0.68639,52.39342],[-0.68626,52.39347]]},"properties":{"name":"Secondary and tertiary roads","category":"tertiary","osm_type":"way","osm_id":"473315439"}},{"type":"Feature","geometry":{"type":"LineString","coordinates":[[-0.2222,52.40463],[-0.22806,52.4096]]},"properties":{"name":"Woodwalton Lane","category":"secondary","osm_type":"way","osm_id":"475713181","ref":"B1090"}},{"type":"Feature","geometry":{"type":"LineString","coordinates":[[-0.1536,52.41272],[-0.14928,52.42161]]},"properties":{"name":"Huntingdon Road","category":"tertiary","osm_type":"way","osm_id":"475713182"}},{"type":"Feature","geometry":{"type":"LineString","coordinates":[[-0.1427,52.42949],[-0.14288,52.42946]]},"properties":{"name":"Ramsey Road","category":"tertiary","osm_type":"way","osm_id":"475713183"}},{"type":"Feature","geometry":{"type":"LineString","coordinates":[[-0.10252,52.4492],[-0.10333,52.44897]]},"properties":{"name":"High Street","category":"secondary","osm_type":"way","osm_id":"475713184","ref":"B1096"}},{"type":"Feature","geometry":{"type":"LineString","coordinates":[[-0.05314,52.46047],[-0.05528,52.45838]]},"properties":{"name":"Ramsey Hollow Drove","category":"tertiary","osm_type":"way","osm_id":"475713185"}},{"type":"Feature","geometry":{"type":"LineString","coordinates":[[-0.0333,52.4539],[-0.03399,52.45323]]},"properties":{"name":"Puddock Road","category":"tertiary","osm_type":"way","osm_id":"475713186"}},{"type":"Feature","geometry":{"type":"LineString","coordinates":[[-0.78869,52.02158],[-0.78859,52.0216]]},"properties":{"name":"Oakhill Road","category":"tertiary","osm_type":"way","osm_id":"477930284"}},{"type":"Feature","geometry":{"type":"LineString","coordinates":[[-0.83973,52.15349],[-0.83668,52.14931]]},"properties":{"name":"Wootton Road","category":"tertiary","osm_type":"way","osm_id":"478508985"}},{"type":"Feature","geometry":{"type":"LineString","coordinates":[[-0.8438,52.1592],[-0.84386,52.15931]]},"properties":{"name":"Wootton Road","category":"tertiary","osm_type":"way","osm_id":"478508987"}},{"type":"Feature","geometry":{"type":"LineString","coordinates":[[-0.87699,52.15271],[-0.87722,52.15279]]},"properties":{"name":"Secondary and tertiary roads","category":"tertiary","osm_type":"way","osm_id":"478511931"}},{"type":"Feature","geometry":{"type":"LineString","coordinates":[[-0.89077,52.15858],[-0.89048,52.15692]]},"properties":{"name":"Northampton Road","category":"tertiary","osm_type":"way","osm_id":"478511932"}},{"type":"Feature","geometry":{"type":"LineString","coordinates":[[-0.89119,52.15881],[-0.89067,52.15889]]},"properties":{"name":"High Street","category":"tertiary","osm_type":"way","osm_id":"478511933"}},{"type":"Feature","geometry":{"type":"LineString","coordinates":[[-0.89812,52.15934],[-0.89789,52.16201],[-0.89647,52.16299]]},"properties":{"name":"London Road","category":"tertiary","osm_type":"way","osm_id":"478511934"}},{"type":"Feature","geometry":{"type":"LineString","coordinates":[[-0.94306,52.17349],[-0.94277,52.17396]]},"properties":{"name":"Towcester Road","category":"tertiary","osm_type":"way","osm_id":"478511935"}},{"type":"Feature","geometry":{"type":"LineString","coordinates":[[-0.98772,52.19213],[-0.98756,52.19222]]},"properties":{"name":"Secondary and tertiary roads","category":"tertiary","osm_type":"way","osm_id":"478511936"}},{"type":"Feature","geometry":{"type":"LineString","coordinates":[[-0.98866,52.19187],[-0.98772,52.19213]]},"properties":{"name":"Secondary and tertiary roads","category":"tertiary","osm_type":"way","osm_id":"478511937"}},{"type":"Feature","geometry":{"type":"LineString","coordinates":[[-0.8559,52.32424],[-0.86165,52.32541]]},"properties":{"name":"Brixworth Road","category":"tertiary","osm_type":"way","osm_id":"478613592"}},{"type":"Feature","geometry":{"type":"LineString","coordinates":[[-0.85051,52.32259],[-0.8559,52.32424]]},"properties":{"name":"Brixworth Road","category":"tertiary","osm_type":"way","osm_id":"478613594"}},{"type":"Feature","geometry":{"type":"LineString","coordinates":[[-0.90642,52.2584],[-0.90305,52.25952]]},"properties":{"name":"Mill Lane","category":"tertiary","osm_type":"way","osm_id":"478681123"}},{"type":"Feature","geometry":{"type":"LineString","coordinates":[[-0.92589,52.24699],[-0.92536,52.24737]]},"properties":{"name":"Bants Lane","category":"tertiary","osm_type":"way","osm_id":"478685075"}},{"type":"Feature","geometry":{"type":"LineString","coordinates":[[-0.94321,52.21671],[-0.94203,52.21677]]},"properties":{"name":"Banbury Lane","category":"tertiary","osm_type":"way","osm_id":"478685086"}},{"type":"Feature","geometry":{"type":"LineString","coordinates":[[-0.1959,52.34129],[-0.19581,52.34132]]},"properties":{"name":"Wertheim Way","category":"tertiary","osm_type":"way","osm_id":"479047421"}},{"type":"Feature","geometry":{"type":"LineString","coordinates":[[-0.19409,52.33857],[-0.19609,52.33734]]},"properties":{"name":"Wertheim Way","category":"tertiary","osm_type":"way","osm_id":"479047424"}},{"type":"Feature","geometry":{"type":"LineString","coordinates":[[-0.86876,52.06539],[-0.86935,52.06577]]},"properties":{"name":"Towcester Road","category":"tertiary","osm_type":"way","osm_id":"479912600"}},{"type":"Feature","geometry":{"type":"LineString","coordinates":[[-0.86064,52.06115],[-0.85964,52.06094]]},"properties":{"name":"Queen Eleanor Street","category":"tertiary","osm_type":"way","osm_id":"479912603"}},{"type":"Feature","geometry":{"type":"LineString","coordinates":[[-0.84192,52.05136],[-0.84046,52.05055]]},"properties":{"name":"Queen Eleanor Street","category":"tertiary","osm_type":"way","osm_id":"479912613"}},{"type":"Feature","geometry":{"type":"LineString","coordinates":[[-0.78236,52.02464],[-0.77807,52.02307]]},"properties":{"name":"V4 Watling Street","category":"tertiary","osm_type":"way","osm_id":"479912620"}},{"type":"Feature","geometry":{"type":"LineString","coordinates":[[-0.73126,52.00462],[-0.73176,52.00481]]},"properties":{"name":"H10 Bletcham Way","category":"tertiary","osm_type":"way","osm_id":"479912623"}},{"type":"Feature","geometry":{"type":"LineString","coordinates":[[-0.75986,52.43901],[-0.75997,52.43891]]},"properties":{"name":"Secondary and tertiary roads","category":"tertiary","osm_type":"way","osm_id":"482323749"}},{"type":"Feature","geometry":{"type":"LineString","coordinates":[[-0.75974,52.43906],[-0.75986,52.43901]]},"properties":{"name":"Secondary and tertiary roads","category":"tertiary","osm_type":"way","osm_id":"482323750"}},{"type":"Feature","geometry":{"type":"LineString","coordinates":[[-0.33628,52.38685],[-0.33531,52.38726],[-0.3148,52.3839],[-0.31297,52.38394]]},"properties":{"name":"High Street","category":"tertiary","osm_type":"way","osm_id":"486079503"}},{"type":"Feature","geometry":{"type":"LineString","coordinates":[[-0.54685,52.39648],[-0.55042,52.39556]]},"properties":{"name":"Kettering Road","category":"tertiary","osm_type":"way","osm_id":"487401516"}},{"type":"Feature","geometry":{"type":"LineString","coordinates":[[-0.5467,52.39653],[-0.54685,52.39648]]},"properties":{"name":"Kettering Road","category":"tertiary","osm_type":"way","osm_id":"487401517"}},{"type":"Feature","geometry":{"type":"LineString","coordinates":[[-0.93829,52.24074],[-0.93779,52.24186],[-0.93644,52.24282]]},"properties":{"name":"Tollgate Way","category":"tertiary","osm_type":"way","osm_id":"487463755"}},{"type":"Feature","geometry":{"type":"LineString","coordinates":[[-0.84398,52.05242],[-0.8428,52.0524]]},"properties":{"name":"London Road","category":"tertiary","osm_type":"way","osm_id":"488080982"}},{"type":"Feature","geometry":{"type":"LineString","coordinates":[[-0.85917,52.06093],[-0.85897,52.0609],[-0.85902,52.06078],[-0.85922,52.06082],[-0.85917,52.06093]]},"properties":{"name":"Secondary and tertiary roads","category":"tertiary","osm_type":"way","osm_id":"488083105"}},{"type":"Feature","geometry":{"type":"LineString","coordinates":[[-0.85845,52.06098],[-0.85518,52.06132],[-0.85261,52.06117],[-0.84814,52.06014],[-0.84436,52.06009],[-0.84206,52.05898]]},"properties":{"name":"Queen Eleanor Street","category":"tertiary","osm_type":"way","osm_id":"488083106"}},{"type":"Feature","geometry":{"type":"LineString","coordinates":[[-0.80617,52.05037],[-0.80546,52.05026]]},"properties":{"name":"Secondary and tertiary roads","category":"tertiary","osm_type":"way","osm_id":"488209860"}},{"type":"Feature","geometry":{"type":"LineString","coordinates":[[-0.80577,52.05009],[-0.8056,52.04995]]},"properties":{"name":"V5 Great Monks Street","category":"tertiary","osm_type":"way","osm_id":"488209861"}},{"type":"Feature","geometry":{"type":"LineString","coordinates":[[-0.7969,52.05724],[-0.79577,52.05753]]},"properties":{"name":"H2 Millers Way","category":"tertiary","osm_type":"way","osm_id":"488211735"}},{"type":"Feature","geometry":{"type":"LineString","coordinates":[[-0.79752,52.05705],[-0.7969,52.05724]]},"properties":{"name":"H2 Millers Way","category":"tertiary","osm_type":"way","osm_id":"488211737"}},{"type":"Feature","geometry":{"type":"LineString","coordinates":[[-0.79466,52.05777],[-0.79303,52.05798]]},"properties":{"name":"H2 Millers Way","category":"tertiary","osm_type":"way","osm_id":"488211739"}},{"type":"Feature","geometry":{"type":"LineString","coordinates":[[-0.79018,52.05814],[-0.78974,52.05821]]},"properties":{"name":"H2 Millers Way","category":"tertiary","osm_type":"way","osm_id":"488211740"}},{"type":"Feature","geometry":{"type":"LineString","coordinates":[[-0.78993,52.0598],[-0.78944,52.05913]]},"properties":{"name":"V6 Grafton Street","category":"tertiary","osm_type":"way","osm_id":"488211742"}},{"type":"Feature","geometry":{"type":"LineString","coordinates":[[-0.78954,52.05232],[-0.78996,52.05193]]},"properties":{"name":"Secondary and tertiary roads","category":"tertiary_link","osm_type":"way","osm_id":"488211743"}},{"type":"Feature","geometry":{"type":"LineString","coordinates":[[-0.97757,52.23174],[-0.97896,52.23148],[-0.97931,52.23062]]},"properties":{"name":"High Street","category":"tertiary","osm_type":"way","osm_id":"491630913"}},{"type":"Feature","geometry":{"type":"LineString","coordinates":[[-0.97697,52.23196],[-0.97757,52.23174]]},"properties":{"name":"High Street","category":"tertiary","osm_type":"way","osm_id":"491630914"}},{"type":"Feature","geometry":{"type":"LineString","coordinates":[[-0.96379,52.42203],[-0.96129,52.42146],[-0.95779,52.41994],[-0.95592,52.41848],[-0.9505,52.41613],[-0.94988,52.41494],[-0.9423,52.41356],[-0.93134,52.40822],[-0.92774,52.40704],[-0.91811,52.40625]]},"properties":{"name":"Secondary and tertiary roads","category":"tertiary","osm_type":"way","osm_id":"492815535"}},{"type":"Feature","geometry":{"type":"LineString","coordinates":[[-0.24613,52.10128],[-0.24606,52.10131]]},"properties":{"name":"Potton Road","category":"secondary","osm_type":"way","osm_id":"496466709","ref":"B1040"}},{"type":"Feature","geometry":{"type":"LineString","coordinates":[[-0.25253,52.09488],[-0.24775,52.09983]]},"properties":{"name":"Potton Road","category":"secondary","osm_type":"way","osm_id":"496466710","ref":"B1040"}},{"type":"Feature","geometry":{"type":"LineString","coordinates":[[-0.24195,52.07827],[-0.24216,52.07822]]},"properties":{"name":"Dunton Lane","category":"tertiary","osm_type":"way","osm_id":"496466711"}},{"type":"Feature","geometry":{"type":"LineString","coordinates":[[-0.23219,52.08064],[-0.2341,52.0804],[-0.23759,52.07891]]},"properties":{"name":"Dunton Lane","category":"tertiary","osm_type":"way","osm_id":"496466712"}},{"type":"Feature","geometry":{"type":"LineString","coordinates":[[-0.2551,52.07777],[-0.25447,52.07726],[-0.25088,52.07648],[-0.24767,52.07529],[-0.24466,52.07592]]},"properties":{"name":"Holme Court Avenue","category":"tertiary","osm_type":"way","osm_id":"496466713"}},{"type":"Feature","geometry":{"type":"LineString","coordinates":[[-0.68266,52.34956],[-0.68289,52.34951]]},"properties":{"name":"Finedon Station Road","category":"tertiary","osm_type":"way","osm_id":"496622622"}},{"type":"Feature","geometry":{"type":"LineString","coordinates":[[-0.51136,52.07414],[-0.51495,52.07091]]},"properties":{"name":"Broadmead Road","category":"tertiary","osm_type":"way","osm_id":"496640621"}},{"type":"Feature","geometry":{"type":"LineString","coordinates":[[-0.55711,52.06074],[-0.55716,52.06087]]},"properties":{"name":"C94","category":"tertiary","osm_type":"way","osm_id":"496641357","ref":"C94"}},{"type":"Feature","geometry":{"type":"LineString","coordinates":[[-0.55691,52.06113],[-0.55694,52.06101]]},"properties":{"name":"C94","category":"tertiary","osm_type":"way","osm_id":"496641358","ref":"C94"}},{"type":"Feature","geometry":{"type":"LineString","coordinates":[[-0.90412,52.28185],[-0.90373,52.28181]]},"properties":{"name":"Secondary and tertiary roads","category":"tertiary","osm_type":"way","osm_id":"496670880"}},{"type":"Feature","geometry":{"type":"LineString","coordinates":[[-0.75902,52.25583],[-0.75957,52.25594]]},"properties":{"name":"Grendon Road","category":"secondary","osm_type":"way","osm_id":"496671791","ref":"B573"}},{"type":"Feature","geometry":{"type":"LineString","coordinates":[[-0.54459,52.05983],[-0.54484,52.0606],[-0.54819,52.06307]]},"properties":{"name":"Station Road","category":"tertiary","osm_type":"way","osm_id":"502646358","ref":"C77"}},{"type":"Feature","geometry":{"type":"LineString","coordinates":[[-0.72655,52.33319],[-0.72358,52.33203]]},"properties":{"name":"Wellingborough Road","category":"secondary","osm_type":"way","osm_id":"504299990","ref":"B574"}},{"type":"Feature","geometry":{"type":"LineString","coordinates":[[-0.7266,52.33315],[-0.72678,52.33317],[-0.72673,52.33329],[-0.72656,52.33327],[-0.7266,52.33315]]},"properties":{"name":"Secondary and tertiary roads","category":"secondary","osm_type":"way","osm_id":"504299991"}},{"type":"Feature","geometry":{"type":"LineString","coordinates":[[-0.72675,52.33316],[-0.73045,52.32863],[-0.73281,52.32716]]},"properties":{"name":"Hardwick Road","category":"tertiary","osm_type":"way","osm_id":"504299993"}},{"type":"Feature","geometry":{"type":"LineString","coordinates":[[-0.52147,52.09272],[-0.52103,52.09279]]},"properties":{"name":"Fields Road","category":"tertiary","osm_type":"way","osm_id":"504432805"}},{"type":"Feature","geometry":{"type":"LineString","coordinates":[[-0.52098,52.09264],[-0.52147,52.09272]]},"properties":{"name":"Fields Road","category":"tertiary","osm_type":"way","osm_id":"504432807"}},{"type":"Feature","geometry":{"type":"LineString","coordinates":[[-0.52001,52.09274],[-0.52058,52.09269]]},"properties":{"name":"Fields Road","category":"tertiary","osm_type":"way","osm_id":"504432810"}},{"type":"Feature","geometry":{"type":"LineString","coordinates":[[-0.52063,52.09283],[-0.52001,52.09274]]},"properties":{"name":"Fields Road","category":"tertiary","osm_type":"way","osm_id":"504432813"}},{"type":"Feature","geometry":{"type":"LineString","coordinates":[[-0.51787,52.09255],[-0.51591,52.09228]]},"properties":{"name":"Fields Road","category":"tertiary","osm_type":"way","osm_id":"504439332"}},{"type":"Feature","geometry":{"type":"LineString","coordinates":[[-0.68795,52.46032],[-0.68801,52.46043]]},"properties":{"name":"Main Street","category":"tertiary","osm_type":"way","osm_id":"504478538"}},{"type":"Feature","geometry":{"type":"LineString","coordinates":[[-0.68801,52.46043],[-0.68827,52.46119],[-0.68676,52.46249],[-0.68389,52.46282]]},"properties":{"name":"Main Street","category":"tertiary","osm_type":"way","osm_id":"504478539"}},{"type":"Feature","geometry":{"type":"LineString","coordinates":[[-0.92778,52.26971],[-0.92741,52.27461],[-0.92616,52.28018]]},"properties":{"name":"Gorse Valley Way","category":"tertiary","osm_type":"way","osm_id":"506061325"}},{"type":"Feature","geometry":{"type":"LineString","coordinates":[[-0.67665,52.30254],[-0.67805,52.3022]]},"properties":{"name":"Midland Road","category":"secondary","osm_type":"way","osm_id":"507420103","ref":"B572"}},{"type":"Feature","geometry":{"type":"LineString","coordinates":[[-0.80352,52.42122],[-0.80239,52.41797]]},"properties":{"name":"Kettering Road","category":"secondary","osm_type":"way","osm_id":"507422879","ref":"B669"}},{"type":"Feature","geometry":{"type":"LineString","coordinates":[[-0.63763,52.49516],[-0.63774,52.49532]]},"properties":{"name":"Secondary and tertiary roads","category":"tertiary_link","osm_type":"way","osm_id":"511055537"}},{"type":"Feature","geometry":{"type":"LineString","coordinates":[[-0.63125,52.49848],[-0.63135,52.49885]]},"properties":{"name":"Stamford Road","category":"tertiary","osm_type":"way","osm_id":"511055542"}},{"type":"Feature","geometry":{"type":"LineString","coordinates":[[-0.63149,52.49816],[-0.63539,52.49607]]},"properties":{"name":"Stamford Road","category":"tertiary","osm_type":"way","osm_id":"511055548"}},{"type":"Feature","geometry":{"type":"LineString","coordinates":[[-0.92697,52.24075],[-0.927,52.24081]]},"properties":{"name":"Duston Road","category":"tertiary","osm_type":"way","osm_id":"514599609"}},{"type":"Feature","geometry":{"type":"LineString","coordinates":[[-0.86378,52.29639],[-0.86356,52.29623]]},"properties":{"name":"Pitsford Road","category":"tertiary","osm_type":"way","osm_id":"516115498"}},{"type":"Feature","geometry":{"type":"LineString","coordinates":[[-0.88115,52.29435],[-0.87732,52.29474]]},"properties":{"name":"Moulton Road","category":"tertiary","osm_type":"way","osm_id":"516115499"}},{"type":"Feature","geometry":{"type":"LineString","coordinates":[[-0.66663,52.04301],[-0.66748,52.04419]]},"properties":{"name":"Fen Street","category":"tertiary","osm_type":"way","osm_id":"516485286"}},{"type":"Feature","geometry":{"type":"LineString","coordinates":[[-0.20606,52.33293],[-0.20616,52.33285]]},"properties":{"name":"Secondary and tertiary roads","category":"tertiary","osm_type":"way","osm_id":"520532750"}},{"type":"Feature","geometry":{"type":"LineString","coordinates":[[-0.66117,52.17292],[-0.66105,52.17307]]},"properties":{"name":"Olney Road","category":"tertiary","osm_type":"way","osm_id":"522998018"}},{"type":"Feature","geometry":{"type":"LineString","coordinates":[[-0.71584,52.03717],[-0.7189,52.03681]]},"properties":{"name":"H7 Chaffron Way","category":"tertiary","osm_type":"way","osm_id":"524415726"}},{"type":"Feature","geometry":{"type":"LineString","coordinates":[[-0.71494,52.03724],[-0.71584,52.03717]]},"properties":{"name":"H7 Chaffron Way","category":"tertiary","osm_type":"way","osm_id":"524415727"}},{"type":"Feature","geometry":{"type":"LineString","coordinates":[[-0.71022,52.03841],[-0.71003,52.03814]]},"properties":{"name":"V10 Brickhill Street","category":"tertiary","osm_type":"way","osm_id":"525458225"}},{"type":"Feature","geometry":{"type":"LineString","coordinates":[[-0.71036,52.03862],[-0.71022,52.03841]]},"properties":{"name":"V10 Brickhill Street","category":"tertiary","osm_type":"way","osm_id":"525458226"}},{"type":"Feature","geometry":{"type":"LineString","coordinates":[[-0.70832,52.0377],[-0.70555,52.03787]]},"properties":{"name":"H7 Chaffron Way","category":"tertiary","osm_type":"way","osm_id":"525458227"}},{"type":"Feature","geometry":{"type":"LineString","coordinates":[[-0.70868,52.03769],[-0.70832,52.0377]]},"properties":{"name":"H7 Chaffron Way","category":"tertiary","osm_type":"way","osm_id":"525458228"}},{"type":"Feature","geometry":{"type":"LineString","coordinates":[[-0.66809,52.06813],[-0.66494,52.06818]]},"properties":{"name":"Cranfield Road","category":"tertiary","osm_type":"way","osm_id":"526476968"}},{"type":"Feature","geometry":{"type":"LineString","coordinates":[[-0.7955,52.00112],[-0.79536,52.00067]]},"properties":{"name":"Portishead Drive","category":"tertiary_link","osm_type":"way","osm_id":"527013129"}},{"type":"Feature","geometry":{"type":"LineString","coordinates":[[-0.7955,52.00112],[-0.79539,52.00125]]},"properties":{"name":"H7 Chaffron Way","category":"tertiary","osm_type":"way","osm_id":"527013130"}},{"type":"Feature","geometry":{"type":"LineString","coordinates":[[-0.79564,52.00094],[-0.7955,52.00112]]},"properties":{"name":"H7 Chaffron Way","category":"tertiary","osm_type":"way","osm_id":"527013131"}},{"type":"Feature","geometry":{"type":"LineString","coordinates":[[-0.79539,52.00125],[-0.79474,52.00187]]},"properties":{"name":"H7 Chaffron Way","category":"tertiary","osm_type":"way","osm_id":"527013132"}},{"type":"Feature","geometry":{"type":"LineString","coordinates":[[-0.78605,52.00329],[-0.78118,52.00154]]},"properties":{"name":"V2 Tattenhoe Street","category":"tertiary","osm_type":"way","osm_id":"527309332"}},{"type":"Feature","geometry":{"type":"LineString","coordinates":[[-0.6238,52.38428],[-0.62318,52.38414]]},"properties":{"name":"Secondary and tertiary roads","category":"tertiary","osm_type":"way","osm_id":"527639361"}},{"type":"Feature","geometry":{"type":"LineString","coordinates":[[-0.70791,52.1009],[-0.70742,52.10132]]},"properties":{"name":"Secondary and tertiary roads","category":"tertiary_link","osm_type":"way","osm_id":"527982329"}},{"type":"Feature","geometry":{"type":"LineString","coordinates":[[-0.05819,52.29323],[-0.05723,52.29256]]},"properties":{"name":"Cambridge Road","category":"tertiary","osm_type":"way","osm_id":"528465172"}},{"type":"Feature","geometry":{"type":"LineString","coordinates":[[-0.0636,52.2955],[-0.06104,52.29443]]},"properties":{"name":"Cambridge Road","category":"tertiary","osm_type":"way","osm_id":"528465174","ref":"C185"}},{"type":"Feature","geometry":{"type":"LineString","coordinates":[[-0.95065,52.24537],[-0.94828,52.24551]]},"properties":{"name":"Berrywood Road","category":"tertiary","osm_type":"way","osm_id":"529924177"}},{"type":"Feature","geometry":{"type":"LineString","coordinates":[[-0.7842,52.42153],[-0.78692,52.42115]]},"properties":{"name":"Glendon Road","category":"tertiary","osm_type":"way","osm_id":"530893469"}},{"type":"Feature","geometry":{"type":"LineString","coordinates":[[-0.72668,52.05047],[-0.72575,52.04954]]},"properties":{"name":"V10 Brickhill Street","category":"tertiary","osm_type":"way","osm_id":"531428391"}},{"type":"Feature","geometry":{"type":"LineString","coordinates":[[-0.72681,52.05069],[-0.72668,52.05047]]},"properties":{"name":"V10 Brickhill Street","category":"tertiary","osm_type":"way","osm_id":"531428394"}},{"type":"Feature","geometry":{"type":"LineString","coordinates":[[-0.7462,52.05991],[-0.74659,52.06058]]},"properties":{"name":"V9 Overstreet","category":"tertiary","osm_type":"way","osm_id":"533063561"}},{"type":"Feature","geometry":{"type":"LineString","coordinates":[[-0.70152,52.03835],[-0.70084,52.03848]]},"properties":{"name":"H7 Chaffron Way","category":"tertiary","osm_type":"way","osm_id":"533346845"}},{"type":"Feature","geometry":{"type":"LineString","coordinates":[[-0.7956,52.04029],[-0.79755,52.04162]]},"properties":{"name":"V5 Great Monks Street","category":"tertiary","osm_type":"way","osm_id":"533375940"}},{"type":"Feature","geometry":{"type":"LineString","coordinates":[[-0.79164,52.03154],[-0.79358,52.03059]]},"properties":{"name":"H5 Portway","category":"tertiary","osm_type":"way","osm_id":"533379342"}},{"type":"Feature","geometry":{"type":"LineString","coordinates":[[-0.77391,52.00893],[-0.77057,52.006]]},"properties":{"name":"V3 Fulmer Street","category":"tertiary","osm_type":"way","osm_id":"533580320"}},{"type":"Feature","geometry":{"type":"LineString","coordinates":[[-0.77427,52.00925],[-0.77446,52.00943]]},"properties":{"name":"Secondary and tertiary roads","category":"tertiary","osm_type":"way","osm_id":"533580321"}},{"type":"Feature","geometry":{"type":"LineString","coordinates":[[-0.77377,52.00907],[-0.77406,52.00911]]},"properties":{"name":"Secondary and tertiary roads","category":"tertiary","osm_type":"way","osm_id":"533580322"}},{"type":"Feature","geometry":{"type":"LineString","coordinates":[[-0.77427,52.00925],[-0.77406,52.00911]]},"properties":{"name":"V3 Fulmer Street","category":"tertiary","osm_type":"way","osm_id":"533580323"}},{"type":"Feature","geometry":{"type":"LineString","coordinates":[[-0.77006,52.01726],[-0.76998,52.01731]]},"properties":{"name":"H7 Chaffron Way","category":"tertiary","osm_type":"way","osm_id":"533582513"}},{"type":"Feature","geometry":{"type":"LineString","coordinates":[[-0.77055,52.01688],[-0.77006,52.01726]]},"properties":{"name":"H7 Chaffron Way","category":"tertiary","osm_type":"way","osm_id":"533582514"}},{"type":"Feature","geometry":{"type":"LineString","coordinates":[[-0.19031,52.32998],[-0.19085,52.32989]]},"properties":{"name":"Brampton Road","category":"secondary","osm_type":"way","osm_id":"534093169","ref":"B1514"}},{"type":"Feature","geometry":{"type":"LineString","coordinates":[[-0.19154,52.32986],[-0.19101,52.33017]]},"properties":{"name":"Edison Bell Way","category":"secondary_link","osm_type":"way","osm_id":"534093171","ref":"B1044"}},{"type":"Feature","geometry":{"type":"LineString","coordinates":[[-0.19089,52.33145],[-0.19044,52.33266]]},"properties":{"name":"Edison Bell Way","category":"secondary","osm_type":"way","osm_id":"534093192","ref":"B1044"}},{"type":"Feature","geometry":{"type":"LineString","coordinates":[[-0.19089,52.33145],[-0.19095,52.33026]]},"properties":{"name":"Edison Bell Way","category":"secondary","osm_type":"way","osm_id":"534093193","ref":"B1044"}},{"type":"Feature","geometry":{"type":"LineString","coordinates":[[-0.19044,52.33266],[-0.19069,52.33183]]},"properties":{"name":"Edison Bell Way","category":"secondary","osm_type":"way","osm_id":"534093194","ref":"B1044"}},{"type":"Feature","geometry":{"type":"LineString","coordinates":[[-0.63432,52.06492],[-0.63433,52.06512]]},"properties":{"name":"University Way","category":"tertiary","osm_type":"way","osm_id":"536714142"}},{"type":"Feature","geometry":{"type":"LineString","coordinates":[[-0.70688,52.08117],[-0.70738,52.08098]]},"properties":{"name":"North Crawley Road","category":"tertiary","osm_type":"way","osm_id":"536714159"}},{"type":"Feature","geometry":{"type":"LineString","coordinates":[[-0.70746,52.08111],[-0.70688,52.08117]]},"properties":{"name":"North Crawley Road","category":"tertiary","osm_type":"way","osm_id":"536714162"}},{"type":"Feature","geometry":{"type":"LineString","coordinates":[[-0.70909,52.08089],[-0.70809,52.08102]]},"properties":{"name":"North Crawley Road","category":"tertiary","osm_type":"way","osm_id":"536714169","ref":"C127"}},{"type":"Feature","geometry":{"type":"LineString","coordinates":[[-0.70768,52.08095],[-0.70809,52.08102]]},"properties":{"name":"North Crawley Road","category":"tertiary","osm_type":"way","osm_id":"536714172"}},{"type":"Feature","geometry":{"type":"LineString","coordinates":[[-0.70742,52.08094],[-0.70744,52.08074]]},"properties":{"name":"Renny Park Road","category":"tertiary","osm_type":"way","osm_id":"536714179"}},{"type":"Feature","geometry":{"type":"LineString","coordinates":[[-0.70744,52.08074],[-0.70764,52.08093]]},"properties":{"name":"Renny Park Road","category":"tertiary","osm_type":"way","osm_id":"536714182"}},{"type":"Feature","geometry":{"type":"LineString","coordinates":[[-0.70732,52.07758],[-0.70716,52.07747]]},"properties":{"name":"London Road","category":"secondary","osm_type":"way","osm_id":"536714185","ref":"B526"}},{"type":"Feature","geometry":{"type":"LineString","coordinates":[[-0.80608,52.02046],[-0.80644,52.0203]]},"properties":{"name":"H5 Portway","category":"tertiary","osm_type":"way","osm_id":"542281098"}},{"type":"Feature","geometry":{"type":"LineString","coordinates":[[-0.80644,52.0203],[-0.80674,52.02017]]},"properties":{"name":"H5 Portway","category":"tertiary","osm_type":"way","osm_id":"542281100"}},{"type":"Feature","geometry":{"type":"LineString","coordinates":[[-0.72082,52.02544],[-0.72029,52.02539]]},"properties":{"name":"Newport Road","category":"tertiary","osm_type":"way","osm_id":"544487483"}},{"type":"Feature","geometry":{"type":"LineString","coordinates":[[-0.72122,52.02599],[-0.72096,52.02565]]},"properties":{"name":"Newport Road","category":"tertiary","osm_type":"way","osm_id":"544487484"}},{"type":"Feature","geometry":{"type":"LineString","coordinates":[[-0.74155,52.03328],[-0.74498,52.03175]]},"properties":{"name":"H7 Chaffron Way","category":"tertiary","osm_type":"way","osm_id":"544543728"}},{"type":"Feature","geometry":{"type":"LineString","coordinates":[[-0.74141,52.03333],[-0.74155,52.03328]]},"properties":{"name":"Chaffron Way","category":"tertiary","osm_type":"way","osm_id":"544543729"}},{"type":"Feature","geometry":{"type":"LineString","coordinates":[[-0.7443,52.00986],[-0.74583,52.01052]]},"properties":{"name":"V4 Watling Street","category":"tertiary","osm_type":"way","osm_id":"545445176"}},{"type":"Feature","geometry":{"type":"LineString","coordinates":[[-0.74335,52.00946],[-0.7443,52.00986]]},"properties":{"name":"V4 Watling Street","category":"tertiary","osm_type":"way","osm_id":"545445177"}},{"type":"Feature","geometry":{"type":"LineString","coordinates":[[-0.89307,52.21213],[-0.89265,52.21144]]},"properties":{"name":"Newport Pagnell Road","category":"secondary","osm_type":"way","osm_id":"546002962","ref":"B526"}},{"type":"Feature","geometry":{"type":"LineString","coordinates":[[-0.73162,52.06151],[-0.73096,52.06103]]},"properties":{"name":"V10 Brickhill Street","category":"tertiary","osm_type":"way","osm_id":"548072123"}},{"type":"Feature","geometry":{"type":"LineString","coordinates":[[-0.7306,52.06072],[-0.72983,52.05987]]},"properties":{"name":"V10 Brickhill Street","category":"tertiary","osm_type":"way","osm_id":"548072126"}},{"type":"Feature","geometry":{"type":"LineString","coordinates":[[-0.63145,52.49556],[-0.62875,52.49335],[-0.62695,52.49277]]},"properties":{"name":"Oundle Road","category":"tertiary","osm_type":"way","osm_id":"550713996"}},{"type":"Feature","geometry":{"type":"LineString","coordinates":[[-0.18454,52.02248],[-0.18712,52.02108]]},"properties":{"name":"Ashwell Road","category":"tertiary","osm_type":"way","osm_id":"551912662"}},{"type":"Feature","geometry":{"type":"LineString","coordinates":[[-0.18579,52.01971],[-0.18455,52.01899],[-0.18395,52.01715],[-0.18768,52.01565],[-0.19301,52.01431],[-0.19927,52.01053]]},"properties":{"name":"Newnham Road","category":"tertiary","osm_type":"way","osm_id":"551912663"}},{"type":"Feature","geometry":{"type":"LineString","coordinates":[[-0.17832,52.34479],[-0.17996,52.34439]]},"properties":{"name":"Sallowbush Road","category":"tertiary","osm_type":"way","osm_id":"553142272"}},{"type":"Feature","geometry":{"type":"LineString","coordinates":[[-0.62695,52.49277],[-0.62681,52.49294]]},"properties":{"name":"Oundle Road","category":"tertiary","osm_type":"way","osm_id":"553549324"}},{"type":"Feature","geometry":{"type":"LineString","coordinates":[[-0.62663,52.4928],[-0.62695,52.49277]]},"properties":{"name":"Oundle Road","category":"tertiary","osm_type":"way","osm_id":"553549328"}},{"type":"Feature","geometry":{"type":"LineString","coordinates":[[-0.0629,52.18569],[-0.06178,52.18637]]},"properties":{"name":"Fox Road","category":"secondary","osm_type":"way","osm_id":"555309394","ref":"B1046"}},{"type":"Feature","geometry":{"type":"LineString","coordinates":[[-0.77021,52.00576],[-0.76922,52.00516]]},"properties":{"name":"V3 Fulmer Street","category":"tertiary","osm_type":"way","osm_id":"557295413"}},{"type":"Feature","geometry":{"type":"LineString","coordinates":[[-0.77057,52.006],[-0.77021,52.00576]]},"properties":{"name":"V3 Fulmer Street","category":"tertiary","osm_type":"way","osm_id":"557295414"}},{"type":"Feature","geometry":{"type":"LineString","coordinates":[[-0.92729,52.24109],[-0.92692,52.24102]]},"properties":{"name":"Secondary and tertiary roads","category":"tertiary_link","osm_type":"way","osm_id":"557826008"}},{"type":"Feature","geometry":{"type":"LineString","coordinates":[[-0.72827,52.00036],[-0.72797,52.00051]]},"properties":{"name":"V7 Saxon Street","category":"secondary","osm_type":"way","osm_id":"557956727","ref":"B4034"}},{"type":"Feature","geometry":{"type":"LineString","coordinates":[[-0.72797,52.00051],[-0.72634,52.0025]]},"properties":{"name":"V7 Saxon Street","category":"secondary","osm_type":"way","osm_id":"557956728","ref":"B4034"}},{"type":"Feature","geometry":{"type":"LineString","coordinates":[[-0.06609,52.34042],[-0.06377,52.34105],[-0.06185,52.34104]]},"properties":{"name":"Marley Road","category":"tertiary","osm_type":"way","osm_id":"567520612"}},{"type":"Feature","geometry":{"type":"LineString","coordinates":[[-0.12081,52.34748],[-0.12098,52.34736]]},"properties":{"name":"Secondary and tertiary roads","category":"secondary","osm_type":"way","osm_id":"567520618"}},{"type":"Feature","geometry":{"type":"LineString","coordinates":[[-0.07851,52.3262],[-0.07788,52.32728]]},"properties":{"name":"Ramsey Road","category":"tertiary","osm_type":"way","osm_id":"567520620"}},{"type":"Feature","geometry":{"type":"LineString","coordinates":[[-0.76202,52.0295],[-0.76234,52.02919]]},"properties":{"name":"Secondary and tertiary roads","category":"tertiary","osm_type":"way","osm_id":"569366712"}},{"type":"Feature","geometry":{"type":"LineString","coordinates":[[-0.27314,52.07187],[-0.27346,52.0729]]},"properties":{"name":"Southill Road","category":"tertiary","osm_type":"way","osm_id":"577872609"}},{"type":"Feature","geometry":{"type":"LineString","coordinates":[[-0.20298,52.12528],[-0.20109,52.12364]]},"properties":{"name":"Wrestlingworth Road","category":"secondary","osm_type":"way","osm_id":"578146116","ref":"B1042"}},{"type":"Feature","geometry":{"type":"LineString","coordinates":[[-0.20167,52.12936],[-0.20394,52.12946]]},"properties":{"name":"Hatley Road","category":"tertiary","osm_type":"way","osm_id":"578146117"}},{"type":"Feature","geometry":{"type":"LineString","coordinates":[[-0.20394,52.12946],[-0.20436,52.12945]]},"properties":{"name":"Hatley Road","category":"tertiary","osm_type":"way","osm_id":"578146118"}},{"type":"Feature","geometry":{"type":"LineString","coordinates":[[-0.20601,52.13292],[-0.20484,52.13395]]},"properties":{"name":"Gamlingay Road","category":"secondary","osm_type":"way","osm_id":"578146119","ref":"B1040"}},{"type":"Feature","geometry":{"type":"LineString","coordinates":[[-0.21434,52.13139],[-0.21257,52.13184]]},"properties":{"name":"Everton Road","category":"tertiary","osm_type":"way","osm_id":"578146120"}},{"type":"Feature","geometry":{"type":"LineString","coordinates":[[-0.21257,52.13184],[-0.21189,52.13186]]},"properties":{"name":"Everton Road","category":"tertiary","osm_type":"way","osm_id":"578146121"}},{"type":"Feature","geometry":{"type":"LineString","coordinates":[[-0.23031,52.12743],[-0.2284,52.12762]]},"properties":{"name":"Sandy Road","category":"secondary","osm_type":"way","osm_id":"578146122","ref":"B1042"}},{"type":"Feature","geometry":{"type":"LineString","coordinates":[[-0.21772,52.12633],[-0.2183,52.12521]]},"properties":{"name":"Biggleswade Road","category":"secondary","osm_type":"way","osm_id":"578146123","ref":"B1040"}},{"type":"Feature","geometry":{"type":"LineString","coordinates":[[-0.22492,52.12777],[-0.22401,52.12773]]},"properties":{"name":"Sandy Road","category":"secondary","osm_type":"way","osm_id":"578146124","ref":"B1042"}},{"type":"Feature","geometry":{"type":"LineString","coordinates":[[-0.21793,52.1271],[-0.21711,52.12683]]},"properties":{"name":"Station Road","category":"secondary","osm_type":"way","osm_id":"578146125","ref":"B1042"}},{"type":"Feature","geometry":{"type":"LineString","coordinates":[[-0.21227,52.12639],[-0.21097,52.12617]]},"properties":{"name":"Bury Hill","category":"secondary","osm_type":"way","osm_id":"578146126","ref":"B1042"}},{"type":"Feature","geometry":{"type":"LineString","coordinates":[[-0.21711,52.12683],[-0.21772,52.12633]]},"properties":{"name":"Biggleswade Road","category":"secondary","osm_type":"way","osm_id":"578146134","ref":"B1040"}},{"type":"Feature","geometry":{"type":"LineString","coordinates":[[-0.90258,52.31537],[-0.9021,52.31531]]},"properties":{"name":"Northampton Road","category":"tertiary","osm_type":"way","osm_id":"579124030"}},{"type":"Feature","geometry":{"type":"LineString","coordinates":[[-0.90211,52.31507],[-0.90258,52.31537]]},"properties":{"name":"Northampton Road","category":"tertiary","osm_type":"way","osm_id":"579124031"}},{"type":"Feature","geometry":{"type":"LineString","coordinates":[[-0.7939,52.03845],[-0.79333,52.03861]]},"properties":{"name":"Lodge Roundabout","category":"tertiary","osm_type":"way","osm_id":"581942972"}},{"type":"Feature","geometry":{"type":"LineString","coordinates":[[-0.77295,52.02914],[-0.77133,52.03017]]},"properties":{"name":"H6 Childs Way","category":"tertiary","osm_type":"way","osm_id":"582254748"}},{"type":"Feature","geometry":{"type":"LineString","coordinates":[[-0.7732,52.02894],[-0.77295,52.02914]]},"properties":{"name":"H6 Childs Way","category":"tertiary","osm_type":"way","osm_id":"582254749"}},{"type":"Feature","geometry":{"type":"LineString","coordinates":[[-0.77279,52.02907],[-0.77303,52.02887]]},"properties":{"name":"H6 Childs Way","category":"tertiary","osm_type":"way","osm_id":"582254750"}},{"type":"Feature","geometry":{"type":"LineString","coordinates":[[-0.77303,52.02887],[-0.77496,52.02631]]},"properties":{"name":"H6 Childs Way","category":"tertiary","osm_type":"way","osm_id":"582254751"}},{"type":"Feature","geometry":{"type":"LineString","coordinates":[[-0.66953,52.37262],[-0.67043,52.37196]]},"properties":{"name":"Cranford Road","category":"tertiary","osm_type":"way","osm_id":"587813141"}},{"type":"Feature","geometry":{"type":"LineString","coordinates":[[-0.79825,52.02038],[-0.79447,52.01903],[-0.79129,52.01846]]},"properties":{"name":"V3 Fulmer Street","category":"tertiary","osm_type":"way","osm_id":"590592072"}},{"type":"Feature","geometry":{"type":"LineString","coordinates":[[-0.7988,52.02051],[-0.79825,52.02038]]},"properties":{"name":"V3 Fulmer Street","category":"tertiary","osm_type":"way","osm_id":"590592074"}},{"type":"Feature","geometry":{"type":"LineString","coordinates":[[-0.79895,52.02053],[-0.7988,52.02051]]},"properties":{"name":"Fulmer Street","category":"tertiary","osm_type":"way","osm_id":"590592075"}},{"type":"Feature","geometry":{"type":"LineString","coordinates":[[-0.30699,52.11823],[-0.30682,52.1164]]},"properties":{"name":"Secondary and tertiary roads","category":"tertiary","osm_type":"way","osm_id":"590835486"}},{"type":"Feature","geometry":{"type":"LineString","coordinates":[[-0.30682,52.1164],[-0.30629,52.11368],[-0.30467,52.11025]]},"properties":{"name":"Secondary and tertiary roads","category":"tertiary","osm_type":"way","osm_id":"590835488"}},{"type":"Feature","geometry":{"type":"LineString","coordinates":[[-0.2844,52.12703],[-0.28434,52.12701]]},"properties":{"name":"High Street","category":"secondary","osm_type":"way","osm_id":"590837199"}},{"type":"Feature","geometry":{"type":"LineString","coordinates":[[-0.49311,52.03171],[-0.49295,52.03181]]},"properties":{"name":"Dunstable Street","category":"secondary","osm_type":"way","osm_id":"590837742"}},{"type":"Feature","geometry":{"type":"LineString","coordinates":[[-0.49545,52.02678],[-0.49521,52.02731]]},"properties":{"name":"Dunstable Street","category":"tertiary","osm_type":"way","osm_id":"590837744","ref":"C100"}},{"type":"Feature","geometry":{"type":"LineString","coordinates":[[-0.52196,52.02849],[-0.52189,52.03088]]},"properties":{"name":"Fordfield Road","category":"tertiary","osm_type":"way","osm_id":"590838557","ref":"C103"}},{"type":"Feature","geometry":{"type":"LineString","coordinates":[[-0.50929,52.03159],[-0.50843,52.03201]]},"properties":{"name":"Woburn Road","category":"secondary","osm_type":"way","osm_id":"590838561","ref":"B530"}},{"type":"Feature","geometry":{"type":"LineString","coordinates":[[-0.67928,52.48872],[-0.67916,52.48898]]},"properties":{"name":"High Street","category":"tertiary","osm_type":"way","osm_id":"591782178"}},{"type":"Feature","geometry":{"type":"LineString","coordinates":[[-0.67916,52.48898],[-0.67876,52.4889]]},"properties":{"name":"High Street","category":"tertiary","osm_type":"way","osm_id":"591782179"}},{"type":"Feature","geometry":{"type":"LineString","coordinates":[[-0.711,52.23909],[-0.7079,52.24208],[-0.70676,52.24638],[-0.70486,52.24858],[-0.70292,52.24929],[-0.70002,52.24895],[-0.69595,52.2515],[-0.68971,52.2529],[-0.68632,52.25956]]},"properties":{"name":"Main Road","category":"tertiary","osm_type":"way","osm_id":"592116985"}},{"type":"Feature","geometry":{"type":"LineString","coordinates":[[-0.71121,52.23892],[-0.711,52.23909]]},"properties":{"name":"Main Road","category":"tertiary","osm_type":"way","osm_id":"592116986"}},{"type":"Feature","geometry":{"type":"LineString","coordinates":[[-0.22136,52.00896],[-0.21868,52.00653]]},"properties":{"name":"Norton Road","category":"tertiary","osm_type":"way","osm_id":"593869315"}},{"type":"Feature","geometry":{"type":"LineString","coordinates":[[-0.20473,52.05135],[-0.2028,52.05051]]},"properties":{"name":"High Street","category":"tertiary","osm_type":"way","osm_id":"594711572"}},{"type":"Feature","geometry":{"type":"LineString","coordinates":[[-0.14509,52.0427],[-0.14415,52.04185]]},"properties":{"name":"Station Road","category":"tertiary","osm_type":"way","osm_id":"594712496"}},{"type":"Feature","geometry":{"type":"LineString","coordinates":[[-0.148,52.04626],[-0.14899,52.0452],[-0.14839,52.0446]]},"properties":{"name":"Secondary and tertiary roads","category":"tertiary","osm_type":"way","osm_id":"594713473"}},{"type":"Feature","geometry":{"type":"LineString","coordinates":[[-0.28561,52.22778],[-0.28577,52.22744]]},"properties":{"name":"Great North Road","category":"tertiary","osm_type":"way","osm_id":"600981409"}},{"type":"Feature","geometry":{"type":"LineString","coordinates":[[-0.28577,52.22744],[-0.28587,52.22487],[-0.28683,52.2233]]},"properties":{"name":"Great North Road","category":"tertiary","osm_type":"way","osm_id":"600981414"}},{"type":"Feature","geometry":{"type":"LineString","coordinates":[[-0.28577,52.22744],[-0.28561,52.22778]]},"properties":{"name":"Great North Road","category":"tertiary","osm_type":"way","osm_id":"600981418"}},{"type":"Feature","geometry":{"type":"LineString","coordinates":[[-0.35082,52.03601],[-0.35059,52.03597]]},"properties":{"name":"Ampthill Road","category":"tertiary","osm_type":"way","osm_id":"601770899"}},{"type":"Feature","geometry":{"type":"LineString","coordinates":[[-0.35059,52.03597],[-0.35076,52.03588]]},"properties":{"name":"Ampthill Road","category":"tertiary","osm_type":"way","osm_id":"601770900"}},{"type":"Feature","geometry":{"type":"LineString","coordinates":[[-0.48432,52.006],[-0.48513,52.00398]]},"properties":{"name":"Maulden Road","category":"tertiary","osm_type":"way","osm_id":"601770920"}},{"type":"Feature","geometry":{"type":"LineString","coordinates":[[-0.82332,52.04224],[-0.83228,52.04621]]},"properties":{"name":"V4 Watling Street","category":"tertiary","osm_type":"way","osm_id":"602012389"}},{"type":"Feature","geometry":{"type":"LineString","coordinates":[[-0.82287,52.04205],[-0.82332,52.04224]]},"properties":{"name":"V4 Watling Street","category":"tertiary","osm_type":"way","osm_id":"602012392"}},{"type":"Feature","geometry":{"type":"LineString","coordinates":[[-0.3464,52.04539],[-0.34607,52.04529]]},"properties":{"name":"Bedford Road","category":"secondary","osm_type":"way","osm_id":"603800850","ref":"B658"}},{"type":"Feature","geometry":{"type":"LineString","coordinates":[[-0.33812,52.0423],[-0.33748,52.04212]]},"properties":{"name":"Bedford Road","category":"secondary","osm_type":"way","osm_id":"603800866","ref":"B658"}},{"type":"Feature","geometry":{"type":"LineString","coordinates":[[-0.33991,52.04293],[-0.33812,52.0423]]},"properties":{"name":"Bedford Road","category":"secondary","osm_type":"way","osm_id":"603800869","ref":"B658"}},{"type":"Feature","geometry":{"type":"LineString","coordinates":[[-0.1106,52.28141],[-0.11109,52.28134]]},"properties":{"name":"High Street","category":"tertiary","osm_type":"way","osm_id":"605943517"}},{"type":"Feature","geometry":{"type":"LineString","coordinates":[[-0.99418,52.13666],[-0.99065,52.13354]]},"properties":{"name":"Watling Street","category":"tertiary","osm_type":"way","osm_id":"606494506","operator":"National Highways"}},{"type":"Feature","geometry":{"type":"LineString","coordinates":[[-0.99429,52.13677],[-0.99418,52.13666]]},"properties":{"name":"Watling Street","category":"tertiary","osm_type":"way","osm_id":"606494508","operator":"National Highways"}},{"type":"Feature","geometry":{"type":"LineString","coordinates":[[-0.99449,52.13697],[-0.99439,52.13687]]},"properties":{"name":"Watling Street","category":"tertiary","osm_type":"way","osm_id":"606494509","operator":"National Highways"}},{"type":"Feature","geometry":{"type":"LineString","coordinates":[[-0.97145,52.12155],[-0.96598,52.11873]]},"properties":{"name":"Watling Street","category":"tertiary","osm_type":"way","osm_id":"607914331","operator":"National Highways"}},{"type":"Feature","geometry":{"type":"LineString","coordinates":[[-0.97314,52.12216],[-0.97351,52.12221],[-0.97346,52.1224],[-0.97309,52.12238],[-0.97314,52.12216]]},"properties":{"name":"Secondary and tertiary roads","category":"tertiary","osm_type":"way","osm_id":"607914336"}},{"type":"Feature","geometry":{"type":"LineString","coordinates":[[-0.97354,52.12232],[-0.9737,52.12264]]},"properties":{"name":"London Road","category":"tertiary","osm_type":"way","osm_id":"607914337"}},{"type":"Feature","geometry":{"type":"LineString","coordinates":[[-0.97305,52.12234],[-0.97145,52.12155]]},"properties":{"name":"Watling Street","category":"tertiary","osm_type":"way","osm_id":"607914342"}},{"type":"Feature","geometry":{"type":"LineString","coordinates":[[-0.97145,52.12155],[-0.97314,52.12216]]},"properties":{"name":"Watling Street","category":"tertiary","osm_type":"way","osm_id":"607914343"}},{"type":"Feature","geometry":{"type":"LineString","coordinates":[[-0.8265,52.28815],[-0.82534,52.28804],[-0.81902,52.28979],[-0.81386,52.29176]]},"properties":{"name":"Sywell Road","category":"tertiary","osm_type":"way","osm_id":"608353416"}},{"type":"Feature","geometry":{"type":"LineString","coordinates":[[-0.83643,52.28954],[-0.83599,52.28947]]},"properties":{"name":"Sywell Road","category":"tertiary","osm_type":"way","osm_id":"608574428"}},{"type":"Feature","geometry":{"type":"LineString","coordinates":[[-0.83557,52.28944],[-0.83587,52.28939]]},"properties":{"name":"Sywell Road","category":"tertiary","osm_type":"way","osm_id":"608574429"}},{"type":"Feature","geometry":{"type":"LineString","coordinates":[[-0.84315,52.28897],[-0.84982,52.28896]]},"properties":{"name":"Overstone Road","category":"tertiary","osm_type":"way","osm_id":"608574430"}},{"type":"Feature","geometry":{"type":"LineString","coordinates":[[-0.83557,52.28944],[-0.83509,52.28954]]},"properties":{"name":"Sywell Road","category":"tertiary","osm_type":"way","osm_id":"609158236"}}]}