{"type":"FeatureCollection","features":[{"type":"Feature","geometry":{"type":"LineString","coordinates":[[-1.21692,52.63596],[-1.21668,52.6361]]},"properties":{"name":"Ratby Lane","category":"tertiary","osm_type":"way","osm_id":"720033147"}},{"type":"Feature","geometry":{"type":"LineString","coordinates":[[-1.01235,52.91922],[-1.01328,52.9198]]},"properties":{"name":"Secondary and tertiary roads","category":"tertiary","osm_type":"way","osm_id":"720417029"}},{"type":"Feature","geometry":{"type":"LineString","coordinates":[[-1.01235,52.91922],[-1.01227,52.91918]]},"properties":{"name":"Secondary and tertiary roads","category":"tertiary","osm_type":"way","osm_id":"720417030"}},{"type":"Feature","geometry":{"type":"LineString","coordinates":[[-1.34817,52.84781],[-1.34829,52.84794]]},"properties":{"name":"Darsway","category":"tertiary","osm_type":"way","osm_id":"720966763"}},{"type":"Feature","geometry":{"type":"LineString","coordinates":[[-1.34793,52.84838],[-1.34801,52.84817]]},"properties":{"name":"Secondary and tertiary roads","category":"tertiary","osm_type":"way","osm_id":"720966764"}},{"type":"Feature","geometry":{"type":"LineString","coordinates":[[-1.35091,52.84762],[-1.35472,52.84722]]},"properties":{"name":"Castle Donington Relief Road","category":"tertiary","osm_type":"way","osm_id":"720966766"}},{"type":"Feature","geometry":{"type":"LineString","coordinates":[[-1.35539,52.84731],[-1.35526,52.84709],[-1.35563,52.84702],[-1.35575,52.84724],[-1.35539,52.84731]]},"properties":{"name":"Castle Donington Relief Road","category":"tertiary","osm_type":"way","osm_id":"720966767"}},{"type":"Feature","geometry":{"type":"LineString","coordinates":[[-1.10179,52.74004],[-1.10202,52.73995]]},"properties":{"name":"Seagrave Road","category":"tertiary","osm_type":"way","osm_id":"721525876"}},{"type":"Feature","geometry":{"type":"LineString","coordinates":[[-1.10202,52.73995],[-1.10192,52.74009]]},"properties":{"name":"Seagrave Road","category":"tertiary","osm_type":"way","osm_id":"721525877"}},{"type":"Feature","geometry":{"type":"LineString","coordinates":[[-1.10175,52.7404],[-1.09918,52.74297]]},"properties":{"name":"Seagrave Road","category":"tertiary","osm_type":"way","osm_id":"721525880"}},{"type":"Feature","geometry":{"type":"LineString","coordinates":[[-1.10175,52.7404],[-1.10168,52.74021]]},"properties":{"name":"Seagrave Road","category":"tertiary","osm_type":"way","osm_id":"721525881"}},{"type":"Feature","geometry":{"type":"LineString","coordinates":[[-1.61701,52.59595],[-1.61459,52.59637]]},"properties":{"name":"Secondary and tertiary roads","category":"tertiary","osm_type":"way","osm_id":"722407372"}},{"type":"Feature","geometry":{"type":"LineString","coordinates":[[-1.55772,52.56613],[-1.55225,52.57042]]},"properties":{"name":"Coleshill Road","category":"tertiary","osm_type":"way","osm_id":"722954392"}},{"type":"Feature","geometry":{"type":"LineString","coordinates":[[-1.43337,52.91471],[-1.43388,52.9149]]},"properties":{"name":"Secondary and tertiary roads","category":"tertiary","osm_type":"way","osm_id":"723001470"}},{"type":"Feature","geometry":{"type":"LineString","coordinates":[[-1.43358,52.91513],[-1.43314,52.91493]]},"properties":{"name":"Secondary and tertiary roads","category":"tertiary","osm_type":"way","osm_id":"723001472"}},{"type":"Feature","geometry":{"type":"LineString","coordinates":[[-1.43427,52.91553],[-1.43358,52.91513]]},"properties":{"name":"Wyvern Way","category":"tertiary","osm_type":"way","osm_id":"723001473"}},{"type":"Feature","geometry":{"type":"LineString","coordinates":[[-1.43314,52.91493],[-1.43337,52.91471]]},"properties":{"name":"Secondary and tertiary roads","category":"tertiary","osm_type":"way","osm_id":"723001476"}},{"type":"Feature","geometry":{"type":"LineString","coordinates":[[-1.83108,52.67549],[-1.83115,52.67561]]},"properties":{"name":"Birmingham Road","category":"tertiary","osm_type":"way","osm_id":"723145167"}},{"type":"Feature","geometry":{"type":"LineString","coordinates":[[-1.13811,52.71888],[-1.13803,52.71905]]},"properties":{"name":"Mountsorrel Lane","category":"tertiary","osm_type":"way","osm_id":"723159341"}},{"type":"Feature","geometry":{"type":"LineString","coordinates":[[-1.13811,52.71888],[-1.13788,52.71889],[-1.13787,52.71875],[-1.1381,52.71874],[-1.13811,52.71888]]},"properties":{"name":"Secondary and tertiary roads","category":"tertiary","osm_type":"way","osm_id":"723159342"}},{"type":"Feature","geometry":{"type":"LineString","coordinates":[[-1.13855,52.71878],[-1.14301,52.71719],[-1.14513,52.71731],[-1.14841,52.71953],[-1.14988,52.72293]]},"properties":{"name":"Walton Way","category":"tertiary","osm_type":"way","osm_id":"723159343"}},{"type":"Feature","geometry":{"type":"LineString","coordinates":[[-1.13855,52.71878],[-1.13814,52.71885]]},"properties":{"name":"Walton Way","category":"tertiary","osm_type":"way","osm_id":"723159344"}},{"type":"Feature","geometry":{"type":"LineString","coordinates":[[-1.13787,52.71875],[-1.13796,52.71858]]},"properties":{"name":"Mountsorrel Lane","category":"tertiary","osm_type":"way","osm_id":"723159345"}},{"type":"Feature","geometry":{"type":"LineString","coordinates":[[-1.13755,52.71886],[-1.13614,52.71875],[-1.13459,52.71762],[-1.13326,52.71725],[-1.12929,52.71818]]},"properties":{"name":"Bier Way","category":"tertiary","osm_type":"way","osm_id":"723159346"}},{"type":"Feature","geometry":{"type":"LineString","coordinates":[[-1.13755,52.71886],[-1.13784,52.71877]]},"properties":{"name":"Bier Way","category":"tertiary","osm_type":"way","osm_id":"723159347"}},{"type":"Feature","geometry":{"type":"LineString","coordinates":[[-1.13803,52.71905],[-1.13819,52.72076]]},"properties":{"name":"Mountsorrel Lane","category":"tertiary","osm_type":"way","osm_id":"723159348"}},{"type":"Feature","geometry":{"type":"LineString","coordinates":[[-1.13803,52.71905],[-1.13792,52.71891]]},"properties":{"name":"Mountsorrel Lane","category":"tertiary","osm_type":"way","osm_id":"723159349"}},{"type":"Feature","geometry":{"type":"LineString","coordinates":[[-1.13796,52.71858],[-1.13805,52.71872]]},"properties":{"name":"Mountsorrel Lane","category":"tertiary","osm_type":"way","osm_id":"723159350"}},{"type":"Feature","geometry":{"type":"LineString","coordinates":[[-1.831,52.67612],[-1.83,52.67723]]},"properties":{"name":"Birmingham Road","category":"tertiary","osm_type":"way","osm_id":"723167662"}},{"type":"Feature","geometry":{"type":"LineString","coordinates":[[-1.831,52.67612],[-1.83123,52.67569]]},"properties":{"name":"Secondary and tertiary roads","category":"tertiary_link","osm_type":"way","osm_id":"723167675"}},{"type":"Feature","geometry":{"type":"LineString","coordinates":[[-1.8268,52.67957],[-1.82659,52.67932]]},"properties":{"name":"Upper St John Street","category":"tertiary","osm_type":"way","osm_id":"723237217"}},{"type":"Feature","geometry":{"type":"LineString","coordinates":[[-1.82706,52.67987],[-1.8268,52.67957]]},"properties":{"name":"Upper St John Street","category":"tertiary","osm_type":"way","osm_id":"723237218"}},{"type":"Feature","geometry":{"type":"LineString","coordinates":[[-1.99068,52.51575],[-1.99108,52.51532]]},"properties":{"name":"West Bromwich Ringway","category":"tertiary","osm_type":"way","osm_id":"724257786"}},{"type":"Feature","geometry":{"type":"LineString","coordinates":[[-1.99102,52.51544],[-1.99091,52.51529]]},"properties":{"name":"West Bromwich Ringway","category":"tertiary","osm_type":"way","osm_id":"724257788"}},{"type":"Feature","geometry":{"type":"LineString","coordinates":[[-1.9934,52.51628],[-1.99206,52.51558]]},"properties":{"name":"West Bromwich Ringway","category":"tertiary","osm_type":"way","osm_id":"724257790"}},{"type":"Feature","geometry":{"type":"LineString","coordinates":[[-1.99206,52.51558],[-1.99102,52.51544]]},"properties":{"name":"West Bromwich Ringway","category":"tertiary","osm_type":"way","osm_id":"724257791"}},{"type":"Feature","geometry":{"type":"LineString","coordinates":[[-1.99091,52.51529],[-1.99091,52.51494]]},"properties":{"name":"Spon Lane","category":"tertiary","osm_type":"way","osm_id":"724257793"}},{"type":"Feature","geometry":{"type":"LineString","coordinates":[[-1.99108,52.51532],[-1.99116,52.51539]]},"properties":{"name":"Spon Lane","category":"tertiary","osm_type":"way","osm_id":"724257794"}},{"type":"Feature","geometry":{"type":"LineString","coordinates":[[-1.99108,52.51532],[-1.99191,52.51539],[-1.9934,52.51628]]},"properties":{"name":"West Bromwich Ringway","category":"tertiary","osm_type":"way","osm_id":"724257807"}},{"type":"Feature","geometry":{"type":"LineString","coordinates":[[-1.15864,52.6044],[-1.15736,52.60357]]},"properties":{"name":"Middleton Street","category":"tertiary","osm_type":"way","osm_id":"724692316"}},{"type":"Feature","geometry":{"type":"LineString","coordinates":[[-1.02608,52.95645],[-1.02587,52.95658]]},"properties":{"name":"Shelford Road","category":"tertiary","osm_type":"way","osm_id":"724764579"}},{"type":"Feature","geometry":{"type":"LineString","coordinates":[[-1.02587,52.95658],[-1.0259,52.95639]]},"properties":{"name":"Shelford Road","category":"tertiary","osm_type":"way","osm_id":"724764582"}},{"type":"Feature","geometry":{"type":"LineString","coordinates":[[-1.02655,52.95618],[-1.02985,52.95404]]},"properties":{"name":"Shelford Road","category":"tertiary","osm_type":"way","osm_id":"724764586"}},{"type":"Feature","geometry":{"type":"LineString","coordinates":[[-1.20556,52.96653],[-1.20516,52.96621]]},"properties":{"name":"Beechdale Road","category":"tertiary","osm_type":"way","osm_id":"725201763"}},{"type":"Feature","geometry":{"type":"LineString","coordinates":[[-1.35267,52.64232],[-1.35437,52.64341],[-1.35685,52.64403]]},"properties":{"name":"Barlestone Road","category":"tertiary","osm_type":"way","osm_id":"727904712"}},{"type":"Feature","geometry":{"type":"LineString","coordinates":[[-1.2195,52.64251],[-1.21967,52.6426]]},"properties":{"name":"Secondary and tertiary roads","category":"secondary","osm_type":"way","osm_id":"728063299"}},{"type":"Feature","geometry":{"type":"LineString","coordinates":[[-1.2195,52.64251],[-1.21958,52.64274]]},"properties":{"name":"B5380","category":"secondary","osm_type":"way","osm_id":"728063300","ref":"B5380"}},{"type":"Feature","geometry":{"type":"LineString","coordinates":[[-1.97873,52.60755],[-1.97858,52.60756]]},"properties":{"name":"Harden Road","category":"tertiary","osm_type":"way","osm_id":"728830401"}},{"type":"Feature","geometry":{"type":"LineString","coordinates":[[-1.97853,52.60751],[-1.97873,52.60755]]},"properties":{"name":"Harden Road","category":"tertiary","osm_type":"way","osm_id":"728830402"}},{"type":"Feature","geometry":{"type":"LineString","coordinates":[[-1.16781,52.90935],[-1.16673,52.90526]]},"properties":{"name":"Farnborough Road","category":"tertiary","osm_type":"way","osm_id":"728844944"}},{"type":"Feature","geometry":{"type":"LineString","coordinates":[[-1.41183,52.68956],[-1.41252,52.68996]]},"properties":{"name":"Station Road","category":"tertiary","osm_type":"way","osm_id":"729414470"}},{"type":"Feature","geometry":{"type":"LineString","coordinates":[[-1.41131,52.68949],[-1.41135,52.68936],[-1.41161,52.68939],[-1.41152,52.68954],[-1.41131,52.68949]]},"properties":{"name":"Secondary and tertiary roads","category":"tertiary","osm_type":"way","osm_id":"729414486"}},{"type":"Feature","geometry":{"type":"LineString","coordinates":[[-1.41183,52.68956],[-1.41152,52.68954]]},"properties":{"name":"Station Road","category":"tertiary","osm_type":"way","osm_id":"729414502"}},{"type":"Feature","geometry":{"type":"LineString","coordinates":[[-1.41118,52.68922],[-1.41149,52.68934]]},"properties":{"name":"Station Road","category":"tertiary","osm_type":"way","osm_id":"729414516"}},{"type":"Feature","geometry":{"type":"LineString","coordinates":[[-1.41163,52.68943],[-1.41183,52.68956]]},"properties":{"name":"Station Road","category":"tertiary","osm_type":"way","osm_id":"729414518"}},{"type":"Feature","geometry":{"type":"LineString","coordinates":[[-1.41252,52.68996],[-1.41607,52.69099]]},"properties":{"name":"Station Road","category":"tertiary","osm_type":"way","osm_id":"729414525"}},{"type":"Feature","geometry":{"type":"LineString","coordinates":[[-1.41129,52.68943],[-1.41118,52.68922]]},"properties":{"name":"Station Road","category":"tertiary","osm_type":"way","osm_id":"729414526"}},{"type":"Feature","geometry":{"type":"LineString","coordinates":[[-1.99674,52.5983],[-1.99703,52.59834]]},"properties":{"name":"Stephenson Avenue","category":"tertiary","osm_type":"way","osm_id":"729858841"}},{"type":"Feature","geometry":{"type":"LineString","coordinates":[[-1.99635,52.59831],[-1.99674,52.5983]]},"properties":{"name":"Stephenson Avenue","category":"tertiary","osm_type":"way","osm_id":"729858842"}},{"type":"Feature","geometry":{"type":"LineString","coordinates":[[-1.88358,52.72574],[-1.88319,52.726]]},"properties":{"name":"Brook End","category":"tertiary","osm_type":"way","osm_id":"730262093"}},{"type":"Feature","geometry":{"type":"LineString","coordinates":[[-1.19828,52.97103],[-1.19836,52.97107]]},"properties":{"name":"Aspley Lane","category":"secondary","osm_type":"way","osm_id":"732074162","ref":"B690"}},{"type":"Feature","geometry":{"type":"LineString","coordinates":[[-1.24437,52.90517],[-1.24439,52.90507]]},"properties":{"name":"Ranson Road","category":"tertiary","osm_type":"way","osm_id":"732074164"}},{"type":"Feature","geometry":{"type":"LineString","coordinates":[[-1.70916,52.76431],[-1.712,52.76402]]},"properties":{"name":"Station Road","category":"secondary","osm_type":"way","osm_id":"732209238","ref":"B5016"}},{"type":"Feature","geometry":{"type":"LineString","coordinates":[[-1.69637,52.76067],[-1.69381,52.76051]]},"properties":{"name":"Station Lane","category":"tertiary","osm_type":"way","osm_id":"732210163"}},{"type":"Feature","geometry":{"type":"LineString","coordinates":[[-1.69141,52.76042],[-1.68816,52.76067],[-1.68668,52.76114]]},"properties":{"name":"Station Lane","category":"tertiary","osm_type":"way","osm_id":"732210164"}},{"type":"Feature","geometry":{"type":"LineString","coordinates":[[-1.65575,52.75582],[-1.65386,52.7553]]},"properties":{"name":"Rosliston Road","category":"tertiary","osm_type":"way","osm_id":"732210634"}},{"type":"Feature","geometry":{"type":"LineString","coordinates":[[-1.65386,52.7553],[-1.65238,52.7552],[-1.65125,52.75338],[-1.64778,52.75182],[-1.6448,52.75076],[-1.64252,52.75049]]},"properties":{"name":"Rosliston Road","category":"tertiary","osm_type":"way","osm_id":"732210635"}},{"type":"Feature","geometry":{"type":"LineString","coordinates":[[-1.64243,52.75017],[-1.64215,52.74865]]},"properties":{"name":"Burton Road","category":"tertiary","osm_type":"way","osm_id":"732210636"}},{"type":"Feature","geometry":{"type":"LineString","coordinates":[[-1.62985,52.74426],[-1.62191,52.74709]]},"properties":{"name":"Linton Road","category":"tertiary","osm_type":"way","osm_id":"732210637"}},{"type":"Feature","geometry":{"type":"LineString","coordinates":[[-1.603,52.74751],[-1.59873,52.7475],[-1.59665,52.74858]]},"properties":{"name":"Cauldwell Road","category":"tertiary","osm_type":"way","osm_id":"732210638"}},{"type":"Feature","geometry":{"type":"LineString","coordinates":[[-1.67159,52.78892],[-1.67213,52.78899]]},"properties":{"name":"B5018","category":"secondary_link","osm_type":"way","osm_id":"732212575","ref":"B5018"}},{"type":"Feature","geometry":{"type":"LineString","coordinates":[[-1.67159,52.78892],[-1.67184,52.78913]]},"properties":{"name":"Main Street","category":"secondary","osm_type":"way","osm_id":"732212576","ref":"B5018"}},{"type":"Feature","geometry":{"type":"LineString","coordinates":[[-1.93991,52.68253],[-1.93565,52.68193]]},"properties":{"name":"Cannock Road","category":"tertiary","osm_type":"way","osm_id":"732326345"}},{"type":"Feature","geometry":{"type":"LineString","coordinates":[[-1.65148,52.8052],[-1.65125,52.80544]]},"properties":{"name":"Secondary and tertiary roads","category":"tertiary","osm_type":"way","osm_id":"732394245"}},{"type":"Feature","geometry":{"type":"LineString","coordinates":[[-1.58321,52.7693],[-1.58344,52.76942]]},"properties":{"name":"Cadley Hill Road","category":"tertiary","osm_type":"way","osm_id":"732398969"}},{"type":"Feature","geometry":{"type":"LineString","coordinates":[[-1.58325,52.76948],[-1.58321,52.7693]]},"properties":{"name":"Cadley Hill Road","category":"tertiary","osm_type":"way","osm_id":"732398970"}},{"type":"Feature","geometry":{"type":"LineString","coordinates":[[-1.6668,52.79584],[-1.66667,52.79596]]},"properties":{"name":"Parkway","category":"tertiary","osm_type":"way","osm_id":"732630543"}},{"type":"Feature","geometry":{"type":"LineString","coordinates":[[-1.66662,52.7958],[-1.66662,52.79561]]},"properties":{"name":"Parkway","category":"tertiary","osm_type":"way","osm_id":"732630545"}},{"type":"Feature","geometry":{"type":"LineString","coordinates":[[-1.56752,52.76006],[-1.56733,52.76]]},"properties":{"name":"Church Street","category":"tertiary","osm_type":"way","osm_id":"732638528"}},{"type":"Feature","geometry":{"type":"LineString","coordinates":[[-1.56733,52.76],[-1.56758,52.75993]]},"properties":{"name":"Church Street","category":"tertiary","osm_type":"way","osm_id":"732638529"}},{"type":"Feature","geometry":{"type":"LineString","coordinates":[[-1.33023,52.7001],[-1.33016,52.69989]]},"properties":{"name":"West Lane","category":"secondary","osm_type":"way","osm_id":"733187027","ref":"B585"}},{"type":"Feature","geometry":{"type":"LineString","coordinates":[[-1.33065,52.69925],[-1.33051,52.69972]]},"properties":{"name":"West Lane","category":"secondary","osm_type":"way","osm_id":"733187029","ref":"B585"}},{"type":"Feature","geometry":{"type":"LineString","coordinates":[[-1.32999,52.7007],[-1.33023,52.7001]]},"properties":{"name":"West Lane","category":"secondary","osm_type":"way","osm_id":"733187033","ref":"B585"}},{"type":"Feature","geometry":{"type":"LineString","coordinates":[[-1.33016,52.69989],[-1.33015,52.69969],[-1.33046,52.69968],[-1.33049,52.69986],[-1.33016,52.69989]]},"properties":{"name":"Secondary and tertiary roads","category":"secondary","osm_type":"way","osm_id":"733187034"}},{"type":"Feature","geometry":{"type":"LineString","coordinates":[[-1.33018,52.69967],[-1.33065,52.69925]]},"properties":{"name":"West Lane","category":"secondary","osm_type":"way","osm_id":"733187036","ref":"B585"}},{"type":"Feature","geometry":{"type":"LineString","coordinates":[[-1.3304,52.69991],[-1.33023,52.7001]]},"properties":{"name":"West Lane","category":"secondary","osm_type":"way","osm_id":"733187037","ref":"B585"}},{"type":"Feature","geometry":{"type":"LineString","coordinates":[[-1.27793,52.55727],[-1.27204,52.55769]]},"properties":{"name":"Huncote Road","category":"tertiary","osm_type":"way","osm_id":"733196509"}},{"type":"Feature","geometry":{"type":"LineString","coordinates":[[-1.25959,52.76118],[-1.25953,52.76133]]},"properties":{"name":"Snells Nook Lane","category":"tertiary","osm_type":"way","osm_id":"733656402"}},{"type":"Feature","geometry":{"type":"LineString","coordinates":[[-1.17328,52.89703],[-1.17091,52.89799],[-1.16935,52.89952]]},"properties":{"name":"Farnborough Road","category":"tertiary","osm_type":"way","osm_id":"733729889"}},{"type":"Feature","geometry":{"type":"LineString","coordinates":[[-1.77441,52.50303],[-1.77257,52.50237]]},"properties":{"name":"Chester Road","category":"secondary","osm_type":"way","osm_id":"734406152","ref":"B4119"}},{"type":"Feature","geometry":{"type":"LineString","coordinates":[[-1.77632,52.50381],[-1.77469,52.50313]]},"properties":{"name":"Chester Road","category":"secondary","osm_type":"way","osm_id":"734406153","ref":"B4119"}},{"type":"Feature","geometry":{"type":"LineString","coordinates":[[-1.77469,52.50313],[-1.77441,52.50303]]},"properties":{"name":"Chester Road","category":"secondary","osm_type":"way","osm_id":"734406154","ref":"B4119"}},{"type":"Feature","geometry":{"type":"LineString","coordinates":[[-1.20564,52.71543],[-1.20559,52.71561]]},"properties":{"name":"Main Street","category":"tertiary","osm_type":"way","osm_id":"734412136"}},{"type":"Feature","geometry":{"type":"LineString","coordinates":[[-1.20429,52.71398],[-1.20575,52.71463],[-1.20564,52.71543]]},"properties":{"name":"Brand Lane","category":"tertiary","osm_type":"way","osm_id":"734412137"}},{"type":"Feature","geometry":{"type":"LineString","coordinates":[[-1.93395,52.68169],[-1.93386,52.68171]]},"properties":{"name":"Cannock Road","category":"tertiary","osm_type":"way","osm_id":"735205378"}},{"type":"Feature","geometry":{"type":"LineString","coordinates":[[-1.4536,52.97838],[-1.45221,52.97973],[-1.44892,52.98105],[-1.44787,52.98195],[-1.44746,52.9843],[-1.44784,52.98729],[-1.44952,52.98989]]},"properties":{"name":"Derby Road","category":"secondary","osm_type":"way","osm_id":"736221183","ref":"B6179"}},{"type":"Feature","geometry":{"type":"LineString","coordinates":[[-1.51523,52.90472],[-1.51532,52.90472]]},"properties":{"name":"Secondary and tertiary roads","category":"tertiary","osm_type":"way","osm_id":"738940016"}},{"type":"Feature","geometry":{"type":"LineString","coordinates":[[-1.51504,52.90484],[-1.51505,52.90481]]},"properties":{"name":"Secondary and tertiary roads","category":"tertiary","osm_type":"way","osm_id":"738940017"}},{"type":"Feature","geometry":{"type":"LineString","coordinates":[[-1.51505,52.90481],[-1.51523,52.90472]]},"properties":{"name":"Secondary and tertiary roads","category":"tertiary","osm_type":"way","osm_id":"738940018"}},{"type":"Feature","geometry":{"type":"LineString","coordinates":[[-1.49514,52.89366],[-1.49529,52.89346]]},"properties":{"name":"Stenson Road","category":"tertiary","osm_type":"way","osm_id":"738955416"}},{"type":"Feature","geometry":{"type":"LineString","coordinates":[[-1.49529,52.89346],[-1.49859,52.88819]]},"properties":{"name":"Stenson Road","category":"tertiary","osm_type":"way","osm_id":"738955417"}},{"type":"Feature","geometry":{"type":"LineString","coordinates":[[-1.42898,52.8708],[-1.42909,52.87054]]},"properties":{"name":"Snelsmoor Lane","category":"tertiary","osm_type":"way","osm_id":"739804190"}},{"type":"Feature","geometry":{"type":"LineString","coordinates":[[-1.42929,52.87063],[-1.42918,52.87081]]},"properties":{"name":"Snelsmoor Lane","category":"tertiary","osm_type":"way","osm_id":"739804191"}},{"type":"Feature","geometry":{"type":"LineString","coordinates":[[-1.42918,52.87081],[-1.42898,52.8708]]},"properties":{"name":"Snelsmoor Lane","category":"tertiary","osm_type":"way","osm_id":"739804192"}},{"type":"Feature","geometry":{"type":"LineString","coordinates":[[-1.41691,52.89173],[-1.41764,52.89289],[-1.41697,52.89406]]},"properties":{"name":"Keldholme Lane","category":"tertiary","osm_type":"way","osm_id":"739843965"}},{"type":"Feature","geometry":{"type":"LineString","coordinates":[[-1.53887,52.72103],[-1.53905,52.72094]]},"properties":{"name":"Church Street","category":"tertiary","osm_type":"way","osm_id":"740416612"}},{"type":"Feature","geometry":{"type":"LineString","coordinates":[[-1.52544,52.74071],[-1.52565,52.74062]]},"properties":{"name":"Ashby Road","category":"tertiary","osm_type":"way","osm_id":"740416614"}},{"type":"Feature","geometry":{"type":"LineString","coordinates":[[-1.33924,52.82442],[-1.33935,52.8244]]},"properties":{"name":"Secondary and tertiary roads","category":"tertiary","osm_type":"way","osm_id":"740494147"}},{"type":"Feature","geometry":{"type":"LineString","coordinates":[[-1.33027,52.82493],[-1.33034,52.82503]]},"properties":{"name":"Secondary and tertiary roads","category":"tertiary","osm_type":"way","osm_id":"740494148"}},{"type":"Feature","geometry":{"type":"LineString","coordinates":[[-1.33023,52.82509],[-1.33011,52.82508]]},"properties":{"name":"Secondary and tertiary roads","category":"tertiary","osm_type":"way","osm_id":"740494149"}},{"type":"Feature","geometry":{"type":"LineString","coordinates":[[-1.33034,52.82503],[-1.33023,52.82509]]},"properties":{"name":"Secondary and tertiary roads","category":"tertiary","osm_type":"way","osm_id":"740494156"}},{"type":"Feature","geometry":{"type":"LineString","coordinates":[[-1.33935,52.8244],[-1.33951,52.82449]]},"properties":{"name":"Secondary and tertiary roads","category":"tertiary","osm_type":"way","osm_id":"740494157"}},{"type":"Feature","geometry":{"type":"LineString","coordinates":[[-1.42656,52.8254],[-1.42543,52.82535]]},"properties":{"name":"Station Road","category":"tertiary","osm_type":"way","osm_id":"740494160"}},{"type":"Feature","geometry":{"type":"LineString","coordinates":[[-1.49577,52.87746],[-1.49757,52.87705],[-1.50217,52.87796],[-1.50295,52.8784]]},"properties":{"name":"Grampian Way","category":"tertiary","osm_type":"way","osm_id":"740817377"}},{"type":"Feature","geometry":{"type":"LineString","coordinates":[[-1.48138,52.92591],[-1.48069,52.92507]]},"properties":{"name":"Cathedral Road","category":"tertiary","osm_type":"way","osm_id":"740920361"}},{"type":"Feature","geometry":{"type":"LineString","coordinates":[[-1.68598,52.81246],[-1.68436,52.81263]]},"properties":{"name":"Henhurst Hill","category":"secondary","osm_type":"way","osm_id":"741288521","ref":"B5017"}},{"type":"Feature","geometry":{"type":"LineString","coordinates":[[-1.68436,52.81263],[-1.67864,52.81358]]},"properties":{"name":"Henhurst Hill","category":"secondary","osm_type":"way","osm_id":"741288522","ref":"B5017"}},{"type":"Feature","geometry":{"type":"LineString","coordinates":[[-1.6509,52.80538],[-1.65078,52.80535]]},"properties":{"name":"Secondary and tertiary roads","category":"secondary","osm_type":"way","osm_id":"741288525"}},{"type":"Feature","geometry":{"type":"LineString","coordinates":[[-1.65113,52.80531],[-1.6509,52.80538]]},"properties":{"name":"Secondary and tertiary roads","category":"secondary","osm_type":"way","osm_id":"741288526"}},{"type":"Feature","geometry":{"type":"LineString","coordinates":[[-1.69752,52.81231],[-1.69735,52.8123]]},"properties":{"name":"Henhurst Hill","category":"secondary","osm_type":"way","osm_id":"741288529","ref":"B5017"}},{"type":"Feature","geometry":{"type":"LineString","coordinates":[[-1.69735,52.8123],[-1.68873,52.81208],[-1.68598,52.81246]]},"properties":{"name":"Henhurst Hill","category":"secondary","osm_type":"way","osm_id":"741288530","ref":"B5017"}},{"type":"Feature","geometry":{"type":"LineString","coordinates":[[-1.65075,52.80517],[-1.65113,52.80531]]},"properties":{"name":"Secondary and tertiary roads","category":"secondary","osm_type":"way","osm_id":"741288532"}},{"type":"Feature","geometry":{"type":"LineString","coordinates":[[-1.35245,52.83258],[-1.35287,52.83255]]},"properties":{"name":"Secondary and tertiary roads","category":"tertiary","osm_type":"way","osm_id":"742904484"}},{"type":"Feature","geometry":{"type":"LineString","coordinates":[[-1.35285,52.83272],[-1.35245,52.83258]]},"properties":{"name":"Secondary and tertiary roads","category":"tertiary","osm_type":"way","osm_id":"742904485"}},{"type":"Feature","geometry":{"type":"LineString","coordinates":[[-1.35365,52.83245],[-1.35339,52.83263]]},"properties":{"name":"Secondary and tertiary roads","category":"tertiary","osm_type":"way","osm_id":"742904486"}},{"type":"Feature","geometry":{"type":"LineString","coordinates":[[-1.35337,52.83272],[-1.35343,52.83295]]},"properties":{"name":"Castle Donington Relief Road","category":"tertiary","osm_type":"way","osm_id":"742904487"}},{"type":"Feature","geometry":{"type":"LineString","coordinates":[[-1.3532,52.83249],[-1.35365,52.83245]]},"properties":{"name":"Secondary and tertiary roads","category":"tertiary","osm_type":"way","osm_id":"742904489"}},{"type":"Feature","geometry":{"type":"LineString","coordinates":[[-1.35365,52.83245],[-1.35582,52.83161],[-1.35794,52.8296],[-1.35965,52.82879]]},"properties":{"name":"Secondary and tertiary roads","category":"tertiary","osm_type":"way","osm_id":"742904490"}},{"type":"Feature","geometry":{"type":"LineString","coordinates":[[-1.35339,52.83263],[-1.35285,52.83272]]},"properties":{"name":"Secondary and tertiary roads","category":"tertiary","osm_type":"way","osm_id":"742904491"}},{"type":"Feature","geometry":{"type":"LineString","coordinates":[[-1.35343,52.83295],[-1.35311,52.83283]]},"properties":{"name":"Castle Donington Relief Road","category":"tertiary","osm_type":"way","osm_id":"742904492"}},{"type":"Feature","geometry":{"type":"LineString","coordinates":[[-1.72319,52.51729],[-1.72225,52.51752]]},"properties":{"name":"Watton Lane","category":"secondary","osm_type":"way","osm_id":"743106382","ref":"B4117"}},{"type":"Feature","geometry":{"type":"LineString","coordinates":[[-1.64892,52.79555],[-1.64939,52.79709],[-1.64774,52.79884]]},"properties":{"name":"Anglesey Road","category":"secondary","osm_type":"way","osm_id":"743659490","ref":"B5017"}},{"type":"Feature","geometry":{"type":"LineString","coordinates":[[-1.64774,52.79884],[-1.64467,52.80194]]},"properties":{"name":"Anglesey Road","category":"secondary","osm_type":"way","osm_id":"743659491","ref":"B5017"}},{"type":"Feature","geometry":{"type":"LineString","coordinates":[[-1.61715,52.83901],[-1.6165,52.83925]]},"properties":{"name":"Church Road","category":"tertiary","osm_type":"way","osm_id":"744090020"}},{"type":"Feature","geometry":{"type":"LineString","coordinates":[[-1.6165,52.83925],[-1.61572,52.83847]]},"properties":{"name":"Claymills Road","category":"tertiary","osm_type":"way","osm_id":"744090021"}},{"type":"Feature","geometry":{"type":"LineString","coordinates":[[-1.6259,52.83391],[-1.62418,52.83546],[-1.62257,52.83618]]},"properties":{"name":"Church Road","category":"tertiary","osm_type":"way","osm_id":"744090026"}},{"type":"Feature","geometry":{"type":"LineString","coordinates":[[-1.61027,52.81471],[-1.61106,52.81318]]},"properties":{"name":"Newton Road","category":"secondary","osm_type":"way","osm_id":"744100867","ref":"B5008"}},{"type":"Feature","geometry":{"type":"LineString","coordinates":[[-1.60844,52.81191],[-1.61106,52.81318]]},"properties":{"name":"Mill Hill Lane","category":"tertiary","osm_type":"way","osm_id":"744100868"}},{"type":"Feature","geometry":{"type":"LineString","coordinates":[[-1.60965,52.81549],[-1.60975,52.81536]]},"properties":{"name":"Newton Road","category":"secondary","osm_type":"way","osm_id":"744100871","ref":"B5008"}},{"type":"Feature","geometry":{"type":"LineString","coordinates":[[-1.62294,52.79845],[-1.62229,52.79797]]},"properties":{"name":"Spring Terrace Road","category":"tertiary","osm_type":"way","osm_id":"744100873"}},{"type":"Feature","geometry":{"type":"LineString","coordinates":[[-1.59263,52.76698],[-1.59505,52.76688]]},"properties":{"name":"Cadley Lane","category":"tertiary","osm_type":"way","osm_id":"744162912"}},{"type":"Feature","geometry":{"type":"LineString","coordinates":[[-1.55877,52.76325],[-1.55788,52.76369]]},"properties":{"name":"Common Road","category":"tertiary","osm_type":"way","osm_id":"744162917"}},{"type":"Feature","geometry":{"type":"LineString","coordinates":[[-1.56752,52.76006],[-1.56758,52.75993]]},"properties":{"name":"Secondary and tertiary roads","category":"tertiary","osm_type":"way","osm_id":"744162918"}},{"type":"Feature","geometry":{"type":"LineString","coordinates":[[-1.56787,52.76021],[-1.56752,52.76006]]},"properties":{"name":"Secondary and tertiary roads","category":"tertiary","osm_type":"way","osm_id":"744162919"}},{"type":"Feature","geometry":{"type":"LineString","coordinates":[[-1.37193,52.71739],[-1.37415,52.72335]]},"properties":{"name":"Belvoir Road","category":"tertiary","osm_type":"way","osm_id":"744628332"}},{"type":"Feature","geometry":{"type":"LineString","coordinates":[[-1.26414,52.91768],[-1.26396,52.91718]]},"properties":{"name":"Toton Lane","category":"secondary","osm_type":"way","osm_id":"745238227","ref":"B6003"}},{"type":"Feature","geometry":{"type":"LineString","coordinates":[[-1.26463,52.91899],[-1.26428,52.91812]]},"properties":{"name":"Toton Lane","category":"secondary","osm_type":"way","osm_id":"745238228","ref":"B6003"}},{"type":"Feature","geometry":{"type":"LineString","coordinates":[[-1.26477,52.91925],[-1.26463,52.91899]]},"properties":{"name":"Toton Lane","category":"secondary","osm_type":"way","osm_id":"745238229","ref":"B6003"}},{"type":"Feature","geometry":{"type":"LineString","coordinates":[[-1.26424,52.918],[-1.26414,52.91768]]},"properties":{"name":"Toton Lane","category":"secondary","osm_type":"way","osm_id":"745238230","ref":"B6003"}},{"type":"Feature","geometry":{"type":"LineString","coordinates":[[-1.26497,52.91963],[-1.26477,52.91925]]},"properties":{"name":"Toton Lane","category":"secondary","osm_type":"way","osm_id":"745238231","ref":"B6003"}},{"type":"Feature","geometry":{"type":"LineString","coordinates":[[-1.265,52.91977],[-1.26499,52.91968]]},"properties":{"name":"Toton Lane","category":"secondary","osm_type":"way","osm_id":"745238232","ref":"B6003"}},{"type":"Feature","geometry":{"type":"LineString","coordinates":[[-1.02929,52.65847],[-1.02839,52.65883]]},"properties":{"name":"Scraptoft Lane","category":"tertiary","osm_type":"way","osm_id":"745258114"}},{"type":"Feature","geometry":{"type":"LineString","coordinates":[[-1.42807,52.87101],[-1.42763,52.87118]]},"properties":{"name":"Snelsmoor Lane","category":"tertiary","osm_type":"way","osm_id":"745361080"}},{"type":"Feature","geometry":{"type":"LineString","coordinates":[[-1.44144,52.86285],[-1.44083,52.86276]]},"properties":{"name":"Infinity Park Way","category":"tertiary","osm_type":"way","osm_id":"745361081"}},{"type":"Feature","geometry":{"type":"LineString","coordinates":[[-1.66689,52.51552],[-1.66669,52.51546]]},"properties":{"name":"Coleshill Road","category":"secondary","osm_type":"way","osm_id":"747196600","ref":"B4114"}},{"type":"Feature","geometry":{"type":"LineString","coordinates":[[-1.66644,52.51542],[-1.6662,52.51538]]},"properties":{"name":"Coleshill Road","category":"secondary","osm_type":"way","osm_id":"747196602","ref":"B4114"}},{"type":"Feature","geometry":{"type":"LineString","coordinates":[[-1.6662,52.51538],[-1.66543,52.5151]]},"properties":{"name":"Coleshill Road","category":"secondary","osm_type":"way","osm_id":"747196603","ref":"B4114"}},{"type":"Feature","geometry":{"type":"LineString","coordinates":[[-1.30252,52.74746],[-1.30258,52.74741]]},"properties":{"name":"Abbey Road","category":"tertiary","osm_type":"way","osm_id":"748615860"}},{"type":"Feature","geometry":{"type":"LineString","coordinates":[[-1.30258,52.74741],[-1.31462,52.74038],[-1.32329,52.73451],[-1.3283,52.73193]]},"properties":{"name":"Abbey Road","category":"tertiary","osm_type":"way","osm_id":"748615861"}},{"type":"Feature","geometry":{"type":"LineString","coordinates":[[-1.06736,52.72161],[-1.06868,52.7223],[-1.0709,52.72276],[-1.07473,52.72188]]},"properties":{"name":"Broome Lane","category":"tertiary","osm_type":"way","osm_id":"749845102"}},{"type":"Feature","geometry":{"type":"LineString","coordinates":[[-1.06731,52.72155],[-1.06736,52.72161]]},"properties":{"name":"Broome Lane","category":"tertiary","osm_type":"way","osm_id":"749845103"}},{"type":"Feature","geometry":{"type":"LineString","coordinates":[[-1.42333,52.9275],[-1.42501,52.92733]]},"properties":{"name":"Roosevelt Avenue","category":"tertiary","osm_type":"way","osm_id":"751567210"}},{"type":"Feature","geometry":{"type":"LineString","coordinates":[[-1.41942,52.94803],[-1.42525,52.94885],[-1.42602,52.94839],[-1.4263,52.94696]]},"properties":{"name":"Smalley Drive","category":"tertiary","osm_type":"way","osm_id":"751612333"}},{"type":"Feature","geometry":{"type":"LineString","coordinates":[[-1.43265,52.9425],[-1.43288,52.94249]]},"properties":{"name":"Bishops Drive","category":"tertiary","osm_type":"way","osm_id":"751626029"}},{"type":"Feature","geometry":{"type":"LineString","coordinates":[[-1.35202,52.83255],[-1.35245,52.83258]]},"properties":{"name":"Secondary and tertiary roads","category":"tertiary","osm_type":"way","osm_id":"753736244"}},{"type":"Feature","geometry":{"type":"LineString","coordinates":[[-1.3532,52.83249],[-1.35339,52.83263]]},"properties":{"name":"Secondary and tertiary roads","category":"tertiary","osm_type":"way","osm_id":"753878279"}},{"type":"Feature","geometry":{"type":"LineString","coordinates":[[-1.35287,52.83255],[-1.3532,52.83249]]},"properties":{"name":"Secondary and tertiary roads","category":"tertiary","osm_type":"way","osm_id":"753878280"}},{"type":"Feature","geometry":{"type":"LineString","coordinates":[[-1.35285,52.83272],[-1.35287,52.83255]]},"properties":{"name":"Secondary and tertiary roads","category":"tertiary","osm_type":"way","osm_id":"753878281"}},{"type":"Feature","geometry":{"type":"LineString","coordinates":[[-1.63458,52.55922],[-1.63437,52.55921]]},"properties":{"name":"Atherstone Road","category":"tertiary","osm_type":"way","osm_id":"755813936"}},{"type":"Feature","geometry":{"type":"LineString","coordinates":[[-1.34818,52.84779],[-1.34827,52.84757]]},"properties":{"name":"Darsway","category":"tertiary","osm_type":"way","osm_id":"756086165"}},{"type":"Feature","geometry":{"type":"LineString","coordinates":[[-1.34817,52.84781],[-1.34818,52.84779]]},"properties":{"name":"Darsway","category":"tertiary","osm_type":"way","osm_id":"756086166"}},{"type":"Feature","geometry":{"type":"LineString","coordinates":[[-1.34805,52.84799],[-1.34817,52.84781]]},"properties":{"name":"Darsway","category":"tertiary","osm_type":"way","osm_id":"756086167"}},{"type":"Feature","geometry":{"type":"LineString","coordinates":[[-1.35769,52.84171],[-1.35718,52.84176]]},"properties":{"name":"Park Lane","category":"tertiary","osm_type":"way","osm_id":"756086168"}},{"type":"Feature","geometry":{"type":"LineString","coordinates":[[-1.35769,52.84171],[-1.35808,52.84159]]},"properties":{"name":"Park Lane","category":"tertiary","osm_type":"way","osm_id":"756086169"}},{"type":"Feature","geometry":{"type":"LineString","coordinates":[[-1.35813,52.84178],[-1.35769,52.84171]]},"properties":{"name":"Park Lane","category":"tertiary","osm_type":"way","osm_id":"756086170"}},{"type":"Feature","geometry":{"type":"LineString","coordinates":[[-1.48856,52.95465],[-1.48796,52.95487]]},"properties":{"name":"Cornhill","category":"tertiary","osm_type":"way","osm_id":"756087919"}},{"type":"Feature","geometry":{"type":"LineString","coordinates":[[-1.49325,52.95302],[-1.49343,52.95307]]},"properties":{"name":"Blenheim Drive","category":"tertiary","osm_type":"way","osm_id":"756087920"}},{"type":"Feature","geometry":{"type":"LineString","coordinates":[[-1.49403,52.95828],[-1.49381,52.95818]]},"properties":{"name":"West Bank Road","category":"tertiary","osm_type":"way","osm_id":"756087921"}},{"type":"Feature","geometry":{"type":"LineString","coordinates":[[-1.49409,52.95807],[-1.49403,52.95828]]},"properties":{"name":"Woodlands Road","category":"tertiary","osm_type":"way","osm_id":"756087922"}},{"type":"Feature","geometry":{"type":"LineString","coordinates":[[-1.49343,52.95307],[-1.49496,52.95336]]},"properties":{"name":"Blenheim Drive","category":"tertiary","osm_type":"way","osm_id":"756087923"}},{"type":"Feature","geometry":{"type":"LineString","coordinates":[[-1.10374,52.91766],[-1.10227,52.9185],[-1.10179,52.91932],[-1.10321,52.92128],[-1.1032,52.92224],[-1.10227,52.92294],[-1.10075,52.92324]]},"properties":{"name":"Beckside","category":"tertiary","osm_type":"way","osm_id":"757711461"}},{"type":"Feature","geometry":{"type":"LineString","coordinates":[[-1.12697,52.71473],[-1.12835,52.71797]]},"properties":{"name":"Loughborough Road","category":"tertiary","osm_type":"way","osm_id":"758358027"}},{"type":"Feature","geometry":{"type":"LineString","coordinates":[[-1.12706,52.71444],[-1.12697,52.71473]]},"properties":{"name":"Loughborough Road","category":"tertiary","osm_type":"way","osm_id":"758358028"}},{"type":"Feature","geometry":{"type":"LineString","coordinates":[[-1.67417,52.93883],[-1.67142,52.93968]]},"properties":{"name":"Long Lane","category":"tertiary","osm_type":"way","osm_id":"759203071"}},{"type":"Feature","geometry":{"type":"LineString","coordinates":[[-1.67421,52.93881],[-1.67417,52.93883]]},"properties":{"name":"Secondary and tertiary roads","category":"tertiary","osm_type":"way","osm_id":"759203072"}},{"type":"Feature","geometry":{"type":"LineString","coordinates":[[-1.72347,52.96091],[-1.72191,52.9633],[-1.72289,52.96547],[-1.72578,52.96648],[-1.7284,52.9668],[-1.73846,52.97181],[-1.75019,52.97368]]},"properties":{"name":"Leapley Lane","category":"tertiary","osm_type":"way","osm_id":"759251842"}},{"type":"Feature","geometry":{"type":"LineString","coordinates":[[-1.72604,52.95687],[-1.72559,52.95776]]},"properties":{"name":"Leapley Lane","category":"tertiary","osm_type":"way","osm_id":"759255283"}},{"type":"Feature","geometry":{"type":"LineString","coordinates":[[-1.72606,52.95584],[-1.72629,52.95615]]},"properties":{"name":"Leapley Lane","category":"tertiary","osm_type":"way","osm_id":"759255285"}},{"type":"Feature","geometry":{"type":"LineString","coordinates":[[-1.72542,52.95531],[-1.72606,52.95584]]},"properties":{"name":"Leapley Lane","category":"tertiary","osm_type":"way","osm_id":"759255967"}},{"type":"Feature","geometry":{"type":"LineString","coordinates":[[-1.72504,52.95496],[-1.72542,52.95531]]},"properties":{"name":"Leapley Lane","category":"tertiary","osm_type":"way","osm_id":"759255968"}},{"type":"Feature","geometry":{"type":"LineString","coordinates":[[-1.29694,52.80664],[-1.29598,52.80834]]},"properties":{"name":"Smithy Lane","category":"tertiary","osm_type":"way","osm_id":"759408724"}},{"type":"Feature","geometry":{"type":"LineString","coordinates":[[-1.72085,52.98717],[-1.71635,52.98773]]},"properties":{"name":"Quilow Lane","category":"tertiary","osm_type":"way","osm_id":"759461220"}},{"type":"Feature","geometry":{"type":"LineString","coordinates":[[-1.56425,52.73585],[-1.56261,52.73678]]},"properties":{"name":"Woodville Road","category":"tertiary","osm_type":"way","osm_id":"760841771"}},{"type":"Feature","geometry":{"type":"LineString","coordinates":[[-1.55843,52.73437],[-1.5629,52.7328]]},"properties":{"name":"Moira Road","category":"tertiary","osm_type":"way","osm_id":"760841772"}},{"type":"Feature","geometry":{"type":"LineString","coordinates":[[-1.56491,52.7355],[-1.56425,52.73585]]},"properties":{"name":"Woodville Road","category":"tertiary","osm_type":"way","osm_id":"760841773"}},{"type":"Feature","geometry":{"type":"LineString","coordinates":[[-1.55738,52.76603],[-1.55714,52.76608]]},"properties":{"name":"York Road","category":"tertiary","osm_type":"way","osm_id":"760841774"}},{"type":"Feature","geometry":{"type":"LineString","coordinates":[[-1.55707,52.76609],[-1.55452,52.76652]]},"properties":{"name":"York Road","category":"tertiary","osm_type":"way","osm_id":"760841775"}},{"type":"Feature","geometry":{"type":"LineString","coordinates":[[-1.55738,52.76624],[-1.55707,52.76609]]},"properties":{"name":"Secondary and tertiary roads","category":"tertiary_link","osm_type":"way","osm_id":"760841776"}},{"type":"Feature","geometry":{"type":"LineString","coordinates":[[-1.27957,52.80289],[-1.27758,52.8026]]},"properties":{"name":"Hathern Road","category":"tertiary","osm_type":"way","osm_id":"761116811"}},{"type":"Feature","geometry":{"type":"LineString","coordinates":[[-1.27758,52.8026],[-1.27462,52.80228]]},"properties":{"name":"Hathern Road","category":"tertiary","osm_type":"way","osm_id":"761116812"}},{"type":"Feature","geometry":{"type":"LineString","coordinates":[[-1.27851,52.7999],[-1.27876,52.79982]]},"properties":{"name":"Ashby Road","category":"secondary","osm_type":"way","osm_id":"761116825","ref":"B5324"}},{"type":"Feature","geometry":{"type":"LineString","coordinates":[[-1.27876,52.79982],[-1.28022,52.79949]]},"properties":{"name":"Ashby Road","category":"secondary","osm_type":"way","osm_id":"761116826","ref":"B5324"}},{"type":"Feature","geometry":{"type":"LineString","coordinates":[[-1.27611,52.80038],[-1.2765,52.80033]]},"properties":{"name":"Ashby Road","category":"secondary","osm_type":"way","osm_id":"761116827","ref":"B5324"}},{"type":"Feature","geometry":{"type":"LineString","coordinates":[[-1.27165,52.80129],[-1.27611,52.80038]]},"properties":{"name":"Ashby Road","category":"secondary","osm_type":"way","osm_id":"761116828","ref":"B5324"}},{"type":"Feature","geometry":{"type":"LineString","coordinates":[[-1.04754,52.81991],[-1.0399,52.82008]]},"properties":{"name":"Back Lane","category":"tertiary","osm_type":"way","osm_id":"761196979"}},{"type":"Feature","geometry":{"type":"LineString","coordinates":[[-1.06766,52.8187],[-1.06395,52.81898]]},"properties":{"name":"East Road","category":"tertiary","osm_type":"way","osm_id":"761196980"}},{"type":"Feature","geometry":{"type":"LineString","coordinates":[[-1.19689,52.59205],[-1.19685,52.59199]]},"properties":{"name":"Dorsey Way","category":"tertiary","osm_type":"way","osm_id":"761504538"}},{"type":"Feature","geometry":{"type":"LineString","coordinates":[[-1.19703,52.59224],[-1.19689,52.59205]]},"properties":{"name":"Dorsey Way","category":"tertiary","osm_type":"way","osm_id":"761504539"}},{"type":"Feature","geometry":{"type":"LineString","coordinates":[[-1.19703,52.59224],[-1.19662,52.59214]]},"properties":{"name":"Dorsey Way","category":"tertiary","osm_type":"way","osm_id":"761504540"}},{"type":"Feature","geometry":{"type":"LineString","coordinates":[[-1.1973,52.59195],[-1.19703,52.59224]]},"properties":{"name":"Dorsey Way","category":"tertiary","osm_type":"way","osm_id":"761504541"}},{"type":"Feature","geometry":{"type":"LineString","coordinates":[[-1.19582,52.59232],[-1.19794,52.59176]]},"properties":{"name":"Leicester Lane","category":"tertiary","osm_type":"way","osm_id":"761504542"}},{"type":"Feature","geometry":{"type":"LineString","coordinates":[[-1.19794,52.59176],[-1.20663,52.59036]]},"properties":{"name":"Leicester Lane","category":"tertiary","osm_type":"way","osm_id":"761504543"}},{"type":"Feature","geometry":{"type":"LineString","coordinates":[[-1.19794,52.59176],[-1.19582,52.59232]]},"properties":{"name":"Leicester Lane","category":"tertiary","osm_type":"way","osm_id":"761504544"}},{"type":"Feature","geometry":{"type":"LineString","coordinates":[[-1.63666,52.73676],[-1.63644,52.73603]]},"properties":{"name":"Burton Road","category":"tertiary","osm_type":"way","osm_id":"761591529"}},{"type":"Feature","geometry":{"type":"LineString","coordinates":[[-1.63798,52.73282],[-1.63827,52.73256]]},"properties":{"name":"Mill Street","category":"tertiary","osm_type":"way","osm_id":"761591530"}},{"type":"Feature","geometry":{"type":"LineString","coordinates":[[-1.64081,52.73558],[-1.64058,52.73532]]},"properties":{"name":"Church Street","category":"tertiary","osm_type":"way","osm_id":"761591531"}},{"type":"Feature","geometry":{"type":"LineString","coordinates":[[-1.63858,52.73288],[-1.63852,52.73284]]},"properties":{"name":"Secondary and tertiary roads","category":"tertiary","osm_type":"way","osm_id":"761591532"}},{"type":"Feature","geometry":{"type":"LineString","coordinates":[[-1.63852,52.73284],[-1.63827,52.73256]]},"properties":{"name":"Secondary and tertiary roads","category":"tertiary","osm_type":"way","osm_id":"761591533"}},{"type":"Feature","geometry":{"type":"LineString","coordinates":[[-1.64204,52.75677],[-1.64229,52.75433]]},"properties":{"name":"Burton Road","category":"tertiary","osm_type":"way","osm_id":"761591536"}},{"type":"Feature","geometry":{"type":"LineString","coordinates":[[-1.63484,52.76722],[-1.6391,52.76488],[-1.64204,52.75677]]},"properties":{"name":"Burton Road","category":"tertiary","osm_type":"way","osm_id":"761591537"}},{"type":"Feature","geometry":{"type":"LineString","coordinates":[[-1.82168,52.90959],[-1.82125,52.90979]]},"properties":{"name":"Marston Lane","category":"tertiary","osm_type":"way","osm_id":"761790914"}},{"type":"Feature","geometry":{"type":"LineString","coordinates":[[-1.82322,52.90874],[-1.82258,52.9091]]},"properties":{"name":"Marston Lane","category":"tertiary","osm_type":"way","osm_id":"761790936"}},{"type":"Feature","geometry":{"type":"LineString","coordinates":[[-1.82471,52.90612],[-1.82457,52.90599]]},"properties":{"name":"Secondary and tertiary roads","category":"tertiary","osm_type":"way","osm_id":"761790937"}},{"type":"Feature","geometry":{"type":"LineString","coordinates":[[-1.66525,52.80989],[-1.66815,52.81073]]},"properties":{"name":"Shobnall Road","category":"secondary","osm_type":"way","osm_id":"761862744","ref":"B5017"}},{"type":"Feature","geometry":{"type":"LineString","coordinates":[[-1.80813,52.87033],[-1.81113,52.87308]]},"properties":{"name":"Highwood Road","category":"secondary","osm_type":"way","osm_id":"762120506","ref":"B5017"}},{"type":"Feature","geometry":{"type":"LineString","coordinates":[[-1.80811,52.8703],[-1.80813,52.87033]]},"properties":{"name":"Highwood Road","category":"secondary","osm_type":"way","osm_id":"762120507","ref":"B5017"}},{"type":"Feature","geometry":{"type":"LineString","coordinates":[[-1.77911,52.86655],[-1.78474,52.86863]]},"properties":{"name":"Houndhill","category":"tertiary","osm_type":"way","osm_id":"762120512"}},{"type":"Feature","geometry":{"type":"LineString","coordinates":[[-1.29288,52.53786],[-1.28622,52.53757],[-1.28072,52.53659]]},"properties":{"name":"Hinckley Road","category":"secondary","osm_type":"way","osm_id":"762333089","ref":"B4669"}},{"type":"Feature","geometry":{"type":"LineString","coordinates":[[-1.3474,52.53695],[-1.34867,52.53712],[-1.35022,52.53674]]},"properties":{"name":"Sapcote Road","category":"secondary","osm_type":"way","osm_id":"762444434","ref":"B4669"}},{"type":"Feature","geometry":{"type":"LineString","coordinates":[[-1.33695,52.5373],[-1.33906,52.53668],[-1.34302,52.5362]]},"properties":{"name":"Sapcote Road","category":"secondary","osm_type":"way","osm_id":"762444435","ref":"B4669"}},{"type":"Feature","geometry":{"type":"LineString","coordinates":[[-1.886,52.81974],[-1.88702,52.82003]]},"properties":{"name":"Bagot Street","category":"secondary","osm_type":"way","osm_id":"762954750","ref":"B5014"}},{"type":"Feature","geometry":{"type":"LineString","coordinates":[[-1.73542,52.81556],[-1.73588,52.81557]]},"properties":{"name":"Five Lanes' End","category":"secondary","osm_type":"way","osm_id":"762954751"}},{"type":"Feature","geometry":{"type":"LineString","coordinates":[[-1.88265,52.89001],[-1.88287,52.89022]]},"properties":{"name":"B5013","category":"secondary","osm_type":"way","osm_id":"762969990","ref":"B5013"}},{"type":"Feature","geometry":{"type":"LineString","coordinates":[[-1.86068,52.8915],[-1.86047,52.89314],[-1.85895,52.89473]]},"properties":{"name":"Highwood Road","category":"secondary","osm_type":"way","osm_id":"762969992","ref":"B5017"}},{"type":"Feature","geometry":{"type":"LineString","coordinates":[[-1.87643,52.89949],[-1.87764,52.89989]]},"properties":{"name":"Bramshall Road","category":"secondary","osm_type":"way","osm_id":"762987476","ref":"B5027"}},{"type":"Feature","geometry":{"type":"LineString","coordinates":[[-1.41449,52.96963],[-1.41512,52.96978]]},"properties":{"name":"Brick Kiln Lane","category":"tertiary","osm_type":"way","osm_id":"762988566"}},{"type":"Feature","geometry":{"type":"LineString","coordinates":[[-1.70199,52.76324],[-1.70194,52.76328]]},"properties":{"name":"Secondary and tertiary roads","category":"secondary","osm_type":"way","osm_id":"763204215"}},{"type":"Feature","geometry":{"type":"LineString","coordinates":[[-1.7019,52.76305],[-1.70199,52.76324]]},"properties":{"name":"Secondary and tertiary roads","category":"secondary","osm_type":"way","osm_id":"763204216"}},{"type":"Feature","geometry":{"type":"LineString","coordinates":[[-1.78258,52.70566],[-1.78289,52.70591]]},"properties":{"name":"Secondary and tertiary roads","category":"tertiary","osm_type":"way","osm_id":"763204225"}},{"type":"Feature","geometry":{"type":"LineString","coordinates":[[-1.77976,52.70481],[-1.7798,52.70484]]},"properties":{"name":"Secondary and tertiary roads","category":"tertiary","osm_type":"way","osm_id":"763204226"}},{"type":"Feature","geometry":{"type":"LineString","coordinates":[[-1.7793,52.70477],[-1.77976,52.70481]]},"properties":{"name":"Secondary and tertiary roads","category":"tertiary","osm_type":"way","osm_id":"763204227"}},{"type":"Feature","geometry":{"type":"LineString","coordinates":[[-1.77921,52.70516],[-1.77915,52.70511]]},"properties":{"name":"Secondary and tertiary roads","category":"tertiary","osm_type":"way","osm_id":"763204230"}},{"type":"Feature","geometry":{"type":"LineString","coordinates":[[-1.77973,52.70517],[-1.77968,52.70519]]},"properties":{"name":"Secondary and tertiary roads","category":"tertiary","osm_type":"way","osm_id":"763204231"}},{"type":"Feature","geometry":{"type":"LineString","coordinates":[[-1.7825,52.70586],[-1.78226,52.70577]]},"properties":{"name":"Wood End Lane","category":"tertiary","osm_type":"way","osm_id":"763204232"}},{"type":"Feature","geometry":{"type":"LineString","coordinates":[[-1.72951,52.76004],[-1.73161,52.75937]]},"properties":{"name":"The Green","category":"tertiary","osm_type":"way","osm_id":"763204248"}},{"type":"Feature","geometry":{"type":"LineString","coordinates":[[-1.71853,52.75694],[-1.71832,52.75881],[-1.71947,52.76142]]},"properties":{"name":"Efflinch Lane","category":"tertiary","osm_type":"way","osm_id":"763204249"}},{"type":"Feature","geometry":{"type":"LineString","coordinates":[[-1.72077,52.7635],[-1.72134,52.76374]]},"properties":{"name":"Station Road","category":"secondary","osm_type":"way","osm_id":"763204250","ref":"B5016"}},{"type":"Feature","geometry":{"type":"LineString","coordinates":[[-1.7018,52.76304],[-1.7019,52.76305]]},"properties":{"name":"Secondary and tertiary roads","category":"secondary","osm_type":"way","osm_id":"763204251"}},{"type":"Feature","geometry":{"type":"LineString","coordinates":[[-1.69847,52.76116],[-1.69851,52.76123]]},"properties":{"name":"Secondary and tertiary roads","category":"secondary","osm_type":"way","osm_id":"763204252"}},{"type":"Feature","geometry":{"type":"LineString","coordinates":[[-1.69953,52.76065],[-1.69933,52.76065]]},"properties":{"name":"Secondary and tertiary roads","category":"secondary","osm_type":"way","osm_id":"763204253"}},{"type":"Feature","geometry":{"type":"LineString","coordinates":[[-1.66772,52.78789],[-1.66967,52.78764]]},"properties":{"name":"Main Street","category":"secondary","osm_type":"way","osm_id":"763204259","ref":"B5018"}},{"type":"Feature","geometry":{"type":"LineString","coordinates":[[-1.41426,52.96486],[-1.41504,52.96514]]},"properties":{"name":"Church Lane","category":"tertiary","osm_type":"way","osm_id":"763260853"}},{"type":"Feature","geometry":{"type":"LineString","coordinates":[[-1.04237,52.57651],[-1.04059,52.57579],[-1.03984,52.5744]]},"properties":{"name":"London Road","category":"tertiary","osm_type":"way","osm_id":"765628912"}},{"type":"Feature","geometry":{"type":"LineString","coordinates":[[-1.95984,52.50995],[-1.96267,52.51367],[-1.9621,52.51595],[-1.96001,52.51719],[-1.95805,52.51993],[-1.95944,52.52227],[-1.96004,52.52483],[-1.96206,52.52801],[-1.96046,52.53022],[-1.96022,52.53136]]},"properties":{"name":"Park Lane","category":"tertiary","osm_type":"way","osm_id":"765895119"}},{"type":"Feature","geometry":{"type":"LineString","coordinates":[[-1.31707,52.90245],[-1.31768,52.90438],[-1.31857,52.90523]]},"properties":{"name":"Risley Lane","category":"tertiary","osm_type":"way","osm_id":"766110717"}},{"type":"Feature","geometry":{"type":"LineString","coordinates":[[-1.31867,52.9086],[-1.31836,52.90942],[-1.31891,52.91129]]},"properties":{"name":"Risley Lane","category":"tertiary","osm_type":"way","osm_id":"766110727"}},{"type":"Feature","geometry":{"type":"LineString","coordinates":[[-1.42977,52.8702],[-1.42945,52.87039]]},"properties":{"name":"Snelsmoor Lane","category":"tertiary","osm_type":"way","osm_id":"766237121"}},{"type":"Feature","geometry":{"type":"LineString","coordinates":[[-1.26381,52.85246],[-1.26367,52.8542]]},"properties":{"name":"Kegworth Road","category":"tertiary","osm_type":"way","osm_id":"766366652"}},{"type":"Feature","geometry":{"type":"LineString","coordinates":[[-1.47821,52.91847],[-1.47809,52.91979]]},"properties":{"name":"Green Lane","category":"tertiary","osm_type":"way","osm_id":"767109579"}},{"type":"Feature","geometry":{"type":"LineString","coordinates":[[-1.47428,52.74932],[-1.47409,52.74815]]},"properties":{"name":"The Callis","category":"tertiary","osm_type":"way","osm_id":"767467167"}},{"type":"Feature","geometry":{"type":"LineString","coordinates":[[-1.18097,52.7466],[-1.18089,52.74666]]},"properties":{"name":"Woodhouse Road","category":"tertiary","osm_type":"way","osm_id":"767793176"}},{"type":"Feature","geometry":{"type":"LineString","coordinates":[[-1.18089,52.74666],[-1.18044,52.74701]]},"properties":{"name":"Woodhouse Road","category":"tertiary","osm_type":"way","osm_id":"767793177"}},{"type":"Feature","geometry":{"type":"LineString","coordinates":[[-1.67661,52.76341],[-1.67075,52.76705],[-1.66232,52.7689],[-1.65725,52.76914],[-1.65407,52.77039],[-1.64636,52.77202],[-1.64508,52.77292]]},"properties":{"name":"Main Street","category":"tertiary","osm_type":"way","osm_id":"769480820"}},{"type":"Feature","geometry":{"type":"LineString","coordinates":[[-1.59505,52.76688],[-1.602,52.76504],[-1.60344,52.76425]]},"properties":{"name":"Cadley Lane","category":"tertiary","osm_type":"way","osm_id":"769480821"}},{"type":"Feature","geometry":{"type":"LineString","coordinates":[[-1.67727,52.75597],[-1.67548,52.75469],[-1.67474,52.75015],[-1.67154,52.74643],[-1.6694,52.74588],[-1.66346,52.74326],[-1.65813,52.74264],[-1.65714,52.74072],[-1.65567,52.73959]]},"properties":{"name":"Coton Road","category":"tertiary","osm_type":"way","osm_id":"769480823"}},{"type":"Feature","geometry":{"type":"LineString","coordinates":[[-1.30915,52.94216],[-1.3094,52.94157],[-1.30847,52.93973]]},"properties":{"name":"Littlewell Lane","category":"tertiary","osm_type":"way","osm_id":"770433356"}},{"type":"Feature","geometry":{"type":"LineString","coordinates":[[-1.2949,52.94358],[-1.29945,52.94508]]},"properties":{"name":"Low's Lane","category":"tertiary","osm_type":"way","osm_id":"770433424"}},{"type":"Feature","geometry":{"type":"LineString","coordinates":[[-1.18019,52.56915],[-1.18017,52.56916]]},"properties":{"name":"The Dicken","category":"tertiary","osm_type":"way","osm_id":"770854201"}},{"type":"Feature","geometry":{"type":"LineString","coordinates":[[-1.18001,52.56917],[-1.17871,52.56932]]},"properties":{"name":"The Dicken","category":"tertiary","osm_type":"way","osm_id":"770854202"}},{"type":"Feature","geometry":{"type":"LineString","coordinates":[[-1.18003,52.56917],[-1.18001,52.56917]]},"properties":{"name":"The Dicken","category":"tertiary","osm_type":"way","osm_id":"770854203"}},{"type":"Feature","geometry":{"type":"LineString","coordinates":[[-1.18017,52.56916],[-1.18003,52.56917]]},"properties":{"name":"The Dicken","category":"tertiary","osm_type":"way","osm_id":"770854204"}},{"type":"Feature","geometry":{"type":"LineString","coordinates":[[-1.12555,52.60743],[-1.12411,52.60731]]},"properties":{"name":"Knighton Lane East","category":"tertiary","osm_type":"way","osm_id":"771083409"}},{"type":"Feature","geometry":{"type":"LineString","coordinates":[[-1.32926,52.95728],[-1.32773,52.95598]]},"properties":{"name":"St Norbert Drive","category":"tertiary","osm_type":"way","osm_id":"771475820"}},{"type":"Feature","geometry":{"type":"LineString","coordinates":[[-1.30744,52.95475],[-1.30725,52.95403]]},"properties":{"name":"Quarry Hill Road","category":"tertiary","osm_type":"way","osm_id":"772743163"}},{"type":"Feature","geometry":{"type":"LineString","coordinates":[[-1.30725,52.95403],[-1.30714,52.95354]]},"properties":{"name":"Quarry Hill Road","category":"tertiary","osm_type":"way","osm_id":"772743164"}},{"type":"Feature","geometry":{"type":"LineString","coordinates":[[-1.30714,52.95354],[-1.30695,52.95213]]},"properties":{"name":"Quarry Hill Road","category":"tertiary","osm_type":"way","osm_id":"772743165"}},{"type":"Feature","geometry":{"type":"LineString","coordinates":[[-1.15612,52.7382],[-1.16194,52.74041]]},"properties":{"name":"Leicester Road","category":"tertiary","osm_type":"way","osm_id":"773237166"}},{"type":"Feature","geometry":{"type":"LineString","coordinates":[[-1.15208,52.73716],[-1.15612,52.7382]]},"properties":{"name":"Loughborough Road","category":"tertiary","osm_type":"way","osm_id":"773237167"}},{"type":"Feature","geometry":{"type":"LineString","coordinates":[[-1.15055,52.73637],[-1.14637,52.7332],[-1.14089,52.73067]]},"properties":{"name":"Loughborough Road","category":"tertiary","osm_type":"way","osm_id":"773237168"}},{"type":"Feature","geometry":{"type":"LineString","coordinates":[[-1.35534,52.8473],[-1.35472,52.84722]]},"properties":{"name":"Castle Donington Relief Road","category":"tertiary","osm_type":"way","osm_id":"773752114"}},{"type":"Feature","geometry":{"type":"LineString","coordinates":[[-1.35472,52.84722],[-1.35529,52.84707]]},"properties":{"name":"Castle Donington Relief Road","category":"tertiary","osm_type":"way","osm_id":"773752115"}},{"type":"Feature","geometry":{"type":"LineString","coordinates":[[-1.35535,52.84703],[-1.35558,52.84675]]},"properties":{"name":"Castle Donington Relief Road","category":"tertiary","osm_type":"way","osm_id":"773752116"}},{"type":"Feature","geometry":{"type":"LineString","coordinates":[[-1.35558,52.84675],[-1.35572,52.84706]]},"properties":{"name":"Castle Donington Relief Road","category":"tertiary","osm_type":"way","osm_id":"773752117"}},{"type":"Feature","geometry":{"type":"LineString","coordinates":[[-1.18074,52.74712],[-1.18236,52.74805]]},"properties":{"name":"Loughborough Road","category":"tertiary","osm_type":"way","osm_id":"775519931"}},{"type":"Feature","geometry":{"type":"LineString","coordinates":[[-1.18183,52.74778],[-1.18039,52.74712]]},"properties":{"name":"Loughborough Road","category":"tertiary","osm_type":"way","osm_id":"775519933"}},{"type":"Feature","geometry":{"type":"LineString","coordinates":[[-1.30789,52.95699],[-1.30784,52.95667]]},"properties":{"name":"Quarry Hill Road","category":"tertiary","osm_type":"way","osm_id":"775638606"}},{"type":"Feature","geometry":{"type":"LineString","coordinates":[[-1.14658,52.64715],[-1.14632,52.64741]]},"properties":{"name":"Blackbird Road","category":"secondary","osm_type":"way","osm_id":"776978841"}},{"type":"Feature","geometry":{"type":"LineString","coordinates":[[-1.97976,52.5816],[-1.97985,52.58154]]},"properties":{"name":"Dudley Street","category":"tertiary","osm_type":"way","osm_id":"779640258"}},{"type":"Feature","geometry":{"type":"LineString","coordinates":[[-1.19462,52.94303],[-1.1926,52.9429]]},"properties":{"name":"Cripps Hill","category":"tertiary","osm_type":"way","osm_id":"781314576"}},{"type":"Feature","geometry":{"type":"LineString","coordinates":[[-1.98612,52.514],[-1.9867,52.51434]]},"properties":{"name":"High Street","category":"tertiary","osm_type":"way","osm_id":"781401375"}},{"type":"Feature","geometry":{"type":"LineString","coordinates":[[-1.37617,52.54003],[-1.37611,52.53916]]},"properties":{"name":"Trinity Lane","category":"secondary","osm_type":"way","osm_id":"781730824","ref":"B590"}},{"type":"Feature","geometry":{"type":"LineString","coordinates":[[-1.01808,52.7888],[-1.01778,52.78902]]},"properties":{"name":"Six Hills Lane","category":"secondary","osm_type":"way","osm_id":"782279806","ref":"B676"}},{"type":"Feature","geometry":{"type":"LineString","coordinates":[[-1.01715,52.78904],[-1.01728,52.78887]]},"properties":{"name":"Six Hills Lane","category":"tertiary","osm_type":"way","osm_id":"782279807"}},{"type":"Feature","geometry":{"type":"LineString","coordinates":[[-1.01748,52.78893],[-1.01715,52.78904]]},"properties":{"name":"Six Hills Lane","category":"tertiary","osm_type":"way","osm_id":"782279808"}},{"type":"Feature","geometry":{"type":"LineString","coordinates":[[-1.36752,52.96733],[-1.36765,52.96705]]},"properties":{"name":"Station Road","category":"tertiary","osm_type":"way","osm_id":"782524466"}},{"type":"Feature","geometry":{"type":"LineString","coordinates":[[-1.29667,52.93867],[-1.29657,52.93884]]},"properties":{"name":"Quarry Hill","category":"tertiary","osm_type":"way","osm_id":"783655335"}},{"type":"Feature","geometry":{"type":"LineString","coordinates":[[-1.02655,52.95618],[-1.0263,52.95634]]},"properties":{"name":"Shelford Road","category":"tertiary","osm_type":"way","osm_id":"786212262"}},{"type":"Feature","geometry":{"type":"LineString","coordinates":[[-1.02615,52.95619],[-1.02655,52.95618]]},"properties":{"name":"Shelford Road","category":"tertiary","osm_type":"way","osm_id":"786212266"}},{"type":"Feature","geometry":{"type":"LineString","coordinates":[[-1.02603,52.95644],[-1.02587,52.95627],[-1.02615,52.95619],[-1.0263,52.95634],[-1.02603,52.95644]]},"properties":{"name":"Shelford Road","category":"tertiary","osm_type":"way","osm_id":"786212270"}},{"type":"Feature","geometry":{"type":"LineString","coordinates":[[-1.47071,52.97481],[-1.47044,52.97426]]},"properties":{"name":"Duffield Road","category":"tertiary","osm_type":"way","osm_id":"787582229"}},{"type":"Feature","geometry":{"type":"LineString","coordinates":[[-1.40704,52.68694],[-1.407,52.68709],[-1.40674,52.68705],[-1.40683,52.6869],[-1.40704,52.68694]]},"properties":{"name":"Secondary and tertiary roads","category":"tertiary","osm_type":"way","osm_id":"792398177"}},{"type":"Feature","geometry":{"type":"LineString","coordinates":[[-1.40697,52.6871],[-1.41118,52.68922]]},"properties":{"name":"Station Road","category":"tertiary","osm_type":"way","osm_id":"792398178"}},{"type":"Feature","geometry":{"type":"LineString","coordinates":[[-1.46082,52.96587],[-1.4608,52.96615]]},"properties":{"name":"Alfreton Road","category":"secondary","osm_type":"way","osm_id":"794499680","ref":"B6179"}},{"type":"Feature","geometry":{"type":"LineString","coordinates":[[-1.4608,52.96615],[-1.46077,52.96671]]},"properties":{"name":"Alfreton Road","category":"secondary","osm_type":"way","osm_id":"794499681","ref":"B6179"}},{"type":"Feature","geometry":{"type":"LineString","coordinates":[[-1.46077,52.96671],[-1.46042,52.96877]]},"properties":{"name":"Alfreton Road","category":"secondary","osm_type":"way","osm_id":"794500833","ref":"B6179"}},{"type":"Feature","geometry":{"type":"LineString","coordinates":[[-1.46042,52.96877],[-1.4603,52.9693]]},"properties":{"name":"Alfreton Road","category":"secondary","osm_type":"way","osm_id":"794500834","ref":"B6179"}},{"type":"Feature","geometry":{"type":"LineString","coordinates":[[-1.07216,52.64339],[-1.0723,52.64341]]},"properties":{"name":"Scraptoft Lane","category":"tertiary","osm_type":"way","osm_id":"797103833"}},{"type":"Feature","geometry":{"type":"LineString","coordinates":[[-1.07332,52.63758],[-1.07328,52.63767]]},"properties":{"name":"Goodwood Road","category":"tertiary","osm_type":"way","osm_id":"797105849"}},{"type":"Feature","geometry":{"type":"LineString","coordinates":[[-1.47224,52.93034],[-1.47211,52.93051]]},"properties":{"name":"Mansfield Road","category":"tertiary","osm_type":"way","osm_id":"797693765"}},{"type":"Feature","geometry":{"type":"LineString","coordinates":[[-1.57838,52.51709],[-1.5772,52.51779],[-1.57157,52.52442],[-1.56879,52.52559],[-1.56553,52.5264]]},"properties":{"name":"Ansley Lane","category":"tertiary","osm_type":"way","osm_id":"798799848"}},{"type":"Feature","geometry":{"type":"LineString","coordinates":[[-1.57848,52.51704],[-1.57838,52.51709]]},"properties":{"name":"Ansley Lane","category":"tertiary","osm_type":"way","osm_id":"798799849"}},{"type":"Feature","geometry":{"type":"LineString","coordinates":[[-1.40254,52.57565],[-1.40122,52.57271],[-1.40177,52.57171]]},"properties":{"name":"Hinckley Road","category":"tertiary","osm_type":"way","osm_id":"798802067"}},{"type":"Feature","geometry":{"type":"LineString","coordinates":[[-1.64765,52.56562],[-1.64542,52.56813],[-1.64422,52.57273],[-1.63936,52.57268]]},"properties":{"name":"Hurley Common","category":"tertiary","osm_type":"way","osm_id":"798806363"}},{"type":"Feature","geometry":{"type":"LineString","coordinates":[[-1.64772,52.56555],[-1.64765,52.56562]]},"properties":{"name":"Hurley Common","category":"tertiary","osm_type":"way","osm_id":"798806364"}},{"type":"Feature","geometry":{"type":"LineString","coordinates":[[-1.5824,52.6262],[-1.5911,52.62533]]},"properties":{"name":"Orton Road","category":"tertiary","osm_type":"way","osm_id":"798872030"}},{"type":"Feature","geometry":{"type":"LineString","coordinates":[[-1.61466,52.60074],[-1.61459,52.60131]]},"properties":{"name":"Long Street","category":"tertiary","osm_type":"way","osm_id":"798873522"}},{"type":"Feature","geometry":{"type":"LineString","coordinates":[[-1.40514,52.63517],[-1.40536,52.63577]]},"properties":{"name":"Barton Road","category":"tertiary","osm_type":"way","osm_id":"798876251"}},{"type":"Feature","geometry":{"type":"LineString","coordinates":[[-1.40511,52.6351],[-1.40514,52.63517]]},"properties":{"name":"Barton Road","category":"tertiary","osm_type":"way","osm_id":"798876252"}},{"type":"Feature","geometry":{"type":"LineString","coordinates":[[-1.7016,52.53743],[-1.70142,52.53787]]},"properties":{"name":"Church Lane","category":"tertiary","osm_type":"way","osm_id":"800116944"}},{"type":"Feature","geometry":{"type":"LineString","coordinates":[[-1.45997,52.96984],[-1.4591,52.97076]]},"properties":{"name":"Alfreton Road","category":"secondary","osm_type":"way","osm_id":"801961304","ref":"B6179"}},{"type":"Feature","geometry":{"type":"LineString","coordinates":[[-1.4591,52.97076],[-1.45868,52.97196]]},"properties":{"name":"Alfreton Road","category":"secondary","osm_type":"way","osm_id":"801961305","ref":"B6179"}},{"type":"Feature","geometry":{"type":"LineString","coordinates":[[-1.45887,52.97306],[-1.45881,52.97379]]},"properties":{"name":"Alfreton Road","category":"secondary","osm_type":"way","osm_id":"801961306","ref":"B6179"}},{"type":"Feature","geometry":{"type":"LineString","coordinates":[[-1.45868,52.97196],[-1.45887,52.97306]]},"properties":{"name":"Alfreton Road","category":"secondary","osm_type":"way","osm_id":"801961307","ref":"B6179"}},{"type":"Feature","geometry":{"type":"LineString","coordinates":[[-1.44861,52.99663],[-1.44742,52.9973]]},"properties":{"name":"Derby Road","category":"secondary","osm_type":"way","osm_id":"801961308","ref":"B6179"}},{"type":"Feature","geometry":{"type":"LineString","coordinates":[[-1.14865,52.95878],[-1.14862,52.95873]]},"properties":{"name":"York Street","category":"tertiary","osm_type":"way","osm_id":"802015797"}},{"type":"Feature","geometry":{"type":"LineString","coordinates":[[-1.08895,52.88916],[-1.08812,52.88832]]},"properties":{"name":"Station Road","category":"tertiary","osm_type":"way","osm_id":"802621267"}},{"type":"Feature","geometry":{"type":"LineString","coordinates":[[-1.08394,52.89312],[-1.08214,52.89399]]},"properties":{"name":"Cotgrave Road","category":"tertiary","osm_type":"way","osm_id":"802641252"}},{"type":"Feature","geometry":{"type":"LineString","coordinates":[[-1.97178,52.61905],[-1.96864,52.62007]]},"properties":{"name":"Goscote Road","category":"tertiary","osm_type":"way","osm_id":"803710332"}},{"type":"Feature","geometry":{"type":"LineString","coordinates":[[-1.96247,52.62323],[-1.96381,52.62343]]},"properties":{"name":"Vicarage Road","category":"tertiary","osm_type":"way","osm_id":"803720582"}},{"type":"Feature","geometry":{"type":"LineString","coordinates":[[-1.97324,52.61819],[-1.97178,52.61905]]},"properties":{"name":"Goscote Road","category":"tertiary","osm_type":"way","osm_id":"803745539"}},{"type":"Feature","geometry":{"type":"LineString","coordinates":[[-1.9707,52.62089],[-1.97402,52.62251]]},"properties":{"name":"Allens Lane","category":"tertiary","osm_type":"way","osm_id":"803798782"}},{"type":"Feature","geometry":{"type":"LineString","coordinates":[[-1.96864,52.62007],[-1.9707,52.62089]]},"properties":{"name":"Allens Lane","category":"tertiary","osm_type":"way","osm_id":"803798783"}},{"type":"Feature","geometry":{"type":"LineString","coordinates":[[-1.96175,52.623],[-1.96247,52.62323]]},"properties":{"name":"Vicarage Road","category":"tertiary","osm_type":"way","osm_id":"804269498"}},{"type":"Feature","geometry":{"type":"LineString","coordinates":[[-1.0635,52.97599],[-1.06834,52.97414],[-1.07097,52.9722]]},"properties":{"name":"Burton Road","category":"tertiary","osm_type":"way","osm_id":"804376251"}},{"type":"Feature","geometry":{"type":"LineString","coordinates":[[-1.22892,52.98619],[-1.22923,52.9861]]},"properties":{"name":"Mornington Crescent","category":"tertiary","osm_type":"way","osm_id":"805554214"}},{"type":"Feature","geometry":{"type":"LineString","coordinates":[[-1.22931,52.98621],[-1.22892,52.98619]]},"properties":{"name":"Mornington Crescent","category":"tertiary","osm_type":"way","osm_id":"805554215"}},{"type":"Feature","geometry":{"type":"LineString","coordinates":[[-1.22548,52.98499],[-1.22554,52.98541]]},"properties":{"name":"Mornington Crescent","category":"tertiary","osm_type":"way","osm_id":"805557895"}},{"type":"Feature","geometry":{"type":"LineString","coordinates":[[-1.22931,52.98621],[-1.22923,52.9861]]},"properties":{"name":"Mornington Crescent","category":"tertiary","osm_type":"way","osm_id":"806022300"}},{"type":"Feature","geometry":{"type":"LineString","coordinates":[[-1.22923,52.9861],[-1.22955,52.986]]},"properties":{"name":"Mornington Crescent","category":"tertiary","osm_type":"way","osm_id":"806022301"}},{"type":"Feature","geometry":{"type":"LineString","coordinates":[[-1.22795,52.96167],[-1.21986,52.96224],[-1.21492,52.9637]]},"properties":{"name":"Glaisdale Drive East","category":"tertiary","osm_type":"way","osm_id":"806022305"}},{"type":"Feature","geometry":{"type":"LineString","coordinates":[[-1.22561,52.98546],[-1.22835,52.98619]]},"properties":{"name":"Mornington Crescent","category":"tertiary","osm_type":"way","osm_id":"806452626"}},{"type":"Feature","geometry":{"type":"LineString","coordinates":[[-1.22835,52.98619],[-1.22892,52.98619]]},"properties":{"name":"Mornington Crescent","category":"tertiary","osm_type":"way","osm_id":"806452627"}},{"type":"Feature","geometry":{"type":"LineString","coordinates":[[-1.25403,52.99943],[-1.25718,52.99754]]},"properties":{"name":"Newdigate Street","category":"tertiary","osm_type":"way","osm_id":"806899769"}},{"type":"Feature","geometry":{"type":"LineString","coordinates":[[-1.25307,52.99976],[-1.25403,52.99943]]},"properties":{"name":"Newdigate Street","category":"tertiary","osm_type":"way","osm_id":"806899770"}},{"type":"Feature","geometry":{"type":"LineString","coordinates":[[-1.933,52.85461],[-1.93288,52.8546]]},"properties":{"name":"Grindley Lane","category":"tertiary","osm_type":"way","osm_id":"807469202"}},{"type":"Feature","geometry":{"type":"LineString","coordinates":[[-1.93288,52.8546],[-1.93275,52.8546]]},"properties":{"name":"Grindley Lane","category":"tertiary","osm_type":"way","osm_id":"807469203"}},{"type":"Feature","geometry":{"type":"LineString","coordinates":[[-1.54135,52.91491],[-1.53886,52.91486]]},"properties":{"name":"East Avenue","category":"tertiary","osm_type":"way","osm_id":"807817564"}},{"type":"Feature","geometry":{"type":"LineString","coordinates":[[-1.34347,52.69033],[-1.34323,52.69021]]},"properties":{"name":"Stanton Lane","category":"tertiary","osm_type":"way","osm_id":"808023927"}},{"type":"Feature","geometry":{"type":"LineString","coordinates":[[-1.34323,52.69021],[-1.34357,52.69021]]},"properties":{"name":"Stanton Lane","category":"tertiary","osm_type":"way","osm_id":"808023928"}},{"type":"Feature","geometry":{"type":"LineString","coordinates":[[-1.34371,52.69049],[-1.34321,52.69058]]},"properties":{"name":"West Lane","category":"secondary","osm_type":"way","osm_id":"808023933","ref":"B585"}},{"type":"Feature","geometry":{"type":"LineString","coordinates":[[-1.34321,52.69058],[-1.34348,52.69035]]},"properties":{"name":"West Lane","category":"secondary","osm_type":"way","osm_id":"808023934","ref":"B585"}},{"type":"Feature","geometry":{"type":"LineString","coordinates":[[-1.3438,52.69018],[-1.34422,52.69012]]},"properties":{"name":"West Lane","category":"secondary","osm_type":"way","osm_id":"808023935","ref":"B585"}},{"type":"Feature","geometry":{"type":"LineString","coordinates":[[-1.34422,52.69012],[-1.34398,52.69034]]},"properties":{"name":"West Lane","category":"secondary","osm_type":"way","osm_id":"808023936","ref":"B585"}},{"type":"Feature","geometry":{"type":"LineString","coordinates":[[-1.3438,52.69018],[-1.34398,52.69034]]},"properties":{"name":"Secondary and tertiary roads","category":"secondary","osm_type":"way","osm_id":"808023938"}},{"type":"Feature","geometry":{"type":"LineString","coordinates":[[-1.34422,52.69012],[-1.34998,52.68943]]},"properties":{"name":"West Lane","category":"secondary","osm_type":"way","osm_id":"808023939","ref":"B585"}},{"type":"Feature","geometry":{"type":"LineString","coordinates":[[-1.37121,52.71353],[-1.37097,52.71353]]},"properties":{"name":"Secondary and tertiary roads","category":"tertiary_link","osm_type":"way","osm_id":"808056066"}},{"type":"Feature","geometry":{"type":"LineString","coordinates":[[-1.18456,52.82719],[-1.18467,52.82722]]},"properties":{"name":"Secondary and tertiary roads","category":"tertiary","osm_type":"way","osm_id":"808577914"}},{"type":"Feature","geometry":{"type":"LineString","coordinates":[[-1.18441,52.82728],[-1.18456,52.82719]]},"properties":{"name":"Secondary and tertiary roads","category":"tertiary","osm_type":"way","osm_id":"808577915"}},{"type":"Feature","geometry":{"type":"LineString","coordinates":[[-1.18468,52.82723],[-1.18501,52.82722]]},"properties":{"name":"Woodgate Road","category":"tertiary","osm_type":"way","osm_id":"808577943"}},{"type":"Feature","geometry":{"type":"LineString","coordinates":[[-1.18501,52.82722],[-1.18467,52.82732]]},"properties":{"name":"Woodgate Road","category":"tertiary","osm_type":"way","osm_id":"808577945"}},{"type":"Feature","geometry":{"type":"LineString","coordinates":[[-1.18467,52.82722],[-1.18461,52.82735]]},"properties":{"name":"Secondary and tertiary roads","category":"tertiary","osm_type":"way","osm_id":"808577946"}},{"type":"Feature","geometry":{"type":"LineString","coordinates":[[-1.18433,52.82755],[-1.18441,52.82728]]},"properties":{"name":"Brookside","category":"tertiary","osm_type":"way","osm_id":"808577948"}},{"type":"Feature","geometry":{"type":"LineString","coordinates":[[-1.18461,52.82735],[-1.18433,52.82755]]},"properties":{"name":"Brookside","category":"tertiary","osm_type":"way","osm_id":"808577949"}},{"type":"Feature","geometry":{"type":"LineString","coordinates":[[-1.18461,52.82735],[-1.18441,52.82728]]},"properties":{"name":"Secondary and tertiary roads","category":"tertiary","osm_type":"way","osm_id":"808577950"}},{"type":"Feature","geometry":{"type":"LineString","coordinates":[[-1.40428,52.68477],[-1.40458,52.68498]]},"properties":{"name":"Station Road","category":"tertiary","osm_type":"way","osm_id":"809562570"}},{"type":"Feature","geometry":{"type":"LineString","coordinates":[[-1.49907,52.53557],[-1.49881,52.53536]]},"properties":{"name":"Mancetter Road","category":"secondary","osm_type":"way","osm_id":"810423433","ref":"B4111"}},{"type":"Feature","geometry":{"type":"LineString","coordinates":[[-1.17561,52.97975],[-1.17675,52.97989]]},"properties":{"name":"Church Street","category":"tertiary","osm_type":"way","osm_id":"810729695"}},{"type":"Feature","geometry":{"type":"LineString","coordinates":[[-1.15988,52.91877],[-1.15986,52.91825]]},"properties":{"name":"Ruddington Lane","category":"secondary","osm_type":"way","osm_id":"812578532","ref":"B680"}},{"type":"Feature","geometry":{"type":"LineString","coordinates":[[-1.15989,52.91894],[-1.15988,52.91877]]},"properties":{"name":"Ruddington Lane","category":"secondary","osm_type":"way","osm_id":"812578533","ref":"B680"}},{"type":"Feature","geometry":{"type":"LineString","coordinates":[[-1.12537,52.93066],[-1.12537,52.9295]]},"properties":{"name":"Gordon Road","category":"tertiary","osm_type":"way","osm_id":"812915994"}},{"type":"Feature","geometry":{"type":"LineString","coordinates":[[-1.12381,52.92792],[-1.12371,52.92773]]},"properties":{"name":"Gordon Road","category":"tertiary","osm_type":"way","osm_id":"812915995"}},{"type":"Feature","geometry":{"type":"LineString","coordinates":[[-1.13938,52.93985],[-1.13956,52.93994]]},"properties":{"name":"Meadows Way","category":"tertiary","osm_type":"way","osm_id":"815820515"}},{"type":"Feature","geometry":{"type":"LineString","coordinates":[[-1.11277,52.93123],[-1.11267,52.93133]]},"properties":{"name":"Davies Road","category":"tertiary","osm_type":"way","osm_id":"815842473"}},{"type":"Feature","geometry":{"type":"LineString","coordinates":[[-1.13576,52.95479],[-1.13564,52.95486]]},"properties":{"name":"Carlton Road","category":"secondary","osm_type":"way","osm_id":"816763984","ref":"B686"}},{"type":"Feature","geometry":{"type":"LineString","coordinates":[[-1.13632,52.9543],[-1.13576,52.95479]]},"properties":{"name":"Carlton Road","category":"secondary","osm_type":"way","osm_id":"816763985","ref":"B686"}},{"type":"Feature","geometry":{"type":"LineString","coordinates":[[-1.1346,52.95535],[-1.13366,52.9557]]},"properties":{"name":"Carlton Road","category":"secondary","osm_type":"way","osm_id":"816764098","ref":"B686"}},{"type":"Feature","geometry":{"type":"LineString","coordinates":[[-1.13564,52.95486],[-1.1346,52.95535]]},"properties":{"name":"Carlton Road","category":"secondary","osm_type":"way","osm_id":"816956323","ref":"B686"}},{"type":"Feature","geometry":{"type":"LineString","coordinates":[[-1.13366,52.9557],[-1.13215,52.95629]]},"properties":{"name":"Carlton Road","category":"secondary","osm_type":"way","osm_id":"816957001","ref":"B686"}},{"type":"Feature","geometry":{"type":"LineString","coordinates":[[-1.13215,52.95629],[-1.12988,52.95719]]},"properties":{"name":"Carlton Road","category":"secondary","osm_type":"way","osm_id":"816957002","ref":"B686"}},{"type":"Feature","geometry":{"type":"LineString","coordinates":[[-1.12858,52.95769],[-1.12817,52.95784]]},"properties":{"name":"Carlton Road","category":"secondary","osm_type":"way","osm_id":"816959757","ref":"B686"}},{"type":"Feature","geometry":{"type":"LineString","coordinates":[[-1.12183,52.96107],[-1.1215,52.96129]]},"properties":{"name":"Carlton Road","category":"secondary","osm_type":"way","osm_id":"816959758","ref":"B686"}},{"type":"Feature","geometry":{"type":"LineString","coordinates":[[-1.12601,52.95866],[-1.12399,52.95961]]},"properties":{"name":"Carlton Road","category":"secondary","osm_type":"way","osm_id":"816959759","ref":"B686"}},{"type":"Feature","geometry":{"type":"LineString","coordinates":[[-1.12659,52.95845],[-1.12601,52.95866]]},"properties":{"name":"Carlton Road","category":"secondary","osm_type":"way","osm_id":"816959760","ref":"B686"}},{"type":"Feature","geometry":{"type":"LineString","coordinates":[[-1.12938,52.95738],[-1.12928,52.95742]]},"properties":{"name":"Carlton Road","category":"secondary","osm_type":"way","osm_id":"816959761","ref":"B686"}},{"type":"Feature","geometry":{"type":"LineString","coordinates":[[-1.12725,52.9582],[-1.12687,52.95834]]},"properties":{"name":"Carlton Road","category":"secondary","osm_type":"way","osm_id":"816959762","ref":"B686"}},{"type":"Feature","geometry":{"type":"LineString","coordinates":[[-1.12399,52.95961],[-1.12385,52.95971]]},"properties":{"name":"Carlton Road","category":"secondary","osm_type":"way","osm_id":"816959763","ref":"B686"}},{"type":"Feature","geometry":{"type":"LineString","coordinates":[[-1.12928,52.95742],[-1.12922,52.95744]]},"properties":{"name":"Carlton Road","category":"secondary","osm_type":"way","osm_id":"816959764","ref":"B686"}},{"type":"Feature","geometry":{"type":"LineString","coordinates":[[-1.12107,52.9616],[-1.12038,52.96203]]},"properties":{"name":"Carlton Road","category":"secondary","osm_type":"way","osm_id":"816959765","ref":"B686"}},{"type":"Feature","geometry":{"type":"LineString","coordinates":[[-1.12223,52.9608],[-1.12191,52.96102]]},"properties":{"name":"Carlton Road","category":"secondary","osm_type":"way","osm_id":"816959766","ref":"B686"}},{"type":"Feature","geometry":{"type":"LineString","coordinates":[[-1.12385,52.95971],[-1.12223,52.9608]]},"properties":{"name":"Carlton Road","category":"secondary","osm_type":"way","osm_id":"816959767","ref":"B686"}},{"type":"Feature","geometry":{"type":"LineString","coordinates":[[-1.12817,52.95784],[-1.12767,52.95804]]},"properties":{"name":"Carlton Road","category":"secondary","osm_type":"way","osm_id":"816959768","ref":"B686"}},{"type":"Feature","geometry":{"type":"LineString","coordinates":[[-1.11914,52.96285],[-1.11654,52.96435]]},"properties":{"name":"Carlton Road","category":"secondary","osm_type":"way","osm_id":"816960798","ref":"B686"}},{"type":"Feature","geometry":{"type":"LineString","coordinates":[[-1.11602,52.96459],[-1.11538,52.96481]]},"properties":{"name":"Carlton Road","category":"secondary","osm_type":"way","osm_id":"816960799","ref":"B686"}},{"type":"Feature","geometry":{"type":"LineString","coordinates":[[-1.1148,52.95918],[-1.11477,52.9592]]},"properties":{"name":"Sneinton Dale","category":"tertiary","osm_type":"way","osm_id":"816964047"}},{"type":"Feature","geometry":{"type":"LineString","coordinates":[[-1.11654,52.96435],[-1.11602,52.96459]]},"properties":{"name":"Carlton Road","category":"secondary","osm_type":"way","osm_id":"816964048","ref":"B686"}},{"type":"Feature","geometry":{"type":"LineString","coordinates":[[-1.12016,52.96226],[-1.12021,52.9626]]},"properties":{"name":"Porchester Road","category":"tertiary","osm_type":"way","osm_id":"816964049"}},{"type":"Feature","geometry":{"type":"LineString","coordinates":[[-1.11503,52.95961],[-1.1148,52.95935]]},"properties":{"name":"Cardale Road","category":"tertiary","osm_type":"way","osm_id":"816964054"}},{"type":"Feature","geometry":{"type":"LineString","coordinates":[[-1.11961,52.96205],[-1.12006,52.96219]]},"properties":{"name":"Cardale Road","category":"tertiary","osm_type":"way","osm_id":"816964057"}},{"type":"Feature","geometry":{"type":"LineString","coordinates":[[-1.12021,52.9626],[-1.11994,52.96227]]},"properties":{"name":"Porchester Road","category":"tertiary","osm_type":"way","osm_id":"816964058"}},{"type":"Feature","geometry":{"type":"LineString","coordinates":[[-1.11961,52.96205],[-1.11686,52.96115],[-1.11503,52.95961]]},"properties":{"name":"Cardale Road","category":"tertiary","osm_type":"way","osm_id":"816964061"}},{"type":"Feature","geometry":{"type":"LineString","coordinates":[[-1.11994,52.96227],[-1.12038,52.96203]]},"properties":{"name":"Carlton Road","category":"secondary","osm_type":"way","osm_id":"816964754","ref":"B686"}},{"type":"Feature","geometry":{"type":"LineString","coordinates":[[-1.12011,52.9625],[-1.11982,52.96246]]},"properties":{"name":"Porchester Road","category":"tertiary","osm_type":"way","osm_id":"816964755"}},{"type":"Feature","geometry":{"type":"LineString","coordinates":[[-1.12016,52.96226],[-1.1196,52.96255]]},"properties":{"name":"Carlton Road","category":"secondary","osm_type":"way","osm_id":"816964756","ref":"B686"}},{"type":"Feature","geometry":{"type":"LineString","coordinates":[[-1.1196,52.96255],[-1.11914,52.96285]]},"properties":{"name":"Carlton Road","category":"secondary","osm_type":"way","osm_id":"816964757","ref":"B686"}},{"type":"Feature","geometry":{"type":"LineString","coordinates":[[-1.1199,52.96913],[-1.11987,52.96924]]},"properties":{"name":"Porchester Road","category":"tertiary","osm_type":"way","osm_id":"816966838"}},{"type":"Feature","geometry":{"type":"LineString","coordinates":[[-1.12006,52.9686],[-1.11997,52.96893]]},"properties":{"name":"Porchester Road","category":"tertiary","osm_type":"way","osm_id":"816966839"}},{"type":"Feature","geometry":{"type":"LineString","coordinates":[[-1.12069,52.96604],[-1.12068,52.96619]]},"properties":{"name":"Porchester Road","category":"tertiary","osm_type":"way","osm_id":"816966840"}},{"type":"Feature","geometry":{"type":"LineString","coordinates":[[-1.11993,52.97021],[-1.11994,52.97103]]},"properties":{"name":"Porchester Road","category":"tertiary","osm_type":"way","osm_id":"816966841"}},{"type":"Feature","geometry":{"type":"LineString","coordinates":[[-1.11989,52.96975],[-1.11986,52.96962]]},"properties":{"name":"Porchester Road","category":"tertiary","osm_type":"way","osm_id":"816966842"}},{"type":"Feature","geometry":{"type":"LineString","coordinates":[[-1.12032,52.96328],[-1.12035,52.96352]]},"properties":{"name":"Porchester Road","category":"tertiary","osm_type":"way","osm_id":"816966843"}},{"type":"Feature","geometry":{"type":"LineString","coordinates":[[-1.11989,52.96975],[-1.11991,52.97005]]},"properties":{"name":"Porchester Road","category":"tertiary","osm_type":"way","osm_id":"816966844"}},{"type":"Feature","geometry":{"type":"LineString","coordinates":[[-1.1206,52.96514],[-1.12069,52.96601]]},"properties":{"name":"Porchester Road","category":"tertiary","osm_type":"way","osm_id":"816966845"}},{"type":"Feature","geometry":{"type":"LineString","coordinates":[[-1.12077,52.97421],[-1.12069,52.97412]]},"properties":{"name":"Porchester Road","category":"tertiary","osm_type":"way","osm_id":"816966846"}},{"type":"Feature","geometry":{"type":"LineString","coordinates":[[-1.11987,52.96924],[-1.11986,52.96962]]},"properties":{"name":"Porchester Road","category":"tertiary","osm_type":"way","osm_id":"816966847"}},{"type":"Feature","geometry":{"type":"LineString","coordinates":[[-1.11991,52.97005],[-1.11993,52.97021]]},"properties":{"name":"Porchester Road","category":"tertiary","osm_type":"way","osm_id":"816966848"}},{"type":"Feature","geometry":{"type":"LineString","coordinates":[[-1.12067,52.96625],[-1.12062,52.96641]]},"properties":{"name":"Porchester Road","category":"tertiary","osm_type":"way","osm_id":"816966849"}},{"type":"Feature","geometry":{"type":"LineString","coordinates":[[-1.11994,52.97103],[-1.11995,52.97114]]},"properties":{"name":"Porchester Road","category":"tertiary","osm_type":"way","osm_id":"816966850"}},{"type":"Feature","geometry":{"type":"LineString","coordinates":[[-1.12038,52.96725],[-1.12021,52.96797]]},"properties":{"name":"Porchester Road","category":"tertiary","osm_type":"way","osm_id":"816966851"}},{"type":"Feature","geometry":{"type":"LineString","coordinates":[[-1.14211,52.95778],[-1.14184,52.95835]]},"properties":{"name":"St Ann's Well Road","category":"tertiary","osm_type":"way","osm_id":"817208725"}},{"type":"Feature","geometry":{"type":"LineString","coordinates":[[-1.14184,52.95835],[-1.1418,52.95841]]},"properties":{"name":"St Ann's Well Road","category":"tertiary","osm_type":"way","osm_id":"817208726"}},{"type":"Feature","geometry":{"type":"LineString","coordinates":[[-1.1417,52.95854],[-1.14138,52.95905]]},"properties":{"name":"St Ann's Well Road","category":"tertiary","osm_type":"way","osm_id":"817208728"}},{"type":"Feature","geometry":{"type":"LineString","coordinates":[[-1.14216,52.95766],[-1.14211,52.95778]]},"properties":{"name":"St Ann's Well Road","category":"tertiary","osm_type":"way","osm_id":"817208729"}},{"type":"Feature","geometry":{"type":"LineString","coordinates":[[-1.44213,52.90179],[-1.44239,52.90332]]},"properties":{"name":"Brighton Road","category":"tertiary","osm_type":"way","osm_id":"817982703"}},{"type":"Feature","geometry":{"type":"LineString","coordinates":[[-1.31229,52.82458],[-1.31227,52.82502]]},"properties":{"name":"Beverley Road","category":"tertiary","osm_type":"way","osm_id":"820226121"}},{"type":"Feature","geometry":{"type":"LineString","coordinates":[[-1.3121,52.82548],[-1.3121,52.82517]]},"properties":{"name":"Beverley Road","category":"tertiary","osm_type":"way","osm_id":"820226122"}},{"type":"Feature","geometry":{"type":"LineString","coordinates":[[-1.3121,52.82548],[-1.31237,52.82544]]},"properties":{"name":"Beverley Road","category":"tertiary","osm_type":"way","osm_id":"820226123"}},{"type":"Feature","geometry":{"type":"LineString","coordinates":[[-1.32533,52.82561],[-1.32516,52.82557]]},"properties":{"name":"Secondary and tertiary roads","category":"tertiary","osm_type":"way","osm_id":"820226124"}},{"type":"Feature","geometry":{"type":"LineString","coordinates":[[-1.64938,52.82058],[-1.64845,52.82218]]},"properties":{"name":"Calais Road","category":"tertiary","osm_type":"way","osm_id":"820226125"}},{"type":"Feature","geometry":{"type":"LineString","coordinates":[[-1.72149,52.74739],[-1.721,52.74731]]},"properties":{"name":"Secondary and tertiary roads","category":"tertiary","osm_type":"way","osm_id":"820425612"}},{"type":"Feature","geometry":{"type":"LineString","coordinates":[[-1.70159,52.7632],[-1.70161,52.76311]]},"properties":{"name":"Secondary and tertiary roads","category":"secondary","osm_type":"way","osm_id":"820425614"}},{"type":"Feature","geometry":{"type":"LineString","coordinates":[[-1.69981,52.76047],[-1.69953,52.76065]]},"properties":{"name":"Secondary and tertiary roads","category":"secondary","osm_type":"way","osm_id":"820425618"}},{"type":"Feature","geometry":{"type":"LineString","coordinates":[[-1.69933,52.76065],[-1.69908,52.76049]]},"properties":{"name":"Secondary and tertiary roads","category":"secondary","osm_type":"way","osm_id":"820425619"}},{"type":"Feature","geometry":{"type":"LineString","coordinates":[[-1.69821,52.76113],[-1.69847,52.76116]]},"properties":{"name":"Secondary and tertiary roads","category":"secondary","osm_type":"way","osm_id":"820425620"}},{"type":"Feature","geometry":{"type":"LineString","coordinates":[[-1.69851,52.76123],[-1.69838,52.76134]]},"properties":{"name":"Secondary and tertiary roads","category":"secondary","osm_type":"way","osm_id":"820425621"}},{"type":"Feature","geometry":{"type":"LineString","coordinates":[[-1.70161,52.76311],[-1.7018,52.76304]]},"properties":{"name":"Secondary and tertiary roads","category":"secondary","osm_type":"way","osm_id":"820425622"}},{"type":"Feature","geometry":{"type":"LineString","coordinates":[[-1.82643,52.6923],[-1.82718,52.69473]]},"properties":{"name":"Curborough Road","category":"tertiary","osm_type":"way","osm_id":"820462267"}},{"type":"Feature","geometry":{"type":"LineString","coordinates":[[-1.82718,52.69473],[-1.82819,52.69708]]},"properties":{"name":"Curborough Road","category":"tertiary","osm_type":"way","osm_id":"820462268"}},{"type":"Feature","geometry":{"type":"LineString","coordinates":[[-1.83101,52.68128],[-1.83088,52.68135]]},"properties":{"name":"Secondary and tertiary roads","category":"tertiary","osm_type":"way","osm_id":"820462270"}},{"type":"Feature","geometry":{"type":"LineString","coordinates":[[-1.83088,52.68135],[-1.83072,52.68133]]},"properties":{"name":"Secondary and tertiary roads","category":"tertiary","osm_type":"way","osm_id":"820462271"}},{"type":"Feature","geometry":{"type":"LineString","coordinates":[[-1.83107,52.68143],[-1.83088,52.68135]]},"properties":{"name":"Swan Road","category":"tertiary","osm_type":"way","osm_id":"820462272"}},{"type":"Feature","geometry":{"type":"LineString","coordinates":[[-1.8431,52.68975],[-1.8402,52.68876]]},"properties":{"name":"Beacon Street","category":"tertiary","osm_type":"way","osm_id":"820462273"}},{"type":"Feature","geometry":{"type":"LineString","coordinates":[[-1.82819,52.69708],[-1.82977,52.70015]]},"properties":{"name":"Curborough Road","category":"tertiary","osm_type":"way","osm_id":"820462276"}},{"type":"Feature","geometry":{"type":"LineString","coordinates":[[-1.81929,52.69475],[-1.81813,52.69521]]},"properties":{"name":"Netherstowe","category":"tertiary","osm_type":"way","osm_id":"820462280"}},{"type":"Feature","geometry":{"type":"LineString","coordinates":[[-1.82073,52.68391],[-1.81969,52.68402]]},"properties":{"name":"Church Street","category":"tertiary","osm_type":"way","osm_id":"820462286"}},{"type":"Feature","geometry":{"type":"LineString","coordinates":[[-1.46006,52.8842],[-1.46009,52.88426]]},"properties":{"name":"Wilmore Road","category":"tertiary","osm_type":"way","osm_id":"821785472"}},{"type":"Feature","geometry":{"type":"LineString","coordinates":[[-1.50399,52.9649],[-1.50432,52.96458]]},"properties":{"name":"Church Road","category":"tertiary","osm_type":"way","osm_id":"821905347"}},{"type":"Feature","geometry":{"type":"LineString","coordinates":[[-1.50432,52.96458],[-1.50534,52.96301]]},"properties":{"name":"Church Road","category":"tertiary","osm_type":"way","osm_id":"821905348"}},{"type":"Feature","geometry":{"type":"LineString","coordinates":[[-1.32703,52.82502],[-1.32551,52.82536]]},"properties":{"name":"Viscount Road","category":"tertiary","osm_type":"way","osm_id":"822328809"}},{"type":"Feature","geometry":{"type":"LineString","coordinates":[[-1.41516,52.82974],[-1.41481,52.82981]]},"properties":{"name":"Melbourne Road","category":"tertiary","osm_type":"way","osm_id":"825032122"}},{"type":"Feature","geometry":{"type":"LineString","coordinates":[[-1.41481,52.82981],[-1.41462,52.82984]]},"properties":{"name":"Melbourne Road","category":"tertiary","osm_type":"way","osm_id":"825032123"}},{"type":"Feature","geometry":{"type":"LineString","coordinates":[[-1.49825,52.93446],[-1.49787,52.93423]]},"properties":{"name":"Kedleston Road","category":"tertiary","osm_type":"way","osm_id":"825816808"}},{"type":"Feature","geometry":{"type":"LineString","coordinates":[[-1.49787,52.93423],[-1.49742,52.93401]]},"properties":{"name":"Kedleston Road","category":"tertiary","osm_type":"way","osm_id":"825816811"}},{"type":"Feature","geometry":{"type":"LineString","coordinates":[[-1.46722,52.51116],[-1.46739,52.51094]]},"properties":{"name":"Coventry Road","category":"secondary","osm_type":"way","osm_id":"827129886","ref":"B4113"}},{"type":"Feature","geometry":{"type":"LineString","coordinates":[[-1.27259,52.94124],[-1.27791,52.94019]]},"properties":{"name":"Moorbridge Lane","category":"tertiary","osm_type":"way","osm_id":"827157346"}},{"type":"Feature","geometry":{"type":"LineString","coordinates":[[-1.68199,52.69627],[-1.68201,52.69662]]},"properties":{"name":"Secondary and tertiary roads","category":"tertiary","osm_type":"way","osm_id":"827432244"}},{"type":"Feature","geometry":{"type":"LineString","coordinates":[[-1.6833,52.69772],[-1.68323,52.69781]]},"properties":{"name":"Secondary and tertiary roads","category":"tertiary","osm_type":"way","osm_id":"827432248"}},{"type":"Feature","geometry":{"type":"LineString","coordinates":[[-1.68334,52.69764],[-1.6833,52.69772]]},"properties":{"name":"Secondary and tertiary roads","category":"tertiary","osm_type":"way","osm_id":"827432249"}},{"type":"Feature","geometry":{"type":"LineString","coordinates":[[-1.70238,52.6904],[-1.70417,52.69]]},"properties":{"name":"Haselour Lane","category":"tertiary","osm_type":"way","osm_id":"827432252"}},{"type":"Feature","geometry":{"type":"LineString","coordinates":[[-1.99003,52.57875],[-1.99097,52.57904]]},"properties":{"name":"Corporation Street West","category":"tertiary","osm_type":"way","osm_id":"828160865"}},{"type":"Feature","geometry":{"type":"LineString","coordinates":[[-1.144,52.63185],[-1.14441,52.632]]},"properties":{"name":"Western Boulevard","category":"tertiary","osm_type":"way","osm_id":"828258659"}},{"type":"Feature","geometry":{"type":"LineString","coordinates":[[-1.26886,52.92531],[-1.2707,52.92619]]},"properties":{"name":"Toton Lane","category":"secondary","osm_type":"way","osm_id":"828600727","ref":"B6003"}},{"type":"Feature","geometry":{"type":"LineString","coordinates":[[-1.97769,52.58463],[-1.9772,52.58449]]},"properties":{"name":"Bridge Street","category":"tertiary","osm_type":"way","osm_id":"828855364"}},{"type":"Feature","geometry":{"type":"LineString","coordinates":[[-1.97543,52.58328],[-1.97521,52.58292]]},"properties":{"name":"Ablewell Street","category":"tertiary","osm_type":"way","osm_id":"829909316"}},{"type":"Feature","geometry":{"type":"LineString","coordinates":[[-1.97746,52.58325],[-1.97704,52.58366]]},"properties":{"name":"Upper Rushall Street","category":"tertiary","osm_type":"way","osm_id":"829909327"}},{"type":"Feature","geometry":{"type":"LineString","coordinates":[[-1.99439,52.58463],[-1.99405,52.58421]]},"properties":{"name":"Secondary and tertiary roads","category":"tertiary","osm_type":"way","osm_id":"830166296"}},{"type":"Feature","geometry":{"type":"LineString","coordinates":[[-1.47678,52.91948],[-1.47809,52.91979]]},"properties":{"name":"Gower Street","category":"tertiary","osm_type":"way","osm_id":"830717355"}},{"type":"Feature","geometry":{"type":"LineString","coordinates":[[-1.84436,52.69008],[-1.8431,52.68975]]},"properties":{"name":"Beacon Street","category":"tertiary","osm_type":"way","osm_id":"830774231"}},{"type":"Feature","geometry":{"type":"LineString","coordinates":[[-1.52728,52.89665],[-1.52711,52.89657]]},"properties":{"name":"Callow Hill Way","category":"tertiary","osm_type":"way","osm_id":"830794187"}},{"type":"Feature","geometry":{"type":"LineString","coordinates":[[-1.52876,52.89639],[-1.52848,52.89657]]},"properties":{"name":"Rykneld Road","category":"tertiary","osm_type":"way","osm_id":"830794188"}},{"type":"Feature","geometry":{"type":"LineString","coordinates":[[-1.59658,52.80696],[-1.59853,52.80734]]},"properties":{"name":"Hawfield Lane","category":"tertiary","osm_type":"way","osm_id":"830794190"}},{"type":"Feature","geometry":{"type":"LineString","coordinates":[[-1.97631,52.58445],[-1.97616,52.5841]]},"properties":{"name":"Lower Rushall Street","category":"tertiary","osm_type":"way","osm_id":"830830787"}},{"type":"Feature","geometry":{"type":"LineString","coordinates":[[-1.53631,52.9127],[-1.53602,52.91271]]},"properties":{"name":"Darwin Road","category":"tertiary","osm_type":"way","osm_id":"830838522"}},{"type":"Feature","geometry":{"type":"LineString","coordinates":[[-1.53226,52.9153],[-1.53156,52.91453]]},"properties":{"name":"Brisbane Road","category":"tertiary","osm_type":"way","osm_id":"830838524"}},{"type":"Feature","geometry":{"type":"LineString","coordinates":[[-1.53632,52.91668],[-1.53416,52.9164],[-1.53226,52.9153]]},"properties":{"name":"Brisbane Road","category":"tertiary","osm_type":"way","osm_id":"830838525"}},{"type":"Feature","geometry":{"type":"LineString","coordinates":[[-1.53694,52.9127],[-1.53631,52.9127]]},"properties":{"name":"Darwin Road","category":"tertiary","osm_type":"way","osm_id":"830838526"}},{"type":"Feature","geometry":{"type":"LineString","coordinates":[[-1.5169,52.92907],[-1.51625,52.92941]]},"properties":{"name":"Prince Charles Avenue","category":"tertiary","osm_type":"way","osm_id":"831408645"}},{"type":"Feature","geometry":{"type":"LineString","coordinates":[[-1.51841,52.92852],[-1.5169,52.92907]]},"properties":{"name":"Prince Charles Avenue","category":"tertiary","osm_type":"way","osm_id":"831408648"}},{"type":"Feature","geometry":{"type":"LineString","coordinates":[[-1.62565,52.81754],[-1.62555,52.81904]]},"properties":{"name":"Hawkins Lane","category":"secondary","osm_type":"way","osm_id":"831769165","ref":"B5018"}},{"type":"Feature","geometry":{"type":"LineString","coordinates":[[-1.62506,52.8128],[-1.62577,52.81315]]},"properties":{"name":"Wharf Road","category":"tertiary","osm_type":"way","osm_id":"831769167"}},{"type":"Feature","geometry":{"type":"LineString","coordinates":[[-1.62388,52.78848],[-1.62326,52.78935]]},"properties":{"name":"Rosliston Road","category":"tertiary","osm_type":"way","osm_id":"831769169"}},{"type":"Feature","geometry":{"type":"LineString","coordinates":[[-1.84765,52.95911],[-1.84779,52.95897]]},"properties":{"name":"Secondary and tertiary roads","category":"secondary","osm_type":"way","osm_id":"831857900"}},{"type":"Feature","geometry":{"type":"LineString","coordinates":[[-1.08935,52.98572],[-1.08995,52.98511]]},"properties":{"name":"Waldrom Road","category":"tertiary","osm_type":"way","osm_id":"832564121"}},{"type":"Feature","geometry":{"type":"LineString","coordinates":[[-1.31956,52.56647],[-1.31952,52.56683]]},"properties":{"name":"Wilkinson Lane","category":"tertiary","osm_type":"way","osm_id":"832667046"}},{"type":"Feature","geometry":{"type":"LineString","coordinates":[[-1.4944,52.87827],[-1.49429,52.87827]]},"properties":{"name":"Arleston Lane","category":"tertiary","osm_type":"way","osm_id":"832677895"}},{"type":"Feature","geometry":{"type":"LineString","coordinates":[[-1.43951,52.87018],[-1.43997,52.87004]]},"properties":{"name":"Parkway","category":"tertiary","osm_type":"way","osm_id":"832977203"}},{"type":"Feature","geometry":{"type":"LineString","coordinates":[[-1.83488,52.76947],[-1.83488,52.76927]]},"properties":{"name":"Secondary and tertiary roads","category":"tertiary","osm_type":"way","osm_id":"833138540"}},{"type":"Feature","geometry":{"type":"LineString","coordinates":[[-1.43737,52.8987],[-1.4372,52.89896]]},"properties":{"name":"Warren Street","category":"tertiary","osm_type":"way","osm_id":"833250081"}},{"type":"Feature","geometry":{"type":"LineString","coordinates":[[-1.43691,52.8994],[-1.43605,52.90059]]},"properties":{"name":"Warren Street","category":"tertiary","osm_type":"way","osm_id":"833250082"}},{"type":"Feature","geometry":{"type":"LineString","coordinates":[[-1.98263,52.57665],[-1.98309,52.57641]]},"properties":{"name":"Caldmore Green","category":"tertiary","osm_type":"way","osm_id":"833352476"}},{"type":"Feature","geometry":{"type":"LineString","coordinates":[[-1.98465,52.58673],[-1.98452,52.5866]]},"properties":{"name":"Wisemore","category":"tertiary","osm_type":"way","osm_id":"833433397"}},{"type":"Feature","geometry":{"type":"LineString","coordinates":[[-1.98202,52.58621],[-1.98109,52.58686]]},"properties":{"name":"Hatherton Road","category":"tertiary","osm_type":"way","osm_id":"833508841"}},{"type":"Feature","geometry":{"type":"LineString","coordinates":[[-1.47734,52.91127],[-1.47777,52.9106]]},"properties":{"name":"Normanton Road","category":"tertiary","osm_type":"way","osm_id":"833564278"}},{"type":"Feature","geometry":{"type":"LineString","coordinates":[[-1.4263,52.94696],[-1.42452,52.94686]]},"properties":{"name":"Springwood Drive","category":"tertiary","osm_type":"way","osm_id":"833575294"}},{"type":"Feature","geometry":{"type":"LineString","coordinates":[[-1.26428,52.91812],[-1.26424,52.918]]},"properties":{"name":"Toton Lane","category":"secondary","osm_type":"way","osm_id":"833596570","ref":"B6003"}},{"type":"Feature","geometry":{"type":"LineString","coordinates":[[-1.26415,52.91719],[-1.26447,52.91798]]},"properties":{"name":"Toton Lane","category":"secondary","osm_type":"way","osm_id":"833596571","ref":"B6003"}},{"type":"Feature","geometry":{"type":"LineString","coordinates":[[-1.18036,52.59951],[-1.18114,52.59961]]},"properties":{"name":"Fosse Park Avenue","category":"tertiary","osm_type":"way","osm_id":"833676711"}},{"type":"Feature","geometry":{"type":"LineString","coordinates":[[-1.47221,52.93008],[-1.47202,52.93012]]},"properties":{"name":"Secondary and tertiary roads","category":"tertiary","osm_type":"way","osm_id":"834279519"}},{"type":"Feature","geometry":{"type":"LineString","coordinates":[[-1.47222,52.9299],[-1.47221,52.93008]]},"properties":{"name":"Secondary and tertiary roads","category":"tertiary","osm_type":"way","osm_id":"834279520"}},{"type":"Feature","geometry":{"type":"LineString","coordinates":[[-1.47494,52.92322],[-1.47484,52.92305]]},"properties":{"name":"Corporation Street","category":"tertiary","osm_type":"way","osm_id":"834798124"}},{"type":"Feature","geometry":{"type":"LineString","coordinates":[[-1.97733,52.58733],[-1.97824,52.58646]]},"properties":{"name":"Lichfield Street","category":"tertiary","osm_type":"way","osm_id":"835213712"}},{"type":"Feature","geometry":{"type":"LineString","coordinates":[[-1.8966,52.98205],[-1.89493,52.98119],[-1.89455,52.98046]]},"properties":{"name":"Farley Lane","category":"tertiary","osm_type":"way","osm_id":"835238179"}},{"type":"Feature","geometry":{"type":"LineString","coordinates":[[-1.89484,52.99303],[-1.89533,52.99262]]},"properties":{"name":"Farley Lane","category":"tertiary","osm_type":"way","osm_id":"835238551"}},{"type":"Feature","geometry":{"type":"LineString","coordinates":[[-1.1509,52.94945],[-1.15072,52.94957]]},"properties":{"name":"Maid Marian Way","category":"tertiary","osm_type":"way","osm_id":"835478863"}},{"type":"Feature","geometry":{"type":"LineString","coordinates":[[-1.14607,52.94933],[-1.14622,52.9496]]},"properties":{"name":"Middle Hill","category":"tertiary","osm_type":"way","osm_id":"835482668"}},{"type":"Feature","geometry":{"type":"LineString","coordinates":[[-1.1459,52.94896],[-1.14607,52.94933]]},"properties":{"name":"Middle Hill","category":"tertiary","osm_type":"way","osm_id":"835482670"}},{"type":"Feature","geometry":{"type":"LineString","coordinates":[[-1.14156,52.9498],[-1.14119,52.94995]]},"properties":{"name":"Canal Street","category":"tertiary","osm_type":"way","osm_id":"835482672"}},{"type":"Feature","geometry":{"type":"LineString","coordinates":[[-1.14086,52.94972],[-1.14156,52.9498]]},"properties":{"name":"Canal Street","category":"tertiary","osm_type":"way","osm_id":"835482673"}},{"type":"Feature","geometry":{"type":"LineString","coordinates":[[-1.15019,52.94955],[-1.1499,52.94935]]},"properties":{"name":"Maid Marian Way","category":"tertiary","osm_type":"way","osm_id":"835486557"}},{"type":"Feature","geometry":{"type":"LineString","coordinates":[[-1.14569,52.94896],[-1.14553,52.94899]]},"properties":{"name":"Canal Street","category":"tertiary","osm_type":"way","osm_id":"835543162"}},{"type":"Feature","geometry":{"type":"LineString","coordinates":[[-1.61,52.81505],[-1.61027,52.81471]]},"properties":{"name":"Newton Road","category":"secondary","osm_type":"way","osm_id":"835826226","ref":"B5008"}},{"type":"Feature","geometry":{"type":"LineString","coordinates":[[-1.62257,52.83618],[-1.62174,52.83662]]},"properties":{"name":"Church Road","category":"tertiary","osm_type":"way","osm_id":"835826228"}},{"type":"Feature","geometry":{"type":"LineString","coordinates":[[-1.98516,52.58746],[-1.98518,52.58696]]},"properties":{"name":"Stafford Street","category":"tertiary","osm_type":"way","osm_id":"836658340"}},{"type":"Feature","geometry":{"type":"LineString","coordinates":[[-1.42751,52.88732],[-1.42739,52.88694]]},"properties":{"name":"Field Lane","category":"tertiary","osm_type":"way","osm_id":"837095948"}},{"type":"Feature","geometry":{"type":"LineString","coordinates":[[-1.43396,52.88684],[-1.43354,52.88653]]},"properties":{"name":"Crayford Road","category":"tertiary","osm_type":"way","osm_id":"837095949"}},{"type":"Feature","geometry":{"type":"LineString","coordinates":[[-1.9989,52.59824],[-1.99935,52.59801]]},"properties":{"name":"Stephenson Avenue","category":"tertiary","osm_type":"way","osm_id":"837121672"}},{"type":"Feature","geometry":{"type":"LineString","coordinates":[[-1.99964,52.59813],[-1.9989,52.59824]]},"properties":{"name":"Stephenson Avenue","category":"tertiary","osm_type":"way","osm_id":"837121673"}},{"type":"Feature","geometry":{"type":"LineString","coordinates":[[-1.99982,52.59764],[-1.99984,52.59786]]},"properties":{"name":"Reedswood Way","category":"tertiary","osm_type":"way","osm_id":"837121674"}},{"type":"Feature","geometry":{"type":"LineString","coordinates":[[-1.99955,52.5978],[-1.99982,52.59764]]},"properties":{"name":"Reedswood Way","category":"tertiary","osm_type":"way","osm_id":"837121675"}},{"type":"Feature","geometry":{"type":"LineString","coordinates":[[-1.44933,52.9877],[-1.44919,52.98719]]},"properties":{"name":"Alfreton Road","category":"tertiary","osm_type":"way","osm_id":"837388943"}},{"type":"Feature","geometry":{"type":"LineString","coordinates":[[-1.93139,52.76638],[-1.93124,52.76658]]},"properties":{"name":"Station Road","category":"secondary","osm_type":"way","osm_id":"837420953","ref":"B5013"}},{"type":"Feature","geometry":{"type":"LineString","coordinates":[[-1.93098,52.76645],[-1.93139,52.76638]]},"properties":{"name":"Station Road","category":"secondary","osm_type":"way","osm_id":"837420954","ref":"B5013"}},{"type":"Feature","geometry":{"type":"LineString","coordinates":[[-1.98109,52.58686],[-1.9807,52.58694]]},"properties":{"name":"Hatherton Road","category":"tertiary","osm_type":"way","osm_id":"838615846"}},{"type":"Feature","geometry":{"type":"LineString","coordinates":[[-1.477,52.91435],[-1.47676,52.91332]]},"properties":{"name":"Normanton Road","category":"tertiary","osm_type":"way","osm_id":"838926403"}},{"type":"Feature","geometry":{"type":"LineString","coordinates":[[-1.93298,52.50349],[-1.93311,52.50305]]},"properties":{"name":"Grove Lane","category":"tertiary","osm_type":"way","osm_id":"840378155"}},{"type":"Feature","geometry":{"type":"LineString","coordinates":[[-1.63899,52.5733],[-1.63936,52.57268]]},"properties":{"name":"Hurley Common","category":"tertiary","osm_type":"way","osm_id":"840502293"}},{"type":"Feature","geometry":{"type":"LineString","coordinates":[[-1.64589,52.5837],[-1.64489,52.58309]]},"properties":{"name":"Tamworth Road","category":"tertiary","osm_type":"way","osm_id":"840502295"}},{"type":"Feature","geometry":{"type":"LineString","coordinates":[[-1.48263,52.91935],[-1.48314,52.91924]]},"properties":{"name":"Secondary and tertiary roads","category":"tertiary","osm_type":"way","osm_id":"841299811"}},{"type":"Feature","geometry":{"type":"LineString","coordinates":[[-1.98141,52.58142],[-1.9814,52.5815]]},"properties":{"name":"George Street","category":"tertiary","osm_type":"way","osm_id":"842059983"}},{"type":"Feature","geometry":{"type":"LineString","coordinates":[[-1.13004,52.64058],[-1.13059,52.63975]]},"properties":{"name":"Belgrave Gate","category":"tertiary","osm_type":"way","osm_id":"842137719"}},{"type":"Feature","geometry":{"type":"LineString","coordinates":[[-1.13033,52.64031],[-1.12981,52.64112]]},"properties":{"name":"Belgrave Gate","category":"tertiary","osm_type":"way","osm_id":"842137720"}},{"type":"Feature","geometry":{"type":"LineString","coordinates":[[-1.71608,52.86929],[-1.71851,52.86938]]},"properties":{"name":"Scropton Road","category":"tertiary","osm_type":"way","osm_id":"842221484"}},{"type":"Feature","geometry":{"type":"LineString","coordinates":[[-1.82722,52.50305],[-1.82699,52.50338]]},"properties":{"name":"Bromford Drive","category":"tertiary","osm_type":"way","osm_id":"842754926"}},{"type":"Feature","geometry":{"type":"LineString","coordinates":[[-1.48005,52.98288],[-1.47935,52.98288]]},"properties":{"name":"Makeney Road","category":"tertiary","osm_type":"way","osm_id":"843315858"}},{"type":"Feature","geometry":{"type":"LineString","coordinates":[[-1.47895,52.98244],[-1.47789,52.98204]]},"properties":{"name":"Duffield Bank","category":"tertiary","osm_type":"way","osm_id":"843315879"}},{"type":"Feature","geometry":{"type":"LineString","coordinates":[[-1.47666,52.98159],[-1.47489,52.97944]]},"properties":{"name":"Eaton Bank","category":"tertiary","osm_type":"way","osm_id":"843315954"}},{"type":"Feature","geometry":{"type":"LineString","coordinates":[[-1.1508,52.73669],[-1.15107,52.73655]]},"properties":{"name":"Secondary and tertiary roads","category":"tertiary","osm_type":"way","osm_id":"843350101"}},{"type":"Feature","geometry":{"type":"LineString","coordinates":[[-1.15139,52.73677],[-1.15124,52.73689]]},"properties":{"name":"Secondary and tertiary roads","category":"tertiary","osm_type":"way","osm_id":"843350102"}},{"type":"Feature","geometry":{"type":"LineString","coordinates":[[-1.15124,52.73689],[-1.1508,52.73669]]},"properties":{"name":"Secondary and tertiary roads","category":"tertiary","osm_type":"way","osm_id":"843350103"}},{"type":"Feature","geometry":{"type":"LineString","coordinates":[[-1.15178,52.73704],[-1.15124,52.73689]]},"properties":{"name":"Loughborough Road","category":"tertiary","osm_type":"way","osm_id":"843350104"}},{"type":"Feature","geometry":{"type":"LineString","coordinates":[[-1.1508,52.73669],[-1.15055,52.73637]]},"properties":{"name":"Loughborough Road","category":"tertiary","osm_type":"way","osm_id":"843350105"}},{"type":"Feature","geometry":{"type":"LineString","coordinates":[[-1.47462,52.92247],[-1.47466,52.92247]]},"properties":{"name":"Corporation Street","category":"tertiary","osm_type":"way","osm_id":"843472564"}},{"type":"Feature","geometry":{"type":"LineString","coordinates":[[-1.47431,52.92234],[-1.47462,52.92247]]},"properties":{"name":"Morledge","category":"tertiary","osm_type":"way","osm_id":"843472566"}},{"type":"Feature","geometry":{"type":"LineString","coordinates":[[-1.4744,52.92259],[-1.47431,52.92234]]},"properties":{"name":"Morledge","category":"tertiary","osm_type":"way","osm_id":"843472567"}},{"type":"Feature","geometry":{"type":"LineString","coordinates":[[-1.47212,52.92143],[-1.47326,52.92181]]},"properties":{"name":"Morledge","category":"tertiary","osm_type":"way","osm_id":"843472568"}},{"type":"Feature","geometry":{"type":"LineString","coordinates":[[-1.47119,52.92092],[-1.47128,52.92098]]},"properties":{"name":"Morledge","category":"tertiary","osm_type":"way","osm_id":"843472570"}},{"type":"Feature","geometry":{"type":"LineString","coordinates":[[-1.47195,52.92135],[-1.47212,52.92143]]},"properties":{"name":"Morledge","category":"tertiary","osm_type":"way","osm_id":"843472571"}},{"type":"Feature","geometry":{"type":"LineString","coordinates":[[-1.85925,52.52488],[-1.85924,52.52497]]},"properties":{"name":"Slade Road","category":"tertiary","osm_type":"way","osm_id":"843484266"}},{"type":"Feature","geometry":{"type":"LineString","coordinates":[[-1.83917,52.5253],[-1.83891,52.52516]]},"properties":{"name":"New Street","category":"secondary","osm_type":"way","osm_id":"843817006","ref":"B4139"}},{"type":"Feature","geometry":{"type":"LineString","coordinates":[[-1.98838,52.5863],[-1.98806,52.58626]]},"properties":{"name":"Wolverhampton Street","category":"tertiary","osm_type":"way","osm_id":"844807932"}},{"type":"Feature","geometry":{"type":"LineString","coordinates":[[-1.40344,52.92098],[-1.40336,52.92086]]},"properties":{"name":"Chapel Street","category":"tertiary","osm_type":"way","osm_id":"845125478"}},{"type":"Feature","geometry":{"type":"LineString","coordinates":[[-1.0789,52.97578],[-1.07933,52.97587]]},"properties":{"name":"Main Road","category":"tertiary","osm_type":"way","osm_id":"845342464"}},{"type":"Feature","geometry":{"type":"LineString","coordinates":[[-1.13204,52.5754],[-1.13326,52.57553]]},"properties":{"name":"Lansdowne Grove","category":"tertiary","osm_type":"way","osm_id":"846380531"}},{"type":"Feature","geometry":{"type":"LineString","coordinates":[[-1.12756,52.58052],[-1.12835,52.58047]]},"properties":{"name":"Blaby Road","category":"secondary","osm_type":"way","osm_id":"846380539","ref":"B582"}},{"type":"Feature","geometry":{"type":"LineString","coordinates":[[-1.12756,52.58052],[-1.1274,52.58054]]},"properties":{"name":"Blaby Road","category":"secondary","osm_type":"way","osm_id":"846380540","ref":"B582"}},{"type":"Feature","geometry":{"type":"LineString","coordinates":[[-1.12826,52.58059],[-1.12756,52.58052]]},"properties":{"name":"Blaby Road","category":"secondary","osm_type":"way","osm_id":"846380541","ref":"B582"}},{"type":"Feature","geometry":{"type":"LineString","coordinates":[[-1.13353,52.64872],[-1.13304,52.64852]]},"properties":{"name":"Abbey Park Road","category":"secondary","osm_type":"way","osm_id":"846696620","ref":"B5327"}},{"type":"Feature","geometry":{"type":"LineString","coordinates":[[-1.13098,52.64755],[-1.13058,52.64735]]},"properties":{"name":"Abbey Park Road","category":"secondary","osm_type":"way","osm_id":"846696621","ref":"B5327"}},{"type":"Feature","geometry":{"type":"LineString","coordinates":[[-1.13098,52.64755],[-1.13304,52.64852]]},"properties":{"name":"Abbey Park Road","category":"secondary","osm_type":"way","osm_id":"846696622"}},{"type":"Feature","geometry":{"type":"LineString","coordinates":[[-1.68042,52.76067],[-1.68311,52.76001]]},"properties":{"name":"Main Street","category":"tertiary","osm_type":"way","osm_id":"846739440"}},{"type":"Feature","geometry":{"type":"LineString","coordinates":[[-1.18097,52.60001],[-1.17929,52.59932]]},"properties":{"name":"Fosse Park Avenue","category":"tertiary","osm_type":"way","osm_id":"847582660"}},{"type":"Feature","geometry":{"type":"LineString","coordinates":[[-1.99171,52.51226],[-1.99127,52.51373]]},"properties":{"name":"Spon Lane","category":"tertiary","osm_type":"way","osm_id":"848437451"}},{"type":"Feature","geometry":{"type":"LineString","coordinates":[[-1.99127,52.51373],[-1.99171,52.51226]]},"properties":{"name":"Spon Lane","category":"tertiary","osm_type":"way","osm_id":"848437452"}},{"type":"Feature","geometry":{"type":"LineString","coordinates":[[-1.99233,52.50956],[-1.99204,52.51101]]},"properties":{"name":"Spon Lane","category":"tertiary","osm_type":"way","osm_id":"848437459"}},{"type":"Feature","geometry":{"type":"LineString","coordinates":[[-1.99181,52.50856],[-1.99236,52.50884]]},"properties":{"name":"Spon Lane","category":"tertiary","osm_type":"way","osm_id":"848437465"}},{"type":"Feature","geometry":{"type":"LineString","coordinates":[[-1.99197,52.51101],[-1.99233,52.50956]]},"properties":{"name":"Spon Lane","category":"tertiary","osm_type":"way","osm_id":"848437471"}},{"type":"Feature","geometry":{"type":"LineString","coordinates":[[-1.84534,52.95037],[-1.84506,52.95059]]},"properties":{"name":"Woodseat Level","category":"secondary","osm_type":"way","osm_id":"849795611","ref":"B5030"}},{"type":"Feature","geometry":{"type":"LineString","coordinates":[[-1.84604,52.95019],[-1.8458,52.95014]]},"properties":{"name":"Station Road","category":"tertiary","osm_type":"way","osm_id":"849795613"}},{"type":"Feature","geometry":{"type":"LineString","coordinates":[[-1.84589,52.94999],[-1.84577,52.95015]]},"properties":{"name":"Secondary and tertiary roads","category":"secondary","osm_type":"way","osm_id":"849795617"}},{"type":"Feature","geometry":{"type":"LineString","coordinates":[[-1.84552,52.95005],[-1.84564,52.94993]]},"properties":{"name":"Secondary and tertiary roads","category":"secondary","osm_type":"way","osm_id":"849795618"}},{"type":"Feature","geometry":{"type":"LineString","coordinates":[[-1.84604,52.95019],[-1.84721,52.95026]]},"properties":{"name":"Station Road","category":"tertiary","osm_type":"way","osm_id":"849795620"}},{"type":"Feature","geometry":{"type":"LineString","coordinates":[[-1.84564,52.94993],[-1.84589,52.94999]]},"properties":{"name":"Secondary and tertiary roads","category":"secondary","osm_type":"way","osm_id":"849795621"}},{"type":"Feature","geometry":{"type":"LineString","coordinates":[[-1.84597,52.94974],[-1.84589,52.94999]]},"properties":{"name":"Woodseat Level","category":"secondary","osm_type":"way","osm_id":"849795622","ref":"B5030"}},{"type":"Feature","geometry":{"type":"LineString","coordinates":[[-1.84577,52.95015],[-1.84552,52.95005]]},"properties":{"name":"Secondary and tertiary roads","category":"secondary","osm_type":"way","osm_id":"849795623"}},{"type":"Feature","geometry":{"type":"LineString","coordinates":[[-1.84564,52.94993],[-1.84597,52.94974]]},"properties":{"name":"Woodseat Level","category":"secondary","osm_type":"way","osm_id":"849795624","ref":"B5030"}},{"type":"Feature","geometry":{"type":"LineString","coordinates":[[-1.84534,52.95037],[-1.84552,52.95005]]},"properties":{"name":"Woodseat Level","category":"secondary","osm_type":"way","osm_id":"849795625","ref":"B5030"}},{"type":"Feature","geometry":{"type":"LineString","coordinates":[[-1.84472,52.95071],[-1.84506,52.95059]]},"properties":{"name":"Woodseat Level","category":"secondary","osm_type":"way","osm_id":"849795626","ref":"B5030"}},{"type":"Feature","geometry":{"type":"LineString","coordinates":[[-1.84506,52.95059],[-1.84496,52.95081]]},"properties":{"name":"Woodseat Level","category":"secondary","osm_type":"way","osm_id":"849871527","ref":"B5030"}},{"type":"Feature","geometry":{"type":"LineString","coordinates":[[-1.84458,52.95089],[-1.84456,52.9508]]},"properties":{"name":"Secondary and tertiary roads","category":"secondary","osm_type":"way","osm_id":"849871528"}},{"type":"Feature","geometry":{"type":"LineString","coordinates":[[-1.84456,52.9508],[-1.84472,52.95071]]},"properties":{"name":"Secondary and tertiary roads","category":"secondary","osm_type":"way","osm_id":"849871530"}},{"type":"Feature","geometry":{"type":"LineString","coordinates":[[-1.84434,52.9509],[-1.8442,52.9509]]},"properties":{"name":"High Street","category":"tertiary","osm_type":"way","osm_id":"849871535"}},{"type":"Feature","geometry":{"type":"LineString","coordinates":[[-1.84496,52.95081],[-1.84458,52.95089]]},"properties":{"name":"Secondary and tertiary roads","category":"secondary","osm_type":"way","osm_id":"849871536"}},{"type":"Feature","geometry":{"type":"LineString","coordinates":[[-1.84453,52.95119],[-1.84459,52.9509]]},"properties":{"name":"Rocester Bypass","category":"secondary","osm_type":"way","osm_id":"849871538","ref":"B5030"}},{"type":"Feature","geometry":{"type":"LineString","coordinates":[[-1.84472,52.95071],[-1.84496,52.95081]]},"properties":{"name":"Secondary and tertiary roads","category":"secondary","osm_type":"way","osm_id":"849871539"}},{"type":"Feature","geometry":{"type":"LineString","coordinates":[[-1.84434,52.9509],[-1.84456,52.9508]]},"properties":{"name":"High Street","category":"tertiary","osm_type":"way","osm_id":"849871540"}},{"type":"Feature","geometry":{"type":"LineString","coordinates":[[-1.83965,52.95762],[-1.84048,52.95715]]},"properties":{"name":"B5030","category":"secondary","osm_type":"way","osm_id":"849877336","ref":"B5030"}},{"type":"Feature","geometry":{"type":"LineString","coordinates":[[-1.83983,52.95773],[-1.83875,52.95822]]},"properties":{"name":"B5030","category":"secondary","osm_type":"way","osm_id":"849877338","ref":"B5030"}},{"type":"Feature","geometry":{"type":"LineString","coordinates":[[-1.85228,52.9669],[-1.85205,52.96691]]},"properties":{"name":"Secondary and tertiary roads","category":"secondary","osm_type":"way","osm_id":"849905206"}},{"type":"Feature","geometry":{"type":"LineString","coordinates":[[-1.84824,52.95936],[-1.84905,52.96037]]},"properties":{"name":"B5031","category":"secondary","osm_type":"way","osm_id":"849905207","ref":"B5031"}},{"type":"Feature","geometry":{"type":"LineString","coordinates":[[-1.84824,52.95936],[-1.84786,52.95921]]},"properties":{"name":"B5031","category":"secondary","osm_type":"way","osm_id":"849905211","ref":"B5031"}},{"type":"Feature","geometry":{"type":"LineString","coordinates":[[-1.85206,52.96645],[-1.85224,52.96675]]},"properties":{"name":"Main Road","category":"secondary","osm_type":"way","osm_id":"849905215","ref":"B5031"}},{"type":"Feature","geometry":{"type":"LineString","coordinates":[[-1.85226,52.96715],[-1.85205,52.96691]]},"properties":{"name":"Denstone Lane","category":"secondary","osm_type":"way","osm_id":"849908697","ref":"B5032"}},{"type":"Feature","geometry":{"type":"LineString","coordinates":[[-1.85226,52.96715],[-1.85156,52.96792]]},"properties":{"name":"Denstone Lane","category":"secondary","osm_type":"way","osm_id":"849908701","ref":"B5032"}},{"type":"Feature","geometry":{"type":"LineString","coordinates":[[-1.85205,52.96691],[-1.85226,52.96676]]},"properties":{"name":"Secondary and tertiary roads","category":"secondary","osm_type":"way","osm_id":"849908702"}},{"type":"Feature","geometry":{"type":"LineString","coordinates":[[-1.85226,52.96676],[-1.85229,52.96689]]},"properties":{"name":"Secondary and tertiary roads","category":"secondary","osm_type":"way","osm_id":"849908703"}},{"type":"Feature","geometry":{"type":"LineString","coordinates":[[-1.8527,52.9667],[-1.85229,52.96689]]},"properties":{"name":"Denstone Lane","category":"secondary","osm_type":"way","osm_id":"849908704","ref":"B5032"}},{"type":"Feature","geometry":{"type":"LineString","coordinates":[[-1.85201,52.96678],[-1.85206,52.96645]]},"properties":{"name":"Main Road","category":"secondary","osm_type":"way","osm_id":"849908705","ref":"B5031"}},{"type":"Feature","geometry":{"type":"LineString","coordinates":[[-1.85229,52.96689],[-1.85228,52.9669]]},"properties":{"name":"Secondary and tertiary roads","category":"secondary","osm_type":"way","osm_id":"849908706"}},{"type":"Feature","geometry":{"type":"LineString","coordinates":[[-1.85226,52.96676],[-1.8527,52.9667]]},"properties":{"name":"Denstone Lane","category":"secondary","osm_type":"way","osm_id":"849908707","ref":"B5032"}},{"type":"Feature","geometry":{"type":"LineString","coordinates":[[-1.84804,52.94763],[-1.84597,52.94974]]},"properties":{"name":"Woodseat Level","category":"secondary","osm_type":"way","osm_id":"849918410","ref":"B5030"}},{"type":"Feature","geometry":{"type":"LineString","coordinates":[[-1.16436,52.93098],[-1.16437,52.9312]]},"properties":{"name":"Secondary and tertiary roads","category":"tertiary","osm_type":"way","osm_id":"849921792"}},{"type":"Feature","geometry":{"type":"LineString","coordinates":[[-1.16437,52.9312],[-1.16411,52.93121]]},"properties":{"name":"Secondary and tertiary roads","category":"tertiary","osm_type":"way","osm_id":"849921793"}},{"type":"Feature","geometry":{"type":"LineString","coordinates":[[-1.84765,52.95911],[-1.84729,52.95877]]},"properties":{"name":"New Road","category":"secondary","osm_type":"way","osm_id":"849931206","ref":"B5031"}},{"type":"Feature","geometry":{"type":"LineString","coordinates":[[-1.84786,52.95921],[-1.84765,52.95911]]},"properties":{"name":"Secondary and tertiary roads","category":"secondary","osm_type":"way","osm_id":"849931212"}},{"type":"Feature","geometry":{"type":"LineString","coordinates":[[-1.84729,52.95877],[-1.84779,52.95897]]},"properties":{"name":"New Road","category":"secondary","osm_type":"way","osm_id":"849931219","ref":"B5031"}},{"type":"Feature","geometry":{"type":"LineString","coordinates":[[-1.84779,52.95897],[-1.84805,52.9591]]},"properties":{"name":"Secondary and tertiary roads","category":"secondary","osm_type":"way","osm_id":"849931221"}},{"type":"Feature","geometry":{"type":"LineString","coordinates":[[-1.84905,52.96037],[-1.85053,52.96394]]},"properties":{"name":"B5031","category":"secondary","osm_type":"way","osm_id":"849931222","ref":"B5031"}},{"type":"Feature","geometry":{"type":"LineString","coordinates":[[-1.98605,52.58306],[-1.98412,52.58321]]},"properties":{"name":"Bridgeman Street","category":"tertiary","osm_type":"way","osm_id":"852494328"}},{"type":"Feature","geometry":{"type":"LineString","coordinates":[[-1.98686,52.58317],[-1.98625,52.58308]]},"properties":{"name":"Bridgeman Street","category":"tertiary","osm_type":"way","osm_id":"852494329"}},{"type":"Feature","geometry":{"type":"LineString","coordinates":[[-1.65044,52.8465],[-1.65031,52.84647]]},"properties":{"name":"Church Road","category":"tertiary","osm_type":"way","osm_id":"852673089"}},{"type":"Feature","geometry":{"type":"LineString","coordinates":[[-1.65031,52.84647],[-1.65025,52.84647]]},"properties":{"name":"Church Road","category":"tertiary","osm_type":"way","osm_id":"852673090"}},{"type":"Feature","geometry":{"type":"LineString","coordinates":[[-1.65637,52.59641],[-1.6554,52.59608]]},"properties":{"name":"Overwoods Road","category":"tertiary","osm_type":"way","osm_id":"852984180"}},{"type":"Feature","geometry":{"type":"LineString","coordinates":[[-1.61915,52.79178],[-1.615,52.79102],[-1.61391,52.79123],[-1.61208,52.79259],[-1.60976,52.79357],[-1.60991,52.79595]]},"properties":{"name":"Violet Way","category":"tertiary","osm_type":"way","osm_id":"853981004"}},{"type":"Feature","geometry":{"type":"LineString","coordinates":[[-1.99935,52.59801],[-1.99955,52.5978]]},"properties":{"name":"Secondary and tertiary roads","category":"tertiary","osm_type":"way","osm_id":"854052091"}},{"type":"Feature","geometry":{"type":"LineString","coordinates":[[-1.99964,52.59813],[-1.99935,52.59801]]},"properties":{"name":"Secondary and tertiary roads","category":"tertiary","osm_type":"way","osm_id":"854052092"}},{"type":"Feature","geometry":{"type":"LineString","coordinates":[[-1.99971,52.59812],[-1.99964,52.59813]]},"properties":{"name":"Secondary and tertiary roads","category":"tertiary","osm_type":"way","osm_id":"854052093"}},{"type":"Feature","geometry":{"type":"LineString","coordinates":[[-1.99984,52.59786],[-1.99987,52.59789]]},"properties":{"name":"Secondary and tertiary roads","category":"tertiary","osm_type":"way","osm_id":"854052094"}},{"type":"Feature","geometry":{"type":"LineString","coordinates":[[-1.99955,52.5978],[-1.99984,52.59786]]},"properties":{"name":"Secondary and tertiary roads","category":"tertiary","osm_type":"way","osm_id":"854052095"}},{"type":"Feature","geometry":{"type":"LineString","coordinates":[[-1.22399,52.53492],[-1.22419,52.53506]]},"properties":{"name":"Broughton Way","category":"secondary","osm_type":"way","osm_id":"854452655","ref":"B581"}},{"type":"Feature","geometry":{"type":"LineString","coordinates":[[-1.2223,52.53369],[-1.22399,52.53492]]},"properties":{"name":"Broughton Way","category":"secondary","osm_type":"way","osm_id":"854452656","ref":"B581"}},{"type":"Feature","geometry":{"type":"LineString","coordinates":[[-1.96392,52.62346],[-1.96476,52.62367]]},"properties":{"name":"Vicarage Road","category":"tertiary","osm_type":"way","osm_id":"854601185"}},{"type":"Feature","geometry":{"type":"LineString","coordinates":[[-1.96381,52.62343],[-1.96392,52.62346]]},"properties":{"name":"Vicarage Road","category":"tertiary","osm_type":"way","osm_id":"854601186"}},{"type":"Feature","geometry":{"type":"LineString","coordinates":[[-1.98412,52.58321],[-1.98363,52.58341]]},"properties":{"name":"Bradford Place","category":"tertiary","osm_type":"way","osm_id":"854669421"}},{"type":"Feature","geometry":{"type":"LineString","coordinates":[[-1.98363,52.58341],[-1.98339,52.58344]]},"properties":{"name":"Bradford Place","category":"tertiary","osm_type":"way","osm_id":"855158160"}},{"type":"Feature","geometry":{"type":"LineString","coordinates":[[-1.99232,52.57983],[-1.99231,52.57991]]},"properties":{"name":"Queen Street","category":"tertiary","osm_type":"way","osm_id":"856256296"}},{"type":"Feature","geometry":{"type":"LineString","coordinates":[[-1.9891,52.60069],[-1.98963,52.60144]]},"properties":{"name":"B4210","category":"secondary","osm_type":"way","osm_id":"856256301","ref":"B4210"}},{"type":"Feature","geometry":{"type":"LineString","coordinates":[[-1.18992,52.61392],[-1.18982,52.61389]]},"properties":{"name":"Meridian Way","category":"tertiary","osm_type":"way","osm_id":"856413925"}},{"type":"Feature","geometry":{"type":"LineString","coordinates":[[-1.18952,52.61387],[-1.18958,52.61389]]},"properties":{"name":"Meridian Way","category":"tertiary","osm_type":"way","osm_id":"856413926"}},{"type":"Feature","geometry":{"type":"LineString","coordinates":[[-1.18952,52.6139],[-1.18925,52.61396]]},"properties":{"name":"Meridian Way","category":"tertiary","osm_type":"way","osm_id":"856413927"}},{"type":"Feature","geometry":{"type":"LineString","coordinates":[[-1.18992,52.61387],[-1.19019,52.61382]]},"properties":{"name":"Meridian Way","category":"tertiary","osm_type":"way","osm_id":"856413928"}},{"type":"Feature","geometry":{"type":"LineString","coordinates":[[-1.98064,52.58141],[-1.98154,52.58128]]},"properties":{"name":"Dudley Street","category":"tertiary","osm_type":"way","osm_id":"856473446"}},{"type":"Feature","geometry":{"type":"LineString","coordinates":[[-1.98915,52.60097],[-1.98899,52.60073]]},"properties":{"name":"B4210","category":"secondary","osm_type":"way","osm_id":"856473447","ref":"B4210"}},{"type":"Feature","geometry":{"type":"LineString","coordinates":[[-1.99317,52.60863],[-1.99472,52.60814]]},"properties":{"name":"Harden Road","category":"tertiary","osm_type":"way","osm_id":"856525603"}},{"type":"Feature","geometry":{"type":"LineString","coordinates":[[-1.26241,52.79989],[-1.26227,52.79983]]},"properties":{"name":"Whatton Road","category":"secondary","osm_type":"way","osm_id":"856961113","ref":"B5324"}},{"type":"Feature","geometry":{"type":"LineString","coordinates":[[-1.21581,52.76495],[-1.21585,52.76499]]},"properties":{"name":"Secondary and tertiary roads","category":"secondary_link","osm_type":"way","osm_id":"856969930"}},{"type":"Feature","geometry":{"type":"LineString","coordinates":[[-1.21576,52.76489],[-1.21581,52.76495]]},"properties":{"name":"Secondary and tertiary roads","category":"secondary_link","osm_type":"way","osm_id":"856969931"}},{"type":"Feature","geometry":{"type":"LineString","coordinates":[[-1.67369,52.60969],[-1.67361,52.61001]]},"properties":{"name":"Watling Street","category":"secondary","osm_type":"way","osm_id":"857783414","ref":"B5404"}},{"type":"Feature","geometry":{"type":"LineString","coordinates":[[-1.67361,52.61001],[-1.67275,52.61008]]},"properties":{"name":"Watling Street","category":"secondary","osm_type":"way","osm_id":"857783415","ref":"B5404"}},{"type":"Feature","geometry":{"type":"LineString","coordinates":[[-1.61915,52.79178],[-1.61944,52.79162]]},"properties":{"name":"Violet Way","category":"tertiary","osm_type":"way","osm_id":"858114520"}},{"type":"Feature","geometry":{"type":"LineString","coordinates":[[-1.149,52.98801],[-1.14739,52.98518]]},"properties":{"name":"Edwards Lane","category":"tertiary","osm_type":"way","osm_id":"858833400"}},{"type":"Feature","geometry":{"type":"LineString","coordinates":[[-1.15397,52.91874],[-1.15414,52.91868]]},"properties":{"name":"Secondary and tertiary roads","category":"tertiary","osm_type":"way","osm_id":"859180933"}},{"type":"Feature","geometry":{"type":"LineString","coordinates":[[-1.15394,52.9188],[-1.15397,52.91874]]},"properties":{"name":"Secondary and tertiary roads","category":"tertiary","osm_type":"way","osm_id":"859180934"}},{"type":"Feature","geometry":{"type":"LineString","coordinates":[[-1.15402,52.91889],[-1.15394,52.9188]]},"properties":{"name":"Secondary and tertiary roads","category":"tertiary","osm_type":"way","osm_id":"859180935"}},{"type":"Feature","geometry":{"type":"LineString","coordinates":[[-1.15431,52.91885],[-1.1541,52.91891]]},"properties":{"name":"Secondary and tertiary roads","category":"tertiary","osm_type":"way","osm_id":"859180936"}},{"type":"Feature","geometry":{"type":"LineString","coordinates":[[-1.15431,52.91885],[-1.15432,52.91905]]},"properties":{"name":"Compton Acres","category":"tertiary","osm_type":"way","osm_id":"859180941"}},{"type":"Feature","geometry":{"type":"LineString","coordinates":[[-1.15402,52.91889],[-1.15381,52.9189]]},"properties":{"name":"Rugby Road","category":"tertiary","osm_type":"way","osm_id":"859180942"}},{"type":"Feature","geometry":{"type":"LineString","coordinates":[[-1.15379,52.91886],[-1.15394,52.9188]]},"properties":{"name":"Rugby Road","category":"tertiary","osm_type":"way","osm_id":"859180943"}},{"type":"Feature","geometry":{"type":"LineString","coordinates":[[-1.15397,52.91874],[-1.15394,52.91856]]},"properties":{"name":"Compton Acres","category":"tertiary","osm_type":"way","osm_id":"859180944"}},{"type":"Feature","geometry":{"type":"LineString","coordinates":[[-1.15394,52.91856],[-1.15414,52.91868]]},"properties":{"name":"Compton Acres","category":"tertiary","osm_type":"way","osm_id":"859180945"}},{"type":"Feature","geometry":{"type":"LineString","coordinates":[[-1.56908,52.67821],[-1.55832,52.68385],[-1.55293,52.68559]]},"properties":{"name":"Ashby Road","category":"secondary","osm_type":"way","osm_id":"860091907","ref":"B5493"}},{"type":"Feature","geometry":{"type":"LineString","coordinates":[[-1.57809,52.67666],[-1.57493,52.67746],[-1.56908,52.67821]]},"properties":{"name":"Ashby Road","category":"secondary","osm_type":"way","osm_id":"860091910","ref":"B5493"}},{"type":"Feature","geometry":{"type":"LineString","coordinates":[[-1.67043,52.78771],[-1.67128,52.78851]]},"properties":{"name":"Main Street","category":"secondary","osm_type":"way","osm_id":"861335840","ref":"B5018"}},{"type":"Feature","geometry":{"type":"LineString","coordinates":[[-1.67014,52.78765],[-1.67043,52.78771]]},"properties":{"name":"Main Street","category":"secondary","osm_type":"way","osm_id":"861335865","ref":"B5018"}},{"type":"Feature","geometry":{"type":"LineString","coordinates":[[-1.89479,52.99326],[-1.89477,52.99318]]},"properties":{"name":"Farley Lane","category":"tertiary","osm_type":"way","osm_id":"862832865"}},{"type":"Feature","geometry":{"type":"LineString","coordinates":[[-1.8418,52.76831],[-1.84197,52.76811]]},"properties":{"name":"Secondary and tertiary roads","category":"tertiary_link","osm_type":"way","osm_id":"863026062"}},{"type":"Feature","geometry":{"type":"LineString","coordinates":[[-1.89477,52.99318],[-1.89484,52.99303]]},"properties":{"name":"Farley Lane","category":"tertiary","osm_type":"way","osm_id":"863096631"}},{"type":"Feature","geometry":{"type":"LineString","coordinates":[[-1.12191,52.96102],[-1.12183,52.96107]]},"properties":{"name":"Carlton Road","category":"secondary","osm_type":"way","osm_id":"863840873","ref":"B686"}},{"type":"Feature","geometry":{"type":"LineString","coordinates":[[-1.13195,52.92831],[-1.13234,52.92823]]},"properties":{"name":"Secondary and tertiary roads","category":"tertiary","osm_type":"way","osm_id":"865084225"}},{"type":"Feature","geometry":{"type":"LineString","coordinates":[[-1.13237,52.92854],[-1.13236,52.92846]]},"properties":{"name":"Musters Road","category":"tertiary","osm_type":"way","osm_id":"865084229"}},{"type":"Feature","geometry":{"type":"LineString","coordinates":[[-1.19388,52.8934],[-1.1927,52.89469]]},"properties":{"name":"Nottingham Road","category":"tertiary","osm_type":"way","osm_id":"866568349"}},{"type":"Feature","geometry":{"type":"LineString","coordinates":[[-1.15341,52.92591],[-1.15451,52.92582]]},"properties":{"name":"Wilford Lane","category":"secondary_link","osm_type":"way","osm_id":"867099873"}},{"type":"Feature","geometry":{"type":"LineString","coordinates":[[-1.15567,52.92574],[-1.15466,52.9258]]},"properties":{"name":"Wilford Lane","category":"secondary_link","osm_type":"way","osm_id":"867099874"}},{"type":"Feature","geometry":{"type":"LineString","coordinates":[[-1.98339,52.58344],[-1.98327,52.58342]]},"properties":{"name":"Bradford Place","category":"tertiary","osm_type":"way","osm_id":"868894986"}},{"type":"Feature","geometry":{"type":"LineString","coordinates":[[-1.14119,52.94995],[-1.14089,52.95005]]},"properties":{"name":"Canal Street","category":"tertiary","osm_type":"way","osm_id":"870458451"}},{"type":"Feature","geometry":{"type":"LineString","coordinates":[[-1.14548,52.94899],[-1.14511,52.94906]]},"properties":{"name":"Canal Street","category":"tertiary","osm_type":"way","osm_id":"870546035"}},{"type":"Feature","geometry":{"type":"LineString","coordinates":[[-1.1538,52.93843],[-1.15393,52.93848]]},"properties":{"name":"Riverside Way","category":"tertiary","osm_type":"way","osm_id":"871921492"}},{"type":"Feature","geometry":{"type":"LineString","coordinates":[[-1.15388,52.93853],[-1.15374,52.93846]]},"properties":{"name":"Riverside Way","category":"tertiary","osm_type":"way","osm_id":"871921493"}},{"type":"Feature","geometry":{"type":"LineString","coordinates":[[-1.9976,52.517],[-1.99754,52.51709]]},"properties":{"name":"Moor Street","category":"tertiary","osm_type":"way","osm_id":"874656358"}},{"type":"Feature","geometry":{"type":"LineString","coordinates":[[-1.03937,52.94776],[-1.03975,52.94679]]},"properties":{"name":"Shelford Road","category":"tertiary","osm_type":"way","osm_id":"875853958"}},{"type":"Feature","geometry":{"type":"LineString","coordinates":[[-1.51472,52.89274],[-1.51512,52.89238]]},"properties":{"name":"Moorway Lane","category":"tertiary","osm_type":"way","osm_id":"876240337"}},{"type":"Feature","geometry":{"type":"LineString","coordinates":[[-1.25088,52.93605],[-1.2513,52.93604]]},"properties":{"name":"Derby Road","category":"secondary","osm_type":"way","osm_id":"876399746","ref":"B5010"}},{"type":"Feature","geometry":{"type":"LineString","coordinates":[[-1.2513,52.93604],[-1.25155,52.93597]]},"properties":{"name":"Derby Road","category":"secondary","osm_type":"way","osm_id":"876402747","ref":"B5010"}},{"type":"Feature","geometry":{"type":"LineString","coordinates":[[-1.56432,52.85647],[-1.56434,52.85624]]},"properties":{"name":"Etwall Road","category":"secondary","osm_type":"way","osm_id":"879757214","ref":"B5008"}},{"type":"Feature","geometry":{"type":"LineString","coordinates":[[-1.56434,52.85624],[-1.56472,52.8548]]},"properties":{"name":"Etwall Road","category":"secondary","osm_type":"way","osm_id":"879757215","ref":"B5008"}},{"type":"Feature","geometry":{"type":"LineString","coordinates":[[-1.56585,52.86309],[-1.5659,52.86297]]},"properties":{"name":"Etwall Road","category":"secondary","osm_type":"way","osm_id":"879757216","ref":"B5008"}},{"type":"Feature","geometry":{"type":"LineString","coordinates":[[-1.56609,52.86415],[-1.56549,52.86365]]},"properties":{"name":"Etwall Road","category":"secondary","osm_type":"way","osm_id":"879757217","ref":"B5008"}},{"type":"Feature","geometry":{"type":"LineString","coordinates":[[-1.10681,52.99107],[-1.10172,52.98886]]},"properties":{"name":"Arnold Lane","category":"tertiary","osm_type":"way","osm_id":"879794779"}},{"type":"Feature","geometry":{"type":"LineString","coordinates":[[-1.60975,52.81536],[-1.61,52.81505]]},"properties":{"name":"Newton Road","category":"secondary","osm_type":"way","osm_id":"880109812","ref":"B5008"}},{"type":"Feature","geometry":{"type":"LineString","coordinates":[[-1.60832,52.81719],[-1.60965,52.81549]]},"properties":{"name":"Burton Road","category":"secondary","osm_type":"way","osm_id":"880109813","ref":"B5008"}},{"type":"Feature","geometry":{"type":"LineString","coordinates":[[-1.58593,52.82694],[-1.58633,52.82695]]},"properties":{"name":"Burton Road","category":"secondary","osm_type":"way","osm_id":"880109814","ref":"B5008"}},{"type":"Feature","geometry":{"type":"LineString","coordinates":[[-1.62658,52.80633],[-1.62623,52.80684]]},"properties":{"name":"High Street","category":"tertiary","osm_type":"way","osm_id":"880497738"}},{"type":"Feature","geometry":{"type":"LineString","coordinates":[[-1.83647,52.67955],[-1.83628,52.67948]]},"properties":{"name":"Friary Road","category":"tertiary","osm_type":"way","osm_id":"881054162"}},{"type":"Feature","geometry":{"type":"LineString","coordinates":[[-1.16027,52.62734],[-1.1604,52.62719]]},"properties":{"name":"Braunstone Avenue","category":"tertiary","osm_type":"way","osm_id":"881222503"}},{"type":"Feature","geometry":{"type":"LineString","coordinates":[[-1.13829,52.61759],[-1.13721,52.61385]]},"properties":{"name":"Saffron Lane","category":"secondary","osm_type":"way","osm_id":"881315189","ref":"B5366"}},{"type":"Feature","geometry":{"type":"LineString","coordinates":[[-1.13824,52.61832],[-1.13781,52.61823]]},"properties":{"name":"Putney Road West","category":"tertiary","osm_type":"way","osm_id":"881315191"}},{"type":"Feature","geometry":{"type":"LineString","coordinates":[[-1.13781,52.61823],[-1.13828,52.61816]]},"properties":{"name":"Putney Road West","category":"tertiary","osm_type":"way","osm_id":"881315192"}},{"type":"Feature","geometry":{"type":"LineString","coordinates":[[-1.13824,52.61832],[-1.13828,52.61816]]},"properties":{"name":"Saffron Lane","category":"secondary","osm_type":"way","osm_id":"881315199","ref":"B5366"}},{"type":"Feature","geometry":{"type":"LineString","coordinates":[[-1.13485,52.61817],[-1.1327,52.61823]]},"properties":{"name":"Commercial Square","category":"tertiary","osm_type":"way","osm_id":"881321746"}},{"type":"Feature","geometry":{"type":"LineString","coordinates":[[-1.60207,52.87406],[-1.6028,52.87575]]},"properties":{"name":"Egginton Road","category":"tertiary","osm_type":"way","osm_id":"881550176"}},{"type":"Feature","geometry":{"type":"LineString","coordinates":[[-1.6006,52.87114],[-1.60138,52.87303]]},"properties":{"name":"Egginton Road","category":"tertiary","osm_type":"way","osm_id":"881550178"}},{"type":"Feature","geometry":{"type":"LineString","coordinates":[[-1.60155,52.85922],[-1.60186,52.86323]]},"properties":{"name":"Egginton Road","category":"tertiary","osm_type":"way","osm_id":"881550179"}},{"type":"Feature","geometry":{"type":"LineString","coordinates":[[-1.60124,52.85434],[-1.60155,52.85922]]},"properties":{"name":"Egginton Road","category":"tertiary","osm_type":"way","osm_id":"881550180"}},{"type":"Feature","geometry":{"type":"LineString","coordinates":[[-1.2144,52.64648],[-1.21378,52.64676]]},"properties":{"name":"Kirby Road","category":"tertiary","osm_type":"way","osm_id":"882159303"}},{"type":"Feature","geometry":{"type":"LineString","coordinates":[[-1.64417,52.79098],[-1.64388,52.79128]]},"properties":{"name":"Burton Road","category":"secondary","osm_type":"way","osm_id":"882283106","ref":"B5018"}},{"type":"Feature","geometry":{"type":"LineString","coordinates":[[-1.64474,52.79059],[-1.64417,52.79098]]},"properties":{"name":"Burton Road","category":"secondary","osm_type":"way","osm_id":"882283107","ref":"B5018"}},{"type":"Feature","geometry":{"type":"LineString","coordinates":[[-1.64929,52.78861],[-1.64849,52.78887]]},"properties":{"name":"Burton Road","category":"secondary","osm_type":"way","osm_id":"882702799","ref":"B5018"}},{"type":"Feature","geometry":{"type":"LineString","coordinates":[[-1.65182,52.7879],[-1.64929,52.78861]]},"properties":{"name":"Burton Road","category":"secondary","osm_type":"way","osm_id":"882702800","ref":"B5018"}},{"type":"Feature","geometry":{"type":"LineString","coordinates":[[-1.81919,52.51707],[-1.81897,52.51716]]},"properties":{"name":"Tyburn Road","category":"secondary","osm_type":"way","osm_id":"882708860","ref":"B4148"}},{"type":"Feature","geometry":{"type":"LineString","coordinates":[[-1.81897,52.51716],[-1.81726,52.51787]]},"properties":{"name":"Tyburn Road","category":"secondary","osm_type":"way","osm_id":"882708861","ref":"B4148"}},{"type":"Feature","geometry":{"type":"LineString","coordinates":[[-1.81897,52.51708],[-1.8195,52.51688]]},"properties":{"name":"Secondary and tertiary roads","category":"secondary_link","osm_type":"way","osm_id":"882708862"}},{"type":"Feature","geometry":{"type":"LineString","coordinates":[[-1.8195,52.51688],[-1.81934,52.51686]]},"properties":{"name":"Kingsbury Road","category":"tertiary","osm_type":"way","osm_id":"882708863"}},{"type":"Feature","geometry":{"type":"LineString","coordinates":[[-1.8195,52.51688],[-1.81975,52.51684]]},"properties":{"name":"Secondary and tertiary roads","category":"secondary_link","osm_type":"way","osm_id":"882708864"}},{"type":"Feature","geometry":{"type":"LineString","coordinates":[[-1.81962,52.51682],[-1.81975,52.51684]]},"properties":{"name":"Kingsbury Road","category":"tertiary","osm_type":"way","osm_id":"882708865"}},{"type":"Feature","geometry":{"type":"LineString","coordinates":[[-1.67128,52.78851],[-1.67159,52.78892]]},"properties":{"name":"Main Street","category":"secondary","osm_type":"way","osm_id":"883139970","ref":"B5018"}},{"type":"Feature","geometry":{"type":"LineString","coordinates":[[-1.13241,52.92893],[-1.1324,52.92897]]},"properties":{"name":"Musters Road","category":"tertiary","osm_type":"way","osm_id":"883978670"}},{"type":"Feature","geometry":{"type":"LineString","coordinates":[[-1.18687,52.6725],[-1.18705,52.67258]]},"properties":{"name":"Leicester Road","category":"tertiary","osm_type":"way","osm_id":"884129970"}},{"type":"Feature","geometry":{"type":"LineString","coordinates":[[-1.1869,52.67262],[-1.18687,52.6725]]},"properties":{"name":"Leicester Road","category":"tertiary","osm_type":"way","osm_id":"884129971"}},{"type":"Feature","geometry":{"type":"LineString","coordinates":[[-1.78011,52.82033],[-1.77774,52.81974]]},"properties":{"name":"B5234","category":"secondary","osm_type":"way","osm_id":"884236782","ref":"B5234"}},{"type":"Feature","geometry":{"type":"LineString","coordinates":[[-1.79006,52.82433],[-1.78011,52.82041]]},"properties":{"name":"B5234","category":"secondary","osm_type":"way","osm_id":"884236783","ref":"B5234"}},{"type":"Feature","geometry":{"type":"LineString","coordinates":[[-1.73563,52.81545],[-1.73571,52.81457]]},"properties":{"name":"Rangemore Hill","category":"tertiary","osm_type":"way","osm_id":"884236784"}},{"type":"Feature","geometry":{"type":"LineString","coordinates":[[-1.73699,52.80801],[-1.73766,52.80449]]},"properties":{"name":"Rangemore Hill","category":"tertiary","osm_type":"way","osm_id":"884236785"}},{"type":"Feature","geometry":{"type":"LineString","coordinates":[[-1.73766,52.80449],[-1.738,52.80248]]},"properties":{"name":"Rangemore Hill","category":"tertiary","osm_type":"way","osm_id":"884236786"}},{"type":"Feature","geometry":{"type":"LineString","coordinates":[[-1.73745,52.81571],[-1.73588,52.81557]]},"properties":{"name":"B5234","category":"secondary","osm_type":"way","osm_id":"884237005","ref":"B5234"}},{"type":"Feature","geometry":{"type":"LineString","coordinates":[[-1.14884,52.64405],[-1.14921,52.64394]]},"properties":{"name":"Blackbird Road","category":"secondary","osm_type":"way","osm_id":"886196174","ref":"B5327"}},{"type":"Feature","geometry":{"type":"LineString","coordinates":[[-1.06161,52.97664],[-1.06114,52.97688]]},"properties":{"name":"Burton Road","category":"tertiary","osm_type":"way","osm_id":"886498235"}},{"type":"Feature","geometry":{"type":"LineString","coordinates":[[-1.06106,52.97685],[-1.06161,52.97664]]},"properties":{"name":"Burton Road","category":"tertiary","osm_type":"way","osm_id":"886498236"}},{"type":"Feature","geometry":{"type":"LineString","coordinates":[[-1.47408,52.92221],[-1.47431,52.92234]]},"properties":{"name":"Morledge","category":"tertiary","osm_type":"way","osm_id":"887534019"}},{"type":"Feature","geometry":{"type":"LineString","coordinates":[[-1.06832,52.86922],[-1.06772,52.86845]]},"properties":{"name":"Stanton Lane","category":"tertiary","osm_type":"way","osm_id":"888069625"}},{"type":"Feature","geometry":{"type":"LineString","coordinates":[[-1.01471,52.71424],[-1.02333,52.71557],[-1.0262,52.71636]]},"properties":{"name":"Gaddesby Lane","category":"tertiary","osm_type":"way","osm_id":"889140510"}},{"type":"Feature","geometry":{"type":"LineString","coordinates":[[-1.18328,52.84642],[-1.18078,52.84928],[-1.17957,52.8496]]},"properties":{"name":"Bunny Lane","category":"tertiary","osm_type":"way","osm_id":"889968313"}},{"type":"Feature","geometry":{"type":"LineString","coordinates":[[-1.17957,52.8496],[-1.17942,52.84963]]},"properties":{"name":"Bunny Lane","category":"tertiary","osm_type":"way","osm_id":"889968314"}},{"type":"Feature","geometry":{"type":"LineString","coordinates":[[-1.10735,52.93104],[-1.10745,52.93125]]},"properties":{"name":"Ambleside","category":"tertiary","osm_type":"way","osm_id":"891355121"}},{"type":"Feature","geometry":{"type":"LineString","coordinates":[[-1.10794,52.9314],[-1.10737,52.93133]]},"properties":{"name":"Ambleside","category":"tertiary","osm_type":"way","osm_id":"891355132"}},{"type":"Feature","geometry":{"type":"LineString","coordinates":[[-1.31251,52.8257],[-1.31244,52.82597]]},"properties":{"name":"Beverley Road","category":"tertiary","osm_type":"way","osm_id":"891421302"}},{"type":"Feature","geometry":{"type":"LineString","coordinates":[[-1.31244,52.82597],[-1.31225,52.82576]]},"properties":{"name":"Beverley Road","category":"tertiary","osm_type":"way","osm_id":"891421303"}},{"type":"Feature","geometry":{"type":"LineString","coordinates":[[-1.31251,52.8257],[-1.31225,52.82576]]},"properties":{"name":"Beverley Road","category":"tertiary","osm_type":"way","osm_id":"892128209"}},{"type":"Feature","geometry":{"type":"LineString","coordinates":[[-1.41607,52.69099],[-1.41774,52.69196]]},"properties":{"name":"Mill Lane","category":"tertiary","osm_type":"way","osm_id":"893441703"}},{"type":"Feature","geometry":{"type":"LineString","coordinates":[[-1.41774,52.69196],[-1.41792,52.69205]]},"properties":{"name":"Mill Lane","category":"tertiary","osm_type":"way","osm_id":"893441704"}},{"type":"Feature","geometry":{"type":"LineString","coordinates":[[-1.11826,52.63984],[-1.11843,52.64]]},"properties":{"name":"Dysart Way","category":"tertiary","osm_type":"way","osm_id":"894564584"}},{"type":"Feature","geometry":{"type":"LineString","coordinates":[[-1.85936,52.51052],[-1.85934,52.51058]]},"properties":{"name":"Slade Road","category":"tertiary","osm_type":"way","osm_id":"895033695"}},{"type":"Feature","geometry":{"type":"LineString","coordinates":[[-1.86381,52.50608],[-1.86372,52.50613]]},"properties":{"name":"Long Acre","category":"tertiary","osm_type":"way","osm_id":"895044190"}},{"type":"Feature","geometry":{"type":"LineString","coordinates":[[-1.16843,52.91023],[-1.16835,52.91015]]},"properties":{"name":"Farnborough Road","category":"tertiary","osm_type":"way","osm_id":"895944700"}},{"type":"Feature","geometry":{"type":"LineString","coordinates":[[-1.16786,52.90944],[-1.16781,52.90935]]},"properties":{"name":"Farnborough Road","category":"tertiary","osm_type":"way","osm_id":"895944703"}},{"type":"Feature","geometry":{"type":"LineString","coordinates":[[-1.16798,52.90963],[-1.16786,52.90944]]},"properties":{"name":"Farnborough Road","category":"tertiary","osm_type":"way","osm_id":"895944704"}},{"type":"Feature","geometry":{"type":"LineString","coordinates":[[-1.169,52.90017],[-1.16862,52.90049]]},"properties":{"name":"Farnborough Road","category":"tertiary","osm_type":"way","osm_id":"895944714"}},{"type":"Feature","geometry":{"type":"LineString","coordinates":[[-1.16862,52.90049],[-1.16878,52.90012]]},"properties":{"name":"Farnborough Road","category":"tertiary","osm_type":"way","osm_id":"895944715"}},{"type":"Feature","geometry":{"type":"LineString","coordinates":[[-1.169,52.89982],[-1.16935,52.89952]]},"properties":{"name":"Farnborough Road","category":"tertiary","osm_type":"way","osm_id":"895944719"}},{"type":"Feature","geometry":{"type":"LineString","coordinates":[[-1.16935,52.89952],[-1.16922,52.89989]]},"properties":{"name":"Farnborough Road","category":"tertiary","osm_type":"way","osm_id":"895944720"}},{"type":"Feature","geometry":{"type":"LineString","coordinates":[[-1.17341,52.897],[-1.17328,52.89703]]},"properties":{"name":"Farnborough Road","category":"tertiary","osm_type":"way","osm_id":"895944728"}},{"type":"Feature","geometry":{"type":"LineString","coordinates":[[-1.17374,52.89694],[-1.17349,52.89699]]},"properties":{"name":"Farnborough Road","category":"tertiary","osm_type":"way","osm_id":"895944729"}},{"type":"Feature","geometry":{"type":"LineString","coordinates":[[-1.87345,52.50465],[-1.87313,52.50434]]},"properties":{"name":"Grosvenor Road","category":"secondary","osm_type":"way","osm_id":"897166944","ref":"B4137"}},{"type":"Feature","geometry":{"type":"LineString","coordinates":[[-1.87864,52.50578],[-1.87825,52.50572]]},"properties":{"name":"Queens Road","category":"secondary","osm_type":"way","osm_id":"897166945","ref":"B4137"}},{"type":"Feature","geometry":{"type":"LineString","coordinates":[[-1.88682,52.51166],[-1.88657,52.51195]]},"properties":{"name":"Witton Road","category":"secondary","osm_type":"way","osm_id":"897178574","ref":"B4140"}},{"type":"Feature","geometry":{"type":"LineString","coordinates":[[-1.88829,52.51054],[-1.8881,52.51068]]},"properties":{"name":"Witton Road","category":"secondary","osm_type":"way","osm_id":"897178575","ref":"B4140"}},{"type":"Feature","geometry":{"type":"LineString","coordinates":[[-1.92002,52.506],[-1.91965,52.50862]]},"properties":{"name":"Hamstead Road","category":"secondary","osm_type":"way","osm_id":"897558179","ref":"B4124"}},{"type":"Feature","geometry":{"type":"LineString","coordinates":[[-1.9193,52.50904],[-1.91965,52.50862]]},"properties":{"name":"Hamstead Road","category":"secondary","osm_type":"way","osm_id":"897558180","ref":"B4124"}},{"type":"Feature","geometry":{"type":"LineString","coordinates":[[-1.90422,52.50274],[-1.90248,52.50261]]},"properties":{"name":"Lozells Road","category":"secondary","osm_type":"way","osm_id":"897563279","ref":"B4144"}},{"type":"Feature","geometry":{"type":"LineString","coordinates":[[-1.78877,52.50327],[-1.78878,52.50336]]},"properties":{"name":"Hall Road","category":"secondary","osm_type":"way","osm_id":"898040190","ref":"B4118"}},{"type":"Feature","geometry":{"type":"LineString","coordinates":[[-1.94965,52.51007],[-1.94965,52.51014]]},"properties":{"name":"Sandwell Road","category":"tertiary","osm_type":"way","osm_id":"898436185"}},{"type":"Feature","geometry":{"type":"LineString","coordinates":[[-1.9496,52.50969],[-1.94965,52.51007]]},"properties":{"name":"Sandwell Road","category":"tertiary","osm_type":"way","osm_id":"898436186"}},{"type":"Feature","geometry":{"type":"LineString","coordinates":[[-1.951,52.56513],[-1.95032,52.56544]]},"properties":{"name":"Walstead Road","category":"tertiary","osm_type":"way","osm_id":"902633029"}},{"type":"Feature","geometry":{"type":"LineString","coordinates":[[-1.98686,52.53501],[-1.9873,52.53513]]},"properties":{"name":"Heath Lane","category":"secondary","osm_type":"way","osm_id":"903860797","ref":"B4149"}},{"type":"Feature","geometry":{"type":"LineString","coordinates":[[-1.98771,52.53525],[-1.98739,52.53525]]},"properties":{"name":"B4149","category":"secondary","osm_type":"way","osm_id":"903860798","ref":"B4149"}},{"type":"Feature","geometry":{"type":"LineString","coordinates":[[-1.98335,52.54432],[-1.98269,52.54421]]},"properties":{"name":"Jervoise Lane","category":"tertiary","osm_type":"way","osm_id":"903860804"}},{"type":"Feature","geometry":{"type":"LineString","coordinates":[[-1.1927,52.89469],[-1.19198,52.89569]]},"properties":{"name":"Nottingham Road","category":"tertiary","osm_type":"way","osm_id":"906304148"}},{"type":"Feature","geometry":{"type":"LineString","coordinates":[[-1.19194,52.89555],[-1.1927,52.89469]]},"properties":{"name":"Nottingham Road","category":"tertiary","osm_type":"way","osm_id":"906304149"}},{"type":"Feature","geometry":{"type":"LineString","coordinates":[[-1.19148,52.89626],[-1.19142,52.89634]]},"properties":{"name":"Nottingham Road","category":"tertiary","osm_type":"way","osm_id":"906304150"}},{"type":"Feature","geometry":{"type":"LineString","coordinates":[[-1.20527,52.93327],[-1.20524,52.93336]]},"properties":{"name":"Broadgate","category":"secondary_link","osm_type":"way","osm_id":"906775797","ref":"B6464"}},{"type":"Feature","geometry":{"type":"LineString","coordinates":[[-1.14915,52.98842],[-1.149,52.98801]]},"properties":{"name":"Edwards Lane","category":"tertiary","osm_type":"way","osm_id":"906801812"}},{"type":"Feature","geometry":{"type":"LineString","coordinates":[[-1.14955,52.98896],[-1.14928,52.98871]]},"properties":{"name":"Edwards Lane","category":"tertiary","osm_type":"way","osm_id":"906801816"}},{"type":"Feature","geometry":{"type":"LineString","coordinates":[[-1.14956,52.98898],[-1.14955,52.98896]]},"properties":{"name":"Edwards Lane","category":"tertiary","osm_type":"way","osm_id":"906801817"}},{"type":"Feature","geometry":{"type":"LineString","coordinates":[[-1.14323,52.78224],[-1.14347,52.78208]]},"properties":{"name":"Loughborough Road","category":"secondary","osm_type":"way","osm_id":"907702083","ref":"B676"}},{"type":"Feature","geometry":{"type":"LineString","coordinates":[[-1.89139,52.97291],[-1.88605,52.97225]]},"properties":{"name":"Denstone Lane","category":"secondary","osm_type":"way","osm_id":"908471885","ref":"B5032"}},{"type":"Feature","geometry":{"type":"LineString","coordinates":[[-1.86215,52.96726],[-1.86007,52.9667]]},"properties":{"name":"Denstone Lane","category":"secondary","osm_type":"way","osm_id":"908471886","ref":"B5032"}},{"type":"Feature","geometry":{"type":"LineString","coordinates":[[-1.14365,52.78221],[-1.14347,52.78208]]},"properties":{"name":"Prestwold Lane","category":"secondary","osm_type":"way","osm_id":"908544818","ref":"B676"}},{"type":"Feature","geometry":{"type":"LineString","coordinates":[[-1.4101,52.88247],[-1.41002,52.88277]]},"properties":{"name":"Snelsmoor Lane","category":"tertiary","osm_type":"way","osm_id":"911216382"}},{"type":"Feature","geometry":{"type":"LineString","coordinates":[[-1.41012,52.88195],[-1.41008,52.88234]]},"properties":{"name":"Snelsmoor Lane","category":"tertiary","osm_type":"way","osm_id":"911216383"}},{"type":"Feature","geometry":{"type":"LineString","coordinates":[[-1.4098,52.88231],[-1.41012,52.88195]]},"properties":{"name":"Snelsmoor Lane","category":"tertiary","osm_type":"way","osm_id":"911216384"}},{"type":"Feature","geometry":{"type":"LineString","coordinates":[[-1.41002,52.88277],[-1.40979,52.88251]]},"properties":{"name":"Snelsmoor Lane","category":"tertiary","osm_type":"way","osm_id":"911216385"}},{"type":"Feature","geometry":{"type":"LineString","coordinates":[[-1.40993,52.88254],[-1.40971,52.88242],[-1.40992,52.88229],[-1.41012,52.8824],[-1.40993,52.88254]]},"properties":{"name":"Secondary and tertiary roads","category":"tertiary","osm_type":"way","osm_id":"911216386"}},{"type":"Feature","geometry":{"type":"LineString","coordinates":[[-1.41022,52.88039],[-1.41012,52.88195]]},"properties":{"name":"Snelsmoor Lane","category":"tertiary","osm_type":"way","osm_id":"911216389"}},{"type":"Feature","geometry":{"type":"LineString","coordinates":[[-1.41032,52.88016],[-1.41022,52.88039]]},"properties":{"name":"Snelsmoor Lane","category":"tertiary","osm_type":"way","osm_id":"911216394"}},{"type":"Feature","geometry":{"type":"LineString","coordinates":[[-1.41022,52.88039],[-1.41009,52.88018]]},"properties":{"name":"Snelsmoor Lane","category":"tertiary","osm_type":"way","osm_id":"911216395"}},{"type":"Feature","geometry":{"type":"LineString","coordinates":[[-1.41009,52.87997],[-1.4102,52.87977]]},"properties":{"name":"Snelsmoor Lane","category":"tertiary","osm_type":"way","osm_id":"911216396"}},{"type":"Feature","geometry":{"type":"LineString","coordinates":[[-1.4102,52.87977],[-1.41031,52.87998]]},"properties":{"name":"Snelsmoor Lane","category":"tertiary","osm_type":"way","osm_id":"911216397"}},{"type":"Feature","geometry":{"type":"LineString","coordinates":[[-1.40999,52.88008],[-1.41015,52.87996],[-1.41038,52.88007],[-1.41021,52.88019],[-1.40999,52.88008]]},"properties":{"name":"Secondary and tertiary roads","category":"tertiary","osm_type":"way","osm_id":"911216398"}},{"type":"Feature","geometry":{"type":"LineString","coordinates":[[-1.41033,52.87841],[-1.4102,52.87977]]},"properties":{"name":"Snelsmoor Lane","category":"tertiary","osm_type":"way","osm_id":"911216399"}},{"type":"Feature","geometry":{"type":"LineString","coordinates":[[-1.82927,52.95],[-1.82919,52.95002]]},"properties":{"name":"Mill Street","category":"tertiary","osm_type":"way","osm_id":"912388619"}},{"type":"Feature","geometry":{"type":"LineString","coordinates":[[-1.19894,52.88595],[-1.19488,52.88688],[-1.19305,52.88873]]},"properties":{"name":"Fairham Way","category":"tertiary","osm_type":"way","osm_id":"912411420"}},{"type":"Feature","geometry":{"type":"LineString","coordinates":[[-1.19502,52.8923],[-1.19537,52.89255]]},"properties":{"name":"Fairham Way","category":"tertiary","osm_type":"way","osm_id":"912433666"}},{"type":"Feature","geometry":{"type":"LineString","coordinates":[[-1.19445,52.89141],[-1.19472,52.89204]]},"properties":{"name":"Fairham Way","category":"tertiary","osm_type":"way","osm_id":"912433667"}},{"type":"Feature","geometry":{"type":"LineString","coordinates":[[-1.1954,52.89258],[-1.19553,52.89272]]},"properties":{"name":"Fairham Way","category":"tertiary","osm_type":"way","osm_id":"912433668"}},{"type":"Feature","geometry":{"type":"LineString","coordinates":[[-1.19497,52.89226],[-1.19502,52.8923]]},"properties":{"name":"Fairham Way","category":"tertiary","osm_type":"way","osm_id":"912433669"}},{"type":"Feature","geometry":{"type":"LineString","coordinates":[[-1.19503,52.89272],[-1.19388,52.8934]]},"properties":{"name":"Nottingham Road","category":"tertiary","osm_type":"way","osm_id":"912433670"}},{"type":"Feature","geometry":{"type":"LineString","coordinates":[[-1.48328,52.92345],[-1.48341,52.92347]]},"properties":{"name":"Friar Gate","category":"tertiary","osm_type":"way","osm_id":"912654806"}},{"type":"Feature","geometry":{"type":"LineString","coordinates":[[-1.48341,52.92347],[-1.4842,52.92363]]},"properties":{"name":"Friar Gate","category":"tertiary","osm_type":"way","osm_id":"912654807"}},{"type":"Feature","geometry":{"type":"LineString","coordinates":[[-1.13236,52.92846],[-1.1323,52.92784]]},"properties":{"name":"Musters Road","category":"tertiary","osm_type":"way","osm_id":"913682950"}},{"type":"Feature","geometry":{"type":"LineString","coordinates":[[-1.16101,52.9258],[-1.16011,52.92579]]},"properties":{"name":"Clifton Lane","category":"secondary","osm_type":"way","osm_id":"914018549","ref":"B679"}},{"type":"Feature","geometry":{"type":"LineString","coordinates":[[-1.15896,52.92565],[-1.1602,52.92571]]},"properties":{"name":"Wilford Lane","category":"secondary","osm_type":"way","osm_id":"914018560","ref":"B679"}},{"type":"Feature","geometry":{"type":"LineString","coordinates":[[-1.15451,52.92582],[-1.15468,52.92586]]},"properties":{"name":"Wilford Lane","category":"secondary_link","osm_type":"way","osm_id":"914018587"}},{"type":"Feature","geometry":{"type":"LineString","coordinates":[[-1.15466,52.9258],[-1.15449,52.92576]]},"properties":{"name":"Wilford Lane","category":"secondary_link","osm_type":"way","osm_id":"914018588"}},{"type":"Feature","geometry":{"type":"LineString","coordinates":[[-1.15451,52.92582],[-1.15449,52.92576]]},"properties":{"name":"Compton Acres","category":"tertiary","osm_type":"way","osm_id":"914018591"}},{"type":"Feature","geometry":{"type":"LineString","coordinates":[[-1.15449,52.92576],[-1.15463,52.92574]]},"properties":{"name":"Wilford Lane","category":"secondary","osm_type":"way","osm_id":"914018592","ref":"B679"}},{"type":"Feature","geometry":{"type":"LineString","coordinates":[[-1.15468,52.92586],[-1.15454,52.92588]]},"properties":{"name":"Wilford Lane","category":"secondary","osm_type":"way","osm_id":"914018593","ref":"B679"}},{"type":"Feature","geometry":{"type":"LineString","coordinates":[[-1.15449,52.92576],[-1.15437,52.92511]]},"properties":{"name":"Compton Acres","category":"tertiary","osm_type":"way","osm_id":"914018594"}},{"type":"Feature","geometry":{"type":"LineString","coordinates":[[-1.14976,52.92697],[-1.14928,52.92731]]},"properties":{"name":"Wilford Lane","category":"secondary","osm_type":"way","osm_id":"914018596","ref":"B679"}},{"type":"Feature","geometry":{"type":"LineString","coordinates":[[-1.15035,52.92659],[-1.14976,52.92697]]},"properties":{"name":"Wilford Lane","category":"secondary","osm_type":"way","osm_id":"914018597","ref":"B679"}},{"type":"Feature","geometry":{"type":"LineString","coordinates":[[-1.18188,52.95601],[-1.18213,52.95585]]},"properties":{"name":"St Peter's Street","category":"tertiary","osm_type":"way","osm_id":"914122020"}},{"type":"Feature","geometry":{"type":"LineString","coordinates":[[-1.53321,52.89265],[-1.53304,52.89272]]},"properties":{"name":"Rykneld Road","category":"tertiary","osm_type":"way","osm_id":"914220616"}},{"type":"Feature","geometry":{"type":"LineString","coordinates":[[-1.15432,52.91882],[-1.15431,52.91885]]},"properties":{"name":"Secondary and tertiary roads","category":"tertiary","osm_type":"way","osm_id":"914274841"}},{"type":"Feature","geometry":{"type":"LineString","coordinates":[[-1.15414,52.91868],[-1.15419,52.91869]]},"properties":{"name":"Secondary and tertiary roads","category":"tertiary","osm_type":"way","osm_id":"914274842"}},{"type":"Feature","geometry":{"type":"LineString","coordinates":[[-1.15437,52.92511],[-1.15463,52.92574]]},"properties":{"name":"Compton Acres","category":"tertiary","osm_type":"way","osm_id":"914274843"}},{"type":"Feature","geometry":{"type":"LineString","coordinates":[[-1.7266,52.52234],[-1.72628,52.52246]]},"properties":{"name":"Marsh Lane","category":"secondary","osm_type":"way","osm_id":"917490554","ref":"B4118"}},{"type":"Feature","geometry":{"type":"LineString","coordinates":[[-1.72628,52.52236],[-1.7266,52.52234]]},"properties":{"name":"Marsh Lane","category":"secondary","osm_type":"way","osm_id":"917490555","ref":"B4118"}},{"type":"Feature","geometry":{"type":"LineString","coordinates":[[-1.26562,52.7614],[-1.26509,52.76091]]},"properties":{"name":"William Railton Road","category":"tertiary","osm_type":"way","osm_id":"918761879"}},{"type":"Feature","geometry":{"type":"LineString","coordinates":[[-1.26558,52.76083],[-1.26562,52.7614]]},"properties":{"name":"William Railton Road","category":"tertiary","osm_type":"way","osm_id":"918761880"}},{"type":"Feature","geometry":{"type":"LineString","coordinates":[[-1.42341,52.91884],[-1.42325,52.9188]]},"properties":{"name":"Derby Road","category":"tertiary","osm_type":"way","osm_id":"921057430"}},{"type":"Feature","geometry":{"type":"LineString","coordinates":[[-1.42368,52.91891],[-1.42341,52.91884]]},"properties":{"name":"Derby Road","category":"tertiary","osm_type":"way","osm_id":"921057431"}},{"type":"Feature","geometry":{"type":"LineString","coordinates":[[-1.60402,52.79833],[-1.60457,52.79816]]},"properties":{"name":"Beaufort Road","category":"tertiary","osm_type":"way","osm_id":"921449838"}},{"type":"Feature","geometry":{"type":"LineString","coordinates":[[-1.60387,52.79852],[-1.60318,52.79873]]},"properties":{"name":"Beaufort Road","category":"tertiary","osm_type":"way","osm_id":"921449839"}},{"type":"Feature","geometry":{"type":"LineString","coordinates":[[-1.60318,52.79873],[-1.60374,52.79845]]},"properties":{"name":"Beaufort Road","category":"tertiary","osm_type":"way","osm_id":"921449842"}},{"type":"Feature","geometry":{"type":"LineString","coordinates":[[-1.59749,52.80159],[-1.59728,52.802]]},"properties":{"name":"Beaufort Road","category":"tertiary","osm_type":"way","osm_id":"921449857"}},{"type":"Feature","geometry":{"type":"LineString","coordinates":[[-1.5971,52.80196],[-1.59749,52.80159]]},"properties":{"name":"Beaufort Road","category":"tertiary","osm_type":"way","osm_id":"921449858"}},{"type":"Feature","geometry":{"type":"LineString","coordinates":[[-1.96651,52.61695],[-1.96627,52.61679]]},"properties":{"name":"Walsall Road","category":"secondary","osm_type":"way","osm_id":"923464310","ref":"B4154"}},{"type":"Feature","geometry":{"type":"LineString","coordinates":[[-1.94276,52.99501],[-1.94292,52.99494]]},"properties":{"name":"Oakamoor Road","category":"secondary","osm_type":"way","osm_id":"923501778","ref":"B5417"}},{"type":"Feature","geometry":{"type":"LineString","coordinates":[[-1.57355,52.92304],[-1.57318,52.9229]]},"properties":{"name":"Secondary and tertiary roads","category":"tertiary","osm_type":"way","osm_id":"924362035"}},{"type":"Feature","geometry":{"type":"LineString","coordinates":[[-1.57367,52.92307],[-1.57355,52.92304]]},"properties":{"name":"Secondary and tertiary roads","category":"tertiary","osm_type":"way","osm_id":"924362036"}},{"type":"Feature","geometry":{"type":"LineString","coordinates":[[-1.19128,52.92122],[-1.19143,52.92117]]},"properties":{"name":"Thane Road","category":"tertiary","osm_type":"way","osm_id":"924379599"}},{"type":"Feature","geometry":{"type":"LineString","coordinates":[[-1.19143,52.92117],[-1.19253,52.92099],[-1.19696,52.92495]]},"properties":{"name":"Thane Road","category":"tertiary","osm_type":"way","osm_id":"924379600"}},{"type":"Feature","geometry":{"type":"LineString","coordinates":[[-1.19702,52.92501],[-1.19696,52.92495]]},"properties":{"name":"Thane Road","category":"tertiary","osm_type":"way","osm_id":"924381007"}},{"type":"Feature","geometry":{"type":"LineString","coordinates":[[-1.81477,52.67248],[-1.81491,52.67221]]},"properties":{"name":"Cricket Lane","category":"tertiary","osm_type":"way","osm_id":"925452955"}},{"type":"Feature","geometry":{"type":"LineString","coordinates":[[-1.50189,52.88145],[-1.5019,52.88138]]},"properties":{"name":"Stenson Road","category":"tertiary","osm_type":"way","osm_id":"925627183"}},{"type":"Feature","geometry":{"type":"LineString","coordinates":[[-1.5017,52.88211],[-1.50177,52.8819]]},"properties":{"name":"Stenson Road","category":"tertiary","osm_type":"way","osm_id":"925627184"}},{"type":"Feature","geometry":{"type":"LineString","coordinates":[[-1.24451,52.76555],[-1.2469,52.76504]]},"properties":{"name":"Old Ashby Road","category":"tertiary","osm_type":"way","osm_id":"928160796"}},{"type":"Feature","geometry":{"type":"LineString","coordinates":[[-1.22661,52.94686],[-1.22455,52.94442]]},"properties":{"name":"Wollaton Vale","category":"tertiary","osm_type":"way","osm_id":"931996048"}},{"type":"Feature","geometry":{"type":"LineString","coordinates":[[-1.22455,52.94442],[-1.22432,52.94394]]},"properties":{"name":"Wollaton Vale","category":"tertiary","osm_type":"way","osm_id":"931996049"}},{"type":"Feature","geometry":{"type":"LineString","coordinates":[[-1.35053,52.70715],[-1.35099,52.70859]]},"properties":{"name":"Sence Valley Road","category":"tertiary","osm_type":"way","osm_id":"932153051"}},{"type":"Feature","geometry":{"type":"LineString","coordinates":[[-1.35157,52.70896],[-1.35124,52.709]]},"properties":{"name":"Grange Road","category":"tertiary","osm_type":"way","osm_id":"932153052"}},{"type":"Feature","geometry":{"type":"LineString","coordinates":[[-1.35091,52.70904],[-1.35051,52.70906]]},"properties":{"name":"Grange Road","category":"tertiary","osm_type":"way","osm_id":"932153053"}},{"type":"Feature","geometry":{"type":"LineString","coordinates":[[-1.35051,52.70906],[-1.35082,52.70889]]},"properties":{"name":"Grange Road","category":"tertiary","osm_type":"way","osm_id":"932153054"}},{"type":"Feature","geometry":{"type":"LineString","coordinates":[[-1.35119,52.70882],[-1.35157,52.70896]]},"properties":{"name":"Grange Road","category":"tertiary","osm_type":"way","osm_id":"932153055"}},{"type":"Feature","geometry":{"type":"LineString","coordinates":[[-1.35051,52.70906],[-1.34415,52.70948],[-1.34209,52.70894]]},"properties":{"name":"Grange Road","category":"tertiary","osm_type":"way","osm_id":"932153056"}},{"type":"Feature","geometry":{"type":"LineString","coordinates":[[-1.35114,52.70905],[-1.35083,52.70897],[-1.35094,52.7088],[-1.35127,52.70888],[-1.35114,52.70905]]},"properties":{"name":"Secondary and tertiary roads","category":"tertiary","osm_type":"way","osm_id":"932153057"}},{"type":"Feature","geometry":{"type":"LineString","coordinates":[[-1.19553,52.89272],[-1.19605,52.89413]]},"properties":{"name":"Fairham Way","category":"tertiary","osm_type":"way","osm_id":"933838602"}},{"type":"Feature","geometry":{"type":"LineString","coordinates":[[-1.93137,52.76707],[-1.93059,52.76704]]},"properties":{"name":"Secondary and tertiary roads","category":"secondary_link","osm_type":"way","osm_id":"934000179"}},{"type":"Feature","geometry":{"type":"LineString","coordinates":[[-1.62884,52.61164],[-1.62879,52.6112]]},"properties":{"name":"Cockspur Street","category":"tertiary","osm_type":"way","osm_id":"934332659"}},{"type":"Feature","geometry":{"type":"LineString","coordinates":[[-1.21505,52.66115],[-1.21496,52.66125]]},"properties":{"name":"Leicester Road","category":"tertiary_link","osm_type":"way","osm_id":"935066506"}},{"type":"Feature","geometry":{"type":"LineString","coordinates":[[-1.55042,52.83979],[-1.55029,52.8397]]},"properties":{"name":"High Street","category":"tertiary","osm_type":"way","osm_id":"935566045"}},{"type":"Feature","geometry":{"type":"LineString","coordinates":[[-1.55029,52.8397],[-1.55052,52.83974]]},"properties":{"name":"High Street","category":"tertiary","osm_type":"way","osm_id":"935566046"}},{"type":"Feature","geometry":{"type":"LineString","coordinates":[[-1.5507,52.83961],[-1.55067,52.83979]]},"properties":{"name":"Burton Road","category":"secondary","osm_type":"way","osm_id":"935566047"}},{"type":"Feature","geometry":{"type":"LineString","coordinates":[[-1.55055,52.83974],[-1.5507,52.83961]]},"properties":{"name":"Burton Road","category":"secondary","osm_type":"way","osm_id":"935566048"}},{"type":"Feature","geometry":{"type":"LineString","coordinates":[[-1.5508,52.84015],[-1.55051,52.83989]]},"properties":{"name":"Willington Road","category":"secondary","osm_type":"way","osm_id":"935566049","ref":"B5008"}},{"type":"Feature","geometry":{"type":"LineString","coordinates":[[-1.55067,52.83982],[-1.5508,52.84015]]},"properties":{"name":"Willington Road","category":"secondary","osm_type":"way","osm_id":"935566050","ref":"B5008"}},{"type":"Feature","geometry":{"type":"LineString","coordinates":[[-1.55067,52.83982],[-1.55051,52.83989]]},"properties":{"name":"Secondary and tertiary roads","category":"secondary","osm_type":"way","osm_id":"935566051"}},{"type":"Feature","geometry":{"type":"LineString","coordinates":[[-1.41052,52.49861],[-1.41583,52.50052],[-1.42298,52.50206]]},"properties":{"name":"Lutterworth Road","category":"secondary","osm_type":"way","osm_id":"935924448","ref":"B4114"}},{"type":"Feature","geometry":{"type":"LineString","coordinates":[[-1.43458,52.91561],[-1.43535,52.91612]]},"properties":{"name":"Wyvern Way","category":"tertiary","osm_type":"way","osm_id":"937841916"}},{"type":"Feature","geometry":{"type":"LineString","coordinates":[[-1.43388,52.9149],[-1.43458,52.91561]]},"properties":{"name":"Wyvern Way","category":"tertiary","osm_type":"way","osm_id":"937841917"}},{"type":"Feature","geometry":{"type":"LineString","coordinates":[[-1.43979,52.91737],[-1.43858,52.91713]]},"properties":{"name":"Wyvern Way","category":"tertiary","osm_type":"way","osm_id":"937841918"}},{"type":"Feature","geometry":{"type":"LineString","coordinates":[[-1.43686,52.91669],[-1.43824,52.91695]]},"properties":{"name":"Wyvern Way","category":"tertiary","osm_type":"way","osm_id":"937841919"}},{"type":"Feature","geometry":{"type":"LineString","coordinates":[[-1.44031,52.91747],[-1.43997,52.9174]]},"properties":{"name":"Wyvern Way","category":"tertiary","osm_type":"way","osm_id":"937841920"}},{"type":"Feature","geometry":{"type":"LineString","coordinates":[[-1.43824,52.91695],[-1.43997,52.91732]]},"properties":{"name":"Wyvern Way","category":"tertiary","osm_type":"way","osm_id":"937841921"}},{"type":"Feature","geometry":{"type":"LineString","coordinates":[[-1.04288,52.73801],[-1.04107,52.73695]]},"properties":{"name":"Seagrave Road","category":"tertiary","osm_type":"way","osm_id":"939981389"}},{"type":"Feature","geometry":{"type":"LineString","coordinates":[[-1.09412,52.69897],[-1.09462,52.69909]]},"properties":{"name":"Secondary and tertiary roads","category":"tertiary","osm_type":"way","osm_id":"941607752"}},{"type":"Feature","geometry":{"type":"LineString","coordinates":[[-1.98053,52.61625],[-1.9807,52.61631]]},"properties":{"name":"Goscote Lane","category":"tertiary","osm_type":"way","osm_id":"943268908"}},{"type":"Feature","geometry":{"type":"LineString","coordinates":[[-1.98069,52.61657],[-1.98064,52.61641]]},"properties":{"name":"Goscote Lane","category":"tertiary","osm_type":"way","osm_id":"943268909"}},{"type":"Feature","geometry":{"type":"LineString","coordinates":[[-1.98062,52.61637],[-1.98053,52.61625]]},"properties":{"name":"Goscote Lane","category":"tertiary","osm_type":"way","osm_id":"943268911"}},{"type":"Feature","geometry":{"type":"LineString","coordinates":[[-1.98077,52.61642],[-1.98069,52.61657]]},"properties":{"name":"Goscote Lane","category":"tertiary","osm_type":"way","osm_id":"943268912"}},{"type":"Feature","geometry":{"type":"LineString","coordinates":[[-1.98073,52.61632],[-1.98081,52.61637],[-1.9807,52.61643],[-1.98062,52.61637],[-1.98073,52.61632]]},"properties":{"name":"Secondary and tertiary roads","category":"tertiary","osm_type":"way","osm_id":"943268914"}},{"type":"Feature","geometry":{"type":"LineString","coordinates":[[-1.2407,52.71388],[-1.23465,52.70917],[-1.22943,52.70249]]},"properties":{"name":"Benscliffe Road","category":"tertiary","osm_type":"way","osm_id":"943860156"}},{"type":"Feature","geometry":{"type":"LineString","coordinates":[[-1.69807,52.81232],[-1.69752,52.81231]]},"properties":{"name":"Henhurst Hill","category":"secondary","osm_type":"way","osm_id":"945511361","ref":"B5017"}},{"type":"Feature","geometry":{"type":"LineString","coordinates":[[-1.18225,52.98457],[-1.18189,52.98462]]},"properties":{"name":"David Lane","category":"secondary","osm_type":"way","osm_id":"949321853","ref":"B6004"}},{"type":"Feature","geometry":{"type":"LineString","coordinates":[[-1.49261,52.87635],[-1.49399,52.87533]]},"properties":{"name":"Arleston Lane","category":"tertiary","osm_type":"way","osm_id":"949732507"}},{"type":"Feature","geometry":{"type":"LineString","coordinates":[[-1.8069,52.52308],[-1.80645,52.52325]]},"properties":{"name":"Eachelhurst Road","category":"secondary","osm_type":"way","osm_id":"951414631","ref":"B4148"}},{"type":"Feature","geometry":{"type":"LineString","coordinates":[[-1.80631,52.52316],[-1.80668,52.52293]]},"properties":{"name":"Eachelhurst Road","category":"secondary","osm_type":"way","osm_id":"951414632","ref":"B4148"}},{"type":"Feature","geometry":{"type":"LineString","coordinates":[[-1.93125,52.70766],[-1.9304,52.70748]]},"properties":{"name":"Buds Road","category":"tertiary","osm_type":"way","osm_id":"952082530"}},{"type":"Feature","geometry":{"type":"LineString","coordinates":[[-1.07846,52.59919],[-1.07848,52.59926]]},"properties":{"name":"New Street","category":"secondary","osm_type":"way","osm_id":"953376973","ref":"B582"}},{"type":"Feature","geometry":{"type":"LineString","coordinates":[[-1.07848,52.59926],[-1.07849,52.59932]]},"properties":{"name":"New Street","category":"secondary","osm_type":"way","osm_id":"953376975","ref":"B582"}},{"type":"Feature","geometry":{"type":"LineString","coordinates":[[-1.07844,52.59913],[-1.07846,52.59919]]},"properties":{"name":"New Street","category":"secondary","osm_type":"way","osm_id":"953376976","ref":"B582"}},{"type":"Feature","geometry":{"type":"LineString","coordinates":[[-1.07853,52.59944],[-1.07851,52.59981]]},"properties":{"name":"New Street","category":"secondary","osm_type":"way","osm_id":"953376978","ref":"B582"}},{"type":"Feature","geometry":{"type":"LineString","coordinates":[[-1.20265,52.98773],[-1.20161,52.98868]]},"properties":{"name":"Cinderhill Road","category":"tertiary","osm_type":"way","osm_id":"954740152"}},{"type":"Feature","geometry":{"type":"LineString","coordinates":[[-1.55535,52.51682],[-1.55572,52.51575]]},"properties":{"name":"Arley Lane","category":"tertiary","osm_type":"way","osm_id":"955246645"}},{"type":"Feature","geometry":{"type":"LineString","coordinates":[[-1.56111,52.50953],[-1.56524,52.50677]]},"properties":{"name":"Gun Hill","category":"tertiary","osm_type":"way","osm_id":"955246646"}},{"type":"Feature","geometry":{"type":"LineString","coordinates":[[-1.49223,52.70624],[-1.49042,52.70496],[-1.47825,52.70137],[-1.47368,52.6997],[-1.47128,52.69833],[-1.46702,52.69755],[-1.46186,52.69442]]},"properties":{"name":"Swepstone Road","category":"tertiary","osm_type":"way","osm_id":"955248611"}},{"type":"Feature","geometry":{"type":"LineString","coordinates":[[-1.49576,52.70677],[-1.49363,52.70704],[-1.49264,52.70655]]},"properties":{"name":"Leicester Road","category":"tertiary","osm_type":"way","osm_id":"955248612"}},{"type":"Feature","geometry":{"type":"LineString","coordinates":[[-1.46186,52.69442],[-1.45862,52.69431],[-1.45653,52.69336],[-1.4553,52.69321],[-1.45199,52.69344],[-1.4489,52.69441]]},"properties":{"name":"Swepstone Road","category":"tertiary","osm_type":"way","osm_id":"955249411"}},{"type":"Feature","geometry":{"type":"LineString","coordinates":[[-1.43174,52.69273],[-1.42956,52.69247],[-1.42407,52.69266]]},"properties":{"name":"Swepstone Road","category":"tertiary","osm_type":"way","osm_id":"955249701"}},{"type":"Feature","geometry":{"type":"LineString","coordinates":[[-1.18403,52.95135],[-1.18399,52.95127]]},"properties":{"name":"Triumph Road","category":"tertiary","osm_type":"way","osm_id":"955647478"}},{"type":"Feature","geometry":{"type":"LineString","coordinates":[[-1.26579,52.76157],[-1.26562,52.7614]]},"properties":{"name":"William Railton Road","category":"tertiary","osm_type":"way","osm_id":"956133887"}},{"type":"Feature","geometry":{"type":"LineString","coordinates":[[-1.80736,52.52263],[-1.80858,52.52199]]},"properties":{"name":"Tyburn Road","category":"secondary","osm_type":"way","osm_id":"957119631","ref":"B4148"}},{"type":"Feature","geometry":{"type":"LineString","coordinates":[[-1.80752,52.52273],[-1.80731,52.52287]]},"properties":{"name":"Tyburn Road","category":"secondary","osm_type":"way","osm_id":"957119632","ref":"B4148"}},{"type":"Feature","geometry":{"type":"LineString","coordinates":[[-1.20434,52.93382],[-1.20443,52.93373]]},"properties":{"name":"Beeston Lane","category":"tertiary_link","osm_type":"way","osm_id":"958389254"}},{"type":"Feature","geometry":{"type":"LineString","coordinates":[[-1.26539,52.9989],[-1.26457,52.99888]]},"properties":{"name":"Eastwood Road","category":"tertiary","osm_type":"way","osm_id":"958394982"}},{"type":"Feature","geometry":{"type":"LineString","coordinates":[[-1.26457,52.99888],[-1.26262,52.9986],[-1.26062,52.9988]]},"properties":{"name":"Eastwood Road","category":"tertiary","osm_type":"way","osm_id":"958394983"}},{"type":"Feature","geometry":{"type":"LineString","coordinates":[[-1.77257,52.50237],[-1.77245,52.50221]]},"properties":{"name":"Chester Road","category":"secondary","osm_type":"way","osm_id":"958482158","ref":"B4119"}},{"type":"Feature","geometry":{"type":"LineString","coordinates":[[-1.67475,52.87448],[-1.67256,52.8744]]},"properties":{"name":"Derby Road","category":"tertiary","osm_type":"way","osm_id":"958810606"}},{"type":"Feature","geometry":{"type":"LineString","coordinates":[[-1.67538,52.87434],[-1.67533,52.8745]]},"properties":{"name":"Derby Road","category":"tertiary","osm_type":"way","osm_id":"958810607"}},{"type":"Feature","geometry":{"type":"LineString","coordinates":[[-1.48314,52.91924],[-1.48312,52.91955]]},"properties":{"name":"Abbey Street","category":"tertiary","osm_type":"way","osm_id":"959782680"}},{"type":"Feature","geometry":{"type":"LineString","coordinates":[[-1.48312,52.91955],[-1.48311,52.9197]]},"properties":{"name":"Abbey Street","category":"tertiary","osm_type":"way","osm_id":"959782684"}},{"type":"Feature","geometry":{"type":"LineString","coordinates":[[-1.23381,52.64233],[-1.23477,52.64293]]},"properties":{"name":"Station Road","category":"tertiary","osm_type":"way","osm_id":"960143380"}},{"type":"Feature","geometry":{"type":"LineString","coordinates":[[-1.22846,52.63928],[-1.22948,52.64011]]},"properties":{"name":"Ratby Lane","category":"tertiary","osm_type":"way","osm_id":"960143381"}},{"type":"Feature","geometry":{"type":"LineString","coordinates":[[-1.22497,52.63864],[-1.22637,52.63862]]},"properties":{"name":"Ratby Lane","category":"tertiary","osm_type":"way","osm_id":"960144064"}},{"type":"Feature","geometry":{"type":"LineString","coordinates":[[-1.16269,52.55305],[-1.16771,52.55253]]},"properties":{"name":"Cosby Road","category":"tertiary","osm_type":"way","osm_id":"966500211"}},{"type":"Feature","geometry":{"type":"LineString","coordinates":[[-1.29752,52.91535],[-1.2979,52.91554]]},"properties":{"name":"Bostocks Lane","category":"tertiary","osm_type":"way","osm_id":"967612896"}},{"type":"Feature","geometry":{"type":"LineString","coordinates":[[-1.30131,52.91625],[-1.30088,52.9162]]},"properties":{"name":"Bostocks Lane","category":"tertiary","osm_type":"way","osm_id":"967612897"}},{"type":"Feature","geometry":{"type":"LineString","coordinates":[[-1.58815,52.66499],[-1.5869,52.66545]]},"properties":{"name":"Austrey Lane","category":"tertiary","osm_type":"way","osm_id":"969588218"}},{"type":"Feature","geometry":{"type":"LineString","coordinates":[[-1.58597,52.66494],[-1.58246,52.66234],[-1.58033,52.66141]]},"properties":{"name":"Austrey Lane","category":"tertiary","osm_type":"way","osm_id":"969698667"}},{"type":"Feature","geometry":{"type":"LineString","coordinates":[[-1.59518,52.66273],[-1.59412,52.66314]]},"properties":{"name":"Main Road","category":"tertiary","osm_type":"way","osm_id":"969698670"}},{"type":"Feature","geometry":{"type":"LineString","coordinates":[[-1.60473,52.65462],[-1.59927,52.65978],[-1.59518,52.66273]]},"properties":{"name":"Main Road","category":"tertiary","osm_type":"way","osm_id":"969698673"}},{"type":"Feature","geometry":{"type":"LineString","coordinates":[[-1.1368,52.7076],[-1.13561,52.70704]]},"properties":{"name":"Hallfields Lane","category":"tertiary","osm_type":"way","osm_id":"970111862"}},{"type":"Feature","geometry":{"type":"LineString","coordinates":[[-1.13561,52.70704],[-1.13523,52.70694]]},"properties":{"name":"Hallfields Lane","category":"tertiary","osm_type":"way","osm_id":"970111863"}},{"type":"Feature","geometry":{"type":"LineString","coordinates":[[-1.19198,52.89569],[-1.19148,52.89626]]},"properties":{"name":"Nottingham Road","category":"tertiary","osm_type":"way","osm_id":"970690266"}},{"type":"Feature","geometry":{"type":"LineString","coordinates":[[-1.47479,52.90483],[-1.47472,52.90491]]},"properties":{"name":"Secondary and tertiary roads","category":"tertiary","osm_type":"way","osm_id":"972947212"}},{"type":"Feature","geometry":{"type":"LineString","coordinates":[[-1.47472,52.90491],[-1.47458,52.90489]]},"properties":{"name":"Secondary and tertiary roads","category":"tertiary","osm_type":"way","osm_id":"972947213"}},{"type":"Feature","geometry":{"type":"LineString","coordinates":[[-1.47464,52.90477],[-1.47467,52.90477]]},"properties":{"name":"Secondary and tertiary roads","category":"tertiary","osm_type":"way","osm_id":"972947214"}},{"type":"Feature","geometry":{"type":"LineString","coordinates":[[-1.47455,52.90485],[-1.47464,52.90477]]},"properties":{"name":"Secondary and tertiary roads","category":"tertiary","osm_type":"way","osm_id":"972947215"}},{"type":"Feature","geometry":{"type":"LineString","coordinates":[[-1.11864,52.62666],[-1.11827,52.62672]]},"properties":{"name":"Evington Road","category":"tertiary","osm_type":"way","osm_id":"974972755"}},{"type":"Feature","geometry":{"type":"LineString","coordinates":[[-1.1188,52.62663],[-1.11864,52.62666]]},"properties":{"name":"Granville Road","category":"tertiary","osm_type":"way","osm_id":"974973815"}},{"type":"Feature","geometry":{"type":"LineString","coordinates":[[-1.22607,52.61273],[-1.22698,52.61266]]},"properties":{"name":"Tay Road","category":"tertiary","osm_type":"way","osm_id":"974974334"}},{"type":"Feature","geometry":{"type":"LineString","coordinates":[[-1.77772,52.52352],[-1.77651,52.52245],[-1.775,52.52282]]},"properties":{"name":"Park Lane","category":"tertiary","osm_type":"way","osm_id":"975043158"}},{"type":"Feature","geometry":{"type":"LineString","coordinates":[[-1.775,52.52282],[-1.7741,52.52303]]},"properties":{"name":"Park Lane","category":"tertiary","osm_type":"way","osm_id":"975043159"}},{"type":"Feature","geometry":{"type":"LineString","coordinates":[[-1.05569,52.67937],[-1.05981,52.6811]]},"properties":{"name":"Beeby Road","category":"tertiary","osm_type":"way","osm_id":"976224828"}},{"type":"Feature","geometry":{"type":"LineString","coordinates":[[-1.54682,52.58124],[-1.54681,52.58134]]},"properties":{"name":"Sheepy Road","category":"tertiary","osm_type":"way","osm_id":"978375751"}},{"type":"Feature","geometry":{"type":"LineString","coordinates":[[-1.54693,52.58741],[-1.54714,52.58972],[-1.54792,52.5908]]},"properties":{"name":"Sheepy Road","category":"tertiary","osm_type":"way","osm_id":"978375752"}},{"type":"Feature","geometry":{"type":"LineString","coordinates":[[-1.89522,52.77995],[-1.89455,52.78122],[-1.89192,52.78269]]},"properties":{"name":"Secondary and tertiary roads","category":"tertiary","osm_type":"way","osm_id":"980589345"}},{"type":"Feature","geometry":{"type":"LineString","coordinates":[[-1.7637,52.52911],[-1.76441,52.52889]]},"properties":{"name":"Minworth Parkway","category":"tertiary","osm_type":"way","osm_id":"981967335"}},{"type":"Feature","geometry":{"type":"LineString","coordinates":[[-1.20717,52.98761],[-1.2072,52.98755]]},"properties":{"name":"Millennium Way","category":"tertiary","osm_type":"way","osm_id":"982283011"}},{"type":"Feature","geometry":{"type":"LineString","coordinates":[[-1.207,52.98716],[-1.20737,52.98721]]},"properties":{"name":"Secondary and tertiary roads","category":"tertiary_link","osm_type":"way","osm_id":"982283012"}},{"type":"Feature","geometry":{"type":"LineString","coordinates":[[-1.2071,52.98826],[-1.20715,52.98796]]},"properties":{"name":"Millennium Way","category":"tertiary","osm_type":"way","osm_id":"982283013"}},{"type":"Feature","geometry":{"type":"LineString","coordinates":[[-1.2071,52.98826],[-1.2072,52.98848]]},"properties":{"name":"Millennium Way","category":"tertiary","osm_type":"way","osm_id":"982283014"}},{"type":"Feature","geometry":{"type":"LineString","coordinates":[[-1.20718,52.98778],[-1.20717,52.98761]]},"properties":{"name":"Millennium Way","category":"tertiary","osm_type":"way","osm_id":"982283017"}},{"type":"Feature","geometry":{"type":"LineString","coordinates":[[-1.20711,52.98674],[-1.20707,52.98699]]},"properties":{"name":"Secondary and tertiary roads","category":"tertiary_link","osm_type":"way","osm_id":"982283020"}},{"type":"Feature","geometry":{"type":"LineString","coordinates":[[-1.2036,52.98627],[-1.20365,52.98644]]},"properties":{"name":"Bells Lane","category":"secondary","osm_type":"way","osm_id":"982283024","ref":"B6008"}},{"type":"Feature","geometry":{"type":"LineString","coordinates":[[-1.20265,52.98773],[-1.20275,52.98738]]},"properties":{"name":"Cinderhill Road","category":"tertiary","osm_type":"way","osm_id":"982283025"}},{"type":"Feature","geometry":{"type":"LineString","coordinates":[[-1.20318,52.98716],[-1.20292,52.98729]]},"properties":{"name":"Cinderhill Road","category":"tertiary","osm_type":"way","osm_id":"982283026"}},{"type":"Feature","geometry":{"type":"LineString","coordinates":[[-1.32674,52.85993],[-1.32692,52.86004]]},"properties":{"name":"Sawley Junction","category":"secondary","osm_type":"way","osm_id":"982865853"}},{"type":"Feature","geometry":{"type":"LineString","coordinates":[[-1.32517,52.86012],[-1.32523,52.86002]]},"properties":{"name":"Sawley Junction","category":"secondary","osm_type":"way","osm_id":"982865854"}},{"type":"Feature","geometry":{"type":"LineString","coordinates":[[-1.32548,52.86155],[-1.32522,52.86137]]},"properties":{"name":"Sawley Junction","category":"secondary","osm_type":"way","osm_id":"982865855"}},{"type":"Feature","geometry":{"type":"LineString","coordinates":[[-1.32654,52.86162],[-1.32618,52.86167]]},"properties":{"name":"Sawley Junction","category":"secondary","osm_type":"way","osm_id":"982865856"}},{"type":"Feature","geometry":{"type":"LineString","coordinates":[[-1.32705,52.86125],[-1.32699,52.86133]]},"properties":{"name":"Sawley Junction","category":"secondary","osm_type":"way","osm_id":"982865857"}},{"type":"Feature","geometry":{"type":"LineString","coordinates":[[-1.32682,52.85963],[-1.32674,52.85993]]},"properties":{"name":"Secondary and tertiary roads","category":"tertiary","osm_type":"way","osm_id":"982865860"}},{"type":"Feature","geometry":{"type":"LineString","coordinates":[[-1.32595,52.85979],[-1.3271,52.85915]]},"properties":{"name":"Secondary and tertiary roads","category":"tertiary","osm_type":"way","osm_id":"982865861"}},{"type":"Feature","geometry":{"type":"LineString","coordinates":[[-1.32679,52.86167],[-1.32654,52.86162]]},"properties":{"name":"London Road","category":"secondary","osm_type":"way","osm_id":"982865862","ref":"B5010"}},{"type":"Feature","geometry":{"type":"LineString","coordinates":[[-1.32568,52.86185],[-1.32518,52.86217]]},"properties":{"name":"Tamworth Road","category":"secondary","osm_type":"way","osm_id":"982865863","ref":"B6540"}},{"type":"Feature","geometry":{"type":"LineString","coordinates":[[-1.32518,52.86217],[-1.32529,52.86197]]},"properties":{"name":"Tamworth Road","category":"secondary","osm_type":"way","osm_id":"982865864","ref":"B6540"}},{"type":"Feature","geometry":{"type":"LineString","coordinates":[[-1.0768,52.95896],[-1.07676,52.95901]]},"properties":{"name":"Secondary and tertiary roads","category":"tertiary","osm_type":"way","osm_id":"983867460"}},{"type":"Feature","geometry":{"type":"LineString","coordinates":[[-1.0768,52.95896],[-1.07668,52.95895]]},"properties":{"name":"Secondary and tertiary roads","category":"tertiary_link","osm_type":"way","osm_id":"983867461"}},{"type":"Feature","geometry":{"type":"LineString","coordinates":[[-1.07831,52.9588],[-1.0768,52.95896]]},"properties":{"name":"Secondary and tertiary roads","category":"tertiary_link","osm_type":"way","osm_id":"983867463"}},{"type":"Feature","geometry":{"type":"LineString","coordinates":[[-1.07659,52.95867],[-1.0768,52.95896]]},"properties":{"name":"Secondary and tertiary roads","category":"tertiary","osm_type":"way","osm_id":"983867469"}},{"type":"Feature","geometry":{"type":"LineString","coordinates":[[-1.07658,52.95892],[-1.07659,52.95867]]},"properties":{"name":"Secondary and tertiary roads","category":"tertiary","osm_type":"way","osm_id":"983867470"}},{"type":"Feature","geometry":{"type":"LineString","coordinates":[[-1.51161,52.93574],[-1.50945,52.93579]]},"properties":{"name":"Markeaton Lane","category":"tertiary","osm_type":"way","osm_id":"987123157"}},{"type":"Feature","geometry":{"type":"LineString","coordinates":[[-1.50945,52.93579],[-1.50834,52.93588],[-1.50796,52.93734]]},"properties":{"name":"Markeaton Lane","category":"tertiary","osm_type":"way","osm_id":"987123158"}},{"type":"Feature","geometry":{"type":"LineString","coordinates":[[-1.54155,52.9241],[-1.54179,52.92412]]},"properties":{"name":"Secondary and tertiary roads","category":"secondary","osm_type":"way","osm_id":"987127274"}},{"type":"Feature","geometry":{"type":"LineString","coordinates":[[-1.54233,52.92422],[-1.54207,52.9242]]},"properties":{"name":"Radbourne Common","category":"secondary","osm_type":"way","osm_id":"987127275","ref":"B5020"}},{"type":"Feature","geometry":{"type":"LineString","coordinates":[[-1.5411,52.92429],[-1.53761,52.92498]]},"properties":{"name":"Radbourne Lane","category":"tertiary","osm_type":"way","osm_id":"987127276"}},{"type":"Feature","geometry":{"type":"LineString","coordinates":[[-1.5418,52.92413],[-1.54179,52.92424]]},"properties":{"name":"Secondary and tertiary roads","category":"secondary","osm_type":"way","osm_id":"987127277"}},{"type":"Feature","geometry":{"type":"LineString","coordinates":[[-1.54165,52.92403],[-1.54171,52.92394]]},"properties":{"name":"Station Road","category":"secondary","osm_type":"way","osm_id":"987127278","ref":"B5020"}},{"type":"Feature","geometry":{"type":"LineString","coordinates":[[-1.54152,52.92412],[-1.54155,52.9241]]},"properties":{"name":"Secondary and tertiary roads","category":"secondary","osm_type":"way","osm_id":"987127279"}},{"type":"Feature","geometry":{"type":"LineString","coordinates":[[-1.54179,52.92412],[-1.5418,52.92413]]},"properties":{"name":"Secondary and tertiary roads","category":"secondary","osm_type":"way","osm_id":"987127280"}},{"type":"Feature","geometry":{"type":"LineString","coordinates":[[-1.55034,52.92686],[-1.54441,52.92408]]},"properties":{"name":"Radbourne Common","category":"secondary","osm_type":"way","osm_id":"987128531","ref":"B5020"}},{"type":"Feature","geometry":{"type":"LineString","coordinates":[[-1.55427,52.95815],[-1.55473,52.95728]]},"properties":{"name":"Lodge Lane","category":"tertiary","osm_type":"way","osm_id":"987810420"}},{"type":"Feature","geometry":{"type":"LineString","coordinates":[[-1.50548,52.94014],[-1.50376,52.94043]]},"properties":{"name":"Markeaton Lane","category":"tertiary","osm_type":"way","osm_id":"987813218"}},{"type":"Feature","geometry":{"type":"LineString","coordinates":[[-1.98939,52.95372],[-1.9888,52.9537]]},"properties":{"name":"Draycott Road","category":"tertiary","osm_type":"way","osm_id":"988860982"}},{"type":"Feature","geometry":{"type":"LineString","coordinates":[[-1.98958,52.95375],[-1.98939,52.95372]]},"properties":{"name":"Draycott Road","category":"tertiary","osm_type":"way","osm_id":"988860983"}},{"type":"Feature","geometry":{"type":"LineString","coordinates":[[-1.93012,52.53619],[-1.93015,52.5358]]},"properties":{"name":"Old Walsall Road","category":"secondary","osm_type":"way","osm_id":"988892262","ref":"B4124"}},{"type":"Feature","geometry":{"type":"LineString","coordinates":[[-1.93015,52.5358],[-1.93024,52.5342]]},"properties":{"name":"Old Walsall Road","category":"secondary","osm_type":"way","osm_id":"988892263","ref":"B4124"}},{"type":"Feature","geometry":{"type":"LineString","coordinates":[[-1.10396,52.8421],[-1.10263,52.8449],[-1.10576,52.85117],[-1.10443,52.85368],[-1.1045,52.85514]]},"properties":{"name":"Keyworth Road","category":"tertiary","osm_type":"way","osm_id":"988972419"}},{"type":"Feature","geometry":{"type":"LineString","coordinates":[[-1.08169,52.98368],[-1.08151,52.98388]]},"properties":{"name":"Lambley Lane","category":"tertiary","osm_type":"way","osm_id":"989067966"}},{"type":"Feature","geometry":{"type":"LineString","coordinates":[[-1.08151,52.98388],[-1.08169,52.98368]]},"properties":{"name":"Lambley Lane","category":"tertiary","osm_type":"way","osm_id":"989067967"}},{"type":"Feature","geometry":{"type":"LineString","coordinates":[[-1.08177,52.98402],[-1.08151,52.98388]]},"properties":{"name":"Lambley Lane","category":"tertiary","osm_type":"way","osm_id":"989067973"}},{"type":"Feature","geometry":{"type":"LineString","coordinates":[[-1.08151,52.98388],[-1.08177,52.98402]]},"properties":{"name":"Lambley Lane","category":"tertiary","osm_type":"way","osm_id":"989067974"}},{"type":"Feature","geometry":{"type":"LineString","coordinates":[[-1.08169,52.98368],[-1.08229,52.98325]]},"properties":{"name":"Lambley Lane","category":"tertiary","osm_type":"way","osm_id":"989067978"}},{"type":"Feature","geometry":{"type":"LineString","coordinates":[[-1.08177,52.98402],[-1.08268,52.98486]]},"properties":{"name":"Lambley Lane","category":"tertiary","osm_type":"way","osm_id":"989067983"}},{"type":"Feature","geometry":{"type":"LineString","coordinates":[[-1.0764,52.98544],[-1.07647,52.98523]]},"properties":{"name":"Lambley Lane","category":"tertiary","osm_type":"way","osm_id":"989068000"}},{"type":"Feature","geometry":{"type":"LineString","coordinates":[[-1.07662,52.98527],[-1.0764,52.98544]]},"properties":{"name":"Lambley Lane","category":"tertiary","osm_type":"way","osm_id":"989068001"}},{"type":"Feature","geometry":{"type":"LineString","coordinates":[[-1.12021,52.9626],[-1.12032,52.96324]]},"properties":{"name":"Porchester Road","category":"tertiary","osm_type":"way","osm_id":"989080451"}},{"type":"Feature","geometry":{"type":"LineString","coordinates":[[-1.41255,52.96412],[-1.41426,52.96486]]},"properties":{"name":"Church Lane","category":"tertiary","osm_type":"way","osm_id":"990981104"}},{"type":"Feature","geometry":{"type":"LineString","coordinates":[[-1.41251,52.96409],[-1.41255,52.96412]]},"properties":{"name":"Church Lane","category":"tertiary","osm_type":"way","osm_id":"990981107"}},{"type":"Feature","geometry":{"type":"LineString","coordinates":[[-1.01993,52.59484],[-1.01617,52.59339]]},"properties":{"name":"Gartree Road","category":"tertiary","osm_type":"way","osm_id":"992058915"}},{"type":"Feature","geometry":{"type":"LineString","coordinates":[[-1.15595,52.55141],[-1.15391,52.54911],[-1.15319,52.54687]]},"properties":{"name":"Willoughby Road","category":"tertiary","osm_type":"way","osm_id":"992061968"}},{"type":"Feature","geometry":{"type":"LineString","coordinates":[[-1.03324,52.57105],[-1.03033,52.57029]]},"properties":{"name":"London Road","category":"tertiary","osm_type":"way","osm_id":"996573972"}},{"type":"Feature","geometry":{"type":"LineString","coordinates":[[-1.18598,52.59725],[-1.18576,52.59718]]},"properties":{"name":"Penman Way","category":"tertiary_link","osm_type":"way","osm_id":"999008370"}},{"type":"Feature","geometry":{"type":"LineString","coordinates":[[-1.18598,52.59725],[-1.18598,52.59675]]},"properties":{"name":"Penman Way","category":"tertiary","osm_type":"way","osm_id":"999008371"}},{"type":"Feature","geometry":{"type":"LineString","coordinates":[[-1.18598,52.59675],[-1.18609,52.59669]]},"properties":{"name":"Penman Way","category":"tertiary","osm_type":"way","osm_id":"999008374"}},{"type":"Feature","geometry":{"type":"LineString","coordinates":[[-1.18609,52.59669],[-1.18876,52.59609]]},"properties":{"name":"Penman Way","category":"tertiary","osm_type":"way","osm_id":"999008375"}},{"type":"Feature","geometry":{"type":"LineString","coordinates":[[-1.18722,52.59659],[-1.18679,52.597]]},"properties":{"name":"Penman Way","category":"tertiary","osm_type":"way","osm_id":"999008378"}},{"type":"Feature","geometry":{"type":"LineString","coordinates":[[-1.18914,52.59537],[-1.18907,52.59562]]},"properties":{"name":"Smith Way","category":"tertiary","osm_type":"way","osm_id":"999008384"}},{"type":"Feature","geometry":{"type":"LineString","coordinates":[[-1.18872,52.60183],[-1.1886,52.60182]]},"properties":{"name":"Meridian South","category":"tertiary","osm_type":"way","osm_id":"999008386"}},{"type":"Feature","geometry":{"type":"LineString","coordinates":[[-0.99044,52.9718],[-0.99201,52.97103],[-0.99697,52.96988],[-1.00396,52.9665],[-1.00643,52.96568],[-1.00895,52.9654],[-1.00993,52.96475]]},"properties":{"name":"Shelford Road","category":"tertiary","osm_type":"way","osm_id":"1000926339"}},{"type":"Feature","geometry":{"type":"LineString","coordinates":[[-1.32234,52.52775],[-1.3217,52.52769]]},"properties":{"name":"Lychgate Lane","category":"tertiary","osm_type":"way","osm_id":"1006295101"}},{"type":"Feature","geometry":{"type":"LineString","coordinates":[[-1.63622,52.79771],[-1.63644,52.79808]]},"properties":{"name":"Secondary and tertiary roads","category":"secondary","osm_type":"way","osm_id":"1008776653"}},{"type":"Feature","geometry":{"type":"LineString","coordinates":[[-1.64901,52.80494],[-1.64869,52.80484]]},"properties":{"name":"Shobnall Road","category":"secondary","osm_type":"way","osm_id":"1008777721","ref":"B5017"}},{"type":"Feature","geometry":{"type":"LineString","coordinates":[[-1.65125,52.80544],[-1.65142,52.80566]]},"properties":{"name":"Shobnall Road","category":"secondary","osm_type":"way","osm_id":"1008777722","ref":"B5017"}},{"type":"Feature","geometry":{"type":"LineString","coordinates":[[-1.18706,52.67258],[-1.18706,52.67276]]},"properties":{"name":"The Nook","category":"tertiary","osm_type":"way","osm_id":"1008777838"}},{"type":"Feature","geometry":{"type":"LineString","coordinates":[[-1.18685,52.67279],[-1.18681,52.67272]]},"properties":{"name":"The Nook","category":"tertiary","osm_type":"way","osm_id":"1008777839"}},{"type":"Feature","geometry":{"type":"LineString","coordinates":[[-1.1869,52.67262],[-1.18705,52.67258]]},"properties":{"name":"The Nook","category":"tertiary","osm_type":"way","osm_id":"1008777840"}},{"type":"Feature","geometry":{"type":"LineString","coordinates":[[-1.16767,52.66365],[-1.16746,52.66354]]},"properties":{"name":"Secondary and tertiary roads","category":"tertiary","osm_type":"way","osm_id":"1008777841"}},{"type":"Feature","geometry":{"type":"LineString","coordinates":[[-1.16746,52.66354],[-1.16752,52.66347]]},"properties":{"name":"Secondary and tertiary roads","category":"tertiary","osm_type":"way","osm_id":"1008777842"}},{"type":"Feature","geometry":{"type":"LineString","coordinates":[[-1.15756,52.65112],[-1.15733,52.65096]]},"properties":{"name":"Anstey Lane","category":"secondary","osm_type":"way","osm_id":"1008777845","ref":"B5327"}},{"type":"Feature","geometry":{"type":"LineString","coordinates":[[-1.16781,52.66357],[-1.16767,52.66365]]},"properties":{"name":"Secondary and tertiary roads","category":"tertiary","osm_type":"way","osm_id":"1008779959"}},{"type":"Feature","geometry":{"type":"LineString","coordinates":[[-1.16998,52.66723],[-1.16957,52.66729]]},"properties":{"name":"Secondary and tertiary roads","category":"tertiary","osm_type":"way","osm_id":"1008779960"}},{"type":"Feature","geometry":{"type":"LineString","coordinates":[[-1.16957,52.66729],[-1.16972,52.66716]]},"properties":{"name":"Secondary and tertiary roads","category":"tertiary","osm_type":"way","osm_id":"1008779961"}},{"type":"Feature","geometry":{"type":"LineString","coordinates":[[-1.12685,52.61731],[-1.12697,52.61731]]},"properties":{"name":"Putney Road","category":"tertiary","osm_type":"way","osm_id":"1008890825"}},{"type":"Feature","geometry":{"type":"LineString","coordinates":[[-1.12632,52.61745],[-1.12602,52.61735]]},"properties":{"name":"Victoria Park Road","category":"secondary","osm_type":"way","osm_id":"1008890827","ref":"B568"}},{"type":"Feature","geometry":{"type":"LineString","coordinates":[[-1.12617,52.61735],[-1.1265,52.61737]]},"properties":{"name":"Victoria Park Road","category":"secondary","osm_type":"way","osm_id":"1008890828","ref":"B568"}},{"type":"Feature","geometry":{"type":"LineString","coordinates":[[-1.69848,52.76095],[-1.69847,52.76116]]},"properties":{"name":"B5016","category":"secondary","osm_type":"way","osm_id":"1008924359","ref":"B5016"}},{"type":"Feature","geometry":{"type":"LineString","coordinates":[[-1.23136,52.99522],[-1.23226,52.99541]]},"properties":{"name":"Nottingham Road","category":"secondary","osm_type":"way","osm_id":"1011273460","ref":"B600"}},{"type":"Feature","geometry":{"type":"LineString","coordinates":[[-1.19575,52.98196],[-1.19548,52.98216]]},"properties":{"name":"Broxtowe Lane","category":"secondary","osm_type":"way","osm_id":"1013009343","ref":"B6004"}},{"type":"Feature","geometry":{"type":"LineString","coordinates":[[-1.19604,52.9819],[-1.19539,52.98203]]},"properties":{"name":"Broxtowe Lane","category":"secondary","osm_type":"way","osm_id":"1013009344","ref":"B6004"}},{"type":"Feature","geometry":{"type":"LineString","coordinates":[[-1.19478,52.98215],[-1.19433,52.98223]]},"properties":{"name":"Stockhill Lane","category":"secondary","osm_type":"way","osm_id":"1013009345","ref":"B6004"}},{"type":"Feature","geometry":{"type":"LineString","coordinates":[[-1.19433,52.98223],[-1.19518,52.98198]]},"properties":{"name":"Stockhill Lane","category":"secondary","osm_type":"way","osm_id":"1013009349","ref":"B6004"}},{"type":"Feature","geometry":{"type":"LineString","coordinates":[[-1.19478,52.98207],[-1.19508,52.98182]]},"properties":{"name":"Stockhill Lane","category":"secondary","osm_type":"way","osm_id":"1013009350","ref":"B6004"}},{"type":"Feature","geometry":{"type":"LineString","coordinates":[[-1.19524,52.98207],[-1.19478,52.98215]]},"properties":{"name":"Stockhill Lane","category":"secondary","osm_type":"way","osm_id":"1013009352","ref":"B6004"}},{"type":"Feature","geometry":{"type":"LineString","coordinates":[[-1.19539,52.98203],[-1.19524,52.98207]]},"properties":{"name":"B6004","category":"secondary","osm_type":"way","osm_id":"1013009353","ref":"B6004"}},{"type":"Feature","geometry":{"type":"LineString","coordinates":[[-1.19533,52.98195],[-1.19604,52.9819]]},"properties":{"name":"Broxtowe Lane","category":"secondary","osm_type":"way","osm_id":"1013009357","ref":"B6004"}},{"type":"Feature","geometry":{"type":"LineString","coordinates":[[-1.19518,52.98198],[-1.19533,52.98195]]},"properties":{"name":"B6004","category":"secondary","osm_type":"way","osm_id":"1013009359","ref":"B6004"}},{"type":"Feature","geometry":{"type":"LineString","coordinates":[[-1.20326,52.98713],[-1.20318,52.98716]]},"properties":{"name":"Cinderhill Road","category":"tertiary","osm_type":"way","osm_id":"1013521618"}},{"type":"Feature","geometry":{"type":"LineString","coordinates":[[-1.37624,52.53449],[-1.3761,52.53439]]},"properties":{"name":"Rugby Road","category":"secondary","osm_type":"way","osm_id":"1014447348","ref":"B4109"}},{"type":"Feature","geometry":{"type":"LineString","coordinates":[[-1.37644,52.53465],[-1.37624,52.53449]]},"properties":{"name":"Rugby Road","category":"secondary","osm_type":"way","osm_id":"1014447349","ref":"B4109"}},{"type":"Feature","geometry":{"type":"LineString","coordinates":[[-1.40886,52.84749],[-1.41335,52.84884]]},"properties":{"name":"Swarkestone Road","category":"tertiary","osm_type":"way","osm_id":"1015095566"}},{"type":"Feature","geometry":{"type":"LineString","coordinates":[[-1.40794,52.84687],[-1.40856,52.84719]]},"properties":{"name":"Swarkestone Road","category":"tertiary","osm_type":"way","osm_id":"1015095567"}},{"type":"Feature","geometry":{"type":"LineString","coordinates":[[-1.82241,52.55884],[-1.82232,52.55889]]},"properties":{"name":"Holland Road","category":"tertiary","osm_type":"way","osm_id":"1016608493"}},{"type":"Feature","geometry":{"type":"LineString","coordinates":[[-1.82267,52.55866],[-1.82241,52.55884]]},"properties":{"name":"Holland Road","category":"tertiary","osm_type":"way","osm_id":"1016608494"}},{"type":"Feature","geometry":{"type":"LineString","coordinates":[[-1.29404,52.84321],[-1.29441,52.84308]]},"properties":{"name":"Derby Road","category":"tertiary","osm_type":"way","osm_id":"1017011620"}},{"type":"Feature","geometry":{"type":"LineString","coordinates":[[-1.09848,52.98736],[-1.09993,52.98834]]},"properties":{"name":"Arnold Lane","category":"tertiary","osm_type":"way","osm_id":"1018454490"}},{"type":"Feature","geometry":{"type":"LineString","coordinates":[[-1.08808,52.987],[-1.0884,52.9869]]},"properties":{"name":"Waldrom Road","category":"tertiary","osm_type":"way","osm_id":"1022537712"}},{"type":"Feature","geometry":{"type":"LineString","coordinates":[[-1.0884,52.9869],[-1.08825,52.98712]]},"properties":{"name":"Waldrom Road","category":"tertiary","osm_type":"way","osm_id":"1022537713"}},{"type":"Feature","geometry":{"type":"LineString","coordinates":[[-1.0963,52.64635],[-1.09607,52.64645]]},"properties":{"name":"Tailby Avenue","category":"tertiary","osm_type":"way","osm_id":"1024543345"}},{"type":"Feature","geometry":{"type":"LineString","coordinates":[[-1.09636,52.64637],[-1.09618,52.64661]]},"properties":{"name":"Hastings Road","category":"tertiary","osm_type":"way","osm_id":"1024543347"}},{"type":"Feature","geometry":{"type":"LineString","coordinates":[[-1.09607,52.64645],[-1.09613,52.64636]]},"properties":{"name":"Tailby Avenue","category":"tertiary","osm_type":"way","osm_id":"1024543348"}},{"type":"Feature","geometry":{"type":"LineString","coordinates":[[-1.09607,52.64645],[-1.09583,52.64643]]},"properties":{"name":"Tailby Avenue","category":"tertiary","osm_type":"way","osm_id":"1024543350"}},{"type":"Feature","geometry":{"type":"LineString","coordinates":[[-1.09613,52.64636],[-1.09623,52.64627]]},"properties":{"name":"Tailby Avenue","category":"tertiary","osm_type":"way","osm_id":"1024543351"}},{"type":"Feature","geometry":{"type":"LineString","coordinates":[[-1.07882,52.88138],[-1.07773,52.88231]]},"properties":{"name":"Platt Lane","category":"tertiary","osm_type":"way","osm_id":"1027046751"}},{"type":"Feature","geometry":{"type":"LineString","coordinates":[[-1.17128,52.96663],[-1.17159,52.96701]]},"properties":{"name":"Radford Road","category":"tertiary","osm_type":"way","osm_id":"1028202729"}},{"type":"Feature","geometry":{"type":"LineString","coordinates":[[-1.17099,52.96628],[-1.17128,52.96663]]},"properties":{"name":"Radford Road","category":"tertiary","osm_type":"way","osm_id":"1028202730"}},{"type":"Feature","geometry":{"type":"LineString","coordinates":[[-1.16103,52.96197],[-1.16096,52.96186]]},"properties":{"name":"Waverley Street","category":"tertiary","osm_type":"way","osm_id":"1028206043"}},{"type":"Feature","geometry":{"type":"LineString","coordinates":[[-1.16096,52.96186],[-1.16118,52.96204]]},"properties":{"name":"Waverley Street","category":"tertiary","osm_type":"way","osm_id":"1028206045"}},{"type":"Feature","geometry":{"type":"LineString","coordinates":[[-1.16219,52.96293],[-1.16103,52.96197]]},"properties":{"name":"Waverley Street","category":"tertiary","osm_type":"way","osm_id":"1028206046"}},{"type":"Feature","geometry":{"type":"LineString","coordinates":[[-1.16118,52.96204],[-1.16225,52.96291]]},"properties":{"name":"Waverley Street","category":"tertiary","osm_type":"way","osm_id":"1028206047"}},{"type":"Feature","geometry":{"type":"LineString","coordinates":[[-1.67475,52.87448],[-1.67504,52.87436]]},"properties":{"name":"Derby Road","category":"tertiary","osm_type":"way","osm_id":"1028492481"}},{"type":"Feature","geometry":{"type":"LineString","coordinates":[[-1.67538,52.87434],[-1.67576,52.87449]]},"properties":{"name":"Derby Road","category":"tertiary","osm_type":"way","osm_id":"1028492482"}},{"type":"Feature","geometry":{"type":"LineString","coordinates":[[-1.67511,52.8745],[-1.67475,52.87448]]},"properties":{"name":"Derby Road","category":"tertiary","osm_type":"way","osm_id":"1028492483"}},{"type":"Feature","geometry":{"type":"LineString","coordinates":[[-1.67576,52.87449],[-1.67533,52.8745]]},"properties":{"name":"Derby Road","category":"tertiary","osm_type":"way","osm_id":"1028492484"}},{"type":"Feature","geometry":{"type":"LineString","coordinates":[[-1.67511,52.8745],[-1.67504,52.87436]]},"properties":{"name":"Derby Road","category":"tertiary","osm_type":"way","osm_id":"1028492485"}},{"type":"Feature","geometry":{"type":"LineString","coordinates":[[-1.67533,52.8745],[-1.67511,52.8745]]},"properties":{"name":"Derby Road","category":"tertiary","osm_type":"way","osm_id":"1028492486"}},{"type":"Feature","geometry":{"type":"LineString","coordinates":[[-1.67504,52.87436],[-1.67538,52.87434]]},"properties":{"name":"Derby Road","category":"tertiary","osm_type":"way","osm_id":"1028492487"}},{"type":"Feature","geometry":{"type":"LineString","coordinates":[[-1.36634,52.77452],[-1.37074,52.77346],[-1.37237,52.77348],[-1.37315,52.77303]]},"properties":{"name":"Ashby Road","category":"secondary","osm_type":"way","osm_id":"1030069459","ref":"B5324"}},{"type":"Feature","geometry":{"type":"LineString","coordinates":[[-1.88538,52.54157],[-1.88539,52.54147]]},"properties":{"name":"Kingstanding Road","category":"secondary","osm_type":"way","osm_id":"1031110931","ref":"B4138"}},{"type":"Feature","geometry":{"type":"LineString","coordinates":[[-1.17458,52.55934],[-1.17408,52.55946]]},"properties":{"name":"Wychwood Road","category":"tertiary","osm_type":"way","osm_id":"1032950745"}},{"type":"Feature","geometry":{"type":"LineString","coordinates":[[-1.82652,52.9851],[-1.82683,52.98686]]},"properties":{"name":"Main Road","category":"secondary","osm_type":"way","osm_id":"1034530236","ref":"B5032"}},{"type":"Feature","geometry":{"type":"LineString","coordinates":[[-1.82653,52.98501],[-1.82652,52.9851]]},"properties":{"name":"Main Road","category":"secondary","osm_type":"way","osm_id":"1034530237","ref":"B5032"}},{"type":"Feature","geometry":{"type":"LineString","coordinates":[[-1.43081,52.93143],[-1.42544,52.93394],[-1.42411,52.9356]]},"properties":{"name":"Morley Road","category":"tertiary","osm_type":"way","osm_id":"1035764048"}},{"type":"Feature","geometry":{"type":"LineString","coordinates":[[-1.43198,52.9309],[-1.43081,52.93143]]},"properties":{"name":"Morley Road","category":"tertiary","osm_type":"way","osm_id":"1035797888"}},{"type":"Feature","geometry":{"type":"LineString","coordinates":[[-1.10458,52.61417],[-1.10439,52.61446]]},"properties":{"name":"Knighton Road","category":"tertiary","osm_type":"way","osm_id":"1036404670"}},{"type":"Feature","geometry":{"type":"LineString","coordinates":[[-1.10614,52.93853],[-1.10609,52.93851]]},"properties":{"name":"Adbolton Lane","category":"tertiary","osm_type":"way","osm_id":"1038239713"}},{"type":"Feature","geometry":{"type":"LineString","coordinates":[[-1.1062,52.93855],[-1.10616,52.93854]]},"properties":{"name":"Adbolton Lane","category":"tertiary","osm_type":"way","osm_id":"1038239714"}},{"type":"Feature","geometry":{"type":"LineString","coordinates":[[-1.24147,52.57098],[-1.24138,52.57101]]},"properties":{"name":"Main Street","category":"tertiary","osm_type":"way","osm_id":"1040348702"}},{"type":"Feature","geometry":{"type":"LineString","coordinates":[[-1.24155,52.57094],[-1.24147,52.57098]]},"properties":{"name":"Croft Hill Road","category":"tertiary","osm_type":"way","osm_id":"1040348703"}},{"type":"Feature","geometry":{"type":"LineString","coordinates":[[-1.36479,52.50316],[-1.36482,52.50732],[-1.36676,52.51139]]},"properties":{"name":"Hinckley Road","category":"secondary","osm_type":"way","osm_id":"1040533579","ref":"B4109"}},{"type":"Feature","geometry":{"type":"LineString","coordinates":[[-1.00805,52.91811],[-1.00768,52.91812]]},"properties":{"name":"Secondary and tertiary roads","category":"tertiary","osm_type":"way","osm_id":"1040668153"}},{"type":"Feature","geometry":{"type":"LineString","coordinates":[[-1.00768,52.91812],[-1.00789,52.91794]]},"properties":{"name":"Secondary and tertiary roads","category":"tertiary","osm_type":"way","osm_id":"1040668154"}},{"type":"Feature","geometry":{"type":"LineString","coordinates":[[-1.192,52.66134],[-1.18968,52.66289]]},"properties":{"name":"Gynsill Lane","category":"tertiary","osm_type":"way","osm_id":"1040678841"}},{"type":"Feature","geometry":{"type":"LineString","coordinates":[[-1.18706,52.59247],[-1.18692,52.59246]]},"properties":{"name":"Leicester Lane","category":"tertiary","osm_type":"way","osm_id":"1040793762"}},{"type":"Feature","geometry":{"type":"LineString","coordinates":[[-1.18581,52.5918],[-1.18604,52.59077]]},"properties":{"name":"St Johns","category":"secondary","osm_type":"way","osm_id":"1040793763","ref":"B4114"}},{"type":"Feature","geometry":{"type":"LineString","coordinates":[[-1.18539,52.5931],[-1.18556,52.59263]]},"properties":{"name":"St Johns","category":"secondary","osm_type":"way","osm_id":"1040793766","ref":"B4114"}},{"type":"Feature","geometry":{"type":"LineString","coordinates":[[-1.18508,52.59388],[-1.18539,52.5931]]},"properties":{"name":"St Johns","category":"secondary","osm_type":"way","osm_id":"1040793767","ref":"B4114"}},{"type":"Feature","geometry":{"type":"LineString","coordinates":[[-1.18524,52.59502],[-1.18525,52.59528]]},"properties":{"name":"B4114","category":"secondary_link","osm_type":"way","osm_id":"1040793768","ref":"B4114"}},{"type":"Feature","geometry":{"type":"LineString","coordinates":[[-1.18524,52.59502],[-1.18509,52.59528]]},"properties":{"name":"Narborough Road South","category":"secondary","osm_type":"way","osm_id":"1040793769","ref":"B4114"}},{"type":"Feature","geometry":{"type":"LineString","coordinates":[[-1.18564,52.59348],[-1.18524,52.59502]]},"properties":{"name":"Narborough Road South","category":"secondary","osm_type":"way","osm_id":"1040793770","ref":"B4114"}},{"type":"Feature","geometry":{"type":"LineString","coordinates":[[-1.18556,52.59263],[-1.18581,52.5918]]},"properties":{"name":"St Johns","category":"secondary","osm_type":"way","osm_id":"1040793771","ref":"B4114"}},{"type":"Feature","geometry":{"type":"LineString","coordinates":[[-1.18566,52.5923],[-1.18596,52.59232]]},"properties":{"name":"Secondary and tertiary roads","category":"secondary_link","osm_type":"way","osm_id":"1040793772"}},{"type":"Feature","geometry":{"type":"LineString","coordinates":[[-1.18596,52.59232],[-1.18572,52.59208]]},"properties":{"name":"Secondary and tertiary roads","category":"secondary_link","osm_type":"way","osm_id":"1040793773"}},{"type":"Feature","geometry":{"type":"LineString","coordinates":[[-1.18692,52.59246],[-1.18596,52.59232]]},"properties":{"name":"Leicester Lane","category":"tertiary","osm_type":"way","osm_id":"1040793774"}},{"type":"Feature","geometry":{"type":"LineString","coordinates":[[-1.18606,52.59162],[-1.18604,52.59186]]},"properties":{"name":"St Johns","category":"secondary","osm_type":"way","osm_id":"1040793775","ref":"B4114"}},{"type":"Feature","geometry":{"type":"LineString","coordinates":[[-1.1861,52.59135],[-1.18606,52.59162]]},"properties":{"name":"St Johns","category":"secondary","osm_type":"way","osm_id":"1040793776","ref":"B4114"}},{"type":"Feature","geometry":{"type":"LineString","coordinates":[[-1.18604,52.59077],[-1.18659,52.58907],[-1.18978,52.58538]]},"properties":{"name":"St Johns","category":"secondary","osm_type":"way","osm_id":"1040793777","ref":"B4114"}},{"type":"Feature","geometry":{"type":"LineString","coordinates":[[-1.17991,52.59477],[-1.18004,52.59458]]},"properties":{"name":"Grove Way","category":"tertiary","osm_type":"way","osm_id":"1040803382"}},{"type":"Feature","geometry":{"type":"LineString","coordinates":[[-1.18004,52.59458],[-1.18061,52.59423]]},"properties":{"name":"Grove Way","category":"tertiary","osm_type":"way","osm_id":"1040803383"}},{"type":"Feature","geometry":{"type":"LineString","coordinates":[[-1.17996,52.59942],[-1.18036,52.59951]]},"properties":{"name":"Fosse Park Avenue","category":"tertiary","osm_type":"way","osm_id":"1040823006"}},{"type":"Feature","geometry":{"type":"LineString","coordinates":[[-1.18097,52.60001],[-1.18114,52.59961]]},"properties":{"name":"Secondary and tertiary roads","category":"secondary","osm_type":"way","osm_id":"1040823012"}},{"type":"Feature","geometry":{"type":"LineString","coordinates":[[-1.18126,52.59937],[-1.18139,52.59909]]},"properties":{"name":"Narborough Road South","category":"secondary","osm_type":"way","osm_id":"1040823013","ref":"B4114"}},{"type":"Feature","geometry":{"type":"LineString","coordinates":[[-1.18178,52.59892],[-1.18197,52.59907]]},"properties":{"name":"Narborough Road South","category":"secondary_link","osm_type":"way","osm_id":"1040826423","ref":"B4114"}},{"type":"Feature","geometry":{"type":"LineString","coordinates":[[-1.18613,52.59804],[-1.18617,52.5978]]},"properties":{"name":"Penman Way","category":"tertiary","osm_type":"way","osm_id":"1040832283"}},{"type":"Feature","geometry":{"type":"LineString","coordinates":[[-1.18657,52.59713],[-1.18628,52.59746]]},"properties":{"name":"Penman Way","category":"tertiary","osm_type":"way","osm_id":"1040832284"}},{"type":"Feature","geometry":{"type":"LineString","coordinates":[[-1.18293,52.59693],[-1.18316,52.59661]]},"properties":{"name":"Narborough Road South","category":"secondary","osm_type":"way","osm_id":"1040860569","ref":"B4114"}},{"type":"Feature","geometry":{"type":"LineString","coordinates":[[-1.82757,52.6805],[-1.82706,52.67987]]},"properties":{"name":"St John Street","category":"tertiary","osm_type":"way","osm_id":"1041177120"}},{"type":"Feature","geometry":{"type":"LineString","coordinates":[[-1.83038,52.68148],[-1.83049,52.68142]]},"properties":{"name":"The Friary","category":"tertiary","osm_type":"way","osm_id":"1041177121"}},{"type":"Feature","geometry":{"type":"LineString","coordinates":[[-1.11267,52.93133],[-1.11262,52.93138]]},"properties":{"name":"Davies Road","category":"tertiary","osm_type":"way","osm_id":"1041523933"}},{"type":"Feature","geometry":{"type":"LineString","coordinates":[[-1.15985,52.70503],[-1.15971,52.70504]]},"properties":{"name":"Station Road","category":"tertiary","osm_type":"way","osm_id":"1041883594"}},{"type":"Feature","geometry":{"type":"LineString","coordinates":[[-1.09785,52.98707],[-1.09848,52.98736]]},"properties":{"name":"Arnold Lane","category":"tertiary","osm_type":"way","osm_id":"1042725779"}},{"type":"Feature","geometry":{"type":"LineString","coordinates":[[-1.09785,52.98707],[-1.09715,52.98677]]},"properties":{"name":"Arnold Lane","category":"tertiary","osm_type":"way","osm_id":"1042725782"}},{"type":"Feature","geometry":{"type":"LineString","coordinates":[[-1.09993,52.98834],[-1.1001,52.98867]]},"properties":{"name":"Arnold Lane","category":"tertiary","osm_type":"way","osm_id":"1042736226"}},{"type":"Feature","geometry":{"type":"LineString","coordinates":[[-1.10082,52.98875],[-1.10046,52.98893]]},"properties":{"name":"Arnold Lane","category":"tertiary","osm_type":"way","osm_id":"1042736227"}},{"type":"Feature","geometry":{"type":"LineString","coordinates":[[-1.4417,52.91825],[-1.44169,52.9183]]},"properties":{"name":"Secondary and tertiary roads","category":"tertiary","osm_type":"way","osm_id":"1044182007"}},{"type":"Feature","geometry":{"type":"LineString","coordinates":[[-1.44135,52.91848],[-1.44072,52.9182]]},"properties":{"name":"Secondary and tertiary roads","category":"tertiary","osm_type":"way","osm_id":"1044182008"}},{"type":"Feature","geometry":{"type":"LineString","coordinates":[[-1.44072,52.9182],[-1.44078,52.91806]]},"properties":{"name":"Secondary and tertiary roads","category":"tertiary","osm_type":"way","osm_id":"1044182009"}},{"type":"Feature","geometry":{"type":"LineString","coordinates":[[-1.62767,52.59999],[-1.62667,52.60065]]},"properties":{"name":"Danny Morson Way","category":"tertiary","osm_type":"way","osm_id":"1047422573"}},{"type":"Feature","geometry":{"type":"LineString","coordinates":[[-1.44408,52.92769],[-1.44546,52.92678]]},"properties":{"name":"Chaddesden Park Road","category":"tertiary","osm_type":"way","osm_id":"1049113418"}},{"type":"Feature","geometry":{"type":"LineString","coordinates":[[-1.98714,52.66585],[-1.98673,52.66604]]},"properties":{"name":"Norton Hall Lane","category":"tertiary","osm_type":"way","osm_id":"1050311266"}},{"type":"Feature","geometry":{"type":"LineString","coordinates":[[-1.98714,52.66564],[-1.98761,52.66566]]},"properties":{"name":"Norton Hall Lane","category":"tertiary","osm_type":"way","osm_id":"1050311267"}},{"type":"Feature","geometry":{"type":"LineString","coordinates":[[-1.98673,52.66604],[-1.98691,52.66576]]},"properties":{"name":"Norton Hall Lane","category":"tertiary","osm_type":"way","osm_id":"1050311268"}},{"type":"Feature","geometry":{"type":"LineString","coordinates":[[-1.98761,52.66566],[-1.98726,52.66578]]},"properties":{"name":"Norton Hall Lane","category":"tertiary","osm_type":"way","osm_id":"1050311269"}},{"type":"Feature","geometry":{"type":"LineString","coordinates":[[-1.9859,52.66647],[-1.98205,52.66827]]},"properties":{"name":"Norton Hall Lane","category":"tertiary","osm_type":"way","osm_id":"1050311270"}},{"type":"Feature","geometry":{"type":"LineString","coordinates":[[-1.98727,52.66575],[-1.98708,52.66585],[-1.98691,52.66574],[-1.98709,52.66564],[-1.98727,52.66575]]},"properties":{"name":"Norton Hall Lane","category":"tertiary","osm_type":"way","osm_id":"1050311271"}},{"type":"Feature","geometry":{"type":"LineString","coordinates":[[-1.31903,52.66948],[-1.31935,52.66964]]},"properties":{"name":"Main Street","category":"tertiary","osm_type":"way","osm_id":"1051309657"}},{"type":"Feature","geometry":{"type":"LineString","coordinates":[[-1.19518,52.89266],[-1.19503,52.89272]]},"properties":{"name":"Nottingham Road","category":"tertiary","osm_type":"way","osm_id":"1051757729"}},{"type":"Feature","geometry":{"type":"LineString","coordinates":[[-1.19537,52.89255],[-1.19518,52.89266]]},"properties":{"name":"Nottingham Road","category":"tertiary","osm_type":"way","osm_id":"1051757730"}},{"type":"Feature","geometry":{"type":"LineString","coordinates":[[-1.15381,52.9189],[-1.15368,52.9189]]},"properties":{"name":"Rugby Road","category":"tertiary","osm_type":"way","osm_id":"1052009982"}},{"type":"Feature","geometry":{"type":"LineString","coordinates":[[-1.15368,52.9189],[-1.15379,52.91886]]},"properties":{"name":"Rugby Road","category":"tertiary","osm_type":"way","osm_id":"1052009983"}},{"type":"Feature","geometry":{"type":"LineString","coordinates":[[-1.18707,52.90737],[-1.18701,52.90719]]},"properties":{"name":"Green Lane","category":"tertiary","osm_type":"way","osm_id":"1052733744"}},{"type":"Feature","geometry":{"type":"LineString","coordinates":[[-1.18676,52.90687],[-1.18692,52.9069]]},"properties":{"name":"Green Lane","category":"tertiary","osm_type":"way","osm_id":"1052733745"}},{"type":"Feature","geometry":{"type":"LineString","coordinates":[[-1.18676,52.90687],[-1.18682,52.90692]]},"properties":{"name":"Green Lane","category":"tertiary","osm_type":"way","osm_id":"1052733746"}},{"type":"Feature","geometry":{"type":"LineString","coordinates":[[-1.18746,52.9071],[-1.18764,52.90715]]},"properties":{"name":"Green Lane","category":"tertiary","osm_type":"way","osm_id":"1052733747"}},{"type":"Feature","geometry":{"type":"LineString","coordinates":[[-1.18764,52.90715],[-1.18802,52.90728]]},"properties":{"name":"Green Lane","category":"tertiary","osm_type":"way","osm_id":"1052733748"}},{"type":"Feature","geometry":{"type":"LineString","coordinates":[[-1.18654,52.90677],[-1.18676,52.90687]]},"properties":{"name":"Green Lane","category":"tertiary","osm_type":"way","osm_id":"1052733749"}},{"type":"Feature","geometry":{"type":"LineString","coordinates":[[-1.18242,52.51209],[-1.18215,52.51206]]},"properties":{"name":"Station Road","category":"tertiary","osm_type":"way","osm_id":"1053005379"}},{"type":"Feature","geometry":{"type":"LineString","coordinates":[[-1.55115,52.68905],[-1.55095,52.68878]]},"properties":{"name":"Secondary and tertiary roads","category":"secondary","osm_type":"way","osm_id":"1053565473"}},{"type":"Feature","geometry":{"type":"LineString","coordinates":[[-1.55126,52.68829],[-1.55149,52.68867]]},"properties":{"name":"Ashby Road","category":"secondary","osm_type":"way","osm_id":"1053565475","ref":"B5493"}},{"type":"Feature","geometry":{"type":"LineString","coordinates":[[-1.55103,52.6887],[-1.55126,52.68829]]},"properties":{"name":"Ashby Road","category":"secondary","osm_type":"way","osm_id":"1053565476","ref":"B5493"}},{"type":"Feature","geometry":{"type":"LineString","coordinates":[[-1.55159,52.68874],[-1.55151,52.68902]]},"properties":{"name":"Secondary and tertiary roads","category":"secondary","osm_type":"way","osm_id":"1053565477"}},{"type":"Feature","geometry":{"type":"LineString","coordinates":[[-1.29576,52.77516],[-1.29623,52.77543]]},"properties":{"name":"Hallamford Road","category":"tertiary","osm_type":"way","osm_id":"1053936631"}},{"type":"Feature","geometry":{"type":"LineString","coordinates":[[-1.23629,52.77224],[-1.23506,52.77223]]},"properties":{"name":"Alan Moss Road","category":"tertiary","osm_type":"way","osm_id":"1053938387"}},{"type":"Feature","geometry":{"type":"LineString","coordinates":[[-1.46622,52.9195],[-1.4665,52.91972]]},"properties":{"name":"Siddals Road","category":"secondary","osm_type":"way","osm_id":"1054021375","ref":"B6000"}},{"type":"Feature","geometry":{"type":"LineString","coordinates":[[-1.4653,52.9192],[-1.46592,52.9194]]},"properties":{"name":"Siddals Road","category":"secondary","osm_type":"way","osm_id":"1054021502","ref":"B6000"}},{"type":"Feature","geometry":{"type":"LineString","coordinates":[[-1.11258,52.93121],[-1.11278,52.93117]]},"properties":{"name":"Davies Road","category":"tertiary","osm_type":"way","osm_id":"1055030386"}},{"type":"Feature","geometry":{"type":"LineString","coordinates":[[-1.09716,52.92547],[-1.09729,52.92548]]},"properties":{"name":"Tollerton Lane","category":"tertiary","osm_type":"way","osm_id":"1055034393"}},{"type":"Feature","geometry":{"type":"LineString","coordinates":[[-1.10735,52.93104],[-1.10709,52.93022]]},"properties":{"name":"Ambleside","category":"tertiary","osm_type":"way","osm_id":"1055034396"}},{"type":"Feature","geometry":{"type":"LineString","coordinates":[[-1.10734,52.93119],[-1.10735,52.93104]]},"properties":{"name":"Ambleside","category":"tertiary","osm_type":"way","osm_id":"1055034397"}},{"type":"Feature","geometry":{"type":"LineString","coordinates":[[-1.40023,52.54973],[-1.39877,52.54968]]},"properties":{"name":"Greenfinch Road","category":"tertiary","osm_type":"way","osm_id":"1055141743"}},{"type":"Feature","geometry":{"type":"LineString","coordinates":[[-1.39878,52.54945],[-1.40024,52.54957]]},"properties":{"name":"Greenfinch Road","category":"tertiary","osm_type":"way","osm_id":"1055141744"}},{"type":"Feature","geometry":{"type":"LineString","coordinates":[[-1.40023,52.54973],[-1.40026,52.54955],[-1.40053,52.54954],[-1.40057,52.54974],[-1.40023,52.54973]]},"properties":{"name":"Secondary and tertiary roads","category":"tertiary","osm_type":"way","osm_id":"1055141745"}},{"type":"Feature","geometry":{"type":"LineString","coordinates":[[-1.48941,52.72026],[-1.4892,52.72004]]},"properties":{"name":"Gallows Lane","category":"secondary","osm_type":"way","osm_id":"1055433754","ref":"B4116"}},{"type":"Feature","geometry":{"type":"LineString","coordinates":[[-1.48955,52.72016],[-1.48941,52.72026]]},"properties":{"name":"Ashby Road","category":"secondary","osm_type":"way","osm_id":"1055433755","ref":"B4116"}},{"type":"Feature","geometry":{"type":"LineString","coordinates":[[-1.47229,52.7257],[-1.47042,52.72627]]},"properties":{"name":"Measham Road","category":"tertiary","osm_type":"way","osm_id":"1055433756"}},{"type":"Feature","geometry":{"type":"LineString","coordinates":[[-1.3877,52.76822],[-1.3877,52.76856]]},"properties":{"name":"Top Brand","category":"tertiary","osm_type":"way","osm_id":"1055437217"}},{"type":"Feature","geometry":{"type":"LineString","coordinates":[[-1.3877,52.76856],[-1.38775,52.77524],[-1.38531,52.77795],[-1.38271,52.78285]]},"properties":{"name":"Top Brand","category":"tertiary","osm_type":"way","osm_id":"1055437218"}},{"type":"Feature","geometry":{"type":"LineString","coordinates":[[-1.38271,52.78285],[-1.38267,52.78293]]},"properties":{"name":"Top Brand","category":"tertiary","osm_type":"way","osm_id":"1055437219"}},{"type":"Feature","geometry":{"type":"LineString","coordinates":[[-1.46439,52.91892],[-1.4653,52.9192]]},"properties":{"name":"Siddals Road","category":"secondary","osm_type":"way","osm_id":"1056630337","ref":"B6000"}},{"type":"Feature","geometry":{"type":"LineString","coordinates":[[-1.12786,52.66534],[-1.12774,52.66496]]},"properties":{"name":"Birstall Road","category":"tertiary","osm_type":"way","osm_id":"1057653188"}},{"type":"Feature","geometry":{"type":"LineString","coordinates":[[-1.50754,52.9544],[-1.50774,52.95247]]},"properties":{"name":"Kedleston Road","category":"tertiary","osm_type":"way","osm_id":"1058169271"}},{"type":"Feature","geometry":{"type":"LineString","coordinates":[[-1.52824,52.56852],[-1.52823,52.56843]]},"properties":{"name":"Mancetter Road","category":"secondary","osm_type":"way","osm_id":"1059389339","ref":"B4111"}},{"type":"Feature","geometry":{"type":"LineString","coordinates":[[-1.36397,52.52131],[-1.36398,52.52141]]},"properties":{"name":"Secondary and tertiary roads","category":"secondary","osm_type":"way","osm_id":"1060120218"}},{"type":"Feature","geometry":{"type":"LineString","coordinates":[[-1.12268,52.62594],[-1.12054,52.62526]]},"properties":{"name":"Regent Road","category":"tertiary","osm_type":"way","osm_id":"1060126486"}},{"type":"Feature","geometry":{"type":"LineString","coordinates":[[-1.12771,52.62767],[-1.12784,52.62771]]},"properties":{"name":"Regent Road","category":"tertiary","osm_type":"way","osm_id":"1060126487"}},{"type":"Feature","geometry":{"type":"LineString","coordinates":[[-1.12784,52.62771],[-1.12797,52.62775]]},"properties":{"name":"Regent Road","category":"tertiary","osm_type":"way","osm_id":"1060126493"}},{"type":"Feature","geometry":{"type":"LineString","coordinates":[[-1.9802,52.78714],[-1.9808,52.78732]]},"properties":{"name":"Secondary and tertiary roads","category":"tertiary_link","osm_type":"way","osm_id":"1060569680"}},{"type":"Feature","geometry":{"type":"LineString","coordinates":[[-1.28358,52.92268],[-1.28307,52.92276]]},"properties":{"name":"Station Road","category":"secondary","osm_type":"way","osm_id":"1061039981","ref":"B5010"}},{"type":"Feature","geometry":{"type":"LineString","coordinates":[[-1.28377,52.92265],[-1.28358,52.92268]]},"properties":{"name":"Station Road","category":"secondary","osm_type":"way","osm_id":"1061039982","ref":"B5010"}},{"type":"Feature","geometry":{"type":"LineString","coordinates":[[-1.14693,52.95523],[-1.14787,52.95518]]},"properties":{"name":"Lower Parliament Street","category":"tertiary","osm_type":"way","osm_id":"1061053078"}},{"type":"Feature","geometry":{"type":"LineString","coordinates":[[-1.247,52.93468],[-1.24943,52.93598]]},"properties":{"name":"Town Street","category":"tertiary","osm_type":"way","osm_id":"1061306234"}},{"type":"Feature","geometry":{"type":"LineString","coordinates":[[-1.24469,52.93105],[-1.2442,52.93136]]},"properties":{"name":"Town Street","category":"tertiary","osm_type":"way","osm_id":"1061308105"}},{"type":"Feature","geometry":{"type":"LineString","coordinates":[[-1.18114,52.59961],[-1.18137,52.59956]]},"properties":{"name":"Fosse Park Avenue","category":"tertiary","osm_type":"way","osm_id":"1062822834"}},{"type":"Feature","geometry":{"type":"LineString","coordinates":[[-1.80694,52.86753],[-1.80686,52.86831],[-1.80811,52.8703]]},"properties":{"name":"Stubby Lane","category":"secondary","osm_type":"way","osm_id":"1062916184","ref":"B5017"}},{"type":"Feature","geometry":{"type":"LineString","coordinates":[[-1.80697,52.86744],[-1.80694,52.86753]]},"properties":{"name":"Stubby Lane","category":"secondary","osm_type":"way","osm_id":"1062916185","ref":"B5017"}},{"type":"Feature","geometry":{"type":"LineString","coordinates":[[-1.07146,52.60994],[-1.06999,52.61208]]},"properties":{"name":"Stoughton Road","category":"secondary","osm_type":"way","osm_id":"1062963418","ref":"B582"}},{"type":"Feature","geometry":{"type":"LineString","coordinates":[[-1.1782,52.90216],[-1.1781,52.90214]]},"properties":{"name":"Green Lane","category":"tertiary","osm_type":"way","osm_id":"1063289479"}},{"type":"Feature","geometry":{"type":"LineString","coordinates":[[-1.18638,52.89686],[-1.1857,52.89684]]},"properties":{"name":"Farnborough Road","category":"tertiary","osm_type":"way","osm_id":"1063289481"}},{"type":"Feature","geometry":{"type":"LineString","coordinates":[[-1.18075,52.89711],[-1.18072,52.8972]]},"properties":{"name":"Farnborough Road","category":"tertiary","osm_type":"way","osm_id":"1063289482"}},{"type":"Feature","geometry":{"type":"LineString","coordinates":[[-1.18062,52.89711],[-1.18067,52.89704]]},"properties":{"name":"Farnborough Road","category":"tertiary","osm_type":"way","osm_id":"1063289489"}},{"type":"Feature","geometry":{"type":"LineString","coordinates":[[-1.18067,52.89704],[-1.18078,52.89707]]},"properties":{"name":"Farnborough Road","category":"tertiary","osm_type":"way","osm_id":"1063289490"}},{"type":"Feature","geometry":{"type":"LineString","coordinates":[[-1.16411,52.93121],[-1.16402,52.93105]]},"properties":{"name":"Secondary and tertiary roads","category":"tertiary","osm_type":"way","osm_id":"1063299984"}},{"type":"Feature","geometry":{"type":"LineString","coordinates":[[-1.16414,52.93405],[-1.16391,52.93426]]},"properties":{"name":"Secondary and tertiary roads","category":"tertiary","osm_type":"way","osm_id":"1063299985"}},{"type":"Feature","geometry":{"type":"LineString","coordinates":[[-1.16391,52.93405],[-1.16414,52.93405]]},"properties":{"name":"Secondary and tertiary roads","category":"tertiary","osm_type":"way","osm_id":"1063299986"}},{"type":"Feature","geometry":{"type":"LineString","coordinates":[[-1.16387,52.93406],[-1.16391,52.93405]]},"properties":{"name":"Secondary and tertiary roads","category":"tertiary","osm_type":"way","osm_id":"1063299987"}},{"type":"Feature","geometry":{"type":"LineString","coordinates":[[-1.16391,52.93426],[-1.16387,52.93423]]},"properties":{"name":"Secondary and tertiary roads","category":"tertiary","osm_type":"way","osm_id":"1063299988"}},{"type":"Feature","geometry":{"type":"LineString","coordinates":[[-1.14855,52.94474],[-1.14837,52.94472]]},"properties":{"name":"Meadows Way","category":"tertiary","osm_type":"way","osm_id":"1063299993"}},{"type":"Feature","geometry":{"type":"LineString","coordinates":[[-1.14601,52.9447],[-1.14623,52.94474]]},"properties":{"name":"Meadows Way","category":"tertiary","osm_type":"way","osm_id":"1063299994"}},{"type":"Feature","geometry":{"type":"LineString","coordinates":[[-1.14618,52.94482],[-1.14606,52.94481]]},"properties":{"name":"Meadows Way","category":"tertiary","osm_type":"way","osm_id":"1063299996"}},{"type":"Feature","geometry":{"type":"LineString","coordinates":[[-1.10018,52.9235],[-1.10001,52.92336]]},"properties":{"name":"Secondary and tertiary roads","category":"tertiary","osm_type":"way","osm_id":"1063326881"}},{"type":"Feature","geometry":{"type":"LineString","coordinates":[[-1.10043,52.92345],[-1.10028,52.9235]]},"properties":{"name":"Secondary and tertiary roads","category":"tertiary","osm_type":"way","osm_id":"1063326882"}},{"type":"Feature","geometry":{"type":"LineString","coordinates":[[-1.10005,52.92329],[-1.10037,52.92324]]},"properties":{"name":"Secondary and tertiary roads","category":"tertiary","osm_type":"way","osm_id":"1063326883"}},{"type":"Feature","geometry":{"type":"LineString","coordinates":[[-1.10921,52.91634],[-1.10932,52.91619]]},"properties":{"name":"Secondary and tertiary roads","category":"tertiary","osm_type":"way","osm_id":"1063326884"}},{"type":"Feature","geometry":{"type":"LineString","coordinates":[[-1.10945,52.9164],[-1.10921,52.91634]]},"properties":{"name":"Secondary and tertiary roads","category":"tertiary","osm_type":"way","osm_id":"1063326886"}},{"type":"Feature","geometry":{"type":"LineString","coordinates":[[-1.12608,52.93127],[-1.12617,52.93133]]},"properties":{"name":"Secondary and tertiary roads","category":"tertiary","osm_type":"way","osm_id":"1063326888"}},{"type":"Feature","geometry":{"type":"LineString","coordinates":[[-1.12612,52.93137],[-1.12611,52.93137]]},"properties":{"name":"Secondary and tertiary roads","category":"tertiary","osm_type":"way","osm_id":"1063326889"}},{"type":"Feature","geometry":{"type":"LineString","coordinates":[[-1.14946,52.89247],[-1.14951,52.89267]]},"properties":{"name":"High Street","category":"secondary","osm_type":"way","osm_id":"1063326892","ref":"B680"}},{"type":"Feature","geometry":{"type":"LineString","coordinates":[[-1.16048,52.89585],[-1.16085,52.89585]]},"properties":{"name":"Secondary and tertiary roads","category":"tertiary","osm_type":"way","osm_id":"1063326893"}},{"type":"Feature","geometry":{"type":"LineString","coordinates":[[-1.16085,52.89585],[-1.16081,52.89593]]},"properties":{"name":"Secondary and tertiary roads","category":"tertiary","osm_type":"way","osm_id":"1063326894"}},{"type":"Feature","geometry":{"type":"LineString","coordinates":[[-1.16878,52.90012],[-1.1687,52.89997]]},"properties":{"name":"Secondary and tertiary roads","category":"tertiary","osm_type":"way","osm_id":"1063326895"}},{"type":"Feature","geometry":{"type":"LineString","coordinates":[[-1.169,52.90017],[-1.16878,52.90012]]},"properties":{"name":"Secondary and tertiary roads","category":"tertiary","osm_type":"way","osm_id":"1063326896"}},{"type":"Feature","geometry":{"type":"LineString","coordinates":[[-1.16919,52.90012],[-1.169,52.90017]]},"properties":{"name":"Secondary and tertiary roads","category":"tertiary","osm_type":"way","osm_id":"1063326897"}},{"type":"Feature","geometry":{"type":"LineString","coordinates":[[-1.13448,52.93692],[-1.13458,52.93696]]},"properties":{"name":"London Road","category":"tertiary","osm_type":"way","osm_id":"1063326899"}},{"type":"Feature","geometry":{"type":"LineString","coordinates":[[-1.20342,52.77281],[-1.2032,52.77294]]},"properties":{"name":"Baxter Gate","category":"tertiary","osm_type":"way","osm_id":"1063409328"}},{"type":"Feature","geometry":{"type":"LineString","coordinates":[[-1.09935,52.94058],[-1.09909,52.94059]]},"properties":{"name":"Adbolton Lane","category":"tertiary","osm_type":"way","osm_id":"1063694138"}},{"type":"Feature","geometry":{"type":"LineString","coordinates":[[-1.14435,52.88366],[-1.14427,52.88362]]},"properties":{"name":"Secondary and tertiary roads","category":"tertiary","osm_type":"way","osm_id":"1063694141"}},{"type":"Feature","geometry":{"type":"LineString","coordinates":[[-1.14455,52.88365],[-1.14435,52.88366]]},"properties":{"name":"Secondary and tertiary roads","category":"tertiary","osm_type":"way","osm_id":"1063694142"}},{"type":"Feature","geometry":{"type":"LineString","coordinates":[[-1.10047,52.92341],[-1.10043,52.92345]]},"properties":{"name":"Secondary and tertiary roads","category":"tertiary","osm_type":"way","osm_id":"1063717068"}},{"type":"Feature","geometry":{"type":"LineString","coordinates":[[-1.10048,52.92338],[-1.10047,52.92341]]},"properties":{"name":"Secondary and tertiary roads","category":"tertiary","osm_type":"way","osm_id":"1063717069"}},{"type":"Feature","geometry":{"type":"LineString","coordinates":[[-1.12617,52.93133],[-1.12612,52.93137]]},"properties":{"name":"Secondary and tertiary roads","category":"tertiary","osm_type":"way","osm_id":"1063718992"}},{"type":"Feature","geometry":{"type":"LineString","coordinates":[[-1.12607,52.93127],[-1.12608,52.93127]]},"properties":{"name":"Secondary and tertiary roads","category":"tertiary","osm_type":"way","osm_id":"1063718993"}},{"type":"Feature","geometry":{"type":"LineString","coordinates":[[-1.16905,52.99133],[-1.16927,52.99126]]},"properties":{"name":"Arnold Road","category":"secondary","osm_type":"way","osm_id":"1063729746","ref":"B6004"}},{"type":"Feature","geometry":{"type":"LineString","coordinates":[[-1.16905,52.99133],[-1.16913,52.99144]]},"properties":{"name":"Gainsford Crescent","category":"tertiary","osm_type":"way","osm_id":"1063729747"}},{"type":"Feature","geometry":{"type":"LineString","coordinates":[[-1.06092,52.97694],[-1.06106,52.97685]]},"properties":{"name":"Burton Road","category":"tertiary","osm_type":"way","osm_id":"1063834298"}},{"type":"Feature","geometry":{"type":"LineString","coordinates":[[-1.24271,52.95277],[-1.24162,52.95222]]},"properties":{"name":"Wollaton Vale","category":"tertiary","osm_type":"way","osm_id":"1064056943"}},{"type":"Feature","geometry":{"type":"LineString","coordinates":[[-1.14758,52.98492],[-1.14723,52.98512]]},"properties":{"name":"Secondary and tertiary roads","category":"tertiary","osm_type":"way","osm_id":"1064075658"}},{"type":"Feature","geometry":{"type":"LineString","coordinates":[[-1.14729,52.98491],[-1.14758,52.98492]]},"properties":{"name":"Secondary and tertiary roads","category":"tertiary","osm_type":"way","osm_id":"1064075659"}},{"type":"Feature","geometry":{"type":"LineString","coordinates":[[-1.12395,52.97057],[-1.12526,52.96882]]},"properties":{"name":"The Wells Road","category":"tertiary","osm_type":"way","osm_id":"1064075663"}},{"type":"Feature","geometry":{"type":"LineString","coordinates":[[-1.16402,52.93105],[-1.16414,52.93097]]},"properties":{"name":"Secondary and tertiary roads","category":"tertiary","osm_type":"way","osm_id":"1064286291"}},{"type":"Feature","geometry":{"type":"LineString","coordinates":[[-1.07668,52.95895],[-1.07658,52.95892]]},"properties":{"name":"Secondary and tertiary roads","category":"tertiary","osm_type":"way","osm_id":"1064359991"}},{"type":"Feature","geometry":{"type":"LineString","coordinates":[[-1.07604,52.95755],[-1.07609,52.95769]]},"properties":{"name":"Secondary and tertiary roads","category":"tertiary","osm_type":"way","osm_id":"1064359992"}},{"type":"Feature","geometry":{"type":"LineString","coordinates":[[-1.07609,52.95769],[-1.07588,52.95779]]},"properties":{"name":"Secondary and tertiary roads","category":"tertiary","osm_type":"way","osm_id":"1064359993"}},{"type":"Feature","geometry":{"type":"LineString","coordinates":[[-1.07582,52.95751],[-1.0759,52.95751]]},"properties":{"name":"Secondary and tertiary roads","category":"tertiary","osm_type":"way","osm_id":"1064359994"}},{"type":"Feature","geometry":{"type":"LineString","coordinates":[[-1.0759,52.95751],[-1.07604,52.95755]]},"properties":{"name":"Secondary and tertiary roads","category":"tertiary","osm_type":"way","osm_id":"1064359995"}},{"type":"Feature","geometry":{"type":"LineString","coordinates":[[-1.10355,52.8364],[-1.10353,52.83417],[-1.10273,52.83336]]},"properties":{"name":"Wymeswold Road","category":"tertiary","osm_type":"way","osm_id":"1065191041"}},{"type":"Feature","geometry":{"type":"LineString","coordinates":[[-1.10273,52.83336],[-1.10266,52.83329]]},"properties":{"name":"Wymeswold Road","category":"tertiary","osm_type":"way","osm_id":"1065191042"}},{"type":"Feature","geometry":{"type":"LineString","coordinates":[[-1.10266,52.83329],[-1.10271,52.82991],[-1.10352,52.82849]]},"properties":{"name":"Wymeswold Road","category":"tertiary","osm_type":"way","osm_id":"1065191043"}},{"type":"Feature","geometry":{"type":"LineString","coordinates":[[-1.10352,52.82849],[-1.10358,52.82841]]},"properties":{"name":"Wymeswold Road","category":"tertiary","osm_type":"way","osm_id":"1065191044"}},{"type":"Feature","geometry":{"type":"LineString","coordinates":[[-1.10358,52.82841],[-1.10503,52.82526]]},"properties":{"name":"Wymeswold Road","category":"tertiary","osm_type":"way","osm_id":"1065191045"}},{"type":"Feature","geometry":{"type":"LineString","coordinates":[[-1.10503,52.82526],[-1.10499,52.82516]]},"properties":{"name":"Wymeswold Road","category":"tertiary","osm_type":"way","osm_id":"1065191046"}},{"type":"Feature","geometry":{"type":"LineString","coordinates":[[-1.09043,52.84104],[-1.08244,52.83449]]},"properties":{"name":"Secondary and tertiary roads","category":"tertiary","osm_type":"way","osm_id":"1065191047"}},{"type":"Feature","geometry":{"type":"LineString","coordinates":[[-1.08244,52.83449],[-1.08234,52.83442]]},"properties":{"name":"Secondary and tertiary roads","category":"tertiary","osm_type":"way","osm_id":"1065191048"}},{"type":"Feature","geometry":{"type":"LineString","coordinates":[[-1.63604,52.86527],[-1.63605,52.8651]]},"properties":{"name":"Secondary and tertiary roads","category":"tertiary","osm_type":"way","osm_id":"1068799233"}}]}