{"type":"FeatureCollection","features":[{"type":"Feature","geometry":{"type":"LineString","coordinates":[[-2.44372,52.06108],[-2.44399,52.06111]]},"properties":{"name":"Bromyard Road","category":"secondary","osm_type":"way","osm_id":"176526114","ref":"B4214"}},{"type":"Feature","geometry":{"type":"LineString","coordinates":[[-2.42666,52.046],[-2.42751,52.0489]]},"properties":{"name":"Bromyard Road","category":"secondary","osm_type":"way","osm_id":"176526120","ref":"B4214"}},{"type":"Feature","geometry":{"type":"LineString","coordinates":[[-2.02818,52.01662],[-2.02804,52.01643]]},"properties":{"name":"Station Road","category":"tertiary","osm_type":"way","osm_id":"178117677"}},{"type":"Feature","geometry":{"type":"LineString","coordinates":[[-2.21601,52.19484],[-2.21512,52.1937]]},"properties":{"name":"Pheasant Street","category":"secondary","osm_type":"way","osm_id":"180731283","ref":"B4205"}},{"type":"Feature","geometry":{"type":"LineString","coordinates":[[-2.21512,52.1937],[-2.21497,52.19365],[-2.21504,52.19357],[-2.21518,52.19361],[-2.21512,52.1937]]},"properties":{"name":"Pheasant Street","category":"secondary","osm_type":"way","osm_id":"180731284","ref":"B4205"}},{"type":"Feature","geometry":{"type":"LineString","coordinates":[[-2.68245,52.30972],[-2.69088,52.30859]]},"properties":{"name":"Secondary and tertiary roads","category":"tertiary","osm_type":"way","osm_id":"181129235"}},{"type":"Feature","geometry":{"type":"LineString","coordinates":[[-2.99764,52.49458],[-2.99741,52.49479]]},"properties":{"name":"High Street","category":"tertiary","osm_type":"way","osm_id":"182181377"}},{"type":"Feature","geometry":{"type":"LineString","coordinates":[[-2.0191,52.48818],[-2.02329,52.48592]]},"properties":{"name":"Titford Road","category":"tertiary","osm_type":"way","osm_id":"182219733"}},{"type":"Feature","geometry":{"type":"LineString","coordinates":[[-2.01855,52.48863],[-2.01503,52.49078]]},"properties":{"name":"Titford Road","category":"tertiary","osm_type":"way","osm_id":"182219838"}},{"type":"Feature","geometry":{"type":"LineString","coordinates":[[-2.44274,52.14746],[-2.44026,52.14853],[-2.43936,52.14962],[-2.43661,52.15117],[-2.43259,52.15086],[-2.42403,52.15282],[-2.42112,52.15302],[-2.41877,52.15363],[-2.41717,52.15466],[-2.4127,52.15568],[-2.41116,52.15658],[-2.40864,52.15733],[-2.40543,52.15705],[-2.40149,52.15501],[-2.39954,52.15321]]},"properties":{"name":"Secondary and tertiary roads","category":"tertiary","osm_type":"way","osm_id":"183749032"}},{"type":"Feature","geometry":{"type":"LineString","coordinates":[[-2.14262,52.00434],[-2.14525,52.00261]]},"properties":{"name":"Bredon Road","category":"secondary","osm_type":"way","osm_id":"184191443","ref":"B4080"}},{"type":"Feature","geometry":{"type":"LineString","coordinates":[[-2.31359,52.37352],[-2.31625,52.37524]]},"properties":{"name":"High Street","category":"secondary","osm_type":"way","osm_id":"185466665","ref":"B4194"}},{"type":"Feature","geometry":{"type":"LineString","coordinates":[[-2.05252,52.36837],[-2.05264,52.36825]]},"properties":{"name":"Woodrow Lane","category":"tertiary","osm_type":"way","osm_id":"186164501"}},{"type":"Feature","geometry":{"type":"LineString","coordinates":[[-2.50685,52.19322],[-2.51051,52.1921]]},"properties":{"name":"Secondary and tertiary roads","category":"secondary","osm_type":"way","osm_id":"187295786"}},{"type":"Feature","geometry":{"type":"LineString","coordinates":[[-2.51131,52.18755],[-2.51049,52.18796]]},"properties":{"name":"New Road","category":"secondary_link","osm_type":"way","osm_id":"187771447"}},{"type":"Feature","geometry":{"type":"LineString","coordinates":[[-2.503,52.18743],[-2.50313,52.18721]]},"properties":{"name":"Sherford Street","category":"secondary","osm_type":"way","osm_id":"187780740","ref":"B4203"}},{"type":"Feature","geometry":{"type":"LineString","coordinates":[[-2.50726,52.19014],[-2.50627,52.18929],[-2.50455,52.18933]]},"properties":{"name":"Rowberry Street","category":"secondary","osm_type":"way","osm_id":"187834035"}},{"type":"Feature","geometry":{"type":"LineString","coordinates":[[-2.71402,52.06344],[-2.71411,52.06391]]},"properties":{"name":"Widemarsh Street","category":"tertiary","osm_type":"way","osm_id":"188193480"}},{"type":"Feature","geometry":{"type":"LineString","coordinates":[[-2.71416,52.06338],[-2.71402,52.06344]]},"properties":{"name":"Widemarsh Bridge","category":"tertiary","osm_type":"way","osm_id":"188193481"}},{"type":"Feature","geometry":{"type":"LineString","coordinates":[[-2.02261,52.34075],[-2.02398,52.34245]]},"properties":{"name":"Alcester Road","category":"secondary","osm_type":"way","osm_id":"188806703","ref":"B4096"}},{"type":"Feature","geometry":{"type":"LineString","coordinates":[[-2.03366,52.34435],[-2.03524,52.34788],[-2.03814,52.34895]]},"properties":{"name":"Alcester Road","category":"secondary","osm_type":"way","osm_id":"188806704","ref":"B4096"}},{"type":"Feature","geometry":{"type":"LineString","coordinates":[[-2.04057,52.34991],[-2.04318,52.35091]]},"properties":{"name":"Alcester Road","category":"secondary","osm_type":"way","osm_id":"188806705","ref":"B4096"}},{"type":"Feature","geometry":{"type":"LineString","coordinates":[[-2.14425,52.4183],[-2.14406,52.4181]]},"properties":{"name":"Worcester Road","category":"secondary","osm_type":"way","osm_id":"189057025","ref":"B4187"}},{"type":"Feature","geometry":{"type":"LineString","coordinates":[[-2.14454,52.41783],[-2.14425,52.4183]]},"properties":{"name":"Worcester Road","category":"secondary","osm_type":"way","osm_id":"189057026","ref":"B4187"}},{"type":"Feature","geometry":{"type":"LineString","coordinates":[[-2.14411,52.41808],[-2.1443,52.41818]]},"properties":{"name":"Secondary and tertiary roads","category":"secondary_link","osm_type":"way","osm_id":"189057027"}},{"type":"Feature","geometry":{"type":"LineString","coordinates":[[-2.16551,52.26171],[-2.16689,52.26064],[-2.16573,52.25869],[-2.16739,52.2567],[-2.16661,52.2561],[-2.1646,52.25591],[-2.16355,52.25544],[-2.16214,52.25371],[-2.16221,52.25276]]},"properties":{"name":"Celvestune Way","category":"tertiary","osm_type":"way","osm_id":"192307510"}},{"type":"Feature","geometry":{"type":"LineString","coordinates":[[-2.16525,52.2618],[-2.16551,52.26171]]},"properties":{"name":"Celvestune Way","category":"tertiary","osm_type":"way","osm_id":"192307516"}},{"type":"Feature","geometry":{"type":"LineString","coordinates":[[-2.48334,52.3774],[-2.48329,52.37729]]},"properties":{"name":"Tenbury Road","category":"tertiary","osm_type":"way","osm_id":"193128393"}},{"type":"Feature","geometry":{"type":"LineString","coordinates":[[-2.48329,52.37729],[-2.48738,52.37453]]},"properties":{"name":"Tenbury Road","category":"tertiary","osm_type":"way","osm_id":"193128394"}},{"type":"Feature","geometry":{"type":"LineString","coordinates":[[-2.48738,52.37453],[-2.4915,52.37378],[-2.49997,52.3714],[-2.50551,52.36904],[-2.50589,52.36602],[-2.50541,52.36473]]},"properties":{"name":"Tenbury Road","category":"tertiary","osm_type":"way","osm_id":"193151136"}},{"type":"Feature","geometry":{"type":"LineString","coordinates":[[-2.02435,52.228],[-2.03082,52.22534],[-2.03523,52.22459]]},"properties":{"name":"Secondary and tertiary roads","category":"tertiary","osm_type":"way","osm_id":"193740483"}},{"type":"Feature","geometry":{"type":"LineString","coordinates":[[-2.0156,52.23673],[-2.01694,52.23699]]},"properties":{"name":"Secondary and tertiary roads","category":"tertiary","osm_type":"way","osm_id":"193740486"}},{"type":"Feature","geometry":{"type":"LineString","coordinates":[[-2.03523,52.22459],[-2.03962,52.2248]]},"properties":{"name":"Earls Common Road","category":"tertiary","osm_type":"way","osm_id":"193740489"}},{"type":"Feature","geometry":{"type":"LineString","coordinates":[[-2.01694,52.23699],[-2.02161,52.23672],[-2.02339,52.23571],[-2.02435,52.228]]},"properties":{"name":"Middle Road","category":"tertiary","osm_type":"way","osm_id":"193740490"}},{"type":"Feature","geometry":{"type":"LineString","coordinates":[[-2.01481,52.23074],[-2.01609,52.2334],[-2.0156,52.23673]]},"properties":{"name":"Dark Lane","category":"tertiary","osm_type":"way","osm_id":"193740494"}},{"type":"Feature","geometry":{"type":"LineString","coordinates":[[-2.03962,52.2248],[-2.04266,52.22366],[-2.04567,52.22189],[-2.05203,52.21431]]},"properties":{"name":"Secondary and tertiary roads","category":"tertiary","osm_type":"way","osm_id":"193740497"}},{"type":"Feature","geometry":{"type":"LineString","coordinates":[[-2.25337,52.341],[-2.24695,52.33891]]},"properties":{"name":"Hartlebury Road","category":"secondary","osm_type":"way","osm_id":"193950125","ref":"B4193"}},{"type":"Feature","geometry":{"type":"LineString","coordinates":[[-2.25009,52.30447],[-2.24879,52.30899],[-2.24977,52.31225],[-2.24869,52.31372],[-2.24545,52.31438],[-2.24272,52.31444],[-2.23921,52.31594]]},"properties":{"name":"Bishops Wood Lane","category":"tertiary","osm_type":"way","osm_id":"193950127"}},{"type":"Feature","geometry":{"type":"LineString","coordinates":[[-2.01395,52.165],[-2.01522,52.16635],[-2.01515,52.16804],[-2.01335,52.16926],[-2.01597,52.17158],[-2.01804,52.17246],[-2.01945,52.17417],[-2.02314,52.17485],[-2.02906,52.18387],[-2.02935,52.18478],[-2.02865,52.18699]]},"properties":{"name":"Secondary and tertiary roads","category":"tertiary","osm_type":"way","osm_id":"193956612"}},{"type":"Feature","geometry":{"type":"LineString","coordinates":[[-2.0162,52.1638],[-2.01382,52.16384],[-2.01395,52.165]]},"properties":{"name":"Abberton Road","category":"tertiary","osm_type":"way","osm_id":"193956618"}},{"type":"Feature","geometry":{"type":"LineString","coordinates":[[-2.23105,52.06474],[-2.23385,52.06469]]},"properties":{"name":"Upper Hook Road","category":"tertiary","osm_type":"way","osm_id":"194348573"}},{"type":"Feature","geometry":{"type":"LineString","coordinates":[[-2.25199,52.06335],[-2.25474,52.06358],[-2.25815,52.06301],[-2.27073,52.06324],[-2.29096,52.06709]]},"properties":{"name":"Secondary and tertiary roads","category":"tertiary","osm_type":"way","osm_id":"194348635"}},{"type":"Feature","geometry":{"type":"LineString","coordinates":[[-2.33082,52.16854],[-2.32756,52.16914]]},"properties":{"name":"Suckley Road","category":"tertiary","osm_type":"way","osm_id":"194352211"}},{"type":"Feature","geometry":{"type":"LineString","coordinates":[[-2.38921,52.15656],[-2.3892,52.15583],[-2.38806,52.15447]]},"properties":{"name":"Secondary and tertiary roads","category":"tertiary","osm_type":"way","osm_id":"194352535"}},{"type":"Feature","geometry":{"type":"LineString","coordinates":[[-2.33265,52.17837],[-2.33013,52.17943],[-2.32797,52.17978],[-2.32447,52.17978],[-2.32195,52.17915]]},"properties":{"name":"Brockamin Lane","category":"tertiary","osm_type":"way","osm_id":"194352537"}},{"type":"Feature","geometry":{"type":"LineString","coordinates":[[-2.86682,52.43609],[-2.86942,52.43483]]},"properties":{"name":"Clun Road","category":"secondary","osm_type":"way","osm_id":"194523159","ref":"B4368"}},{"type":"Feature","geometry":{"type":"LineString","coordinates":[[-2.13448,52.23317],[-2.13615,52.22795],[-2.13577,52.22641],[-2.13665,52.22333],[-2.13722,52.22244],[-2.13896,52.22154]]},"properties":{"name":"Plough Lane","category":"tertiary","osm_type":"way","osm_id":"194678392"}},{"type":"Feature","geometry":{"type":"LineString","coordinates":[[-2.42241,52.25366],[-2.42328,52.25518]]},"properties":{"name":"B4204","category":"secondary","osm_type":"way","osm_id":"194824742","ref":"B4204"}},{"type":"Feature","geometry":{"type":"LineString","coordinates":[[-2.42062,52.25167],[-2.42241,52.25366]]},"properties":{"name":"The Village","category":"secondary","osm_type":"way","osm_id":"194824744","ref":"B4204"}},{"type":"Feature","geometry":{"type":"LineString","coordinates":[[-2.2909,52.32253],[-2.29303,52.32588],[-2.29115,52.33183]]},"properties":{"name":"Areley Common","category":"secondary","osm_type":"way","osm_id":"195256886","ref":"B4196"}},{"type":"Feature","geometry":{"type":"LineString","coordinates":[[-2.91171,52.39163],[-2.91206,52.39169]]},"properties":{"name":"B4385","category":"secondary","osm_type":"way","osm_id":"196084490","ref":"B4385"}},{"type":"Feature","geometry":{"type":"LineString","coordinates":[[-2.91206,52.39169],[-2.91351,52.39664],[-2.91607,52.39919],[-2.91778,52.40011],[-2.91874,52.4014],[-2.92154,52.40281],[-2.92419,52.4048]]},"properties":{"name":"B4385","category":"secondary","osm_type":"way","osm_id":"196084491","ref":"B4385"}},{"type":"Feature","geometry":{"type":"LineString","coordinates":[[-2.89018,52.38536],[-2.88666,52.38543]]},"properties":{"name":"B4385","category":"secondary","osm_type":"way","osm_id":"196085449","ref":"B4385"}},{"type":"Feature","geometry":{"type":"LineString","coordinates":[[-2.8907,52.38541],[-2.89018,52.38536]]},"properties":{"name":"Broadward Bridge","category":"secondary","osm_type":"way","osm_id":"196085450","ref":"B4385"}},{"type":"Feature","geometry":{"type":"LineString","coordinates":[[-2.90952,52.38758],[-2.90889,52.38611],[-2.90897,52.38421],[-2.91089,52.37948],[-2.91328,52.37895],[-2.91503,52.37798],[-2.91983,52.3779]]},"properties":{"name":"B4367","category":"secondary","osm_type":"way","osm_id":"196767794","ref":"B4367"}},{"type":"Feature","geometry":{"type":"LineString","coordinates":[[-2.90956,52.38771],[-2.90952,52.38758]]},"properties":{"name":"B4367","category":"secondary","osm_type":"way","osm_id":"196767797","ref":"B4367"}},{"type":"Feature","geometry":{"type":"LineString","coordinates":[[-2.41683,52.28906],[-2.41734,52.2897],[-2.41651,52.29049],[-2.41641,52.29636],[-2.42101,52.29918]]},"properties":{"name":"Secondary and tertiary roads","category":"tertiary","osm_type":"way","osm_id":"196877946"}},{"type":"Feature","geometry":{"type":"LineString","coordinates":[[-2.88336,52.42126],[-2.88318,52.41771],[-2.88201,52.41578],[-2.88211,52.41142],[-2.88267,52.41012]]},"properties":{"name":"Broome Road","category":"secondary","osm_type":"way","osm_id":"197407964","ref":"B4367"}},{"type":"Feature","geometry":{"type":"LineString","coordinates":[[-2.00545,52.49121],[-2.00654,52.49141]]},"properties":{"name":"Crosswells Road","category":"secondary","osm_type":"way","osm_id":"198640918","ref":"B4182"}},{"type":"Feature","geometry":{"type":"LineString","coordinates":[[-2.00477,52.49109],[-2.00545,52.49121]]},"properties":{"name":"Crosswells Road","category":"secondary","osm_type":"way","osm_id":"198640920","ref":"B4182"}},{"type":"Feature","geometry":{"type":"LineString","coordinates":[[-2.94718,52.35757],[-2.94656,52.35556],[-2.94421,52.35246],[-2.9436,52.35064]]},"properties":{"name":"B4367","category":"secondary","osm_type":"way","osm_id":"198902953","ref":"B4367"}},{"type":"Feature","geometry":{"type":"LineString","coordinates":[[-2.92033,52.37791],[-2.92182,52.37763],[-2.92286,52.37611],[-2.92606,52.37415],[-2.92826,52.37037]]},"properties":{"name":"B4367","category":"secondary","osm_type":"way","osm_id":"198902954","ref":"B4367"}},{"type":"Feature","geometry":{"type":"LineString","coordinates":[[-2.91983,52.3779],[-2.92033,52.37791]]},"properties":{"name":"B4367","category":"secondary","osm_type":"way","osm_id":"198902956","ref":"B4367"}},{"type":"Feature","geometry":{"type":"LineString","coordinates":[[-2.08699,52.49516],[-2.08713,52.49259]]},"properties":{"name":"Simms Lane","category":"tertiary","osm_type":"way","osm_id":"199744178"}},{"type":"Feature","geometry":{"type":"LineString","coordinates":[[-2.47457,52.01619],[-2.47452,52.01598]]},"properties":{"name":"Leominster Road","category":"secondary","osm_type":"way","osm_id":"199965995","ref":"B4215"}},{"type":"Feature","geometry":{"type":"LineString","coordinates":[[-2.07704,52.43749],[-2.07566,52.43847],[-2.07221,52.43977]]},"properties":{"name":"Hagley Road","category":"secondary","osm_type":"way","osm_id":"200656957","ref":"B4183"}},{"type":"Feature","geometry":{"type":"LineString","coordinates":[[-2.07212,52.43551],[-2.07424,52.43228],[-2.07716,52.42998],[-2.07815,52.42743],[-2.08172,52.42397]]},"properties":{"name":"Uffmoor Lane","category":"tertiary","osm_type":"way","osm_id":"200656960"}},{"type":"Feature","geometry":{"type":"LineString","coordinates":[[-2.43222,52.03621],[-2.43456,52.03533]]},"properties":{"name":"Bridge Street","category":"tertiary","osm_type":"way","osm_id":"200660457"}},{"type":"Feature","geometry":{"type":"LineString","coordinates":[[-2.13625,52.25514],[-2.13609,52.25396]]},"properties":{"name":"Tagwell Road","category":"tertiary","osm_type":"way","osm_id":"200744281"}},{"type":"Feature","geometry":{"type":"LineString","coordinates":[[-2.15627,52.2574],[-2.15981,52.25375]]},"properties":{"name":"Worcester Road","category":"secondary","osm_type":"way","osm_id":"200744282","ref":"B4090"}},{"type":"Feature","geometry":{"type":"LineString","coordinates":[[-2.48074,52.02758],[-2.4793,52.02887],[-2.47813,52.02883],[-2.47699,52.02927],[-2.47405,52.03146],[-2.46736,52.03388],[-2.46426,52.03414],[-2.45761,52.03359],[-2.45674,52.03507],[-2.44982,52.03547],[-2.44246,52.03234],[-2.44018,52.03228]]},"properties":{"name":"Little Marcle Road","category":"tertiary","osm_type":"way","osm_id":"201011021"}},{"type":"Feature","geometry":{"type":"LineString","coordinates":[[-2.48082,52.02753],[-2.48074,52.02758]]},"properties":{"name":"Little Marcle Road","category":"tertiary","osm_type":"way","osm_id":"201011022"}},{"type":"Feature","geometry":{"type":"LineString","coordinates":[[-2.15837,52.26787],[-2.15416,52.26785]]},"properties":{"name":"Ombersley Way","category":"tertiary","osm_type":"way","osm_id":"201747888"}},{"type":"Feature","geometry":{"type":"LineString","coordinates":[[-2.15135,52.2537],[-2.15119,52.25377]]},"properties":{"name":"Primsland Way","category":"tertiary","osm_type":"way","osm_id":"201787164"}},{"type":"Feature","geometry":{"type":"LineString","coordinates":[[-2.15119,52.25377],[-2.1486,52.25467]]},"properties":{"name":"Primsland Way","category":"tertiary","osm_type":"way","osm_id":"201787172"}},{"type":"Feature","geometry":{"type":"LineString","coordinates":[[-2.01261,52.42181],[-2.00672,52.42296],[-2.00343,52.42183],[-2.00131,52.42293]]},"properties":{"name":"Church Hill","category":"tertiary","osm_type":"way","osm_id":"203852687"}},{"type":"Feature","geometry":{"type":"LineString","coordinates":[[-2.62589,52.03263],[-2.62581,52.0327]]},"properties":{"name":"B4224","category":"secondary","osm_type":"way","osm_id":"207106472","ref":"B4224"}},{"type":"Feature","geometry":{"type":"LineString","coordinates":[[-2.62581,52.0327],[-2.62578,52.03278]]},"properties":{"name":"B4224","category":"secondary","osm_type":"way","osm_id":"207106473","ref":"B4224"}},{"type":"Feature","geometry":{"type":"LineString","coordinates":[[-2.62871,52.03399],[-2.63043,52.03431]]},"properties":{"name":"B4224","category":"secondary","osm_type":"way","osm_id":"207106474","ref":"B4224"}},{"type":"Feature","geometry":{"type":"LineString","coordinates":[[-2.56867,52.01947],[-2.56792,52.01809]]},"properties":{"name":"Secondary and tertiary roads","category":"tertiary","osm_type":"way","osm_id":"207106480"}},{"type":"Feature","geometry":{"type":"LineString","coordinates":[[-2.61563,52.02941],[-2.61398,52.0288],[-2.61208,52.0287]]},"properties":{"name":"Secondary and tertiary roads","category":"tertiary","osm_type":"way","osm_id":"207106490"}},{"type":"Feature","geometry":{"type":"LineString","coordinates":[[-2.58591,52.02402],[-2.58008,52.02331]]},"properties":{"name":"Secondary and tertiary roads","category":"tertiary","osm_type":"way","osm_id":"207106502"}},{"type":"Feature","geometry":{"type":"LineString","coordinates":[[-2.56885,52.01982],[-2.56867,52.01947]]},"properties":{"name":"Secondary and tertiary roads","category":"tertiary","osm_type":"way","osm_id":"207106507"}},{"type":"Feature","geometry":{"type":"LineString","coordinates":[[-2.58695,52.02426],[-2.58591,52.02402]]},"properties":{"name":"Secondary and tertiary roads","category":"tertiary","osm_type":"way","osm_id":"207106513"}},{"type":"Feature","geometry":{"type":"LineString","coordinates":[[-2.61208,52.0287],[-2.60778,52.02661],[-2.60436,52.02592],[-2.59575,52.02562],[-2.59005,52.02424],[-2.58695,52.02426]]},"properties":{"name":"Secondary and tertiary roads","category":"tertiary","osm_type":"way","osm_id":"207106516"}},{"type":"Feature","geometry":{"type":"LineString","coordinates":[[-2.56792,52.01809],[-2.56927,52.01753]]},"properties":{"name":"Secondary and tertiary roads","category":"tertiary","osm_type":"way","osm_id":"207250564"}},{"type":"Feature","geometry":{"type":"LineString","coordinates":[[-2.88526,52.42481],[-2.88288,52.42404]]},"properties":{"name":"Aston Road","category":"secondary","osm_type":"way","osm_id":"207339675","ref":"B4369"}},{"type":"Feature","geometry":{"type":"LineString","coordinates":[[-2.57658,52.02287],[-2.57023,52.02072],[-2.56885,52.01982]]},"properties":{"name":"Secondary and tertiary roads","category":"tertiary","osm_type":"way","osm_id":"207522976"}},{"type":"Feature","geometry":{"type":"LineString","coordinates":[[-2.56927,52.01753],[-2.57158,52.01383],[-2.57318,52.01279],[-2.57562,52.01206]]},"properties":{"name":"Secondary and tertiary roads","category":"tertiary","osm_type":"way","osm_id":"207523007"}},{"type":"Feature","geometry":{"type":"LineString","coordinates":[[-2.58008,52.02331],[-2.57658,52.02287]]},"properties":{"name":"Secondary and tertiary roads","category":"tertiary","osm_type":"way","osm_id":"207523025"}},{"type":"Feature","geometry":{"type":"LineString","coordinates":[[-2.62692,52.03019],[-2.62932,52.02762],[-2.63063,52.02349],[-2.62772,52.01937],[-2.62689,52.01664],[-2.62356,52.01258],[-2.61994,52.00993]]},"properties":{"name":"B4224","category":"secondary","osm_type":"way","osm_id":"209071215","ref":"B4224"}},{"type":"Feature","geometry":{"type":"LineString","coordinates":[[-2.63184,52.03437],[-2.63043,52.03431]]},"properties":{"name":"B4224","category":"secondary","osm_type":"way","osm_id":"209071217","ref":"B4224"}},{"type":"Feature","geometry":{"type":"LineString","coordinates":[[-2.617,52.03106],[-2.61563,52.02941]]},"properties":{"name":"Secondary and tertiary roads","category":"tertiary","osm_type":"way","osm_id":"209071224"}},{"type":"Feature","geometry":{"type":"LineString","coordinates":[[-2.62601,52.03523],[-2.62649,52.03325]]},"properties":{"name":"Secondary and tertiary roads","category":"tertiary","osm_type":"way","osm_id":"209071226"}},{"type":"Feature","geometry":{"type":"LineString","coordinates":[[-2.65216,52.03848],[-2.64736,52.0361],[-2.63947,52.03481]]},"properties":{"name":"B4224","category":"secondary","osm_type":"way","osm_id":"209100773","ref":"B4224"}},{"type":"Feature","geometry":{"type":"LineString","coordinates":[[-2.66074,52.04253],[-2.65913,52.04132]]},"properties":{"name":"B4224","category":"secondary","osm_type":"way","osm_id":"209100774","ref":"B4224"}},{"type":"Feature","geometry":{"type":"LineString","coordinates":[[-2.70032,52.05072],[-2.70155,52.05113]]},"properties":{"name":"Eign Road","category":"secondary","osm_type":"way","osm_id":"209100776"}},{"type":"Feature","geometry":{"type":"LineString","coordinates":[[-2.69813,52.04996],[-2.69831,52.05003]]},"properties":{"name":"Hampton Park Road","category":"secondary","osm_type":"way","osm_id":"209100777","ref":"B4224"}},{"type":"Feature","geometry":{"type":"LineString","coordinates":[[-2.67169,52.04679],[-2.66428,52.04439],[-2.66121,52.04291]]},"properties":{"name":"Hampton Park Road","category":"secondary","osm_type":"way","osm_id":"209100778","ref":"B4224"}},{"type":"Feature","geometry":{"type":"LineString","coordinates":[[-2.68159,52.04901],[-2.6841,52.04925],[-2.69495,52.04907],[-2.6971,52.04959]]},"properties":{"name":"Hampton Park Road","category":"secondary","osm_type":"way","osm_id":"209100779","ref":"B4224"}},{"type":"Feature","geometry":{"type":"LineString","coordinates":[[-2.68722,52.05575],[-2.68524,52.05437]]},"properties":{"name":"Church Road","category":"tertiary","osm_type":"way","osm_id":"209238489"}},{"type":"Feature","geometry":{"type":"LineString","coordinates":[[-2.68944,52.05736],[-2.6892,52.0571]]},"properties":{"name":"Church Road","category":"tertiary","osm_type":"way","osm_id":"209238490"}},{"type":"Feature","geometry":{"type":"LineString","coordinates":[[-2.68526,52.05429],[-2.68722,52.05327],[-2.68778,52.05161]]},"properties":{"name":"Hampton Dene Road","category":"tertiary","osm_type":"way","osm_id":"209238491"}},{"type":"Feature","geometry":{"type":"LineString","coordinates":[[-2.6851,52.05432],[-2.6852,52.05427],[-2.68528,52.05434],[-2.68517,52.05438],[-2.6851,52.05432]]},"properties":{"name":"Secondary and tertiary roads","category":"tertiary","osm_type":"way","osm_id":"209238506"}},{"type":"Feature","geometry":{"type":"LineString","coordinates":[[-2.59345,52.31094],[-2.59354,52.31106]]},"properties":{"name":"B4204","category":"secondary","osm_type":"way","osm_id":"209245438","ref":"B4204"}},{"type":"Feature","geometry":{"type":"LineString","coordinates":[[-2.59354,52.31106],[-2.59365,52.31123]]},"properties":{"name":"B4204","category":"secondary","osm_type":"way","osm_id":"209245444","ref":"B4204"}},{"type":"Feature","geometry":{"type":"LineString","coordinates":[[-2.15947,52.26784],[-2.16002,52.26772]]},"properties":{"name":"Ombersley Way","category":"tertiary","osm_type":"way","osm_id":"214246360"}},{"type":"Feature","geometry":{"type":"LineString","coordinates":[[-2.15941,52.25363],[-2.15981,52.25375]]},"properties":{"name":"Primsland Way","category":"tertiary","osm_type":"way","osm_id":"214246362"}},{"type":"Feature","geometry":{"type":"LineString","coordinates":[[-2.17268,52.26122],[-2.17218,52.26092]]},"properties":{"name":"Ombersley Way","category":"tertiary","osm_type":"way","osm_id":"214246384"}},{"type":"Feature","geometry":{"type":"LineString","coordinates":[[-2.1603,52.2672],[-2.1602,52.26736]]},"properties":{"name":"Ombersley Way","category":"tertiary","osm_type":"way","osm_id":"214246397"}},{"type":"Feature","geometry":{"type":"LineString","coordinates":[[-2.15995,52.26823],[-2.16002,52.26791]]},"properties":{"name":"Salwarpe Road","category":"tertiary","osm_type":"way","osm_id":"214246403"}},{"type":"Feature","geometry":{"type":"LineString","coordinates":[[-2.16251,52.25251],[-2.16221,52.25276]]},"properties":{"name":"Celvestune Way","category":"tertiary","osm_type":"way","osm_id":"214246437"}},{"type":"Feature","geometry":{"type":"LineString","coordinates":[[-2.15947,52.26784],[-2.15931,52.26784]]},"properties":{"name":"Ombersley Way","category":"tertiary","osm_type":"way","osm_id":"214246453"}},{"type":"Feature","geometry":{"type":"LineString","coordinates":[[-2.15392,52.26783],[-2.15407,52.26776]]},"properties":{"name":"B4090","category":"secondary","osm_type":"way","osm_id":"214246458","ref":"B4090"}},{"type":"Feature","geometry":{"type":"LineString","coordinates":[[-2.16005,52.26769],[-2.1602,52.26736]]},"properties":{"name":"Ombersley Way","category":"tertiary","osm_type":"way","osm_id":"214246464"}},{"type":"Feature","geometry":{"type":"LineString","coordinates":[[-2.1602,52.26736],[-2.16033,52.26767]]},"properties":{"name":"Ombersley Way","category":"tertiary","osm_type":"way","osm_id":"214246466"}},{"type":"Feature","geometry":{"type":"LineString","coordinates":[[-2.16221,52.25276],[-2.16213,52.25245]]},"properties":{"name":"Celvestune Way","category":"tertiary","osm_type":"way","osm_id":"214246469"}},{"type":"Feature","geometry":{"type":"LineString","coordinates":[[-2.15999,52.26773],[-2.16033,52.26767],[-2.16044,52.26789],[-2.16005,52.26793],[-2.15999,52.26773]]},"properties":{"name":"Ombersley Way","category":"tertiary","osm_type":"way","osm_id":"214246478"}},{"type":"Feature","geometry":{"type":"LineString","coordinates":[[-2.16031,52.26796],[-2.15995,52.26823]]},"properties":{"name":"Salwarpe Road","category":"tertiary","osm_type":"way","osm_id":"214246480"}},{"type":"Feature","geometry":{"type":"LineString","coordinates":[[-2.15931,52.26784],[-2.15872,52.26785]]},"properties":{"name":"Ombersley Way","category":"tertiary","osm_type":"way","osm_id":"214246482"}},{"type":"Feature","geometry":{"type":"LineString","coordinates":[[-2.1653,52.26526],[-2.165,52.26513]]},"properties":{"name":"Secondary and tertiary roads","category":"tertiary","osm_type":"way","osm_id":"214246487"}},{"type":"Feature","geometry":{"type":"LineString","coordinates":[[-2.15872,52.26785],[-2.15837,52.26787]]},"properties":{"name":"Ombersley Way","category":"tertiary","osm_type":"way","osm_id":"214246504"}},{"type":"Feature","geometry":{"type":"LineString","coordinates":[[-2.49411,52.13193],[-2.49478,52.13289]]},"properties":{"name":"B4214","category":"secondary","osm_type":"way","osm_id":"214468138","ref":"B4214"}},{"type":"Feature","geometry":{"type":"LineString","coordinates":[[-2.49635,52.13579],[-2.49577,52.13512]]},"properties":{"name":"B4214","category":"secondary","osm_type":"way","osm_id":"214468141","ref":"B4214"}},{"type":"Feature","geometry":{"type":"LineString","coordinates":[[-2.48152,52.1556],[-2.481,52.15995]]},"properties":{"name":"Secondary and tertiary roads","category":"tertiary","osm_type":"way","osm_id":"214801904"}},{"type":"Feature","geometry":{"type":"LineString","coordinates":[[-2.481,52.15995],[-2.47755,52.15978],[-2.47414,52.16017],[-2.47124,52.16174],[-2.4674,52.16273],[-2.46683,52.16397]]},"properties":{"name":"Secondary and tertiary roads","category":"tertiary","osm_type":"way","osm_id":"214801905"}},{"type":"Feature","geometry":{"type":"LineString","coordinates":[[-2.4815,52.15552],[-2.48152,52.1556]]},"properties":{"name":"Secondary and tertiary roads","category":"tertiary","osm_type":"way","osm_id":"214801911"}},{"type":"Feature","geometry":{"type":"LineString","coordinates":[[-2.52962,52.13296],[-2.52632,52.13267],[-2.52558,52.13321],[-2.52216,52.13292],[-2.5186,52.13309],[-2.51557,52.13259],[-2.51331,52.13312],[-2.51063,52.13238],[-2.50926,52.13256]]},"properties":{"name":"Secondary and tertiary roads","category":"tertiary","osm_type":"way","osm_id":"215308129"}},{"type":"Feature","geometry":{"type":"LineString","coordinates":[[-2.20873,52.45574],[-2.21118,52.45521],[-2.21301,52.45377],[-2.22028,52.45263],[-2.22347,52.44967]]},"properties":{"name":"Dunsley Road","category":"tertiary","osm_type":"way","osm_id":"217203778"}},{"type":"Feature","geometry":{"type":"LineString","coordinates":[[-2.22812,52.43054],[-2.23068,52.42608],[-2.23253,52.42464]]},"properties":{"name":"Kinver Road","category":"tertiary","osm_type":"way","osm_id":"217203779"}},{"type":"Feature","geometry":{"type":"LineString","coordinates":[[-2.49394,52.12553],[-2.4935,52.12748],[-2.49392,52.13008]]},"properties":{"name":"B4214","category":"secondary","osm_type":"way","osm_id":"217977962","ref":"B4214"}},{"type":"Feature","geometry":{"type":"LineString","coordinates":[[-2.49401,52.12504],[-2.494,52.12511]]},"properties":{"name":"B4214","category":"secondary","osm_type":"way","osm_id":"217977965","ref":"B4214"}},{"type":"Feature","geometry":{"type":"LineString","coordinates":[[-2.49396,52.12543],[-2.49394,52.12553]]},"properties":{"name":"B4214","category":"secondary","osm_type":"way","osm_id":"217977966","ref":"B4214"}},{"type":"Feature","geometry":{"type":"LineString","coordinates":[[-2.494,52.12511],[-2.49396,52.12543]]},"properties":{"name":"B4214","category":"secondary","osm_type":"way","osm_id":"217977967","ref":"B4214"}},{"type":"Feature","geometry":{"type":"LineString","coordinates":[[-2.97156,52.42661],[-2.97274,52.42681],[-2.97629,52.42613],[-2.97944,52.42611]]},"properties":{"name":"B4368","category":"secondary","osm_type":"way","osm_id":"218086214","ref":"B4368"}},{"type":"Feature","geometry":{"type":"LineString","coordinates":[[-2.89299,52.40164],[-2.89475,52.40141]]},"properties":{"name":"B4367","category":"secondary","osm_type":"way","osm_id":"218726588","ref":"B4367"}},{"type":"Feature","geometry":{"type":"LineString","coordinates":[[-2.89251,52.4018],[-2.89299,52.40164]]},"properties":{"name":"Clungunford Bridge","category":"secondary","osm_type":"way","osm_id":"218726589","ref":"B4367"}},{"type":"Feature","geometry":{"type":"LineString","coordinates":[[-2.89508,52.40098],[-2.89445,52.39751],[-2.89497,52.39525],[-2.8982,52.39455],[-2.90105,52.39344],[-2.90391,52.39302],[-2.90743,52.39154],[-2.91011,52.39155],[-2.91058,52.39122]]},"properties":{"name":"B4367","category":"secondary","osm_type":"way","osm_id":"219157006","ref":"B4367"}},{"type":"Feature","geometry":{"type":"LineString","coordinates":[[-2.88436,52.40564],[-2.88459,52.4026]]},"properties":{"name":"Broome Road","category":"secondary","osm_type":"way","osm_id":"219157008","ref":"B4367"}},{"type":"Feature","geometry":{"type":"LineString","coordinates":[[-2.63713,52.08557],[-2.63662,52.0857]]},"properties":{"name":"Secondary and tertiary roads","category":"tertiary","osm_type":"way","osm_id":"219449339"}},{"type":"Feature","geometry":{"type":"LineString","coordinates":[[-2.26695,52.34071],[-2.26677,52.34386]]},"properties":{"name":"Millfields Drive","category":"tertiary","osm_type":"way","osm_id":"219749912"}},{"type":"Feature","geometry":{"type":"LineString","coordinates":[[-2.73357,52.06754],[-2.74313,52.07359],[-2.74447,52.07359]]},"properties":{"name":"Grandstand Road","category":"tertiary","osm_type":"way","osm_id":"219831549"}},{"type":"Feature","geometry":{"type":"LineString","coordinates":[[-2.73152,52.06727],[-2.73357,52.06754]]},"properties":{"name":"Grandstand Road","category":"tertiary","osm_type":"way","osm_id":"219831550"}},{"type":"Feature","geometry":{"type":"LineString","coordinates":[[-2.73357,52.06754],[-2.73152,52.06727]]},"properties":{"name":"Grandstand Road","category":"tertiary","osm_type":"way","osm_id":"219831551"}},{"type":"Feature","geometry":{"type":"LineString","coordinates":[[-2.72224,52.02528],[-2.71898,52.02497],[-2.71541,52.02535],[-2.70425,52.0288],[-2.69831,52.03104],[-2.69436,52.03191],[-2.68765,52.03275],[-2.68425,52.03426]]},"properties":{"name":"Gatehouse Road","category":"secondary","osm_type":"way","osm_id":"219850320","ref":"B4399"}},{"type":"Feature","geometry":{"type":"LineString","coordinates":[[-2.72283,52.02544],[-2.72224,52.02528]]},"properties":{"name":"Gatehouse Road","category":"secondary","osm_type":"way","osm_id":"219850327","ref":"B4399"}},{"type":"Feature","geometry":{"type":"LineString","coordinates":[[-2.02149,52.07036],[-2.02132,52.07032]]},"properties":{"name":"Netherton Lane","category":"tertiary","osm_type":"way","osm_id":"220249448"}},{"type":"Feature","geometry":{"type":"LineString","coordinates":[[-2.99452,52.48857],[-2.99841,52.48996]]},"properties":{"name":"Brampton Road","category":"secondary","osm_type":"way","osm_id":"220335859","ref":"B4385"}},{"type":"Feature","geometry":{"type":"LineString","coordinates":[[-2.03774,52.02001],[-2.03377,52.02077]]},"properties":{"name":"Main Street","category":"tertiary","osm_type":"way","osm_id":"220702353"}},{"type":"Feature","geometry":{"type":"LineString","coordinates":[[-2.44305,52.4071],[-2.43984,52.40941],[-2.43682,52.41041]]},"properties":{"name":"Kinlet Bank","category":"secondary","osm_type":"way","osm_id":"221060029","ref":"B4363"}},{"type":"Feature","geometry":{"type":"LineString","coordinates":[[-2.43126,52.41163],[-2.43029,52.4115],[-2.42764,52.4123],[-2.42137,52.41519],[-2.41885,52.41813],[-2.41644,52.41905]]},"properties":{"name":"B4363","category":"secondary","osm_type":"way","osm_id":"221060030","ref":"B4363"}},{"type":"Feature","geometry":{"type":"LineString","coordinates":[[-2.34439,52.08824],[-2.34749,52.08772],[-2.35393,52.08394]]},"properties":{"name":"Walwyn Road","category":"secondary","osm_type":"way","osm_id":"221187800","ref":"B4218"}},{"type":"Feature","geometry":{"type":"LineString","coordinates":[[-2.34322,52.0887],[-2.34439,52.08824]]},"properties":{"name":"Walwyn Road","category":"secondary","osm_type":"way","osm_id":"221187801","ref":"B4218"}},{"type":"Feature","geometry":{"type":"LineString","coordinates":[[-2.10779,52.08846],[-2.10709,52.0901],[-2.10996,52.09203]]},"properties":{"name":"Eckington Road","category":"secondary","osm_type":"way","osm_id":"221234550","ref":"B4080"}},{"type":"Feature","geometry":{"type":"LineString","coordinates":[[-2.31248,52.1093],[-2.31782,52.11135]]},"properties":{"name":"Barnard's Green Road","category":"secondary","osm_type":"way","osm_id":"221499229","ref":"B4211"}},{"type":"Feature","geometry":{"type":"LineString","coordinates":[[-2.32505,52.11172],[-2.32419,52.1118]]},"properties":{"name":"Church Street","category":"secondary","osm_type":"way","osm_id":"221499231","ref":"B4211"}},{"type":"Feature","geometry":{"type":"LineString","coordinates":[[-2.31184,52.1085],[-2.31204,52.10848]]},"properties":{"name":"Barnard's Green Road","category":"secondary","osm_type":"way","osm_id":"221594897","ref":"B4211"}},{"type":"Feature","geometry":{"type":"LineString","coordinates":[[-2.31221,52.10905],[-2.31209,52.10908]]},"properties":{"name":"Barnard's Green Road","category":"secondary","osm_type":"way","osm_id":"221594898","ref":"B4211"}},{"type":"Feature","geometry":{"type":"LineString","coordinates":[[-2.31169,52.10865],[-2.31098,52.1085]]},"properties":{"name":"Barnard's Green Road","category":"secondary","osm_type":"way","osm_id":"221594899","ref":"B4211"}},{"type":"Feature","geometry":{"type":"LineString","coordinates":[[-2.31098,52.1085],[-2.31184,52.1085]]},"properties":{"name":"Barnard's Green Road","category":"secondary","osm_type":"way","osm_id":"221594900","ref":"B4211"}},{"type":"Feature","geometry":{"type":"LineString","coordinates":[[-2.31204,52.10848],[-2.31213,52.10865]]},"properties":{"name":"Barnard's Green Road","category":"secondary","osm_type":"way","osm_id":"221594901","ref":"B4211"}},{"type":"Feature","geometry":{"type":"LineString","coordinates":[[-2.32103,52.09581],[-2.31529,52.09467],[-2.31172,52.09451]]},"properties":{"name":"Peachfield Road","category":"tertiary","osm_type":"way","osm_id":"221594905"}},{"type":"Feature","geometry":{"type":"LineString","coordinates":[[-2.30144,52.13176],[-2.30106,52.13153]]},"properties":{"name":"Townsend Way","category":"secondary","osm_type":"way","osm_id":"221595757","ref":"B4208"}},{"type":"Feature","geometry":{"type":"LineString","coordinates":[[-2.88158,52.42346],[-2.88336,52.42126]]},"properties":{"name":"B4367","category":"secondary","osm_type":"way","osm_id":"221597191","ref":"B4367"}},{"type":"Feature","geometry":{"type":"LineString","coordinates":[[-2.32489,52.09617],[-2.32324,52.09598]]},"properties":{"name":"Peachfield Road","category":"tertiary","osm_type":"way","osm_id":"221633111"}},{"type":"Feature","geometry":{"type":"LineString","coordinates":[[-2.33269,52.09409],[-2.32743,52.09583],[-2.32489,52.09617]]},"properties":{"name":"Peachfield Road","category":"tertiary","osm_type":"way","osm_id":"221633112"}},{"type":"Feature","geometry":{"type":"LineString","coordinates":[[-2.30072,52.10659],[-2.30252,52.1066]]},"properties":{"name":"Guarlford Road","category":"secondary","osm_type":"way","osm_id":"221636360","ref":"B4211"}},{"type":"Feature","geometry":{"type":"LineString","coordinates":[[-2.30252,52.1066],[-2.30458,52.10663]]},"properties":{"name":"Guarlford Road","category":"secondary","osm_type":"way","osm_id":"221636361","ref":"B4211"}},{"type":"Feature","geometry":{"type":"LineString","coordinates":[[-2.31333,52.09769],[-2.31847,52.09582],[-2.31967,52.0957]]},"properties":{"name":"Longridge Road","category":"tertiary","osm_type":"way","osm_id":"221636362"}},{"type":"Feature","geometry":{"type":"LineString","coordinates":[[-2.30841,52.09983],[-2.30928,52.09906]]},"properties":{"name":"Poolbrook Road","category":"secondary","osm_type":"way","osm_id":"221636364","ref":"B4208"}},{"type":"Feature","geometry":{"type":"LineString","coordinates":[[-2.30928,52.09906],[-2.31062,52.09789]]},"properties":{"name":"Poolbrook Road","category":"secondary","osm_type":"way","osm_id":"221636365","ref":"B4208"}},{"type":"Feature","geometry":{"type":"LineString","coordinates":[[-2.32066,52.09793],[-2.31901,52.10301]]},"properties":{"name":"St. Andrew's Road","category":"tertiary","osm_type":"way","osm_id":"221636367"}},{"type":"Feature","geometry":{"type":"LineString","coordinates":[[-2.31981,52.11187],[-2.31829,52.11149]]},"properties":{"name":"Barnard's Green Road","category":"secondary","osm_type":"way","osm_id":"221637395","ref":"B4211"}},{"type":"Feature","geometry":{"type":"LineString","coordinates":[[-2.30315,52.11523],[-2.30107,52.1153]]},"properties":{"name":"Madresfield Road","category":"tertiary","osm_type":"way","osm_id":"221637399"}},{"type":"Feature","geometry":{"type":"LineString","coordinates":[[-2.30633,52.11996],[-2.3083,52.11926],[-2.31098,52.11901]]},"properties":{"name":"North End Lane","category":"secondary","osm_type":"way","osm_id":"221637400","ref":"B4208"}},{"type":"Feature","geometry":{"type":"LineString","coordinates":[[-2.30835,52.11395],[-2.30915,52.11416]]},"properties":{"name":"Pickersleigh Road","category":"secondary","osm_type":"way","osm_id":"221637406","ref":"B4208"}},{"type":"Feature","geometry":{"type":"LineString","coordinates":[[-2.30214,52.12515],[-2.30523,52.12446]]},"properties":{"name":"Sandys Road","category":"tertiary","osm_type":"way","osm_id":"221637411"}},{"type":"Feature","geometry":{"type":"LineString","coordinates":[[-2.29964,52.12902],[-2.29967,52.12874]]},"properties":{"name":"Townsend Way","category":"secondary","osm_type":"way","osm_id":"221637414","ref":"B4208"}},{"type":"Feature","geometry":{"type":"LineString","coordinates":[[-2.30106,52.13153],[-2.30149,52.13158]]},"properties":{"name":"Townsend Way","category":"secondary","osm_type":"way","osm_id":"221637418","ref":"B4208"}},{"type":"Feature","geometry":{"type":"LineString","coordinates":[[-2.29942,52.12476],[-2.2998,52.12486],[-2.29961,52.12511],[-2.29925,52.12502],[-2.29942,52.12476]]},"properties":{"name":"Townsend Way","category":"secondary","osm_type":"way","osm_id":"221637420","ref":"B4208"}},{"type":"Feature","geometry":{"type":"LineString","coordinates":[[-2.48062,52.16217],[-2.48056,52.16277]]},"properties":{"name":"Avenbury Lane","category":"tertiary","osm_type":"way","osm_id":"221653043"}},{"type":"Feature","geometry":{"type":"LineString","coordinates":[[-2.48056,52.16277],[-2.48283,52.16555],[-2.48109,52.16757],[-2.4825,52.16974],[-2.48468,52.17051],[-2.48712,52.17082],[-2.49009,52.17017],[-2.49145,52.17048],[-2.49351,52.17197],[-2.49423,52.17631],[-2.49521,52.17674],[-2.49953,52.17694],[-2.5022,52.17898],[-2.5029,52.18413],[-2.50094,52.18655]]},"properties":{"name":"Avenbury Lane","category":"tertiary","osm_type":"way","osm_id":"221653044"}},{"type":"Feature","geometry":{"type":"LineString","coordinates":[[-2.455,52.16538],[-2.45461,52.16766],[-2.45861,52.17165],[-2.45932,52.17298],[-2.46296,52.17611],[-2.46516,52.17654],[-2.46994,52.17864]]},"properties":{"name":"B4220","category":"secondary","osm_type":"way","osm_id":"221653045","ref":"B4220"}},{"type":"Feature","geometry":{"type":"LineString","coordinates":[[-2.45388,52.16401],[-2.455,52.16538]]},"properties":{"name":"B4220","category":"secondary","osm_type":"way","osm_id":"221653046","ref":"B4220"}},{"type":"Feature","geometry":{"type":"LineString","coordinates":[[-2.46683,52.16397],[-2.4608,52.1644],[-2.45764,52.16556],[-2.455,52.16538]]},"properties":{"name":"Secondary and tertiary roads","category":"tertiary","osm_type":"way","osm_id":"221653064"}},{"type":"Feature","geometry":{"type":"LineString","coordinates":[[-2.31048,52.11493],[-2.31119,52.11584],[-2.3103,52.11768],[-2.31098,52.11901]]},"properties":{"name":"Pickersleigh Road","category":"secondary","osm_type":"way","osm_id":"221666426","ref":"B4208"}},{"type":"Feature","geometry":{"type":"LineString","coordinates":[[-2.74471,52.23547],[-2.74473,52.23553]]},"properties":{"name":"Old Ludlow Road","category":"secondary","osm_type":"way","osm_id":"221812695","ref":"B4361"}},{"type":"Feature","geometry":{"type":"LineString","coordinates":[[-2.74473,52.23553],[-2.74501,52.23641]]},"properties":{"name":"North Road","category":"secondary","osm_type":"way","osm_id":"221812723","ref":"B4361"}},{"type":"Feature","geometry":{"type":"LineString","coordinates":[[-2.27462,52.08381],[-2.27438,52.08384]]},"properties":{"name":"B4209","category":"secondary","osm_type":"way","osm_id":"221892232","ref":"B4209"}},{"type":"Feature","geometry":{"type":"LineString","coordinates":[[-2.29967,52.12874],[-2.29989,52.12889]]},"properties":{"name":"Townsend Way","category":"secondary","osm_type":"way","osm_id":"221912546","ref":"B4208"}},{"type":"Feature","geometry":{"type":"LineString","coordinates":[[-2.07704,52.43749],[-2.07702,52.4371]]},"properties":{"name":"Hagley Road","category":"secondary","osm_type":"way","osm_id":"222046818","ref":"B4183"}},{"type":"Feature","geometry":{"type":"LineString","coordinates":[[-2.05184,52.45103],[-2.05202,52.45123]]},"properties":{"name":"B4183","category":"secondary","osm_type":"way","osm_id":"222046833","ref":"B4183"}},{"type":"Feature","geometry":{"type":"LineString","coordinates":[[-2.13295,52.42315],[-2.14238,52.42228]]},"properties":{"name":"Park Road","category":"tertiary","osm_type":"way","osm_id":"222046834"}},{"type":"Feature","geometry":{"type":"LineString","coordinates":[[-2.02459,52.49978],[-2.02474,52.50005]]},"properties":{"name":"Shidas Lane","category":"tertiary","osm_type":"way","osm_id":"222173402"}},{"type":"Feature","geometry":{"type":"LineString","coordinates":[[-2.02474,52.50005],[-2.02444,52.49987]]},"properties":{"name":"Shidas Lane","category":"tertiary","osm_type":"way","osm_id":"222173404"}},{"type":"Feature","geometry":{"type":"LineString","coordinates":[[-2.02377,52.4998],[-2.02434,52.49973]]},"properties":{"name":"Portway Road","category":"tertiary","osm_type":"way","osm_id":"222173405"}},{"type":"Feature","geometry":{"type":"LineString","coordinates":[[-2.02459,52.49976],[-2.02459,52.49978]]},"properties":{"name":"Portway Road","category":"tertiary","osm_type":"way","osm_id":"222173407"}},{"type":"Feature","geometry":{"type":"LineString","coordinates":[[-2.02473,52.49965],[-2.02459,52.49976]]},"properties":{"name":"Portway Road","category":"tertiary","osm_type":"way","osm_id":"222173408"}},{"type":"Feature","geometry":{"type":"LineString","coordinates":[[-2.02444,52.4997],[-2.02459,52.49976]]},"properties":{"name":"Portway Road","category":"tertiary","osm_type":"way","osm_id":"222173413"}},{"type":"Feature","geometry":{"type":"LineString","coordinates":[[-2.02444,52.4997],[-2.02473,52.49965]]},"properties":{"name":"Portway Road","category":"tertiary","osm_type":"way","osm_id":"222173415"}},{"type":"Feature","geometry":{"type":"LineString","coordinates":[[-2.02434,52.49973],[-2.02444,52.4997]]},"properties":{"name":"Portway Road","category":"tertiary","osm_type":"way","osm_id":"222173418"}},{"type":"Feature","geometry":{"type":"LineString","coordinates":[[-2.02473,52.49965],[-2.02711,52.49957]]},"properties":{"name":"Portway Road","category":"tertiary","osm_type":"way","osm_id":"222173419"}},{"type":"Feature","geometry":{"type":"LineString","coordinates":[[-2.02435,52.49985],[-2.02377,52.4998]]},"properties":{"name":"Portway Road","category":"tertiary","osm_type":"way","osm_id":"222173421"}},{"type":"Feature","geometry":{"type":"LineString","coordinates":[[-2.02435,52.49985],[-2.02434,52.49973]]},"properties":{"name":"Portway Road","category":"tertiary","osm_type":"way","osm_id":"222173426"}},{"type":"Feature","geometry":{"type":"LineString","coordinates":[[-2.31198,52.10897],[-2.31169,52.10865]]},"properties":{"name":"Barnard's Green Road","category":"secondary","osm_type":"way","osm_id":"222342002","ref":"B4211"}},{"type":"Feature","geometry":{"type":"LineString","coordinates":[[-2.30107,52.1153],[-2.30066,52.11524]]},"properties":{"name":"Madresfield Road","category":"tertiary","osm_type":"way","osm_id":"222342004"}},{"type":"Feature","geometry":{"type":"LineString","coordinates":[[-2.33122,52.12751],[-2.33153,52.12746]]},"properties":{"name":"Somers Park Avenue","category":"tertiary","osm_type":"way","osm_id":"222342006"}},{"type":"Feature","geometry":{"type":"LineString","coordinates":[[-2.3295,52.13223],[-2.32708,52.13103],[-2.32421,52.13139]]},"properties":{"name":"Yates Hay Road","category":"tertiary","osm_type":"way","osm_id":"222342009"}},{"type":"Feature","geometry":{"type":"LineString","coordinates":[[-2.2261,52.19328],[-2.22333,52.19409]]},"properties":{"name":"The Butts","category":"secondary","osm_type":"way","osm_id":"222678272","ref":"B4205"}},{"type":"Feature","geometry":{"type":"LineString","coordinates":[[-2.32421,52.13139],[-2.32403,52.12885]]},"properties":{"name":"Upper Howsell Road","category":"tertiary","osm_type":"way","osm_id":"222678273"}},{"type":"Feature","geometry":{"type":"LineString","coordinates":[[-2.32725,52.11301],[-2.32649,52.11794]]},"properties":{"name":"Graham Road","category":"tertiary","osm_type":"way","osm_id":"222789730"}},{"type":"Feature","geometry":{"type":"LineString","coordinates":[[-2.20612,52.17101],[-2.20634,52.17087]]},"properties":{"name":"St Peter's Drive","category":"tertiary","osm_type":"way","osm_id":"222954115"}},{"type":"Feature","geometry":{"type":"LineString","coordinates":[[-2.18286,52.0875],[-2.18524,52.089]]},"properties":{"name":"Secondary and tertiary roads","category":"tertiary","osm_type":"way","osm_id":"222955346"}},{"type":"Feature","geometry":{"type":"LineString","coordinates":[[-2.32549,52.11755],[-2.32649,52.11794]]},"properties":{"name":"Albert Road North","category":"tertiary","osm_type":"way","osm_id":"222975957"}},{"type":"Feature","geometry":{"type":"LineString","coordinates":[[-2.32061,52.11006],[-2.31905,52.11005]]},"properties":{"name":"Avenue Road","category":"tertiary","osm_type":"way","osm_id":"222975958"}},{"type":"Feature","geometry":{"type":"LineString","coordinates":[[-2.32026,52.11192],[-2.31981,52.11187]]},"properties":{"name":"Church Street","category":"secondary","osm_type":"way","osm_id":"222975959","ref":"B4211"}},{"type":"Feature","geometry":{"type":"LineString","coordinates":[[-2.32419,52.1118],[-2.32152,52.11213],[-2.32026,52.11192]]},"properties":{"name":"Church Street","category":"secondary","osm_type":"way","osm_id":"222975960","ref":"B4211"}},{"type":"Feature","geometry":{"type":"LineString","coordinates":[[-2.32649,52.11794],[-2.32656,52.12022]]},"properties":{"name":"Graham Road","category":"tertiary","osm_type":"way","osm_id":"222975961"}},{"type":"Feature","geometry":{"type":"LineString","coordinates":[[-2.31905,52.11005],[-2.31825,52.11005]]},"properties":{"name":"Avenue Road","category":"tertiary","osm_type":"way","osm_id":"223029646"}},{"type":"Feature","geometry":{"type":"LineString","coordinates":[[-2.24343,52.10405],[-2.24638,52.10448],[-2.25798,52.10497],[-2.26398,52.10611]]},"properties":{"name":"Guarlford Road","category":"secondary","osm_type":"way","osm_id":"223030872","ref":"B4211"}},{"type":"Feature","geometry":{"type":"LineString","coordinates":[[-2.27438,52.08384],[-2.26839,52.08434],[-2.26335,52.08365]]},"properties":{"name":"B4209","category":"secondary","osm_type":"way","osm_id":"223031183","ref":"B4209"}},{"type":"Feature","geometry":{"type":"LineString","coordinates":[[-2.23815,52.08096],[-2.23432,52.07776]]},"properties":{"name":"Powick Road","category":"secondary","osm_type":"way","osm_id":"223031668","ref":"B4211"}},{"type":"Feature","geometry":{"type":"LineString","coordinates":[[-2.14485,52.05812],[-2.14453,52.05843]]},"properties":{"name":"Hill View Road","category":"tertiary","osm_type":"way","osm_id":"223173501"}},{"type":"Feature","geometry":{"type":"LineString","coordinates":[[-2.16466,52.06067],[-2.14684,52.05864],[-2.14485,52.05812]]},"properties":{"name":"Strensham Road","category":"tertiary","osm_type":"way","osm_id":"223173502"}},{"type":"Feature","geometry":{"type":"LineString","coordinates":[[-2.1526,52.0307],[-2.14952,52.03005]]},"properties":{"name":"Brockeridge Road","category":"tertiary","osm_type":"way","osm_id":"223175360"}},{"type":"Feature","geometry":{"type":"LineString","coordinates":[[-2.00126,52.45624],[-2.00125,52.45603]]},"properties":{"name":"Secondary and tertiary roads","category":"tertiary","osm_type":"way","osm_id":"223188210"}},{"type":"Feature","geometry":{"type":"LineString","coordinates":[[-2.01296,52.46211],[-2.01294,52.4622]]},"properties":{"name":"Spies Lane","category":"secondary","osm_type":"way","osm_id":"223188211","ref":"B4043"}},{"type":"Feature","geometry":{"type":"LineString","coordinates":[[-2.41112,52.18489],[-2.41204,52.1803]]},"properties":{"name":"Secondary and tertiary roads","category":"tertiary","osm_type":"way","osm_id":"223308729"}},{"type":"Feature","geometry":{"type":"LineString","coordinates":[[-2.41204,52.1803],[-2.41184,52.17599],[-2.40713,52.16843],[-2.40694,52.1668],[-2.40778,52.16418],[-2.40748,52.16286]]},"properties":{"name":"Secondary and tertiary roads","category":"tertiary","osm_type":"way","osm_id":"223308742"}},{"type":"Feature","geometry":{"type":"LineString","coordinates":[[-2.34655,52.0625],[-2.34558,52.06346],[-2.34385,52.06383],[-2.34271,52.06512],[-2.34213,52.0668],[-2.34212,52.07385],[-2.34342,52.07808],[-2.34224,52.08013],[-2.34059,52.08083],[-2.34036,52.08232],[-2.34109,52.08526],[-2.34066,52.08594]]},"properties":{"name":"Jubilee Drive","category":"secondary","osm_type":"way","osm_id":"223459337","ref":"B4232"}},{"type":"Feature","geometry":{"type":"LineString","coordinates":[[-2.50814,52.18991],[-2.50726,52.19014]]},"properties":{"name":"Cruxwell Street","category":"secondary","osm_type":"way","osm_id":"223479344"}},{"type":"Feature","geometry":{"type":"LineString","coordinates":[[-2.9995,52.00464],[-2.99914,52.00469]]},"properties":{"name":"Secondary and tertiary roads","category":"tertiary","osm_type":"way","osm_id":"224179705"}},{"type":"Feature","geometry":{"type":"LineString","coordinates":[[-2.99914,52.00469],[-2.99577,52.00559],[-2.99408,52.00724],[-2.99236,52.0081],[-2.98888,52.00843],[-2.98603,52.00964]]},"properties":{"name":"Secondary and tertiary roads","category":"tertiary","osm_type":"way","osm_id":"224179708"}},{"type":"Feature","geometry":{"type":"LineString","coordinates":[[-2.43791,52.08847],[-2.43913,52.08921]]},"properties":{"name":"Southfield Lane","category":"tertiary","osm_type":"way","osm_id":"224788618"}},{"type":"Feature","geometry":{"type":"LineString","coordinates":[[-2.43563,52.0914],[-2.43418,52.0917],[-2.43147,52.09502]]},"properties":{"name":"B4220","category":"secondary","osm_type":"way","osm_id":"225050530","ref":"B4220"}},{"type":"Feature","geometry":{"type":"LineString","coordinates":[[-2.44681,52.08801],[-2.44491,52.08821]]},"properties":{"name":"Main Street","category":"secondary","osm_type":"way","osm_id":"225050536","ref":"B4220"}},{"type":"Feature","geometry":{"type":"LineString","coordinates":[[-2.44692,52.088],[-2.44681,52.08801]]},"properties":{"name":"Secondary and tertiary roads","category":"secondary","osm_type":"way","osm_id":"225050540"}},{"type":"Feature","geometry":{"type":"LineString","coordinates":[[-2.44923,52.08719],[-2.44692,52.088]]},"properties":{"name":"B4220","category":"secondary","osm_type":"way","osm_id":"225050543","ref":"B4220"}},{"type":"Feature","geometry":{"type":"LineString","coordinates":[[-2.92826,52.37037],[-2.92902,52.36788],[-2.93118,52.36707],[-2.93369,52.36535],[-2.93933,52.36361],[-2.9446,52.36068],[-2.94507,52.35916]]},"properties":{"name":"Bedstone Road","category":"secondary","osm_type":"way","osm_id":"225694592","ref":"B4367"}},{"type":"Feature","geometry":{"type":"LineString","coordinates":[[-2.23843,52.03001],[-2.23565,52.03284],[-2.23581,52.03519],[-2.23236,52.04546]]},"properties":{"name":"B4211","category":"secondary","osm_type":"way","osm_id":"227296298","ref":"B4211"}},{"type":"Feature","geometry":{"type":"LineString","coordinates":[[-2.23849,52.02986],[-2.23843,52.03001]]},"properties":{"name":"B4211","category":"secondary","osm_type":"way","osm_id":"227296300","ref":"B4211"}},{"type":"Feature","geometry":{"type":"LineString","coordinates":[[-2.32954,52.11143],[-2.32803,52.11141]]},"properties":{"name":"Church Street","category":"secondary","osm_type":"way","osm_id":"227979747","ref":"B4211"}},{"type":"Feature","geometry":{"type":"LineString","coordinates":[[-2.33929,52.09085],[-2.33983,52.08994]]},"properties":{"name":"Walwyn Road","category":"secondary","osm_type":"way","osm_id":"227979750","ref":"B4218"}},{"type":"Feature","geometry":{"type":"LineString","coordinates":[[-2.16419,52.26419],[-2.16183,52.26562],[-2.1603,52.2672]]},"properties":{"name":"Ombersley Way","category":"tertiary","osm_type":"way","osm_id":"229271774"}},{"type":"Feature","geometry":{"type":"LineString","coordinates":[[-2.14216,52.25886],[-2.13839,52.25852]]},"properties":{"name":"Tagwell Road","category":"tertiary","osm_type":"way","osm_id":"229271775"}},{"type":"Feature","geometry":{"type":"LineString","coordinates":[[-2.13839,52.25852],[-2.13674,52.25764],[-2.13625,52.25514]]},"properties":{"name":"Tagwell Road","category":"tertiary","osm_type":"way","osm_id":"229271776"}},{"type":"Feature","geometry":{"type":"LineString","coordinates":[[-2.16124,52.27508],[-2.16133,52.27663],[-2.16239,52.27813]]},"properties":{"name":"Westwood Road","category":"tertiary","osm_type":"way","osm_id":"229271778"}},{"type":"Feature","geometry":{"type":"LineString","coordinates":[[-2.13984,52.26807],[-2.13632,52.26768]]},"properties":{"name":"Hanbury Road","category":"secondary","osm_type":"way","osm_id":"229271779","ref":"B4090"}},{"type":"Feature","geometry":{"type":"LineString","coordinates":[[-2.73567,52.38445],[-2.73537,52.38461]]},"properties":{"name":"B4361","category":"secondary","osm_type":"way","osm_id":"230386949","ref":"B4361"}},{"type":"Feature","geometry":{"type":"LineString","coordinates":[[-2.7234,52.37501],[-2.7227,52.37457]]},"properties":{"name":"Secondary and tertiary roads","category":"tertiary","osm_type":"way","osm_id":"230386965"}},{"type":"Feature","geometry":{"type":"LineString","coordinates":[[-2.01621,52.46242],[-2.01543,52.46226]]},"properties":{"name":"Ridgeway Avenue","category":"secondary_link","osm_type":"way","osm_id":"231493110"}},{"type":"Feature","geometry":{"type":"LineString","coordinates":[[-2.90091,52.05098],[-2.89683,52.05041],[-2.88925,52.04835],[-2.88719,52.04766],[-2.88691,52.04673],[-2.88459,52.04639],[-2.88229,52.04553],[-2.87233,52.04387],[-2.86393,52.04536],[-2.85958,52.04454],[-2.85691,52.0448]]},"properties":{"name":"B4352","category":"secondary","osm_type":"way","osm_id":"231975657","ref":"B4352"}},{"type":"Feature","geometry":{"type":"LineString","coordinates":[[-2.72934,52.22144],[-2.73005,52.21976]]},"properties":{"name":"Southern Avenue","category":"tertiary","osm_type":"way","osm_id":"234896029"}},{"type":"Feature","geometry":{"type":"LineString","coordinates":[[-2.72944,52.22262],[-2.732,52.22639]]},"properties":{"name":"Worcester Road","category":"tertiary","osm_type":"way","osm_id":"234899970"}},{"type":"Feature","geometry":{"type":"LineString","coordinates":[[-2.73643,52.20948],[-2.73681,52.20991]]},"properties":{"name":"B4361","category":"secondary","osm_type":"way","osm_id":"234899972","ref":"B4361"}},{"type":"Feature","geometry":{"type":"LineString","coordinates":[[-2.73623,52.20925],[-2.73643,52.20948]]},"properties":{"name":"B4361","category":"secondary","osm_type":"way","osm_id":"234899975","ref":"B4361"}},{"type":"Feature","geometry":{"type":"LineString","coordinates":[[-2.0235,52.32966],[-2.02728,52.32945],[-2.02951,52.32973]]},"properties":{"name":"Alcester Road","category":"secondary","osm_type":"way","osm_id":"235754753","ref":"B4184"}},{"type":"Feature","geometry":{"type":"LineString","coordinates":[[-2.01572,52.15994],[-2.01748,52.16011]]},"properties":{"name":"Broad Lane","category":"tertiary","osm_type":"way","osm_id":"236099787"}},{"type":"Feature","geometry":{"type":"LineString","coordinates":[[-2.32655,52.11159],[-2.32584,52.11165]]},"properties":{"name":"Church Street","category":"secondary","osm_type":"way","osm_id":"236482674","ref":"B4211"}},{"type":"Feature","geometry":{"type":"LineString","coordinates":[[-2.32584,52.11165],[-2.32505,52.11172]]},"properties":{"name":"Church Street","category":"secondary","osm_type":"way","osm_id":"236482964","ref":"B4211"}},{"type":"Feature","geometry":{"type":"LineString","coordinates":[[-2.82663,52.44132],[-2.82062,52.44216],[-2.81568,52.44231],[-2.80748,52.44053],[-2.80187,52.44017],[-2.79651,52.44054]]},"properties":{"name":"B4368","category":"secondary","osm_type":"way","osm_id":"237742453","ref":"B4368"}},{"type":"Feature","geometry":{"type":"LineString","coordinates":[[-2.82929,52.44102],[-2.82878,52.44109]]},"properties":{"name":"Corvedale Road","category":"secondary","osm_type":"way","osm_id":"237742455","ref":"B4368"}},{"type":"Feature","geometry":{"type":"LineString","coordinates":[[-2.82878,52.44109],[-2.82786,52.44124]]},"properties":{"name":"Corvedale Road","category":"secondary","osm_type":"way","osm_id":"237742457","ref":"B4368"}},{"type":"Feature","geometry":{"type":"LineString","coordinates":[[-2.19839,52.21299],[-2.19583,52.21613]]},"properties":{"name":"Blackpole Road","category":"secondary","osm_type":"way","osm_id":"238011122","ref":"B4550"}},{"type":"Feature","geometry":{"type":"LineString","coordinates":[[-2.19396,52.21001],[-2.19418,52.21007]]},"properties":{"name":"Windermere Drive","category":"tertiary","osm_type":"way","osm_id":"238011126"}},{"type":"Feature","geometry":{"type":"LineString","coordinates":[[-2.19129,52.20929],[-2.18799,52.20873]]},"properties":{"name":"Windermere Drive","category":"tertiary","osm_type":"way","osm_id":"238011127"}},{"type":"Feature","geometry":{"type":"LineString","coordinates":[[-2.19844,52.21188],[-2.1985,52.21174]]},"properties":{"name":"B4550","category":"secondary","osm_type":"way","osm_id":"238011129","ref":"B4550"}},{"type":"Feature","geometry":{"type":"LineString","coordinates":[[-2.19868,52.21206],[-2.19844,52.21188]]},"properties":{"name":"B4550","category":"secondary","osm_type":"way","osm_id":"238011131","ref":"B4550"}},{"type":"Feature","geometry":{"type":"LineString","coordinates":[[-2.00281,52.48878],[-2.003,52.48893]]},"properties":{"name":"Moat Lane","category":"tertiary","osm_type":"way","osm_id":"238081286"}},{"type":"Feature","geometry":{"type":"LineString","coordinates":[[-2.00275,52.48899],[-2.00281,52.48878]]},"properties":{"name":"Moat Lane","category":"tertiary","osm_type":"way","osm_id":"238081303"}},{"type":"Feature","geometry":{"type":"LineString","coordinates":[[-2.20519,52.2067],[-2.20504,52.20673]]},"properties":{"name":"Astwood Road","category":"secondary","osm_type":"way","osm_id":"238195808","ref":"B4550"}},{"type":"Feature","geometry":{"type":"LineString","coordinates":[[-2.19583,52.21613],[-2.19549,52.21673]]},"properties":{"name":"Blackpole Road","category":"secondary","osm_type":"way","osm_id":"238195810","ref":"B4550"}},{"type":"Feature","geometry":{"type":"LineString","coordinates":[[-2.19072,52.21546],[-2.19583,52.21613]]},"properties":{"name":"Cotswold Way","category":"secondary","osm_type":"way","osm_id":"238195811","ref":"B4639"}},{"type":"Feature","geometry":{"type":"LineString","coordinates":[[-2.18702,52.20846],[-2.18752,52.2086]]},"properties":{"name":"Windermere Drive","category":"tertiary","osm_type":"way","osm_id":"238195813"}},{"type":"Feature","geometry":{"type":"LineString","coordinates":[[-2.18799,52.20873],[-2.18752,52.2086]]},"properties":{"name":"Windermere Drive","category":"tertiary","osm_type":"way","osm_id":"238195814"}},{"type":"Feature","geometry":{"type":"LineString","coordinates":[[-2.71008,52.33556],[-2.71235,52.33545]]},"properties":{"name":"Caynham Road","category":"tertiary","osm_type":"way","osm_id":"238512136"}},{"type":"Feature","geometry":{"type":"LineString","coordinates":[[-2.70242,52.33639],[-2.70535,52.33617]]},"properties":{"name":"Caynham Road","category":"tertiary","osm_type":"way","osm_id":"238512137"}},{"type":"Feature","geometry":{"type":"LineString","coordinates":[[-2.69826,52.33721],[-2.69865,52.33699]]},"properties":{"name":"Caynham Road","category":"tertiary","osm_type":"way","osm_id":"238512138"}},{"type":"Feature","geometry":{"type":"LineString","coordinates":[[-2.70977,52.33557],[-2.71008,52.33556]]},"properties":{"name":"Caynham Road","category":"tertiary","osm_type":"way","osm_id":"238512139"}},{"type":"Feature","geometry":{"type":"LineString","coordinates":[[-2.17918,52.21263],[-2.17901,52.21242],[-2.17938,52.21231],[-2.17953,52.21254],[-2.17918,52.21263]]},"properties":{"name":"B4639","category":"secondary","osm_type":"way","osm_id":"239012497","ref":"B4639"}},{"type":"Feature","geometry":{"type":"LineString","coordinates":[[-2.16848,52.21152],[-2.16419,52.2115]]},"properties":{"name":"Berkeley Way","category":"secondary","osm_type":"way","osm_id":"239012498","ref":"B4639"}},{"type":"Feature","geometry":{"type":"LineString","coordinates":[[-2.16891,52.21081],[-2.16915,52.21065]]},"properties":{"name":"Hastings Drive","category":"tertiary","osm_type":"way","osm_id":"239012505"}},{"type":"Feature","geometry":{"type":"LineString","coordinates":[[-2.17716,52.19279],[-2.17701,52.19265]]},"properties":{"name":"Secondary and tertiary roads","category":"secondary","osm_type":"way","osm_id":"239012511"}},{"type":"Feature","geometry":{"type":"LineString","coordinates":[[-2.19895,52.21204],[-2.19868,52.21206]]},"properties":{"name":"B4550","category":"secondary","osm_type":"way","osm_id":"239012518","ref":"B4550"}},{"type":"Feature","geometry":{"type":"LineString","coordinates":[[-2.17682,52.20574],[-2.17268,52.20553],[-2.16801,52.20321]]},"properties":{"name":"Plantation Drive","category":"tertiary","osm_type":"way","osm_id":"239013119"}},{"type":"Feature","geometry":{"type":"LineString","coordinates":[[-2.17742,52.19253],[-2.17751,52.1926]]},"properties":{"name":"Secondary and tertiary roads","category":"secondary","osm_type":"way","osm_id":"239048482"}},{"type":"Feature","geometry":{"type":"LineString","coordinates":[[-2.17713,52.19251],[-2.17742,52.19253]]},"properties":{"name":"Secondary and tertiary roads","category":"secondary","osm_type":"way","osm_id":"239048483"}},{"type":"Feature","geometry":{"type":"LineString","coordinates":[[-2.18706,52.19399],[-2.18449,52.19395],[-2.17781,52.1927]]},"properties":{"name":"Newtown Road","category":"secondary","osm_type":"way","osm_id":"239048552","ref":"B4636"}},{"type":"Feature","geometry":{"type":"LineString","coordinates":[[-2.19098,52.19424],[-2.18706,52.19399]]},"properties":{"name":"Newtown Road","category":"secondary","osm_type":"way","osm_id":"239048869","ref":"B4636"}},{"type":"Feature","geometry":{"type":"LineString","coordinates":[[-2.18087,52.20043],[-2.17845,52.20092],[-2.17674,52.20227],[-2.17682,52.20574]]},"properties":{"name":"Mill Wood Drive","category":"tertiary","osm_type":"way","osm_id":"239138010"}},{"type":"Feature","geometry":{"type":"LineString","coordinates":[[-2.65557,52.356],[-2.65841,52.35406],[-2.66184,52.3537]]},"properties":{"name":"Caynham Road","category":"tertiary","osm_type":"way","osm_id":"239256547"}},{"type":"Feature","geometry":{"type":"LineString","coordinates":[[-2.67303,52.35254],[-2.67274,52.3526]]},"properties":{"name":"Secondary and tertiary roads","category":"tertiary","osm_type":"way","osm_id":"239256548"}},{"type":"Feature","geometry":{"type":"LineString","coordinates":[[-2.67274,52.3526],[-2.66849,52.35441],[-2.6664,52.35487]]},"properties":{"name":"Secondary and tertiary roads","category":"tertiary","osm_type":"way","osm_id":"239256549"}},{"type":"Feature","geometry":{"type":"LineString","coordinates":[[-2.6664,52.35487],[-2.66484,52.35473],[-2.66184,52.3537]]},"properties":{"name":"Secondary and tertiary roads","category":"tertiary","osm_type":"way","osm_id":"239256550"}},{"type":"Feature","geometry":{"type":"LineString","coordinates":[[-2.62669,52.36623],[-2.63436,52.36354],[-2.64051,52.36053],[-2.64579,52.3595],[-2.65402,52.35717],[-2.65557,52.356]]},"properties":{"name":"Caynham Road","category":"tertiary","osm_type":"way","osm_id":"239261487"}},{"type":"Feature","geometry":{"type":"LineString","coordinates":[[-2.62476,52.37008],[-2.62577,52.36673],[-2.62669,52.36623]]},"properties":{"name":"Caynham Road","category":"tertiary","osm_type":"way","osm_id":"239261488"}},{"type":"Feature","geometry":{"type":"LineString","coordinates":[[-2.02994,52.48284],[-2.02934,52.4828]]},"properties":{"name":"Penncricket Lane","category":"tertiary","osm_type":"way","osm_id":"239882214"}},{"type":"Feature","geometry":{"type":"LineString","coordinates":[[-2.03983,52.47759],[-2.03915,52.4768]]},"properties":{"name":"Birmingham Road","category":"secondary","osm_type":"way","osm_id":"240048670","ref":"B4171"}},{"type":"Feature","geometry":{"type":"LineString","coordinates":[[-2.03958,52.47731],[-2.03957,52.47719]]},"properties":{"name":"Birmingham Road","category":"secondary","osm_type":"way","osm_id":"240048671","ref":"B4171"}},{"type":"Feature","geometry":{"type":"LineString","coordinates":[[-2.03937,52.47675],[-2.03983,52.47759]]},"properties":{"name":"Birmingham Road","category":"secondary","osm_type":"way","osm_id":"240048672","ref":"B4171"}},{"type":"Feature","geometry":{"type":"LineString","coordinates":[[-2.03905,52.47663],[-2.03901,52.47645]]},"properties":{"name":"Birmingham Road","category":"tertiary","osm_type":"way","osm_id":"240054614"}},{"type":"Feature","geometry":{"type":"LineString","coordinates":[[-2.04111,52.4742],[-2.04104,52.47436]]},"properties":{"name":"Halesowen Street","category":"tertiary","osm_type":"way","osm_id":"240060145"}},{"type":"Feature","geometry":{"type":"LineString","coordinates":[[-2.0409,52.47433],[-2.04111,52.4742]]},"properties":{"name":"Halesowen Street","category":"tertiary","osm_type":"way","osm_id":"240060148"}},{"type":"Feature","geometry":{"type":"LineString","coordinates":[[-2.04111,52.4742],[-2.04124,52.47405]]},"properties":{"name":"Halesowen Street","category":"tertiary","osm_type":"way","osm_id":"240060150"}},{"type":"Feature","geometry":{"type":"LineString","coordinates":[[-2.04143,52.47383],[-2.04124,52.47405]]},"properties":{"name":"Halesowen Street","category":"tertiary","osm_type":"way","osm_id":"240060151"}},{"type":"Feature","geometry":{"type":"LineString","coordinates":[[-2.04124,52.47405],[-2.04122,52.4738]]},"properties":{"name":"Halesowen Street","category":"tertiary","osm_type":"way","osm_id":"240060152"}},{"type":"Feature","geometry":{"type":"LineString","coordinates":[[-2.14238,52.42228],[-2.14249,52.42229]]},"properties":{"name":"Park Road","category":"tertiary","osm_type":"way","osm_id":"240116461"}},{"type":"Feature","geometry":{"type":"LineString","coordinates":[[-2.34467,51.99885],[-2.33947,52.00218],[-2.33825,52.0035]]},"properties":{"name":"Secondary and tertiary roads","category":"tertiary","osm_type":"way","osm_id":"240158084"}},{"type":"Feature","geometry":{"type":"LineString","coordinates":[[-2.07839,52.33318],[-2.07844,52.33327]]},"properties":{"name":"Whitford Road","category":"tertiary","osm_type":"way","osm_id":"241150918"}},{"type":"Feature","geometry":{"type":"LineString","coordinates":[[-2.07844,52.33327],[-2.07862,52.33371]]},"properties":{"name":"Whitford Road","category":"tertiary","osm_type":"way","osm_id":"241150919"}},{"type":"Feature","geometry":{"type":"LineString","coordinates":[[-2.15874,52.25382],[-2.15619,52.25403],[-2.15424,52.25362]]},"properties":{"name":"Primsland Way","category":"tertiary","osm_type":"way","osm_id":"241236196"}},{"type":"Feature","geometry":{"type":"LineString","coordinates":[[-2.07645,52.36153],[-2.07445,52.36096]]},"properties":{"name":"Doctors Hill","category":"tertiary","osm_type":"way","osm_id":"241367509"}},{"type":"Feature","geometry":{"type":"LineString","coordinates":[[-2.11543,52.3679],[-2.11697,52.37034],[-2.11899,52.37179],[-2.12112,52.37471],[-2.11937,52.38195]]},"properties":{"name":"Dordale Road","category":"tertiary","osm_type":"way","osm_id":"241367511"}},{"type":"Feature","geometry":{"type":"LineString","coordinates":[[-2.1028,52.36703],[-2.10038,52.36829],[-2.09375,52.3682],[-2.09198,52.36788]]},"properties":{"name":"Dordale Road","category":"tertiary","osm_type":"way","osm_id":"241367514"}},{"type":"Feature","geometry":{"type":"LineString","coordinates":[[-2.11278,52.36497],[-2.11312,52.36541]]},"properties":{"name":"Dordale Road","category":"tertiary","osm_type":"way","osm_id":"241367517"}},{"type":"Feature","geometry":{"type":"LineString","coordinates":[[-2.10478,52.36692],[-2.1028,52.36703]]},"properties":{"name":"Dordale Road","category":"tertiary","osm_type":"way","osm_id":"241367519"}},{"type":"Feature","geometry":{"type":"LineString","coordinates":[[-2.06831,52.35953],[-2.06437,52.35816]]},"properties":{"name":"Rocky Lane","category":"tertiary","osm_type":"way","osm_id":"241367524"}},{"type":"Feature","geometry":{"type":"LineString","coordinates":[[-2.07052,52.35968],[-2.06995,52.35964]]},"properties":{"name":"Rocky Lane","category":"tertiary","osm_type":"way","osm_id":"241367526"}},{"type":"Feature","geometry":{"type":"LineString","coordinates":[[-2.33039,52.12132],[-2.33079,52.1238],[-2.33159,52.12463],[-2.33153,52.12746]]},"properties":{"name":"Newtown Road","category":"secondary","osm_type":"way","osm_id":"242372137","ref":"B4503"}},{"type":"Feature","geometry":{"type":"LineString","coordinates":[[-2.00899,52.49164],[-2.00915,52.49169]]},"properties":{"name":"Station Road","category":"secondary","osm_type":"way","osm_id":"242574691","ref":"B4182"}},{"type":"Feature","geometry":{"type":"LineString","coordinates":[[-2.00884,52.4916],[-2.00899,52.49164]]},"properties":{"name":"New Inns Road Bridge","category":"secondary","osm_type":"way","osm_id":"242574695","ref":"B4182"}},{"type":"Feature","geometry":{"type":"LineString","coordinates":[[-2.31213,52.10865],[-2.31221,52.10905]]},"properties":{"name":"Barnard's Green Road","category":"secondary","osm_type":"way","osm_id":"242631939","ref":"B4211"}},{"type":"Feature","geometry":{"type":"LineString","coordinates":[[-2.31815,52.12601],[-2.31934,52.1268]]},"properties":{"name":"Howsell Road","category":"tertiary","osm_type":"way","osm_id":"242633048"}},{"type":"Feature","geometry":{"type":"LineString","coordinates":[[-2.01663,52.46234],[-2.01714,52.46244]]},"properties":{"name":"Woodbury Road","category":"tertiary_link","osm_type":"way","osm_id":"243422960"}},{"type":"Feature","geometry":{"type":"LineString","coordinates":[[-2.00075,52.49036],[-2.00101,52.49041]]},"properties":{"name":"Crosswells Road","category":"secondary","osm_type":"way","osm_id":"243675793","ref":"B4182"}},{"type":"Feature","geometry":{"type":"LineString","coordinates":[[-2.00066,52.4903],[-2.00083,52.49027]]},"properties":{"name":"Vicarage Road","category":"secondary","osm_type":"way","osm_id":"243675796","ref":"B4169"}},{"type":"Feature","geometry":{"type":"LineString","coordinates":[[-2.00059,52.49111],[-2.00059,52.49116]]},"properties":{"name":"Vicarage Road","category":"secondary","osm_type":"way","osm_id":"243675799","ref":"B4169"}},{"type":"Feature","geometry":{"type":"LineString","coordinates":[[-2.00101,52.49041],[-2.00477,52.49109]]},"properties":{"name":"Crosswells Road","category":"secondary","osm_type":"way","osm_id":"243675803","ref":"B4182"}},{"type":"Feature","geometry":{"type":"LineString","coordinates":[[-2.00059,52.49111],[-2.00049,52.49083]]},"properties":{"name":"Vicarage Road","category":"secondary","osm_type":"way","osm_id":"243675804","ref":"B4169"}},{"type":"Feature","geometry":{"type":"LineString","coordinates":[[-2.00074,52.49034],[-2.00072,52.49043]]},"properties":{"name":"Vicarage Road","category":"secondary","osm_type":"way","osm_id":"243675805"}},{"type":"Feature","geometry":{"type":"LineString","coordinates":[[-2.00007,52.49022],[-2.00056,52.4903]]},"properties":{"name":"Dog Kennel Lane","category":"secondary","osm_type":"way","osm_id":"243675806","ref":"B4182"}},{"type":"Feature","geometry":{"type":"LineString","coordinates":[[-2.00083,52.49027],[-2.0011,52.49012]]},"properties":{"name":"Vicarage Road","category":"secondary","osm_type":"way","osm_id":"243675807","ref":"B4169"}},{"type":"Feature","geometry":{"type":"LineString","coordinates":[[-2.00069,52.49045],[-2.00061,52.49073]]},"properties":{"name":"Vicarage Road","category":"secondary","osm_type":"way","osm_id":"243675809","ref":"B4169"}},{"type":"Feature","geometry":{"type":"LineString","coordinates":[[-2.23307,52.42149],[-2.23387,52.42222]]},"properties":{"name":"Bridge Road","category":"tertiary","osm_type":"way","osm_id":"244438680"}},{"type":"Feature","geometry":{"type":"LineString","coordinates":[[-2.23387,52.42222],[-2.2343,52.42416],[-2.23367,52.4249]]},"properties":{"name":"Bridge Road","category":"tertiary","osm_type":"way","osm_id":"244438681"}},{"type":"Feature","geometry":{"type":"LineString","coordinates":[[-2.0149,52.25253],[-2.01574,52.25058]]},"properties":{"name":"Church Road","category":"tertiary","osm_type":"way","osm_id":"244599300"}},{"type":"Feature","geometry":{"type":"LineString","coordinates":[[-2.01574,52.25058],[-2.01734,52.24812],[-2.01945,52.24307],[-2.01936,52.24119],[-2.01694,52.23699]]},"properties":{"name":"Church Road","category":"tertiary","osm_type":"way","osm_id":"244599303"}},{"type":"Feature","geometry":{"type":"LineString","coordinates":[[-2.11536,52.26472],[-2.11523,52.2647]]},"properties":{"name":"B4090","category":"secondary","osm_type":"way","osm_id":"245888957","ref":"B4090"}},{"type":"Feature","geometry":{"type":"LineString","coordinates":[[-2.70624,52.04079],[-2.70349,52.04087],[-2.69735,52.03993]]},"properties":{"name":"Holme Lacy Road","category":"tertiary","osm_type":"way","osm_id":"246045699"}},{"type":"Feature","geometry":{"type":"LineString","coordinates":[[-2.15033,52.26514],[-2.15037,52.26504]]},"properties":{"name":"Worcester Road","category":"secondary","osm_type":"way","osm_id":"246069696","ref":"B4090"}},{"type":"Feature","geometry":{"type":"LineString","coordinates":[[-2.15397,52.26789],[-2.15392,52.26783]]},"properties":{"name":"B4090","category":"secondary","osm_type":"way","osm_id":"246069790","ref":"B4090"}},{"type":"Feature","geometry":{"type":"LineString","coordinates":[[-2.15416,52.26785],[-2.15397,52.26789]]},"properties":{"name":"B4090","category":"secondary","osm_type":"way","osm_id":"246069792","ref":"B4090"}},{"type":"Feature","geometry":{"type":"LineString","coordinates":[[-2.15407,52.26776],[-2.15416,52.26785]]},"properties":{"name":"B4090","category":"secondary","osm_type":"way","osm_id":"246069794","ref":"B4090"}},{"type":"Feature","geometry":{"type":"LineString","coordinates":[[-2.14012,52.27347],[-2.13991,52.27316]]},"properties":{"name":"Bromsgrove Road","category":"secondary","osm_type":"way","osm_id":"246117932","ref":"B4065"}},{"type":"Feature","geometry":{"type":"LineString","coordinates":[[-2.30663,52.10764],[-2.30857,52.10819]]},"properties":{"name":"Barnard's Green Road","category":"secondary","osm_type":"way","osm_id":"247190332","ref":"B4211 (B4208)"}},{"type":"Feature","geometry":{"type":"LineString","coordinates":[[-2.30562,52.10314],[-2.30841,52.09983]]},"properties":{"name":"Poolbrook Road","category":"secondary","osm_type":"way","osm_id":"247190335","ref":"B4208"}},{"type":"Feature","geometry":{"type":"LineString","coordinates":[[-2.22381,52.44708],[-2.22366,52.44723]]},"properties":{"name":"Mill Lane","category":"tertiary","osm_type":"way","osm_id":"249299217"}},{"type":"Feature","geometry":{"type":"LineString","coordinates":[[-2.22366,52.44723],[-2.22328,52.44767]]},"properties":{"name":"Mill Lane","category":"tertiary","osm_type":"way","osm_id":"249299218"}},{"type":"Feature","geometry":{"type":"LineString","coordinates":[[-2.15049,52.26503],[-2.15061,52.2651]]},"properties":{"name":"Worcester Road","category":"secondary","osm_type":"way","osm_id":"249794593","ref":"B4090"}},{"type":"Feature","geometry":{"type":"LineString","coordinates":[[-2.15041,52.26519],[-2.15033,52.26514]]},"properties":{"name":"Worcester Road","category":"secondary","osm_type":"way","osm_id":"249794594","ref":"B4090"}},{"type":"Feature","geometry":{"type":"LineString","coordinates":[[-2.15061,52.2651],[-2.15041,52.26519]]},"properties":{"name":"Worcester Road","category":"secondary","osm_type":"way","osm_id":"249795232","ref":"B4090"}},{"type":"Feature","geometry":{"type":"LineString","coordinates":[[-2.05264,52.3295],[-2.05195,52.32905]]},"properties":{"name":"New Road","category":"secondary","osm_type":"way","osm_id":"249835222","ref":"B4184"}},{"type":"Feature","geometry":{"type":"LineString","coordinates":[[-2.08386,52.10485],[-2.08353,52.10483]]},"properties":{"name":"Defford Road","category":"secondary","osm_type":"way","osm_id":"250045226","ref":"B4536"}},{"type":"Feature","geometry":{"type":"LineString","coordinates":[[-2.04911,52.45122],[-2.0493,52.45159]]},"properties":{"name":"Rumbow","category":"tertiary","osm_type":"way","osm_id":"250186853"}},{"type":"Feature","geometry":{"type":"LineString","coordinates":[[-2.19584,52.16205],[-2.19642,52.16171]]},"properties":{"name":"Crookbarrow Road","category":"tertiary","osm_type":"way","osm_id":"250836583"}},{"type":"Feature","geometry":{"type":"LineString","coordinates":[[-2.19642,52.16171],[-2.19638,52.16152],[-2.19675,52.16149],[-2.19675,52.16172],[-2.19642,52.16171]]},"properties":{"name":"Secondary and tertiary roads","category":"tertiary","osm_type":"way","osm_id":"250836585"}},{"type":"Feature","geometry":{"type":"LineString","coordinates":[[-2.21523,52.18814],[-2.21435,52.1886]]},"properties":{"name":"Wyld's Lane","category":"tertiary","osm_type":"way","osm_id":"251955904"}},{"type":"Feature","geometry":{"type":"LineString","coordinates":[[-2.22651,52.37744],[-2.22713,52.37724]]},"properties":{"name":"Spennells Valley Road","category":"tertiary","osm_type":"way","osm_id":"253702067"}},{"type":"Feature","geometry":{"type":"LineString","coordinates":[[-2.33344,52.12031],[-2.33799,52.12151]]},"properties":{"name":"North Malvern Road","category":"secondary","osm_type":"way","osm_id":"255455584","ref":"B4232"}},{"type":"Feature","geometry":{"type":"LineString","coordinates":[[-2.27013,52.33651],[-2.26939,52.33671]]},"properties":{"name":"Discovery Road","category":"tertiary","osm_type":"way","osm_id":"255644669"}},{"type":"Feature","geometry":{"type":"LineString","coordinates":[[-2.27492,52.33587],[-2.27537,52.33612]]},"properties":{"name":"Severn Road","category":"tertiary","osm_type":"way","osm_id":"255644670"}},{"type":"Feature","geometry":{"type":"LineString","coordinates":[[-2.27537,52.33612],[-2.27672,52.33696]]},"properties":{"name":"Severn Road","category":"tertiary","osm_type":"way","osm_id":"255644671"}},{"type":"Feature","geometry":{"type":"LineString","coordinates":[[-2.06402,52.3322],[-2.0645,52.33199]]},"properties":{"name":"Worcester Road","category":"tertiary","osm_type":"way","osm_id":"256922348"}},{"type":"Feature","geometry":{"type":"LineString","coordinates":[[-2.43935,52.0328],[-2.43899,52.03288]]},"properties":{"name":"Little Marcle Road","category":"tertiary","osm_type":"way","osm_id":"262114572"}},{"type":"Feature","geometry":{"type":"LineString","coordinates":[[-2.43899,52.03288],[-2.43908,52.03269]]},"properties":{"name":"Little Marcle Road","category":"tertiary","osm_type":"way","osm_id":"262114573"}},{"type":"Feature","geometry":{"type":"LineString","coordinates":[[-2.43979,52.03238],[-2.43963,52.03256]]},"properties":{"name":"Little Marcle Road","category":"tertiary","osm_type":"way","osm_id":"262114574"}},{"type":"Feature","geometry":{"type":"LineString","coordinates":[[-2.43934,52.03244],[-2.43979,52.03238]]},"properties":{"name":"Little Marcle Road","category":"tertiary","osm_type":"way","osm_id":"262114575"}},{"type":"Feature","geometry":{"type":"LineString","coordinates":[[-2.71987,52.37257],[-2.71938,52.37199]]},"properties":{"name":"Corve Street","category":"secondary","osm_type":"way","osm_id":"263009417","ref":"B4361"}},{"type":"Feature","geometry":{"type":"LineString","coordinates":[[-2.72305,52.37456],[-2.7222,52.37365]]},"properties":{"name":"Coronation Avenue","category":"secondary","osm_type":"way","osm_id":"263388605","ref":"B4361"}},{"type":"Feature","geometry":{"type":"LineString","coordinates":[[-2.71947,52.37462],[-2.71961,52.37455]]},"properties":{"name":"Fishmore Road","category":"tertiary","osm_type":"way","osm_id":"263388606"}},{"type":"Feature","geometry":{"type":"LineString","coordinates":[[-2.10947,52.48859],[-2.10938,52.48847]]},"properties":{"name":"Waterfront Way","category":"tertiary","osm_type":"way","osm_id":"267387981"}},{"type":"Feature","geometry":{"type":"LineString","coordinates":[[-2.10938,52.48847],[-2.10948,52.48834]]},"properties":{"name":"Waterfront Way","category":"tertiary","osm_type":"way","osm_id":"267387982"}},{"type":"Feature","geometry":{"type":"LineString","coordinates":[[-2.10645,52.49111],[-2.10597,52.49111]]},"properties":{"name":"Peartree Lane","category":"tertiary","osm_type":"way","osm_id":"267388567"}},{"type":"Feature","geometry":{"type":"LineString","coordinates":[[-2.1225,52.47953],[-2.12277,52.47931]]},"properties":{"name":"High Street","category":"tertiary","osm_type":"way","osm_id":"267392112"}},{"type":"Feature","geometry":{"type":"LineString","coordinates":[[-2.07069,52.46101],[-2.07069,52.46086]]},"properties":{"name":"Corngreaves Road","category":"tertiary","osm_type":"way","osm_id":"269487632"}},{"type":"Feature","geometry":{"type":"LineString","coordinates":[[-2.7146,52.36428],[-2.71726,52.36402]]},"properties":{"name":"Temeside","category":"secondary","osm_type":"way","osm_id":"269850590","ref":"B4361"}},{"type":"Feature","geometry":{"type":"LineString","coordinates":[[-2.71088,52.36482],[-2.71065,52.36785]]},"properties":{"name":"Weeping Cross Lane","category":"tertiary","osm_type":"way","osm_id":"269850592"}},{"type":"Feature","geometry":{"type":"LineString","coordinates":[[-2.89388,52.21757],[-2.89357,52.21805]]},"properties":{"name":"Secondary and tertiary roads","category":"tertiary","osm_type":"way","osm_id":"270375548"}},{"type":"Feature","geometry":{"type":"LineString","coordinates":[[-2.08947,52.01124],[-2.08946,52.01132]]},"properties":{"name":"B4079","category":"secondary","osm_type":"way","osm_id":"270556765","ref":"B4079"}},{"type":"Feature","geometry":{"type":"LineString","coordinates":[[-2.08946,52.01132],[-2.08883,52.01214],[-2.0895,52.014],[-2.0912,52.01622],[-2.09231,52.0167]]},"properties":{"name":"B4079","category":"secondary","osm_type":"way","osm_id":"270556766","ref":"B4079"}},{"type":"Feature","geometry":{"type":"LineString","coordinates":[[-2.16672,52.47959],[-2.16573,52.48131]]},"properties":{"name":"Bells Lane","category":"tertiary","osm_type":"way","osm_id":"271225626"}},{"type":"Feature","geometry":{"type":"LineString","coordinates":[[-2.71562,52.36623],[-2.71469,52.36528],[-2.7146,52.36428]]},"properties":{"name":"Old Street","category":"secondary","osm_type":"way","osm_id":"271895736","ref":"B4361"}},{"type":"Feature","geometry":{"type":"LineString","coordinates":[[-2.71961,52.37455],[-2.72032,52.37421]]},"properties":{"name":"Corve Street","category":"tertiary","osm_type":"way","osm_id":"272266579"}},{"type":"Feature","geometry":{"type":"LineString","coordinates":[[-2.71734,52.36799],[-2.71562,52.36623]]},"properties":{"name":"Old Street","category":"secondary","osm_type":"way","osm_id":"272848386","ref":"B4361"}},{"type":"Feature","geometry":{"type":"LineString","coordinates":[[-2.13998,52.49011],[-2.13933,52.491]]},"properties":{"name":"Bromley Lane","category":"tertiary","osm_type":"way","osm_id":"273273731"}},{"type":"Feature","geometry":{"type":"LineString","coordinates":[[-2.02833,52.49958],[-2.02727,52.49956]]},"properties":{"name":"Portway Road","category":"tertiary","osm_type":"way","osm_id":"275794052"}},{"type":"Feature","geometry":{"type":"LineString","coordinates":[[-2.02807,52.49956],[-2.02821,52.49951]]},"properties":{"name":"Newbury Lane","category":"tertiary","osm_type":"way","osm_id":"275794053"}},{"type":"Feature","geometry":{"type":"LineString","coordinates":[[-2.02807,52.49956],[-2.0281,52.49943]]},"properties":{"name":"Portway Road","category":"tertiary","osm_type":"way","osm_id":"275794056"}},{"type":"Feature","geometry":{"type":"LineString","coordinates":[[-2.02727,52.49956],[-2.02807,52.49956]]},"properties":{"name":"Portway Road","category":"tertiary","osm_type":"way","osm_id":"275794073"}},{"type":"Feature","geometry":{"type":"LineString","coordinates":[[-2.02835,52.49941],[-2.02879,52.49896]]},"properties":{"name":"Newbury Lane","category":"tertiary","osm_type":"way","osm_id":"275794086"}},{"type":"Feature","geometry":{"type":"LineString","coordinates":[[-2.13023,52.45843],[-2.13029,52.45781]]},"properties":{"name":"Bagley Street","category":"tertiary","osm_type":"way","osm_id":"278539614"}},{"type":"Feature","geometry":{"type":"LineString","coordinates":[[-2.72179,52.3734],[-2.72079,52.37292]]},"properties":{"name":"Coronation Avenue","category":"secondary","osm_type":"way","osm_id":"280085844","ref":"B4361"}},{"type":"Feature","geometry":{"type":"LineString","coordinates":[[-2.72199,52.37351],[-2.72179,52.3734]]},"properties":{"name":"Coronation Avenue","category":"secondary","osm_type":"way","osm_id":"280085846","ref":"B4361"}},{"type":"Feature","geometry":{"type":"LineString","coordinates":[[-2.72134,52.3742],[-2.72305,52.37456]]},"properties":{"name":"Bromfield Road","category":"tertiary","osm_type":"way","osm_id":"280085848"}},{"type":"Feature","geometry":{"type":"LineString","coordinates":[[-2.72112,52.37419],[-2.72134,52.3742]]},"properties":{"name":"Bromfield Road","category":"tertiary","osm_type":"way","osm_id":"280085850"}},{"type":"Feature","geometry":{"type":"LineString","coordinates":[[-2.16213,52.46808],[-2.16248,52.46942],[-2.16418,52.4701],[-2.16661,52.46966],[-2.16803,52.46864]]},"properties":{"name":"Kingsway","category":"tertiary","osm_type":"way","osm_id":"280246508"}},{"type":"Feature","geometry":{"type":"LineString","coordinates":[[-2.11933,52.00439],[-2.1145,52.00465],[-2.11289,52.00507]]},"properties":{"name":"Northway Lane","category":"tertiary","osm_type":"way","osm_id":"281187999"}},{"type":"Feature","geometry":{"type":"LineString","coordinates":[[-2.11953,52.00432],[-2.11933,52.00439]]},"properties":{"name":"Northway Lane","category":"tertiary","osm_type":"way","osm_id":"281188007"}},{"type":"Feature","geometry":{"type":"LineString","coordinates":[[-2.71501,52.36965],[-2.71459,52.36947]]},"properties":{"name":"The Greyhound","category":"tertiary","osm_type":"way","osm_id":"281914283"}},{"type":"Feature","geometry":{"type":"LineString","coordinates":[[-2.14369,52.26984],[-2.14396,52.26953]]},"properties":{"name":"Bromsgrove Road","category":"secondary","osm_type":"way","osm_id":"282752967","ref":"B4065"}},{"type":"Feature","geometry":{"type":"LineString","coordinates":[[-2.55504,52.34273],[-2.55227,52.34224],[-2.5503,52.34257],[-2.54707,52.34249],[-2.54607,52.34303]]},"properties":{"name":"Secondary and tertiary roads","category":"tertiary","osm_type":"way","osm_id":"283172141"}},{"type":"Feature","geometry":{"type":"LineString","coordinates":[[-2.13216,52.24072],[-2.13395,52.23877],[-2.13394,52.23417],[-2.13448,52.23317]]},"properties":{"name":"Secondary and tertiary roads","category":"tertiary","osm_type":"way","osm_id":"283417265"}},{"type":"Feature","geometry":{"type":"LineString","coordinates":[[-2.08745,52.2262],[-2.08906,52.22279],[-2.09179,52.2191]]},"properties":{"name":"Secondary and tertiary roads","category":"tertiary","osm_type":"way","osm_id":"283420491"}},{"type":"Feature","geometry":{"type":"LineString","coordinates":[[-2.15281,52.26136],[-2.15465,52.25918]]},"properties":{"name":"Worcester Road","category":"secondary","osm_type":"way","osm_id":"283420493","ref":"B4090"}},{"type":"Feature","geometry":{"type":"LineString","coordinates":[[-2.10364,52.21264],[-2.10019,52.21354],[-2.09837,52.215],[-2.0959,52.21594],[-2.09485,52.21722],[-2.09179,52.2191]]},"properties":{"name":"Old Turnpike Road","category":"tertiary","osm_type":"way","osm_id":"283420494"}},{"type":"Feature","geometry":{"type":"LineString","coordinates":[[-2.71209,52.33793],[-2.71253,52.33863]]},"properties":{"name":"B4361","category":"secondary_link","osm_type":"way","osm_id":"286070678","ref":"B4361"}},{"type":"Feature","geometry":{"type":"LineString","coordinates":[[-2.7428,52.3891],[-2.7425,52.3901],[-2.74552,52.3966],[-2.74856,52.40028],[-2.74818,52.40222],[-2.74894,52.40424],[-2.74845,52.40617]]},"properties":{"name":"B4365","category":"secondary","osm_type":"way","osm_id":"286596553","ref":"B4365"}},{"type":"Feature","geometry":{"type":"LineString","coordinates":[[-2.74292,52.38889],[-2.7428,52.3891]]},"properties":{"name":"B4365","category":"secondary","osm_type":"way","osm_id":"286596554","ref":"B4365"}},{"type":"Feature","geometry":{"type":"LineString","coordinates":[[-2.12823,52.4599],[-2.13023,52.45843]]},"properties":{"name":"Bagley Street","category":"tertiary","osm_type":"way","osm_id":"287428688"}},{"type":"Feature","geometry":{"type":"LineString","coordinates":[[-2.12797,52.46012],[-2.12823,52.4599]]},"properties":{"name":"Bagley's Road","category":"tertiary","osm_type":"way","osm_id":"287428689"}},{"type":"Feature","geometry":{"type":"LineString","coordinates":[[-2.67362,52.35245],[-2.67303,52.35254]]},"properties":{"name":"Secondary and tertiary roads","category":"tertiary","osm_type":"way","osm_id":"287674862"}},{"type":"Feature","geometry":{"type":"LineString","coordinates":[[-2.21594,52.1953],[-2.21601,52.19484]]},"properties":{"name":"Secondary and tertiary roads","category":"secondary","osm_type":"way","osm_id":"288838707"}},{"type":"Feature","geometry":{"type":"LineString","coordinates":[[-2.92631,52.26154],[-2.92561,52.26137]]},"properties":{"name":"B4362","category":"secondary","osm_type":"way","osm_id":"289447922","ref":"B4362"}},{"type":"Feature","geometry":{"type":"LineString","coordinates":[[-2.92561,52.26137],[-2.91972,52.26003],[-2.91341,52.25691],[-2.91107,52.25633],[-2.90416,52.25744],[-2.89834,52.2568],[-2.89653,52.25577],[-2.8952,52.25421]]},"properties":{"name":"B4362","category":"secondary","osm_type":"way","osm_id":"289447924","ref":"B4362"}},{"type":"Feature","geometry":{"type":"LineString","coordinates":[[-2.97929,52.23599],[-2.98002,52.23556]]},"properties":{"name":"B4355","category":"secondary","osm_type":"way","osm_id":"289448760","ref":"B4355"}},{"type":"Feature","geometry":{"type":"LineString","coordinates":[[-2.05352,52.44885],[-2.05353,52.44919]]},"properties":{"name":"Church Croft","category":"tertiary","osm_type":"way","osm_id":"289995131"}},{"type":"Feature","geometry":{"type":"LineString","coordinates":[[-2.02208,52.46256],[-2.02216,52.46275]]},"properties":{"name":"Narrow Lane","category":"secondary","osm_type":"way","osm_id":"290056044"}},{"type":"Feature","geometry":{"type":"LineString","coordinates":[[-2.03901,52.47645],[-2.03883,52.47614]]},"properties":{"name":"Birmingham Road","category":"tertiary","osm_type":"way","osm_id":"290180406"}},{"type":"Feature","geometry":{"type":"LineString","coordinates":[[-2.03901,52.47645],[-2.03925,52.47658]]},"properties":{"name":"Birmingham Road","category":"tertiary","osm_type":"way","osm_id":"290180407"}},{"type":"Feature","geometry":{"type":"LineString","coordinates":[[-2.71517,52.31005],[-2.71485,52.31006]]},"properties":{"name":"Station Road","category":"secondary","osm_type":"way","osm_id":"291330395","ref":"B4362"}},{"type":"Feature","geometry":{"type":"LineString","coordinates":[[-2.71485,52.31006],[-2.7084,52.31204],[-2.70542,52.3124]]},"properties":{"name":"Station Road","category":"secondary","osm_type":"way","osm_id":"291330396","ref":"B4362"}},{"type":"Feature","geometry":{"type":"LineString","coordinates":[[-2.13442,52.44914],[-2.13455,52.44912]]},"properties":{"name":"Brook Road","category":"secondary","osm_type":"way","osm_id":"293403265","ref":"B4186"}},{"type":"Feature","geometry":{"type":"LineString","coordinates":[[-2.13455,52.44912],[-2.13697,52.44882]]},"properties":{"name":"Brook Road","category":"secondary","osm_type":"way","osm_id":"293403266","ref":"B4186"}},{"type":"Feature","geometry":{"type":"LineString","coordinates":[[-2.68588,52.36282],[-2.68325,52.36146],[-2.68274,52.36075]]},"properties":{"name":"Sheet Road","category":"tertiary","osm_type":"way","osm_id":"295121261"}},{"type":"Feature","geometry":{"type":"LineString","coordinates":[[-2.15773,52.39969],[-2.15709,52.39924]]},"properties":{"name":"Secondary and tertiary roads","category":"secondary_link","osm_type":"way","osm_id":"295479318"}},{"type":"Feature","geometry":{"type":"LineString","coordinates":[[-2.31758,52.25793],[-2.3181,52.25744],[-2.31675,52.25273],[-2.31881,52.25047]]},"properties":{"name":"Ockeridge Lane","category":"tertiary","osm_type":"way","osm_id":"296818620"}},{"type":"Feature","geometry":{"type":"LineString","coordinates":[[-2.3044,52.24103],[-2.30084,52.23933],[-2.29542,52.23859],[-2.29262,52.2388],[-2.28895,52.23817],[-2.28764,52.23741]]},"properties":{"name":"Secondary and tertiary roads","category":"tertiary","osm_type":"way","osm_id":"296818623"}},{"type":"Feature","geometry":{"type":"LineString","coordinates":[[-2.42328,52.25518],[-2.42553,52.25702],[-2.42896,52.26309],[-2.43478,52.2677],[-2.43571,52.26956],[-2.43759,52.27095],[-2.43834,52.27266],[-2.44459,52.27167],[-2.4468,52.27211],[-2.44914,52.27208],[-2.45019,52.27309],[-2.45639,52.2755],[-2.46532,52.28249],[-2.47254,52.28571],[-2.47605,52.28567],[-2.48254,52.28443]]},"properties":{"name":"B4204","category":"secondary","osm_type":"way","osm_id":"297161516","ref":"B4204"}},{"type":"Feature","geometry":{"type":"LineString","coordinates":[[-2.41475,52.25047],[-2.41723,52.25162],[-2.42062,52.25167]]},"properties":{"name":"B4204","category":"secondary","osm_type":"way","osm_id":"297161517","ref":"B4204"}},{"type":"Feature","geometry":{"type":"LineString","coordinates":[[-2.01469,52.42914],[-2.01551,52.42878]]},"properties":{"name":"Balmoral Road","category":"tertiary","osm_type":"way","osm_id":"297762390"}},{"type":"Feature","geometry":{"type":"LineString","coordinates":[[-2.0406,52.47474],[-2.04109,52.47514]]},"properties":{"name":"Bassano Road","category":"tertiary","osm_type":"way","osm_id":"297891355"}},{"type":"Feature","geometry":{"type":"LineString","coordinates":[[-2.06447,52.44783],[-2.06407,52.44779]]},"properties":{"name":"Secondary and tertiary roads","category":"tertiary","osm_type":"way","osm_id":"298592918"}},{"type":"Feature","geometry":{"type":"LineString","coordinates":[[-2.05352,52.44845],[-2.05352,52.44885]]},"properties":{"name":"Queensway","category":"secondary","osm_type":"way","osm_id":"298592919","ref":"B4183"}},{"type":"Feature","geometry":{"type":"LineString","coordinates":[[-2.07334,52.45158],[-2.07496,52.4528]]},"properties":{"name":"Huntingtree Road","category":"tertiary","osm_type":"way","osm_id":"298592920"}},{"type":"Feature","geometry":{"type":"LineString","coordinates":[[-2.05353,52.44919],[-2.05333,52.44902]]},"properties":{"name":"Church Croft","category":"tertiary","osm_type":"way","osm_id":"298592922"}},{"type":"Feature","geometry":{"type":"LineString","coordinates":[[-2.05326,52.44898],[-2.05352,52.44885]]},"properties":{"name":"Queensway","category":"secondary","osm_type":"way","osm_id":"298592923","ref":"B4183"}},{"type":"Feature","geometry":{"type":"LineString","coordinates":[[-2.04089,52.47447],[-2.04081,52.47442]]},"properties":{"name":"Secondary and tertiary roads","category":"tertiary","osm_type":"way","osm_id":"298596633"}},{"type":"Feature","geometry":{"type":"LineString","coordinates":[[-2.04098,52.47447],[-2.04094,52.47448]]},"properties":{"name":"Secondary and tertiary roads","category":"tertiary","osm_type":"way","osm_id":"298596634"}},{"type":"Feature","geometry":{"type":"LineString","coordinates":[[-2.04105,52.47439],[-2.04106,52.4744]]},"properties":{"name":"Secondary and tertiary roads","category":"tertiary","osm_type":"way","osm_id":"298596637"}},{"type":"Feature","geometry":{"type":"LineString","coordinates":[[-2.04104,52.47436],[-2.04105,52.47439]]},"properties":{"name":"Secondary and tertiary roads","category":"tertiary","osm_type":"way","osm_id":"298596641"}},{"type":"Feature","geometry":{"type":"LineString","coordinates":[[-2.0409,52.47433],[-2.04104,52.47436]]},"properties":{"name":"Secondary and tertiary roads","category":"tertiary","osm_type":"way","osm_id":"298596647"}},{"type":"Feature","geometry":{"type":"LineString","coordinates":[[-2.31625,52.37524],[-2.31683,52.37539]]},"properties":{"name":"Load Street","category":"secondary","osm_type":"way","osm_id":"299699288","ref":"B4190"}},{"type":"Feature","geometry":{"type":"LineString","coordinates":[[-2.02066,52.45326],[-2.01872,52.45113]]},"properties":{"name":"Carters Lane","category":"tertiary","osm_type":"way","osm_id":"305948432"}},{"type":"Feature","geometry":{"type":"LineString","coordinates":[[-2.69395,52.07425],[-2.69386,52.07783],[-2.69306,52.08077]]},"properties":{"name":"Secondary and tertiary roads","category":"tertiary","osm_type":"way","osm_id":"306219350"}},{"type":"Feature","geometry":{"type":"LineString","coordinates":[[-2.07834,52.33308],[-2.07839,52.33318]]},"properties":{"name":"Whitford Road","category":"tertiary","osm_type":"way","osm_id":"306773583"}},{"type":"Feature","geometry":{"type":"LineString","coordinates":[[-2.06475,52.33268],[-2.06435,52.33221]]},"properties":{"name":"Hanover Street","category":"secondary","osm_type":"way","osm_id":"306773591","ref":"B4091"}},{"type":"Feature","geometry":{"type":"LineString","coordinates":[[-2.13644,52.25126],[-2.13673,52.25139]]},"properties":{"name":"Tagwell Road","category":"tertiary","osm_type":"way","osm_id":"306804711"}},{"type":"Feature","geometry":{"type":"LineString","coordinates":[[-2.13644,52.25126],[-2.13542,52.24852]]},"properties":{"name":"Tagwell Road","category":"tertiary","osm_type":"way","osm_id":"306804712"}},{"type":"Feature","geometry":{"type":"LineString","coordinates":[[-2.59866,52.31785],[-2.59867,52.31774]]},"properties":{"name":"Clee Hill Road","category":"secondary","osm_type":"way","osm_id":"308701329","ref":"B4214"}},{"type":"Feature","geometry":{"type":"LineString","coordinates":[[-2.38647,52.24725],[-2.38845,52.24661],[-2.39096,52.24709],[-2.39324,52.24677],[-2.39636,52.24514],[-2.39779,52.24387],[-2.40112,52.24407],[-2.40508,52.24542],[-2.40976,52.24365],[-2.41089,52.24563],[-2.41238,52.24697],[-2.41337,52.24939],[-2.41475,52.25047]]},"properties":{"name":"B4204","category":"secondary","osm_type":"way","osm_id":"308701341","ref":"B4204"}},{"type":"Feature","geometry":{"type":"LineString","coordinates":[[-2.41924,52.28909],[-2.41773,52.28907]]},"properties":{"name":"Stanford Road","category":"secondary","osm_type":"way","osm_id":"308701342","ref":"B4203"}},{"type":"Feature","geometry":{"type":"LineString","coordinates":[[-2.59867,52.31774],[-2.59924,52.31709],[-2.59866,52.31589]]},"properties":{"name":"Clee Hill Road","category":"secondary","osm_type":"way","osm_id":"308701345","ref":"B4214"}},{"type":"Feature","geometry":{"type":"LineString","coordinates":[[-2.41773,52.28907],[-2.41319,52.28829],[-2.41031,52.28882]]},"properties":{"name":"Stanford Road","category":"secondary","osm_type":"way","osm_id":"308701347","ref":"B4203"}},{"type":"Feature","geometry":{"type":"LineString","coordinates":[[-2.38592,52.24745],[-2.38647,52.24725]]},"properties":{"name":"B4204","category":"secondary","osm_type":"way","osm_id":"308701348","ref":"B4204"}},{"type":"Feature","geometry":{"type":"LineString","coordinates":[[-2.66435,52.28587],[-2.66547,52.28695],[-2.66622,52.28878],[-2.66534,52.29678],[-2.66729,52.29993],[-2.66719,52.3017],[-2.66767,52.30207]]},"properties":{"name":"Secondary and tertiary roads","category":"tertiary","osm_type":"way","osm_id":"309468067"}},{"type":"Feature","geometry":{"type":"LineString","coordinates":[[-2.53365,52.48682],[-2.53348,52.48697]]},"properties":{"name":"Neenton Bridge","category":"secondary","osm_type":"way","osm_id":"311132234","ref":"B4364"}},{"type":"Feature","geometry":{"type":"LineString","coordinates":[[-2.53348,52.48697],[-2.52766,52.49049],[-2.5221,52.49112],[-2.51596,52.49228],[-2.51398,52.4931],[-2.50847,52.49377],[-2.50838,52.49491],[-2.50736,52.49634],[-2.50521,52.49804],[-2.501,52.4987],[-2.49553,52.50042],[-2.49091,52.49953],[-2.48935,52.49958],[-2.48157,52.50296],[-2.47891,52.50523],[-2.47595,52.50625],[-2.47346,52.50573],[-2.46866,52.50818]]},"properties":{"name":"B4364","category":"secondary","osm_type":"way","osm_id":"311132235","ref":"B4364"}},{"type":"Feature","geometry":{"type":"LineString","coordinates":[[-2.07285,52.30125],[-2.07288,52.3013]]},"properties":{"name":"Hanbury Road","category":"secondary","osm_type":"way","osm_id":"311978115","ref":"B4091"}},{"type":"Feature","geometry":{"type":"LineString","coordinates":[[-2.07673,52.30667],[-2.07718,52.30672]]},"properties":{"name":"Hanbury Road","category":"secondary","osm_type":"way","osm_id":"311978116","ref":"B4091"}},{"type":"Feature","geometry":{"type":"LineString","coordinates":[[-2.07637,52.31148],[-2.07674,52.31202]]},"properties":{"name":"Hanbury Road","category":"secondary","osm_type":"way","osm_id":"311978117","ref":"B4091"}},{"type":"Feature","geometry":{"type":"LineString","coordinates":[[-2.13492,52.26711],[-2.13374,52.26652]]},"properties":{"name":"Hanbury Road","category":"secondary","osm_type":"way","osm_id":"311978118","ref":"B4090"}},{"type":"Feature","geometry":{"type":"LineString","coordinates":[[-2.07741,52.31303],[-2.07797,52.31407]]},"properties":{"name":"Hanbury Road","category":"secondary","osm_type":"way","osm_id":"311978119","ref":"B4091"}},{"type":"Feature","geometry":{"type":"LineString","coordinates":[[-2.13632,52.26768],[-2.13492,52.26711]]},"properties":{"name":"Hanbury Road","category":"secondary","osm_type":"way","osm_id":"311978120","ref":"B4090"}},{"type":"Feature","geometry":{"type":"LineString","coordinates":[[-2.71657,52.18179],[-2.71767,52.18354],[-2.71743,52.18576]]},"properties":{"name":"Hereford Road","category":"secondary","osm_type":"way","osm_id":"312079876","ref":"B4361"}},{"type":"Feature","geometry":{"type":"LineString","coordinates":[[-2.7162,52.18151],[-2.71657,52.18179]]},"properties":{"name":"Hereford Road","category":"secondary","osm_type":"way","osm_id":"312079880","ref":"B4361"}},{"type":"Feature","geometry":{"type":"LineString","coordinates":[[-2.07005,52.44061],[-2.07025,52.43929]]},"properties":{"name":"Uffmoor Lane","category":"tertiary","osm_type":"way","osm_id":"316520151"}},{"type":"Feature","geometry":{"type":"LineString","coordinates":[[-2.05208,52.45196],[-2.05193,52.45232]]},"properties":{"name":"Furnace Lane","category":"tertiary","osm_type":"way","osm_id":"316529779"}},{"type":"Feature","geometry":{"type":"LineString","coordinates":[[-2.1186,52.48388],[-2.11889,52.48362]]},"properties":{"name":"Secondary and tertiary roads","category":"tertiary","osm_type":"way","osm_id":"316549561"}},{"type":"Feature","geometry":{"type":"LineString","coordinates":[[-2.11985,52.48376],[-2.11969,52.48404]]},"properties":{"name":"Secondary and tertiary roads","category":"secondary","osm_type":"way","osm_id":"316549562"}},{"type":"Feature","geometry":{"type":"LineString","coordinates":[[-2.05193,52.45232],[-2.05183,52.45225]]},"properties":{"name":"Furnace Lane","category":"tertiary","osm_type":"way","osm_id":"317736991"}},{"type":"Feature","geometry":{"type":"LineString","coordinates":[[-2.76841,52.22444],[-2.77016,52.22572]]},"properties":{"name":"Cholstrey Road","category":"secondary","osm_type":"way","osm_id":"319631923","ref":"B4529"}},{"type":"Feature","geometry":{"type":"LineString","coordinates":[[-2.84724,52.22443],[-2.84547,52.22483]]},"properties":{"name":"Secondary and tertiary roads","category":"tertiary","osm_type":"way","osm_id":"319631924"}},{"type":"Feature","geometry":{"type":"LineString","coordinates":[[-2.85354,52.21764],[-2.85175,52.21876],[-2.85341,52.22135],[-2.85272,52.22226],[-2.85103,52.22312]]},"properties":{"name":"Secondary and tertiary roads","category":"tertiary","osm_type":"way","osm_id":"319631927"}},{"type":"Feature","geometry":{"type":"LineString","coordinates":[[-2.84547,52.22483],[-2.84182,52.22527],[-2.83781,52.22624]]},"properties":{"name":"Secondary and tertiary roads","category":"tertiary","osm_type":"way","osm_id":"321065542"}},{"type":"Feature","geometry":{"type":"LineString","coordinates":[[-2.83781,52.22624],[-2.83035,52.22779],[-2.82204,52.22791]]},"properties":{"name":"Secondary and tertiary roads","category":"tertiary","osm_type":"way","osm_id":"321065543"}},{"type":"Feature","geometry":{"type":"LineString","coordinates":[[-2.76505,52.22322],[-2.76597,52.22345]]},"properties":{"name":"Cholstrey Road","category":"secondary","osm_type":"way","osm_id":"321203905","ref":"B4529"}},{"type":"Feature","geometry":{"type":"LineString","coordinates":[[-2.76774,52.22399],[-2.76841,52.22444]]},"properties":{"name":"Cholstrey Road","category":"secondary","osm_type":"way","osm_id":"321203907","ref":"B4529"}},{"type":"Feature","geometry":{"type":"LineString","coordinates":[[-2.42597,52.3489],[-2.42638,52.35201],[-2.42468,52.35541],[-2.42554,52.35741],[-2.42769,52.35875],[-2.43312,52.36617],[-2.44213,52.36997],[-2.44575,52.37288],[-2.44683,52.37548],[-2.44646,52.37838]]},"properties":{"name":"Clows Top Road","category":"secondary","osm_type":"way","osm_id":"321346393","ref":"B4202"}},{"type":"Feature","geometry":{"type":"LineString","coordinates":[[-2.42359,52.34513],[-2.42527,52.34652]]},"properties":{"name":"Clows Top Road","category":"secondary","osm_type":"way","osm_id":"321346395","ref":"B4202"}},{"type":"Feature","geometry":{"type":"LineString","coordinates":[[-2.35271,52.34072],[-2.35609,52.34384],[-2.35867,52.34401],[-2.36265,52.34696],[-2.36425,52.34713],[-2.3676,52.34833]]},"properties":{"name":"Heightington Road","category":"tertiary","osm_type":"way","osm_id":"321346398"}},{"type":"Feature","geometry":{"type":"LineString","coordinates":[[-2.59519,52.30503],[-2.59646,52.30769]]},"properties":{"name":"Bromyard Road","category":"secondary","osm_type":"way","osm_id":"321441028","ref":"B4214"}},{"type":"Feature","geometry":{"type":"LineString","coordinates":[[-2.13136,52.47547],[-2.13182,52.4756]]},"properties":{"name":"Delph Road","category":"secondary","osm_type":"way","osm_id":"322010985","ref":"B4172"}},{"type":"Feature","geometry":{"type":"LineString","coordinates":[[-2.1389,52.44425],[-2.13885,52.44456]]},"properties":{"name":"Worcester Lane","category":"secondary","osm_type":"way","osm_id":"323659884","ref":"B4187"}},{"type":"Feature","geometry":{"type":"LineString","coordinates":[[-2.08627,52.43512],[-2.08598,52.435]]},"properties":{"name":"Lutley Lane","category":"tertiary","osm_type":"way","osm_id":"325227165"}},{"type":"Feature","geometry":{"type":"LineString","coordinates":[[-2.08549,52.43862],[-2.08627,52.43512]]},"properties":{"name":"Lutley Lane","category":"tertiary","osm_type":"way","osm_id":"325227166"}},{"type":"Feature","geometry":{"type":"LineString","coordinates":[[-2.06291,52.36372],[-2.0635,52.36454]]},"properties":{"name":"Cowslip Close","category":"tertiary_link","osm_type":"way","osm_id":"326409880"}},{"type":"Feature","geometry":{"type":"LineString","coordinates":[[-2.47452,52.01598],[-2.47473,52.01609]]},"properties":{"name":"Leominster Road","category":"secondary","osm_type":"way","osm_id":"328606961","ref":"B4215"}},{"type":"Feature","geometry":{"type":"LineString","coordinates":[[-2.94191,52.44221],[-2.94164,52.44429],[-2.93768,52.44891],[-2.93549,52.45393],[-2.93683,52.46258],[-2.93672,52.46518],[-2.93563,52.46699],[-2.93632,52.46749],[-2.94284,52.46801]]},"properties":{"name":"Brampton Road","category":"secondary","osm_type":"way","osm_id":"329148437","ref":"B4385"}},{"type":"Feature","geometry":{"type":"LineString","coordinates":[[-2.94202,52.44147],[-2.94191,52.44221]]},"properties":{"name":"Brampton Road","category":"secondary","osm_type":"way","osm_id":"329148443","ref":"B4385"}},{"type":"Feature","geometry":{"type":"LineString","coordinates":[[-2.91623,52.48397],[-2.91483,52.48399]]},"properties":{"name":"Secondary and tertiary roads","category":"tertiary","osm_type":"way","osm_id":"329148448"}},{"type":"Feature","geometry":{"type":"LineString","coordinates":[[-2.99612,52.49786],[-2.99485,52.49987]]},"properties":{"name":"Castle Green","category":"secondary","osm_type":"way","osm_id":"329157482","ref":"B4385"}},{"type":"Feature","geometry":{"type":"LineString","coordinates":[[-2.99701,52.49528],[-2.99778,52.49622]]},"properties":{"name":"Bull Lane","category":"secondary","osm_type":"way","osm_id":"329157487","ref":"B4385"}},{"type":"Feature","geometry":{"type":"LineString","coordinates":[[-2.68274,52.36075],[-2.68196,52.35923],[-2.68041,52.35802],[-2.67829,52.35736],[-2.67606,52.35723],[-2.67362,52.35245]]},"properties":{"name":"Sheet Road","category":"tertiary","osm_type":"way","osm_id":"329262552"}},{"type":"Feature","geometry":{"type":"LineString","coordinates":[[-2.70035,52.48476],[-2.71586,52.47788],[-2.71875,52.47602],[-2.71997,52.47421],[-2.73138,52.46813],[-2.73175,52.46745]]},"properties":{"name":"B4368","category":"secondary","osm_type":"way","osm_id":"329272376","ref":"B4368"}},{"type":"Feature","geometry":{"type":"LineString","coordinates":[[-2.43682,52.41041],[-2.43563,52.4108]]},"properties":{"name":"Kinlet Bank","category":"secondary","osm_type":"way","osm_id":"329740259","ref":"B4363"}},{"type":"Feature","geometry":{"type":"LineString","coordinates":[[-2.43563,52.4108],[-2.4334,52.41152],[-2.43126,52.41163]]},"properties":{"name":"Kinlet Bank","category":"secondary","osm_type":"way","osm_id":"329740261","ref":"B4363"}},{"type":"Feature","geometry":{"type":"LineString","coordinates":[[-2.69555,52.36471],[-2.70263,52.3654],[-2.70694,52.3671]]},"properties":{"name":"Sheet Road","category":"tertiary","osm_type":"way","osm_id":"329762922"}},{"type":"Feature","geometry":{"type":"LineString","coordinates":[[-2.63626,52.42389],[-2.63632,52.42407]]},"properties":{"name":"Secondary and tertiary roads","category":"tertiary","osm_type":"way","osm_id":"330870808"}},{"type":"Feature","geometry":{"type":"LineString","coordinates":[[-2.62714,52.43624],[-2.62689,52.43625]]},"properties":{"name":"Secondary and tertiary roads","category":"tertiary","osm_type":"way","osm_id":"330870810"}},{"type":"Feature","geometry":{"type":"LineString","coordinates":[[-2.62689,52.43625],[-2.62384,52.43644],[-2.6185,52.4382],[-2.61641,52.43931],[-2.60735,52.44075]]},"properties":{"name":"Secondary and tertiary roads","category":"tertiary","osm_type":"way","osm_id":"330870817"}},{"type":"Feature","geometry":{"type":"LineString","coordinates":[[-2.63632,52.42407],[-2.63569,52.42574],[-2.63656,52.42773],[-2.63614,52.43267],[-2.63255,52.4351],[-2.62714,52.43624]]},"properties":{"name":"Secondary and tertiary roads","category":"tertiary","osm_type":"way","osm_id":"330870818"}},{"type":"Feature","geometry":{"type":"LineString","coordinates":[[-2.69555,52.36471],[-2.69487,52.36474]]},"properties":{"name":"Sheet Road","category":"tertiary","osm_type":"way","osm_id":"332041220"}},{"type":"Feature","geometry":{"type":"LineString","coordinates":[[-2.69386,52.3645],[-2.69451,52.36446]]},"properties":{"name":"Sheet Road","category":"tertiary","osm_type":"way","osm_id":"332041222"}},{"type":"Feature","geometry":{"type":"LineString","coordinates":[[-2.69447,52.3647],[-2.69386,52.3645]]},"properties":{"name":"Sheet Road","category":"tertiary","osm_type":"way","osm_id":"332041223"}},{"type":"Feature","geometry":{"type":"LineString","coordinates":[[-2.9679,52.19658],[-2.9706,52.19444]]},"properties":{"name":"Secondary and tertiary roads","category":"tertiary","osm_type":"way","osm_id":"332233998"}},{"type":"Feature","geometry":{"type":"LineString","coordinates":[[-2.74274,52.32694],[-2.74171,52.32417],[-2.7418,52.32263]]},"properties":{"name":"B4361","category":"secondary","osm_type":"way","osm_id":"332245905","ref":"B4361"}},{"type":"Feature","geometry":{"type":"LineString","coordinates":[[-2.74215,52.32154],[-2.7424,52.3194]]},"properties":{"name":"B4361","category":"secondary","osm_type":"way","osm_id":"332245906","ref":"B4361"}},{"type":"Feature","geometry":{"type":"LineString","coordinates":[[-2.4627,52.38756],[-2.46267,52.38752]]},"properties":{"name":"B4201","category":"secondary","osm_type":"way","osm_id":"333075872","ref":"B4201"}},{"type":"Feature","geometry":{"type":"LineString","coordinates":[[-2.46267,52.38752],[-2.46207,52.38525],[-2.46269,52.38281],[-2.46041,52.38144]]},"properties":{"name":"B4201","category":"secondary","osm_type":"way","osm_id":"333075873","ref":"B4201"}},{"type":"Feature","geometry":{"type":"LineString","coordinates":[[-2.85904,52.18463],[-2.86044,52.18344],[-2.86223,52.18299]]},"properties":{"name":"Secondary and tertiary roads","category":"tertiary","osm_type":"way","osm_id":"333220578"}},{"type":"Feature","geometry":{"type":"LineString","coordinates":[[-2.8525,52.1852],[-2.84789,52.18507],[-2.84124,52.18614],[-2.82767,52.18915],[-2.82196,52.18979]]},"properties":{"name":"Venmore Lane","category":"tertiary","osm_type":"way","osm_id":"333220581"}},{"type":"Feature","geometry":{"type":"LineString","coordinates":[[-2.13495,52.24785],[-2.1343,52.24676],[-2.13437,52.2451],[-2.13301,52.24374],[-2.13216,52.24072]]},"properties":{"name":"Secondary and tertiary roads","category":"tertiary","osm_type":"way","osm_id":"335787791"}},{"type":"Feature","geometry":{"type":"LineString","coordinates":[[-2.12924,52.25192],[-2.12799,52.25133],[-2.12515,52.24861]]},"properties":{"name":"Middle Lane","category":"tertiary","osm_type":"way","osm_id":"336979226"}},{"type":"Feature","geometry":{"type":"LineString","coordinates":[[-2.15151,52.24753],[-2.14997,52.24701],[-2.14785,52.24717]]},"properties":{"name":"Pulley Lane","category":"tertiary","osm_type":"way","osm_id":"336979227"}},{"type":"Feature","geometry":{"type":"LineString","coordinates":[[-2.13622,52.25262],[-2.13654,52.2517]]},"properties":{"name":"Tagwell Road","category":"tertiary","osm_type":"way","osm_id":"336979228"}},{"type":"Feature","geometry":{"type":"LineString","coordinates":[[-2.14759,52.24697],[-2.14499,52.2452],[-2.14401,52.24508]]},"properties":{"name":"Pulley Lane","category":"tertiary","osm_type":"way","osm_id":"336988902"}},{"type":"Feature","geometry":{"type":"LineString","coordinates":[[-2.13303,52.26647],[-2.12155,52.26549]]},"properties":{"name":"Saltway","category":"secondary","osm_type":"way","osm_id":"336988903","ref":"B4090"}},{"type":"Feature","geometry":{"type":"LineString","coordinates":[[-2.25477,52.37975],[-2.25481,52.37984]]},"properties":{"name":"Secondary and tertiary roads","category":"tertiary_link","osm_type":"way","osm_id":"344598603"}},{"type":"Feature","geometry":{"type":"LineString","coordinates":[[-2.04965,52.10496],[-2.04557,52.10464],[-2.04332,52.10381]]},"properties":{"name":"B4084","category":"secondary","osm_type":"way","osm_id":"348248148","ref":"B4084"}},{"type":"Feature","geometry":{"type":"LineString","coordinates":[[-2.05976,52.10371],[-2.05319,52.10489],[-2.04989,52.10496]]},"properties":{"name":"Evesham Road","category":"secondary","osm_type":"way","osm_id":"348248149","ref":"B4084"}},{"type":"Feature","geometry":{"type":"LineString","coordinates":[[-2.19532,52.34118],[-2.19508,52.34132]]},"properties":{"name":"Curslow Lane","category":"tertiary_link","osm_type":"way","osm_id":"350446454"}},{"type":"Feature","geometry":{"type":"LineString","coordinates":[[-2.19358,52.21946],[-2.19323,52.22063]]},"properties":{"name":"Blackpole Road","category":"secondary","osm_type":"way","osm_id":"352985454","ref":"B4550"}},{"type":"Feature","geometry":{"type":"LineString","coordinates":[[-2.11468,52.47384],[-2.11458,52.474]]},"properties":{"name":"Amblecote Road","category":"tertiary","osm_type":"way","osm_id":"353470015"}},{"type":"Feature","geometry":{"type":"LineString","coordinates":[[-2.1148,52.47413],[-2.11455,52.47412]]},"properties":{"name":"Delph Road","category":"secondary","osm_type":"way","osm_id":"353470017","ref":"B4172"}},{"type":"Feature","geometry":{"type":"LineString","coordinates":[[-2.14003,52.46536],[-2.14041,52.4655]]},"properties":{"name":"Hillfields Road","category":"tertiary","osm_type":"way","osm_id":"353470018"}},{"type":"Feature","geometry":{"type":"LineString","coordinates":[[-2.14039,52.46586],[-2.14036,52.46563]]},"properties":{"name":"Kirkstone Way","category":"tertiary","osm_type":"way","osm_id":"353470019"}},{"type":"Feature","geometry":{"type":"LineString","coordinates":[[-2.0579,52.48029],[-2.05738,52.48029]]},"properties":{"name":"Powke Lane","category":"tertiary","osm_type":"way","osm_id":"353470021"}},{"type":"Feature","geometry":{"type":"LineString","coordinates":[[-2.1408,52.46547],[-2.14057,52.4656]]},"properties":{"name":"Vicarage Road","category":"tertiary","osm_type":"way","osm_id":"353470024"}},{"type":"Feature","geometry":{"type":"LineString","coordinates":[[-2.20373,52.19454],[-2.19394,52.19459],[-2.19098,52.19424]]},"properties":{"name":"Newtown Road","category":"secondary","osm_type":"way","osm_id":"362285506","ref":"B4636"}},{"type":"Feature","geometry":{"type":"LineString","coordinates":[[-2.20573,52.19414],[-2.20373,52.19454]]},"properties":{"name":"Newtown Road","category":"secondary","osm_type":"way","osm_id":"362285507","ref":"B4636"}},{"type":"Feature","geometry":{"type":"LineString","coordinates":[[-2.21461,52.19287],[-2.21486,52.19284]]},"properties":{"name":"George Street","category":"tertiary","osm_type":"way","osm_id":"362300365"}},{"type":"Feature","geometry":{"type":"LineString","coordinates":[[-2.21026,52.19374],[-2.2098,52.19395]]},"properties":{"name":"Tallow Hill","category":"tertiary","osm_type":"way","osm_id":"362300366"}},{"type":"Feature","geometry":{"type":"LineString","coordinates":[[-2.8463,52.01704],[-2.85121,52.019],[-2.85533,52.01997],[-2.8656,52.01987],[-2.87496,52.02149],[-2.88104,52.02064],[-2.88631,52.01886],[-2.89014,52.01858],[-2.90825,52.0216],[-2.91032,52.0224],[-2.91999,52.02311],[-2.92895,52.0255]]},"properties":{"name":"B4348","category":"secondary","osm_type":"way","osm_id":"365210386","ref":"B4348"}},{"type":"Feature","geometry":{"type":"LineString","coordinates":[[-2.84173,52.01582],[-2.84447,52.01691],[-2.8463,52.01704]]},"properties":{"name":"B4348","category":"secondary","osm_type":"way","osm_id":"365210387","ref":"B4348"}},{"type":"Feature","geometry":{"type":"LineString","coordinates":[[-2.95981,52.04668],[-2.95631,52.04318],[-2.95478,52.04085]]},"properties":{"name":"B4348","category":"secondary","osm_type":"way","osm_id":"365211217","ref":"B4348"}},{"type":"Feature","geometry":{"type":"LineString","coordinates":[[-2.94982,52.03733],[-2.94008,52.0303],[-2.93823,52.02799],[-2.92895,52.0255]]},"properties":{"name":"B4348","category":"secondary","osm_type":"way","osm_id":"365211218","ref":"B4348"}},{"type":"Feature","geometry":{"type":"LineString","coordinates":[[-2.31251,52.3726],[-2.31314,52.37326]]},"properties":{"name":"Lower Park","category":"secondary","osm_type":"way","osm_id":"368520945","ref":"B4194"}},{"type":"Feature","geometry":{"type":"LineString","coordinates":[[-2.30041,52.38026],[-2.29647,52.38082]]},"properties":{"name":"Kidderminster Road","category":"secondary","osm_type":"way","osm_id":"369289623","ref":"B4190"}},{"type":"Feature","geometry":{"type":"LineString","coordinates":[[-2.34107,52.36912],[-2.33466,52.37121],[-2.33345,52.37305],[-2.33104,52.37506],[-2.32814,52.37529]]},"properties":{"name":"Cleobury Road","category":"secondary","osm_type":"way","osm_id":"369365628","ref":"B4190"}},{"type":"Feature","geometry":{"type":"LineString","coordinates":[[-2.92602,52.48264],[-2.9181,52.48342],[-2.91623,52.48397]]},"properties":{"name":"Secondary and tertiary roads","category":"tertiary","osm_type":"way","osm_id":"371884549"}},{"type":"Feature","geometry":{"type":"LineString","coordinates":[[-2.70557,52.12531],[-2.70749,52.12503],[-2.7117,52.12787],[-2.73032,52.13377]]},"properties":{"name":"Secondary and tertiary roads","category":"tertiary","osm_type":"way","osm_id":"372114397"}},{"type":"Feature","geometry":{"type":"LineString","coordinates":[[-2.70513,52.12529],[-2.70557,52.12531]]},"properties":{"name":"Leystone Bridge","category":"tertiary","osm_type":"way","osm_id":"372114398"}},{"type":"Feature","geometry":{"type":"LineString","coordinates":[[-2.23173,52.32406],[-2.23137,52.324]]},"properties":{"name":"Crown Lane","category":"tertiary","osm_type":"way","osm_id":"376067369"}},{"type":"Feature","geometry":{"type":"LineString","coordinates":[[-2.23127,52.32392],[-2.23171,52.3238]]},"properties":{"name":"Crown Lane","category":"tertiary","osm_type":"way","osm_id":"376067370"}},{"type":"Feature","geometry":{"type":"LineString","coordinates":[[-2.49785,52.28727],[-2.50524,52.29124],[-2.50695,52.29368],[-2.51111,52.29405],[-2.51302,52.2955],[-2.51817,52.29561]]},"properties":{"name":"B4204","category":"secondary","osm_type":"way","osm_id":"376134928","ref":"B4204"}},{"type":"Feature","geometry":{"type":"LineString","coordinates":[[-2.48254,52.28443],[-2.49428,52.28582],[-2.49785,52.28727]]},"properties":{"name":"B4204","category":"secondary","osm_type":"way","osm_id":"376134929","ref":"B4204"}},{"type":"Feature","geometry":{"type":"LineString","coordinates":[[-2.53749,52.30425],[-2.53994,52.30568]]},"properties":{"name":"B4204","category":"secondary","osm_type":"way","osm_id":"376134932","ref":"B4204"}},{"type":"Feature","geometry":{"type":"LineString","coordinates":[[-2.55094,52.30357],[-2.55344,52.30377],[-2.55625,52.30457],[-2.55893,52.30462],[-2.56135,52.30567],[-2.5689,52.30742]]},"properties":{"name":"B4204","category":"secondary","osm_type":"way","osm_id":"376134937","ref":"B4204"}},{"type":"Feature","geometry":{"type":"LineString","coordinates":[[-2.1568,52.20047],[-2.15344,52.20208]]},"properties":{"name":"B4636","category":"secondary","osm_type":"way","osm_id":"376363037","ref":"B4636"}},{"type":"Feature","geometry":{"type":"LineString","coordinates":[[-2.87322,52.15923],[-2.87137,52.15939]]},"properties":{"name":"High Street","category":"tertiary","osm_type":"way","osm_id":"378317434"}},{"type":"Feature","geometry":{"type":"LineString","coordinates":[[-2.76263,52.08947],[-2.75974,52.08773],[-2.75446,52.08244],[-2.75263,52.07959]]},"properties":{"name":"Tillington Road","category":"tertiary","osm_type":"way","osm_id":"378317437"}},{"type":"Feature","geometry":{"type":"LineString","coordinates":[[-2.29096,52.06709],[-2.29382,52.06253]]},"properties":{"name":"Gloucester Road","category":"secondary","osm_type":"way","osm_id":"380450185","ref":"B4208"}},{"type":"Feature","geometry":{"type":"LineString","coordinates":[[-2.02216,52.46275],[-2.02195,52.46259]]},"properties":{"name":"Narrow Lane","category":"secondary","osm_type":"way","osm_id":"382251184"}},{"type":"Feature","geometry":{"type":"LineString","coordinates":[[-2.17958,52.48298],[-2.17966,52.48284]]},"properties":{"name":"Lawnswood","category":"tertiary","osm_type":"way","osm_id":"387011809"}},{"type":"Feature","geometry":{"type":"LineString","coordinates":[[-2.27727,52.39383],[-2.27735,52.39372]]},"properties":{"name":"Habberley Lane","category":"secondary","osm_type":"way","osm_id":"387667162","ref":"B4190"}},{"type":"Feature","geometry":{"type":"LineString","coordinates":[[-2.27766,52.39362],[-2.27758,52.39369]]},"properties":{"name":"Habberley Road","category":"secondary","osm_type":"way","osm_id":"387667165","ref":"B4190"}},{"type":"Feature","geometry":{"type":"LineString","coordinates":[[-2.2773,52.39359],[-2.27747,52.39362]]},"properties":{"name":"Habberley Road","category":"tertiary","osm_type":"way","osm_id":"387667169"}},{"type":"Feature","geometry":{"type":"LineString","coordinates":[[-2.10597,52.49111],[-2.10651,52.49088]]},"properties":{"name":"Peartree Lane","category":"tertiary","osm_type":"way","osm_id":"387670383"}},{"type":"Feature","geometry":{"type":"LineString","coordinates":[[-2.65185,52.01713],[-2.64992,52.01757],[-2.64569,52.01948]]},"properties":{"name":"Bridge Road","category":"secondary","osm_type":"way","osm_id":"390131298","ref":"B4399"}},{"type":"Feature","geometry":{"type":"LineString","coordinates":[[-2.05559,52.36357],[-2.05524,52.36361]]},"properties":{"name":"Golden Cross Lane","category":"secondary","osm_type":"way","osm_id":"391074167","ref":"B4185"}},{"type":"Feature","geometry":{"type":"LineString","coordinates":[[-2.33771,52.09136],[-2.33907,52.09117]]},"properties":{"name":"Wyche Road","category":"secondary","osm_type":"way","osm_id":"393273292","ref":"B4218"}},{"type":"Feature","geometry":{"type":"LineString","coordinates":[[-2.80232,52.08862],[-2.80211,52.08844]]},"properties":{"name":"Station Road","category":"tertiary","osm_type":"way","osm_id":"395798598"}},{"type":"Feature","geometry":{"type":"LineString","coordinates":[[-2.44491,52.08821],[-2.4412,52.08849],[-2.43998,52.08903]]},"properties":{"name":"B4220","category":"secondary","osm_type":"way","osm_id":"396593660","ref":"B4220"}},{"type":"Feature","geometry":{"type":"LineString","coordinates":[[-2.07626,52.10954],[-2.07622,52.10962]]},"properties":{"name":"Defford Road","category":"secondary","osm_type":"way","osm_id":"406649346","ref":"B4536"}},{"type":"Feature","geometry":{"type":"LineString","coordinates":[[-2.13395,52.49818],[-2.13389,52.4982]]},"properties":{"name":"Tiled House Lane","category":"tertiary","osm_type":"way","osm_id":"406910649"}},{"type":"Feature","geometry":{"type":"LineString","coordinates":[[-2.13339,52.43862],[-2.13309,52.43866]]},"properties":{"name":"Redlake Road","category":"tertiary","osm_type":"way","osm_id":"410107083"}},{"type":"Feature","geometry":{"type":"LineString","coordinates":[[-2.26398,52.10611],[-2.26722,52.1068],[-2.27048,52.10663]]},"properties":{"name":"Guarlford Road","category":"secondary","osm_type":"way","osm_id":"415518925","ref":"B4211"}},{"type":"Feature","geometry":{"type":"LineString","coordinates":[[-2.02699,52.44735],[-2.02712,52.44718]]},"properties":{"name":"Lapal Lane South","category":"tertiary","osm_type":"way","osm_id":"422665889"}},{"type":"Feature","geometry":{"type":"LineString","coordinates":[[-2.43136,52.03207],[-2.42421,52.03549]]},"properties":{"name":"New Street","category":"secondary","osm_type":"way","osm_id":"426656980","ref":"B4216"}},{"type":"Feature","geometry":{"type":"LineString","coordinates":[[-2.68932,52.09805],[-2.689,52.09826]]},"properties":{"name":"Secondary and tertiary roads","category":"tertiary","osm_type":"way","osm_id":"429025805"}},{"type":"Feature","geometry":{"type":"LineString","coordinates":[[-2.04584,52.35601],[-2.04542,52.3562]]},"properties":{"name":"Old Birmingham Road","category":"secondary","osm_type":"way","osm_id":"431815630","ref":"B4096"}},{"type":"Feature","geometry":{"type":"LineString","coordinates":[[-2.04541,52.35612],[-2.0453,52.35594]]},"properties":{"name":"Old Birmingham Road","category":"secondary","osm_type":"way","osm_id":"431815631","ref":"B4096"}},{"type":"Feature","geometry":{"type":"LineString","coordinates":[[-2.00056,52.4903],[-2.00066,52.4903]]},"properties":{"name":"Vicarage Road","category":"secondary","osm_type":"way","osm_id":"435126913"}},{"type":"Feature","geometry":{"type":"LineString","coordinates":[[-2.00066,52.4903],[-2.00074,52.49034]]},"properties":{"name":"Vicarage Road","category":"secondary","osm_type":"way","osm_id":"435126914"}},{"type":"Feature","geometry":{"type":"LineString","coordinates":[[-2.00047,52.4904],[-2.00056,52.4903]]},"properties":{"name":"Vicarage Road","category":"secondary","osm_type":"way","osm_id":"435126915"}},{"type":"Feature","geometry":{"type":"LineString","coordinates":[[-2.00069,52.49045],[-2.00049,52.49043]]},"properties":{"name":"Vicarage Road","category":"secondary","osm_type":"way","osm_id":"435126916"}},{"type":"Feature","geometry":{"type":"LineString","coordinates":[[-2.06488,52.12624],[-2.06538,52.12635]]},"properties":{"name":"Wyre Road","category":"secondary","osm_type":"way","osm_id":"435994417","ref":"B4083"}},{"type":"Feature","geometry":{"type":"LineString","coordinates":[[-2.06523,52.12659],[-2.06488,52.12624]]},"properties":{"name":"Wyre Road","category":"secondary","osm_type":"way","osm_id":"435994420","ref":"B4083"}},{"type":"Feature","geometry":{"type":"LineString","coordinates":[[-2.06533,52.14797],[-2.06521,52.14829]]},"properties":{"name":"Upton Snodsbury Road","category":"secondary","osm_type":"way","osm_id":"436024590","ref":"B4082"}},{"type":"Feature","geometry":{"type":"LineString","coordinates":[[-2.06646,52.14513],[-2.06533,52.14797]]},"properties":{"name":"Upton Snodsbury Road","category":"secondary","osm_type":"way","osm_id":"436024591","ref":"B4082"}},{"type":"Feature","geometry":{"type":"LineString","coordinates":[[-2.06788,52.14167],[-2.06646,52.14513]]},"properties":{"name":"Upton Snodsbury Road","category":"secondary","osm_type":"way","osm_id":"436024592","ref":"B4082"}},{"type":"Feature","geometry":{"type":"LineString","coordinates":[[-2.29611,52.3836],[-2.29247,52.38624],[-2.28937,52.38778],[-2.28538,52.38856],[-2.28405,52.39054]]},"properties":{"name":"Habberley Road","category":"secondary","osm_type":"way","osm_id":"437753545","ref":"B4190"}},{"type":"Feature","geometry":{"type":"LineString","coordinates":[[-2.10381,52.12535],[-2.10378,52.12512]]},"properties":{"name":"Worcester Road","category":"secondary","osm_type":"way","osm_id":"438493998","ref":"B4084"}},{"type":"Feature","geometry":{"type":"LineString","coordinates":[[-2.10613,52.13002],[-2.10381,52.12535]]},"properties":{"name":"Worcester Road","category":"secondary","osm_type":"way","osm_id":"438493999","ref":"B4084"}},{"type":"Feature","geometry":{"type":"LineString","coordinates":[[-2.23579,52.18672],[-2.23453,52.18849]]},"properties":{"name":"Malvern Road","category":"secondary","osm_type":"way","osm_id":"439062641","ref":"B4485"}},{"type":"Feature","geometry":{"type":"LineString","coordinates":[[-2.15735,52.1585],[-2.1568,52.15801]]},"properties":{"name":"B4084","category":"secondary","osm_type":"way","osm_id":"440597584","ref":"B4084"}},{"type":"Feature","geometry":{"type":"LineString","coordinates":[[-2.09235,52.39301],[-2.09235,52.39327]]},"properties":{"name":"B4188","category":"secondary_link","osm_type":"way","osm_id":"440758569","ref":"B4188"}},{"type":"Feature","geometry":{"type":"LineString","coordinates":[[-2.0901,52.39245],[-2.09024,52.39236]]},"properties":{"name":"Heath End Road","category":"tertiary","osm_type":"way","osm_id":"440758570"}},{"type":"Feature","geometry":{"type":"LineString","coordinates":[[-2.08991,52.39265],[-2.0901,52.39245]]},"properties":{"name":"Heath End Road","category":"tertiary","osm_type":"way","osm_id":"440758571"}},{"type":"Feature","geometry":{"type":"LineString","coordinates":[[-2.09179,52.39302],[-2.09235,52.39301]]},"properties":{"name":"B4188","category":"secondary_link","osm_type":"way","osm_id":"440758575","ref":"B4188"}},{"type":"Feature","geometry":{"type":"LineString","coordinates":[[-2.09062,52.39267],[-2.08991,52.39265]]},"properties":{"name":"Secondary and tertiary roads","category":"tertiary_link","osm_type":"way","osm_id":"440758578"}},{"type":"Feature","geometry":{"type":"LineString","coordinates":[[-2.09296,52.39369],[-2.09215,52.39318]]},"properties":{"name":"B4188","category":"secondary","osm_type":"way","osm_id":"440758581","ref":"B4188"}},{"type":"Feature","geometry":{"type":"LineString","coordinates":[[-2.13984,52.44848],[-2.14059,52.44848]]},"properties":{"name":"Glasshouse Hill","category":"secondary","osm_type":"way","osm_id":"440969457","ref":"B4186"}},{"type":"Feature","geometry":{"type":"LineString","coordinates":[[-2.14059,52.44848],[-2.14157,52.44864]]},"properties":{"name":"Heath Lane","category":"secondary","osm_type":"way","osm_id":"440969460","ref":"B4186"}},{"type":"Feature","geometry":{"type":"LineString","coordinates":[[-2.10771,52.48489],[-2.10808,52.48487]]},"properties":{"name":"Level Street","category":"tertiary","osm_type":"way","osm_id":"440974398"}},{"type":"Feature","geometry":{"type":"LineString","coordinates":[[-2.10808,52.48487],[-2.10919,52.4848]]},"properties":{"name":"Level Street","category":"tertiary","osm_type":"way","osm_id":"440974399"}},{"type":"Feature","geometry":{"type":"LineString","coordinates":[[-2.10965,52.47649],[-2.10948,52.47616]]},"properties":{"name":"The Boulevard","category":"tertiary","osm_type":"way","osm_id":"440982827"}},{"type":"Feature","geometry":{"type":"LineString","coordinates":[[-2.10804,52.47565],[-2.10773,52.47555]]},"properties":{"name":"Coppice Lane","category":"tertiary","osm_type":"way","osm_id":"440983025"}},{"type":"Feature","geometry":{"type":"LineString","coordinates":[[-2.10914,52.47614],[-2.10827,52.47574]]},"properties":{"name":"The Boulevard","category":"tertiary","osm_type":"way","osm_id":"440983079"}},{"type":"Feature","geometry":{"type":"LineString","coordinates":[[-2.12059,52.48767],[-2.12018,52.4879]]},"properties":{"name":"John Street","category":"secondary","osm_type":"way","osm_id":"441408518","ref":"B4180"}},{"type":"Feature","geometry":{"type":"LineString","coordinates":[[-2.0526,52.44793],[-2.05226,52.44773]]},"properties":{"name":"Queensway","category":"secondary","osm_type":"way","osm_id":"441641090","ref":"B4183"}},{"type":"Feature","geometry":{"type":"LineString","coordinates":[[-2.11258,52.45761],[-2.11234,52.45739]]},"properties":{"name":"Vicarage Road South","category":"tertiary","osm_type":"way","osm_id":"441645963"}},{"type":"Feature","geometry":{"type":"LineString","coordinates":[[-2.11239,52.45719],[-2.11258,52.45685]]},"properties":{"name":"Vicarage Road South","category":"tertiary","osm_type":"way","osm_id":"441645967"}},{"type":"Feature","geometry":{"type":"LineString","coordinates":[[-2.15897,52.47805],[-2.15941,52.47783]]},"properties":{"name":"Brierley Hill Road","category":"secondary","osm_type":"way","osm_id":"442035956","ref":"B4180"}},{"type":"Feature","geometry":{"type":"LineString","coordinates":[[-2.76922,52.20648],[-2.7692,52.20637]]},"properties":{"name":"Ivington Road","category":"tertiary","osm_type":"way","osm_id":"442320909"}},{"type":"Feature","geometry":{"type":"LineString","coordinates":[[-2.77052,52.20938],[-2.77052,52.2092]]},"properties":{"name":"Ivington Road","category":"tertiary","osm_type":"way","osm_id":"442320910"}},{"type":"Feature","geometry":{"type":"LineString","coordinates":[[-2.77052,52.2092],[-2.76922,52.20648]]},"properties":{"name":"Ivington Road","category":"tertiary","osm_type":"way","osm_id":"442320911"}},{"type":"Feature","geometry":{"type":"LineString","coordinates":[[-2.7692,52.20637],[-2.77033,52.20555]]},"properties":{"name":"Ivington Road","category":"tertiary","osm_type":"way","osm_id":"442320912"}},{"type":"Feature","geometry":{"type":"LineString","coordinates":[[-2.81129,52.03572],[-2.80782,52.03573],[-2.80441,52.03513]]},"properties":{"name":"B4352","category":"secondary","osm_type":"way","osm_id":"442647576","ref":"B4352"}},{"type":"Feature","geometry":{"type":"LineString","coordinates":[[-2.81142,52.03575],[-2.81129,52.03572]]},"properties":{"name":"B4352","category":"secondary","osm_type":"way","osm_id":"442647577","ref":"B4352"}},{"type":"Feature","geometry":{"type":"LineString","coordinates":[[-2.31934,52.1268],[-2.31982,52.12679]]},"properties":{"name":"Howsell Road","category":"tertiary","osm_type":"way","osm_id":"448800788"}},{"type":"Feature","geometry":{"type":"LineString","coordinates":[[-2.31982,52.12679],[-2.32261,52.12739],[-2.32403,52.12885]]},"properties":{"name":"Howsell Road","category":"tertiary","osm_type":"way","osm_id":"448800789"}},{"type":"Feature","geometry":{"type":"LineString","coordinates":[[-2.32896,52.10949],[-2.32845,52.10821]]},"properties":{"name":"Abbey Road","category":"tertiary","osm_type":"way","osm_id":"450055258"}},{"type":"Feature","geometry":{"type":"LineString","coordinates":[[-2.08335,52.49145],[-2.08357,52.49149]]},"properties":{"name":"Northfield Road","category":"tertiary","osm_type":"way","osm_id":"450363327"}},{"type":"Feature","geometry":{"type":"LineString","coordinates":[[-2.08356,52.49173],[-2.08335,52.49145]]},"properties":{"name":"Northfield Road","category":"tertiary","osm_type":"way","osm_id":"450363328"}},{"type":"Feature","geometry":{"type":"LineString","coordinates":[[-2.98603,52.00964],[-2.98355,52.01039],[-2.98158,52.01169],[-2.97853,52.01224],[-2.97736,52.01291],[-2.97014,52.01275],[-2.96588,52.01381],[-2.9639,52.01485],[-2.95898,52.01636]]},"properties":{"name":"Slough Bridge","category":"tertiary","osm_type":"way","osm_id":"451797820"}},{"type":"Feature","geometry":{"type":"LineString","coordinates":[[-2.02284,52.45527],[-2.02259,52.45489]]},"properties":{"name":"Kent Road","category":"secondary","osm_type":"way","osm_id":"453075538"}},{"type":"Feature","geometry":{"type":"LineString","coordinates":[[-2.02272,52.45484],[-2.023,52.45544]]},"properties":{"name":"Kent Road","category":"secondary","osm_type":"way","osm_id":"453075542"}},{"type":"Feature","geometry":{"type":"LineString","coordinates":[[-2.023,52.45544],[-2.02285,52.45683]]},"properties":{"name":"Kent Road","category":"secondary","osm_type":"way","osm_id":"453075543"}},{"type":"Feature","geometry":{"type":"LineString","coordinates":[[-2.02333,52.45815],[-2.0232,52.458]]},"properties":{"name":"Kent Road","category":"secondary","osm_type":"way","osm_id":"453075544"}},{"type":"Feature","geometry":{"type":"LineString","coordinates":[[-2.02407,52.45884],[-2.02431,52.45907]]},"properties":{"name":"Kent Road","category":"secondary","osm_type":"way","osm_id":"453075545"}},{"type":"Feature","geometry":{"type":"LineString","coordinates":[[-2.02352,52.45826],[-2.02407,52.45884]]},"properties":{"name":"Kent Road","category":"secondary","osm_type":"way","osm_id":"453075546"}},{"type":"Feature","geometry":{"type":"LineString","coordinates":[[-2.02543,52.46002],[-2.02515,52.45985]]},"properties":{"name":"Kent Road","category":"secondary","osm_type":"way","osm_id":"453075547"}},{"type":"Feature","geometry":{"type":"LineString","coordinates":[[-2.02534,52.45985],[-2.02691,52.46085]]},"properties":{"name":"Kent Road","category":"secondary","osm_type":"way","osm_id":"453075548"}},{"type":"Feature","geometry":{"type":"LineString","coordinates":[[-2.02691,52.46085],[-2.02786,52.46149]]},"properties":{"name":"Kent Road","category":"secondary","osm_type":"way","osm_id":"453075550"}},{"type":"Feature","geometry":{"type":"LineString","coordinates":[[-2.05813,52.49149],[-2.05788,52.49117]]},"properties":{"name":"Dudley Road","category":"secondary","osm_type":"way","osm_id":"453292131","ref":"B4171"}},{"type":"Feature","geometry":{"type":"LineString","coordinates":[[-2.06063,52.49371],[-2.06061,52.49343]]},"properties":{"name":"Dudley Road","category":"secondary","osm_type":"way","osm_id":"453292132","ref":"B4171"}},{"type":"Feature","geometry":{"type":"LineString","coordinates":[[-2.06061,52.49343],[-2.05813,52.49149]]},"properties":{"name":"Dudley Road","category":"secondary","osm_type":"way","osm_id":"453292133","ref":"B4171"}},{"type":"Feature","geometry":{"type":"LineString","coordinates":[[-2.06726,52.49765],[-2.06715,52.4974]]},"properties":{"name":"New Rowley Road","category":"secondary","osm_type":"way","osm_id":"453292134","ref":"B4171"}},{"type":"Feature","geometry":{"type":"LineString","coordinates":[[-2.06773,52.49831],[-2.06726,52.49765]]},"properties":{"name":"New Rowley Road","category":"secondary","osm_type":"way","osm_id":"453292135","ref":"B4171"}},{"type":"Feature","geometry":{"type":"LineString","coordinates":[[-2.06788,52.49844],[-2.06773,52.49831]]},"properties":{"name":"New Rowley Road","category":"secondary","osm_type":"way","osm_id":"453292136","ref":"B4171"}},{"type":"Feature","geometry":{"type":"LineString","coordinates":[[-2.06637,52.4966],[-2.06489,52.49552],[-2.06168,52.49461]]},"properties":{"name":"Dudley Road","category":"secondary","osm_type":"way","osm_id":"453292137","ref":"B4171"}},{"type":"Feature","geometry":{"type":"LineString","coordinates":[[-2.04922,52.48622],[-2.04916,52.486]]},"properties":{"name":"Hawes Lane","category":"secondary","osm_type":"way","osm_id":"453294069","ref":"B4171"}},{"type":"Feature","geometry":{"type":"LineString","coordinates":[[-2.0499,52.48705],[-2.04922,52.48622]]},"properties":{"name":"Hawes Lane","category":"secondary","osm_type":"way","osm_id":"453294070","ref":"B4171"}},{"type":"Feature","geometry":{"type":"LineString","coordinates":[[-2.0502,52.48728],[-2.0499,52.48705]]},"properties":{"name":"Hawes Lane","category":"secondary","osm_type":"way","osm_id":"453294071","ref":"B4171"}},{"type":"Feature","geometry":{"type":"LineString","coordinates":[[-2.05485,52.48899],[-2.05458,52.48888]]},"properties":{"name":"Dudley Road","category":"secondary","osm_type":"way","osm_id":"453294072","ref":"B4171"}},{"type":"Feature","geometry":{"type":"LineString","coordinates":[[-2.04204,52.48166],[-2.04192,52.48165]]},"properties":{"name":"Bell End","category":"tertiary","osm_type":"way","osm_id":"453294814"}},{"type":"Feature","geometry":{"type":"LineString","coordinates":[[-2.01284,52.46163],[-2.01305,52.46165]]},"properties":{"name":"Secondary and tertiary roads","category":"secondary_link","osm_type":"way","osm_id":"456629033"}},{"type":"Feature","geometry":{"type":"LineString","coordinates":[[-2.51118,52.15151],[-2.50941,52.15102],[-2.5076,52.14891]]},"properties":{"name":"B4214","category":"secondary","osm_type":"way","osm_id":"457769655","ref":"B4214"}},{"type":"Feature","geometry":{"type":"LineString","coordinates":[[-2.58674,52.30228],[-2.58985,52.30291],[-2.5915,52.30271],[-2.59371,52.30367],[-2.59519,52.30503]]},"properties":{"name":"Bromyard Road","category":"secondary","osm_type":"way","osm_id":"457771631","ref":"B4214"}},{"type":"Feature","geometry":{"type":"LineString","coordinates":[[-2.98002,52.23556],[-2.98281,52.23226],[-2.98278,52.23171]]},"properties":{"name":"B4355","category":"secondary","osm_type":"way","osm_id":"457985635","ref":"B4355"}},{"type":"Feature","geometry":{"type":"LineString","coordinates":[[-2.97638,52.23801],[-2.97929,52.23599]]},"properties":{"name":"B4355","category":"secondary","osm_type":"way","osm_id":"457985636","ref":"B4355"}},{"type":"Feature","geometry":{"type":"LineString","coordinates":[[-2.93138,52.06534],[-2.9319,52.06486],[-2.92832,52.06081],[-2.92877,52.05963],[-2.92783,52.05914]]},"properties":{"name":"B4352","category":"secondary","osm_type":"way","osm_id":"457988058","ref":"B4352"}},{"type":"Feature","geometry":{"type":"LineString","coordinates":[[-2.93079,52.06656],[-2.93078,52.0657],[-2.93138,52.06534]]},"properties":{"name":"B4352","category":"secondary","osm_type":"way","osm_id":"457988059","ref":"B4352"}},{"type":"Feature","geometry":{"type":"LineString","coordinates":[[-2.11041,52.47746],[-2.11051,52.47768]]},"properties":{"name":"The Boulevard","category":"tertiary","osm_type":"way","osm_id":"461258114"}},{"type":"Feature","geometry":{"type":"LineString","coordinates":[[-2.11033,52.47735],[-2.11023,52.4776]]},"properties":{"name":"Secondary and tertiary roads","category":"tertiary","osm_type":"way","osm_id":"461258115"}},{"type":"Feature","geometry":{"type":"LineString","coordinates":[[-2.11051,52.47768],[-2.11029,52.47759]]},"properties":{"name":"The Boulevard","category":"tertiary","osm_type":"way","osm_id":"461258117"}},{"type":"Feature","geometry":{"type":"LineString","coordinates":[[-2.11036,52.47717],[-2.11102,52.47821]]},"properties":{"name":"The Boulevard","category":"tertiary","osm_type":"way","osm_id":"461258124"}},{"type":"Feature","geometry":{"type":"LineString","coordinates":[[-2.11006,52.47735],[-2.10914,52.47614]]},"properties":{"name":"The Boulevard","category":"tertiary","osm_type":"way","osm_id":"461258132"}},{"type":"Feature","geometry":{"type":"LineString","coordinates":[[-2.11592,52.4787],[-2.11574,52.47875]]},"properties":{"name":"The Boulevard","category":"tertiary","osm_type":"way","osm_id":"461258528"}},{"type":"Feature","geometry":{"type":"LineString","coordinates":[[-2.11374,52.47901],[-2.11321,52.47913]]},"properties":{"name":"The Boulevard","category":"tertiary","osm_type":"way","osm_id":"461258529"}},{"type":"Feature","geometry":{"type":"LineString","coordinates":[[-2.00754,52.3406],[-2.00146,52.34453],[-2.0023,52.34806],[-2.00223,52.34927],[-2.00148,52.35006]]},"properties":{"name":"Blackwell Road","category":"tertiary","osm_type":"way","osm_id":"464939364"}},{"type":"Feature","geometry":{"type":"LineString","coordinates":[[-2.02131,52.33986],[-2.02148,52.33995]]},"properties":{"name":"Alcester Road","category":"secondary","osm_type":"way","osm_id":"464943053","ref":"B4096"}},{"type":"Feature","geometry":{"type":"LineString","coordinates":[[-2.30128,52.36986],[-2.30169,52.37025]]},"properties":{"name":"B4195","category":"secondary","osm_type":"way","osm_id":"472468802","ref":"B4195"}},{"type":"Feature","geometry":{"type":"LineString","coordinates":[[-2.30072,52.36966],[-2.30108,52.3697]]},"properties":{"name":"Secondary and tertiary roads","category":"secondary","osm_type":"way","osm_id":"472468803"}},{"type":"Feature","geometry":{"type":"LineString","coordinates":[[-2.30128,52.36986],[-2.30072,52.36976]]},"properties":{"name":"Secondary and tertiary roads","category":"secondary","osm_type":"way","osm_id":"472468804"}},{"type":"Feature","geometry":{"type":"LineString","coordinates":[[-2.07674,52.31202],[-2.07741,52.31303]]},"properties":{"name":"Hanbury Road","category":"secondary","osm_type":"way","osm_id":"474796788","ref":"B4091"}},{"type":"Feature","geometry":{"type":"LineString","coordinates":[[-2.87176,52.15553],[-2.87322,52.15923]]},"properties":{"name":"Hereford Road","category":"tertiary","osm_type":"way","osm_id":"475049913"}},{"type":"Feature","geometry":{"type":"LineString","coordinates":[[-2.85528,52.15266],[-2.85636,52.15034],[-2.85606,52.14889],[-2.85779,52.14718],[-2.85938,52.14616],[-2.86331,52.1457]]},"properties":{"name":"Ledgemoor Road","category":"tertiary","osm_type":"way","osm_id":"475049914"}},{"type":"Feature","geometry":{"type":"LineString","coordinates":[[-2.82502,52.15744],[-2.82675,52.15955],[-2.82878,52.16017],[-2.82922,52.16083],[-2.83003,52.16087]]},"properties":{"name":"Secondary and tertiary roads","category":"tertiary","osm_type":"way","osm_id":"475049915"}},{"type":"Feature","geometry":{"type":"LineString","coordinates":[[-2.83412,52.17428],[-2.83042,52.17144],[-2.8303,52.16985],[-2.82914,52.16907],[-2.83118,52.16794],[-2.83071,52.1669],[-2.83125,52.16517],[-2.83003,52.16087]]},"properties":{"name":"Secondary and tertiary roads","category":"tertiary","osm_type":"way","osm_id":"475049916"}},{"type":"Feature","geometry":{"type":"LineString","coordinates":[[-2.11782,52.48804],[-2.11751,52.48802]]},"properties":{"name":"Waterfront Way","category":"tertiary","osm_type":"way","osm_id":"478217853"}},{"type":"Feature","geometry":{"type":"LineString","coordinates":[[-2.71731,52.05986],[-2.71726,52.05985]]},"properties":{"name":"Blackfriars Street","category":"tertiary","osm_type":"way","osm_id":"479889144"}},{"type":"Feature","geometry":{"type":"LineString","coordinates":[[-2.71726,52.05985],[-2.71719,52.05984]]},"properties":{"name":"Blackfriars Street","category":"tertiary","osm_type":"way","osm_id":"479889145"}},{"type":"Feature","geometry":{"type":"LineString","coordinates":[[-2.05299,52.47066],[-2.05283,52.47054]]},"properties":{"name":"Station Road","category":"tertiary","osm_type":"way","osm_id":"480931961"}},{"type":"Feature","geometry":{"type":"LineString","coordinates":[[-2.05316,52.47076],[-2.05299,52.47066]]},"properties":{"name":"Station Road","category":"tertiary","osm_type":"way","osm_id":"480931962"}},{"type":"Feature","geometry":{"type":"LineString","coordinates":[[-2.07902,52.46975],[-2.0788,52.46888]]},"properties":{"name":"Corngreaves Road","category":"secondary","osm_type":"way","osm_id":"480931963"}},{"type":"Feature","geometry":{"type":"LineString","coordinates":[[-2.07904,52.46982],[-2.07902,52.46975]]},"properties":{"name":"Corngreaves Road","category":"secondary","osm_type":"way","osm_id":"480931964"}},{"type":"Feature","geometry":{"type":"LineString","coordinates":[[-2.71466,52.36938],[-2.71459,52.36947]]},"properties":{"name":"Gravel Hill","category":"tertiary","osm_type":"way","osm_id":"482528077"}},{"type":"Feature","geometry":{"type":"LineString","coordinates":[[-2.07361,52.30271],[-2.0737,52.30316]]},"properties":{"name":"Hanbury Road","category":"secondary","osm_type":"way","osm_id":"482695143","ref":"B4091"}},{"type":"Feature","geometry":{"type":"LineString","coordinates":[[-2.07297,52.30141],[-2.07361,52.30271]]},"properties":{"name":"Hanbury Road","category":"secondary","osm_type":"way","osm_id":"482695144","ref":"B4091"}},{"type":"Feature","geometry":{"type":"LineString","coordinates":[[-2.22999,52.37564],[-2.22713,52.37724]]},"properties":{"name":"Spennells Valley Road","category":"tertiary","osm_type":"way","osm_id":"483212789"}},{"type":"Feature","geometry":{"type":"LineString","coordinates":[[-2.03814,52.34895],[-2.04057,52.34991]]},"properties":{"name":"Alcester Road","category":"secondary","osm_type":"way","osm_id":"483331372","ref":"B4096"}},{"type":"Feature","geometry":{"type":"LineString","coordinates":[[-2.07193,52.34657],[-2.07185,52.34672],[-2.0716,52.34667],[-2.07167,52.34653],[-2.07193,52.34657]]},"properties":{"name":"Secondary and tertiary roads","category":"tertiary","osm_type":"way","osm_id":"485292621"}},{"type":"Feature","geometry":{"type":"LineString","coordinates":[[-2.07164,52.3467],[-2.06553,52.34765]]},"properties":{"name":"Perryfields Road","category":"tertiary","osm_type":"way","osm_id":"485292624"}},{"type":"Feature","geometry":{"type":"LineString","coordinates":[[-2.07224,52.34642],[-2.07193,52.34657]]},"properties":{"name":"Perryfields Road","category":"tertiary","osm_type":"way","osm_id":"485293193"}},{"type":"Feature","geometry":{"type":"LineString","coordinates":[[-2.29115,52.33183],[-2.28885,52.33276]]},"properties":{"name":"Windmill Bank","category":"secondary","osm_type":"way","osm_id":"486610703","ref":"B4196"}},{"type":"Feature","geometry":{"type":"LineString","coordinates":[[-2.27672,52.33696],[-2.2754,52.3396]]},"properties":{"name":"Severn Road","category":"tertiary","osm_type":"way","osm_id":"486685714"}},{"type":"Feature","geometry":{"type":"LineString","coordinates":[[-2.29431,52.32179],[-2.29743,52.32422],[-2.29815,52.32822],[-2.29993,52.33013]]},"properties":{"name":"Pearl Lane","category":"secondary","osm_type":"way","osm_id":"486858184","ref":"B4194"}},{"type":"Feature","geometry":{"type":"LineString","coordinates":[[-2.27814,52.34049],[-2.27803,52.34067]]},"properties":{"name":"High Street","category":"tertiary","osm_type":"way","osm_id":"487070873"}},{"type":"Feature","geometry":{"type":"LineString","coordinates":[[-2.27803,52.34067],[-2.27773,52.34058]]},"properties":{"name":"High Street","category":"tertiary","osm_type":"way","osm_id":"487072693"}},{"type":"Feature","geometry":{"type":"LineString","coordinates":[[-2.31072,52.32156],[-2.31103,52.32145]]},"properties":{"name":"Heightington Lane","category":"tertiary","osm_type":"way","osm_id":"487207233"}},{"type":"Feature","geometry":{"type":"LineString","coordinates":[[-2.29312,52.33767],[-2.29114,52.33744],[-2.2871,52.33564],[-2.28637,52.33496]]},"properties":{"name":"Areley Lane","category":"tertiary","osm_type":"way","osm_id":"487502810"}},{"type":"Feature","geometry":{"type":"LineString","coordinates":[[-2.29328,52.33765],[-2.29312,52.33767]]},"properties":{"name":"Areley Lane","category":"tertiary","osm_type":"way","osm_id":"487502811"}},{"type":"Feature","geometry":{"type":"LineString","coordinates":[[-2.30207,52.33778],[-2.30224,52.3379]]},"properties":{"name":"B4194","category":"secondary","osm_type":"way","osm_id":"487512045","ref":"B4194"}},{"type":"Feature","geometry":{"type":"LineString","coordinates":[[-2.30224,52.3379],[-2.30321,52.33875],[-2.30224,52.34073],[-2.30628,52.34682],[-2.30881,52.34913],[-2.31323,52.3519],[-2.31601,52.35604],[-2.31595,52.35675],[-2.31108,52.36297]]},"properties":{"name":"The Switchback","category":"secondary","osm_type":"way","osm_id":"487512048","ref":"B4194"}},{"type":"Feature","geometry":{"type":"LineString","coordinates":[[-2.25655,52.19262],[-2.25641,52.19239]]},"properties":{"name":"Tudor Way","category":"tertiary","osm_type":"way","osm_id":"488326872"}},{"type":"Feature","geometry":{"type":"LineString","coordinates":[[-2.27798,52.34373],[-2.27817,52.34356]]},"properties":{"name":"Secondary and tertiary roads","category":"tertiary","osm_type":"way","osm_id":"489412434"}},{"type":"Feature","geometry":{"type":"LineString","coordinates":[[-2.2754,52.3396],[-2.2754,52.33991]]},"properties":{"name":"Severn Road","category":"tertiary","osm_type":"way","osm_id":"490456478"}},{"type":"Feature","geometry":{"type":"LineString","coordinates":[[-2.17636,52.19238],[-2.1771,52.19253]]},"properties":{"name":"Newtown Road","category":"secondary","osm_type":"way","osm_id":"490635353","ref":"B4636"}},{"type":"Feature","geometry":{"type":"LineString","coordinates":[[-2.17701,52.19265],[-2.17636,52.19238]]},"properties":{"name":"Newtown Road","category":"secondary","osm_type":"way","osm_id":"490635354","ref":"B4636"}},{"type":"Feature","geometry":{"type":"LineString","coordinates":[[-2.17744,52.19276],[-2.17716,52.19279]]},"properties":{"name":"Secondary and tertiary roads","category":"secondary","osm_type":"way","osm_id":"490635355"}},{"type":"Feature","geometry":{"type":"LineString","coordinates":[[-2.17751,52.1926],[-2.17781,52.1927]]},"properties":{"name":"Newtown Road","category":"secondary","osm_type":"way","osm_id":"490635356","ref":"B4636"}},{"type":"Feature","geometry":{"type":"LineString","coordinates":[[-2.17781,52.1927],[-2.17744,52.19276]]},"properties":{"name":"Newtown Road","category":"secondary","osm_type":"way","osm_id":"490635357","ref":"B4636"}},{"type":"Feature","geometry":{"type":"LineString","coordinates":[[-2.96068,52.2651],[-2.95485,52.26272],[-2.94973,52.26299],[-2.92631,52.26154]]},"properties":{"name":"B4362","category":"secondary","osm_type":"way","osm_id":"494513002","ref":"B4362"}},{"type":"Feature","geometry":{"type":"LineString","coordinates":[[-2.9608,52.26523],[-2.96068,52.2651]]},"properties":{"name":"B4362","category":"secondary","osm_type":"way","osm_id":"494513003","ref":"B4362"}},{"type":"Feature","geometry":{"type":"LineString","coordinates":[[-2.99795,52.26006],[-2.9979,52.25993]]},"properties":{"name":"B4355","category":"secondary","osm_type":"way","osm_id":"494773239","ref":"B4355"}},{"type":"Feature","geometry":{"type":"LineString","coordinates":[[-2.99734,52.26254],[-2.99795,52.26006]]},"properties":{"name":"B4355","category":"secondary","osm_type":"way","osm_id":"494773240","ref":"B4355"}},{"type":"Feature","geometry":{"type":"LineString","coordinates":[[-2.39817,52.49644],[-2.39712,52.49696],[-2.40035,52.50286]]},"properties":{"name":"B4555","category":"secondary","osm_type":"way","osm_id":"495080630","ref":"B4555"}},{"type":"Feature","geometry":{"type":"LineString","coordinates":[[-2.39848,52.49634],[-2.39817,52.49644]]},"properties":{"name":"B4555","category":"secondary","osm_type":"way","osm_id":"495080631","ref":"B4555"}},{"type":"Feature","geometry":{"type":"LineString","coordinates":[[-2.2594,52.34932],[-2.26023,52.34722]]},"properties":{"name":"Wilden Lane","category":"tertiary","osm_type":"way","osm_id":"495924522"}},{"type":"Feature","geometry":{"type":"LineString","coordinates":[[-2.01519,52.43258],[-2.01058,52.43641]]},"properties":{"name":"Kitwell Lane","category":"tertiary","osm_type":"way","osm_id":"497233799"}},{"type":"Feature","geometry":{"type":"LineString","coordinates":[[-1.9995,52.40995],[-2.00684,52.41162],[-2.00864,52.41283],[-2.01384,52.41798],[-2.01396,52.41894],[-2.01261,52.42181]]},"properties":{"name":"Egghill Lane","category":"tertiary","osm_type":"way","osm_id":"497234957"}},{"type":"Feature","geometry":{"type":"LineString","coordinates":[[-2.21155,52.32333],[-2.21452,52.32318],[-2.21828,52.32363],[-2.2257,52.32355],[-2.23098,52.32394]]},"properties":{"name":"Crown Lane","category":"tertiary","osm_type":"way","osm_id":"502762897"}},{"type":"Feature","geometry":{"type":"LineString","coordinates":[[-2.21925,52.33492],[-2.22117,52.33478]]},"properties":{"name":"Walton Road","category":"tertiary","osm_type":"way","osm_id":"502762898"}},{"type":"Feature","geometry":{"type":"LineString","coordinates":[[-2.22805,52.33989],[-2.228,52.34079]]},"properties":{"name":"Secondary and tertiary roads","category":"tertiary","osm_type":"way","osm_id":"503253916"}},{"type":"Feature","geometry":{"type":"LineString","coordinates":[[-2.26695,52.34052],[-2.26695,52.34046]]},"properties":{"name":"Millfields Drive","category":"tertiary","osm_type":"way","osm_id":"503862738"}},{"type":"Feature","geometry":{"type":"LineString","coordinates":[[-2.27499,52.33986],[-2.2754,52.3396]]},"properties":{"name":"Mitton Street","category":"tertiary","osm_type":"way","osm_id":"503865252"}},{"type":"Feature","geometry":{"type":"LineString","coordinates":[[-2.15427,52.15577],[-2.14774,52.15127],[-2.14422,52.14946]]},"properties":{"name":"B4084","category":"secondary","osm_type":"way","osm_id":"505620844","ref":"B4084"}},{"type":"Feature","geometry":{"type":"LineString","coordinates":[[-2.15454,52.15599],[-2.15427,52.15577]]},"properties":{"name":"B4084","category":"secondary","osm_type":"way","osm_id":"505620845","ref":"B4084"}},{"type":"Feature","geometry":{"type":"LineString","coordinates":[[-2.31981,52.12917],[-2.31663,52.12943],[-2.31328,52.13043]]},"properties":{"name":"Church Road","category":"tertiary","osm_type":"way","osm_id":"505869925"}},{"type":"Feature","geometry":{"type":"LineString","coordinates":[[-2.21384,52.19755],[-2.21475,52.19665]]},"properties":{"name":"Rainbow Hill","category":"secondary","osm_type":"way","osm_id":"505869931","ref":"B4550"}},{"type":"Feature","geometry":{"type":"LineString","coordinates":[[-2.32009,52.12914],[-2.31981,52.12917]]},"properties":{"name":"Church Road","category":"tertiary","osm_type":"way","osm_id":"505869935"}},{"type":"Feature","geometry":{"type":"LineString","coordinates":[[-2.69297,52.0809],[-2.69143,52.08442],[-2.68943,52.08665],[-2.68822,52.09082],[-2.6898,52.09739],[-2.68932,52.09805]]},"properties":{"name":"Secondary and tertiary roads","category":"tertiary","osm_type":"way","osm_id":"505869938"}},{"type":"Feature","geometry":{"type":"LineString","coordinates":[[-2.69306,52.08077],[-2.69297,52.0809]]},"properties":{"name":"Secondary and tertiary roads","category":"tertiary","osm_type":"way","osm_id":"505869939"}},{"type":"Feature","geometry":{"type":"LineString","coordinates":[[-2.21356,52.19786],[-2.21384,52.19755]]},"properties":{"name":"Rainbow Hill","category":"secondary","osm_type":"way","osm_id":"505869940","ref":"B4550"}},{"type":"Feature","geometry":{"type":"LineString","coordinates":[[-2.837,52.43934],[-2.83662,52.43937]]},"properties":{"name":"Clun Road","category":"secondary","osm_type":"way","osm_id":"505947819","ref":"B4368"}},{"type":"Feature","geometry":{"type":"LineString","coordinates":[[-2.83662,52.43937],[-2.83615,52.43939]]},"properties":{"name":"Clun Road","category":"secondary","osm_type":"way","osm_id":"505947820","ref":"B4368"}},{"type":"Feature","geometry":{"type":"LineString","coordinates":[[-2.28912,52.35055],[-2.28455,52.34892],[-2.28259,52.34658],[-2.27851,52.34395]]},"properties":{"name":"Bewdley Road","category":"secondary","osm_type":"way","osm_id":"506437207","ref":"B4195"}},{"type":"Feature","geometry":{"type":"LineString","coordinates":[[-2.14228,52.4561],[-2.14236,52.45621]]},"properties":{"name":"Vauxhall Road","category":"tertiary","osm_type":"way","osm_id":"506990414"}},{"type":"Feature","geometry":{"type":"LineString","coordinates":[[-2.0728,52.45063],[-2.07334,52.45158]]},"properties":{"name":"Huntingtree Road","category":"tertiary","osm_type":"way","osm_id":"507034845"}},{"type":"Feature","geometry":{"type":"LineString","coordinates":[[-2.08184,52.45531],[-2.08163,52.455]]},"properties":{"name":"Beecher Road","category":"tertiary","osm_type":"way","osm_id":"507034848"}},{"type":"Feature","geometry":{"type":"LineString","coordinates":[[-2.09139,52.4545],[-2.08985,52.45492]]},"properties":{"name":"Two Gates","category":"tertiary","osm_type":"way","osm_id":"507034851"}},{"type":"Feature","geometry":{"type":"LineString","coordinates":[[-2.1123,52.4494],[-2.11473,52.4481],[-2.11985,52.44768]]},"properties":{"name":"Wollescote Road","category":"tertiary","osm_type":"way","osm_id":"507034852"}},{"type":"Feature","geometry":{"type":"LineString","coordinates":[[-2.23508,52.45431],[-2.23491,52.45401]]},"properties":{"name":"Enville Road","category":"tertiary","osm_type":"way","osm_id":"507475403"}},{"type":"Feature","geometry":{"type":"LineString","coordinates":[[-2.20591,52.45704],[-2.2061,52.45703]]},"properties":{"name":"Secondary and tertiary roads","category":"tertiary","osm_type":"way","osm_id":"507475407"}},{"type":"Feature","geometry":{"type":"LineString","coordinates":[[-2.17831,52.16727],[-2.17333,52.16501],[-2.16519,52.1641],[-2.16217,52.16277]]},"properties":{"name":"Whittington Road","category":"secondary","osm_type":"way","osm_id":"508556783","ref":"B4084"}},{"type":"Feature","geometry":{"type":"LineString","coordinates":[[-2.1693,52.19336],[-2.1683,52.19376]]},"properties":{"name":"B4636","category":"secondary","osm_type":"way","osm_id":"508556797","ref":"B4636"}},{"type":"Feature","geometry":{"type":"LineString","coordinates":[[-2.12147,52.4812],[-2.12152,52.48105]]},"properties":{"name":"High Street","category":"tertiary","osm_type":"way","osm_id":"508772034"}},{"type":"Feature","geometry":{"type":"LineString","coordinates":[[-2.1215,52.48112],[-2.12238,52.48129]]},"properties":{"name":"Moor Street","category":"tertiary","osm_type":"way","osm_id":"508772035"}},{"type":"Feature","geometry":{"type":"LineString","coordinates":[[-2.12534,52.48654],[-2.12587,52.4864]]},"properties":{"name":"High Street","category":"secondary","osm_type":"way","osm_id":"508772036","ref":"B4180"}},{"type":"Feature","geometry":{"type":"LineString","coordinates":[[-2.13275,52.48182],[-2.13071,52.48169]]},"properties":{"name":"Moor Street","category":"tertiary","osm_type":"way","osm_id":"508772037"}},{"type":"Feature","geometry":{"type":"LineString","coordinates":[[-2.14448,52.48156],[-2.14047,52.48194]]},"properties":{"name":"Moor Street","category":"tertiary","osm_type":"way","osm_id":"508772038"}},{"type":"Feature","geometry":{"type":"LineString","coordinates":[[-2.14149,52.47339],[-2.14433,52.47585],[-2.14358,52.47703]]},"properties":{"name":"Hawbush Road","category":"tertiary","osm_type":"way","osm_id":"508772039"}},{"type":"Feature","geometry":{"type":"LineString","coordinates":[[-2.1449,52.47747],[-2.14358,52.47703]]},"properties":{"name":"Swan Lane","category":"tertiary","osm_type":"way","osm_id":"508772040"}},{"type":"Feature","geometry":{"type":"LineString","coordinates":[[-2.17147,52.49224],[-2.17367,52.4945],[-2.17417,52.49593]]},"properties":{"name":"Cot Lane","category":"tertiary","osm_type":"way","osm_id":"509033488"}},{"type":"Feature","geometry":{"type":"LineString","coordinates":[[-2.17553,52.48253],[-2.17666,52.48261]]},"properties":{"name":"Lawnswood Road","category":"tertiary","osm_type":"way","osm_id":"509033491"}},{"type":"Feature","geometry":{"type":"LineString","coordinates":[[-2.17666,52.48261],[-2.17908,52.48282]]},"properties":{"name":"Lawnswood Road","category":"tertiary","osm_type":"way","osm_id":"509033492"}},{"type":"Feature","geometry":{"type":"LineString","coordinates":[[-2.16664,52.48149],[-2.16866,52.48221]]},"properties":{"name":"Lawnswood Road","category":"tertiary","osm_type":"way","osm_id":"509033493"}},{"type":"Feature","geometry":{"type":"LineString","coordinates":[[-2.16317,52.4807],[-2.16573,52.48131]]},"properties":{"name":"Lawnswood Road","category":"tertiary","osm_type":"way","osm_id":"509033494"}},{"type":"Feature","geometry":{"type":"LineString","coordinates":[[-2.18395,52.50001],[-2.18179,52.49902]]},"properties":{"name":"Swindon Road","category":"secondary","osm_type":"way","osm_id":"509044414","ref":"B4178"}},{"type":"Feature","geometry":{"type":"LineString","coordinates":[[-2.13896,52.44404],[-2.1389,52.44425]]},"properties":{"name":"Worcester Lane","category":"secondary","osm_type":"way","osm_id":"509825908","ref":"B4187"}},{"type":"Feature","geometry":{"type":"LineString","coordinates":[[-2.14023,52.43844],[-2.14045,52.43873]]},"properties":{"name":"Worcester Lane","category":"secondary","osm_type":"way","osm_id":"509825909","ref":"B4187"}},{"type":"Feature","geometry":{"type":"LineString","coordinates":[[-2.12337,52.47515],[-2.12361,52.47526]]},"properties":{"name":"Delph Road","category":"secondary","osm_type":"way","osm_id":"512337711","ref":"B4172"}},{"type":"Feature","geometry":{"type":"LineString","coordinates":[[-2.13083,52.47104],[-2.13125,52.47096]]},"properties":{"name":"Kirkstone Way","category":"tertiary","osm_type":"way","osm_id":"512337712"}},{"type":"Feature","geometry":{"type":"LineString","coordinates":[[-2.12905,52.46533],[-2.13001,52.465]]},"properties":{"name":"Hillfields Road","category":"tertiary","osm_type":"way","osm_id":"512337714"}},{"type":"Feature","geometry":{"type":"LineString","coordinates":[[-2.12464,52.46282],[-2.12392,52.46377]]},"properties":{"name":"Bagley's Road","category":"tertiary","osm_type":"way","osm_id":"512337716"}},{"type":"Feature","geometry":{"type":"LineString","coordinates":[[-2.69202,52.05861],[-2.68944,52.05736]]},"properties":{"name":"Church Road","category":"tertiary","osm_type":"way","osm_id":"513640040"}},{"type":"Feature","geometry":{"type":"LineString","coordinates":[[-2.10541,52.44699],[-2.10531,52.44711]]},"properties":{"name":"Secondary and tertiary roads","category":"tertiary","osm_type":"way","osm_id":"514198183"}},{"type":"Feature","geometry":{"type":"LineString","coordinates":[[-2.15566,52.48899],[-2.15428,52.48916]]},"properties":{"name":"Bromley Lane","category":"tertiary","osm_type":"way","osm_id":"514213766"}},{"type":"Feature","geometry":{"type":"LineString","coordinates":[[-2.16118,52.48924],[-2.15947,52.48945],[-2.15744,52.48893],[-2.15566,52.48899]]},"properties":{"name":"Bromley Lane","category":"tertiary","osm_type":"way","osm_id":"514213767"}},{"type":"Feature","geometry":{"type":"LineString","coordinates":[[-2.79287,51.99969],[-2.79507,52.00065],[-2.79958,52.0061]]},"properties":{"name":"B4348","category":"secondary","osm_type":"way","osm_id":"515737506","ref":"B4348"}},{"type":"Feature","geometry":{"type":"LineString","coordinates":[[-2.58656,52.3112],[-2.59012,52.31036],[-2.59262,52.3105],[-2.59345,52.31094]]},"properties":{"name":"B4204","category":"secondary","osm_type":"way","osm_id":"520499064","ref":"B4204"}},{"type":"Feature","geometry":{"type":"LineString","coordinates":[[-2.5689,52.30742],[-2.57915,52.30833],[-2.58388,52.30815],[-2.58618,52.30957],[-2.58656,52.3112]]},"properties":{"name":"B4204","category":"secondary","osm_type":"way","osm_id":"520499065","ref":"B4204"}},{"type":"Feature","geometry":{"type":"LineString","coordinates":[[-2.70505,52.22958],[-2.70286,52.22878],[-2.70077,52.22684],[-2.6965,52.2251],[-2.69532,52.22391],[-2.69502,52.22108]]},"properties":{"name":"Secondary and tertiary roads","category":"tertiary","osm_type":"way","osm_id":"520591183"}},{"type":"Feature","geometry":{"type":"LineString","coordinates":[[-2.64723,52.27018],[-2.64715,52.27046]]},"properties":{"name":"Secondary and tertiary roads","category":"tertiary_link","osm_type":"way","osm_id":"524658599"}},{"type":"Feature","geometry":{"type":"LineString","coordinates":[[-2.7002,52.48482],[-2.70035,52.48476]]},"properties":{"name":"B4368","category":"secondary","osm_type":"way","osm_id":"527447209","ref":"B4368"}},{"type":"Feature","geometry":{"type":"LineString","coordinates":[[-2.67599,52.5037],[-2.68079,52.50049],[-2.68368,52.49931],[-2.68582,52.49747],[-2.69088,52.49099],[-2.69259,52.48797],[-2.7002,52.48482]]},"properties":{"name":"B4368","category":"secondary","osm_type":"way","osm_id":"527447212","ref":"B4368"}},{"type":"Feature","geometry":{"type":"LineString","coordinates":[[-2.73174,52.46726],[-2.73208,52.46624],[-2.73329,52.46526],[-2.74202,52.46185],[-2.74833,52.45812],[-2.75303,52.45679],[-2.75698,52.45473]]},"properties":{"name":"B4368","category":"secondary","osm_type":"way","osm_id":"527447235","ref":"B4368"}},{"type":"Feature","geometry":{"type":"LineString","coordinates":[[-2.73175,52.46745],[-2.73174,52.46726]]},"properties":{"name":"B4368","category":"secondary","osm_type":"way","osm_id":"527447236","ref":"B4368"}},{"type":"Feature","geometry":{"type":"LineString","coordinates":[[-2.78593,52.07824],[-2.78273,52.07829]]},"properties":{"name":"Roman Road","category":"tertiary","osm_type":"way","osm_id":"529254657"}},{"type":"Feature","geometry":{"type":"LineString","coordinates":[[-2.69502,52.22108],[-2.6911,52.21438]]},"properties":{"name":"Secondary and tertiary roads","category":"tertiary","osm_type":"way","osm_id":"529259725"}},{"type":"Feature","geometry":{"type":"LineString","coordinates":[[-2.05666,52.3382],[-2.05806,52.33782]]},"properties":{"name":"Birmingham Road","category":"tertiary","osm_type":"way","osm_id":"529262952"}},{"type":"Feature","geometry":{"type":"LineString","coordinates":[[-2.05095,52.3451],[-2.05182,52.34204],[-2.05666,52.3382]]},"properties":{"name":"Birmingham Road","category":"tertiary","osm_type":"way","osm_id":"529262953"}},{"type":"Feature","geometry":{"type":"LineString","coordinates":[[-2.06086,52.26174],[-2.05579,52.2633],[-2.05162,52.26547],[-2.04941,52.26521]]},"properties":{"name":"Saltway","category":"secondary","osm_type":"way","osm_id":"529265354","ref":"B4090"}},{"type":"Feature","geometry":{"type":"LineString","coordinates":[[-2.07187,52.26008],[-2.06734,52.26037],[-2.06086,52.26174]]},"properties":{"name":"Saltway","category":"secondary","osm_type":"way","osm_id":"538380430","ref":"B4090"}},{"type":"Feature","geometry":{"type":"LineString","coordinates":[[-2.04578,52.40377],[-2.04729,52.40379],[-2.04957,52.40278]]},"properties":{"name":"Old House Lane","category":"tertiary","osm_type":"way","osm_id":"538766095"}},{"type":"Feature","geometry":{"type":"LineString","coordinates":[[-2.01588,52.4212],[-2.01773,52.41996],[-2.02414,52.41956],[-2.02975,52.42045]]},"properties":{"name":"Frankley Green Lane","category":"tertiary","osm_type":"way","osm_id":"538766586"}},{"type":"Feature","geometry":{"type":"LineString","coordinates":[[-2.0558,52.37841],[-2.05525,52.37878]]},"properties":{"name":"Wildmoor Lane","category":"tertiary","osm_type":"way","osm_id":"538768843"}},{"type":"Feature","geometry":{"type":"LineString","coordinates":[[-2.40258,52.19408],[-2.40733,52.1911],[-2.41146,52.18627],[-2.41169,52.18562],[-2.41112,52.18489]]},"properties":{"name":"Secondary and tertiary roads","category":"tertiary","osm_type":"way","osm_id":"539708750"}},{"type":"Feature","geometry":{"type":"LineString","coordinates":[[-2.11805,52.48394],[-2.1186,52.48388]]},"properties":{"name":"Level Street","category":"tertiary","osm_type":"way","osm_id":"542466809"}},{"type":"Feature","geometry":{"type":"LineString","coordinates":[[-2.71479,52.06215],[-2.71481,52.06222]]},"properties":{"name":"Widemarsh Street","category":"secondary","osm_type":"way","osm_id":"547226803","ref":"B4359"}},{"type":"Feature","geometry":{"type":"LineString","coordinates":[[-2.71481,52.06222],[-2.71465,52.0632]]},"properties":{"name":"Widemarsh Street","category":"secondary","osm_type":"way","osm_id":"547226808","ref":"B4359"}},{"type":"Feature","geometry":{"type":"LineString","coordinates":[[-2.25489,52.14697],[-2.25712,52.14604],[-2.26531,52.14113],[-2.26967,52.14032],[-2.27159,52.14039],[-2.28031,52.13714]]},"properties":{"name":"Jennet Tree Lane","category":"tertiary","osm_type":"way","osm_id":"547510454"}},{"type":"Feature","geometry":{"type":"LineString","coordinates":[[-2.11953,52.38749],[-2.11985,52.39021]]},"properties":{"name":"Bradford Lane","category":"tertiary","osm_type":"way","osm_id":"553776849"}},{"type":"Feature","geometry":{"type":"LineString","coordinates":[[-2.08745,52.39296],[-2.08991,52.39265]]},"properties":{"name":"Heath End Road","category":"tertiary","osm_type":"way","osm_id":"553776850"}},{"type":"Feature","geometry":{"type":"LineString","coordinates":[[-2.08924,52.39191],[-2.0901,52.39245]]},"properties":{"name":"Secondary and tertiary roads","category":"tertiary","osm_type":"way","osm_id":"553776853"}},{"type":"Feature","geometry":{"type":"LineString","coordinates":[[-2.03421,52.48985],[-2.03358,52.48953]]},"properties":{"name":"Throne Road","category":"tertiary","osm_type":"way","osm_id":"556544946"}},{"type":"Feature","geometry":{"type":"LineString","coordinates":[[-2.03146,52.48853],[-2.03184,52.48863]]},"properties":{"name":"Throne Road","category":"tertiary","osm_type":"way","osm_id":"556544949"}},{"type":"Feature","geometry":{"type":"LineString","coordinates":[[-2.03341,52.48935],[-2.03363,52.4895]]},"properties":{"name":"Throne Road","category":"tertiary","osm_type":"way","osm_id":"556544952"}},{"type":"Feature","geometry":{"type":"LineString","coordinates":[[-2.03228,52.4888],[-2.03254,52.48892]]},"properties":{"name":"Throne Road","category":"tertiary","osm_type":"way","osm_id":"556544958"}},{"type":"Feature","geometry":{"type":"LineString","coordinates":[[-2.03212,52.48879],[-2.03215,52.48874]]},"properties":{"name":"Secondary and tertiary roads","category":"tertiary_link","osm_type":"way","osm_id":"556544962"}},{"type":"Feature","geometry":{"type":"LineString","coordinates":[[-2.03222,52.48884],[-2.03212,52.48879]]},"properties":{"name":"Throne Road","category":"tertiary","osm_type":"way","osm_id":"556544965"}},{"type":"Feature","geometry":{"type":"LineString","coordinates":[[-2.03327,52.48934],[-2.03302,52.48924]]},"properties":{"name":"Throne Road","category":"tertiary","osm_type":"way","osm_id":"556544975"}},{"type":"Feature","geometry":{"type":"LineString","coordinates":[[-2.02817,52.48755],[-2.02801,52.48751]]},"properties":{"name":"Throne Road","category":"tertiary","osm_type":"way","osm_id":"556549352"}},{"type":"Feature","geometry":{"type":"LineString","coordinates":[[-2.02821,52.48749],[-2.02859,52.48764]]},"properties":{"name":"Throne Road","category":"tertiary","osm_type":"way","osm_id":"556549356"}},{"type":"Feature","geometry":{"type":"LineString","coordinates":[[-2.02804,52.48745],[-2.02821,52.48749]]},"properties":{"name":"Throne Road","category":"tertiary","osm_type":"way","osm_id":"556549358"}},{"type":"Feature","geometry":{"type":"LineString","coordinates":[[-2.02741,52.4873],[-2.02473,52.48643]]},"properties":{"name":"Titford Lane","category":"tertiary","osm_type":"way","osm_id":"556549360"}},{"type":"Feature","geometry":{"type":"LineString","coordinates":[[-2.02741,52.4873],[-2.0275,52.48732]]},"properties":{"name":"Titford Lane","category":"tertiary","osm_type":"way","osm_id":"556549364"}},{"type":"Feature","geometry":{"type":"LineString","coordinates":[[-2.02801,52.48751],[-2.02765,52.48741]]},"properties":{"name":"Titford Lane","category":"tertiary","osm_type":"way","osm_id":"556549366"}},{"type":"Feature","geometry":{"type":"LineString","coordinates":[[-2.03146,52.48853],[-2.0301,52.48811]]},"properties":{"name":"Throne Road","category":"tertiary","osm_type":"way","osm_id":"556557967"}},{"type":"Feature","geometry":{"type":"LineString","coordinates":[[-2.0972,52.39327],[-2.10079,52.39342],[-2.10721,52.39086]]},"properties":{"name":"Hartle Lane","category":"secondary","osm_type":"way","osm_id":"556943104","ref":"B4188"}},{"type":"Feature","geometry":{"type":"LineString","coordinates":[[-2.70508,52.3125],[-2.70542,52.3124]]},"properties":{"name":"Station Road","category":"secondary","osm_type":"way","osm_id":"566223247","ref":"B4362"}},{"type":"Feature","geometry":{"type":"LineString","coordinates":[[-2.70542,52.3124],[-2.70516,52.31257]]},"properties":{"name":"Station Road","category":"secondary","osm_type":"way","osm_id":"566223248","ref":"B4362"}},{"type":"Feature","geometry":{"type":"LineString","coordinates":[[-2.04348,52.48268],[-2.04378,52.48287]]},"properties":{"name":"Rowley Village","category":"secondary","osm_type":"way","osm_id":"567580743","ref":"B4171"}},{"type":"Feature","geometry":{"type":"LineString","coordinates":[[-2.04371,52.48293],[-2.04348,52.48268]]},"properties":{"name":"Rowley Village","category":"secondary","osm_type":"way","osm_id":"567580746","ref":"B4171"}},{"type":"Feature","geometry":{"type":"LineString","coordinates":[[-2.04348,52.48268],[-2.04265,52.48194]]},"properties":{"name":"Rowley Village","category":"secondary","osm_type":"way","osm_id":"567580750","ref":"B4171"}},{"type":"Feature","geometry":{"type":"LineString","coordinates":[[-2.04519,52.4842],[-2.04623,52.48456]]},"properties":{"name":"Hawes Lane","category":"secondary","osm_type":"way","osm_id":"567580751","ref":"B4171"}},{"type":"Feature","geometry":{"type":"LineString","coordinates":[[-2.04623,52.48456],[-2.04509,52.48426]]},"properties":{"name":"Hawes Lane","category":"secondary","osm_type":"way","osm_id":"567580752","ref":"B4171"}},{"type":"Feature","geometry":{"type":"LineString","coordinates":[[-2.04388,52.48293],[-2.04375,52.48297]]},"properties":{"name":"Rowley Village","category":"secondary","osm_type":"way","osm_id":"567580753","ref":"B4171"}},{"type":"Feature","geometry":{"type":"LineString","coordinates":[[-2.04397,52.48282],[-2.04674,52.48155],[-2.04732,52.48076]]},"properties":{"name":"Siviter's Lane","category":"tertiary","osm_type":"way","osm_id":"567580754"}},{"type":"Feature","geometry":{"type":"LineString","coordinates":[[-2.04382,52.48287],[-2.04397,52.48282]]},"properties":{"name":"Siviter's Lane","category":"tertiary","osm_type":"way","osm_id":"567580755"}},{"type":"Feature","geometry":{"type":"LineString","coordinates":[[-2.04388,52.48293],[-2.04519,52.4842]]},"properties":{"name":"Rowley Village","category":"secondary","osm_type":"way","osm_id":"567580756","ref":"B4171"}},{"type":"Feature","geometry":{"type":"LineString","coordinates":[[-2.04397,52.48282],[-2.04388,52.48291]]},"properties":{"name":"Siviter's Lane","category":"tertiary","osm_type":"way","osm_id":"567580757"}},{"type":"Feature","geometry":{"type":"LineString","coordinates":[[-2.03569,52.4779],[-2.03828,52.47997],[-2.04187,52.48149]]},"properties":{"name":"Britannia Road","category":"tertiary","osm_type":"way","osm_id":"568797664"}},{"type":"Feature","geometry":{"type":"LineString","coordinates":[[-2.84619,52.10167],[-2.84867,52.09971],[-2.85066,52.09698]]},"properties":{"name":"Secondary and tertiary roads","category":"tertiary","osm_type":"way","osm_id":"571039103"}},{"type":"Feature","geometry":{"type":"LineString","coordinates":[[-2.85091,52.09682],[-2.85066,52.09698]]},"properties":{"name":"Secondary and tertiary roads","category":"tertiary","osm_type":"way","osm_id":"571112776"}},{"type":"Feature","geometry":{"type":"LineString","coordinates":[[-2.04971,52.32286],[-2.0483,52.32318]]},"properties":{"name":"Stoke Road","category":"tertiary","osm_type":"way","osm_id":"571393481"}},{"type":"Feature","geometry":{"type":"LineString","coordinates":[[-2.07616,52.30978],[-2.07578,52.31024],[-2.07637,52.31148]]},"properties":{"name":"Hanbury Road","category":"secondary","osm_type":"way","osm_id":"571698078","ref":"B4091"}},{"type":"Feature","geometry":{"type":"LineString","coordinates":[[-2.07041,52.29635],[-2.07285,52.30125]]},"properties":{"name":"Hanbury Road","category":"secondary","osm_type":"way","osm_id":"571699727","ref":"B4091"}},{"type":"Feature","geometry":{"type":"LineString","coordinates":[[-2.00365,52.25153],[-2.01481,52.25271]]},"properties":{"name":"Droitwich Road","category":"secondary","osm_type":"way","osm_id":"571710226","ref":"B4090"}},{"type":"Feature","geometry":{"type":"LineString","coordinates":[[-2.81398,52.07977],[-2.81126,52.08171]]},"properties":{"name":"Secondary and tertiary roads","category":"tertiary","osm_type":"way","osm_id":"572202542"}},{"type":"Feature","geometry":{"type":"LineString","coordinates":[[-2.78308,52.10399],[-2.78742,52.10583],[-2.78836,52.10719],[-2.79167,52.10884],[-2.79844,52.10957],[-2.80225,52.11122],[-2.80471,52.11131]]},"properties":{"name":"Secondary and tertiary roads","category":"tertiary","osm_type":"way","osm_id":"572202543"}},{"type":"Feature","geometry":{"type":"LineString","coordinates":[[-2.0262,52.40332],[-2.02594,52.40304]]},"properties":{"name":"Ormond Road","category":"tertiary","osm_type":"way","osm_id":"572276026"}},{"type":"Feature","geometry":{"type":"LineString","coordinates":[[-2.02594,52.40304],[-2.02439,52.40202],[-2.02117,52.40159]]},"properties":{"name":"Ormond Road","category":"tertiary","osm_type":"way","osm_id":"572276027"}},{"type":"Feature","geometry":{"type":"LineString","coordinates":[[-2.11407,52.48464],[-2.11368,52.48478]]},"properties":{"name":"Level Street","category":"tertiary","osm_type":"way","osm_id":"572345379"}},{"type":"Feature","geometry":{"type":"LineString","coordinates":[[-2.11323,52.48487],[-2.10995,52.48499]]},"properties":{"name":"Level Street","category":"tertiary","osm_type":"way","osm_id":"572345380"}},{"type":"Feature","geometry":{"type":"LineString","coordinates":[[-2.1136,52.48459],[-2.11407,52.48464]]},"properties":{"name":"Level Street","category":"tertiary","osm_type":"way","osm_id":"572345385"}},{"type":"Feature","geometry":{"type":"LineString","coordinates":[[-2.11407,52.48464],[-2.11425,52.48461]]},"properties":{"name":"Level Street","category":"tertiary","osm_type":"way","osm_id":"572345390"}},{"type":"Feature","geometry":{"type":"LineString","coordinates":[[-2.11351,52.48513],[-2.1133,52.48489]]},"properties":{"name":"Waterfront Way","category":"tertiary","osm_type":"way","osm_id":"572345396"}},{"type":"Feature","geometry":{"type":"LineString","coordinates":[[-2.11365,52.48483],[-2.11351,52.48513]]},"properties":{"name":"Waterfront Way","category":"tertiary","osm_type":"way","osm_id":"572345398"}},{"type":"Feature","geometry":{"type":"LineString","coordinates":[[-2.03828,52.47628],[-2.03792,52.47646]]},"properties":{"name":"Oldbury Road","category":"tertiary","osm_type":"way","osm_id":"572905383"}},{"type":"Feature","geometry":{"type":"LineString","coordinates":[[-2.03783,52.47643],[-2.03791,52.47638]]},"properties":{"name":"Oldbury Road","category":"tertiary","osm_type":"way","osm_id":"572905394"}},{"type":"Feature","geometry":{"type":"LineString","coordinates":[[-2.03792,52.47646],[-2.03794,52.47658]]},"properties":{"name":"Archer Way","category":"tertiary","osm_type":"way","osm_id":"572905397"}},{"type":"Feature","geometry":{"type":"LineString","coordinates":[[-2.13542,52.24852],[-2.13495,52.24785]]},"properties":{"name":"Tagwell Road","category":"tertiary","osm_type":"way","osm_id":"573305162"}},{"type":"Feature","geometry":{"type":"LineString","coordinates":[[-2.03921,52.47551],[-2.0403,52.47476]]},"properties":{"name":"Halesowen Street","category":"tertiary","osm_type":"way","osm_id":"574182458"}},{"type":"Feature","geometry":{"type":"LineString","coordinates":[[-2.03846,52.47542],[-2.03884,52.47548]]},"properties":{"name":"Market Place","category":"tertiary","osm_type":"way","osm_id":"574182464"}},{"type":"Feature","geometry":{"type":"LineString","coordinates":[[-2.03832,52.47538],[-2.03799,52.47505]]},"properties":{"name":"Long Lane","category":"tertiary","osm_type":"way","osm_id":"574182465"}},{"type":"Feature","geometry":{"type":"LineString","coordinates":[[-2.33027,52.1325],[-2.33054,52.13485]]},"properties":{"name":"Leigh Sinton Road","category":"secondary","osm_type":"way","osm_id":"580476682","ref":"B4503"}},{"type":"Feature","geometry":{"type":"LineString","coordinates":[[-2.33055,52.13493],[-2.33081,52.13559]]},"properties":{"name":"Leigh Sinton Road","category":"secondary","osm_type":"way","osm_id":"581380765","ref":"B4503"}},{"type":"Feature","geometry":{"type":"LineString","coordinates":[[-2.17701,52.19265],[-2.1771,52.19253]]},"properties":{"name":"Secondary and tertiary roads","category":"secondary","osm_type":"way","osm_id":"581678122"}},{"type":"Feature","geometry":{"type":"LineString","coordinates":[[-2.1771,52.19253],[-2.17713,52.19251]]},"properties":{"name":"Secondary and tertiary roads","category":"secondary","osm_type":"way","osm_id":"581925876"}},{"type":"Feature","geometry":{"type":"LineString","coordinates":[[-2.32727,52.11287],[-2.32725,52.11301]]},"properties":{"name":"Graham Road","category":"tertiary","osm_type":"way","osm_id":"582266405"}},{"type":"Feature","geometry":{"type":"LineString","coordinates":[[-2.33054,52.13485],[-2.33055,52.13493]]},"properties":{"name":"Leigh Sinton Road","category":"secondary","osm_type":"way","osm_id":"583583282","ref":"B4503"}},{"type":"Feature","geometry":{"type":"LineString","coordinates":[[-2.07993,52.38036],[-2.0794,52.37645]]},"properties":{"name":"Stourbridge Road","category":"secondary","osm_type":"way","osm_id":"585529330","ref":"B4091"}},{"type":"Feature","geometry":{"type":"LineString","coordinates":[[-2.11493,52.13545],[-2.10964,52.13366]]},"properties":{"name":"B4084","category":"secondary","osm_type":"way","osm_id":"586899847","ref":"B4084"}},{"type":"Feature","geometry":{"type":"LineString","coordinates":[[-2.79958,52.0061],[-2.80389,52.00823],[-2.81128,52.00784],[-2.81801,52.00851],[-2.82069,52.00836],[-2.83098,52.00978],[-2.8367,52.0136],[-2.84016,52.01528]]},"properties":{"name":"B4348","category":"secondary","osm_type":"way","osm_id":"589087116","ref":"B4348"}},{"type":"Feature","geometry":{"type":"LineString","coordinates":[[-2.20726,52.29421],[-2.2092,52.29466]]},"properties":{"name":"Doverdale Lane","category":"tertiary","osm_type":"way","osm_id":"597299158"}},{"type":"Feature","geometry":{"type":"LineString","coordinates":[[-2.20718,52.29419],[-2.20726,52.29421]]},"properties":{"name":"Doverdale Lane","category":"tertiary","osm_type":"way","osm_id":"597299161"}},{"type":"Feature","geometry":{"type":"LineString","coordinates":[[-2.52146,52.2959],[-2.52884,52.29815],[-2.53058,52.29806],[-2.53296,52.30122],[-2.53749,52.30425]]},"properties":{"name":"B4204","category":"secondary","osm_type":"way","osm_id":"601404824","ref":"B4204"}},{"type":"Feature","geometry":{"type":"LineString","coordinates":[[-2.51817,52.29561],[-2.51901,52.29585],[-2.52054,52.29554],[-2.52146,52.2959]]},"properties":{"name":"B4204","category":"secondary","osm_type":"way","osm_id":"601404825","ref":"B4204"}},{"type":"Feature","geometry":{"type":"LineString","coordinates":[[-2.85413,52.01974],[-2.85327,52.01982]]},"properties":{"name":"Secondary and tertiary roads","category":"secondary_link","osm_type":"way","osm_id":"608454941"}},{"type":"Feature","geometry":{"type":"LineString","coordinates":[[-2.3994,52.15297],[-2.39932,52.15284]]},"properties":{"name":"Secondary and tertiary roads","category":"tertiary","osm_type":"way","osm_id":"610288621"}},{"type":"Feature","geometry":{"type":"LineString","coordinates":[[-2.39954,52.15321],[-2.3994,52.15297]]},"properties":{"name":"Secondary and tertiary roads","category":"tertiary","osm_type":"way","osm_id":"610288622"}},{"type":"Feature","geometry":{"type":"LineString","coordinates":[[-2.03817,52.47623],[-2.03828,52.47628]]},"properties":{"name":"Secondary and tertiary roads","category":"tertiary","osm_type":"way","osm_id":"614336926"}},{"type":"Feature","geometry":{"type":"LineString","coordinates":[[-2.70527,52.22968],[-2.70505,52.22958]]},"properties":{"name":"Secondary and tertiary roads","category":"tertiary","osm_type":"way","osm_id":"615379207"}},{"type":"Feature","geometry":{"type":"LineString","coordinates":[[-2.71291,52.10913],[-2.71251,52.10926]]},"properties":{"name":"Secondary and tertiary roads","category":"tertiary","osm_type":"way","osm_id":"619762634"}},{"type":"Feature","geometry":{"type":"LineString","coordinates":[[-2.71251,52.10926],[-2.71061,52.11106],[-2.70711,52.11748]]},"properties":{"name":"Secondary and tertiary roads","category":"tertiary","osm_type":"way","osm_id":"619762635"}},{"type":"Feature","geometry":{"type":"LineString","coordinates":[[-2.28892,52.33274],[-2.28887,52.33297]]},"properties":{"name":"Secondary and tertiary roads","category":"secondary","osm_type":"way","osm_id":"621192336"}},{"type":"Feature","geometry":{"type":"LineString","coordinates":[[-2.28878,52.33298],[-2.28885,52.33276]]},"properties":{"name":"B4196","category":"secondary","osm_type":"way","osm_id":"621192337","ref":"B4196"}},{"type":"Feature","geometry":{"type":"LineString","coordinates":[[-2.04941,52.26521],[-2.04213,52.26292],[-2.02667,52.25684],[-2.01965,52.255],[-2.01481,52.25271]]},"properties":{"name":"Saltway","category":"secondary","osm_type":"way","osm_id":"621208171","ref":"B4090"}},{"type":"Feature","geometry":{"type":"LineString","coordinates":[[-2.06238,52.33335],[-2.06435,52.33221]]},"properties":{"name":"Worcester Road","category":"tertiary","osm_type":"way","osm_id":"622728027"}},{"type":"Feature","geometry":{"type":"LineString","coordinates":[[-2.00141,52.38143],[-2.00127,52.38133]]},"properties":{"name":"B4096","category":"secondary","osm_type":"way","osm_id":"623808647","ref":"B4096"}},{"type":"Feature","geometry":{"type":"LineString","coordinates":[[-2.00147,52.38114],[-2.00176,52.38122]]},"properties":{"name":"B4096","category":"secondary","osm_type":"way","osm_id":"623808648","ref":"B4096"}},{"type":"Feature","geometry":{"type":"LineString","coordinates":[[-2.00111,52.38148],[-2.00127,52.38133]]},"properties":{"name":"Groveley Lane","category":"secondary","osm_type":"way","osm_id":"623808649","ref":"B4096"}},{"type":"Feature","geometry":{"type":"LineString","coordinates":[[-2.00176,52.38122],[-2.00162,52.38144]]},"properties":{"name":"B4096","category":"secondary","osm_type":"way","osm_id":"623808651","ref":"B4096"}},{"type":"Feature","geometry":{"type":"LineString","coordinates":[[-2.01012,52.37495],[-2.01018,52.37491]]},"properties":{"name":"Rose Hill","category":"secondary","osm_type":"way","osm_id":"623808653","ref":"B4096"}},{"type":"Feature","geometry":{"type":"LineString","coordinates":[[-2.00972,52.37446],[-2.01144,52.37058]]},"properties":{"name":"Twatling Road","category":"tertiary","osm_type":"way","osm_id":"623808654"}},{"type":"Feature","geometry":{"type":"LineString","coordinates":[[-2.01018,52.37491],[-2.01342,52.37299],[-2.0176,52.37167]]},"properties":{"name":"Old Birmingham Road","category":"secondary","osm_type":"way","osm_id":"623980811","ref":"B4096"}},{"type":"Feature","geometry":{"type":"LineString","coordinates":[[-2.0114,52.37043],[-2.01148,52.37028]]},"properties":{"name":"Mearse Lane","category":"tertiary","osm_type":"way","osm_id":"623980812"}},{"type":"Feature","geometry":{"type":"LineString","coordinates":[[-2.01144,52.37058],[-2.0114,52.37043]]},"properties":{"name":"Twatling Road","category":"tertiary","osm_type":"way","osm_id":"623980813"}},{"type":"Feature","geometry":{"type":"LineString","coordinates":[[-2.04876,52.34799],[-2.05039,52.34644],[-2.05095,52.3451]]},"properties":{"name":"Birmingham Road","category":"tertiary","osm_type":"way","osm_id":"624357151"}},{"type":"Feature","geometry":{"type":"LineString","coordinates":[[-2.07797,52.31407],[-2.07812,52.31436]]},"properties":{"name":"Hanbury Road","category":"secondary","osm_type":"way","osm_id":"625767572","ref":"B4091"}},{"type":"Feature","geometry":{"type":"LineString","coordinates":[[-2.06347,52.33381],[-2.06303,52.33376]]},"properties":{"name":"Market Place","category":"secondary","osm_type":"way","osm_id":"625768418","ref":"B4184"}},{"type":"Feature","geometry":{"type":"LineString","coordinates":[[-2.00273,52.40292],[-2.00272,52.40257]]},"properties":{"name":"Secondary and tertiary roads","category":"tertiary","osm_type":"way","osm_id":"625938462"}},{"type":"Feature","geometry":{"type":"LineString","coordinates":[[-2.00317,52.40289],[-2.00307,52.40293]]},"properties":{"name":"Secondary and tertiary roads","category":"tertiary","osm_type":"way","osm_id":"625938464"}},{"type":"Feature","geometry":{"type":"LineString","coordinates":[[-2.00307,52.40293],[-2.00273,52.40292]]},"properties":{"name":"Secondary and tertiary roads","category":"tertiary","osm_type":"way","osm_id":"625938466"}},{"type":"Feature","geometry":{"type":"LineString","coordinates":[[-2.00325,52.40269],[-2.00317,52.40289]]},"properties":{"name":"Secondary and tertiary roads","category":"tertiary","osm_type":"way","osm_id":"625938468"}},{"type":"Feature","geometry":{"type":"LineString","coordinates":[[-2.00963,52.39186],[-2.00822,52.38964]]},"properties":{"name":"Leach Green Lane","category":"tertiary","osm_type":"way","osm_id":"625981324"}},{"type":"Feature","geometry":{"type":"LineString","coordinates":[[-2.00074,52.38621],[-2.00164,52.38505]]},"properties":{"name":"Lickey Road","category":"secondary","osm_type":"way","osm_id":"625981325","ref":"B4120"}},{"type":"Feature","geometry":{"type":"LineString","coordinates":[[-2.04382,52.48287],[-2.04388,52.48291]]},"properties":{"name":"Rowley Village","category":"secondary","osm_type":"way","osm_id":"627857119","ref":"B4171"}},{"type":"Feature","geometry":{"type":"LineString","coordinates":[[-2.04375,52.48297],[-2.04371,52.48293]]},"properties":{"name":"Rowley Village","category":"secondary","osm_type":"way","osm_id":"627857123","ref":"B4171"}},{"type":"Feature","geometry":{"type":"LineString","coordinates":[[-2.04371,52.48293],[-2.04378,52.48287]]},"properties":{"name":"Rowley Village","category":"secondary","osm_type":"way","osm_id":"627857131","ref":"B4171"}},{"type":"Feature","geometry":{"type":"LineString","coordinates":[[-2.11023,52.4776],[-2.11002,52.47756]]},"properties":{"name":"Secondary and tertiary roads","category":"tertiary","osm_type":"way","osm_id":"629089692"}},{"type":"Feature","geometry":{"type":"LineString","coordinates":[[-2.11002,52.47756],[-2.11006,52.47735]]},"properties":{"name":"Secondary and tertiary roads","category":"tertiary","osm_type":"way","osm_id":"629089694"}},{"type":"Feature","geometry":{"type":"LineString","coordinates":[[-2.11006,52.47735],[-2.11033,52.47735]]},"properties":{"name":"Secondary and tertiary roads","category":"tertiary","osm_type":"way","osm_id":"629089698"}},{"type":"Feature","geometry":{"type":"LineString","coordinates":[[-2.03335,52.48938],[-2.03327,52.48934]]},"properties":{"name":"Throne Road","category":"tertiary","osm_type":"way","osm_id":"629256624"}},{"type":"Feature","geometry":{"type":"LineString","coordinates":[[-2.04509,52.48426],[-2.04454,52.48481]]},"properties":{"name":"Church Road","category":"tertiary","osm_type":"way","osm_id":"629256625"}},{"type":"Feature","geometry":{"type":"LineString","coordinates":[[-2.03222,52.48884],[-2.03115,52.48994],[-2.03325,52.49249]]},"properties":{"name":"Shelsley Avenue","category":"tertiary","osm_type":"way","osm_id":"629256626"}},{"type":"Feature","geometry":{"type":"LineString","coordinates":[[-2.02879,52.49896],[-2.02855,52.49943]]},"properties":{"name":"Newbury Lane","category":"tertiary","osm_type":"way","osm_id":"629256628"}},{"type":"Feature","geometry":{"type":"LineString","coordinates":[[-2.0628,52.48205],[-2.06455,52.48403]]},"properties":{"name":"Powke Lane","category":"tertiary","osm_type":"way","osm_id":"629256629"}},{"type":"Feature","geometry":{"type":"LineString","coordinates":[[-2.03327,52.48934],[-2.03331,52.4893]]},"properties":{"name":"Throne Road","category":"tertiary","osm_type":"way","osm_id":"629256630"}},{"type":"Feature","geometry":{"type":"LineString","coordinates":[[-2.08719,52.4749],[-2.08715,52.47476]]},"properties":{"name":"Dudley Wood Road","category":"tertiary","osm_type":"way","osm_id":"629256631"}},{"type":"Feature","geometry":{"type":"LineString","coordinates":[[-2.09431,52.47899],[-2.09354,52.47941],[-2.08929,52.47997]]},"properties":{"name":"Saltwells Road","category":"tertiary","osm_type":"way","osm_id":"629256633"}},{"type":"Feature","geometry":{"type":"LineString","coordinates":[[-2.03341,52.48935],[-2.03335,52.48938]]},"properties":{"name":"Throne Road","category":"tertiary","osm_type":"way","osm_id":"629256635"}},{"type":"Feature","geometry":{"type":"LineString","coordinates":[[-2.03331,52.4893],[-2.03339,52.48931]]},"properties":{"name":"Throne Road","category":"tertiary","osm_type":"way","osm_id":"629256637"}},{"type":"Feature","geometry":{"type":"LineString","coordinates":[[-2.02333,52.45815],[-2.02342,52.45812]]},"properties":{"name":"Kent Road","category":"secondary","osm_type":"way","osm_id":"629291755"}},{"type":"Feature","geometry":{"type":"LineString","coordinates":[[-2.02342,52.45812],[-2.02352,52.45826]]},"properties":{"name":"Kent Road","category":"secondary","osm_type":"way","osm_id":"629291757"}},{"type":"Feature","geometry":{"type":"LineString","coordinates":[[-2.02344,52.45829],[-2.02333,52.45815]]},"properties":{"name":"Kent Road","category":"secondary","osm_type":"way","osm_id":"629291758"}},{"type":"Feature","geometry":{"type":"LineString","coordinates":[[-2.07712,52.46759],[-2.07585,52.46574]]},"properties":{"name":"Corngreaves Road","category":"tertiary","osm_type":"way","osm_id":"629302987"}},{"type":"Feature","geometry":{"type":"LineString","coordinates":[[-2.04388,52.48291],[-2.04388,52.48293]]},"properties":{"name":"Rowley Village","category":"secondary","osm_type":"way","osm_id":"629302993","ref":"B4171"}},{"type":"Feature","geometry":{"type":"LineString","coordinates":[[-2.06168,52.49461],[-2.0608,52.49429],[-2.06063,52.49371]]},"properties":{"name":"Dudley Road","category":"secondary","osm_type":"way","osm_id":"629302994","ref":"B4171"}},{"type":"Feature","geometry":{"type":"LineString","coordinates":[[-2.2443,52.08059],[-2.24081,52.08084]]},"properties":{"name":"B4209","category":"secondary","osm_type":"way","osm_id":"629399383","ref":"B4209"}},{"type":"Feature","geometry":{"type":"LineString","coordinates":[[-2.24443,52.08055],[-2.2443,52.08059]]},"properties":{"name":"B4209","category":"secondary","osm_type":"way","osm_id":"629399386","ref":"B4209"}},{"type":"Feature","geometry":{"type":"LineString","coordinates":[[-2.16903,52.44264],[-2.16831,52.44215]]},"properties":{"name":"Shenstone Avenue","category":"tertiary","osm_type":"way","osm_id":"630032404"}},{"type":"Feature","geometry":{"type":"LineString","coordinates":[[-2.16794,52.44245],[-2.16774,52.44264]]},"properties":{"name":"The Broadway","category":"tertiary","osm_type":"way","osm_id":"630032406"}},{"type":"Feature","geometry":{"type":"LineString","coordinates":[[-2.1133,52.48489],[-2.11323,52.48487]]},"properties":{"name":"Secondary and tertiary roads","category":"tertiary","osm_type":"way","osm_id":"630736799"}},{"type":"Feature","geometry":{"type":"LineString","coordinates":[[-2.1136,52.48459],[-2.11365,52.48483]]},"properties":{"name":"Secondary and tertiary roads","category":"tertiary","osm_type":"way","osm_id":"630736812"}},{"type":"Feature","geometry":{"type":"LineString","coordinates":[[-2.11356,52.48457],[-2.1136,52.48459]]},"properties":{"name":"Secondary and tertiary roads","category":"tertiary","osm_type":"way","osm_id":"630736815"}},{"type":"Feature","geometry":{"type":"LineString","coordinates":[[-2.11365,52.48483],[-2.1133,52.48489]]},"properties":{"name":"Secondary and tertiary roads","category":"tertiary","osm_type":"way","osm_id":"630736825"}},{"type":"Feature","geometry":{"type":"LineString","coordinates":[[-2.11321,52.48459],[-2.11356,52.48457]]},"properties":{"name":"Secondary and tertiary roads","category":"tertiary","osm_type":"way","osm_id":"630736830"}},{"type":"Feature","geometry":{"type":"LineString","coordinates":[[-2.11317,52.47919],[-2.11278,52.47924]]},"properties":{"name":"Secondary and tertiary roads","category":"tertiary","osm_type":"way","osm_id":"630736838"}},{"type":"Feature","geometry":{"type":"LineString","coordinates":[[-2.15149,52.47933],[-2.15897,52.47805]]},"properties":{"name":"Brierley Hill Road","category":"secondary","osm_type":"way","osm_id":"630764063","ref":"B4180"}},{"type":"Feature","geometry":{"type":"LineString","coordinates":[[-2.17417,52.49593],[-2.17441,52.49622]]},"properties":{"name":"Cot Lane","category":"tertiary","osm_type":"way","osm_id":"630764067"}},{"type":"Feature","geometry":{"type":"LineString","coordinates":[[-2.14852,52.47827],[-2.1449,52.47747]]},"properties":{"name":"Swan Lane","category":"tertiary","osm_type":"way","osm_id":"630764068"}},{"type":"Feature","geometry":{"type":"LineString","coordinates":[[-2.0627,52.35264],[-2.06246,52.35277]]},"properties":{"name":"B4091","category":"secondary","osm_type":"way","osm_id":"631275808","ref":"B4091"}},{"type":"Feature","geometry":{"type":"LineString","coordinates":[[-2.05416,52.40543],[-2.05346,52.40237],[-2.05371,52.4004]]},"properties":{"name":"Bromsgrove Road","category":"secondary","osm_type":"way","osm_id":"631275814","ref":"B4551"}},{"type":"Feature","geometry":{"type":"LineString","coordinates":[[-2.03462,52.32859],[-2.03996,52.32672],[-2.04213,52.32507]]},"properties":{"name":"Finstall Road","category":"secondary","osm_type":"way","osm_id":"631275815","ref":"B4184"}},{"type":"Feature","geometry":{"type":"LineString","coordinates":[[-2.06268,52.35254],[-2.0627,52.35264]]},"properties":{"name":"B4091","category":"secondary","osm_type":"way","osm_id":"631275818","ref":"B4091"}},{"type":"Feature","geometry":{"type":"LineString","coordinates":[[-2.06553,52.34765],[-2.06248,52.34898]]},"properties":{"name":"Perryfields Road","category":"tertiary","osm_type":"way","osm_id":"631275821"}},{"type":"Feature","geometry":{"type":"LineString","coordinates":[[-2.06246,52.35277],[-2.06246,52.35244]]},"properties":{"name":"B4091","category":"secondary","osm_type":"way","osm_id":"631275822","ref":"B4091"}},{"type":"Feature","geometry":{"type":"LineString","coordinates":[[-2.06261,52.34556],[-2.06461,52.34464],[-2.0669,52.34081]]},"properties":{"name":"Broad Street","category":"tertiary","osm_type":"way","osm_id":"631275826"}},{"type":"Feature","geometry":{"type":"LineString","coordinates":[[-2.15388,52.48925],[-2.15193,52.48945]]},"properties":{"name":"Bromley Lane","category":"tertiary","osm_type":"way","osm_id":"631306144"}},{"type":"Feature","geometry":{"type":"LineString","coordinates":[[-2.15601,52.49379],[-2.15598,52.49366]]},"properties":{"name":"Standhills Road","category":"tertiary","osm_type":"way","osm_id":"631306149"}},{"type":"Feature","geometry":{"type":"LineString","coordinates":[[-2.16589,52.46381],[-2.17002,52.46306]]},"properties":{"name":"Vicarage Road","category":"secondary","osm_type":"way","osm_id":"631591220","ref":"B4537"}},{"type":"Feature","geometry":{"type":"LineString","coordinates":[[-2.08184,52.45531],[-2.08216,52.45603]]},"properties":{"name":"Beecher Road","category":"tertiary","osm_type":"way","osm_id":"631604869"}},{"type":"Feature","geometry":{"type":"LineString","coordinates":[[-2.08763,52.45989],[-2.085,52.46314],[-2.08552,52.46408]]},"properties":{"name":"Colley Lane","category":"secondary","osm_type":"way","osm_id":"631948099","ref":"B4173"}},{"type":"Feature","geometry":{"type":"LineString","coordinates":[[-2.01403,52.46128],[-2.01377,52.46135]]},"properties":{"name":"Spies Lane","category":"secondary","osm_type":"way","osm_id":"632264788","ref":"B4043"}},{"type":"Feature","geometry":{"type":"LineString","coordinates":[[-2.02459,52.49978],[-2.02444,52.49987]]},"properties":{"name":"Portway Road","category":"tertiary","osm_type":"way","osm_id":"634010944"}},{"type":"Feature","geometry":{"type":"LineString","coordinates":[[-2.02444,52.49987],[-2.02435,52.49985]]},"properties":{"name":"Portway Road","category":"tertiary","osm_type":"way","osm_id":"634010945"}},{"type":"Feature","geometry":{"type":"LineString","coordinates":[[-2.00312,52.45898],[-2.00363,52.45903]]},"properties":{"name":"Ridgacre Road","category":"tertiary","osm_type":"way","osm_id":"635753990"}},{"type":"Feature","geometry":{"type":"LineString","coordinates":[[-2.00864,52.48856],[-2.00973,52.48796]]},"properties":{"name":"New Henry Street","category":"secondary","osm_type":"way","osm_id":"636032945","ref":"B4169"}},{"type":"Feature","geometry":{"type":"LineString","coordinates":[[-2.00755,52.48043],[-2.00431,52.47963]]},"properties":{"name":"Pound Road","category":"tertiary","osm_type":"way","osm_id":"636032947"}},{"type":"Feature","geometry":{"type":"LineString","coordinates":[[-2.08494,52.50145],[-2.08675,52.49945],[-2.08746,52.49726]]},"properties":{"name":"New Road","category":"tertiary","osm_type":"way","osm_id":"637984795"}},{"type":"Feature","geometry":{"type":"LineString","coordinates":[[-2.11314,52.48465],[-2.11321,52.48459]]},"properties":{"name":"Secondary and tertiary roads","category":"tertiary","osm_type":"way","osm_id":"637984812"}},{"type":"Feature","geometry":{"type":"LineString","coordinates":[[-2.10653,52.48498],[-2.10696,52.48496]]},"properties":{"name":"Hurst Lane","category":"tertiary","osm_type":"way","osm_id":"637984815"}},{"type":"Feature","geometry":{"type":"LineString","coordinates":[[-2.08713,52.49259],[-2.08696,52.49147]]},"properties":{"name":"Simms Lane","category":"tertiary","osm_type":"way","osm_id":"637984835"}},{"type":"Feature","geometry":{"type":"LineString","coordinates":[[-2.11323,52.48487],[-2.11314,52.48465]]},"properties":{"name":"Secondary and tertiary roads","category":"tertiary","osm_type":"way","osm_id":"637984848"}},{"type":"Feature","geometry":{"type":"LineString","coordinates":[[-2.08677,52.48969],[-2.09122,52.49043]]},"properties":{"name":"Church Road","category":"tertiary","osm_type":"way","osm_id":"637984852"}},{"type":"Feature","geometry":{"type":"LineString","coordinates":[[-2.74651,52.24203],[-2.74652,52.24206]]},"properties":{"name":"North Road","category":"secondary","osm_type":"way","osm_id":"638132704","ref":"B4361"}},{"type":"Feature","geometry":{"type":"LineString","coordinates":[[-2.74645,52.24189],[-2.74651,52.24203]]},"properties":{"name":"North Road","category":"secondary","osm_type":"way","osm_id":"638132705","ref":"B4361"}},{"type":"Feature","geometry":{"type":"LineString","coordinates":[[-2.74652,52.24206],[-2.74675,52.24269]]},"properties":{"name":"North Road","category":"secondary","osm_type":"way","osm_id":"638132711","ref":"B4361"}},{"type":"Feature","geometry":{"type":"LineString","coordinates":[[-2.74675,52.24269],[-2.74676,52.24274]]},"properties":{"name":"North Road","category":"secondary","osm_type":"way","osm_id":"638132712","ref":"B4361"}},{"type":"Feature","geometry":{"type":"LineString","coordinates":[[-2.7457,52.23856],[-2.74582,52.23901]]},"properties":{"name":"North Road","category":"secondary","osm_type":"way","osm_id":"638132713","ref":"B4361"}},{"type":"Feature","geometry":{"type":"LineString","coordinates":[[-2.75379,52.26322],[-2.75405,52.2641]]},"properties":{"name":"Old Ludlow Road","category":"secondary","osm_type":"way","osm_id":"638139630","ref":"B4361"}},{"type":"Feature","geometry":{"type":"LineString","coordinates":[[-2.75405,52.2641],[-2.75514,52.26693]]},"properties":{"name":"Old Ludlow Road","category":"secondary","osm_type":"way","osm_id":"638139632","ref":"B4361"}},{"type":"Feature","geometry":{"type":"LineString","coordinates":[[-2.08084,52.48128],[-2.08236,52.48422]]},"properties":{"name":"Cradley Road","category":"secondary","osm_type":"way","osm_id":"638346308","ref":"B4173"}},{"type":"Feature","geometry":{"type":"LineString","coordinates":[[-2.08084,52.48128],[-2.07422,52.48442]]},"properties":{"name":"Saltwells Road","category":"tertiary","osm_type":"way","osm_id":"638346309"}},{"type":"Feature","geometry":{"type":"LineString","coordinates":[[-2.08178,52.48545],[-2.0826,52.4899]]},"properties":{"name":"Cradley Road","category":"secondary","osm_type":"way","osm_id":"638346311","ref":"B4173"}},{"type":"Feature","geometry":{"type":"LineString","coordinates":[[-2.08532,52.47225],[-2.08512,52.47178]]},"properties":{"name":"St Anne's Road","category":"tertiary","osm_type":"way","osm_id":"638346314"}},{"type":"Feature","geometry":{"type":"LineString","coordinates":[[-2.07985,52.47387],[-2.08007,52.47632]]},"properties":{"name":"Newtown Lane","category":"secondary","osm_type":"way","osm_id":"638346318","ref":"B4173"}},{"type":"Feature","geometry":{"type":"LineString","coordinates":[[-2.07552,52.48159],[-2.07671,52.4832]]},"properties":{"name":"Bowling Green Road","category":"tertiary","osm_type":"way","osm_id":"638349360"}},{"type":"Feature","geometry":{"type":"LineString","coordinates":[[-2.08008,52.47917],[-2.08084,52.48128]]},"properties":{"name":"Cradley Road","category":"secondary","osm_type":"way","osm_id":"638349361","ref":"B4173"}},{"type":"Feature","geometry":{"type":"LineString","coordinates":[[-2.05608,52.48888],[-2.06193,52.48775]]},"properties":{"name":"Doulton Road","category":"tertiary","osm_type":"way","osm_id":"638349362"}},{"type":"Feature","geometry":{"type":"LineString","coordinates":[[-2.07401,52.45748],[-2.07437,52.45747]]},"properties":{"name":"Colman Hill","category":"tertiary","osm_type":"way","osm_id":"638570523"}},{"type":"Feature","geometry":{"type":"LineString","coordinates":[[-2.07797,52.46308],[-2.0767,52.46397]]},"properties":{"name":"Overend Road","category":"tertiary","osm_type":"way","osm_id":"638570524"}},{"type":"Feature","geometry":{"type":"LineString","coordinates":[[-2.07404,52.45766],[-2.07401,52.45748]]},"properties":{"name":"Banners Lane","category":"tertiary","osm_type":"way","osm_id":"638570525"}},{"type":"Feature","geometry":{"type":"LineString","coordinates":[[-2.15573,52.15712],[-2.15621,52.15736]]},"properties":{"name":"B4084","category":"secondary","osm_type":"way","osm_id":"638570872","ref":"B4084"}},{"type":"Feature","geometry":{"type":"LineString","coordinates":[[-2.1559,52.15755],[-2.15573,52.15712]]},"properties":{"name":"B4084","category":"secondary","osm_type":"way","osm_id":"638570873","ref":"B4084"}},{"type":"Feature","geometry":{"type":"LineString","coordinates":[[-2.15669,52.15781],[-2.1568,52.15801]]},"properties":{"name":"B4084","category":"secondary","osm_type":"way","osm_id":"638570874","ref":"B4084"}},{"type":"Feature","geometry":{"type":"LineString","coordinates":[[-2.1568,52.15801],[-2.15635,52.15782]]},"properties":{"name":"B4084","category":"secondary","osm_type":"way","osm_id":"638570875","ref":"B4084"}},{"type":"Feature","geometry":{"type":"LineString","coordinates":[[-2.15644,52.15738],[-2.15665,52.15756]]},"properties":{"name":"Secondary and tertiary roads","category":"secondary","osm_type":"way","osm_id":"638570876"}},{"type":"Feature","geometry":{"type":"LineString","coordinates":[[-2.08793,52.45967],[-2.08982,52.45836]]},"properties":{"name":"Chapelhouse Lane","category":"tertiary","osm_type":"way","osm_id":"638868373"}},{"type":"Feature","geometry":{"type":"LineString","coordinates":[[-2.08706,52.45621],[-2.0871,52.4561]]},"properties":{"name":"Toys Lane","category":"tertiary","osm_type":"way","osm_id":"638868374"}},{"type":"Feature","geometry":{"type":"LineString","coordinates":[[-2.08761,52.45631],[-2.08706,52.45621]]},"properties":{"name":"Tanhouse Lane","category":"tertiary","osm_type":"way","osm_id":"638868376"}},{"type":"Feature","geometry":{"type":"LineString","coordinates":[[-2.12511,52.00265],[-2.12293,52.00327]]},"properties":{"name":"Northway Lane","category":"tertiary","osm_type":"way","osm_id":"642093134"}},{"type":"Feature","geometry":{"type":"LineString","coordinates":[[-2.12043,52.00405],[-2.11953,52.00432]]},"properties":{"name":"Northway Lane","category":"tertiary","osm_type":"way","osm_id":"642093137"}},{"type":"Feature","geometry":{"type":"LineString","coordinates":[[-2.14022,52.27283],[-2.14321,52.27043]]},"properties":{"name":"Bromsgrove Road","category":"secondary","osm_type":"way","osm_id":"642611415","ref":"B4065"}},{"type":"Feature","geometry":{"type":"LineString","coordinates":[[-2.41147,52.43464],[-2.41143,52.43508]]},"properties":{"name":"B4363","category":"secondary","osm_type":"way","osm_id":"642718341","ref":"B4363"}},{"type":"Feature","geometry":{"type":"LineString","coordinates":[[-2.2539,52.18364],[-2.2551,52.18332],[-2.25695,52.18195]]},"properties":{"name":"Bransford Road","category":"secondary","osm_type":"way","osm_id":"645780724","ref":"B4485"}},{"type":"Feature","geometry":{"type":"LineString","coordinates":[[-2.01264,52.39241],[-2.01386,52.39219]]},"properties":{"name":"Leach Heath Lane","category":"tertiary","osm_type":"way","osm_id":"647868290"}},{"type":"Feature","geometry":{"type":"LineString","coordinates":[[-2.0007,52.38921],[-2.00299,52.39056],[-2.00393,52.3925]]},"properties":{"name":"Edgewood Road","category":"tertiary","osm_type":"way","osm_id":"647868291"}},{"type":"Feature","geometry":{"type":"LineString","coordinates":[[-2.01549,52.3943],[-2.01698,52.3939]]},"properties":{"name":"New Road","category":"tertiary","osm_type":"way","osm_id":"647868294"}},{"type":"Feature","geometry":{"type":"LineString","coordinates":[[-2.00598,52.38766],[-2.00424,52.38615],[-2.0018,52.38526]]},"properties":{"name":"Leach Green Lane","category":"tertiary","osm_type":"way","osm_id":"647868298"}},{"type":"Feature","geometry":{"type":"LineString","coordinates":[[-2.01452,52.39205],[-2.01821,52.39109],[-2.02026,52.39148]]},"properties":{"name":"Leach Heath Lane","category":"tertiary","osm_type":"way","osm_id":"647868299"}},{"type":"Feature","geometry":{"type":"LineString","coordinates":[[-2.01269,52.39498],[-2.01308,52.39519]]},"properties":{"name":"Secondary and tertiary roads","category":"tertiary_link","osm_type":"way","osm_id":"648025781"}},{"type":"Feature","geometry":{"type":"LineString","coordinates":[[-2.23538,52.337],[-2.23438,52.33794]]},"properties":{"name":"Rectory Lane","category":"secondary","osm_type":"way","osm_id":"651208428","ref":"B4193"}},{"type":"Feature","geometry":{"type":"LineString","coordinates":[[-2.24695,52.33891],[-2.24645,52.33877]]},"properties":{"name":"Hartlebury Road","category":"secondary","osm_type":"way","osm_id":"651208429","ref":"B4193"}},{"type":"Feature","geometry":{"type":"LineString","coordinates":[[-2.88275,52.42399],[-2.88158,52.42346]]},"properties":{"name":"Aston Road","category":"secondary","osm_type":"way","osm_id":"651679379","ref":"B4369"}},{"type":"Feature","geometry":{"type":"LineString","coordinates":[[-2.88288,52.42404],[-2.88275,52.42399]]},"properties":{"name":"Aston Road","category":"secondary","osm_type":"way","osm_id":"651679380","ref":"B4369"}},{"type":"Feature","geometry":{"type":"LineString","coordinates":[[-2.3886,52.31717],[-2.39429,52.32139],[-2.3979,52.32475],[-2.40241,52.32653]]},"properties":{"name":"Clows Top Road","category":"secondary","osm_type":"way","osm_id":"653783081","ref":"B4202"}},{"type":"Feature","geometry":{"type":"LineString","coordinates":[[-2.40241,52.32653],[-2.40878,52.32943],[-2.41154,52.33027],[-2.41621,52.33308],[-2.41705,52.33505],[-2.41691,52.33997],[-2.41977,52.34333]]},"properties":{"name":"Clows Top Road","category":"secondary","osm_type":"way","osm_id":"653783082","ref":"B4202"}},{"type":"Feature","geometry":{"type":"LineString","coordinates":[[-2.36517,52.16688],[-2.36549,52.16703]]},"properties":{"name":"Secondary and tertiary roads","category":"tertiary","osm_type":"way","osm_id":"653998166"}},{"type":"Feature","geometry":{"type":"LineString","coordinates":[[-2.36502,52.1668],[-2.36517,52.16688]]},"properties":{"name":"Secondary and tertiary roads","category":"tertiary","osm_type":"way","osm_id":"653998167"}},{"type":"Feature","geometry":{"type":"LineString","coordinates":[[-2.34134,52.16979],[-2.33736,52.1698],[-2.3345,52.16871]]},"properties":{"name":"Secondary and tertiary roads","category":"tertiary","osm_type":"way","osm_id":"655085730"}},{"type":"Feature","geometry":{"type":"LineString","coordinates":[[-2.34158,52.16974],[-2.34134,52.16979]]},"properties":{"name":"Secondary and tertiary roads","category":"tertiary","osm_type":"way","osm_id":"655085732"}},{"type":"Feature","geometry":{"type":"LineString","coordinates":[[-2.62818,52.03372],[-2.62871,52.03399]]},"properties":{"name":"B4224","category":"secondary","osm_type":"way","osm_id":"658197154","ref":"B4224"}},{"type":"Feature","geometry":{"type":"LineString","coordinates":[[-2.32579,52.22592],[-2.32594,52.22592]]},"properties":{"name":"Martley","category":"secondary","osm_type":"way","osm_id":"658848476","ref":"B4204"}},{"type":"Feature","geometry":{"type":"LineString","coordinates":[[-2.27973,52.21316],[-2.2828,52.21592],[-2.28433,52.21675],[-2.291,52.21824],[-2.29548,52.21851],[-2.29971,52.22039],[-2.30291,52.22083],[-2.3055,52.22259],[-2.30782,52.22353],[-2.31214,52.22377],[-2.31978,52.22524],[-2.32579,52.22592]]},"properties":{"name":"Martley","category":"secondary","osm_type":"way","osm_id":"658848477","ref":"B4204"}},{"type":"Feature","geometry":{"type":"LineString","coordinates":[[-2.12795,52.13062],[-2.12785,52.13064]]},"properties":{"name":"Mill Lane","category":"tertiary","osm_type":"way","osm_id":"658931583"}},{"type":"Feature","geometry":{"type":"LineString","coordinates":[[-2.13732,52.12722],[-2.13059,52.12996],[-2.12795,52.13062]]},"properties":{"name":"Mill Lane","category":"tertiary","osm_type":"way","osm_id":"658931586"}},{"type":"Feature","geometry":{"type":"LineString","coordinates":[[-2.30915,52.11416],[-2.31048,52.11493]]},"properties":{"name":"Pickersleigh Road","category":"secondary","osm_type":"way","osm_id":"660828580","ref":"B4208"}},{"type":"Feature","geometry":{"type":"LineString","coordinates":[[-2.29039,52.1308],[-2.29086,52.13142]]},"properties":{"name":"Secondary and tertiary roads","category":"tertiary","osm_type":"way","osm_id":"660828583"}},{"type":"Feature","geometry":{"type":"LineString","coordinates":[[-2.28984,52.12999],[-2.29039,52.1308]]},"properties":{"name":"Secondary and tertiary roads","category":"tertiary","osm_type":"way","osm_id":"660828584"}},{"type":"Feature","geometry":{"type":"LineString","coordinates":[[-2.742,52.32202],[-2.74215,52.32154]]},"properties":{"name":"B4361","category":"secondary","osm_type":"way","osm_id":"666590047","ref":"B4361"}},{"type":"Feature","geometry":{"type":"LineString","coordinates":[[-2.7418,52.32263],[-2.742,52.32202]]},"properties":{"name":"B4361","category":"secondary","osm_type":"way","osm_id":"666590060","ref":"B4361"}},{"type":"Feature","geometry":{"type":"LineString","coordinates":[[-2.00059,52.40417],[-2.00275,52.40317]]},"properties":{"name":"Tessall Lane","category":"tertiary","osm_type":"way","osm_id":"667083218"}},{"type":"Feature","geometry":{"type":"LineString","coordinates":[[-2.00272,52.40257],[-2.00325,52.40269]]},"properties":{"name":"Secondary and tertiary roads","category":"tertiary","osm_type":"way","osm_id":"667083220"}},{"type":"Feature","geometry":{"type":"LineString","coordinates":[[-2.00696,52.40211],[-2.00755,52.40183]]},"properties":{"name":"Rubery Lane","category":"tertiary","osm_type":"way","osm_id":"667083223"}},{"type":"Feature","geometry":{"type":"LineString","coordinates":[[-2.00655,52.40223],[-2.00696,52.40211]]},"properties":{"name":"Rubery Lane","category":"tertiary","osm_type":"way","osm_id":"667093734"}},{"type":"Feature","geometry":{"type":"LineString","coordinates":[[-2.00963,52.39186],[-2.0108,52.39247]]},"properties":{"name":"Leach Green Lane","category":"tertiary","osm_type":"way","osm_id":"667130959"}},{"type":"Feature","geometry":{"type":"LineString","coordinates":[[-2.00162,52.38144],[-2.00141,52.38143]]},"properties":{"name":"B4096","category":"secondary","osm_type":"way","osm_id":"668177456","ref":"B4096"}},{"type":"Feature","geometry":{"type":"LineString","coordinates":[[-2.00243,52.38377],[-2.00218,52.38292]]},"properties":{"name":"Lickey Road","category":"secondary","osm_type":"way","osm_id":"668177457","ref":"B4120"}},{"type":"Feature","geometry":{"type":"LineString","coordinates":[[-2.00685,52.38842],[-2.00598,52.38766]]},"properties":{"name":"Leach Green Lane","category":"tertiary","osm_type":"way","osm_id":"668183386"}},{"type":"Feature","geometry":{"type":"LineString","coordinates":[[-2.00822,52.38964],[-2.00765,52.3892]]},"properties":{"name":"Leach Green Lane","category":"tertiary","osm_type":"way","osm_id":"668183387"}},{"type":"Feature","geometry":{"type":"LineString","coordinates":[[-2.00765,52.3892],[-2.00685,52.38842]]},"properties":{"name":"Leach Green Lane","category":"tertiary","osm_type":"way","osm_id":"668183388"}},{"type":"Feature","geometry":{"type":"LineString","coordinates":[[-2.01174,52.39252],[-2.01264,52.39241]]},"properties":{"name":"Leach Heath Lane","category":"tertiary","osm_type":"way","osm_id":"668183393"}},{"type":"Feature","geometry":{"type":"LineString","coordinates":[[-2.0108,52.39247],[-2.01113,52.3926]]},"properties":{"name":"Leach Green Lane","category":"tertiary","osm_type":"way","osm_id":"668183394"}},{"type":"Feature","geometry":{"type":"LineString","coordinates":[[-2.01113,52.3926],[-2.01171,52.39289]]},"properties":{"name":"Leach Green Lane","category":"tertiary","osm_type":"way","osm_id":"668183395"}},{"type":"Feature","geometry":{"type":"LineString","coordinates":[[-2.01241,52.4299],[-2.01469,52.42914]]},"properties":{"name":"Balmoral Road","category":"tertiary","osm_type":"way","osm_id":"673559351"}},{"type":"Feature","geometry":{"type":"LineString","coordinates":[[-2.03671,52.37407],[-2.04211,52.37538]]},"properties":{"name":"Alvechurch Highway","category":"tertiary","osm_type":"way","osm_id":"675162167"}},{"type":"Feature","geometry":{"type":"LineString","coordinates":[[-2.39123,52.43867],[-2.39102,52.43878]]},"properties":{"name":"New Road","category":"secondary","osm_type":"way","osm_id":"678994371","ref":"B4555"}},{"type":"Feature","geometry":{"type":"LineString","coordinates":[[-2.39162,52.43845],[-2.39139,52.43858]]},"properties":{"name":"New Road","category":"secondary","osm_type":"way","osm_id":"678994372","ref":"B4555"}},{"type":"Feature","geometry":{"type":"LineString","coordinates":[[-2.39102,52.43878],[-2.39015,52.43895],[-2.38914,52.43858],[-2.38832,52.43689],[-2.38726,52.43628],[-2.38301,52.43531],[-2.38027,52.43523],[-2.37396,52.436],[-2.37367,52.4367],[-2.37919,52.4431]]},"properties":{"name":"New Road","category":"secondary","osm_type":"way","osm_id":"678994373","ref":"B4555"}},{"type":"Feature","geometry":{"type":"LineString","coordinates":[[-2.43747,52.49379],[-2.43762,52.4942]]},"properties":{"name":"B4363","category":"secondary","osm_type":"way","osm_id":"679005777","ref":"B4363"}},{"type":"Feature","geometry":{"type":"LineString","coordinates":[[-2.31183,52.32182],[-2.3135,52.32245],[-2.31934,52.3235],[-2.32379,52.32374]]},"properties":{"name":"Heightington Lane","category":"tertiary","osm_type":"way","osm_id":"679268994"}},{"type":"Feature","geometry":{"type":"LineString","coordinates":[[-2.36483,52.23562],[-2.36607,52.23502],[-2.36599,52.23436]]},"properties":{"name":"B4197","category":"secondary","osm_type":"way","osm_id":"679276123","ref":"B4197"}},{"type":"Feature","geometry":{"type":"LineString","coordinates":[[-2.36103,52.24679],[-2.36116,52.24998],[-2.3603,52.25255],[-2.36057,52.25495],[-2.36001,52.25621]]},"properties":{"name":"B4197","category":"secondary","osm_type":"way","osm_id":"679276124","ref":"B4197"}},{"type":"Feature","geometry":{"type":"LineString","coordinates":[[-2.89063,52.42897],[-2.88431,52.42968],[-2.87965,52.43147],[-2.87472,52.43246],[-2.87148,52.43386]]},"properties":{"name":"Craven Arms Road","category":"secondary","osm_type":"way","osm_id":"681386420","ref":"B4368"}},{"type":"Feature","geometry":{"type":"LineString","coordinates":[[-2.93534,52.41222],[-2.9383,52.41406],[-2.94091,52.41829]]},"properties":{"name":"B4385","category":"secondary","osm_type":"way","osm_id":"681392227","ref":"B4385"}},{"type":"Feature","geometry":{"type":"LineString","coordinates":[[-2.93529,52.41213],[-2.93534,52.41222]]},"properties":{"name":"B4385","category":"secondary","osm_type":"way","osm_id":"681392228","ref":"B4385"}},{"type":"Feature","geometry":{"type":"LineString","coordinates":[[-2.27696,52.27255],[-2.27703,52.27391],[-2.27598,52.27598],[-2.27621,52.277],[-2.28004,52.28071],[-2.28224,52.28179]]},"properties":{"name":"Worcester Road","category":"secondary","osm_type":"way","osm_id":"683949006","ref":"B4196"}},{"type":"Feature","geometry":{"type":"LineString","coordinates":[[-2.2769,52.27243],[-2.27696,52.27255]]},"properties":{"name":"Worcester Road","category":"secondary","osm_type":"way","osm_id":"683949011","ref":"B4196"}},{"type":"Feature","geometry":{"type":"LineString","coordinates":[[-2.133,52.4493],[-2.13283,52.44926]]},"properties":{"name":"Secondary and tertiary roads","category":"secondary","osm_type":"way","osm_id":"684976421"}},{"type":"Feature","geometry":{"type":"LineString","coordinates":[[-2.69679,52.03984],[-2.69387,52.03937]]},"properties":{"name":"The Straight Mile","category":"tertiary","osm_type":"way","osm_id":"687295866"}},{"type":"Feature","geometry":{"type":"LineString","coordinates":[[-2.69735,52.03993],[-2.69679,52.03984]]},"properties":{"name":"Holme Lacy Road","category":"tertiary","osm_type":"way","osm_id":"687295868"}},{"type":"Feature","geometry":{"type":"LineString","coordinates":[[-2.82173,52.18985],[-2.81809,52.19098]]},"properties":{"name":"Venmore Lane","category":"tertiary","osm_type":"way","osm_id":"688630531"}},{"type":"Feature","geometry":{"type":"LineString","coordinates":[[-2.82196,52.18979],[-2.82173,52.18985]]},"properties":{"name":"Venmore Lane","category":"tertiary","osm_type":"way","osm_id":"688630532"}},{"type":"Feature","geometry":{"type":"LineString","coordinates":[[-2.858,52.07728],[-2.85598,52.07852],[-2.85602,52.07933]]},"properties":{"name":"Secondary and tertiary roads","category":"tertiary","osm_type":"way","osm_id":"688632508"}},{"type":"Feature","geometry":{"type":"LineString","coordinates":[[-2.85897,52.07689],[-2.858,52.07728]]},"properties":{"name":"Secondary and tertiary roads","category":"tertiary","osm_type":"way","osm_id":"688632509"}},{"type":"Feature","geometry":{"type":"LineString","coordinates":[[-2.42527,52.34652],[-2.42597,52.3489]]},"properties":{"name":"Clows Top Road","category":"secondary","osm_type":"way","osm_id":"689318309","ref":"B4202"}},{"type":"Feature","geometry":{"type":"LineString","coordinates":[[-2.42078,52.34396],[-2.42359,52.34513]]},"properties":{"name":"Clows Top Road","category":"secondary","osm_type":"way","osm_id":"689318310","ref":"B4202"}},{"type":"Feature","geometry":{"type":"LineString","coordinates":[[-2.41977,52.34333],[-2.42078,52.34396]]},"properties":{"name":"Clows Top Road","category":"secondary","osm_type":"way","osm_id":"689318311","ref":"B4202"}},{"type":"Feature","geometry":{"type":"LineString","coordinates":[[-2.70336,52.37584],[-2.70618,52.37615],[-2.71334,52.37423]]},"properties":{"name":"Henley Road","category":"tertiary","osm_type":"way","osm_id":"693742578"}},{"type":"Feature","geometry":{"type":"LineString","coordinates":[[-2.29794,52.2992],[-2.29734,52.30158],[-2.29488,52.30352]]},"properties":{"name":"Stourport Road","category":"secondary","osm_type":"way","osm_id":"694586821","ref":"B4196"}},{"type":"Feature","geometry":{"type":"LineString","coordinates":[[-2.02577,52.39111],[-2.02673,52.39061]]},"properties":{"name":"Whettybridge Road","category":"tertiary","osm_type":"way","osm_id":"695534191"}},{"type":"Feature","geometry":{"type":"LineString","coordinates":[[-2.61506,52.05671],[-2.61667,52.0556]]},"properties":{"name":"Secondary and tertiary roads","category":"tertiary","osm_type":"way","osm_id":"696152605"}},{"type":"Feature","geometry":{"type":"LineString","coordinates":[[-2.63058,52.02505],[-2.63046,52.02502]]},"properties":{"name":"B4399","category":"secondary","osm_type":"way","osm_id":"696368966","ref":"B4399"}},{"type":"Feature","geometry":{"type":"LineString","coordinates":[[-2.5131,52.19792],[-2.51375,52.19892],[-2.51674,52.20016],[-2.51942,52.20364],[-2.52819,52.20856],[-2.52873,52.21041],[-2.52824,52.21354],[-2.52885,52.21583],[-2.52739,52.2192]]},"properties":{"name":"Tenbury Road","category":"secondary","osm_type":"way","osm_id":"700370161","ref":"B4214"}},{"type":"Feature","geometry":{"type":"LineString","coordinates":[[-2.63947,52.03481],[-2.63184,52.03437]]},"properties":{"name":"B4224","category":"secondary","osm_type":"way","osm_id":"700372958","ref":"B4224"}},{"type":"Feature","geometry":{"type":"LineString","coordinates":[[-2.42216,52.29017],[-2.41959,52.28915]]},"properties":{"name":"B4203","category":"secondary","osm_type":"way","osm_id":"700694250","ref":"B4203"}},{"type":"Feature","geometry":{"type":"LineString","coordinates":[[-2.41031,52.28882],[-2.40825,52.28788],[-2.40558,52.28777],[-2.40322,52.28941],[-2.39962,52.29071],[-2.39006,52.29055],[-2.38463,52.29271],[-2.38181,52.2931],[-2.38009,52.29296]]},"properties":{"name":"Stanford Road","category":"secondary","osm_type":"way","osm_id":"700694253","ref":"B4203"}},{"type":"Feature","geometry":{"type":"LineString","coordinates":[[-2.13357,52.49986],[-2.13368,52.49986]]},"properties":{"name":"Secondary and tertiary roads","category":"secondary_link","osm_type":"way","osm_id":"703150563"}},{"type":"Feature","geometry":{"type":"LineString","coordinates":[[-2.13359,52.49978],[-2.13364,52.49954]]},"properties":{"name":"Commonside","category":"secondary","osm_type":"way","osm_id":"703150565","ref":"B4179"}},{"type":"Feature","geometry":{"type":"LineString","coordinates":[[-2.27759,52.34217],[-2.27803,52.34067]]},"properties":{"name":"Lombard Street","category":"tertiary","osm_type":"way","osm_id":"708152539"}},{"type":"Feature","geometry":{"type":"LineString","coordinates":[[-2.27746,52.34258],[-2.27759,52.34217]]},"properties":{"name":"Lombard Street","category":"tertiary","osm_type":"way","osm_id":"708152540"}},{"type":"Feature","geometry":{"type":"LineString","coordinates":[[-2.27676,52.34356],[-2.27574,52.34358]]},"properties":{"name":"Worcester Street","category":"secondary","osm_type":"way","osm_id":"708153737","ref":"B4195"}},{"type":"Feature","geometry":{"type":"LineString","coordinates":[[-2.27559,52.34352],[-2.27573,52.34352]]},"properties":{"name":"Secondary and tertiary roads","category":"secondary","osm_type":"way","osm_id":"708153738"}},{"type":"Feature","geometry":{"type":"LineString","coordinates":[[-2.27573,52.34352],[-2.2764,52.3435]]},"properties":{"name":"Worcester Street","category":"secondary","osm_type":"way","osm_id":"708340507","ref":"B4195"}},{"type":"Feature","geometry":{"type":"LineString","coordinates":[[-2.27574,52.34358],[-2.27559,52.34358]]},"properties":{"name":"Secondary and tertiary roads","category":"secondary","osm_type":"way","osm_id":"708340509"}},{"type":"Feature","geometry":{"type":"LineString","coordinates":[[-2.71053,52.24213],[-2.7105,52.24205]]},"properties":{"name":"Secondary and tertiary roads","category":"tertiary","osm_type":"way","osm_id":"714356219"}},{"type":"Feature","geometry":{"type":"LineString","coordinates":[[-2.71301,52.2441],[-2.71081,52.24296],[-2.71053,52.24213]]},"properties":{"name":"Secondary and tertiary roads","category":"tertiary","osm_type":"way","osm_id":"714356220"}},{"type":"Feature","geometry":{"type":"LineString","coordinates":[[-2.73896,52.2158],[-2.73981,52.22026]]},"properties":{"name":"Hereford Road","category":"secondary","osm_type":"way","osm_id":"714410377","ref":"B4361"}},{"type":"Feature","geometry":{"type":"LineString","coordinates":[[-2.72202,52.19825],[-2.72601,52.20201],[-2.72919,52.20355],[-2.73623,52.20925]]},"properties":{"name":"B4361","category":"secondary","osm_type":"way","osm_id":"714410378","ref":"B4361"}},{"type":"Feature","geometry":{"type":"LineString","coordinates":[[-2.71743,52.18576],[-2.71757,52.18655]]},"properties":{"name":"Hereford Road","category":"secondary","osm_type":"way","osm_id":"714410379","ref":"B4361"}},{"type":"Feature","geometry":{"type":"LineString","coordinates":[[-2.79075,52.07298],[-2.79084,52.07371],[-2.78593,52.07824]]},"properties":{"name":"Secondary and tertiary roads","category":"tertiary","osm_type":"way","osm_id":"717521515"}},{"type":"Feature","geometry":{"type":"LineString","coordinates":[[-2.81304,52.03186],[-2.81639,52.03115]]},"properties":{"name":"B4349","category":"secondary","osm_type":"way","osm_id":"721313696","ref":"B4349"}},{"type":"Feature","geometry":{"type":"LineString","coordinates":[[-2.92102,52.19706],[-2.91883,52.19716],[-2.91728,52.19773],[-2.9101,52.19887],[-2.90607,52.20088]]},"properties":{"name":"Secondary and tertiary roads","category":"tertiary","osm_type":"way","osm_id":"723100249"}},{"type":"Feature","geometry":{"type":"LineString","coordinates":[[-2.94507,52.359],[-2.94573,52.35802],[-2.94718,52.35757]]},"properties":{"name":"Bedstone Road","category":"secondary","osm_type":"way","osm_id":"725968856","ref":"B4367"}},{"type":"Feature","geometry":{"type":"LineString","coordinates":[[-2.94507,52.35916],[-2.94507,52.359]]},"properties":{"name":"Bedstone Road","category":"secondary","osm_type":"way","osm_id":"725968857","ref":"B4367"}},{"type":"Feature","geometry":{"type":"LineString","coordinates":[[-2.94343,52.35031],[-2.94329,52.34932]]},"properties":{"name":"B4367","category":"secondary","osm_type":"way","osm_id":"725968866","ref":"B4367"}},{"type":"Feature","geometry":{"type":"LineString","coordinates":[[-2.9436,52.35064],[-2.94343,52.35031]]},"properties":{"name":"Lingen Bridge","category":"secondary","osm_type":"way","osm_id":"725968867","ref":"B4367"}},{"type":"Feature","geometry":{"type":"LineString","coordinates":[[-2.89246,52.34696],[-2.89217,52.3467]]},"properties":{"name":"B4530","category":"secondary","osm_type":"way","osm_id":"725968898","ref":"B4530"}},{"type":"Feature","geometry":{"type":"LineString","coordinates":[[-2.89503,52.34861],[-2.89246,52.34696]]},"properties":{"name":"B4530","category":"secondary","osm_type":"way","osm_id":"725968899","ref":"B4530"}},{"type":"Feature","geometry":{"type":"LineString","coordinates":[[-2.65412,52.01623],[-2.65453,52.01634]]},"properties":{"name":"Secondary and tertiary roads","category":"tertiary","osm_type":"way","osm_id":"727575964"}},{"type":"Feature","geometry":{"type":"LineString","coordinates":[[-2.65416,52.01639],[-2.65453,52.01634]]},"properties":{"name":"Bridge Road","category":"secondary","osm_type":"way","osm_id":"727575965","ref":"B4399"}},{"type":"Feature","geometry":{"type":"LineString","coordinates":[[-2.65416,52.01639],[-2.65412,52.01623]]},"properties":{"name":"Secondary and tertiary roads","category":"tertiary","osm_type":"way","osm_id":"727575966"}},{"type":"Feature","geometry":{"type":"LineString","coordinates":[[-2.87366,52.21239],[-2.87344,52.21145],[-2.87454,52.2108]]},"properties":{"name":"Secondary and tertiary roads","category":"tertiary","osm_type":"way","osm_id":"730219717"}},{"type":"Feature","geometry":{"type":"LineString","coordinates":[[-2.84187,52.26823],[-2.84398,52.26762]]},"properties":{"name":"B4362","category":"secondary","osm_type":"way","osm_id":"736276430","ref":"B4362"}},{"type":"Feature","geometry":{"type":"LineString","coordinates":[[-2.84152,52.26848],[-2.84187,52.26823]]},"properties":{"name":"B4362","category":"secondary","osm_type":"way","osm_id":"736276431","ref":"B4362"}},{"type":"Feature","geometry":{"type":"LineString","coordinates":[[-2.37142,52.35015],[-2.37227,52.35066]]},"properties":{"name":"Heightington Road","category":"tertiary","osm_type":"way","osm_id":"737164274"}},{"type":"Feature","geometry":{"type":"LineString","coordinates":[[-2.95478,52.04085],[-2.95371,52.03991]]},"properties":{"name":"B4348","category":"secondary","osm_type":"way","osm_id":"737203693","ref":"B4348"}},{"type":"Feature","geometry":{"type":"LineString","coordinates":[[-2.95371,52.03991],[-2.94982,52.03733]]},"properties":{"name":"B4348","category":"secondary","osm_type":"way","osm_id":"737203695","ref":"B4348"}},{"type":"Feature","geometry":{"type":"LineString","coordinates":[[-2.93861,52.02231],[-2.93726,52.02287],[-2.93213,52.02268]]},"properties":{"name":"Secondary and tertiary roads","category":"tertiary","osm_type":"way","osm_id":"737203700"}},{"type":"Feature","geometry":{"type":"LineString","coordinates":[[-2.94025,52.02334],[-2.93861,52.02231]]},"properties":{"name":"Secondary and tertiary roads","category":"tertiary","osm_type":"way","osm_id":"737203701"}},{"type":"Feature","geometry":{"type":"LineString","coordinates":[[-2.0015,52.45628],[-2.00126,52.45624]]},"properties":{"name":"Secondary and tertiary roads","category":"tertiary","osm_type":"way","osm_id":"739435619"}},{"type":"Feature","geometry":{"type":"LineString","coordinates":[[-2.05595,52.32299],[-2.05763,52.32296]]},"properties":{"name":"Stoke Road","category":"tertiary","osm_type":"way","osm_id":"740641966"}},{"type":"Feature","geometry":{"type":"LineString","coordinates":[[-2.05763,52.32296],[-2.05807,52.32279]]},"properties":{"name":"Stoke Road","category":"tertiary","osm_type":"way","osm_id":"740641967"}},{"type":"Feature","geometry":{"type":"LineString","coordinates":[[-2.51302,52.19775],[-2.5131,52.19792]]},"properties":{"name":"Tenbury Road","category":"secondary","osm_type":"way","osm_id":"744835209","ref":"B4214"}},{"type":"Feature","geometry":{"type":"LineString","coordinates":[[-2.51277,52.1971],[-2.51302,52.19775]]},"properties":{"name":"Tenbury Road","category":"secondary","osm_type":"way","osm_id":"744835210","ref":"B4214"}},{"type":"Feature","geometry":{"type":"LineString","coordinates":[[-2.24598,52.37019],[-2.24566,52.37063]]},"properties":{"name":"Wilden Lane","category":"tertiary","osm_type":"way","osm_id":"745310429"}},{"type":"Feature","geometry":{"type":"LineString","coordinates":[[-2.24524,52.37041],[-2.24598,52.37019]]},"properties":{"name":"Wilden Lane","category":"tertiary","osm_type":"way","osm_id":"745310430"}},{"type":"Feature","geometry":{"type":"LineString","coordinates":[[-2.24607,52.37013],[-2.24598,52.37019]]},"properties":{"name":"Wilden Lane","category":"tertiary","osm_type":"way","osm_id":"745310431"}},{"type":"Feature","geometry":{"type":"LineString","coordinates":[[-2.23165,52.32506],[-2.23137,52.324]]},"properties":{"name":"Secondary and tertiary roads","category":"tertiary_link","osm_type":"way","osm_id":"749840790"}},{"type":"Feature","geometry":{"type":"LineString","coordinates":[[-2.26922,52.33649],[-2.27013,52.33651]]},"properties":{"name":"Discovery Road","category":"tertiary","osm_type":"way","osm_id":"750206279"}},{"type":"Feature","geometry":{"type":"LineString","coordinates":[[-2.27013,52.33651],[-2.27408,52.33565],[-2.27492,52.33587]]},"properties":{"name":"Discovery Road","category":"tertiary","osm_type":"way","osm_id":"750206280"}},{"type":"Feature","geometry":{"type":"LineString","coordinates":[[-2.26935,52.33665],[-2.26958,52.33655]]},"properties":{"name":"Secondary and tertiary roads","category":"tertiary","osm_type":"way","osm_id":"750206281"}},{"type":"Feature","geometry":{"type":"LineString","coordinates":[[-2.85524,52.15329],[-2.85528,52.15266]]},"properties":{"name":"Ledgemoor Road","category":"tertiary","osm_type":"way","osm_id":"756051330"}},{"type":"Feature","geometry":{"type":"LineString","coordinates":[[-2.7484,52.09899],[-2.75242,52.09763],[-2.75576,52.09752],[-2.75739,52.09703],[-2.7586,52.09579]]},"properties":{"name":"Tillington Road","category":"tertiary","osm_type":"way","osm_id":"756051333"}},{"type":"Feature","geometry":{"type":"LineString","coordinates":[[-2.74392,52.12198],[-2.74524,52.12493]]},"properties":{"name":"Secondary and tertiary roads","category":"tertiary","osm_type":"way","osm_id":"756051334"}},{"type":"Feature","geometry":{"type":"LineString","coordinates":[[-2.18224,52.14931],[-2.18692,52.15138]]},"properties":{"name":"Hatfield Bank","category":"tertiary","osm_type":"way","osm_id":"759892820"}},{"type":"Feature","geometry":{"type":"LineString","coordinates":[[-2.10651,52.49088],[-2.10674,52.49096]]},"properties":{"name":"Secondary and tertiary roads","category":"tertiary_link","osm_type":"way","osm_id":"768143286"}},{"type":"Feature","geometry":{"type":"LineString","coordinates":[[-2.10808,52.47553],[-2.10823,52.47556]]},"properties":{"name":"Secondary and tertiary roads","category":"tertiary","osm_type":"way","osm_id":"768152052"}},{"type":"Feature","geometry":{"type":"LineString","coordinates":[[-2.99884,52.07141],[-2.99873,52.0715]]},"properties":{"name":"B4348","category":"secondary","osm_type":"way","osm_id":"769244355","ref":"B4348"}},{"type":"Feature","geometry":{"type":"LineString","coordinates":[[-2.99909,52.07119],[-2.99884,52.07141]]},"properties":{"name":"B4348","category":"secondary","osm_type":"way","osm_id":"769244356","ref":"B4348"}},{"type":"Feature","geometry":{"type":"LineString","coordinates":[[-2.99873,52.0715],[-2.99653,52.07319]]},"properties":{"name":"B4348","category":"secondary","osm_type":"way","osm_id":"769244373","ref":"B4348"}},{"type":"Feature","geometry":{"type":"LineString","coordinates":[[-2.9936,52.07185],[-2.98836,52.06988],[-2.98015,52.06758],[-2.97645,52.06522],[-2.97065,52.05881],[-2.96762,52.05614],[-2.9601,52.04699]]},"properties":{"name":"B4348","category":"secondary","osm_type":"way","osm_id":"769244374","ref":"B4348"}},{"type":"Feature","geometry":{"type":"LineString","coordinates":[[-2.98402,52.22092],[-2.98406,52.22068]]},"properties":{"name":"Secondary and tertiary roads","category":"tertiary","osm_type":"way","osm_id":"780241791"}},{"type":"Feature","geometry":{"type":"LineString","coordinates":[[-2.98306,52.22571],[-2.98067,52.22486],[-2.97961,52.2238],[-2.98312,52.22229],[-2.98397,52.22099]]},"properties":{"name":"Secondary and tertiary roads","category":"tertiary","osm_type":"way","osm_id":"780241792"}},{"type":"Feature","geometry":{"type":"LineString","coordinates":[[-2.89063,52.20854],[-2.88844,52.20851],[-2.88279,52.20938],[-2.87996,52.21045],[-2.87454,52.2108]]},"properties":{"name":"Secondary and tertiary roads","category":"tertiary","osm_type":"way","osm_id":"785183571"}},{"type":"Feature","geometry":{"type":"LineString","coordinates":[[-2.85062,52.22352],[-2.84724,52.22443]]},"properties":{"name":"Secondary and tertiary roads","category":"tertiary","osm_type":"way","osm_id":"786507654"}},{"type":"Feature","geometry":{"type":"LineString","coordinates":[[-2.85083,52.22335],[-2.85062,52.22352]]},"properties":{"name":"Secondary and tertiary roads","category":"tertiary","osm_type":"way","osm_id":"786507655"}},{"type":"Feature","geometry":{"type":"LineString","coordinates":[[-2.19289,52.14895],[-2.19317,52.15005],[-2.1947,52.1514],[-2.19552,52.15383]]},"properties":{"name":"Broomhall","category":"tertiary","osm_type":"way","osm_id":"795788642"}},{"type":"Feature","geometry":{"type":"LineString","coordinates":[[-2.70694,52.11723],[-2.70731,52.11725]]},"properties":{"name":"Secondary and tertiary roads","category":"tertiary","osm_type":"way","osm_id":"796856372"}},{"type":"Feature","geometry":{"type":"LineString","coordinates":[[-2.76919,52.21172],[-2.77052,52.20938]]},"properties":{"name":"Ivington Road","category":"tertiary","osm_type":"way","osm_id":"799816554"}},{"type":"Feature","geometry":{"type":"LineString","coordinates":[[-2.76914,52.21183],[-2.76919,52.21172]]},"properties":{"name":"Ivington Road","category":"tertiary","osm_type":"way","osm_id":"799816555"}},{"type":"Feature","geometry":{"type":"LineString","coordinates":[[-2.91916,52.23088],[-2.91888,52.23103]]},"properties":{"name":"Secondary and tertiary roads","category":"tertiary","osm_type":"way","osm_id":"802542053"}},{"type":"Feature","geometry":{"type":"LineString","coordinates":[[-2.97265,52.20201],[-2.97244,52.20708]]},"properties":{"name":"New Street","category":"tertiary","osm_type":"way","osm_id":"812874788"}},{"type":"Feature","geometry":{"type":"LineString","coordinates":[[-2.97664,52.15478],[-2.97671,52.15471]]},"properties":{"name":"Secondary and tertiary roads","category":"tertiary","osm_type":"way","osm_id":"813777925"}},{"type":"Feature","geometry":{"type":"LineString","coordinates":[[-2.97664,52.15478],[-2.97694,52.1565],[-2.97635,52.15799]]},"properties":{"name":"Secondary and tertiary roads","category":"tertiary","osm_type":"way","osm_id":"813777926"}},{"type":"Feature","geometry":{"type":"LineString","coordinates":[[-2.02268,52.45461],[-2.02272,52.45484]]},"properties":{"name":"Secondary and tertiary roads","category":"secondary","osm_type":"way","osm_id":"815887212"}},{"type":"Feature","geometry":{"type":"LineString","coordinates":[[-2.02223,52.4547],[-2.02234,52.4546]]},"properties":{"name":"Secondary and tertiary roads","category":"secondary","osm_type":"way","osm_id":"815887213"}},{"type":"Feature","geometry":{"type":"LineString","coordinates":[[-2.02153,52.45409],[-2.02234,52.4546]]},"properties":{"name":"Carters Lane","category":"tertiary","osm_type":"way","osm_id":"815887214"}},{"type":"Feature","geometry":{"type":"LineString","coordinates":[[-2.70447,52.0605],[-2.70383,52.05997],[-2.70304,52.05993]]},"properties":{"name":"Southbank Road","category":"tertiary","osm_type":"way","osm_id":"818333597"}},{"type":"Feature","geometry":{"type":"LineString","coordinates":[[-2.92779,52.17728],[-2.92752,52.17733]]},"properties":{"name":"Secondary and tertiary roads","category":"tertiary_link","osm_type":"way","osm_id":"818552401"}},{"type":"Feature","geometry":{"type":"LineString","coordinates":[[-2.51582,52.07169],[-2.51868,52.07091]]},"properties":{"name":"Heywood Lane","category":"tertiary","osm_type":"way","osm_id":"825391006"}},{"type":"Feature","geometry":{"type":"LineString","coordinates":[[-2.12587,52.4864],[-2.12913,52.48626]]},"properties":{"name":"High Street","category":"secondary","osm_type":"way","osm_id":"831690408","ref":"B4180"}},{"type":"Feature","geometry":{"type":"LineString","coordinates":[[-2.49918,52.07111],[-2.50254,52.07173],[-2.50789,52.07361],[-2.51109,52.07388],[-2.5129,52.07247],[-2.51582,52.07169]]},"properties":{"name":"Heywood Lane","category":"tertiary","osm_type":"way","osm_id":"834243736"}},{"type":"Feature","geometry":{"type":"LineString","coordinates":[[-2.49909,52.07126],[-2.49918,52.07111]]},"properties":{"name":"Heywood Lane","category":"tertiary","osm_type":"way","osm_id":"834243737"}},{"type":"Feature","geometry":{"type":"LineString","coordinates":[[-2.23531,52.02356],[-2.23778,52.02423],[-2.23931,52.02509],[-2.24045,52.02587],[-2.24009,52.02648]]},"properties":{"name":"B4211","category":"secondary","osm_type":"way","osm_id":"834637772","ref":"B4211"}},{"type":"Feature","geometry":{"type":"LineString","coordinates":[[-2.23522,52.0235],[-2.23531,52.02356]]},"properties":{"name":"B4211","category":"secondary","osm_type":"way","osm_id":"834637773","ref":"B4211"}},{"type":"Feature","geometry":{"type":"LineString","coordinates":[[-2.77522,52.22762],[-2.77016,52.22572]]},"properties":{"name":"Cholstrey Road","category":"secondary","osm_type":"way","osm_id":"836137595","ref":"B4529"}},{"type":"Feature","geometry":{"type":"LineString","coordinates":[[-2.80614,52.23866],[-2.80314,52.23806],[-2.79803,52.2358]]},"properties":{"name":"B4360","category":"secondary","osm_type":"way","osm_id":"836139088","ref":"B4360"}},{"type":"Feature","geometry":{"type":"LineString","coordinates":[[-2.71922,52.35942],[-2.72163,52.35202],[-2.7215,52.34921]]},"properties":{"name":"Overton Road","category":"secondary","osm_type":"way","osm_id":"836186258","ref":"B4361"}},{"type":"Feature","geometry":{"type":"LineString","coordinates":[[-2.7215,52.34921],[-2.72077,52.34649],[-2.71253,52.33863]]},"properties":{"name":"Overton Road","category":"secondary","osm_type":"way","osm_id":"836186259","ref":"B4361"}},{"type":"Feature","geometry":{"type":"LineString","coordinates":[[-2.72663,52.34563],[-2.72845,52.34398],[-2.73462,52.34369]]},"properties":{"name":"B4361","category":"secondary","osm_type":"way","osm_id":"836186260","ref":"B4361"}},{"type":"Feature","geometry":{"type":"LineString","coordinates":[[-2.7347,52.34368],[-2.73821,52.34122],[-2.74309,52.33596],[-2.74202,52.33359],[-2.74291,52.33244],[-2.74261,52.33059],[-2.74333,52.3291],[-2.74274,52.32694]]},"properties":{"name":"B4361","category":"secondary","osm_type":"way","osm_id":"836186261","ref":"B4361"}},{"type":"Feature","geometry":{"type":"LineString","coordinates":[[-2.7424,52.3194],[-2.7428,52.31616],[-2.74776,52.31052],[-2.7493,52.3065]]},"properties":{"name":"B4361","category":"secondary","osm_type":"way","osm_id":"836186262","ref":"B4361"}},{"type":"Feature","geometry":{"type":"LineString","coordinates":[[-2.7493,52.3065],[-2.75375,52.30156]]},"properties":{"name":"B4361","category":"secondary","osm_type":"way","osm_id":"836186263","ref":"B4361"}},{"type":"Feature","geometry":{"type":"LineString","coordinates":[[-2.75427,52.30082],[-2.75615,52.29813],[-2.75783,52.29372],[-2.75722,52.29169],[-2.75737,52.28872]]},"properties":{"name":"B4361","category":"secondary","osm_type":"way","osm_id":"836186264","ref":"B4361"}},{"type":"Feature","geometry":{"type":"LineString","coordinates":[[-2.75598,52.26879],[-2.75514,52.26693]]},"properties":{"name":"B4361","category":"secondary","osm_type":"way","osm_id":"836186265","ref":"B4361"}},{"type":"Feature","geometry":{"type":"LineString","coordinates":[[-2.75111,52.25883],[-2.75285,52.25955],[-2.7526,52.26153],[-2.75379,52.26322]]},"properties":{"name":"Old Ludlow Road","category":"secondary","osm_type":"way","osm_id":"836186266","ref":"B4361"}},{"type":"Feature","geometry":{"type":"LineString","coordinates":[[-2.74555,52.2498],[-2.74549,52.25146],[-2.74787,52.2566],[-2.75111,52.25883]]},"properties":{"name":"Old Ludlow Road","category":"secondary","osm_type":"way","osm_id":"836186267","ref":"B4361"}},{"type":"Feature","geometry":{"type":"LineString","coordinates":[[-2.74501,52.23641],[-2.7457,52.23856]]},"properties":{"name":"North Road","category":"secondary","osm_type":"way","osm_id":"836186268","ref":"B4361"}},{"type":"Feature","geometry":{"type":"LineString","coordinates":[[-2.24995,52.39073],[-2.24831,52.39154]]},"properties":{"name":"Churchfields","category":"tertiary","osm_type":"way","osm_id":"837695066"}},{"type":"Feature","geometry":{"type":"LineString","coordinates":[[-2.24831,52.39154],[-2.24768,52.39174]]},"properties":{"name":"Churchfields","category":"tertiary","osm_type":"way","osm_id":"837695069"}},{"type":"Feature","geometry":{"type":"LineString","coordinates":[[-2.24766,52.39142],[-2.24831,52.39154]]},"properties":{"name":"Churchfields","category":"tertiary","osm_type":"way","osm_id":"837698316"}},{"type":"Feature","geometry":{"type":"LineString","coordinates":[[-2.27347,52.26628],[-2.27622,52.2689],[-2.2769,52.27243]]},"properties":{"name":"Worcester Road","category":"secondary","osm_type":"way","osm_id":"838654409","ref":"B4196"}},{"type":"Feature","geometry":{"type":"LineString","coordinates":[[-2.28224,52.28179],[-2.2849,52.28198],[-2.28856,52.28406],[-2.29009,52.28345],[-2.29136,52.2836],[-2.29239,52.2873],[-2.29567,52.29067],[-2.2956,52.29478],[-2.29808,52.2988]]},"properties":{"name":"Worcester Road","category":"secondary","osm_type":"way","osm_id":"838654410","ref":"B4196"}},{"type":"Feature","geometry":{"type":"LineString","coordinates":[[-2.29488,52.30352],[-2.29311,52.30392],[-2.29229,52.30489],[-2.29385,52.30658],[-2.29307,52.30868],[-2.29159,52.31012],[-2.29257,52.31428]]},"properties":{"name":"Stourport Road","category":"secondary","osm_type":"way","osm_id":"838654411","ref":"B4196"}},{"type":"Feature","geometry":{"type":"LineString","coordinates":[[-2.29066,52.31906],[-2.29084,52.32235]]},"properties":{"name":"Stourport Road","category":"secondary","osm_type":"way","osm_id":"838656018","ref":"B4196"}},{"type":"Feature","geometry":{"type":"LineString","coordinates":[[-2.29257,52.31428],[-2.2928,52.31503],[-2.28992,52.31737],[-2.29066,52.31906]]},"properties":{"name":"Stourport Road","category":"secondary","osm_type":"way","osm_id":"838656019","ref":"B4196"}},{"type":"Feature","geometry":{"type":"LineString","coordinates":[[-2.30024,52.33041],[-2.30272,52.33332],[-2.30151,52.33594],[-2.30207,52.33778]]},"properties":{"name":"Ribbesford Road","category":"secondary","osm_type":"way","osm_id":"838730936","ref":"B4194"}},{"type":"Feature","geometry":{"type":"LineString","coordinates":[[-2.31149,52.36879],[-2.31227,52.36927]]},"properties":{"name":"B4194","category":"secondary","osm_type":"way","osm_id":"838730937","ref":"B4194"}},{"type":"Feature","geometry":{"type":"LineString","coordinates":[[-2.31805,52.37522],[-2.31866,52.37544]]},"properties":{"name":"Welch Gate","category":"secondary","osm_type":"way","osm_id":"838730938","ref":"B4190"}},{"type":"Feature","geometry":{"type":"LineString","coordinates":[[-2.24009,52.02648],[-2.23861,52.02805],[-2.23849,52.02986]]},"properties":{"name":"B4211","category":"secondary","osm_type":"way","osm_id":"842885723","ref":"B4211"}},{"type":"Feature","geometry":{"type":"LineString","coordinates":[[-2.23511,52.02193],[-2.23522,52.0235]]},"properties":{"name":"B4211","category":"secondary","osm_type":"way","osm_id":"842885724","ref":"B4211"}},{"type":"Feature","geometry":{"type":"LineString","coordinates":[[-2.89275,52.11687],[-2.89261,52.11708]]},"properties":{"name":"Station Road","category":"secondary","osm_type":"way","osm_id":"845021088","ref":"B4230"}},{"type":"Feature","geometry":{"type":"LineString","coordinates":[[-2.89056,52.11217],[-2.89275,52.11687]]},"properties":{"name":"Station Road","category":"secondary","osm_type":"way","osm_id":"845021089","ref":"B4230"}},{"type":"Feature","geometry":{"type":"LineString","coordinates":[[-2.23586,52.18658],[-2.23649,52.1867]]},"properties":{"name":"Bransford Road","category":"secondary","osm_type":"way","osm_id":"849691405","ref":"B4485"}},{"type":"Feature","geometry":{"type":"LineString","coordinates":[[-2.23649,52.1867],[-2.23579,52.18672]]},"properties":{"name":"Bransford Road","category":"secondary","osm_type":"way","osm_id":"849691406","ref":"B4485"}},{"type":"Feature","geometry":{"type":"LineString","coordinates":[[-2.21062,52.19371],[-2.21011,52.19408]]},"properties":{"name":"Tallow Hill","category":"tertiary","osm_type":"way","osm_id":"849691689"}},{"type":"Feature","geometry":{"type":"LineString","coordinates":[[-2.21086,52.19368],[-2.21026,52.19374]]},"properties":{"name":"Tallow Hill","category":"tertiary","osm_type":"way","osm_id":"849691690"}},{"type":"Feature","geometry":{"type":"LineString","coordinates":[[-2.20936,52.19371],[-2.20994,52.19376]]},"properties":{"name":"Tallow Hill","category":"tertiary","osm_type":"way","osm_id":"849691691"}},{"type":"Feature","geometry":{"type":"LineString","coordinates":[[-2.20971,52.19391],[-2.21026,52.19374]]},"properties":{"name":"Tallow Hill","category":"tertiary","osm_type":"way","osm_id":"849691692"}},{"type":"Feature","geometry":{"type":"LineString","coordinates":[[-2.16164,52.46669],[-2.16213,52.46808]]},"properties":{"name":"Kingsway","category":"tertiary","osm_type":"way","osm_id":"854899949"}},{"type":"Feature","geometry":{"type":"LineString","coordinates":[[-2.16958,52.45344],[-2.16936,52.45341]]},"properties":{"name":"B4186","category":"secondary","osm_type":"way","osm_id":"863629093","ref":"B4186"}},{"type":"Feature","geometry":{"type":"LineString","coordinates":[[-2.16931,52.4533],[-2.16958,52.45344]]},"properties":{"name":"B4186","category":"secondary","osm_type":"way","osm_id":"863629095","ref":"B4186"}},{"type":"Feature","geometry":{"type":"LineString","coordinates":[[-2.15022,52.45046],[-2.15054,52.45044]]},"properties":{"name":"Heath Lane","category":"secondary","osm_type":"way","osm_id":"863629096","ref":"B4186"}},{"type":"Feature","geometry":{"type":"LineString","coordinates":[[-2.90607,52.20088],[-2.89063,52.20854]]},"properties":{"name":"The Straight Mile","category":"tertiary","osm_type":"way","osm_id":"865909641"}},{"type":"Feature","geometry":{"type":"LineString","coordinates":[[-2.05095,52.45058],[-2.05086,52.45057]]},"properties":{"name":"High Street","category":"secondary","osm_type":"way","osm_id":"867295919","ref":"B4183"}},{"type":"Feature","geometry":{"type":"LineString","coordinates":[[-2.54599,52.13128],[-2.54271,52.13094],[-2.53349,52.13306]]},"properties":{"name":"Secondary and tertiary roads","category":"tertiary","osm_type":"way","osm_id":"871612390"}},{"type":"Feature","geometry":{"type":"LineString","coordinates":[[-2.54609,52.13128],[-2.54599,52.13128]]},"properties":{"name":"Secondary and tertiary roads","category":"tertiary","osm_type":"way","osm_id":"871612392"}},{"type":"Feature","geometry":{"type":"LineString","coordinates":[[-2.16696,52.47933],[-2.16672,52.47959]]},"properties":{"name":"Bells Lane","category":"tertiary","osm_type":"way","osm_id":"872372735"}},{"type":"Feature","geometry":{"type":"LineString","coordinates":[[-2.16573,52.48131],[-2.16664,52.48149]]},"properties":{"name":"Lawnswood Road","category":"tertiary","osm_type":"way","osm_id":"872372736"}},{"type":"Feature","geometry":{"type":"LineString","coordinates":[[-2.17908,52.48282],[-2.18269,52.48232],[-2.18523,52.48144]]},"properties":{"name":"Lawnswood","category":"tertiary","osm_type":"way","osm_id":"872946911"}},{"type":"Feature","geometry":{"type":"LineString","coordinates":[[-2.84929,52.01995],[-2.85088,52.01991]]},"properties":{"name":"B4349","category":"secondary","osm_type":"way","osm_id":"878564316","ref":"B4349"}},{"type":"Feature","geometry":{"type":"LineString","coordinates":[[-2.85088,52.01991],[-2.85347,52.01957]]},"properties":{"name":"B4349","category":"secondary","osm_type":"way","osm_id":"878564324","ref":"B4349"}},{"type":"Feature","geometry":{"type":"LineString","coordinates":[[-2.84289,52.02178],[-2.84774,52.02003],[-2.84929,52.01995]]},"properties":{"name":"B4349","category":"secondary","osm_type":"way","osm_id":"878564328","ref":"B4349"}},{"type":"Feature","geometry":{"type":"LineString","coordinates":[[-2.83614,52.02371],[-2.83855,52.02335],[-2.84289,52.02178]]},"properties":{"name":"B4349","category":"secondary","osm_type":"way","osm_id":"878566109","ref":"B4349"}},{"type":"Feature","geometry":{"type":"LineString","coordinates":[[-2.81984,52.02893],[-2.82669,52.0254],[-2.83477,52.02392]]},"properties":{"name":"B4349","category":"secondary","osm_type":"way","osm_id":"878569603","ref":"B4349"}},{"type":"Feature","geometry":{"type":"LineString","coordinates":[[-2.81647,52.03112],[-2.81984,52.02893]]},"properties":{"name":"B4349","category":"secondary","osm_type":"way","osm_id":"878569605","ref":"B4349"}},{"type":"Feature","geometry":{"type":"LineString","coordinates":[[-2.81639,52.03115],[-2.81647,52.03112]]},"properties":{"name":"B4349","category":"secondary","osm_type":"way","osm_id":"878569615","ref":"B4349"}},{"type":"Feature","geometry":{"type":"LineString","coordinates":[[-2.26062,52.34563],[-2.26056,52.34368],[-2.26186,52.34091]]},"properties":{"name":"Wilden Lane","category":"tertiary","osm_type":"way","osm_id":"882121514"}},{"type":"Feature","geometry":{"type":"LineString","coordinates":[[-2.26058,52.34577],[-2.26062,52.34563]]},"properties":{"name":"Wilden Lane","category":"tertiary","osm_type":"way","osm_id":"882121515"}},{"type":"Feature","geometry":{"type":"LineString","coordinates":[[-2.94252,52.42116],[-2.94231,52.4228]]},"properties":{"name":"B4385","category":"secondary","osm_type":"way","osm_id":"885604192","ref":"B4385"}},{"type":"Feature","geometry":{"type":"LineString","coordinates":[[-2.94125,52.42308],[-2.94273,52.42284]]},"properties":{"name":"B4368","category":"secondary","osm_type":"way","osm_id":"885604554","ref":"B4368"}},{"type":"Feature","geometry":{"type":"LineString","coordinates":[[-2.935,52.41146],[-2.93529,52.41213]]},"properties":{"name":"B4385","category":"secondary","osm_type":"way","osm_id":"885609347","ref":"B4385"}},{"type":"Feature","geometry":{"type":"LineString","coordinates":[[-2.92419,52.4048],[-2.92677,52.40672],[-2.93326,52.40974],[-2.935,52.41146]]},"properties":{"name":"B4385","category":"secondary","osm_type":"way","osm_id":"885609348","ref":"B4385"}},{"type":"Feature","geometry":{"type":"LineString","coordinates":[[-2.89468,52.43008],[-2.89643,52.42981],[-2.89819,52.43008]]},"properties":{"name":"B4368","category":"secondary","osm_type":"way","osm_id":"885612066","ref":"B4368"}},{"type":"Feature","geometry":{"type":"LineString","coordinates":[[-2.89364,52.4292],[-2.89063,52.42897]]},"properties":{"name":"Craven Arms Road","category":"secondary","osm_type":"way","osm_id":"885612067","ref":"B4368"}},{"type":"Feature","geometry":{"type":"LineString","coordinates":[[-2.99455,52.49545],[-2.99552,52.49466]]},"properties":{"name":"Schoolhouse Lane","category":"secondary","osm_type":"way","osm_id":"887688089","ref":"B4384"}},{"type":"Feature","geometry":{"type":"LineString","coordinates":[[-2.98788,52.49622],[-2.9885,52.4964]]},"properties":{"name":"Schoolhouse Lane","category":"secondary","osm_type":"way","osm_id":"887688091","ref":"B4384"}},{"type":"Feature","geometry":{"type":"LineString","coordinates":[[-2.87148,52.43386],[-2.86942,52.43483]]},"properties":{"name":"Craven Arms Road","category":"secondary","osm_type":"way","osm_id":"887694955","ref":"B4368"}},{"type":"Feature","geometry":{"type":"LineString","coordinates":[[-2.99212,52.48721],[-2.99421,52.48838]]},"properties":{"name":"Brampton Road","category":"secondary","osm_type":"way","osm_id":"887694956","ref":"B4385"}},{"type":"Feature","geometry":{"type":"LineString","coordinates":[[-2.99433,52.48849],[-2.99421,52.48838]]},"properties":{"name":"Brampton Road","category":"secondary","osm_type":"way","osm_id":"887694957","ref":"B4385"}},{"type":"Feature","geometry":{"type":"LineString","coordinates":[[-2.99438,52.48845],[-2.99452,52.48857]]},"properties":{"name":"Brampton Road","category":"secondary","osm_type":"way","osm_id":"887694958","ref":"B4385"}},{"type":"Feature","geometry":{"type":"LineString","coordinates":[[-2.99421,52.48838],[-2.99438,52.48845]]},"properties":{"name":"Brampton Road","category":"secondary","osm_type":"way","osm_id":"887694959","ref":"B4385"}},{"type":"Feature","geometry":{"type":"LineString","coordinates":[[-2.99452,52.48857],[-2.99433,52.48849]]},"properties":{"name":"Brampton Road","category":"secondary","osm_type":"way","osm_id":"887694960","ref":"B4385"}},{"type":"Feature","geometry":{"type":"LineString","coordinates":[[-2.99762,52.4964],[-2.99612,52.49786]]},"properties":{"name":"Castle Green","category":"secondary","osm_type":"way","osm_id":"887694961","ref":"B4385"}},{"type":"Feature","geometry":{"type":"LineString","coordinates":[[-2.84998,52.43871],[-2.85067,52.43851]]},"properties":{"name":"Clun Road","category":"secondary","osm_type":"way","osm_id":"887696325","ref":"B4368"}},{"type":"Feature","geometry":{"type":"LineString","coordinates":[[-2.84951,52.43892],[-2.8449,52.43953]]},"properties":{"name":"Clun Road","category":"secondary","osm_type":"way","osm_id":"887696622","ref":"B4368"}},{"type":"Feature","geometry":{"type":"LineString","coordinates":[[-2.91464,52.48398],[-2.91341,52.48372]]},"properties":{"name":"Secondary and tertiary roads","category":"tertiary","osm_type":"way","osm_id":"889016275"}},{"type":"Feature","geometry":{"type":"LineString","coordinates":[[-2.91483,52.48399],[-2.91464,52.48398]]},"properties":{"name":"Secondary and tertiary roads","category":"tertiary","osm_type":"way","osm_id":"889016276"}},{"type":"Feature","geometry":{"type":"LineString","coordinates":[[-2.35688,52.28908],[-2.35758,52.28815]]},"properties":{"name":"Martley Road","category":"secondary","osm_type":"way","osm_id":"891439740","ref":"B4197"}},{"type":"Feature","geometry":{"type":"LineString","coordinates":[[-2.13351,52.2665],[-2.13303,52.26647]]},"properties":{"name":"Saltway","category":"secondary","osm_type":"way","osm_id":"892779765","ref":"B4090"}},{"type":"Feature","geometry":{"type":"LineString","coordinates":[[-2.24607,52.37013],[-2.24887,52.36753],[-2.24896,52.36501]]},"properties":{"name":"Wilden Lane","category":"tertiary","osm_type":"way","osm_id":"894744769"}},{"type":"Feature","geometry":{"type":"LineString","coordinates":[[-2.25835,52.3532],[-2.25845,52.35097]]},"properties":{"name":"Wilden Lane","category":"tertiary","osm_type":"way","osm_id":"894744770"}},{"type":"Feature","geometry":{"type":"LineString","coordinates":[[-2.25845,52.35097],[-2.2594,52.34932]]},"properties":{"name":"Wilden Lane","category":"tertiary","osm_type":"way","osm_id":"894744771"}},{"type":"Feature","geometry":{"type":"LineString","coordinates":[[-2.26023,52.34722],[-2.26058,52.34577]]},"properties":{"name":"Wilden Lane","category":"tertiary","osm_type":"way","osm_id":"894744772"}},{"type":"Feature","geometry":{"type":"LineString","coordinates":[[-2.23985,52.19471],[-2.23995,52.19515]]},"properties":{"name":"Comer Road","category":"tertiary","osm_type":"way","osm_id":"895646124"}},{"type":"Feature","geometry":{"type":"LineString","coordinates":[[-2.23663,52.19618],[-2.23789,52.19562]]},"properties":{"name":"Oldbury Road","category":"tertiary","osm_type":"way","osm_id":"895646125"}},{"type":"Feature","geometry":{"type":"LineString","coordinates":[[-2.24219,52.19519],[-2.24257,52.19523]]},"properties":{"name":"Oldbury Road","category":"tertiary","osm_type":"way","osm_id":"895646126"}},{"type":"Feature","geometry":{"type":"LineString","coordinates":[[-2.0793,52.33685],[-2.07907,52.33696]]},"properties":{"name":"Secondary and tertiary roads","category":"tertiary","osm_type":"way","osm_id":"899171274"}},{"type":"Feature","geometry":{"type":"LineString","coordinates":[[-2.23113,52.3276],[-2.23132,52.32806]]},"properties":{"name":"Old Worcester Road","category":"tertiary","osm_type":"way","osm_id":"899824122"}},{"type":"Feature","geometry":{"type":"LineString","coordinates":[[-2.17933,52.21206],[-2.17931,52.21123]]},"properties":{"name":"Woodgreen Drive","category":"secondary","osm_type":"way","osm_id":"906749656","ref":"B4638"}},{"type":"Feature","geometry":{"type":"LineString","coordinates":[[-2.43762,52.4942],[-2.43641,52.49513],[-2.43695,52.49737],[-2.43617,52.49868]]},"properties":{"name":"B4363","category":"secondary","osm_type":"way","osm_id":"908727402","ref":"B4363"}},{"type":"Feature","geometry":{"type":"LineString","coordinates":[[-2.41401,52.49013],[-2.41346,52.49049]]},"properties":{"name":"B4555","category":"secondary","osm_type":"way","osm_id":"908727416","ref":"B4555"}},{"type":"Feature","geometry":{"type":"LineString","coordinates":[[-2.41442,52.48957],[-2.41401,52.49013]]},"properties":{"name":"B4555","category":"secondary","osm_type":"way","osm_id":"908727418","ref":"B4555"}},{"type":"Feature","geometry":{"type":"LineString","coordinates":[[-2.59484,52.4302],[-2.59353,52.43109]]},"properties":{"name":"B4364","category":"secondary","osm_type":"way","osm_id":"908741694","ref":"B4364"}}]}