{"type":"FeatureCollection","features":[{"type":"Feature","geometry":{"type":"LineString","coordinates":[[-0.17025,51.42558],[-0.1702,51.42564]]},"properties":{"name":"Tooting High Street","category":"trunk","osm_type":"way","osm_id":"1181243114","operator":"Transport for London","ref":"A24"}},{"type":"Feature","geometry":{"type":"LineString","coordinates":[[-0.17036,51.42545],[-0.17025,51.42558]]},"properties":{"name":"Tooting High Street","category":"trunk","osm_type":"way","osm_id":"1181243115","operator":"Transport for London","ref":"A24"}},{"type":"Feature","geometry":{"type":"LineString","coordinates":[[-0.1704,51.4254],[-0.17036,51.42545]]},"properties":{"name":"Tooting High Street","category":"trunk","osm_type":"way","osm_id":"1181243116","operator":"Transport for London","ref":"A24"}},{"type":"Feature","geometry":{"type":"LineString","coordinates":[[-0.17065,51.42513],[-0.17063,51.42515]]},"properties":{"name":"Tooting High Street","category":"trunk","osm_type":"way","osm_id":"1181243117","operator":"Transport for London","ref":"A24"}},{"type":"Feature","geometry":{"type":"LineString","coordinates":[[-0.17063,51.42515],[-0.17052,51.42527]]},"properties":{"name":"Tooting High Street","category":"trunk","osm_type":"way","osm_id":"1181243118","operator":"Transport for London","ref":"A24"}},{"type":"Feature","geometry":{"type":"LineString","coordinates":[[-0.1707,51.42508],[-0.17065,51.42513]]},"properties":{"name":"Tooting High Street","category":"trunk","osm_type":"way","osm_id":"1181243119","operator":"Transport for London","ref":"A24"}},{"type":"Feature","geometry":{"type":"LineString","coordinates":[[-0.17123,51.42463],[-0.17118,51.42467]]},"properties":{"name":"Tooting High Street","category":"trunk","osm_type":"way","osm_id":"1181243120","operator":"Transport for London","ref":"A24"}},{"type":"Feature","geometry":{"type":"LineString","coordinates":[[-0.17127,51.42459],[-0.17123,51.42463]]},"properties":{"name":"Tooting High Street","category":"trunk","osm_type":"way","osm_id":"1181243121","operator":"Transport for London","ref":"A24"}},{"type":"Feature","geometry":{"type":"LineString","coordinates":[[-0.17183,51.42416],[-0.17172,51.42425]]},"properties":{"name":"Tooting High Street","category":"trunk","osm_type":"way","osm_id":"1181243128","operator":"Transport for London","ref":"A24"}},{"type":"Feature","geometry":{"type":"LineString","coordinates":[[-0.17172,51.42425],[-0.17169,51.42427]]},"properties":{"name":"Tooting High Street","category":"trunk","osm_type":"way","osm_id":"1181243129","operator":"Transport for London","ref":"A24"}},{"type":"Feature","geometry":{"type":"LineString","coordinates":[[-0.17185,51.42414],[-0.17183,51.42416]]},"properties":{"name":"Tooting High Street","category":"trunk","osm_type":"way","osm_id":"1181243130","operator":"Transport for London","ref":"A24"}},{"type":"Feature","geometry":{"type":"LineString","coordinates":[[-0.17215,51.42391],[-0.17185,51.42414]]},"properties":{"name":"Tooting High Street","category":"trunk","osm_type":"way","osm_id":"1181243131","operator":"Transport for London","ref":"A24"}},{"type":"Feature","geometry":{"type":"LineString","coordinates":[[-0.17227,51.42381],[-0.17215,51.42391]]},"properties":{"name":"Tooting High Street","category":"trunk","osm_type":"way","osm_id":"1181243132","operator":"Transport for London","ref":"A24"}},{"type":"Feature","geometry":{"type":"LineString","coordinates":[[-0.17242,51.4237],[-0.17227,51.42381]]},"properties":{"name":"Tooting High Street","category":"trunk","osm_type":"way","osm_id":"1181243133","operator":"Transport for London","ref":"A24"}},{"type":"Feature","geometry":{"type":"LineString","coordinates":[[-0.1725,51.42364],[-0.17242,51.4237]]},"properties":{"name":"Tooting High Street","category":"trunk","osm_type":"way","osm_id":"1181243134","operator":"Transport for London","ref":"A24"}},{"type":"Feature","geometry":{"type":"LineString","coordinates":[[-0.17255,51.4236],[-0.1725,51.42364]]},"properties":{"name":"Tooting High Street","category":"trunk","osm_type":"way","osm_id":"1181243135","operator":"Transport for London","ref":"A24"}},{"type":"Feature","geometry":{"type":"LineString","coordinates":[[-0.17272,51.42347],[-0.17263,51.42354]]},"properties":{"name":"High Street Colliers Wood","category":"trunk","osm_type":"way","osm_id":"1181243136","operator":"Transport for London","ref":"A24"}},{"type":"Feature","geometry":{"type":"LineString","coordinates":[[-0.1728,51.42341],[-0.17276,51.42345]]},"properties":{"name":"High Street Colliers Wood","category":"trunk","osm_type":"way","osm_id":"1181243137","operator":"Transport for London","ref":"A24"}},{"type":"Feature","geometry":{"type":"LineString","coordinates":[[-0.17276,51.42345],[-0.17272,51.42347]]},"properties":{"name":"High Street Colliers Wood","category":"trunk","osm_type":"way","osm_id":"1181243138","operator":"Transport for London","ref":"A24"}},{"type":"Feature","geometry":{"type":"LineString","coordinates":[[-0.17284,51.42339],[-0.1728,51.42341]]},"properties":{"name":"High Street Colliers Wood","category":"trunk","osm_type":"way","osm_id":"1181243139","operator":"Transport for London","ref":"A24"}},{"type":"Feature","geometry":{"type":"LineString","coordinates":[[-0.1734,51.42297],[-0.17334,51.42302]]},"properties":{"name":"High Street Colliers Wood","category":"trunk","osm_type":"way","osm_id":"1181243140","operator":"Transport for London","ref":"A24"}},{"type":"Feature","geometry":{"type":"LineString","coordinates":[[-0.17361,51.42279],[-0.17359,51.42281]]},"properties":{"name":"High Street Colliers Wood","category":"trunk","osm_type":"way","osm_id":"1181243141","operator":"Transport for London","ref":"A24"}},{"type":"Feature","geometry":{"type":"LineString","coordinates":[[-0.17451,51.42192],[-0.17441,51.42202]]},"properties":{"name":"High Street Colliers Wood","category":"trunk","osm_type":"way","osm_id":"1181243142","operator":"Transport for London","ref":"A24"}},{"type":"Feature","geometry":{"type":"LineString","coordinates":[[-0.17425,51.42219],[-0.17411,51.42232]]},"properties":{"name":"High Street Colliers Wood","category":"trunk","osm_type":"way","osm_id":"1181243143","operator":"Transport for London","ref":"A24"}},{"type":"Feature","geometry":{"type":"LineString","coordinates":[[-0.17432,51.42212],[-0.17425,51.42219]]},"properties":{"name":"High Street Colliers Wood","category":"trunk","osm_type":"way","osm_id":"1181243144","operator":"Transport for London","ref":"A24"}},{"type":"Feature","geometry":{"type":"LineString","coordinates":[[-0.17441,51.42202],[-0.17432,51.42212]]},"properties":{"name":"High Street Colliers Wood","category":"trunk","osm_type":"way","osm_id":"1181243145","operator":"Transport for London","ref":"A24"}},{"type":"Feature","geometry":{"type":"LineString","coordinates":[[-0.17458,51.42185],[-0.17451,51.42192]]},"properties":{"name":"High Street Colliers Wood","category":"trunk","osm_type":"way","osm_id":"1181243146","operator":"Transport for London","ref":"A24"}},{"type":"Feature","geometry":{"type":"LineString","coordinates":[[-0.17724,51.4191],[-0.17721,51.41912]]},"properties":{"name":"High Street Colliers Wood","category":"trunk","osm_type":"way","osm_id":"1181243962","operator":"Transport for London","ref":"A24"}},{"type":"Feature","geometry":{"type":"LineString","coordinates":[[-0.17728,51.41906],[-0.1773,51.419]]},"properties":{"name":"High Street Colliers Wood","category":"trunk","osm_type":"way","osm_id":"1181243963","operator":"Transport for London","ref":"A24"}},{"type":"Feature","geometry":{"type":"LineString","coordinates":[[-0.17721,51.41912],[-0.17713,51.41919]]},"properties":{"name":"High Street Colliers Wood","category":"trunk","osm_type":"way","osm_id":"1181243964","operator":"Transport for London","ref":"A24"}},{"type":"Feature","geometry":{"type":"LineString","coordinates":[[-0.00404,51.42462],[-0.00395,51.42448]]},"properties":{"name":"Bromley Road","category":"primary","osm_type":"way","osm_id":"1181245885","operator":"Transport for London","ref":"A21"}},{"type":"Feature","geometry":{"type":"LineString","coordinates":[[-0.20069,51.47261],[-0.20047,51.47266]]},"properties":{"name":"New King's Road","category":"primary","osm_type":"way","osm_id":"1181389746","ref":"A308"}},{"type":"Feature","geometry":{"type":"LineString","coordinates":[[-0.2007,51.4726],[-0.20069,51.47261]]},"properties":{"name":"New King's Road","category":"primary","osm_type":"way","osm_id":"1181389747","ref":"A308"}},{"type":"Feature","geometry":{"type":"LineString","coordinates":[[-0.20025,51.47271],[-0.20017,51.47271]]},"properties":{"name":"New King's Road","category":"primary","osm_type":"way","osm_id":"1181389748","ref":"A308"}},{"type":"Feature","geometry":{"type":"LineString","coordinates":[[-0.19961,51.47277],[-0.19947,51.47278]]},"properties":{"name":"New King's Road","category":"primary","osm_type":"way","osm_id":"1181389749","ref":"A308"}},{"type":"Feature","geometry":{"type":"LineString","coordinates":[[-0.19937,51.47279],[-0.19922,51.4728]]},"properties":{"name":"New King's Road","category":"primary","osm_type":"way","osm_id":"1181389750","ref":"A308"}},{"type":"Feature","geometry":{"type":"LineString","coordinates":[[-0.19941,51.47279],[-0.19937,51.47279]]},"properties":{"name":"New King's Road","category":"primary","osm_type":"way","osm_id":"1181389751","ref":"A308"}},{"type":"Feature","geometry":{"type":"LineString","coordinates":[[-0.51674,51.12277],[-0.51655,51.12264]]},"properties":{"name":"Horsham Road","category":"primary","osm_type":"way","osm_id":"1182987637","ref":"A281"}},{"type":"Feature","geometry":{"type":"LineString","coordinates":[[-0.51632,51.12225],[-0.51666,51.12236]]},"properties":{"name":"Horsham Road","category":"primary","osm_type":"way","osm_id":"1182987638","ref":"A281"}},{"type":"Feature","geometry":{"type":"LineString","coordinates":[[-0.51643,51.12253],[-0.51632,51.12225]]},"properties":{"name":"Horsham Road","category":"primary","osm_type":"way","osm_id":"1182987639","ref":"A281"}},{"type":"Feature","geometry":{"type":"LineString","coordinates":[[-0.51684,51.12262],[-0.51674,51.12277]]},"properties":{"name":"Horsham Road","category":"primary","osm_type":"way","osm_id":"1182987640","ref":"A281"}},{"type":"Feature","geometry":{"type":"LineString","coordinates":[[-0.51484,51.12003],[-0.51632,51.12225]]},"properties":{"name":"Horsham Road","category":"primary","osm_type":"way","osm_id":"1182987641","ref":"A281"}},{"type":"Feature","geometry":{"type":"LineString","coordinates":[[-0.51666,51.12236],[-0.51684,51.12262]]},"properties":{"name":"Major roads","category":"primary","osm_type":"way","osm_id":"1182987642"}},{"type":"Feature","geometry":{"type":"LineString","coordinates":[[-0.37933,51.27345],[-0.38007,51.2731]]},"properties":{"name":"Guildford Road","category":"primary","osm_type":"way","osm_id":"1184086074","ref":"A246"}},{"type":"Feature","geometry":{"type":"LineString","coordinates":[[-0.11626,51.49532],[-0.11617,51.49538]]},"properties":{"name":"Lambeth Road","category":"primary","osm_type":"way","osm_id":"1185063010","ref":"A3203"}},{"type":"Feature","geometry":{"type":"LineString","coordinates":[[-0.1156,51.49552],[-0.11546,51.49552]]},"properties":{"name":"Lambeth Road","category":"primary","osm_type":"way","osm_id":"1185063011","ref":"A3203"}},{"type":"Feature","geometry":{"type":"LineString","coordinates":[[-0.69006,51.10646],[-0.69048,51.10608]]},"properties":{"name":"A286","category":"primary","osm_type":"way","osm_id":"1185076382","ref":"A286"}},{"type":"Feature","geometry":{"type":"LineString","coordinates":[[-0.68996,51.10652],[-0.69006,51.10646]]},"properties":{"name":"A286","category":"primary","osm_type":"way","osm_id":"1185076383","ref":"A286"}},{"type":"Feature","geometry":{"type":"LineString","coordinates":[[-0.62292,51.11945],[-0.62521,51.12237]]},"properties":{"name":"Petworth Road","category":"primary","osm_type":"way","osm_id":"1185304369","ref":"A283"}},{"type":"Feature","geometry":{"type":"LineString","coordinates":[[-0.6229,51.11939],[-0.62292,51.11945]]},"properties":{"name":"Petworth Road","category":"primary","osm_type":"way","osm_id":"1185304370","ref":"A283"}},{"type":"Feature","geometry":{"type":"LineString","coordinates":[[-0.76102,51.31479],[-0.76163,51.31458]]},"properties":{"name":"M3","category":"motorway_link","osm_type":"way","osm_id":"1185620586","operator":"National Highways","ref":"M3"}},{"type":"Feature","geometry":{"type":"LineString","coordinates":[[-0.76117,51.31485],[-0.76176,51.31463]]},"properties":{"name":"M3","category":"motorway","osm_type":"way","osm_id":"1185620587","operator":"National Highways","ref":"M3"}},{"type":"Feature","geometry":{"type":"LineString","coordinates":[[-0.51643,51.12253],[-0.51666,51.12236]]},"properties":{"name":"Major roads","category":"primary","osm_type":"way","osm_id":"1185809534"}},{"type":"Feature","geometry":{"type":"LineString","coordinates":[[-0.51655,51.12264],[-0.51643,51.12253]]},"properties":{"name":"Major roads","category":"primary","osm_type":"way","osm_id":"1185809535"}},{"type":"Feature","geometry":{"type":"LineString","coordinates":[[-0.51684,51.12262],[-0.51655,51.12264]]},"properties":{"name":"Major roads","category":"primary","osm_type":"way","osm_id":"1185809536"}},{"type":"Feature","geometry":{"type":"LineString","coordinates":[[-0.18636,51.41599],[-0.18619,51.416]]},"properties":{"name":"Merton High Street","category":"primary","osm_type":"way","osm_id":"1186121237","ref":"A238"}},{"type":"Feature","geometry":{"type":"LineString","coordinates":[[-0.186,51.41601],[-0.18573,51.41603]]},"properties":{"name":"Merton High Street","category":"primary","osm_type":"way","osm_id":"1186121238","ref":"A238"}},{"type":"Feature","geometry":{"type":"LineString","coordinates":[[-0.1857,51.41603],[-0.1854,51.41605]]},"properties":{"name":"Merton High Street","category":"primary","osm_type":"way","osm_id":"1186121239","ref":"A238"}},{"type":"Feature","geometry":{"type":"LineString","coordinates":[[-0.1851,51.41608],[-0.18458,51.41611]]},"properties":{"name":"Merton High Street","category":"primary","osm_type":"way","osm_id":"1186121240","ref":"A238"}},{"type":"Feature","geometry":{"type":"LineString","coordinates":[[-0.18455,51.41612],[-0.18448,51.41612]]},"properties":{"name":"Merton High Street","category":"primary","osm_type":"way","osm_id":"1186121242","ref":"A238"}},{"type":"Feature","geometry":{"type":"LineString","coordinates":[[-0.18416,51.41614],[-0.184,51.41615]]},"properties":{"name":"Merton High Street","category":"primary","osm_type":"way","osm_id":"1186121247","ref":"A238"}},{"type":"Feature","geometry":{"type":"LineString","coordinates":[[-0.184,51.41615],[-0.18359,51.41618]]},"properties":{"name":"Merton High Street","category":"primary","osm_type":"way","osm_id":"1186121253","ref":"A238"}},{"type":"Feature","geometry":{"type":"LineString","coordinates":[[-0.18184,51.4163],[-0.18169,51.41633]]},"properties":{"name":"Merton High Street","category":"primary","osm_type":"way","osm_id":"1186121254","ref":"A238"}},{"type":"Feature","geometry":{"type":"LineString","coordinates":[[-0.1814,51.4164],[-0.18123,51.41644]]},"properties":{"name":"Merton High Street","category":"primary","osm_type":"way","osm_id":"1186121255","ref":"A238"}},{"type":"Feature","geometry":{"type":"LineString","coordinates":[[-0.18123,51.41644],[-0.18118,51.41646]]},"properties":{"name":"Merton High Street","category":"primary","osm_type":"way","osm_id":"1186121256","ref":"A238"}},{"type":"Feature","geometry":{"type":"LineString","coordinates":[[-0.18207,51.41626],[-0.18193,51.41628]]},"properties":{"name":"Merton High Street","category":"primary","osm_type":"way","osm_id":"1186121258","ref":"A238"}},{"type":"Feature","geometry":{"type":"LineString","coordinates":[[-0.62459,51.18122],[-0.62404,51.1812]]},"properties":{"name":"Ockford Road","category":"primary","osm_type":"way","osm_id":"1186200032","ref":"A3100"}},{"type":"Feature","geometry":{"type":"LineString","coordinates":[[-0.21033,51.45923],[-0.21019,51.45918]]},"properties":{"name":"Upper Richmond Road","category":"trunk","osm_type":"way","osm_id":"1187901280","operator":"Transport for London","ref":"A205"}},{"type":"Feature","geometry":{"type":"LineString","coordinates":[[-0.21102,51.45945],[-0.21082,51.45939]]},"properties":{"name":"Upper Richmond Road","category":"trunk","osm_type":"way","osm_id":"1187901281","operator":"Transport for London","ref":"A205"}},{"type":"Feature","geometry":{"type":"LineString","coordinates":[[-0.0966,51.37015],[-0.09673,51.37005]]},"properties":{"name":"Park Lane","category":"primary","osm_type":"way","osm_id":"1188249582","ref":"A212"}},{"type":"Feature","geometry":{"type":"LineString","coordinates":[[-0.11938,51.49467],[-0.11978,51.49456]]},"properties":{"name":"Lambeth Road","category":"primary","osm_type":"way","osm_id":"1188381957","ref":"A3203"}},{"type":"Feature","geometry":{"type":"LineString","coordinates":[[-0.11935,51.49474],[-0.11938,51.49467]]},"properties":{"name":"Lambeth Road","category":"primary","osm_type":"way","osm_id":"1188381958","ref":"A3203"}},{"type":"Feature","geometry":{"type":"LineString","coordinates":[[-0.11978,51.49456],[-0.11985,51.49452]]},"properties":{"name":"Lambeth Road","category":"primary","osm_type":"way","osm_id":"1188381960","ref":"A3203"}},{"type":"Feature","geometry":{"type":"LineString","coordinates":[[-0.12109,51.49401],[-0.12109,51.49419]]},"properties":{"name":"Albert Embankment","category":"primary_link","osm_type":"way","osm_id":"1188382407","operator":"Transport for London","ref":"A3036"}},{"type":"Feature","geometry":{"type":"LineString","coordinates":[[-0.12121,51.49439],[-0.12103,51.49438]]},"properties":{"name":"Lambeth Bridge","category":"primary","osm_type":"way","osm_id":"1188382412","operator":"Transport for London","ref":"A3036"}},{"type":"Feature","geometry":{"type":"LineString","coordinates":[[-0.12523,51.49476],[-0.12521,51.49499]]},"properties":{"name":"Millbank","category":"primary","osm_type":"way","osm_id":"1188382629","operator":"City of Westminster","ref":"A3212"}},{"type":"Feature","geometry":{"type":"LineString","coordinates":[[-0.14172,51.47959],[-0.14192,51.47954]]},"properties":{"name":"Battersea Park Road","category":"trunk","osm_type":"way","osm_id":"1188537057","operator":"Transport for London","ref":"A3205"}},{"type":"Feature","geometry":{"type":"LineString","coordinates":[[-0.14192,51.47954],[-0.14204,51.4795]]},"properties":{"name":"Battersea Park Road","category":"trunk","osm_type":"way","osm_id":"1188537059","operator":"Transport for London","ref":"A3205"}},{"type":"Feature","geometry":{"type":"LineString","coordinates":[[-0.16714,51.48317],[-0.16709,51.48308]]},"properties":{"name":"Albert Bridge","category":"primary","osm_type":"way","osm_id":"1188809166","ref":"A3031"}},{"type":"Feature","geometry":{"type":"LineString","coordinates":[[-0.1644,51.47483],[-0.16393,51.47484]]},"properties":{"name":"Prince of Wales Drive","category":"trunk","osm_type":"way","osm_id":"1188812311","operator":"Transport for London","ref":"A3220"}},{"type":"Feature","geometry":{"type":"LineString","coordinates":[[-0.16332,51.46846],[-0.16326,51.46834]]},"properties":{"name":"Latchmere Road","category":"trunk","osm_type":"way","osm_id":"1188894257","operator":"Transport for London","ref":"A3220"}},{"type":"Feature","geometry":{"type":"LineString","coordinates":[[-0.16326,51.46834],[-0.16323,51.46827]]},"properties":{"name":"Latchmere Road","category":"trunk","osm_type":"way","osm_id":"1188894258","operator":"Transport for London","ref":"A3220"}},{"type":"Feature","geometry":{"type":"LineString","coordinates":[[-0.04497,51.49198],[-0.04491,51.49192]]},"properties":{"name":"Lower Road","category":"primary","osm_type":"way","osm_id":"1188941949","ref":"A200"}},{"type":"Feature","geometry":{"type":"LineString","coordinates":[[-0.76191,51.25017],[-0.76176,51.25014]]},"properties":{"name":"Wellington Avenue","category":"primary","osm_type":"way","osm_id":"1189007548","ref":"A323"}},{"type":"Feature","geometry":{"type":"LineString","coordinates":[[-0.37507,51.27649],[-0.37687,51.27538]]},"properties":{"name":"Guildford Road","category":"primary","osm_type":"way","osm_id":"1189350372","ref":"A246"}},{"type":"Feature","geometry":{"type":"LineString","coordinates":[[-0.27197,51.08875],[-0.27091,51.08935]]},"properties":{"name":"Major roads","category":"trunk_link","osm_type":"way","osm_id":"1189632552"}},{"type":"Feature","geometry":{"type":"LineString","coordinates":[[-0.10148,51.45234],[-0.10156,51.45232]]},"properties":{"name":"Dulwich Road","category":"primary","osm_type":"way","osm_id":"1189759361","ref":"A2214"}},{"type":"Feature","geometry":{"type":"LineString","coordinates":[[-0.10146,51.4525],[-0.10126,51.4527]]},"properties":{"name":"Half Moon Lane","category":"primary","osm_type":"way","osm_id":"1189759365","ref":"A215"}},{"type":"Feature","geometry":{"type":"LineString","coordinates":[[-0.10139,51.4522],[-0.10142,51.45206]]},"properties":{"name":"Norwood Road","category":"primary","osm_type":"way","osm_id":"1189759366","ref":"A215"}},{"type":"Feature","geometry":{"type":"LineString","coordinates":[[-0.10122,51.45266],[-0.10138,51.45242]]},"properties":{"name":"Half Moon Lane","category":"primary","osm_type":"way","osm_id":"1189759369","ref":"A215"}},{"type":"Feature","geometry":{"type":"LineString","coordinates":[[-0.10142,51.45236],[-0.10148,51.45234]]},"properties":{"name":"Dulwich Road","category":"primary","osm_type":"way","osm_id":"1189759371","ref":"A2214"}},{"type":"Feature","geometry":{"type":"LineString","coordinates":[[-0.10154,51.45241],[-0.10142,51.45236]]},"properties":{"name":"Norwood Road","category":"primary","osm_type":"way","osm_id":"1189759372","ref":"A215"}},{"type":"Feature","geometry":{"type":"LineString","coordinates":[[-0.10156,51.45232],[-0.10154,51.45241]]},"properties":{"name":"Norwood Road","category":"primary","osm_type":"way","osm_id":"1189759374","ref":"A215"}},{"type":"Feature","geometry":{"type":"LineString","coordinates":[[-0.10156,51.45232],[-0.10226,51.4524]]},"properties":{"name":"Dulwich Road","category":"primary","osm_type":"way","osm_id":"1189759375","ref":"A2214"}},{"type":"Feature","geometry":{"type":"LineString","coordinates":[[-0.10105,51.4534],[-0.10095,51.45309]]},"properties":{"name":"Half Moon Lane","category":"primary","osm_type":"way","osm_id":"1189759376","ref":"A2214"}},{"type":"Feature","geometry":{"type":"LineString","coordinates":[[-0.10123,51.45273],[-0.10117,51.4528]]},"properties":{"name":"Half Moon Lane","category":"primary","osm_type":"way","osm_id":"1189759378","ref":"A215"}},{"type":"Feature","geometry":{"type":"LineString","coordinates":[[-0.10025,51.45295],[-0.1011,51.45279]]},"properties":{"name":"Half Moon Lane","category":"primary","osm_type":"way","osm_id":"1189759379","ref":"A2214"}},{"type":"Feature","geometry":{"type":"LineString","coordinates":[[-0.10106,51.45346],[-0.10105,51.4534]]},"properties":{"name":"Herne Hill","category":"primary","osm_type":"way","osm_id":"1189759382","ref":"A215"}},{"type":"Feature","geometry":{"type":"LineString","coordinates":[[-0.1012,51.45281],[-0.10105,51.4534]]},"properties":{"name":"Half Moon Lane","category":"primary","osm_type":"way","osm_id":"1189759397","ref":"A215"}},{"type":"Feature","geometry":{"type":"LineString","coordinates":[[-0.10117,51.4528],[-0.10095,51.45299]]},"properties":{"name":"Half Moon Lane","category":"primary","osm_type":"way","osm_id":"1189759399","ref":"A215"}},{"type":"Feature","geometry":{"type":"LineString","coordinates":[[-0.1011,51.45279],[-0.10112,51.45277]]},"properties":{"name":"Half Moon Lane","category":"primary","osm_type":"way","osm_id":"1189759401","ref":"A2214"}},{"type":"Feature","geometry":{"type":"LineString","coordinates":[[-0.10122,51.45275],[-0.1012,51.45281]]},"properties":{"name":"Half Moon Lane","category":"primary","osm_type":"way","osm_id":"1189759402","ref":"A215"}},{"type":"Feature","geometry":{"type":"LineString","coordinates":[[-0.10123,51.45273],[-0.10122,51.45275]]},"properties":{"name":"Half Moon Lane","category":"primary","osm_type":"way","osm_id":"1189759403","ref":"A215"}},{"type":"Feature","geometry":{"type":"LineString","coordinates":[[-0.10095,51.45299],[-0.1011,51.45279]]},"properties":{"name":"Half Moon Lane","category":"primary","osm_type":"way","osm_id":"1189759404","ref":"A2214"}},{"type":"Feature","geometry":{"type":"LineString","coordinates":[[-0.10095,51.45299],[-0.10086,51.45298]]},"properties":{"name":"Half Moon Lane","category":"primary","osm_type":"way","osm_id":"1189759405","ref":"A215"}},{"type":"Feature","geometry":{"type":"LineString","coordinates":[[-0.10086,51.45298],[-0.10025,51.45295]]},"properties":{"name":"Half Moon Lane","category":"primary","osm_type":"way","osm_id":"1189759406","ref":"A2214"}},{"type":"Feature","geometry":{"type":"LineString","coordinates":[[-0.10095,51.45309],[-0.10095,51.45299]]},"properties":{"name":"Half Moon Lane","category":"primary","osm_type":"way","osm_id":"1189759407","ref":"A2214"}},{"type":"Feature","geometry":{"type":"LineString","coordinates":[[-0.10126,51.4527],[-0.10123,51.45273]]},"properties":{"name":"Half Moon Lane","category":"primary","osm_type":"way","osm_id":"1189759486","ref":"A215"}},{"type":"Feature","geometry":{"type":"LineString","coordinates":[[-0.10112,51.45277],[-0.10122,51.45266]]},"properties":{"name":"Half Moon Lane","category":"primary","osm_type":"way","osm_id":"1189759487","ref":"A215"}},{"type":"Feature","geometry":{"type":"LineString","coordinates":[[-0.10154,51.45241],[-0.10146,51.4525]]},"properties":{"name":"Half Moon Lane","category":"primary","osm_type":"way","osm_id":"1189759488","ref":"A215"}},{"type":"Feature","geometry":{"type":"LineString","coordinates":[[-0.0249,51.47481],[-0.02464,51.4748]]},"properties":{"name":"Deptford Broadway","category":"trunk","osm_type":"way","osm_id":"1189878317","operator":"Transport for London","ref":"A2"}},{"type":"Feature","geometry":{"type":"LineString","coordinates":[[-0.02482,51.47472],[-0.02515,51.4748]]},"properties":{"name":"Deptford Broadway","category":"trunk","osm_type":"way","osm_id":"1189878898","operator":"Transport for London","ref":"A2"}},{"type":"Feature","geometry":{"type":"LineString","coordinates":[[-0.4949,51.38372],[-0.49473,51.38371]]},"properties":{"name":"Eastworth Road","category":"primary_link","osm_type":"way","osm_id":"1190011193","ref":"A317"}},{"type":"Feature","geometry":{"type":"LineString","coordinates":[[-0.49423,51.38352],[-0.49427,51.3833]]},"properties":{"name":"Chertsey Road","category":"primary","osm_type":"way","osm_id":"1190011194","ref":"A317"}},{"type":"Feature","geometry":{"type":"LineString","coordinates":[[-0.49443,51.38312],[-0.49442,51.38322]]},"properties":{"name":"Chertsey Road","category":"primary","osm_type":"way","osm_id":"1190011195","ref":"A317"}},{"type":"Feature","geometry":{"type":"LineString","coordinates":[[-0.11138,51.33352],[-0.11256,51.33478]]},"properties":{"name":"Godstone Road","category":"trunk","osm_type":"way","osm_id":"1190550785","operator":"Transport for London","ref":"A22"}},{"type":"Feature","geometry":{"type":"LineString","coordinates":[[-0.07527,51.48744],[-0.07591,51.48772]]},"properties":{"name":"Old Kent Road","category":"trunk","osm_type":"way","osm_id":"1191447573","operator":"Transport for London","ref":"A2"}},{"type":"Feature","geometry":{"type":"LineString","coordinates":[[-0.07774,51.48888],[-0.07754,51.48879]]},"properties":{"name":"Old Kent Road","category":"trunk","osm_type":"way","osm_id":"1191447574","operator":"Transport for London","ref":"A2"}},{"type":"Feature","geometry":{"type":"LineString","coordinates":[[-0.34114,51.40548],[-0.34108,51.40556]]},"properties":{"name":"Hampton Court Road","category":"primary","osm_type":"way","osm_id":"1191582026","ref":"A308"}},{"type":"Feature","geometry":{"type":"LineString","coordinates":[[-0.34018,51.40684],[-0.33883,51.40682]]},"properties":{"name":"Hampton Court Road","category":"primary","osm_type":"way","osm_id":"1191582974","ref":"A308"}},{"type":"Feature","geometry":{"type":"LineString","coordinates":[[-0.33684,51.40654],[-0.33532,51.40644]]},"properties":{"name":"Hampton Court Road","category":"primary","osm_type":"way","osm_id":"1191591631","ref":"A308"}},{"type":"Feature","geometry":{"type":"LineString","coordinates":[[-0.96013,51.47064],[-0.96055,51.4706]]},"properties":{"name":"Henley Road","category":"primary","osm_type":"way","osm_id":"1191687500","ref":"A4155"}},{"type":"Feature","geometry":{"type":"LineString","coordinates":[[-0.95142,51.47144],[-0.95218,51.47117]]},"properties":{"name":"Henley Road","category":"primary","osm_type":"way","osm_id":"1191687501","ref":"A4155"}},{"type":"Feature","geometry":{"type":"LineString","coordinates":[[-0.94123,51.47511],[-0.94149,51.47505]]},"properties":{"name":"Henley Road","category":"primary","osm_type":"way","osm_id":"1191687502","ref":"A4155"}},{"type":"Feature","geometry":{"type":"LineString","coordinates":[[-0.00365,51.42403],[-0.00196,51.42155]]},"properties":{"name":"Bromley Road","category":"primary","osm_type":"way","osm_id":"1191743446","operator":"Transport for London","ref":"A21"}},{"type":"Feature","geometry":{"type":"LineString","coordinates":[[-0.18359,51.41618],[-0.18354,51.41618]]},"properties":{"name":"Merton High Street","category":"primary","osm_type":"way","osm_id":"1192535468","ref":"A238"}},{"type":"Feature","geometry":{"type":"LineString","coordinates":[[-0.1823,51.41624],[-0.18221,51.41625]]},"properties":{"name":"Merton High Street","category":"primary","osm_type":"way","osm_id":"1192535471","ref":"A238"}},{"type":"Feature","geometry":{"type":"LineString","coordinates":[[-0.1854,51.41605],[-0.18536,51.41606]]},"properties":{"name":"Merton High Street","category":"primary","osm_type":"way","osm_id":"1192535474","ref":"A238"}},{"type":"Feature","geometry":{"type":"LineString","coordinates":[[-0.18458,51.41611],[-0.18455,51.41612]]},"properties":{"name":"Merton High Street","category":"primary","osm_type":"way","osm_id":"1192535475","ref":"A238"}},{"type":"Feature","geometry":{"type":"LineString","coordinates":[[-0.18619,51.416],[-0.18607,51.41601]]},"properties":{"name":"Merton High Street","category":"primary","osm_type":"way","osm_id":"1192544958","ref":"A238"}},{"type":"Feature","geometry":{"type":"LineString","coordinates":[[-0.18644,51.41598],[-0.18636,51.41599]]},"properties":{"name":"Merton High Street","category":"primary","osm_type":"way","osm_id":"1192544961","ref":"A238"}},{"type":"Feature","geometry":{"type":"LineString","coordinates":[[-0.18573,51.41603],[-0.1857,51.41603]]},"properties":{"name":"Merton High Street","category":"primary","osm_type":"way","osm_id":"1192552864","ref":"A238"}},{"type":"Feature","geometry":{"type":"LineString","coordinates":[[-0.18607,51.41601],[-0.186,51.41601]]},"properties":{"name":"Merton High Street","category":"primary","osm_type":"way","osm_id":"1192552865","ref":"A238"}},{"type":"Feature","geometry":{"type":"LineString","coordinates":[[-0.18448,51.41612],[-0.18445,51.41612]]},"properties":{"name":"Merton High Street","category":"primary","osm_type":"way","osm_id":"1192552868","ref":"A238"}},{"type":"Feature","geometry":{"type":"LineString","coordinates":[[-0.11122,51.48858],[-0.11111,51.4887]]},"properties":{"name":"Kennington Lane","category":"trunk","osm_type":"way","osm_id":"1192573062","operator":"Transport for London","ref":"A3204"}},{"type":"Feature","geometry":{"type":"LineString","coordinates":[[-0.11111,51.4887],[-0.11076,51.48893]]},"properties":{"name":"Kennington Lane","category":"trunk","osm_type":"way","osm_id":"1192573063","operator":"Transport for London","ref":"A3204"}},{"type":"Feature","geometry":{"type":"LineString","coordinates":[[-0.00073,51.48344],[-0.00062,51.48347]]},"properties":{"name":"Trafalgar Road","category":"primary","osm_type":"way","osm_id":"1192626400","ref":"A206"}},{"type":"Feature","geometry":{"type":"LineString","coordinates":[[-0.01606,51.47695],[-0.0162,51.47687]]},"properties":{"name":"Greenwich High Road","category":"primary","osm_type":"way","osm_id":"1192631937","ref":"A206"}},{"type":"Feature","geometry":{"type":"LineString","coordinates":[[-0.01251,51.47786],[-0.01232,51.47791]]},"properties":{"name":"Greenwich High Road","category":"primary","osm_type":"way","osm_id":"1192631938","ref":"A206"}},{"type":"Feature","geometry":{"type":"LineString","coordinates":[[-0.01117,51.47848],[-0.01108,51.47853]]},"properties":{"name":"Greenwich High Road","category":"primary","osm_type":"way","osm_id":"1192631939","ref":"A206"}},{"type":"Feature","geometry":{"type":"LineString","coordinates":[[-0.00921,51.48031],[-0.0092,51.48043]]},"properties":{"name":"Greenwich Church Street","category":"primary","osm_type":"way","osm_id":"1192631941","ref":"A206"}},{"type":"Feature","geometry":{"type":"LineString","coordinates":[[-0.57045,51.2479],[-0.57174,51.24808]]},"properties":{"name":"Major roads","category":"primary_link","osm_type":"way","osm_id":"1192974324"}},{"type":"Feature","geometry":{"type":"LineString","coordinates":[[-0.57271,51.24811],[-0.57149,51.24792]]},"properties":{"name":"Major roads","category":"primary_link","osm_type":"way","osm_id":"1192974325"}},{"type":"Feature","geometry":{"type":"LineString","coordinates":[[-0.57155,51.24847],[-0.5717,51.24794]]},"properties":{"name":"Major roads","category":"primary_link","osm_type":"way","osm_id":"1192974326"}},{"type":"Feature","geometry":{"type":"LineString","coordinates":[[-0.57148,51.24807],[-0.57149,51.24792]]},"properties":{"name":"Woking Road","category":"primary","osm_type":"way","osm_id":"1192974327","ref":"A320"}},{"type":"Feature","geometry":{"type":"LineString","coordinates":[[-0.57174,51.24808],[-0.57148,51.24807]]},"properties":{"name":"Ladymead","category":"primary","osm_type":"way","osm_id":"1192974328","ref":"A25"}},{"type":"Feature","geometry":{"type":"LineString","coordinates":[[-0.5717,51.24794],[-0.57174,51.24808]]},"properties":{"name":"Woking Road","category":"primary","osm_type":"way","osm_id":"1192974329","ref":"A320"}},{"type":"Feature","geometry":{"type":"LineString","coordinates":[[-0.57148,51.24807],[-0.57013,51.2479]]},"properties":{"name":"Parkway","category":"primary","osm_type":"way","osm_id":"1192974350","ref":"A25"}},{"type":"Feature","geometry":{"type":"LineString","coordinates":[[-0.56866,51.24777],[-0.56651,51.24766]]},"properties":{"name":"Parkway","category":"primary","osm_type":"way","osm_id":"1192974351","ref":"A25"}},{"type":"Feature","geometry":{"type":"LineString","coordinates":[[-0.56866,51.24777],[-0.57013,51.2479]]},"properties":{"name":"Parkway","category":"primary","osm_type":"way","osm_id":"1192974352","ref":"A25"}},{"type":"Feature","geometry":{"type":"LineString","coordinates":[[-0.57013,51.2479],[-0.57041,51.24789]]},"properties":{"name":"Parkway","category":"primary","osm_type":"way","osm_id":"1192974353","ref":"A25"}},{"type":"Feature","geometry":{"type":"LineString","coordinates":[[-0.23319,51.49271],[-0.23335,51.49273]]},"properties":{"name":"King Street","category":"primary","osm_type":"way","osm_id":"1193311171","ref":"A315"}},{"type":"Feature","geometry":{"type":"LineString","coordinates":[[-0.26348,51.49248],[-0.2639,51.4925]]},"properties":{"name":"Chiswick High Road","category":"primary","osm_type":"way","osm_id":"1193316175","ref":"A315"}},{"type":"Feature","geometry":{"type":"LineString","coordinates":[[-0.71095,51.25125],[-0.71009,51.25022]]},"properties":{"name":"Stonehill Road","category":"primary","osm_type":"way","osm_id":"1193654182","ref":"A323"}},{"type":"Feature","geometry":{"type":"LineString","coordinates":[[-0.71009,51.25022],[-0.70966,51.24985]]},"properties":{"name":"Stonehill Road","category":"primary","osm_type":"way","osm_id":"1193655638","ref":"A323"}},{"type":"Feature","geometry":{"type":"LineString","coordinates":[[-0.14996,51.48578],[-0.14995,51.48573]]},"properties":{"name":"Chelsea Bridge","category":"primary","osm_type":"way","osm_id":"1193908833","ref":"A3216"}},{"type":"Feature","geometry":{"type":"LineString","coordinates":[[-0.14998,51.48586],[-0.14996,51.48578]]},"properties":{"name":"Chelsea Bridge Road","category":"primary","osm_type":"way","osm_id":"1193908834","ref":"A3216"}},{"type":"Feature","geometry":{"type":"LineString","coordinates":[[-0.14998,51.48586],[-0.14991,51.48587]]},"properties":{"name":"Grosvenor Road","category":"trunk","osm_type":"way","osm_id":"1193908835","operator":"Transport for London","ref":"A3212"}},{"type":"Feature","geometry":{"type":"LineString","coordinates":[[-0.1501,51.48585],[-0.14998,51.48586]]},"properties":{"name":"Grosvenor Road","category":"trunk","osm_type":"way","osm_id":"1193908836","operator":"Transport for London","ref":"A3212"}},{"type":"Feature","geometry":{"type":"LineString","coordinates":[[-0.1137,51.45521],[-0.11327,51.45437]]},"properties":{"name":"Tulse Hill","category":"primary","osm_type":"way","osm_id":"1194676219","ref":"A204"}},{"type":"Feature","geometry":{"type":"LineString","coordinates":[[-0.11603,51.4607],[-0.11625,51.46033]]},"properties":{"name":"Brixton Hill","category":"trunk","osm_type":"way","osm_id":"1194676985","operator":"Transport for London","ref":"A23"}},{"type":"Feature","geometry":{"type":"LineString","coordinates":[[-0.19587,51.43451],[-0.1956,51.43401]]},"properties":{"name":"Durnsford Road","category":"primary","osm_type":"way","osm_id":"1194703990","ref":"A218"}},{"type":"Feature","geometry":{"type":"LineString","coordinates":[[-0.53526,51.1619],[-0.53836,51.16379]]},"properties":{"name":"Horsham Road","category":"primary","osm_type":"way","osm_id":"1194830462","ref":"A281"}},{"type":"Feature","geometry":{"type":"LineString","coordinates":[[-0.53514,51.16182],[-0.53526,51.1619]]},"properties":{"name":"Horsham Road","category":"primary","osm_type":"way","osm_id":"1194830463","ref":"A281"}},{"type":"Feature","geometry":{"type":"LineString","coordinates":[[-0.53842,51.16385],[-0.53854,51.164]]},"properties":{"name":"Horsham Road","category":"primary","osm_type":"way","osm_id":"1194830492","ref":"A281"}},{"type":"Feature","geometry":{"type":"LineString","coordinates":[[-0.53836,51.16379],[-0.53842,51.16385]]},"properties":{"name":"Horsham Road","category":"primary","osm_type":"way","osm_id":"1194830493","ref":"A281"}},{"type":"Feature","geometry":{"type":"LineString","coordinates":[[-0.18997,51.46731],[-0.19028,51.4678]]},"properties":{"name":"Wandsworth Bridge Road","category":"primary","osm_type":"way","osm_id":"1195044067","ref":"A217"}},{"type":"Feature","geometry":{"type":"LineString","coordinates":[[-0.46215,51.48095],[-0.46299,51.48107]]},"properties":{"name":"Bath Road","category":"trunk","osm_type":"way","osm_id":"1195549155","operator":"Transport for London","ref":"A4"}},{"type":"Feature","geometry":{"type":"LineString","coordinates":[[-0.46104,51.48095],[-0.46131,51.48092]]},"properties":{"name":"Bath Road","category":"trunk","osm_type":"way","osm_id":"1195549156","operator":"Transport for London","ref":"A4"}},{"type":"Feature","geometry":{"type":"LineString","coordinates":[[-0.03754,51.13879],[-0.0378,51.13892]]},"properties":{"name":"London Road","category":"trunk","osm_type":"way","osm_id":"1196397806","ref":"A22"}},{"type":"Feature","geometry":{"type":"LineString","coordinates":[[-0.03857,51.13953],[-0.03907,51.13951]]},"properties":{"name":"Copthorne Road","category":"trunk","osm_type":"way","osm_id":"1196397807","ref":"A264"}},{"type":"Feature","geometry":{"type":"LineString","coordinates":[[-0.77711,51.25027],[-0.778,51.25028]]},"properties":{"name":"Wellington Avenue","category":"primary","osm_type":"way","osm_id":"1197022493","ref":"A323"}},{"type":"Feature","geometry":{"type":"LineString","coordinates":[[-0.21634,51.35768],[-0.21543,51.35787]]},"properties":{"name":"High Street","category":"trunk","osm_type":"way","osm_id":"1197058715","operator":"Transport for London","ref":"A232"}},{"type":"Feature","geometry":{"type":"LineString","coordinates":[[-0.21644,51.35809],[-0.21634,51.35768]]},"properties":{"name":"The Broadway","category":"primary","osm_type":"way","osm_id":"1197059302","ref":"A2043"}},{"type":"Feature","geometry":{"type":"LineString","coordinates":[[-0.05845,51.49888],[-0.0583,51.49889]]},"properties":{"name":"Jamaica Road","category":"primary","osm_type":"way","osm_id":"1198935350","operator":"Transport for London","ref":"A200"}},{"type":"Feature","geometry":{"type":"LineString","coordinates":[[-0.0583,51.49889],[-0.05795,51.49892]]},"properties":{"name":"Jamaica Road","category":"primary","osm_type":"way","osm_id":"1198935351","operator":"Transport for London","ref":"A200"}},{"type":"Feature","geometry":{"type":"LineString","coordinates":[[-0.14149,51.49664],[-0.14112,51.4967]]},"properties":{"name":"Victoria Street","category":"primary","osm_type":"way","osm_id":"1199662696","ref":"A302"}},{"type":"Feature","geometry":{"type":"LineString","coordinates":[[-0.01312,51.44535],[-0.0088,51.44509]]},"properties":{"name":"Brownhill Road","category":"trunk","osm_type":"way","osm_id":"1199803054","operator":"Transport for London","ref":"A205"}},{"type":"Feature","geometry":{"type":"LineString","coordinates":[[-0.13277,51.48607],[-0.13262,51.48611]]},"properties":{"name":"Grosvenor Road","category":"trunk","osm_type":"way","osm_id":"1200727269","operator":"Transport for London","ref":"A3212"}},{"type":"Feature","geometry":{"type":"LineString","coordinates":[[-0.13285,51.48602],[-0.13277,51.48607]]},"properties":{"name":"Grosvenor Road","category":"trunk","osm_type":"way","osm_id":"1200727270","operator":"Transport for London","ref":"A3212"}},{"type":"Feature","geometry":{"type":"LineString","coordinates":[[-0.13258,51.48604],[-0.13274,51.48601]]},"properties":{"name":"Grosvenor Road","category":"trunk","osm_type":"way","osm_id":"1200727271","operator":"Transport for London","ref":"A3212"}},{"type":"Feature","geometry":{"type":"LineString","coordinates":[[-0.13274,51.48601],[-0.13285,51.48602]]},"properties":{"name":"Grosvenor Road","category":"trunk","osm_type":"way","osm_id":"1200727272","operator":"Transport for London","ref":"A3212"}},{"type":"Feature","geometry":{"type":"LineString","coordinates":[[-0.13301,51.48599],[-0.13285,51.48602]]},"properties":{"name":"Grosvenor Road","category":"trunk","osm_type":"way","osm_id":"1200727273","operator":"Transport for London","ref":"A3212"}},{"type":"Feature","geometry":{"type":"LineString","coordinates":[[-0.13312,51.48597],[-0.13301,51.48599]]},"properties":{"name":"Grosvenor Road","category":"trunk","osm_type":"way","osm_id":"1200727274","operator":"Transport for London","ref":"A3212"}},{"type":"Feature","geometry":{"type":"LineString","coordinates":[[-0.13373,51.48586],[-0.13356,51.48589]]},"properties":{"name":"Grosvenor Road","category":"trunk","osm_type":"way","osm_id":"1200727275","operator":"Transport for London","ref":"A3212"}},{"type":"Feature","geometry":{"type":"LineString","coordinates":[[-0.13323,51.48595],[-0.13312,51.48597]]},"properties":{"name":"Grosvenor Road","category":"trunk","osm_type":"way","osm_id":"1200727276","operator":"Transport for London","ref":"A3212"}},{"type":"Feature","geometry":{"type":"LineString","coordinates":[[-0.73538,51.34256],[-0.73523,51.3426]]},"properties":{"name":"London Road","category":"primary","osm_type":"way","osm_id":"1200845441","ref":"A30"}},{"type":"Feature","geometry":{"type":"LineString","coordinates":[[-0.73582,51.34245],[-0.73538,51.34256]]},"properties":{"name":"London Road","category":"primary","osm_type":"way","osm_id":"1200845442","ref":"A30"}},{"type":"Feature","geometry":{"type":"LineString","coordinates":[[-0.73622,51.34234],[-0.73582,51.34245]]},"properties":{"name":"London Road","category":"primary","osm_type":"way","osm_id":"1200845443","ref":"A30"}},{"type":"Feature","geometry":{"type":"LineString","coordinates":[[-0.71288,51.34929],[-0.71225,51.34955]]},"properties":{"name":"London Road","category":"primary","osm_type":"way","osm_id":"1200923630","ref":"A30"}},{"type":"Feature","geometry":{"type":"LineString","coordinates":[[-0.45124,51.37141],[-0.45141,51.37153]]},"properties":{"name":"Monument Hill","category":"primary","osm_type":"way","osm_id":"1200929738","ref":"A317"}},{"type":"Feature","geometry":{"type":"LineString","coordinates":[[-0.94875,51.41701],[-0.94851,51.4177]]},"properties":{"name":"Shinfield Road","category":"primary","osm_type":"way","osm_id":"1201715430","ref":"A327"}},{"type":"Feature","geometry":{"type":"LineString","coordinates":[[-0.94834,51.41817],[-0.94822,51.41849]]},"properties":{"name":"Shinfield Road","category":"primary","osm_type":"way","osm_id":"1201715431","ref":"A327"}},{"type":"Feature","geometry":{"type":"LineString","coordinates":[[-0.94675,51.42249],[-0.94654,51.42306]]},"properties":{"name":"Shinfield Road","category":"primary","osm_type":"way","osm_id":"1201715436","ref":"A327"}},{"type":"Feature","geometry":{"type":"LineString","coordinates":[[-0.49839,51.47389],[-0.49626,51.47434]]},"properties":{"name":"Terminal 5 Spur","category":"motorway","osm_type":"way","osm_id":"1202201004","operator":"National Highways","ref":"M25"}},{"type":"Feature","geometry":{"type":"LineString","coordinates":[[-0.50052,51.4738],[-0.50029,51.47379]]},"properties":{"name":"Terminal 5 Spur","category":"motorway","osm_type":"way","osm_id":"1202201012","operator":"National Highways","ref":"M25"}},{"type":"Feature","geometry":{"type":"LineString","coordinates":[[-0.50186,51.47396],[-0.50145,51.47389]]},"properties":{"name":"Terminal 5 Spur","category":"motorway","osm_type":"way","osm_id":"1202201013","operator":"National Highways","ref":"M25"}},{"type":"Feature","geometry":{"type":"LineString","coordinates":[[-0.50145,51.47389],[-0.50052,51.4738]]},"properties":{"name":"Terminal 5 Spur","category":"motorway","osm_type":"way","osm_id":"1202201014","operator":"National Highways","ref":"M25"}},{"type":"Feature","geometry":{"type":"LineString","coordinates":[[-0.06656,51.46302],[-0.06653,51.46317]]},"properties":{"name":"Peckham Rye","category":"primary","osm_type":"way","osm_id":"1202444151","ref":"A2215"}},{"type":"Feature","geometry":{"type":"LineString","coordinates":[[-0.06667,51.46237],[-0.06665,51.46253]]},"properties":{"name":"Peckham Rye","category":"primary","osm_type":"way","osm_id":"1202444152","ref":"A2215"}},{"type":"Feature","geometry":{"type":"LineString","coordinates":[[-0.32874,51.43246],[-0.32839,51.43221]]},"properties":{"name":"Twickenham Road","category":"primary","osm_type":"way","osm_id":"1203000815","ref":"A310"}},{"type":"Feature","geometry":{"type":"LineString","coordinates":[[-0.32948,51.43304],[-0.32942,51.43296]]},"properties":{"name":"Twickenham Road","category":"primary","osm_type":"way","osm_id":"1203000816","ref":"A310"}},{"type":"Feature","geometry":{"type":"LineString","coordinates":[[-0.32963,51.43453],[-0.3296,51.43435]]},"properties":{"name":"Strawberry Vale","category":"primary","osm_type":"way","osm_id":"1203000817","ref":"A310"}},{"type":"Feature","geometry":{"type":"LineString","coordinates":[[-0.33009,51.43549],[-0.33003,51.43542]]},"properties":{"name":"Strawberry Vale","category":"primary","osm_type":"way","osm_id":"1203000818","ref":"A310"}},{"type":"Feature","geometry":{"type":"LineString","coordinates":[[-0.33047,51.43592],[-0.33046,51.43591]]},"properties":{"name":"Strawberry Vale","category":"primary","osm_type":"way","osm_id":"1203000819","ref":"A310"}},{"type":"Feature","geometry":{"type":"LineString","coordinates":[[-0.33105,51.43687],[-0.33095,51.43665]]},"properties":{"name":"Strawberry Vale","category":"primary","osm_type":"way","osm_id":"1203000820","ref":"A310"}},{"type":"Feature","geometry":{"type":"LineString","coordinates":[[-0.20352,51.4975],[-0.20334,51.49756]]},"properties":{"name":"Kensington High Street","category":"primary","osm_type":"way","osm_id":"1203819310","ref":"A315"}},{"type":"Feature","geometry":{"type":"LineString","coordinates":[[-0.20334,51.49756],[-0.20314,51.49763]]},"properties":{"name":"Kensington High Street","category":"primary","osm_type":"way","osm_id":"1203819311","ref":"A315"}},{"type":"Feature","geometry":{"type":"LineString","coordinates":[[-0.20261,51.49782],[-0.20225,51.49795]]},"properties":{"name":"Kensington High Street","category":"primary","osm_type":"way","osm_id":"1203819312","ref":"A315"}},{"type":"Feature","geometry":{"type":"LineString","coordinates":[[-0.20219,51.49803],[-0.20211,51.49806]]},"properties":{"name":"Kensington High Street","category":"primary","osm_type":"way","osm_id":"1203819313","ref":"A315"}},{"type":"Feature","geometry":{"type":"LineString","coordinates":[[-0.20225,51.49795],[-0.20219,51.49803]]},"properties":{"name":"Kensington High Street","category":"primary","osm_type":"way","osm_id":"1203819314","ref":"A315"}},{"type":"Feature","geometry":{"type":"LineString","coordinates":[[-0.20184,51.4981],[-0.2019,51.49802]]},"properties":{"name":"Kensington High Street","category":"primary","osm_type":"way","osm_id":"1203819316","ref":"A315"}},{"type":"Feature","geometry":{"type":"LineString","coordinates":[[-0.20208,51.49807],[-0.20184,51.4981]]},"properties":{"name":"Kensington High Street","category":"primary","osm_type":"way","osm_id":"1203819317","ref":"A315"}},{"type":"Feature","geometry":{"type":"LineString","coordinates":[[-0.20204,51.49797],[-0.20225,51.49795]]},"properties":{"name":"Kensington High Street","category":"primary","osm_type":"way","osm_id":"1203819318","ref":"A315"}},{"type":"Feature","geometry":{"type":"LineString","coordinates":[[-0.2019,51.49802],[-0.20204,51.49797]]},"properties":{"name":"Kensington High Street","category":"primary","osm_type":"way","osm_id":"1203819319","ref":"A315"}},{"type":"Feature","geometry":{"type":"LineString","coordinates":[[-0.20314,51.49763],[-0.20305,51.49766]]},"properties":{"name":"Kensington High Street","category":"primary","osm_type":"way","osm_id":"1203819322","ref":"A315"}},{"type":"Feature","geometry":{"type":"LineString","coordinates":[[-0.20118,51.49834],[-0.20105,51.49839]]},"properties":{"name":"Kensington High Street","category":"primary","osm_type":"way","osm_id":"1203819323","ref":"A315"}},{"type":"Feature","geometry":{"type":"LineString","coordinates":[[-0.19993,51.49868],[-0.20002,51.49871]]},"properties":{"name":"Kensington High Street","category":"primary","osm_type":"way","osm_id":"1203819324","ref":"A315"}},{"type":"Feature","geometry":{"type":"LineString","coordinates":[[-0.19999,51.49876],[-0.19987,51.49879]]},"properties":{"name":"Kensington High Street","category":"primary","osm_type":"way","osm_id":"1203819325","ref":"A315"}},{"type":"Feature","geometry":{"type":"LineString","coordinates":[[-0.19976,51.49882],[-0.19968,51.4988]]},"properties":{"name":"Kensington High Street","category":"primary","osm_type":"way","osm_id":"1203819326","ref":"A315"}},{"type":"Feature","geometry":{"type":"LineString","coordinates":[[-0.19909,51.49896],[-0.19882,51.49904]]},"properties":{"name":"Kensington High Street","category":"primary","osm_type":"way","osm_id":"1203819327","ref":"A315"}},{"type":"Feature","geometry":{"type":"LineString","coordinates":[[-0.19968,51.4988],[-0.19958,51.49883]]},"properties":{"name":"Kensington High Street","category":"primary","osm_type":"way","osm_id":"1203819328","ref":"A315"}},{"type":"Feature","geometry":{"type":"LineString","coordinates":[[-0.19914,51.49895],[-0.19909,51.49896]]},"properties":{"name":"Kensington High Street","category":"primary","osm_type":"way","osm_id":"1203819329","ref":"A315"}},{"type":"Feature","geometry":{"type":"LineString","coordinates":[[-0.19882,51.49904],[-0.19864,51.49908]]},"properties":{"name":"Kensington High Street","category":"primary","osm_type":"way","osm_id":"1203819330","ref":"A315"}},{"type":"Feature","geometry":{"type":"LineString","coordinates":[[-0.20254,51.41967],[-0.20224,51.41961]]},"properties":{"name":"The Broadway","category":"primary","osm_type":"way","osm_id":"1204965133","ref":"A219"}},{"type":"Feature","geometry":{"type":"LineString","coordinates":[[-0.36742,51.46761],[-0.36661,51.4673]]},"properties":{"name":"Staines Road","category":"primary","osm_type":"way","osm_id":"1205221077","ref":"A315"}},{"type":"Feature","geometry":{"type":"LineString","coordinates":[[-0.36661,51.4673],[-0.36646,51.46697]]},"properties":{"name":"Staines Road","category":"primary","osm_type":"way","osm_id":"1205221078","ref":"A315"}},{"type":"Feature","geometry":{"type":"LineString","coordinates":[[-0.36661,51.4673],[-0.36742,51.46761]]},"properties":{"name":"Staines Road","category":"primary","osm_type":"way","osm_id":"1205221079","ref":"A315"}},{"type":"Feature","geometry":{"type":"LineString","coordinates":[[-0.26271,51.49246],[-0.26247,51.49245]]},"properties":{"name":"Chiswick High Road","category":"primary","osm_type":"way","osm_id":"1205473438","ref":"A315"}},{"type":"Feature","geometry":{"type":"LineString","coordinates":[[-0.36268,51.46692],[-0.36318,51.46722]]},"properties":{"name":"Major roads","category":"primary","osm_type":"way","osm_id":"1205920669"}},{"type":"Feature","geometry":{"type":"LineString","coordinates":[[-0.32381,51.47854],[-0.32375,51.47859]]},"properties":{"name":"B454","category":"primary_link","osm_type":"way","osm_id":"1206003724","ref":"B454"}},{"type":"Feature","geometry":{"type":"LineString","coordinates":[[-0.11976,51.45459],[-0.12011,51.45407]]},"properties":{"name":"Brixton Hill","category":"trunk","osm_type":"way","osm_id":"1206124714","operator":"Transport for London","ref":"A23"}},{"type":"Feature","geometry":{"type":"LineString","coordinates":[[-0.12022,51.45387],[-0.1203,51.45375]]},"properties":{"name":"Brixton Hill","category":"trunk","osm_type":"way","osm_id":"1206124715","operator":"Transport for London","ref":"A23"}},{"type":"Feature","geometry":{"type":"LineString","coordinates":[[-0.12011,51.45407],[-0.12022,51.45387]]},"properties":{"name":"Brixton Hill","category":"trunk","osm_type":"way","osm_id":"1206124716","operator":"Transport for London","ref":"A23"}},{"type":"Feature","geometry":{"type":"LineString","coordinates":[[-0.12038,51.45362],[-0.12153,51.45182]]},"properties":{"name":"Brixton Hill","category":"trunk","osm_type":"way","osm_id":"1206124717","operator":"Transport for London","ref":"A23"}},{"type":"Feature","geometry":{"type":"LineString","coordinates":[[-0.12889,51.45975],[-0.12866,51.45975]]},"properties":{"name":"Acre Lane","category":"primary","osm_type":"way","osm_id":"1206152428","ref":"A2217"}},{"type":"Feature","geometry":{"type":"LineString","coordinates":[[-0.04335,51.49085],[-0.04257,51.4903]]},"properties":{"name":"Lower Road","category":"primary","osm_type":"way","osm_id":"1207313916","ref":"A200"}},{"type":"Feature","geometry":{"type":"LineString","coordinates":[[-0.01701,51.48763],[-0.01333,51.48724]]},"properties":{"name":"Westferry Road","category":"primary","osm_type":"way","osm_id":"1207392408","ref":"A1206"}},{"type":"Feature","geometry":{"type":"LineString","coordinates":[[-0.01736,51.48776],[-0.01701,51.48763]]},"properties":{"name":"Westferry Road","category":"primary","osm_type":"way","osm_id":"1207392409","ref":"A1206"}},{"type":"Feature","geometry":{"type":"LineString","coordinates":[[-0.17945,51.16834],[-0.17912,51.1681]]},"properties":{"name":"London Road","category":"primary","osm_type":"way","osm_id":"1207438288","ref":"A217"}},{"type":"Feature","geometry":{"type":"LineString","coordinates":[[-0.17894,51.16803],[-0.17871,51.16786]]},"properties":{"name":"London Road","category":"primary","osm_type":"way","osm_id":"1207438289","ref":"A217"}},{"type":"Feature","geometry":{"type":"LineString","coordinates":[[-0.25012,51.4884],[-0.25007,51.48846]]},"properties":{"name":"Chiswick Lane","category":"primary_link","osm_type":"way","osm_id":"1208077474","ref":"A316"}},{"type":"Feature","geometry":{"type":"LineString","coordinates":[[-0.10826,51.48029],[-0.10821,51.48027]]},"properties":{"name":"Camberwell New Road","category":"trunk","osm_type":"way","osm_id":"1208348680","operator":"Transport for London","ref":"A202"}},{"type":"Feature","geometry":{"type":"LineString","coordinates":[[-0.23927,51.49348],[-0.23916,51.49347]]},"properties":{"name":"King Street","category":"primary","osm_type":"way","osm_id":"1208370360","ref":"A315"}},{"type":"Feature","geometry":{"type":"LineString","coordinates":[[-0.23932,51.49348],[-0.23927,51.49348]]},"properties":{"name":"King Street","category":"primary","osm_type":"way","osm_id":"1208370361","ref":"A315"}},{"type":"Feature","geometry":{"type":"LineString","coordinates":[[-0.41339,51.38024],[-0.41376,51.3806]]},"properties":{"name":"Hersham Road","category":"primary","osm_type":"way","osm_id":"1208496471","ref":"A244"}},{"type":"Feature","geometry":{"type":"LineString","coordinates":[[-0.64764,51.08609],[-0.64657,51.08722]]},"properties":{"name":"Cripplecrutch Hill","category":"primary","osm_type":"way","osm_id":"1208531683","ref":"A283"}},{"type":"Feature","geometry":{"type":"LineString","coordinates":[[-0.64519,51.08889],[-0.64314,51.09164]]},"properties":{"name":"Petworth Road","category":"primary","osm_type":"way","osm_id":"1208531728","ref":"A283"}},{"type":"Feature","geometry":{"type":"LineString","coordinates":[[-0.08302,51.41958],[-0.08303,51.41962]]},"properties":{"name":"Westow Street","category":"primary","osm_type":"way","osm_id":"1209372279"}},{"type":"Feature","geometry":{"type":"LineString","coordinates":[[-0.20989,51.49963],[-0.20987,51.49966]]},"properties":{"name":"Addison Crescent","category":"trunk_link","osm_type":"way","osm_id":"1209489877","operator":"Transport for London","ref":"A3220"}},{"type":"Feature","geometry":{"type":"LineString","coordinates":[[-0.10547,51.47913],[-0.10571,51.47922]]},"properties":{"name":"Camberwell New Road","category":"trunk","osm_type":"way","osm_id":"1209505007","operator":"Transport for London","ref":"A202"}},{"type":"Feature","geometry":{"type":"LineString","coordinates":[[-0.10571,51.47922],[-0.10584,51.47927]]},"properties":{"name":"Camberwell New Road","category":"trunk","osm_type":"way","osm_id":"1209505008","operator":"Transport for London","ref":"A202"}},{"type":"Feature","geometry":{"type":"LineString","coordinates":[[-0.1928,51.47628],[-0.19279,51.47622]]},"properties":{"name":"Major roads","category":"primary_link","osm_type":"way","osm_id":"1209510073"}},{"type":"Feature","geometry":{"type":"LineString","coordinates":[[-0.19279,51.47607],[-0.19285,51.47609]]},"properties":{"name":"Major roads","category":"primary_link","osm_type":"way","osm_id":"1209510074"}},{"type":"Feature","geometry":{"type":"LineString","coordinates":[[-0.19276,51.47604],[-0.19279,51.47607]]},"properties":{"name":"Wandsworth Bridge Road","category":"primary_link","osm_type":"way","osm_id":"1209510075","ref":"A217"}},{"type":"Feature","geometry":{"type":"LineString","coordinates":[[-0.19265,51.47575],[-0.19276,51.47604]]},"properties":{"name":"Wandsworth Bridge Road","category":"primary","osm_type":"way","osm_id":"1209510076","ref":"A217"}},{"type":"Feature","geometry":{"type":"LineString","coordinates":[[-0.19255,51.4755],[-0.19261,51.47565]]},"properties":{"name":"Wandsworth Bridge Road","category":"primary","osm_type":"way","osm_id":"1209510077","ref":"A217"}},{"type":"Feature","geometry":{"type":"LineString","coordinates":[[-0.19261,51.47565],[-0.19265,51.47575]]},"properties":{"name":"Wandsworth Bridge Road","category":"primary","osm_type":"way","osm_id":"1209510078","ref":"A217"}},{"type":"Feature","geometry":{"type":"LineString","coordinates":[[-0.19253,51.47544],[-0.19255,51.4755]]},"properties":{"name":"Wandsworth Bridge Road","category":"primary","osm_type":"way","osm_id":"1209510079","ref":"A217"}},{"type":"Feature","geometry":{"type":"LineString","coordinates":[[-0.13108,51.46448],[-0.13097,51.46453]]},"properties":{"name":"Clapham High Street","category":"trunk","osm_type":"way","osm_id":"1209552635","operator":"Transport for London","ref":"A3"}},{"type":"Feature","geometry":{"type":"LineString","coordinates":[[-0.13044,51.46477],[-0.13037,51.46481]]},"properties":{"name":"Clapham High Street","category":"trunk","osm_type":"way","osm_id":"1209552636","operator":"Transport for London","ref":"A3"}},{"type":"Feature","geometry":{"type":"LineString","coordinates":[[-0.13097,51.46453],[-0.13078,51.46463]]},"properties":{"name":"Clapham High Street","category":"trunk","osm_type":"way","osm_id":"1209552637","operator":"Transport for London","ref":"A3"}},{"type":"Feature","geometry":{"type":"LineString","coordinates":[[-0.13052,51.46475],[-0.13044,51.46477]]},"properties":{"name":"Clapham High Street","category":"trunk","osm_type":"way","osm_id":"1209552638","operator":"Transport for London","ref":"A3"}},{"type":"Feature","geometry":{"type":"LineString","coordinates":[[-0.1442,51.4967],[-0.1444,51.49672]]},"properties":{"name":"Victoria Street","category":"trunk","osm_type":"way","osm_id":"1209554545","operator":"Transport for London","ref":"A302"}},{"type":"Feature","geometry":{"type":"LineString","coordinates":[[-0.14614,51.49695],[-0.14617,51.497]]},"properties":{"name":"Grosvenor Gardens","category":"trunk","osm_type":"way","osm_id":"1209554549","operator":"Transport for London","ref":"A202"}},{"type":"Feature","geometry":{"type":"LineString","coordinates":[[-0.28449,51.38222],[-0.28444,51.38221]]},"properties":{"name":"Ewell Road","category":"primary","osm_type":"way","osm_id":"1209555866","ref":"A240"}},{"type":"Feature","geometry":{"type":"LineString","coordinates":[[-0.36986,51.06836],[-0.36986,51.06841]]},"properties":{"name":"Major roads","category":"primary","osm_type":"way","osm_id":"1209825374"}},{"type":"Feature","geometry":{"type":"LineString","coordinates":[[-0.21908,51.45638],[-0.21911,51.45631]]},"properties":{"name":"Putney Hill","category":"primary","osm_type":"way","osm_id":"1210518631","ref":"A219"}},{"type":"Feature","geometry":{"type":"LineString","coordinates":[[-0.2194,51.45568],[-0.2197,51.45506]]},"properties":{"name":"Putney Hill","category":"primary","osm_type":"way","osm_id":"1210518632","ref":"A219"}},{"type":"Feature","geometry":{"type":"LineString","coordinates":[[-0.21898,51.45662],[-0.21902,51.45652]]},"properties":{"name":"Putney Hill","category":"primary","osm_type":"way","osm_id":"1210518633","ref":"A219"}},{"type":"Feature","geometry":{"type":"LineString","coordinates":[[-0.21207,51.45351],[-0.21192,51.45357]]},"properties":{"name":"West Hill","category":"trunk","osm_type":"way","osm_id":"1210518634","operator":"Transport for London","ref":"A3"}},{"type":"Feature","geometry":{"type":"LineString","coordinates":[[-0.21192,51.45357],[-0.20769,51.45515]]},"properties":{"name":"West Hill","category":"trunk","osm_type":"way","osm_id":"1210518635","operator":"Transport for London","ref":"A3"}},{"type":"Feature","geometry":{"type":"LineString","coordinates":[[-0.92183,51.17252],[-0.91869,51.17458]]},"properties":{"name":"A31","category":"trunk","osm_type":"way","osm_id":"1210563323","ref":"A31"}},{"type":"Feature","geometry":{"type":"LineString","coordinates":[[-0.91858,51.17442],[-0.91969,51.17346]]},"properties":{"name":"A31","category":"trunk","osm_type":"way","osm_id":"1210563324","ref":"A31"}},{"type":"Feature","geometry":{"type":"LineString","coordinates":[[-0.74455,51.27497],[-0.74552,51.27481]]},"properties":{"name":"Lynchford Road","category":"primary","osm_type":"way","osm_id":"1210605607","ref":"A3011"}},{"type":"Feature","geometry":{"type":"LineString","coordinates":[[-0.689,51.37138],[-0.69162,51.3726]]},"properties":{"name":"Bracknell Road","category":"trunk","osm_type":"way","osm_id":"1210651625","ref":"A322"}},{"type":"Feature","geometry":{"type":"LineString","coordinates":[[-0.69176,51.37293],[-0.689,51.37153]]},"properties":{"name":"Bracknell Road","category":"trunk","osm_type":"way","osm_id":"1210651626","ref":"A322"}},{"type":"Feature","geometry":{"type":"LineString","coordinates":[[-0.30111,51.46419],[-0.30068,51.46444]]},"properties":{"name":"Kew Road","category":"primary","osm_type":"way","osm_id":"1210680559","ref":"A307"}},{"type":"Feature","geometry":{"type":"LineString","coordinates":[[-0.04236,51.49016],[-0.04224,51.49007]]},"properties":{"name":"Lower Road","category":"primary","osm_type":"way","osm_id":"1210804092","ref":"A200"}},{"type":"Feature","geometry":{"type":"LineString","coordinates":[[-0.04198,51.4899],[-0.04187,51.48982]]},"properties":{"name":"Evelyn Street","category":"primary","osm_type":"way","osm_id":"1210804095","ref":"A200"}},{"type":"Feature","geometry":{"type":"LineString","coordinates":[[-0.0423,51.49003],[-0.04239,51.49003]]},"properties":{"name":"Bestwood Street","category":"primary","osm_type":"way","osm_id":"1210826874","ref":"A200"}},{"type":"Feature","geometry":{"type":"LineString","coordinates":[[-0.0416,51.48964],[-0.04153,51.48959]]},"properties":{"name":"Evelyn Street","category":"primary","osm_type":"way","osm_id":"1211150271","ref":"A200"}},{"type":"Feature","geometry":{"type":"LineString","coordinates":[[-0.46048,51.37236],[-0.4607,51.37233]]},"properties":{"name":"Church Street","category":"primary","osm_type":"way","osm_id":"1211229850","ref":"A317"}},{"type":"Feature","geometry":{"type":"LineString","coordinates":[[-0.09376,51.48497],[-0.09375,51.4845]]},"properties":{"name":"Walworth Road","category":"primary","osm_type":"way","osm_id":"1211619620","ref":"A215"}},{"type":"Feature","geometry":{"type":"LineString","coordinates":[[-0.47642,51.3736],[-0.47892,51.3747]]},"properties":{"name":"Weybridge Road","category":"primary","osm_type":"way","osm_id":"1211663994","ref":"A317"}},{"type":"Feature","geometry":{"type":"LineString","coordinates":[[-0.74901,51.31305],[-0.74886,51.31316]]},"properties":{"name":"Major roads","category":"trunk_link","osm_type":"way","osm_id":"1211887347"}},{"type":"Feature","geometry":{"type":"LineString","coordinates":[[-0.2197,51.45506],[-0.22035,51.45381]]},"properties":{"name":"Putney Hill","category":"primary","osm_type":"way","osm_id":"1211905200","ref":"A219"}},{"type":"Feature","geometry":{"type":"LineString","coordinates":[[-0.15558,51.38054],[-0.15569,51.38065]]},"properties":{"name":"London Road","category":"primary","osm_type":"way","osm_id":"1212348249","ref":"A237"}},{"type":"Feature","geometry":{"type":"LineString","coordinates":[[-0.71982,51.33569],[-0.71976,51.33567]]},"properties":{"name":"Ravenswood Roundabout","category":"primary","osm_type":"way","osm_id":"1212475915","ref":"A325"}},{"type":"Feature","geometry":{"type":"LineString","coordinates":[[-0.71979,51.33571],[-0.71976,51.33567]]},"properties":{"name":"Portsmouth Road","category":"primary","osm_type":"way","osm_id":"1212475916","ref":"A325"}},{"type":"Feature","geometry":{"type":"LineString","coordinates":[[-0.76345,51.31395],[-0.76522,51.31322]]},"properties":{"name":"M3","category":"motorway","osm_type":"way","osm_id":"1212481979","operator":"National Highways","ref":"M3"}},{"type":"Feature","geometry":{"type":"LineString","coordinates":[[-0.76522,51.31322],[-0.76556,51.31308]]},"properties":{"name":"M3","category":"motorway","osm_type":"way","osm_id":"1212481980","operator":"National Highways","ref":"M3"}},{"type":"Feature","geometry":{"type":"LineString","coordinates":[[-0.76515,51.31343],[-0.76464,51.31364]]},"properties":{"name":"M3","category":"motorway","osm_type":"way","osm_id":"1212481981","operator":"National Highways","ref":"M3"}},{"type":"Feature","geometry":{"type":"LineString","coordinates":[[-0.76548,51.31329],[-0.76515,51.31343]]},"properties":{"name":"M3","category":"motorway","osm_type":"way","osm_id":"1212481982","operator":"National Highways","ref":"M3"}},{"type":"Feature","geometry":{"type":"LineString","coordinates":[[-0.30858,51.48306],[-0.30839,51.48311]]},"properties":{"name":"Brentford High Street","category":"primary","osm_type":"way","osm_id":"1212696826","ref":"A315"}},{"type":"Feature","geometry":{"type":"LineString","coordinates":[[-0.30893,51.48298],[-0.30885,51.48299]]},"properties":{"name":"Brentford High Street","category":"primary","osm_type":"way","osm_id":"1212696827","ref":"A315"}},{"type":"Feature","geometry":{"type":"LineString","coordinates":[[-0.11449,51.48694],[-0.11437,51.48694]]},"properties":{"name":"Kennington Lane","category":"trunk","osm_type":"way","osm_id":"1212705590","operator":"Transport for London","ref":"A3204"}},{"type":"Feature","geometry":{"type":"LineString","coordinates":[[-0.14112,51.4967],[-0.13944,51.49694]]},"properties":{"name":"Victoria Street","category":"primary","osm_type":"way","osm_id":"1213534024","ref":"A302"}},{"type":"Feature","geometry":{"type":"LineString","coordinates":[[-0.13944,51.49694],[-0.13914,51.49698]]},"properties":{"name":"Victoria Street","category":"primary","osm_type":"way","osm_id":"1213534084","ref":"A302"}},{"type":"Feature","geometry":{"type":"LineString","coordinates":[[-0.1318,51.49863],[-0.13032,51.49918]]},"properties":{"name":"Victoria Street","category":"primary","osm_type":"way","osm_id":"1213535563","ref":"A302"}},{"type":"Feature","geometry":{"type":"LineString","coordinates":[[-0.45286,51.4829],[-0.45272,51.48456]]},"properties":{"name":"Heathrow Airport Spur Road","category":"motorway","osm_type":"way","osm_id":"1213588182","operator":"National Highways","ref":"M4"}},{"type":"Feature","geometry":{"type":"LineString","coordinates":[[-0.4529,51.49717],[-0.45293,51.49703]]},"properties":{"name":"M4","category":"motorway","osm_type":"way","osm_id":"1215606810","operator":"National Highways","ref":"M4"}},{"type":"Feature","geometry":{"type":"LineString","coordinates":[[-0.49217,51.48366],[-0.49148,51.48367]]},"properties":{"name":"Colnbrook By-Pass","category":"trunk","osm_type":"way","osm_id":"1215609707","operator":"Transport for London","ref":"A4"}},{"type":"Feature","geometry":{"type":"LineString","coordinates":[[-0.50342,51.24932],[-0.50332,51.24916]]},"properties":{"name":"The Street","category":"primary","osm_type":"way","osm_id":"1215768650","ref":"A247"}},{"type":"Feature","geometry":{"type":"LineString","coordinates":[[-0.5182,51.24736],[-0.51881,51.24737]]},"properties":{"name":"Epsom Road","category":"primary","osm_type":"way","osm_id":"1215828239","ref":"A25"}},{"type":"Feature","geometry":{"type":"LineString","coordinates":[[-0.22211,51.447],[-0.22259,51.44521]]},"properties":{"name":"Wimbledon Park Side","category":"primary","osm_type":"way","osm_id":"1215855413","ref":"A219"}},{"type":"Feature","geometry":{"type":"LineString","coordinates":[[-0.04867,51.49395],[-0.04853,51.49389]]},"properties":{"name":"Lower Road","category":"primary","osm_type":"way","osm_id":"1216142195","ref":"A200"}},{"type":"Feature","geometry":{"type":"LineString","coordinates":[[-0.04898,51.49409],[-0.04867,51.49395]]},"properties":{"name":"Lower Road","category":"primary","osm_type":"way","osm_id":"1216142196","ref":"A200"}},{"type":"Feature","geometry":{"type":"LineString","coordinates":[[-0.04934,51.49425],[-0.04908,51.49415]]},"properties":{"name":"Lower Road","category":"primary","osm_type":"way","osm_id":"1216142197","ref":"A200"}},{"type":"Feature","geometry":{"type":"LineString","coordinates":[[-0.04829,51.49361],[-0.04833,51.49366]]},"properties":{"name":"Rotherhithe Old Road","category":"primary","osm_type":"way","osm_id":"1216143620"}},{"type":"Feature","geometry":{"type":"LineString","coordinates":[[-0.0482,51.49351],[-0.04827,51.49357]]},"properties":{"name":"Rotherhithe Old Road","category":"primary","osm_type":"way","osm_id":"1216143621"}},{"type":"Feature","geometry":{"type":"LineString","coordinates":[[-0.04817,51.49343],[-0.04833,51.49349]]},"properties":{"name":"Rotherhithe Old Road","category":"primary","osm_type":"way","osm_id":"1216143622"}},{"type":"Feature","geometry":{"type":"LineString","coordinates":[[-0.04817,51.49343],[-0.0482,51.49351]]},"properties":{"name":"Rotherhithe Old Road","category":"primary","osm_type":"way","osm_id":"1216143623"}},{"type":"Feature","geometry":{"type":"LineString","coordinates":[[-0.94461,51.47411],[-0.94587,51.47361]]},"properties":{"name":"Henley Road","category":"primary","osm_type":"way","osm_id":"1216322328","ref":"A4155"}},{"type":"Feature","geometry":{"type":"LineString","coordinates":[[-0.06811,51.47393],[-0.06827,51.4739]]},"properties":{"name":"Peckham High Street","category":"trunk","osm_type":"way","osm_id":"1217395755","operator":"Transport for London","ref":"A202"}},{"type":"Feature","geometry":{"type":"LineString","coordinates":[[-0.04533,51.47435],[-0.04516,51.47431]]},"properties":{"name":"New Cross Road","category":"trunk","osm_type":"way","osm_id":"1217407175","operator":"Transport for London","ref":"A2"}},{"type":"Feature","geometry":{"type":"LineString","coordinates":[[-0.7299,51.08101],[-0.73093,51.08316],[-0.73271,51.08434]]},"properties":{"name":"Sturt Road","category":"primary","osm_type":"way","osm_id":"1217418049","ref":"A287"}},{"type":"Feature","geometry":{"type":"LineString","coordinates":[[-0.8264,51.23643],[-0.82674,51.23651]]},"properties":{"name":"Ewshot Hill","category":"primary","osm_type":"way","osm_id":"1217588017","ref":"A287"}},{"type":"Feature","geometry":{"type":"LineString","coordinates":[[-0.84685,51.24375],[-0.84562,51.24309]]},"properties":{"name":"Ewshot Hill","category":"primary","osm_type":"way","osm_id":"1217588018","ref":"A287"}},{"type":"Feature","geometry":{"type":"LineString","coordinates":[[-0.84319,51.24163],[-0.83708,51.23814]]},"properties":{"name":"Ewshot Hill","category":"primary","osm_type":"way","osm_id":"1217588019","ref":"A287"}},{"type":"Feature","geometry":{"type":"LineString","coordinates":[[-0.83306,51.23735],[-0.82914,51.23691]]},"properties":{"name":"Ewshot Hill","category":"primary","osm_type":"way","osm_id":"1217588020","ref":"A287"}},{"type":"Feature","geometry":{"type":"LineString","coordinates":[[-0.83708,51.23814],[-0.8365,51.23796]]},"properties":{"name":"Ewshot Hill","category":"primary","osm_type":"way","osm_id":"1217588021","ref":"A287"}},{"type":"Feature","geometry":{"type":"LineString","coordinates":[[-0.83433,51.2375],[-0.83367,51.23742]]},"properties":{"name":"Ewshot Hill","category":"primary","osm_type":"way","osm_id":"1217588024","ref":"A287"}},{"type":"Feature","geometry":{"type":"LineString","coordinates":[[-0.83503,51.23761],[-0.83433,51.2375]]},"properties":{"name":"Ewshot Hill","category":"primary","osm_type":"way","osm_id":"1217588026","ref":"A287"}},{"type":"Feature","geometry":{"type":"LineString","coordinates":[[-0.83514,51.23763],[-0.83503,51.23761]]},"properties":{"name":"Ewshot Hill","category":"primary","osm_type":"way","osm_id":"1217588027","ref":"A287"}},{"type":"Feature","geometry":{"type":"LineString","coordinates":[[-0.84529,51.24288],[-0.84319,51.24163]]},"properties":{"name":"Ewshot Hill","category":"primary","osm_type":"way","osm_id":"1217588028","ref":"A287"}},{"type":"Feature","geometry":{"type":"LineString","coordinates":[[-0.84562,51.24309],[-0.84529,51.24288]]},"properties":{"name":"Ewshot Hill","category":"primary","osm_type":"way","osm_id":"1217588029","ref":"A287"}},{"type":"Feature","geometry":{"type":"LineString","coordinates":[[-0.30567,51.41214],[-0.3054,51.4125]]},"properties":{"name":"Wood Street","category":"primary","osm_type":"way","osm_id":"1217801901","ref":"A308"}},{"type":"Feature","geometry":{"type":"LineString","coordinates":[[-0.3054,51.4125],[-0.30538,51.41252]]},"properties":{"name":"Wood Street","category":"primary","osm_type":"way","osm_id":"1217801902","ref":"A308"}},{"type":"Feature","geometry":{"type":"LineString","coordinates":[[-0.6109,51.22988],[-0.60742,51.22998]]},"properties":{"name":"Farnham Road","category":"primary","osm_type":"way","osm_id":"1217843719","ref":"A31"}},{"type":"Feature","geometry":{"type":"LineString","coordinates":[[-0.56088,51.19691],[-0.55995,51.19604]]},"properties":{"name":"Horsham Road","category":"primary","osm_type":"way","osm_id":"1217963390","ref":"A281"}},{"type":"Feature","geometry":{"type":"LineString","coordinates":[[-0.04636,51.49273],[-0.04603,51.49255]]},"properties":{"name":"Lower Road","category":"primary","osm_type":"way","osm_id":"1218045038","ref":"A200"}},{"type":"Feature","geometry":{"type":"LineString","coordinates":[[-0.5614,51.19734],[-0.56099,51.19701]]},"properties":{"name":"Horsham Road","category":"primary","osm_type":"way","osm_id":"1218056352","ref":"A281"}},{"type":"Feature","geometry":{"type":"LineString","coordinates":[[-0.38343,51.43528],[-0.38371,51.43524]]},"properties":{"name":"Major roads","category":"trunk_link","osm_type":"way","osm_id":"1218279208","operator":"Transport for London"}},{"type":"Feature","geometry":{"type":"LineString","coordinates":[[-0.05186,51.49593],[-0.05181,51.4959]]},"properties":{"name":"Lower Road","category":"primary","osm_type":"way","osm_id":"1218491562","ref":"A200"}},{"type":"Feature","geometry":{"type":"LineString","coordinates":[[-0.05152,51.49569],[-0.05147,51.49565]]},"properties":{"name":"Lower Road","category":"primary","osm_type":"way","osm_id":"1218491563","ref":"A200"}},{"type":"Feature","geometry":{"type":"LineString","coordinates":[[-0.05123,51.49548],[-0.05096,51.49526]]},"properties":{"name":"Lower Road","category":"primary","osm_type":"way","osm_id":"1218491564","ref":"A200"}},{"type":"Feature","geometry":{"type":"LineString","coordinates":[[-0.05096,51.49526],[-0.05087,51.49519]]},"properties":{"name":"Lower Road","category":"primary","osm_type":"way","osm_id":"1218491565","ref":"A200"}},{"type":"Feature","geometry":{"type":"LineString","coordinates":[[-0.05274,51.49662],[-0.05277,51.49667]]},"properties":{"name":"A200","category":"primary","osm_type":"way","osm_id":"1218491566","ref":"A200"}},{"type":"Feature","geometry":{"type":"LineString","coordinates":[[-0.04767,51.49349],[-0.04751,51.49341]]},"properties":{"name":"Lower Road","category":"primary","osm_type":"way","osm_id":"1218494820","ref":"A200"}},{"type":"Feature","geometry":{"type":"LineString","coordinates":[[-0.62376,51.47952],[-0.62394,51.47963]]},"properties":{"name":"Goslar Way","category":"primary","osm_type":"way","osm_id":"1218545402","ref":"A308"}},{"type":"Feature","geometry":{"type":"LineString","coordinates":[[-0.62339,51.47933],[-0.62354,51.47941]]},"properties":{"name":"Goslar Way","category":"primary","osm_type":"way","osm_id":"1218545403","ref":"A308"}},{"type":"Feature","geometry":{"type":"LineString","coordinates":[[-0.62457,51.48014],[-0.6245,51.48046]]},"properties":{"name":"Royal Windsor Way","category":"primary","osm_type":"way","osm_id":"1218545405","ref":"A332"}},{"type":"Feature","geometry":{"type":"LineString","coordinates":[[-0.62412,51.48132],[-0.62423,51.4807]]},"properties":{"name":"Royal Windsor Way","category":"primary","osm_type":"way","osm_id":"1218545406","ref":"A332"}},{"type":"Feature","geometry":{"type":"LineString","coordinates":[[-0.62354,51.47976],[-0.62328,51.47937]]},"properties":{"name":"Goslar Way","category":"primary","osm_type":"way","osm_id":"1218545407","ref":"A308"}},{"type":"Feature","geometry":{"type":"LineString","coordinates":[[-0.75807,51.2492],[-0.75811,51.24925]]},"properties":{"name":"Ordnance Roundabout","category":"primary","osm_type":"way","osm_id":"1218626397"}},{"type":"Feature","geometry":{"type":"LineString","coordinates":[[-0.78203,51.24756],[-0.78183,51.24774]]},"properties":{"name":"Farnborough Road","category":"primary","osm_type":"way","osm_id":"1218757561","ref":"A325"}},{"type":"Feature","geometry":{"type":"LineString","coordinates":[[-0.78638,51.24257],[-0.78635,51.24261]]},"properties":{"name":"Farnborough Road","category":"primary","osm_type":"way","osm_id":"1218757562","ref":"A325"}},{"type":"Feature","geometry":{"type":"LineString","coordinates":[[-0.78631,51.24253],[-0.78638,51.24257]]},"properties":{"name":"Farnborough Road","category":"primary","osm_type":"way","osm_id":"1218757563","ref":"A325"}},{"type":"Feature","geometry":{"type":"LineString","coordinates":[[-0.78635,51.24261],[-0.78627,51.24262]]},"properties":{"name":"Farnborough Road","category":"primary","osm_type":"way","osm_id":"1218757564","ref":"A325"}},{"type":"Feature","geometry":{"type":"LineString","coordinates":[[-0.81243,51.23536],[-0.80866,51.23568]]},"properties":{"name":"Upper Hale Road","category":"primary","osm_type":"way","osm_id":"1218757570","ref":"A3016"}},{"type":"Feature","geometry":{"type":"LineString","coordinates":[[-0.78275,51.22583],[-0.78229,51.22538]]},"properties":{"name":"Six Bells Roundabout","category":"primary","osm_type":"way","osm_id":"1218757571"}},{"type":"Feature","geometry":{"type":"LineString","coordinates":[[-0.78349,51.22577],[-0.78309,51.22589]]},"properties":{"name":"Six Bells Roundabout","category":"primary","osm_type":"way","osm_id":"1218757572"}},{"type":"Feature","geometry":{"type":"LineString","coordinates":[[-0.78228,51.22516],[-0.78284,51.22491]]},"properties":{"name":"Six Bells Roundabout","category":"primary","osm_type":"way","osm_id":"1218757573"}},{"type":"Feature","geometry":{"type":"LineString","coordinates":[[-0.78354,51.22569],[-0.78349,51.22577]]},"properties":{"name":"Six Bells Roundabout","category":"primary","osm_type":"way","osm_id":"1218757574"}},{"type":"Feature","geometry":{"type":"LineString","coordinates":[[-0.77831,51.22213],[-0.77891,51.22186]]},"properties":{"name":"Water Lane Roundabout","category":"primary","osm_type":"way","osm_id":"1218815268"}},{"type":"Feature","geometry":{"type":"LineString","coordinates":[[-0.77891,51.22186],[-0.77898,51.22197]]},"properties":{"name":"Water Lane Roundabout","category":"primary","osm_type":"way","osm_id":"1218815269"}},{"type":"Feature","geometry":{"type":"LineString","coordinates":[[-0.77861,51.22223],[-0.77831,51.22213]]},"properties":{"name":"Water Lane Roundabout","category":"primary","osm_type":"way","osm_id":"1218815270"}},{"type":"Feature","geometry":{"type":"LineString","coordinates":[[-0.77881,51.2222],[-0.77861,51.22223]]},"properties":{"name":"Water Lane Roundabout","category":"primary","osm_type":"way","osm_id":"1218815271"}},{"type":"Feature","geometry":{"type":"LineString","coordinates":[[-0.78284,51.22491],[-0.7832,51.22504]]},"properties":{"name":"Six Bells Roundabout","category":"primary","osm_type":"way","osm_id":"1218815272"}},{"type":"Feature","geometry":{"type":"LineString","coordinates":[[-0.8365,51.18571],[-0.83622,51.18602]]},"properties":{"name":"Farnham Road","category":"primary","osm_type":"way","osm_id":"1218815275","ref":"A325"}},{"type":"Feature","geometry":{"type":"LineString","coordinates":[[-0.04677,51.49297],[-0.0467,51.4929]]},"properties":{"name":"Lower Road","category":"primary","osm_type":"way","osm_id":"1219328745","ref":"A200"}},{"type":"Feature","geometry":{"type":"LineString","coordinates":[[-0.20795,51.10337],[-0.20768,51.10362]]},"properties":{"name":"Broadfield Roundabout","category":"primary","osm_type":"way","osm_id":"1219352696"}},{"type":"Feature","geometry":{"type":"LineString","coordinates":[[-0.78624,51.24256],[-0.78631,51.24253]]},"properties":{"name":"Farnborough Road","category":"primary","osm_type":"way","osm_id":"1219735820","ref":"A325"}},{"type":"Feature","geometry":{"type":"LineString","coordinates":[[-0.78627,51.24262],[-0.78625,51.24261]]},"properties":{"name":"Farnborough Road","category":"primary","osm_type":"way","osm_id":"1219735821","ref":"A325"}},{"type":"Feature","geometry":{"type":"LineString","coordinates":[[-0.80783,51.22949],[-0.80769,51.2294]]},"properties":{"name":"Folly Hill","category":"primary","osm_type":"way","osm_id":"1219735822","ref":"A287"}},{"type":"Feature","geometry":{"type":"LineString","coordinates":[[-0.80769,51.2294],[-0.80775,51.22936]]},"properties":{"name":"Folly Hill","category":"primary","osm_type":"way","osm_id":"1219735823","ref":"A287"}},{"type":"Feature","geometry":{"type":"LineString","coordinates":[[-0.80789,51.22945],[-0.80783,51.22949]]},"properties":{"name":"Folly Hill","category":"primary","osm_type":"way","osm_id":"1219735824","ref":"A287"}},{"type":"Feature","geometry":{"type":"LineString","coordinates":[[-0.7716,51.24999],[-0.77193,51.2498]]},"properties":{"name":"Willems Roundabout","category":"primary","osm_type":"way","osm_id":"1219819566","ref":"A323"}},{"type":"Feature","geometry":{"type":"LineString","coordinates":[[-0.77193,51.2498],[-0.772,51.24981]]},"properties":{"name":"Willems Roundabout","category":"primary","osm_type":"way","osm_id":"1219819567","ref":"A323"}},{"type":"Feature","geometry":{"type":"LineString","coordinates":[[-0.772,51.24981],[-0.77226,51.25002]]},"properties":{"name":"Willems Roundabout","category":"primary","osm_type":"way","osm_id":"1219819568","ref":"A323"}},{"type":"Feature","geometry":{"type":"LineString","coordinates":[[-0.77182,51.25021],[-0.77163,51.2501]]},"properties":{"name":"Willems Roundabout","category":"primary","osm_type":"way","osm_id":"1219819569","ref":"A323"}},{"type":"Feature","geometry":{"type":"LineString","coordinates":[[-0.77163,51.2501],[-0.7716,51.24999]]},"properties":{"name":"Willems Roundabout","category":"primary","osm_type":"way","osm_id":"1219819570","ref":"A323"}},{"type":"Feature","geometry":{"type":"LineString","coordinates":[[-0.77868,51.25097],[-0.77779,51.25064]]},"properties":{"name":"Wellington Roundabout","category":"primary","osm_type":"way","osm_id":"1219819571"}},{"type":"Feature","geometry":{"type":"LineString","coordinates":[[-0.77896,51.25074],[-0.77868,51.25097]]},"properties":{"name":"Wellington Roundabout","category":"primary","osm_type":"way","osm_id":"1219819572"}},{"type":"Feature","geometry":{"type":"LineString","coordinates":[[-0.77779,51.25064],[-0.778,51.25028]]},"properties":{"name":"Wellington Roundabout","category":"primary","osm_type":"way","osm_id":"1219819573"}},{"type":"Feature","geometry":{"type":"LineString","coordinates":[[-0.83267,51.28973],[-0.83239,51.28979]]},"properties":{"name":"Major roads","category":"primary","osm_type":"way","osm_id":"1219819582"}},{"type":"Feature","geometry":{"type":"LineString","coordinates":[[-0.83239,51.28979],[-0.83238,51.28976]]},"properties":{"name":"Major roads","category":"primary","osm_type":"way","osm_id":"1219819583"}},{"type":"Feature","geometry":{"type":"LineString","coordinates":[[-0.83238,51.28976],[-0.83238,51.28973]]},"properties":{"name":"Major roads","category":"primary","osm_type":"way","osm_id":"1219819584"}},{"type":"Feature","geometry":{"type":"LineString","coordinates":[[-0.83257,51.28967],[-0.83267,51.28973]]},"properties":{"name":"Major roads","category":"primary","osm_type":"way","osm_id":"1219819585"}},{"type":"Feature","geometry":{"type":"LineString","coordinates":[[-0.84817,51.27958],[-0.84787,51.27936]]},"properties":{"name":"Reading Road North","category":"primary","osm_type":"way","osm_id":"1219819586","ref":"A323"}},{"type":"Feature","geometry":{"type":"LineString","coordinates":[[-0.86025,51.28781],[-0.86065,51.28774]]},"properties":{"name":"Major roads","category":"primary","osm_type":"way","osm_id":"1219819592"}},{"type":"Feature","geometry":{"type":"LineString","coordinates":[[-0.86071,51.28783],[-0.86064,51.28795]]},"properties":{"name":"Major roads","category":"primary","osm_type":"way","osm_id":"1219819593"}},{"type":"Feature","geometry":{"type":"LineString","coordinates":[[-0.86065,51.28774],[-0.86071,51.28783]]},"properties":{"name":"Major roads","category":"primary","osm_type":"way","osm_id":"1219819594"}},{"type":"Feature","geometry":{"type":"LineString","coordinates":[[-0.86064,51.28795],[-0.8604,51.28797]]},"properties":{"name":"Major roads","category":"primary","osm_type":"way","osm_id":"1219819595"}},{"type":"Feature","geometry":{"type":"LineString","coordinates":[[-0.90051,51.3045],[-0.90045,51.30406]]},"properties":{"name":"Fleet Road","category":"primary","osm_type":"way","osm_id":"1219976080","ref":"A323"}},{"type":"Feature","geometry":{"type":"LineString","coordinates":[[-0.78377,51.29129],[-0.78353,51.2913]]},"properties":{"name":"Summit Roundabout","category":"primary","osm_type":"way","osm_id":"1220041391","ref":"A327"}},{"type":"Feature","geometry":{"type":"LineString","coordinates":[[-0.78377,51.29113],[-0.78382,51.2912]]},"properties":{"name":"Summit Roundabout","category":"primary","osm_type":"way","osm_id":"1220041392","ref":"A327"}},{"type":"Feature","geometry":{"type":"LineString","coordinates":[[-0.7907,51.29263],[-0.79533,51.29208]]},"properties":{"name":"Summit Avenue","category":"primary","osm_type":"way","osm_id":"1220041393","ref":"A327"}},{"type":"Feature","geometry":{"type":"LineString","coordinates":[[-0.78409,51.2913],[-0.78632,51.29205]]},"properties":{"name":"Summit Avenue","category":"primary","osm_type":"way","osm_id":"1220041394","ref":"A327"}},{"type":"Feature","geometry":{"type":"LineString","coordinates":[[-0.78382,51.2912],[-0.78377,51.29129]]},"properties":{"name":"Summit Roundabout","category":"primary","osm_type":"way","osm_id":"1220041395","ref":"A327"}},{"type":"Feature","geometry":{"type":"LineString","coordinates":[[-0.78363,51.29109],[-0.78377,51.29113]]},"properties":{"name":"Summit Roundabout","category":"primary","osm_type":"way","osm_id":"1220041396","ref":"A327"}},{"type":"Feature","geometry":{"type":"LineString","coordinates":[[-0.79918,51.29159],[-0.79904,51.2918]]},"properties":{"name":"A327","category":"primary","osm_type":"way","osm_id":"1220041397","ref":"A327"}},{"type":"Feature","geometry":{"type":"LineString","coordinates":[[-0.79904,51.2918],[-0.79893,51.29168]]},"properties":{"name":"A327","category":"primary","osm_type":"way","osm_id":"1220041398","ref":"A327"}},{"type":"Feature","geometry":{"type":"LineString","coordinates":[[-0.80203,51.29131],[-0.80259,51.29158]]},"properties":{"name":"Pyestock Roundabout","category":"primary","osm_type":"way","osm_id":"1220041399","ref":"A327"}},{"type":"Feature","geometry":{"type":"LineString","coordinates":[[-0.80194,51.29145],[-0.80203,51.29131]]},"properties":{"name":"Pyestock Roundabout","category":"primary","osm_type":"way","osm_id":"1220041400","ref":"A327"}},{"type":"Feature","geometry":{"type":"LineString","coordinates":[[-0.80634,51.293],[-0.80627,51.29322]]},"properties":{"name":"Major roads","category":"primary","osm_type":"way","osm_id":"1220041401"}},{"type":"Feature","geometry":{"type":"LineString","coordinates":[[-0.80627,51.29322],[-0.80615,51.29314]]},"properties":{"name":"Major roads","category":"primary","osm_type":"way","osm_id":"1220041402"}},{"type":"Feature","geometry":{"type":"LineString","coordinates":[[-0.78229,51.22538],[-0.78228,51.22516]]},"properties":{"name":"Six Bells Roundabout","category":"primary","osm_type":"way","osm_id":"1220483292"}},{"type":"Feature","geometry":{"type":"LineString","coordinates":[[-0.78309,51.22589],[-0.78275,51.22583]]},"properties":{"name":"Six Bells Roundabout","category":"primary","osm_type":"way","osm_id":"1220483293"}},{"type":"Feature","geometry":{"type":"LineString","coordinates":[[-0.7967,51.20985],[-0.79668,51.20982]]},"properties":{"name":"Firgrove Hill","category":"primary","osm_type":"way","osm_id":"1220483295","ref":"A287"}},{"type":"Feature","geometry":{"type":"LineString","coordinates":[[-0.48203,51.34952],[-0.48198,51.34945]]},"properties":{"name":"Byfleet Road","category":"primary","osm_type":"way","osm_id":"1220530002","ref":"A318"}},{"type":"Feature","geometry":{"type":"LineString","coordinates":[[-0.47249,51.34221],[-0.47272,51.3432]]},"properties":{"name":"Sopwith Drive","category":"primary","osm_type":"way","osm_id":"1220530012","ref":"A318"}},{"type":"Feature","geometry":{"type":"LineString","coordinates":[[-0.47244,51.34327],[-0.47236,51.34222]]},"properties":{"name":"Sopwith Drive","category":"primary","osm_type":"way","osm_id":"1220530013","ref":"A318"}},{"type":"Feature","geometry":{"type":"LineString","coordinates":[[-0.74984,51.27412],[-0.74974,51.27436]]},"properties":{"name":"St Albans Roundabout","category":"primary","osm_type":"way","osm_id":"1220530726"}},{"type":"Feature","geometry":{"type":"LineString","coordinates":[[-0.74974,51.27436],[-0.74944,51.27435]]},"properties":{"name":"St Albans Roundabout","category":"primary","osm_type":"way","osm_id":"1220530727"}},{"type":"Feature","geometry":{"type":"LineString","coordinates":[[-0.75334,51.29428],[-0.75308,51.29424]]},"properties":{"name":"Clockhouse Roundabout","category":"primary","osm_type":"way","osm_id":"1220530732","ref":"A325"}},{"type":"Feature","geometry":{"type":"LineString","coordinates":[[-0.75345,51.29421],[-0.75334,51.29428]]},"properties":{"name":"Clockhouse Roundabout","category":"primary","osm_type":"way","osm_id":"1220530733","ref":"A325"}},{"type":"Feature","geometry":{"type":"LineString","coordinates":[[-0.75009,51.30814],[-0.75078,51.30823]]},"properties":{"name":"Bradfords Roundabout","category":"primary","osm_type":"way","osm_id":"1220530734"}},{"type":"Feature","geometry":{"type":"LineString","coordinates":[[-0.74777,51.30973],[-0.74792,51.30961]]},"properties":{"name":"Major roads","category":"primary","osm_type":"way","osm_id":"1220530735"}},{"type":"Feature","geometry":{"type":"LineString","coordinates":[[-0.74798,51.30985],[-0.74781,51.30981]]},"properties":{"name":"Major roads","category":"primary","osm_type":"way","osm_id":"1220530736"}},{"type":"Feature","geometry":{"type":"LineString","coordinates":[[-0.74644,51.31047],[-0.74664,51.31024]]},"properties":{"name":"Major roads","category":"primary","osm_type":"way","osm_id":"1220530737"}},{"type":"Feature","geometry":{"type":"LineString","coordinates":[[-0.74679,51.31057],[-0.74644,51.31047]]},"properties":{"name":"Major roads","category":"primary","osm_type":"way","osm_id":"1220530738"}},{"type":"Feature","geometry":{"type":"LineString","coordinates":[[-0.74664,51.31024],[-0.74695,51.31034]]},"properties":{"name":"Major roads","category":"primary","osm_type":"way","osm_id":"1221113423"}},{"type":"Feature","geometry":{"type":"LineString","coordinates":[[-0.74792,51.30961],[-0.74812,51.30965]]},"properties":{"name":"Major roads","category":"primary","osm_type":"way","osm_id":"1221113424"}},{"type":"Feature","geometry":{"type":"LineString","coordinates":[[-0.74781,51.30981],[-0.74777,51.30973]]},"properties":{"name":"Major roads","category":"primary","osm_type":"way","osm_id":"1221113425"}},{"type":"Feature","geometry":{"type":"LineString","coordinates":[[-0.74991,51.30857],[-0.75006,51.30815]]},"properties":{"name":"Bradfords Roundabout","category":"primary","osm_type":"way","osm_id":"1221113426"}},{"type":"Feature","geometry":{"type":"LineString","coordinates":[[-0.75006,51.30815],[-0.75009,51.30814]]},"properties":{"name":"Bradfords Roundabout","category":"primary","osm_type":"way","osm_id":"1221113427"}},{"type":"Feature","geometry":{"type":"LineString","coordinates":[[-0.75308,51.29424],[-0.75305,51.2941]]},"properties":{"name":"Clockhouse Roundabout","category":"primary","osm_type":"way","osm_id":"1221113428","ref":"A325"}},{"type":"Feature","geometry":{"type":"LineString","coordinates":[[-0.75305,51.2941],[-0.75314,51.29404]]},"properties":{"name":"Clockhouse Roundabout","category":"primary","osm_type":"way","osm_id":"1221113429","ref":"A325"}},{"type":"Feature","geometry":{"type":"LineString","coordinates":[[-0.74947,51.27406],[-0.74974,51.27406]]},"properties":{"name":"St Albans Roundabout","category":"primary","osm_type":"way","osm_id":"1221113433"}},{"type":"Feature","geometry":{"type":"LineString","coordinates":[[-0.47238,51.34341],[-0.47244,51.34327]]},"properties":{"name":"Sopwith Drive","category":"primary","osm_type":"way","osm_id":"1221381626","ref":"A318"}},{"type":"Feature","geometry":{"type":"LineString","coordinates":[[-0.47249,51.34353],[-0.47238,51.34341]]},"properties":{"name":"Sopwith Drive","category":"primary","osm_type":"way","osm_id":"1221381627","ref":"A318"}},{"type":"Feature","geometry":{"type":"LineString","coordinates":[[-0.47674,51.34385],[-0.47659,51.3438]]},"properties":{"name":"Barnes Wallis Drive","category":"primary","osm_type":"way","osm_id":"1221381628","ref":"A318"}},{"type":"Feature","geometry":{"type":"LineString","coordinates":[[-0.47426,51.34308],[-0.47331,51.3432]]},"properties":{"name":"Barnes Wallis Drive","category":"primary","osm_type":"way","osm_id":"1221381629","ref":"A318"}},{"type":"Feature","geometry":{"type":"LineString","coordinates":[[-0.51391,51.39517],[-0.51295,51.39571]]},"properties":{"name":"Staines Road","category":"primary","osm_type":"way","osm_id":"1221404920","ref":"A320"}},{"type":"Feature","geometry":{"type":"LineString","coordinates":[[-0.51295,51.39571],[-0.51196,51.39628]]},"properties":{"name":"Staines Road","category":"primary","osm_type":"way","osm_id":"1221404921","ref":"A320"}},{"type":"Feature","geometry":{"type":"LineString","coordinates":[[-0.29948,51.41049],[-0.29984,51.41048]]},"properties":{"name":"Fairfield North","category":"primary","osm_type":"way","osm_id":"1221540454","ref":"A307"}},{"type":"Feature","geometry":{"type":"LineString","coordinates":[[-0.30114,51.40902],[-0.30128,51.40892]]},"properties":{"name":"Wheatfield Way","category":"primary","osm_type":"way","osm_id":"1221540455","ref":"A307"}},{"type":"Feature","geometry":{"type":"LineString","coordinates":[[-0.305,51.40734],[-0.30515,51.40737]]},"properties":{"name":"Kingston Hall Road","category":"primary","osm_type":"way","osm_id":"1221705660","ref":"A307"}},{"type":"Feature","geometry":{"type":"LineString","coordinates":[[-0.30468,51.40731],[-0.30446,51.40727]]},"properties":{"name":"Kingston Hall Road","category":"primary","osm_type":"way","osm_id":"1221705661","ref":"A307"}},{"type":"Feature","geometry":{"type":"LineString","coordinates":[[-0.30463,51.40722],[-0.305,51.40734]]},"properties":{"name":"Kingston Hall Road","category":"primary","osm_type":"way","osm_id":"1221705662","ref":"A307"}},{"type":"Feature","geometry":{"type":"LineString","coordinates":[[-0.30391,51.40654],[-0.3039,51.40676]]},"properties":{"name":"Penrhyn Road","category":"primary","osm_type":"way","osm_id":"1221705663","ref":"A240"}},{"type":"Feature","geometry":{"type":"LineString","coordinates":[[-0.30379,51.40706],[-0.30375,51.40677]]},"properties":{"name":"Penrhyn Road","category":"primary","osm_type":"way","osm_id":"1221705664","ref":"A240"}},{"type":"Feature","geometry":{"type":"LineString","coordinates":[[-0.29646,51.41214],[-0.29638,51.41206]]},"properties":{"name":"Queen Elizabeth Road","category":"primary","osm_type":"way","osm_id":"1221709118","ref":"A307"}},{"type":"Feature","geometry":{"type":"LineString","coordinates":[[-0.29649,51.4117],[-0.29658,51.41146]]},"properties":{"name":"Queen Elizabeth Road","category":"primary","osm_type":"way","osm_id":"1221709119","ref":"A307"}},{"type":"Feature","geometry":{"type":"LineString","coordinates":[[-0.29335,51.41068],[-0.29303,51.41072]]},"properties":{"name":"London Road","category":"primary","osm_type":"way","osm_id":"1221734723","ref":"A308"}},{"type":"Feature","geometry":{"type":"LineString","coordinates":[[-0.29036,51.41173],[-0.29013,51.41191]]},"properties":{"name":"London Road","category":"primary","osm_type":"way","osm_id":"1221734724","ref":"A308"}},{"type":"Feature","geometry":{"type":"LineString","coordinates":[[-0.1875,51.46189],[-0.18717,51.46193]]},"properties":{"name":"Swandon Way","category":"trunk","osm_type":"way","osm_id":"1221970605","operator":"Transport for London","ref":"A217"}},{"type":"Feature","geometry":{"type":"LineString","coordinates":[[-0.75341,51.29406],[-0.75345,51.29421]]},"properties":{"name":"Clockhouse Roundabout","category":"primary","osm_type":"way","osm_id":"1222101804","ref":"A325"}},{"type":"Feature","geometry":{"type":"LineString","coordinates":[[-0.75078,51.30823],[-0.7508,51.30824]]},"properties":{"name":"Bradfords Roundabout","category":"primary","osm_type":"way","osm_id":"1222101811"}},{"type":"Feature","geometry":{"type":"LineString","coordinates":[[-0.7508,51.30824],[-0.75074,51.3086]]},"properties":{"name":"Bradfords Roundabout","category":"primary","osm_type":"way","osm_id":"1222101814"}},{"type":"Feature","geometry":{"type":"LineString","coordinates":[[-0.75327,51.29371],[-0.75339,51.29404]]},"properties":{"name":"Farnborough Road","category":"primary","osm_type":"way","osm_id":"1222101820","ref":"A325"}},{"type":"Feature","geometry":{"type":"LineString","coordinates":[[-0.45197,51.3222],[-0.45224,51.32233]]},"properties":{"name":"M25","category":"motorway_link","osm_type":"way","osm_id":"1222594179","ref":"M25"}},{"type":"Feature","geometry":{"type":"LineString","coordinates":[[-0.4517,51.32142],[-0.45267,51.32246]]},"properties":{"name":"M25","category":"motorway_link","osm_type":"way","osm_id":"1222594180","ref":"M25"}},{"type":"Feature","geometry":{"type":"LineString","coordinates":[[-0.4517,51.32142],[-0.4517,51.3219]]},"properties":{"name":"A3","category":"trunk_link","osm_type":"way","osm_id":"1222594181","ref":"A3"}},{"type":"Feature","geometry":{"type":"LineString","coordinates":[[-0.45086,51.32313],[-0.44992,51.32359]]},"properties":{"name":"A3","category":"trunk_link","osm_type":"way","osm_id":"1222594186","ref":"A3"}},{"type":"Feature","geometry":{"type":"LineString","coordinates":[[-0.45244,51.32319],[-0.44992,51.32359]]},"properties":{"name":"M25","category":"motorway_link","osm_type":"way","osm_id":"1222594187","ref":"M25"}},{"type":"Feature","geometry":{"type":"LineString","coordinates":[[-0.45638,51.32378],[-0.45295,51.3233]]},"properties":{"name":"M25","category":"motorway_link","osm_type":"way","osm_id":"1222594188","ref":"M25"}},{"type":"Feature","geometry":{"type":"LineString","coordinates":[[-0.42955,51.33444],[-0.42858,51.33529]]},"properties":{"name":"Major roads","category":"trunk_link","osm_type":"way","osm_id":"1222594205"}},{"type":"Feature","geometry":{"type":"LineString","coordinates":[[-0.44877,51.32291],[-0.44772,51.32188]]},"properties":{"name":"M25","category":"motorway_link","osm_type":"way","osm_id":"1222594211","ref":"M25"}},{"type":"Feature","geometry":{"type":"LineString","coordinates":[[-0.44854,51.32383],[-0.44866,51.3225]]},"properties":{"name":"A3","category":"trunk_link","osm_type":"way","osm_id":"1222594212","ref":"A3"}},{"type":"Feature","geometry":{"type":"LineString","coordinates":[[-0.44838,51.32222],[-0.44515,51.32046]]},"properties":{"name":"M25","category":"motorway_link","osm_type":"way","osm_id":"1222594213","ref":"M25"}},{"type":"Feature","geometry":{"type":"LineString","coordinates":[[-0.45033,51.3211],[-0.45167,51.32027]]},"properties":{"name":"A3","category":"trunk_link","osm_type":"way","osm_id":"1222594214","ref":"A3"}},{"type":"Feature","geometry":{"type":"LineString","coordinates":[[-0.44825,51.32107],[-0.45033,51.3211]]},"properties":{"name":"M25","category":"motorway_link","osm_type":"way","osm_id":"1222594215","ref":"M25"}},{"type":"Feature","geometry":{"type":"LineString","coordinates":[[-0.45177,51.32283],[-0.45024,51.32302],[-0.44834,51.3218]]},"properties":{"name":"Wisley Interchange","category":"trunk","osm_type":"way","osm_id":"1222594217"}},{"type":"Feature","geometry":{"type":"LineString","coordinates":[[-0.45201,51.32249],[-0.45177,51.32283]]},"properties":{"name":"Wisley Interchange","category":"trunk","osm_type":"way","osm_id":"1222594218"}},{"type":"Feature","geometry":{"type":"LineString","coordinates":[[-0.44834,51.3218],[-0.44862,51.32143]]},"properties":{"name":"Wisley Interchange","category":"trunk","osm_type":"way","osm_id":"1222594219"}},{"type":"Feature","geometry":{"type":"LineString","coordinates":[[-0.44862,51.32143],[-0.45015,51.32133],[-0.45201,51.32249]]},"properties":{"name":"Wisley Interchange","category":"trunk","osm_type":"way","osm_id":"1222594220"}},{"type":"Feature","geometry":{"type":"LineString","coordinates":[[-0.45448,51.31721],[-0.45449,51.31677]]},"properties":{"name":"A3","category":"trunk_link","osm_type":"way","osm_id":"1222594231","ref":"A3"}},{"type":"Feature","geometry":{"type":"LineString","coordinates":[[-0.45449,51.31677],[-0.45506,51.31677]]},"properties":{"name":"A3","category":"trunk_link","osm_type":"way","osm_id":"1222594232","ref":"A3"}},{"type":"Feature","geometry":{"type":"LineString","coordinates":[[-0.33797,51.07918],[-0.33797,51.07919]]},"properties":{"name":"Robin Hood Roundabout","category":"trunk","osm_type":"way","osm_id":"1224869431"}},{"type":"Feature","geometry":{"type":"LineString","coordinates":[[-0.33753,51.07898],[-0.33825,51.07869]]},"properties":{"name":"A24","category":"trunk","osm_type":"way","osm_id":"1224869432","ref":"A24"}},{"type":"Feature","geometry":{"type":"LineString","coordinates":[[-0.61778,51.18427],[-0.61704,51.18439]]},"properties":{"name":"Ockford Road","category":"primary","osm_type":"way","osm_id":"1224971406","ref":"A3100"}},{"type":"Feature","geometry":{"type":"LineString","coordinates":[[-0.09859,51.49775],[-0.09804,51.49825]]},"properties":{"name":"Newington Causeway","category":"primary","osm_type":"way","osm_id":"1225445713","operator":"London Borough of Southwark","ref":"A3"}},{"type":"Feature","geometry":{"type":"LineString","coordinates":[[-0.05046,51.49195],[-0.04852,51.49347]]},"properties":{"name":"Hawkstone Road","category":"primary","osm_type":"way","osm_id":"1225633186"}},{"type":"Feature","geometry":{"type":"LineString","coordinates":[[-0.16364,51.40732],[-0.16375,51.40726]]},"properties":{"name":"Holborn Way","category":"primary","osm_type":"way","osm_id":"1226240729","ref":"A217"}},{"type":"Feature","geometry":{"type":"LineString","coordinates":[[-0.16379,51.40734],[-0.16358,51.40754]]},"properties":{"name":"Holborn Way","category":"primary","osm_type":"way","osm_id":"1226240730","ref":"A217"}},{"type":"Feature","geometry":{"type":"LineString","coordinates":[[-0.16375,51.40726],[-0.16401,51.40718]]},"properties":{"name":"Holborn Way","category":"primary","osm_type":"way","osm_id":"1226240732","ref":"A217"}},{"type":"Feature","geometry":{"type":"LineString","coordinates":[[-0.16358,51.40754],[-0.16347,51.40768]]},"properties":{"name":"Holborn Way","category":"primary","osm_type":"way","osm_id":"1226240734","ref":"A217"}},{"type":"Feature","geometry":{"type":"LineString","coordinates":[[-0.20584,51.1055],[-0.20694,51.10347]]},"properties":{"name":"Horsham Road","category":"primary","osm_type":"way","osm_id":"1226636768","ref":"A2220"}},{"type":"Feature","geometry":{"type":"LineString","coordinates":[[-0.19339,51.10159],[-0.19363,51.10195]]},"properties":{"name":"Brighton Road","category":"primary","osm_type":"way","osm_id":"1226636776","ref":"A2219"}},{"type":"Feature","geometry":{"type":"LineString","coordinates":[[-0.14602,51.12371],[-0.14738,51.12325]]},"properties":{"name":"Copthorne Road","category":"primary","osm_type":"way","osm_id":"1226636812","ref":"A2220"}},{"type":"Feature","geometry":{"type":"LineString","coordinates":[[-0.19059,51.11334],[-0.19055,51.11342]]},"properties":{"name":"High Street","category":"primary","osm_type":"way","osm_id":"1226636848","ref":"A2219"}},{"type":"Feature","geometry":{"type":"LineString","coordinates":[[-0.20446,51.10675],[-0.20443,51.10685]]},"properties":{"name":"Crawley Avenue","category":"primary","osm_type":"way","osm_id":"1226864988","ref":"A23"}},{"type":"Feature","geometry":{"type":"LineString","coordinates":[[-0.20404,51.10634],[-0.20418,51.10642]]},"properties":{"name":"Crawley Avenue","category":"primary","osm_type":"way","osm_id":"1226864989","ref":"A23"}},{"type":"Feature","geometry":{"type":"LineString","coordinates":[[-0.18604,51.13532],[-0.18603,51.13543]]},"properties":{"name":"London Road","category":"primary","osm_type":"way","osm_id":"1226865011","ref":"A23"}},{"type":"Feature","geometry":{"type":"LineString","coordinates":[[-0.18625,51.13499],[-0.18604,51.13532]]},"properties":{"name":"London Road","category":"primary","osm_type":"way","osm_id":"1226865012","ref":"A23"}},{"type":"Feature","geometry":{"type":"LineString","coordinates":[[-0.18336,51.14415],[-0.18295,51.14426]]},"properties":{"name":"Lowfield Heath Roundabout","category":"primary","osm_type":"way","osm_id":"1226865018"}},{"type":"Feature","geometry":{"type":"LineString","coordinates":[[-0.18295,51.14426],[-0.18293,51.14425]]},"properties":{"name":"Lowfield Heath Roundabout","category":"primary","osm_type":"way","osm_id":"1226865019"}},{"type":"Feature","geometry":{"type":"LineString","coordinates":[[-0.19343,51.11473],[-0.19396,51.1149]]},"properties":{"name":"Ifield Road","category":"primary","osm_type":"way","osm_id":"1226865023","ref":"A2220"}},{"type":"Feature","geometry":{"type":"LineString","coordinates":[[-0.54912,51.187],[-0.54763,51.18464]]},"properties":{"name":"Birtley Road","category":"primary","osm_type":"way","osm_id":"1227191233","ref":"A281"}},{"type":"Feature","geometry":{"type":"LineString","coordinates":[[-0.55673,51.19166],[-0.555,51.19092]]},"properties":{"name":"High Street","category":"primary","osm_type":"way","osm_id":"1227191234","ref":"A281"}},{"type":"Feature","geometry":{"type":"LineString","coordinates":[[-0.44999,51.42323],[-0.44936,51.42314]]},"properties":{"name":"Staines Road West","category":"trunk","osm_type":"way","osm_id":"1227530526","ref":"A308"}},{"type":"Feature","geometry":{"type":"LineString","coordinates":[[-0.57853,51.4175],[-0.57829,51.41773]]},"properties":{"name":"London Road","category":"primary","osm_type":"way","osm_id":"1227544519","ref":"A30"}},{"type":"Feature","geometry":{"type":"LineString","coordinates":[[-0.57822,51.41781],[-0.57767,51.41872]]},"properties":{"name":"London Road","category":"primary","osm_type":"way","osm_id":"1227544520","ref":"A30"}},{"type":"Feature","geometry":{"type":"LineString","coordinates":[[-0.57942,51.41691],[-0.57885,51.41723]]},"properties":{"name":"London Road","category":"primary","osm_type":"way","osm_id":"1227544529","ref":"A30"}},{"type":"Feature","geometry":{"type":"LineString","coordinates":[[-0.57885,51.41723],[-0.57872,51.41733]]},"properties":{"name":"London Road","category":"primary","osm_type":"way","osm_id":"1227544530","ref":"A30"}},{"type":"Feature","geometry":{"type":"LineString","coordinates":[[-0.57853,51.4175],[-0.57872,51.41733]]},"properties":{"name":"London Road","category":"primary","osm_type":"way","osm_id":"1227544531","ref":"A30"}},{"type":"Feature","geometry":{"type":"LineString","coordinates":[[-0.57829,51.41773],[-0.57822,51.41781]]},"properties":{"name":"London Road","category":"primary","osm_type":"way","osm_id":"1227544544","ref":"A30"}},{"type":"Feature","geometry":{"type":"LineString","coordinates":[[-0.75108,51.43963],[-0.75137,51.4402]]},"properties":{"name":"Maidenhead Road","category":"primary","osm_type":"way","osm_id":"1228496076","ref":"A3095"}},{"type":"Feature","geometry":{"type":"LineString","coordinates":[[-0.7509,51.45392],[-0.7463,51.45803],[-0.741,51.45912]]},"properties":{"name":"Maidenhead Road","category":"primary","osm_type":"way","osm_id":"1228496077","ref":"A3095"}},{"type":"Feature","geometry":{"type":"LineString","coordinates":[[-0.4475,51.44895],[-0.44726,51.44931]]},"properties":{"name":"Clockhouse Roundabout","category":"trunk","osm_type":"way","osm_id":"1228741424","operator":"Transport for London"}},{"type":"Feature","geometry":{"type":"LineString","coordinates":[[-0.50632,51.38758],[-0.50717,51.38794]]},"properties":{"name":"Eastworth Road","category":"primary","osm_type":"way","osm_id":"1228743416","ref":"A317"}},{"type":"Feature","geometry":{"type":"LineString","coordinates":[[-0.50547,51.3872],[-0.50632,51.38758]]},"properties":{"name":"Eastworth Road","category":"primary","osm_type":"way","osm_id":"1228743417","ref":"A317"}},{"type":"Feature","geometry":{"type":"LineString","coordinates":[[-0.7111,51.25126],[-0.7109,51.25132]]},"properties":{"name":"Major roads","category":"primary","osm_type":"way","osm_id":"1228911882"}},{"type":"Feature","geometry":{"type":"LineString","coordinates":[[-0.87131,51.24599],[-0.87051,51.24597]]},"properties":{"name":"Farnham Road","category":"primary","osm_type":"way","osm_id":"1230208347","ref":"A287"}},{"type":"Feature","geometry":{"type":"LineString","coordinates":[[-0.87306,51.24603],[-0.87215,51.246]]},"properties":{"name":"Farnham Road","category":"primary","osm_type":"way","osm_id":"1230208348","ref":"A287"}},{"type":"Feature","geometry":{"type":"LineString","coordinates":[[-0.67992,51.35544],[-0.67991,51.35532]]},"properties":{"name":"Major roads","category":"trunk","osm_type":"way","osm_id":"1230217193"}},{"type":"Feature","geometry":{"type":"LineString","coordinates":[[-0.9532,51.27306],[-0.93518,51.27654]]},"properties":{"name":"M3","category":"motorway","osm_type":"way","osm_id":"1230219577","operator":"National Highways","ref":"M3"}},{"type":"Feature","geometry":{"type":"LineString","coordinates":[[-0.96104,51.27211],[-0.96077,51.27217]]},"properties":{"name":"Hook Interchange","category":"primary","osm_type":"way","osm_id":"1230219578"}},{"type":"Feature","geometry":{"type":"LineString","coordinates":[[-0.96008,51.27213],[-0.95988,51.27205]]},"properties":{"name":"Hook Interchange","category":"primary","osm_type":"way","osm_id":"1230219583"}},{"type":"Feature","geometry":{"type":"LineString","coordinates":[[-0.95911,51.27086],[-0.95929,51.27059]]},"properties":{"name":"Hook Interchange","category":"primary","osm_type":"way","osm_id":"1230219584"}},{"type":"Feature","geometry":{"type":"LineString","coordinates":[[-0.93523,51.27637],[-0.95191,51.27314]]},"properties":{"name":"M3","category":"motorway","osm_type":"way","osm_id":"1230219585","operator":"National Highways","ref":"M3"}},{"type":"Feature","geometry":{"type":"LineString","coordinates":[[-0.75374,51.31517],[-0.75355,51.31507]]},"properties":{"name":"Major roads","category":"trunk","osm_type":"way","osm_id":"1230219586"}},{"type":"Feature","geometry":{"type":"LineString","coordinates":[[-0.75356,51.3146],[-0.75402,51.31445]]},"properties":{"name":"Major roads","category":"trunk","osm_type":"way","osm_id":"1230219587"}},{"type":"Feature","geometry":{"type":"LineString","coordinates":[[-0.75355,51.31507],[-0.75356,51.3146]]},"properties":{"name":"Major roads","category":"trunk","osm_type":"way","osm_id":"1230219588"}},{"type":"Feature","geometry":{"type":"LineString","coordinates":[[-0.74686,51.31055],[-0.74679,51.31057]]},"properties":{"name":"Major roads","category":"primary","osm_type":"way","osm_id":"1230219589"}},{"type":"Feature","geometry":{"type":"LineString","coordinates":[[-0.74814,51.30979],[-0.74798,51.30985]]},"properties":{"name":"Major roads","category":"primary","osm_type":"way","osm_id":"1230219590"}},{"type":"Feature","geometry":{"type":"LineString","coordinates":[[-0.30133,51.48508],[-0.30113,51.48514]]},"properties":{"name":"Brentford High Street","category":"primary","osm_type":"way","osm_id":"1230316023","ref":"A315"}},{"type":"Feature","geometry":{"type":"LineString","coordinates":[[-0.30113,51.48514],[-0.30077,51.48521]]},"properties":{"name":"Brentford High Street","category":"primary","osm_type":"way","osm_id":"1230316024","ref":"A315"}},{"type":"Feature","geometry":{"type":"LineString","coordinates":[[-0.55482,51.30618],[-0.55449,51.30602]]},"properties":{"name":"Kingfield Road","category":"primary","osm_type":"way","osm_id":"1230531184","ref":"A247"}},{"type":"Feature","geometry":{"type":"LineString","coordinates":[[-0.02457,51.47468],[-0.02482,51.47472]]},"properties":{"name":"Deptford Broadway","category":"trunk","osm_type":"way","osm_id":"1230989144","operator":"Transport for London","ref":"A2"}},{"type":"Feature","geometry":{"type":"LineString","coordinates":[[-0.18657,51.46366],[-0.18661,51.4637]]},"properties":{"name":"Bridgend Road","category":"primary","osm_type":"way","osm_id":"1231890782","ref":"A217"}},{"type":"Feature","geometry":{"type":"LineString","coordinates":[[-0.055,51.49885],[-0.05503,51.49882]]},"properties":{"name":"Major roads","category":"primary","osm_type":"way","osm_id":"1231903545","operator":"Transport for London"}},{"type":"Feature","geometry":{"type":"LineString","coordinates":[[-0.05521,51.49918],[-0.05514,51.49916]]},"properties":{"name":"Major roads","category":"primary","osm_type":"way","osm_id":"1231903546","operator":"Transport for London"}},{"type":"Feature","geometry":{"type":"LineString","coordinates":[[-0.05119,51.49107],[-0.05081,51.49106]]},"properties":{"name":"Rotherhithe New Road","category":"primary","osm_type":"way","osm_id":"1232195286","ref":"A2208"}},{"type":"Feature","geometry":{"type":"LineString","coordinates":[[-0.05081,51.49106],[-0.05011,51.49105]]},"properties":{"name":"Rotherhithe New Road","category":"primary","osm_type":"way","osm_id":"1232195287","ref":"A2208"}},{"type":"Feature","geometry":{"type":"LineString","coordinates":[[-0.05151,51.49134],[-0.05135,51.49124]]},"properties":{"name":"Major roads","category":"primary","osm_type":"way","osm_id":"1232195290"}},{"type":"Feature","geometry":{"type":"LineString","coordinates":[[-0.05197,51.49119],[-0.0519,51.4913]]},"properties":{"name":"Major roads","category":"primary","osm_type":"way","osm_id":"1232195291"}},{"type":"Feature","geometry":{"type":"LineString","coordinates":[[-0.10317,51.49121],[-0.10315,51.49128]]},"properties":{"name":"Newington Butts","category":"trunk","osm_type":"way","osm_id":"1232195293","operator":"Transport for London","ref":"A3"}},{"type":"Feature","geometry":{"type":"LineString","coordinates":[[-0.10315,51.49115],[-0.10317,51.49121]]},"properties":{"name":"Newington Butts","category":"trunk","osm_type":"way","osm_id":"1232195295","operator":"Transport for London","ref":"A3"}},{"type":"Feature","geometry":{"type":"LineString","coordinates":[[-0.10757,51.49732],[-0.10769,51.49739]]},"properties":{"name":"St George's Road","category":"primary","osm_type":"way","osm_id":"1232195297","operator":"Transport for London","ref":"A302"}},{"type":"Feature","geometry":{"type":"LineString","coordinates":[[-0.44141,51.0271],[-0.44091,51.02679]]},"properties":{"name":"Hilland Road","category":"trunk","osm_type":"way","osm_id":"1232219294","ref":"A272"}},{"type":"Feature","geometry":{"type":"LineString","coordinates":[[-0.44091,51.02174],[-0.4414,51.02169]]},"properties":{"name":"Coneyhurst Road","category":"trunk","osm_type":"way","osm_id":"1232219296","ref":"A272"}},{"type":"Feature","geometry":{"type":"LineString","coordinates":[[-0.44142,51.02184],[-0.44091,51.02174]]},"properties":{"name":"Coneyhurst Road","category":"trunk","osm_type":"way","osm_id":"1232219297","ref":"A272"}},{"type":"Feature","geometry":{"type":"LineString","coordinates":[[-0.44168,51.02189],[-0.4415,51.0221]]},"properties":{"name":"Hilland Road","category":"trunk","osm_type":"way","osm_id":"1232219302","ref":"A272"}},{"type":"Feature","geometry":{"type":"LineString","coordinates":[[-0.4415,51.0221],[-0.44148,51.02187]]},"properties":{"name":"Hilland Road","category":"trunk","osm_type":"way","osm_id":"1232219303","ref":"A272"}},{"type":"Feature","geometry":{"type":"LineString","coordinates":[[-0.00459,51.47226],[-0.00336,51.4721]]},"properties":{"name":"Shooters Hill Road","category":"trunk","osm_type":"way","osm_id":"1232224503","operator":"Transport for London","ref":"A2"}},{"type":"Feature","geometry":{"type":"LineString","coordinates":[[-0.00336,51.4721],[-0.00224,51.47195]]},"properties":{"name":"Shooters Hill Road","category":"trunk","osm_type":"way","osm_id":"1232224504","operator":"Transport for London","ref":"A2"}},{"type":"Feature","geometry":{"type":"LineString","coordinates":[[-0.00224,51.47195],[-0.00173,51.47188]]},"properties":{"name":"Shooters Hill Road","category":"trunk","osm_type":"way","osm_id":"1232234324","operator":"Transport for London","ref":"A2"}},{"type":"Feature","geometry":{"type":"LineString","coordinates":[[-0.02297,51.47442],[-0.02317,51.47445]]},"properties":{"name":"Deptford Bridge","category":"trunk","osm_type":"way","osm_id":"1232809308","operator":"Transport for London","ref":"A2"}},{"type":"Feature","geometry":{"type":"LineString","coordinates":[[-0.00533,51.47238],[-0.00459,51.47226]]},"properties":{"name":"Shooters Hill Road","category":"trunk","osm_type":"way","osm_id":"1232814705","operator":"Transport for London","ref":"A2"}},{"type":"Feature","geometry":{"type":"LineString","coordinates":[[-0.00545,51.47234],[-0.00557,51.47236]]},"properties":{"name":"Blackheath Hill","category":"trunk","osm_type":"way","osm_id":"1232814708","operator":"Transport for London","ref":"A2"}},{"type":"Feature","geometry":{"type":"LineString","coordinates":[[-0.00557,51.47236],[-0.00611,51.47247]]},"properties":{"name":"Blackheath Hill","category":"trunk","osm_type":"way","osm_id":"1232814709","operator":"Transport for London","ref":"A2"}},{"type":"Feature","geometry":{"type":"LineString","coordinates":[[-0.012,51.12739],[-0.01176,51.12737]]},"properties":{"name":"Beeching Way","category":"trunk","osm_type":"way","osm_id":"1233025962","ref":"A22"}},{"type":"Feature","geometry":{"type":"LineString","coordinates":[[-0.14882,51.49995],[-0.14885,51.49998]]},"properties":{"name":"Grosvenor Place","category":"trunk","osm_type":"way","osm_id":"1233228309","operator":"Transport for London","ref":"A302"}},{"type":"Feature","geometry":{"type":"LineString","coordinates":[[-0.15306,51.48525],[-0.15278,51.48529]]},"properties":{"name":"Chelsea Embankment","category":"trunk","osm_type":"way","osm_id":"1233278777","operator":"Transport for London","ref":"A3212"}},{"type":"Feature","geometry":{"type":"LineString","coordinates":[[-0.71095,51.25125],[-0.7111,51.25126]]},"properties":{"name":"Major roads","category":"primary","osm_type":"way","osm_id":"1233527803"}},{"type":"Feature","geometry":{"type":"LineString","coordinates":[[-0.15788,51.11891],[-0.15805,51.11888]]},"properties":{"name":"Haslett Avenue East","category":"primary","osm_type":"way","osm_id":"1233530674","ref":"A2220"}},{"type":"Feature","geometry":{"type":"LineString","coordinates":[[-0.11691,51.49939],[-0.11692,51.49935]]},"properties":{"name":"Lambeth Palace Road","category":"primary","osm_type":"way","osm_id":"1233592483","operator":"Transport for London","ref":"A3036"}},{"type":"Feature","geometry":{"type":"LineString","coordinates":[[-0.0155,51.46579],[-0.01532,51.46571]]},"properties":{"name":"Thurston Road","category":"primary","osm_type":"way","osm_id":"1233691210","ref":"A2210"}},{"type":"Feature","geometry":{"type":"LineString","coordinates":[[-0.01532,51.46571],[-0.01459,51.46528]]},"properties":{"name":"Thurston Road","category":"primary","osm_type":"way","osm_id":"1233691211","ref":"A2210"}},{"type":"Feature","geometry":{"type":"LineString","coordinates":[[-0.041,51.47483],[-0.0407,51.47483]]},"properties":{"name":"New Cross Road","category":"trunk","osm_type":"way","osm_id":"1233692170","operator":"Transport for London","ref":"A2"}},{"type":"Feature","geometry":{"type":"LineString","coordinates":[[-0.04391,51.47431],[-0.04303,51.47433]]},"properties":{"name":"New Cross Road","category":"trunk","osm_type":"way","osm_id":"1233692171","operator":"Transport for London","ref":"A2"}},{"type":"Feature","geometry":{"type":"LineString","coordinates":[[-0.35834,51.05621],[-0.35785,51.05558]]},"properties":{"name":"Major roads","category":"trunk_link","osm_type":"way","osm_id":"1233915389"}},{"type":"Feature","geometry":{"type":"LineString","coordinates":[[-0.10142,51.45206],[-0.10122,51.45172]]},"properties":{"name":"Norwood Road","category":"primary","osm_type":"way","osm_id":"1234268053","ref":"A215"}},{"type":"Feature","geometry":{"type":"LineString","coordinates":[[-0.10142,51.45206],[-0.10156,51.45232]]},"properties":{"name":"Norwood Road","category":"primary","osm_type":"way","osm_id":"1234268054","ref":"A215"}},{"type":"Feature","geometry":{"type":"LineString","coordinates":[[-0.10142,51.45236],[-0.10139,51.4522]]},"properties":{"name":"Norwood Road","category":"primary","osm_type":"way","osm_id":"1234268055","ref":"A215"}},{"type":"Feature","geometry":{"type":"LineString","coordinates":[[-0.11647,51.49527],[-0.11626,51.49532]]},"properties":{"name":"Lambeth Road","category":"primary","osm_type":"way","osm_id":"1234353085","ref":"A3203"}},{"type":"Feature","geometry":{"type":"LineString","coordinates":[[-0.1173,51.49507],[-0.11647,51.49527]]},"properties":{"name":"Lambeth Road","category":"primary","osm_type":"way","osm_id":"1234353090","ref":"A3203"}},{"type":"Feature","geometry":{"type":"LineString","coordinates":[[-0.13186,51.48344],[-0.13207,51.48338]]},"properties":{"name":"Nine Elms Lane","category":"trunk","osm_type":"way","osm_id":"1234373221","operator":"Transport for London","ref":"A3205"}},{"type":"Feature","geometry":{"type":"LineString","coordinates":[[-0.61938,51.49689],[-0.6195,51.49661]]},"properties":{"name":"Royal Windsor Way","category":"primary","osm_type":"way","osm_id":"1234487623","ref":"A332"}},{"type":"Feature","geometry":{"type":"LineString","coordinates":[[-0.62022,51.49557],[-0.61987,51.49627]]},"properties":{"name":"Royal Windsor Way","category":"primary","osm_type":"way","osm_id":"1234487624","ref":"A355"}},{"type":"Feature","geometry":{"type":"LineString","coordinates":[[-0.62022,51.49557],[-0.61992,51.49628]]},"properties":{"name":"Woodham Road","category":"primary","osm_type":"way","osm_id":"1234487625","ref":"A332"}},{"type":"Feature","geometry":{"type":"LineString","coordinates":[[-0.61992,51.49628],[-0.61981,51.49665]]},"properties":{"name":"Woodham Road","category":"primary","osm_type":"way","osm_id":"1234487626","ref":"A332"}},{"type":"Feature","geometry":{"type":"LineString","coordinates":[[-0.61987,51.49627],[-0.61967,51.49663]]},"properties":{"name":"Royal Windsor Way","category":"primary","osm_type":"way","osm_id":"1234487627","ref":"A355"}},{"type":"Feature","geometry":{"type":"LineString","coordinates":[[-0.6195,51.49661],[-0.61967,51.49624]]},"properties":{"name":"Royal Windsor Way","category":"primary","osm_type":"way","osm_id":"1234487628","ref":"A332"}},{"type":"Feature","geometry":{"type":"LineString","coordinates":[[-0.1378,51.15964],[-0.13704,51.15955]]},"properties":{"name":"M23","category":"motorway","osm_type":"way","osm_id":"1234738869","operator":"National Highways","ref":"M23"}},{"type":"Feature","geometry":{"type":"LineString","coordinates":[[-0.19698,51.08559],[-0.19767,51.08554]]},"properties":{"name":"A23","category":"trunk_link","osm_type":"way","osm_id":"1234749417","operator":"National Highways","ref":"A23"}},{"type":"Feature","geometry":{"type":"LineString","coordinates":[[-0.13989,51.10827],[-0.14118,51.1068]]},"properties":{"name":"M23","category":"motorway","osm_type":"way","osm_id":"1234749418","operator":"National Highways","ref":"M23"}},{"type":"Feature","geometry":{"type":"LineString","coordinates":[[-0.62754,51.22789],[-0.6259,51.2281]]},"properties":{"name":"Hog's Back","category":"trunk","osm_type":"way","osm_id":"1234989965","ref":"A31"}},{"type":"Feature","geometry":{"type":"LineString","coordinates":[[-0.71851,51.22628],[-0.72049,51.22596]]},"properties":{"name":"Runfold Diversion","category":"trunk_link","osm_type":"way","osm_id":"1234989966"}},{"type":"Feature","geometry":{"type":"LineString","coordinates":[[-0.77249,51.33103],[-0.77267,51.33113]]},"properties":{"name":"A331","category":"primary","osm_type":"way","osm_id":"1235154919","ref":"A331"}},{"type":"Feature","geometry":{"type":"LineString","coordinates":[[-0.42436,51.45469],[-0.42385,51.4548]]},"properties":{"name":"Staines Road","category":"primary","osm_type":"way","osm_id":"1235351953","ref":"A315"}},{"type":"Feature","geometry":{"type":"LineString","coordinates":[[-0.42385,51.4548],[-0.42359,51.45486]]},"properties":{"name":"Staines Road","category":"primary","osm_type":"way","osm_id":"1235351954","ref":"A315"}},{"type":"Feature","geometry":{"type":"LineString","coordinates":[[-0.42221,51.45517],[-0.42206,51.4552]]},"properties":{"name":"Staines Road","category":"primary","osm_type":"way","osm_id":"1235351962","ref":"A315"}},{"type":"Feature","geometry":{"type":"LineString","coordinates":[[-0.42206,51.4552],[-0.42172,51.45526]]},"properties":{"name":"Staines Road","category":"primary","osm_type":"way","osm_id":"1235351963","ref":"A315"}},{"type":"Feature","geometry":{"type":"LineString","coordinates":[[-0.92268,51.17216],[-0.92183,51.17252]]},"properties":{"name":"A31","category":"trunk","osm_type":"way","osm_id":"1235651388","ref":"A31"}},{"type":"Feature","geometry":{"type":"LineString","coordinates":[[-0.91799,51.17502],[-0.91858,51.17442]]},"properties":{"name":"A31","category":"trunk","osm_type":"way","osm_id":"1235651389","ref":"A31"}},{"type":"Feature","geometry":{"type":"LineString","coordinates":[[-0.85493,51.19225],[-0.86089,51.19142]]},"properties":{"name":"Alton Road","category":"trunk","osm_type":"way","osm_id":"1235651390","ref":"A31"}},{"type":"Feature","geometry":{"type":"LineString","coordinates":[[-0.85497,51.19237],[-0.85392,51.1925]]},"properties":{"name":"Alton Road","category":"trunk","osm_type":"way","osm_id":"1235651393","ref":"A31"}},{"type":"Feature","geometry":{"type":"LineString","coordinates":[[-0.853,51.19265],[-0.85243,51.19276]]},"properties":{"name":"Alton Road","category":"trunk","osm_type":"way","osm_id":"1235651394","ref":"A31"}},{"type":"Feature","geometry":{"type":"LineString","coordinates":[[-0.85126,51.19285],[-0.85237,51.19259]]},"properties":{"name":"Alton Road","category":"trunk","osm_type":"way","osm_id":"1235651395","ref":"A31"}},{"type":"Feature","geometry":{"type":"LineString","coordinates":[[-0.8392,51.19628],[-0.83991,51.19592]]},"properties":{"name":"Alton Road","category":"trunk","osm_type":"way","osm_id":"1235651397","ref":"A31"}},{"type":"Feature","geometry":{"type":"LineString","coordinates":[[-0.83991,51.19592],[-0.84162,51.19543]]},"properties":{"name":"Alton Road","category":"trunk","osm_type":"way","osm_id":"1235651398","ref":"A31"}},{"type":"Feature","geometry":{"type":"LineString","coordinates":[[-0.8393,51.19639],[-0.83476,51.19946]]},"properties":{"name":"Alton Road","category":"trunk","osm_type":"way","osm_id":"1235651399","ref":"A31"}},{"type":"Feature","geometry":{"type":"LineString","coordinates":[[-0.81892,51.2058],[-0.82834,51.20134]]},"properties":{"name":"Alton Road","category":"trunk","osm_type":"way","osm_id":"1235651400","ref":"A31"}},{"type":"Feature","geometry":{"type":"LineString","coordinates":[[-0.82834,51.20134],[-0.82879,51.20115]]},"properties":{"name":"Alton Road","category":"trunk","osm_type":"way","osm_id":"1235651401","ref":"A31"}},{"type":"Feature","geometry":{"type":"LineString","coordinates":[[-0.81728,51.20625],[-0.81823,51.20605]]},"properties":{"name":"Alton Road","category":"trunk","osm_type":"way","osm_id":"1235651402","ref":"A31"}},{"type":"Feature","geometry":{"type":"LineString","coordinates":[[-0.81939,51.20574],[-0.81728,51.2064]]},"properties":{"name":"Alton Road","category":"trunk","osm_type":"way","osm_id":"1235651404","ref":"A31"}},{"type":"Feature","geometry":{"type":"LineString","coordinates":[[-0.79557,51.21109],[-0.79483,51.21199]]},"properties":{"name":"Farnham Bypass","category":"trunk","osm_type":"way","osm_id":"1235651405","ref":"A31"}},{"type":"Feature","geometry":{"type":"LineString","coordinates":[[-0.79249,51.21444],[-0.793,51.21396]]},"properties":{"name":"Farnham Bypass","category":"trunk","osm_type":"way","osm_id":"1235651406","ref":"A31"}},{"type":"Feature","geometry":{"type":"LineString","coordinates":[[-0.79365,51.21317],[-0.79396,51.2128]]},"properties":{"name":"Farnham Bypass","category":"trunk","osm_type":"way","osm_id":"1235651408","ref":"A31"}},{"type":"Feature","geometry":{"type":"LineString","coordinates":[[-0.91251,51.01507],[-0.9118,51.01521]]},"properties":{"name":"London Road","category":"trunk","osm_type":"way","osm_id":"1235865365","ref":"A272"}},{"type":"Feature","geometry":{"type":"LineString","coordinates":[[-0.04361,51.49103],[-0.04335,51.49085]]},"properties":{"name":"Lower Road","category":"primary","osm_type":"way","osm_id":"1235962916","ref":"A200"}},{"type":"Feature","geometry":{"type":"LineString","coordinates":[[-0.04457,51.49168],[-0.04443,51.4916]]},"properties":{"name":"Lower Road","category":"primary","osm_type":"way","osm_id":"1235962917","ref":"A200"}},{"type":"Feature","geometry":{"type":"LineString","coordinates":[[-0.0529,51.25038],[-0.05339,51.25153]]},"properties":{"name":"Godstone Bypass","category":"trunk","osm_type":"way","osm_id":"1236070172","ref":"A22"}},{"type":"Feature","geometry":{"type":"LineString","coordinates":[[-0.05339,51.25153],[-0.05397,51.25223]]},"properties":{"name":"Godstone Bypass","category":"trunk","osm_type":"way","osm_id":"1236070173","ref":"A22"}},{"type":"Feature","geometry":{"type":"LineString","coordinates":[[-0.18738,51.48168],[-0.18718,51.4819]]},"properties":{"name":"Fulham Road","category":"primary","osm_type":"way","osm_id":"1236643761","ref":"A304"}},{"type":"Feature","geometry":{"type":"LineString","coordinates":[[-0.18661,51.48249],[-0.18636,51.48271]]},"properties":{"name":"Fulham Road","category":"primary","osm_type":"way","osm_id":"1236643762","ref":"A304"}},{"type":"Feature","geometry":{"type":"LineString","coordinates":[[-0.18668,51.48242],[-0.18661,51.48249]]},"properties":{"name":"Fulham Road","category":"primary","osm_type":"way","osm_id":"1236643763","ref":"A304"}},{"type":"Feature","geometry":{"type":"LineString","coordinates":[[-0.18428,51.48411],[-0.18408,51.48425]]},"properties":{"name":"Fulham Road","category":"primary","osm_type":"way","osm_id":"1236643764","ref":"A308"}},{"type":"Feature","geometry":{"type":"LineString","coordinates":[[-0.1839,51.48436],[-0.18381,51.48441]]},"properties":{"name":"Fulham Road","category":"primary","osm_type":"way","osm_id":"1236643765","ref":"A308"}},{"type":"Feature","geometry":{"type":"LineString","coordinates":[[-0.18381,51.48441],[-0.18349,51.48459]]},"properties":{"name":"Fulham Road","category":"primary","osm_type":"way","osm_id":"1236643767","ref":"A308"}},{"type":"Feature","geometry":{"type":"LineString","coordinates":[[-0.1819,51.48542],[-0.18165,51.48556]]},"properties":{"name":"Fulham Road","category":"primary","osm_type":"way","osm_id":"1236643768","ref":"A308"}},{"type":"Feature","geometry":{"type":"LineString","coordinates":[[-0.17898,51.48718],[-0.17882,51.48729]]},"properties":{"name":"Fulham Road","category":"primary","osm_type":"way","osm_id":"1236643774","ref":"A308"}},{"type":"Feature","geometry":{"type":"LineString","coordinates":[[-0.17882,51.48729],[-0.17858,51.48745]]},"properties":{"name":"Fulham Road","category":"primary","osm_type":"way","osm_id":"1236643775","ref":"A308"}},{"type":"Feature","geometry":{"type":"LineString","coordinates":[[-0.1791,51.48709],[-0.17898,51.48718]]},"properties":{"name":"Fulham Road","category":"primary","osm_type":"way","osm_id":"1236643776","ref":"A308"}},{"type":"Feature","geometry":{"type":"LineString","coordinates":[[-0.17858,51.48745],[-0.17836,51.48759]]},"properties":{"name":"Fulham Road","category":"primary","osm_type":"way","osm_id":"1236643777","ref":"A308"}},{"type":"Feature","geometry":{"type":"LineString","coordinates":[[-0.17813,51.48774],[-0.17786,51.48791]]},"properties":{"name":"Fulham Road","category":"primary","osm_type":"way","osm_id":"1236643778","ref":"A308"}},{"type":"Feature","geometry":{"type":"LineString","coordinates":[[-0.17718,51.48832],[-0.17691,51.48849]]},"properties":{"name":"Fulham Road","category":"primary","osm_type":"way","osm_id":"1236643779","ref":"A308"}},{"type":"Feature","geometry":{"type":"LineString","coordinates":[[-0.17691,51.48849],[-0.17677,51.48858]]},"properties":{"name":"Fulham Road","category":"primary","osm_type":"way","osm_id":"1236643780","ref":"A308"}},{"type":"Feature","geometry":{"type":"LineString","coordinates":[[-0.17677,51.48858],[-0.17662,51.48867]]},"properties":{"name":"Fulham Road","category":"primary","osm_type":"way","osm_id":"1236643781","ref":"A308"}},{"type":"Feature","geometry":{"type":"LineString","coordinates":[[-0.17662,51.48867],[-0.17622,51.48894]]},"properties":{"name":"Fulham Road","category":"primary","osm_type":"way","osm_id":"1236643782","ref":"A308"}},{"type":"Feature","geometry":{"type":"LineString","coordinates":[[-0.17622,51.48894],[-0.1758,51.48923]]},"properties":{"name":"Fulham Road","category":"primary","osm_type":"way","osm_id":"1236643783","ref":"A308"}},{"type":"Feature","geometry":{"type":"LineString","coordinates":[[-0.1758,51.48923],[-0.17559,51.48937]]},"properties":{"name":"Fulham Road","category":"primary","osm_type":"way","osm_id":"1236643784","ref":"A308"}},{"type":"Feature","geometry":{"type":"LineString","coordinates":[[-0.1745,51.49017],[-0.17437,51.49024]]},"properties":{"name":"Fulham Road","category":"primary","osm_type":"way","osm_id":"1236643785","ref":"A308"}},{"type":"Feature","geometry":{"type":"LineString","coordinates":[[-0.17354,51.49077],[-0.17329,51.49093]]},"properties":{"name":"Fulham Road","category":"primary","osm_type":"way","osm_id":"1236643786","ref":"A308"}},{"type":"Feature","geometry":{"type":"LineString","coordinates":[[-0.17329,51.49093],[-0.17323,51.49097]]},"properties":{"name":"Fulham Road","category":"primary","osm_type":"way","osm_id":"1236643787","ref":"A308"}},{"type":"Feature","geometry":{"type":"LineString","coordinates":[[-0.17164,51.49191],[-0.17143,51.49204]]},"properties":{"name":"Fulham Road","category":"primary","osm_type":"way","osm_id":"1236643788","ref":"A308"}},{"type":"Feature","geometry":{"type":"LineString","coordinates":[[-0.17143,51.49204],[-0.17103,51.49224]]},"properties":{"name":"Fulham Road","category":"primary","osm_type":"way","osm_id":"1236643789","ref":"A308"}},{"type":"Feature","geometry":{"type":"LineString","coordinates":[[-0.16945,51.49312],[-0.16933,51.49321]]},"properties":{"name":"Fulham Road","category":"primary","osm_type":"way","osm_id":"1236643790","ref":"A308"}},{"type":"Feature","geometry":{"type":"LineString","coordinates":[[-0.16911,51.49337],[-0.16903,51.49354]]},"properties":{"name":"Fulham Road","category":"primary","osm_type":"way","osm_id":"1236643791","ref":"A308"}},{"type":"Feature","geometry":{"type":"LineString","coordinates":[[-0.16989,51.49287],[-0.16967,51.49299]]},"properties":{"name":"Fulham Road","category":"primary","osm_type":"way","osm_id":"1236643792","ref":"A308"}},{"type":"Feature","geometry":{"type":"LineString","coordinates":[[-0.13546,51.15955],[-0.13504,51.15974]]},"properties":{"name":"M23","category":"motorway_link","osm_type":"way","osm_id":"1236738404","operator":"National Highways","ref":"M23"}},{"type":"Feature","geometry":{"type":"LineString","coordinates":[[-0.4778,51.32896],[-0.47638,51.32813]]},"properties":{"name":"M25","category":"motorway","osm_type":"way","osm_id":"1236968919","operator":"National Highways","ref":"M25"}},{"type":"Feature","geometry":{"type":"LineString","coordinates":[[-0.47804,51.32912],[-0.4778,51.32896]]},"properties":{"name":"M25","category":"motorway","osm_type":"way","osm_id":"1236968920","operator":"National Highways","ref":"M25"}},{"type":"Feature","geometry":{"type":"LineString","coordinates":[[-0.54694,51.39916],[-0.54086,51.40036]]},"properties":{"name":"M3","category":"motorway","osm_type":"way","osm_id":"1237088230","operator":"National Highways","ref":"M3"}},{"type":"Feature","geometry":{"type":"LineString","coordinates":[[-0.41876,51.41954],[-0.41831,51.4198]]},"properties":{"name":"M3","category":"motorway","osm_type":"way","osm_id":"1237088231","operator":"National Highways","ref":"M3"}},{"type":"Feature","geometry":{"type":"LineString","coordinates":[[-0.41816,51.4197],[-0.41861,51.41945]]},"properties":{"name":"M3","category":"motorway","osm_type":"way","osm_id":"1237088232","operator":"National Highways","ref":"M3"}},{"type":"Feature","geometry":{"type":"LineString","coordinates":[[-0.4195,51.4189],[-0.41992,51.41862]]},"properties":{"name":"M3","category":"motorway","osm_type":"way","osm_id":"1237088233","operator":"National Highways","ref":"M3"}},{"type":"Feature","geometry":{"type":"LineString","coordinates":[[-0.42006,51.41871],[-0.41965,51.419]]},"properties":{"name":"M3","category":"motorway","osm_type":"way","osm_id":"1237088234","operator":"National Highways","ref":"M3"}},{"type":"Feature","geometry":{"type":"LineString","coordinates":[[-0.50567,51.49423],[-0.50341,51.49463]]},"properties":{"name":"Major roads","category":"motorway_link","osm_type":"way","osm_id":"1237128420","operator":"National Highways"}},{"type":"Feature","geometry":{"type":"LineString","coordinates":[[-0.49387,51.49842],[-0.49399,51.49625]]},"properties":{"name":"Major roads","category":"motorway_link","osm_type":"way","osm_id":"1237128421","operator":"National Highways"}},{"type":"Feature","geometry":{"type":"LineString","coordinates":[[-0.49399,51.49625],[-0.49567,51.49457]]},"properties":{"name":"Major roads","category":"motorway_link","osm_type":"way","osm_id":"1237128422","operator":"National Highways"}},{"type":"Feature","geometry":{"type":"LineString","coordinates":[[-0.43851,51.45974],[-0.43658,51.46071]]},"properties":{"name":"Great South West Road","category":"trunk","osm_type":"way","osm_id":"1237224136","operator":"Transport for London","ref":"A30"}},{"type":"Feature","geometry":{"type":"LineString","coordinates":[[-0.43316,51.46203],[-0.4354,51.46108]]},"properties":{"name":"Great South-West Road","category":"trunk","osm_type":"way","osm_id":"1237224138","operator":"Transport for London","ref":"A30"}},{"type":"Feature","geometry":{"type":"LineString","coordinates":[[-0.41167,51.46984],[-0.41216,51.46969]]},"properties":{"name":"Great South West Road","category":"trunk","osm_type":"way","osm_id":"1237257147","operator":"Transport for London","ref":"A30"}},{"type":"Feature","geometry":{"type":"LineString","coordinates":[[-0.4113,51.46995],[-0.41167,51.46984]]},"properties":{"name":"Great South West Road","category":"trunk","osm_type":"way","osm_id":"1237257148","operator":"Transport for London","ref":"A30"}},{"type":"Feature","geometry":{"type":"LineString","coordinates":[[-0.19323,51.47611],[-0.19313,51.47618]]},"properties":{"name":"New King's Road","category":"primary","osm_type":"way","osm_id":"1237343922","ref":"A308"}},{"type":"Feature","geometry":{"type":"LineString","coordinates":[[-0.12901,51.26356],[-0.12945,51.26349]]},"properties":{"name":"Major roads","category":"motorway_link","osm_type":"way","osm_id":"1237405821","operator":"National Highways"}},{"type":"Feature","geometry":{"type":"LineString","coordinates":[[-0.25206,51.4867],[-0.25225,51.48664]]},"properties":{"name":"Hogarth Roundabout","category":"trunk","osm_type":"way","osm_id":"1238040882","operator":"Transport for London"}},{"type":"Feature","geometry":{"type":"LineString","coordinates":[[-0.25201,51.48681],[-0.25201,51.4868]]},"properties":{"name":"Hogarth Roundabout","category":"trunk","osm_type":"way","osm_id":"1238040883","operator":"Transport for London"}},{"type":"Feature","geometry":{"type":"LineString","coordinates":[[-0.40446,51.47764],[-0.40449,51.47768]]},"properties":{"name":"Waggoners Roundabout","category":"trunk","osm_type":"way","osm_id":"1238064537","operator":"Transport for London"}},{"type":"Feature","geometry":{"type":"LineString","coordinates":[[-0.40394,51.47753],[-0.40402,51.4775]]},"properties":{"name":"Waggoners Roundabout","category":"trunk","osm_type":"way","osm_id":"1238064538","operator":"Transport for London"}},{"type":"Feature","geometry":{"type":"LineString","coordinates":[[-0.39328,51.47518],[-0.39389,51.4751]]},"properties":{"name":"Great West Road","category":"trunk","osm_type":"way","osm_id":"1238092191","operator":"Transport for London","ref":"A4"}},{"type":"Feature","geometry":{"type":"LineString","coordinates":[[-0.39545,51.47567],[-0.39535,51.47556]]},"properties":{"name":"Henlys Roundabout","category":"trunk","osm_type":"way","osm_id":"1238092192","operator":"Transport for London"}},{"type":"Feature","geometry":{"type":"LineString","coordinates":[[-0.3958,51.47576],[-0.39545,51.47567]]},"properties":{"name":"Henlys Roundabout","category":"trunk","osm_type":"way","osm_id":"1238092193","operator":"Transport for London"}},{"type":"Feature","geometry":{"type":"LineString","coordinates":[[-0.36493,51.47994],[-0.36487,51.4796]]},"properties":{"name":"Heston Road","category":"primary","osm_type":"way","osm_id":"1238111320","ref":"A3005"}},{"type":"Feature","geometry":{"type":"LineString","coordinates":[[-0.36481,51.4789],[-0.36521,51.47884]]},"properties":{"name":"Great West Road","category":"trunk","osm_type":"way","osm_id":"1238111331","operator":"Transport for London","ref":"A4"}},{"type":"Feature","geometry":{"type":"LineString","coordinates":[[-0.36521,51.47884],[-0.3659,51.47874]]},"properties":{"name":"Great West Road","category":"trunk","osm_type":"way","osm_id":"1238111332","operator":"Transport for London","ref":"A4"}},{"type":"Feature","geometry":{"type":"LineString","coordinates":[[-0.21231,51.35755],[-0.21174,51.35624]]},"properties":{"name":"A217","category":"trunk","osm_type":"way","osm_id":"1238304937","operator":"Transport for London","ref":"A217"}},{"type":"Feature","geometry":{"type":"LineString","coordinates":[[-0.21131,51.35528],[-0.21108,51.35477]]},"properties":{"name":"Belmont Rise","category":"trunk","osm_type":"way","osm_id":"1238304942","operator":"Transport for London","ref":"A217"}},{"type":"Feature","geometry":{"type":"LineString","coordinates":[[-0.19089,51.45998],[-0.1908,51.46071]]},"properties":{"name":"Swandon Way","category":"trunk","osm_type":"way","osm_id":"1238327198","operator":"Transport for London","ref":"A217"}},{"type":"Feature","geometry":{"type":"LineString","coordinates":[[-0.19,51.46149],[-0.18864,51.46171]]},"properties":{"name":"Swandon Way","category":"trunk","osm_type":"way","osm_id":"1238327199","operator":"Transport for London","ref":"A217"}},{"type":"Feature","geometry":{"type":"LineString","coordinates":[[-0.18839,51.46174],[-0.18813,51.46176]]},"properties":{"name":"Swandon Way","category":"trunk","osm_type":"way","osm_id":"1238327201","operator":"Transport for London","ref":"A217"}},{"type":"Feature","geometry":{"type":"LineString","coordinates":[[-0.19076,51.45953],[-0.19068,51.45947]]},"properties":{"name":"Swandon Way","category":"trunk","osm_type":"way","osm_id":"1238327203","operator":"Transport for London","ref":"A217"}},{"type":"Feature","geometry":{"type":"LineString","coordinates":[[-0.19076,51.45953],[-0.19082,51.45965]]},"properties":{"name":"Swandon Way","category":"trunk","osm_type":"way","osm_id":"1238327204","operator":"Transport for London","ref":"A217"}},{"type":"Feature","geometry":{"type":"LineString","coordinates":[[-0.17416,51.46992],[-0.17529,51.46977]]},"properties":{"name":"York Road","category":"trunk","osm_type":"way","osm_id":"1238371617","operator":"Transport for London","ref":"A3205"}},{"type":"Feature","geometry":{"type":"LineString","coordinates":[[-0.17177,51.46996],[-0.17201,51.47]]},"properties":{"name":"Falcon Road","category":"primary_link","osm_type":"way","osm_id":"1238371620","ref":"A3207"}},{"type":"Feature","geometry":{"type":"LineString","coordinates":[[-0.1729,51.46995],[-0.17259,51.46997]]},"properties":{"name":"York Road","category":"trunk","osm_type":"way","osm_id":"1238371628","operator":"Transport for London","ref":"A3205"}},{"type":"Feature","geometry":{"type":"LineString","coordinates":[[-0.17201,51.47],[-0.17218,51.47002]]},"properties":{"name":"York Road","category":"trunk","osm_type":"way","osm_id":"1238371630","operator":"Transport for London","ref":"A3205"}},{"type":"Feature","geometry":{"type":"LineString","coordinates":[[-0.17218,51.47002],[-0.17194,51.47008]]},"properties":{"name":"York Road","category":"trunk","osm_type":"way","osm_id":"1238371631","operator":"Transport for London","ref":"A3205"}},{"type":"Feature","geometry":{"type":"LineString","coordinates":[[-0.17164,51.47005],[-0.17201,51.47]]},"properties":{"name":"York Road","category":"trunk","osm_type":"way","osm_id":"1238371632","operator":"Transport for London","ref":"A3205"}},{"type":"Feature","geometry":{"type":"LineString","coordinates":[[-0.01441,51.45657],[-0.01433,51.45663]]},"properties":{"name":"Lewisham High Street","category":"trunk","osm_type":"way","osm_id":"1238422415"}},{"type":"Feature","geometry":{"type":"LineString","coordinates":[[-0.36517,51.44237],[-0.36545,51.44234]]},"properties":{"name":"Great Chertsey Road","category":"trunk","osm_type":"way","osm_id":"1238472064","operator":"Transport for London","ref":"A316"}},{"type":"Feature","geometry":{"type":"LineString","coordinates":[[-0.3655,51.44247],[-0.3653,51.44259]]},"properties":{"name":"Great Chertsey Road","category":"trunk","osm_type":"way","osm_id":"1238472065","operator":"Transport for London","ref":"A316"}},{"type":"Feature","geometry":{"type":"LineString","coordinates":[[-0.14181,51.48519],[-0.14157,51.48515]]},"properties":{"name":"Grosvenor Road","category":"trunk","osm_type":"way","osm_id":"1238603443","operator":"Transport for London","ref":"A3212"}},{"type":"Feature","geometry":{"type":"LineString","coordinates":[[-0.14214,51.48525],[-0.14181,51.48519]]},"properties":{"name":"Grosvenor Road","category":"trunk","osm_type":"way","osm_id":"1238603445","operator":"Transport for London","ref":"A3212"}},{"type":"Feature","geometry":{"type":"LineString","coordinates":[[-0.14157,51.48515],[-0.14108,51.48507]]},"properties":{"name":"Grosvenor Road","category":"trunk","osm_type":"way","osm_id":"1238603446","operator":"Transport for London","ref":"A3212"}},{"type":"Feature","geometry":{"type":"LineString","coordinates":[[-0.13667,51.48534],[-0.13649,51.48537]]},"properties":{"name":"Grosvenor Road","category":"trunk","osm_type":"way","osm_id":"1238603447","operator":"Transport for London","ref":"A3212"}},{"type":"Feature","geometry":{"type":"LineString","coordinates":[[-0.13649,51.48537],[-0.1362,51.48543]]},"properties":{"name":"Grosvenor Road","category":"trunk","osm_type":"way","osm_id":"1238603448","operator":"Transport for London","ref":"A3212"}},{"type":"Feature","geometry":{"type":"LineString","coordinates":[[-0.1362,51.48543],[-0.13604,51.48545]]},"properties":{"name":"Grosvenor Road","category":"trunk","osm_type":"way","osm_id":"1238603449","operator":"Transport for London","ref":"A3212"}},{"type":"Feature","geometry":{"type":"LineString","coordinates":[[-0.13426,51.48573],[-0.13447,51.48569]]},"properties":{"name":"Grosvenor Road","category":"trunk","osm_type":"way","osm_id":"1238603450","operator":"Transport for London","ref":"A3212"}},{"type":"Feature","geometry":{"type":"LineString","coordinates":[[-0.13382,51.48584],[-0.13373,51.48586]]},"properties":{"name":"Grosvenor Road","category":"trunk","osm_type":"way","osm_id":"1238603451","operator":"Transport for London","ref":"A3212"}},{"type":"Feature","geometry":{"type":"LineString","coordinates":[[-0.12943,51.48879],[-0.12932,51.48886]]},"properties":{"name":"Millbank","category":"primary","osm_type":"way","osm_id":"1238603452","operator":"Transport for London","ref":"A3212"}},{"type":"Feature","geometry":{"type":"LineString","coordinates":[[-0.12925,51.4889],[-0.12901,51.48904]]},"properties":{"name":"Millbank","category":"primary","osm_type":"way","osm_id":"1238603453","operator":"Transport for London","ref":"A3212"}},{"type":"Feature","geometry":{"type":"LineString","coordinates":[[-0.1277,51.4896],[-0.12752,51.48967]]},"properties":{"name":"Millbank","category":"primary","osm_type":"way","osm_id":"1238603454","operator":"Transport for London","ref":"A3212"}},{"type":"Feature","geometry":{"type":"LineString","coordinates":[[-0.12654,51.49057],[-0.12634,51.49081]]},"properties":{"name":"Millbank","category":"primary","osm_type":"way","osm_id":"1238603455","operator":"Transport for London","ref":"A3212"}},{"type":"Feature","geometry":{"type":"LineString","coordinates":[[-0.12615,51.49104],[-0.1257,51.49162]]},"properties":{"name":"Millbank","category":"primary","osm_type":"way","osm_id":"1238603456","operator":"Transport for London","ref":"A3212"}},{"type":"Feature","geometry":{"type":"LineString","coordinates":[[-0.12568,51.49165],[-0.12558,51.49187]]},"properties":{"name":"Millbank","category":"primary","osm_type":"way","osm_id":"1238603457","operator":"Transport for London","ref":"A3212"}},{"type":"Feature","geometry":{"type":"LineString","coordinates":[[-0.12511,51.49304],[-0.12512,51.49286]]},"properties":{"name":"Millbank","category":"primary","osm_type":"way","osm_id":"1238603458","operator":"Transport for London","ref":"A3212"}},{"type":"Feature","geometry":{"type":"LineString","coordinates":[[-0.12517,51.49419],[-0.12515,51.49383]]},"properties":{"name":"Millbank","category":"primary","osm_type":"way","osm_id":"1238603459","operator":"Transport for London","ref":"A3212"}},{"type":"Feature","geometry":{"type":"LineString","coordinates":[[-0.12535,51.49584],[-0.1253,51.49563]]},"properties":{"name":"Millbank","category":"primary","osm_type":"way","osm_id":"1238603460","ref":"A3212"}},{"type":"Feature","geometry":{"type":"LineString","coordinates":[[-0.12646,51.49048],[-0.12678,51.49007]]},"properties":{"name":"Millbank","category":"primary","osm_type":"way","osm_id":"1238603461","operator":"Transport for London","ref":"A3212"}},{"type":"Feature","geometry":{"type":"LineString","coordinates":[[-0.13262,51.48611],[-0.13217,51.48623]]},"properties":{"name":"Grosvenor Road","category":"trunk","osm_type":"way","osm_id":"1238609408","operator":"Transport for London","ref":"A3212"}},{"type":"Feature","geometry":{"type":"LineString","coordinates":[[-0.13214,51.48617],[-0.13258,51.48604]]},"properties":{"name":"Grosvenor Road","category":"trunk","osm_type":"way","osm_id":"1238609409","operator":"Transport for London","ref":"A3212"}},{"type":"Feature","geometry":{"type":"LineString","coordinates":[[-0.09445,51.37193],[-0.09403,51.37197]]},"properties":{"name":"Barclay Road","category":"trunk","osm_type":"way","osm_id":"1238659022","operator":"Transport for London","ref":"A232"}},{"type":"Feature","geometry":{"type":"LineString","coordinates":[[-0.09464,51.3718],[-0.09623,51.37148]]},"properties":{"name":"Barclay Road","category":"trunk","osm_type":"way","osm_id":"1238659025","operator":"Transport for London","ref":"A232"}},{"type":"Feature","geometry":{"type":"LineString","coordinates":[[-0.09403,51.37197],[-0.09339,51.37204]]},"properties":{"name":"Barclay Road","category":"trunk","osm_type":"way","osm_id":"1238659027","operator":"Transport for London","ref":"A232"}},{"type":"Feature","geometry":{"type":"LineString","coordinates":[[-0.06006,51.37624],[-0.06063,51.37623]]},"properties":{"name":"Addiscombe Road","category":"trunk","osm_type":"way","osm_id":"1239044626","ref":"A232"}},{"type":"Feature","geometry":{"type":"LineString","coordinates":[[-0.06063,51.37623],[-0.06015,51.37635]]},"properties":{"name":"Addiscombe Road","category":"trunk","osm_type":"way","osm_id":"1239044627","operator":"Transport for London","ref":"A232"}},{"type":"Feature","geometry":{"type":"LineString","coordinates":[[-0.41308,51.4926],[-0.41142,51.49248]]},"properties":{"name":"M4","category":"motorway","osm_type":"way","osm_id":"1239406684","operator":"National Highways","ref":"M4"}},{"type":"Feature","geometry":{"type":"LineString","coordinates":[[-0.40263,51.49073],[-0.40549,51.49147]]},"properties":{"name":"M4","category":"motorway","osm_type":"way","osm_id":"1239406685","operator":"National Highways","ref":"M4"}},{"type":"Feature","geometry":{"type":"LineString","coordinates":[[-0.44828,51.49512],[-0.4502,51.4952]]},"properties":{"name":"M4","category":"motorway_link","osm_type":"way","osm_id":"1239406686","operator":"National Highways","ref":"M4"}},{"type":"Feature","geometry":{"type":"LineString","coordinates":[[-0.8707,51.49751],[-0.87068,51.49767]]},"properties":{"name":"Twyford Road","category":"primary","osm_type":"way","osm_id":"1239658806","ref":"A321"}},{"type":"Feature","geometry":{"type":"LineString","coordinates":[[-0.28187,51.38017],[-0.28303,51.38121]]},"properties":{"name":"Tolworth Broadway","category":"primary","osm_type":"way","osm_id":"1240443394","ref":"A240"}},{"type":"Feature","geometry":{"type":"LineString","coordinates":[[-0.28294,51.38126],[-0.28176,51.38022]]},"properties":{"name":"Tolworth Broadway","category":"primary","osm_type":"way","osm_id":"1240443395","ref":"A240"}},{"type":"Feature","geometry":{"type":"LineString","coordinates":[[-0.4211,51.38579],[-0.42188,51.38567]]},"properties":{"name":"Hepworth Way","category":"primary","osm_type":"way","osm_id":"1240707275","ref":"A3050"}},{"type":"Feature","geometry":{"type":"LineString","coordinates":[[-0.42188,51.38567],[-0.42214,51.38566]]},"properties":{"name":"Hepworth Way","category":"primary","osm_type":"way","osm_id":"1240707276","ref":"A3050"}},{"type":"Feature","geometry":{"type":"LineString","coordinates":[[-0.41924,51.38667],[-0.41983,51.38631]]},"properties":{"name":"Church Street","category":"primary","osm_type":"way","osm_id":"1240707278","ref":"A3050"}},{"type":"Feature","geometry":{"type":"LineString","coordinates":[[-0.41908,51.38678],[-0.41924,51.38667]]},"properties":{"name":"Church Street","category":"primary","osm_type":"way","osm_id":"1240707279","ref":"A3050"}},{"type":"Feature","geometry":{"type":"LineString","coordinates":[[-0.42089,51.38585],[-0.4211,51.38579]]},"properties":{"name":"Hepworth Way","category":"primary","osm_type":"way","osm_id":"1240707283","ref":"A3050"}},{"type":"Feature","geometry":{"type":"LineString","coordinates":[[-0.42062,51.38592],[-0.42089,51.38585]]},"properties":{"name":"Hepworth Way","category":"primary","osm_type":"way","osm_id":"1240707284","ref":"A3050"}},{"type":"Feature","geometry":{"type":"LineString","coordinates":[[-0.42049,51.38597],[-0.42062,51.38592]]},"properties":{"name":"Hepworth Way","category":"primary","osm_type":"way","osm_id":"1240707285","ref":"A3050"}},{"type":"Feature","geometry":{"type":"LineString","coordinates":[[-0.4204,51.38601],[-0.42049,51.38597]]},"properties":{"name":"Hepworth Way","category":"primary","osm_type":"way","osm_id":"1240707286","ref":"A3050"}},{"type":"Feature","geometry":{"type":"LineString","coordinates":[[-0.18165,51.48166],[-0.18154,51.48168]]},"properties":{"name":"King's Road","category":"primary","osm_type":"way","osm_id":"1240802723","ref":"A3217"}},{"type":"Feature","geometry":{"type":"LineString","coordinates":[[-0.18206,51.48156],[-0.18165,51.48166]]},"properties":{"name":"King's Road","category":"primary","osm_type":"way","osm_id":"1240802724","ref":"A3217"}},{"type":"Feature","geometry":{"type":"LineString","coordinates":[[-0.18165,51.48166],[-0.18206,51.48156]]},"properties":{"name":"King's Road","category":"primary","osm_type":"way","osm_id":"1240802725","ref":"A3217"}},{"type":"Feature","geometry":{"type":"LineString","coordinates":[[-0.04651,51.49281],[-0.04636,51.49273]]},"properties":{"name":"Lower Road","category":"primary","osm_type":"way","osm_id":"1240817687","ref":"A200"}},{"type":"Feature","geometry":{"type":"LineString","coordinates":[[-0.04658,51.49283],[-0.04651,51.49281]]},"properties":{"name":"Lower Road","category":"primary","osm_type":"way","osm_id":"1240817689","ref":"A200"}},{"type":"Feature","geometry":{"type":"LineString","coordinates":[[-0.12617,51.49959],[-0.12622,51.49967]]},"properties":{"name":"St. Margaret Street","category":"primary","osm_type":"way","osm_id":"1240913099","ref":"A3212"}},{"type":"Feature","geometry":{"type":"LineString","coordinates":[[-0.12611,51.49936],[-0.12607,51.49925]]},"properties":{"name":"Old Palace Yard","category":"primary","osm_type":"way","osm_id":"1240913101","ref":"A3212"}},{"type":"Feature","geometry":{"type":"LineString","coordinates":[[-0.12585,51.49865],[-0.12574,51.49826]]},"properties":{"name":"Old Palace Yard","category":"primary","osm_type":"way","osm_id":"1240913102","ref":"A3212"}},{"type":"Feature","geometry":{"type":"LineString","coordinates":[[-0.12588,51.49874],[-0.12585,51.49865]]},"properties":{"name":"Old Palace Yard","category":"primary","osm_type":"way","osm_id":"1240913103","ref":"A3212"}},{"type":"Feature","geometry":{"type":"LineString","coordinates":[[-0.12592,51.49884],[-0.12588,51.49874]]},"properties":{"name":"Old Palace Yard","category":"primary","osm_type":"way","osm_id":"1240913105","ref":"A3212"}},{"type":"Feature","geometry":{"type":"LineString","coordinates":[[-0.12605,51.49921],[-0.12601,51.49909]]},"properties":{"name":"Old Palace Yard","category":"primary","osm_type":"way","osm_id":"1240913106","ref":"A3212"}},{"type":"Feature","geometry":{"type":"LineString","coordinates":[[-0.12573,51.49797],[-0.12573,51.49792]]},"properties":{"name":"Abingdon Street","category":"primary","osm_type":"way","osm_id":"1240913107","ref":"A3212"}},{"type":"Feature","geometry":{"type":"LineString","coordinates":[[-0.12568,51.49739],[-0.12564,51.49718]]},"properties":{"name":"Millbank","category":"primary","osm_type":"way","osm_id":"1240913109","ref":"A3212"}},{"type":"Feature","geometry":{"type":"LineString","coordinates":[[-0.12563,51.49707],[-0.12561,51.49699]]},"properties":{"name":"Millbank","category":"primary","osm_type":"way","osm_id":"1240913110","ref":"A3212"}},{"type":"Feature","geometry":{"type":"LineString","coordinates":[[-0.12541,51.49607],[-0.12535,51.49584]]},"properties":{"name":"Millbank","category":"primary","osm_type":"way","osm_id":"1240913111","ref":"A3212"}},{"type":"Feature","geometry":{"type":"LineString","coordinates":[[-0.1257,51.49756],[-0.12569,51.49749]]},"properties":{"name":"Millbank","category":"primary","osm_type":"way","osm_id":"1240913112","ref":"A3212"}},{"type":"Feature","geometry":{"type":"LineString","coordinates":[[-0.91701,51.46201],[-0.9165,51.46231]]},"properties":{"name":"Bath Road","category":"primary","osm_type":"way","osm_id":"1241008097","ref":"A4"}},{"type":"Feature","geometry":{"type":"LineString","coordinates":[[-0.9165,51.46231],[-0.91599,51.46255]]},"properties":{"name":"Bath Road","category":"primary","osm_type":"way","osm_id":"1241008098","ref":"A4"}},{"type":"Feature","geometry":{"type":"LineString","coordinates":[[-0.91513,51.46294],[-0.91447,51.46324]]},"properties":{"name":"Bath Road","category":"primary","osm_type":"way","osm_id":"1241008099","ref":"A4"}},{"type":"Feature","geometry":{"type":"LineString","coordinates":[[-0.91447,51.46324],[-0.91391,51.46349]]},"properties":{"name":"Bath Road","category":"primary","osm_type":"way","osm_id":"1241008100","ref":"A4"}},{"type":"Feature","geometry":{"type":"LineString","coordinates":[[-0.89139,51.47481],[-0.89106,51.47493]]},"properties":{"name":"New Bath Road","category":"primary","osm_type":"way","osm_id":"1241008101","ref":"A4"}},{"type":"Feature","geometry":{"type":"LineString","coordinates":[[-0.11789,51.47662],[-0.11793,51.47658]]},"properties":{"name":"Clapham Road","category":"trunk","osm_type":"way","osm_id":"1241351609","operator":"Transport for London","ref":"A3"}},{"type":"Feature","geometry":{"type":"LineString","coordinates":[[-0.45245,51.48478],[-0.45246,51.48456]]},"properties":{"name":"Heathrow Airport Spur Road","category":"motorway","osm_type":"way","osm_id":"1241566377","operator":"National Highways","ref":"M4"}},{"type":"Feature","geometry":{"type":"LineString","coordinates":[[-0.45246,51.48456],[-0.45259,51.48291]]},"properties":{"name":"Heathrow Airport Spur Road","category":"motorway","osm_type":"way","osm_id":"1241566378","operator":"National Highways","ref":"M4"}},{"type":"Feature","geometry":{"type":"LineString","coordinates":[[-0.45272,51.48456],[-0.45271,51.48492]]},"properties":{"name":"Heathrow Airport Spur Road","category":"motorway","osm_type":"way","osm_id":"1241566380","operator":"National Highways","ref":"M4"}},{"type":"Feature","geometry":{"type":"LineString","coordinates":[[-0.21431,51.31194],[-0.21388,51.31216]]},"properties":{"name":"Major roads","category":"trunk_link","osm_type":"way","osm_id":"1242055167"}},{"type":"Feature","geometry":{"type":"LineString","coordinates":[[-0.01005,51.42688],[-0.00895,51.42663]]},"properties":{"name":"Bromley Road","category":"primary","osm_type":"way","osm_id":"1242091021","operator":"Transport for London","ref":"A21"}},{"type":"Feature","geometry":{"type":"LineString","coordinates":[[-0.01139,51.42696],[-0.01112,51.42712]]},"properties":{"name":"Beckenham Hill Road","category":"primary","osm_type":"way","osm_id":"1242091022","ref":"A2015"}},{"type":"Feature","geometry":{"type":"LineString","coordinates":[[-0.01111,51.42741],[-0.01088,51.42728]]},"properties":{"name":"Bromley Road","category":"primary","osm_type":"way","osm_id":"1242091023","operator":"Transport for London","ref":"A21"}},{"type":"Feature","geometry":{"type":"LineString","coordinates":[[-0.01112,51.42712],[-0.01111,51.42741]]},"properties":{"name":"Major roads","category":"primary_link","osm_type":"way","osm_id":"1242091030"}},{"type":"Feature","geometry":{"type":"LineString","coordinates":[[-0.01365,51.42825],[-0.01359,51.42819]]},"properties":{"name":"Major roads","category":"primary_link","osm_type":"way","osm_id":"1242091043"}},{"type":"Feature","geometry":{"type":"LineString","coordinates":[[-0.01479,51.42774],[-0.01473,51.42769]]},"properties":{"name":"Major roads","category":"primary_link","osm_type":"way","osm_id":"1242091044"}},{"type":"Feature","geometry":{"type":"LineString","coordinates":[[-0.01315,51.42855],[-0.0158,51.42726]]},"properties":{"name":"Southend Lane","category":"primary","osm_type":"way","osm_id":"1242091045","ref":"A2218"}},{"type":"Feature","geometry":{"type":"LineString","coordinates":[[-0.01604,51.42714],[-0.0158,51.42726]]},"properties":{"name":"Southend Lane","category":"primary","osm_type":"way","osm_id":"1242091046","ref":"A2218"}},{"type":"Feature","geometry":{"type":"LineString","coordinates":[[-0.01604,51.42714],[-0.0165,51.42694]]},"properties":{"name":"Southend Lane","category":"primary","osm_type":"way","osm_id":"1242091047","ref":"A2218"}},{"type":"Feature","geometry":{"type":"LineString","coordinates":[[-0.0165,51.42694],[-0.01604,51.42714]]},"properties":{"name":"Southend Lane","category":"primary","osm_type":"way","osm_id":"1242091048","ref":"A2218"}},{"type":"Feature","geometry":{"type":"LineString","coordinates":[[-0.01736,51.42658],[-0.0165,51.42694]]},"properties":{"name":"Southend Lane","category":"primary","osm_type":"way","osm_id":"1242091049","ref":"A2218"}},{"type":"Feature","geometry":{"type":"LineString","coordinates":[[-0.02472,51.42717],[-0.02458,51.42716]]},"properties":{"name":"Southend Lane","category":"primary","osm_type":"way","osm_id":"1242091063","ref":"A2218"}},{"type":"Feature","geometry":{"type":"LineString","coordinates":[[-0.01801,51.42633],[-0.01864,51.4261]]},"properties":{"name":"Southend Lane","category":"primary","osm_type":"way","osm_id":"1242091065","ref":"A2218"}},{"type":"Feature","geometry":{"type":"LineString","coordinates":[[-0.02336,51.42675],[-0.02331,51.42681]]},"properties":{"name":"Major roads","category":"primary_link","osm_type":"way","osm_id":"1242091070"}},{"type":"Feature","geometry":{"type":"LineString","coordinates":[[-0.01864,51.4261],[-0.02098,51.42605],[-0.02458,51.42716]]},"properties":{"name":"Southend Lane","category":"primary","osm_type":"way","osm_id":"1242091073","ref":"A2218"}},{"type":"Feature","geometry":{"type":"LineString","coordinates":[[-0.01801,51.42633],[-0.01759,51.42649]]},"properties":{"name":"Southend Lane","category":"primary","osm_type":"way","osm_id":"1242091074","ref":"A2218"}},{"type":"Feature","geometry":{"type":"LineString","coordinates":[[-0.01112,51.42712],[-0.01088,51.42728]]},"properties":{"name":"Beckenham Hill Road","category":"primary","osm_type":"way","osm_id":"1242596663","ref":"A2015"}},{"type":"Feature","geometry":{"type":"LineString","coordinates":[[-0.01063,51.42714],[-0.01032,51.42698]]},"properties":{"name":"Bromley Road","category":"primary","osm_type":"way","osm_id":"1242601164","operator":"Transport for London","ref":"A21"}},{"type":"Feature","geometry":{"type":"LineString","coordinates":[[-0.01121,51.42748],[-0.01111,51.42741]]},"properties":{"name":"Bromley Road","category":"primary","osm_type":"way","osm_id":"1242601165","operator":"Transport for London","ref":"A21"}},{"type":"Feature","geometry":{"type":"LineString","coordinates":[[-0.01032,51.42698],[-0.01005,51.42688]]},"properties":{"name":"Bromley Road","category":"primary","osm_type":"way","osm_id":"1242601166","operator":"Transport for London","ref":"A21"}},{"type":"Feature","geometry":{"type":"LineString","coordinates":[[-0.01683,51.44583],[-0.01643,51.44578]]},"properties":{"name":"Brownhill Road","category":"trunk","osm_type":"way","osm_id":"1242851109","operator":"Transport for London","ref":"A205"}},{"type":"Feature","geometry":{"type":"LineString","coordinates":[[-0.01721,51.44582],[-0.01729,51.44579]]},"properties":{"name":"Plassy Road","category":"trunk","osm_type":"way","osm_id":"1242851114","operator":"Transport for London","ref":"A205"}},{"type":"Feature","geometry":{"type":"LineString","coordinates":[[-0.01643,51.44578],[-0.01312,51.44535]]},"properties":{"name":"Brownhill Road","category":"trunk","osm_type":"way","osm_id":"1242851128","operator":"Transport for London","ref":"A205"}},{"type":"Feature","geometry":{"type":"LineString","coordinates":[[-0.01918,51.44619],[-0.01903,51.44611]]},"properties":{"name":"Brownhill Road","category":"trunk","osm_type":"way","osm_id":"1242853938","operator":"Transport for London","ref":"A21"}},{"type":"Feature","geometry":{"type":"LineString","coordinates":[[-0.01926,51.44611],[-0.01903,51.44611]]},"properties":{"name":"Brownhill Road","category":"trunk","osm_type":"way","osm_id":"1242853939","operator":"Transport for London","ref":"A205"}},{"type":"Feature","geometry":{"type":"LineString","coordinates":[[-0.01734,51.44584],[-0.01729,51.44579]]},"properties":{"name":"Plassy Road","category":"trunk","osm_type":"way","osm_id":"1242853941","operator":"Transport for London","ref":"A205"}},{"type":"Feature","geometry":{"type":"LineString","coordinates":[[-0.21956,51.30576],[-0.21947,51.30595]]},"properties":{"name":"Brighton Road","category":"trunk","osm_type":"way","osm_id":"1243136120","ref":"A217"}},{"type":"Feature","geometry":{"type":"LineString","coordinates":[[-0.08168,51.49123],[-0.08154,51.49111]]},"properties":{"name":"Old Kent Road","category":"trunk","osm_type":"way","osm_id":"1243136531","operator":"Transport for London","ref":"A2"}},{"type":"Feature","geometry":{"type":"LineString","coordinates":[[-0.08154,51.49111],[-0.08124,51.49087]]},"properties":{"name":"Old Kent Road","category":"trunk","osm_type":"way","osm_id":"1243136547","operator":"Transport for London","ref":"A2"}},{"type":"Feature","geometry":{"type":"LineString","coordinates":[[-0.07996,51.48997],[-0.08004,51.49002]]},"properties":{"name":"Old Kent Road","category":"trunk","osm_type":"way","osm_id":"1243153030","operator":"Transport for London","ref":"A2"}},{"type":"Feature","geometry":{"type":"LineString","coordinates":[[-0.07991,51.48994],[-0.07996,51.48997]]},"properties":{"name":"Old Kent Road","category":"trunk","osm_type":"way","osm_id":"1243153055","operator":"Transport for London","ref":"A2"}},{"type":"Feature","geometry":{"type":"LineString","coordinates":[[-0.0737,51.4933],[-0.07361,51.49323]]},"properties":{"name":"Grange Road","category":"primary","osm_type":"way","osm_id":"1243248291","ref":"A2206"}},{"type":"Feature","geometry":{"type":"LineString","coordinates":[[-0.0492,51.47389],[-0.04934,51.47386]]},"properties":{"name":"Queen's Road","category":"trunk","osm_type":"way","osm_id":"1243927523","operator":"Transport for London","ref":"A202"}},{"type":"Feature","geometry":{"type":"LineString","coordinates":[[-0.00834,51.48152],[-0.00831,51.48149]]},"properties":{"name":"King William Walk","category":"primary","osm_type":"way","osm_id":"1244047384","ref":"A206"}},{"type":"Feature","geometry":{"type":"LineString","coordinates":[[-0.00831,51.48149],[-0.00826,51.48142]]},"properties":{"name":"King William Walk","category":"primary","osm_type":"way","osm_id":"1244047385","ref":"A206"}},{"type":"Feature","geometry":{"type":"LineString","coordinates":[[-0.00804,51.46211],[-0.00653,51.46155]]},"properties":{"name":"Lee High Road","category":"trunk","osm_type":"way","osm_id":"1244692979","operator":"Transport for London","ref":"A20"}},{"type":"Feature","geometry":{"type":"LineString","coordinates":[[-0.0086,51.46226],[-0.00835,51.4622]]},"properties":{"name":"Lee High Road","category":"trunk","osm_type":"way","osm_id":"1244692980","operator":"Transport for London","ref":"A20"}},{"type":"Feature","geometry":{"type":"LineString","coordinates":[[-0.50993,51.3974],[-0.51138,51.39647]]},"properties":{"name":"Staines Road","category":"primary","osm_type":"way","osm_id":"1245378386","ref":"A320"}},{"type":"Feature","geometry":{"type":"LineString","coordinates":[[-0.05994,51.37623],[-0.06006,51.37624]]},"properties":{"name":"Major roads","category":"trunk","osm_type":"way","osm_id":"1245710943","operator":"Transport for London"}},{"type":"Feature","geometry":{"type":"LineString","coordinates":[[-0.17212,51.4916],[-0.17199,51.49169]]},"properties":{"name":"Fulham Road","category":"primary","osm_type":"way","osm_id":"1245801506","ref":"A308"}},{"type":"Feature","geometry":{"type":"LineString","coordinates":[[-0.74974,51.27406],[-0.74984,51.27412]]},"properties":{"name":"St Albans Roundabout","category":"primary","osm_type":"way","osm_id":"1246064753"}},{"type":"Feature","geometry":{"type":"LineString","coordinates":[[-0.74944,51.27435],[-0.74936,51.27428]]},"properties":{"name":"St Albans Roundabout","category":"primary","osm_type":"way","osm_id":"1246064786"}},{"type":"Feature","geometry":{"type":"LineString","coordinates":[[-0.10226,51.4524],[-0.10154,51.45241]]},"properties":{"name":"Dulwich Road","category":"primary","osm_type":"way","osm_id":"1246743965","ref":"A2214"}},{"type":"Feature","geometry":{"type":"LineString","coordinates":[[-0.10138,51.45242],[-0.10142,51.45236]]},"properties":{"name":"Half Moon Lane","category":"primary","osm_type":"way","osm_id":"1246743967","ref":"A215"}},{"type":"Feature","geometry":{"type":"LineString","coordinates":[[-0.10242,51.45243],[-0.10226,51.4524]]},"properties":{"name":"Dulwich Road","category":"primary","osm_type":"way","osm_id":"1246747942","ref":"A2214"}},{"type":"Feature","geometry":{"type":"LineString","coordinates":[[-0.33631,51.22706],[-0.33639,51.22712]]},"properties":{"name":"Vincent Lane","category":"primary","osm_type":"way","osm_id":"1246812783","ref":"A25"}},{"type":"Feature","geometry":{"type":"LineString","coordinates":[[-0.13622,51.4919],[-0.13595,51.49178]]},"properties":{"name":"Vauxhall Bridge Road","category":"trunk","osm_type":"way","osm_id":"1247531170","operator":"Transport for London","ref":"A202"}},{"type":"Feature","geometry":{"type":"LineString","coordinates":[[-0.13277,51.49022],[-0.13265,51.49017]]},"properties":{"name":"Vauxhall Bridge Road","category":"trunk","osm_type":"way","osm_id":"1247531173","operator":"Transport for London","ref":"A202"}},{"type":"Feature","geometry":{"type":"LineString","coordinates":[[-0.13466,51.49115],[-0.13435,51.491]]},"properties":{"name":"Vauxhall Bridge Road","category":"trunk","osm_type":"way","osm_id":"1247531178","operator":"Transport for London","ref":"A202"}},{"type":"Feature","geometry":{"type":"LineString","coordinates":[[-0.13435,51.491],[-0.13412,51.49089]]},"properties":{"name":"Vauxhall Bridge Road","category":"trunk","osm_type":"way","osm_id":"1247531183","operator":"Transport for London","ref":"A202"}},{"type":"Feature","geometry":{"type":"LineString","coordinates":[[-0.13412,51.49089],[-0.13351,51.49058]]},"properties":{"name":"Vauxhall Bridge Road","category":"trunk","osm_type":"way","osm_id":"1247531184","operator":"Transport for London","ref":"A202"}},{"type":"Feature","geometry":{"type":"LineString","coordinates":[[-0.21911,51.45631],[-0.21925,51.45602]]},"properties":{"name":"Putney Hill","category":"primary","osm_type":"way","osm_id":"1249370449","ref":"A219"}},{"type":"Feature","geometry":{"type":"LineString","coordinates":[[-0.2129,51.45992],[-0.21183,51.45972]]},"properties":{"name":"Upper Richmond Road","category":"trunk","osm_type":"way","osm_id":"1249370451","operator":"Transport for London","ref":"A205"}},{"type":"Feature","geometry":{"type":"LineString","coordinates":[[-0.19904,51.45983],[-0.19863,51.45943]]},"properties":{"name":"Putney Bridge Road","category":"primary","osm_type":"way","osm_id":"1249374784","ref":"A3209"}},{"type":"Feature","geometry":{"type":"LineString","coordinates":[[-0.23924,51.47525],[-0.23925,51.47546]]},"properties":{"name":"Church Road","category":"primary","osm_type":"way","osm_id":"1250123688","ref":"A306"}},{"type":"Feature","geometry":{"type":"LineString","coordinates":[[-0.29501,51.38516],[-0.29495,51.38514]]},"properties":{"name":"Ewell Road","category":"primary","osm_type":"way","osm_id":"1251478624","ref":"A240"}},{"type":"Feature","geometry":{"type":"LineString","coordinates":[[-0.29499,51.38507],[-0.29509,51.38509]]},"properties":{"name":"Ewell Road","category":"primary","osm_type":"way","osm_id":"1251478625","ref":"A240"}},{"type":"Feature","geometry":{"type":"LineString","coordinates":[[-0.85852,51.12596],[-0.85859,51.12635]]},"properties":{"name":"Farnham Road","category":"primary","osm_type":"way","osm_id":"1251558659","ref":"A325"}},{"type":"Feature","geometry":{"type":"LineString","coordinates":[[-0.0225,51.47444],[-0.02212,51.47436]]},"properties":{"name":"Deptford Bridge","category":"trunk","osm_type":"way","osm_id":"1252220196","operator":"Transport for London","ref":"A2"}},{"type":"Feature","geometry":{"type":"LineString","coordinates":[[-0.02212,51.47436],[-0.02195,51.47433]]},"properties":{"name":"Deptford Bridge","category":"trunk","osm_type":"way","osm_id":"1252222901","operator":"Transport for London","ref":"A2"}},{"type":"Feature","geometry":{"type":"LineString","coordinates":[[-0.17391,51.39431],[-0.17396,51.39426]]},"properties":{"name":"London Road","category":"primary","osm_type":"way","osm_id":"1252741970","ref":"A217"}},{"type":"Feature","geometry":{"type":"LineString","coordinates":[[-0.17396,51.39426],[-0.17407,51.39419]]},"properties":{"name":"Bishopsford Road","category":"primary","osm_type":"way","osm_id":"1252741971","ref":"A217"}},{"type":"Feature","geometry":{"type":"LineString","coordinates":[[-0.5599,51.24803],[-0.5598,51.24804]]},"properties":{"name":"Parkway","category":"primary","osm_type":"way","osm_id":"1252806008","ref":"A25"}},{"type":"Feature","geometry":{"type":"LineString","coordinates":[[-0.74445,51.34029],[-0.74434,51.34031]]},"properties":{"name":"London Road","category":"primary","osm_type":"way","osm_id":"1252821292","ref":"A30"}},{"type":"Feature","geometry":{"type":"LineString","coordinates":[[-0.04853,51.49389],[-0.04842,51.49383]]},"properties":{"name":"Lower Road","category":"primary","osm_type":"way","osm_id":"1253012669","ref":"A200"}},{"type":"Feature","geometry":{"type":"LineString","coordinates":[[-0.04908,51.49415],[-0.04898,51.49409]]},"properties":{"name":"Lower Road","category":"primary","osm_type":"way","osm_id":"1253012670","ref":"A200"}},{"type":"Feature","geometry":{"type":"LineString","coordinates":[[-0.04538,51.49221],[-0.04528,51.49215]]},"properties":{"name":"Lower Road","category":"primary","osm_type":"way","osm_id":"1253103981","ref":"A200"}},{"type":"Feature","geometry":{"type":"LineString","coordinates":[[-0.29212,51.41088],[-0.29201,51.4109]]},"properties":{"name":"London Road","category":"primary","osm_type":"way","osm_id":"1253208757","ref":"A308"}},{"type":"Feature","geometry":{"type":"LineString","coordinates":[[-0.29196,51.41081],[-0.29209,51.41079]]},"properties":{"name":"London Road","category":"primary","osm_type":"way","osm_id":"1253208758","ref":"A308"}},{"type":"Feature","geometry":{"type":"LineString","coordinates":[[-0.29209,51.41079],[-0.29212,51.41088]]},"properties":{"name":"Cambridge Road","category":"primary","osm_type":"way","osm_id":"1253208759","ref":"A2043"}},{"type":"Feature","geometry":{"type":"LineString","coordinates":[[-0.26502,51.36862],[-0.26495,51.36858]]},"properties":{"name":"Kingston Road","category":"trunk","osm_type":"way","osm_id":"1253213344","ref":"A240"}},{"type":"Feature","geometry":{"type":"LineString","coordinates":[[-0.26504,51.36851],[-0.26511,51.36857]]},"properties":{"name":"Kingston Road","category":"trunk","osm_type":"way","osm_id":"1253213345","ref":"A240"}},{"type":"Feature","geometry":{"type":"LineString","coordinates":[[-0.1398,51.48018],[-0.13971,51.48023]]},"properties":{"name":"Battersea Park Road","category":"trunk","osm_type":"way","osm_id":"1253261086","operator":"Transport for London","ref":"A3205"}},{"type":"Feature","geometry":{"type":"LineString","coordinates":[[-0.13957,51.48018],[-0.13968,51.48012]]},"properties":{"name":"Battersea Park Road","category":"trunk","osm_type":"way","osm_id":"1253262471","operator":"Transport for London","ref":"A3205"}},{"type":"Feature","geometry":{"type":"LineString","coordinates":[[-0.24256,51.09707],[-0.24256,51.09715]]},"properties":{"name":"Major roads","category":"trunk","osm_type":"way","osm_id":"1253466820"}},{"type":"Feature","geometry":{"type":"LineString","coordinates":[[-0.29574,51.38558],[-0.29555,51.38548]]},"properties":{"name":"Ewell Road","category":"primary","osm_type":"way","osm_id":"1253799915","ref":"A240"}},{"type":"Feature","geometry":{"type":"LineString","coordinates":[[-0.29555,51.38536],[-0.2956,51.38539]]},"properties":{"name":"Ewell Road","category":"primary","osm_type":"way","osm_id":"1253799917","ref":"A240"}},{"type":"Feature","geometry":{"type":"LineString","coordinates":[[-0.2886,51.38324],[-0.28857,51.38323]]},"properties":{"name":"Ewell Road","category":"primary","osm_type":"way","osm_id":"1253799922","ref":"A240"}},{"type":"Feature","geometry":{"type":"LineString","coordinates":[[-0.99276,51.44873],[-0.99284,51.44871]]},"properties":{"name":"Bath Road","category":"primary","osm_type":"way","osm_id":"1254787886","ref":"A4155"}},{"type":"Feature","geometry":{"type":"LineString","coordinates":[[-0.99269,51.44846],[-0.99274,51.44853]]},"properties":{"name":"Berkeley Avenue","category":"primary","osm_type":"way","osm_id":"1254787888","ref":"A4"}},{"type":"Feature","geometry":{"type":"LineString","coordinates":[[-0.99283,51.44879],[-0.99276,51.44873]]},"properties":{"name":"Berkeley Avenue","category":"primary","osm_type":"way","osm_id":"1254787889","ref":"A4"}},{"type":"Feature","geometry":{"type":"LineString","coordinates":[[-0.47652,51.48166],[-0.47663,51.48166]]},"properties":{"name":"Colnbrook By-Pass","category":"trunk","osm_type":"way","osm_id":"1255139084","operator":"Transport for London","ref":"A4"}},{"type":"Feature","geometry":{"type":"LineString","coordinates":[[-0.47663,51.48166],[-0.47661,51.48178]]},"properties":{"name":"Hatch Lane","category":"primary","osm_type":"way","osm_id":"1255139085","ref":"A3044"}},{"type":"Feature","geometry":{"type":"LineString","coordinates":[[-0.47795,51.48189],[-0.47698,51.4818]]},"properties":{"name":"Colnbrook By-Pass","category":"trunk","osm_type":"way","osm_id":"1255152396","operator":"Transport for London","ref":"A4"}},{"type":"Feature","geometry":{"type":"LineString","coordinates":[[-0.43074,51.41766],[-0.43073,51.41773]]},"properties":{"name":"Windmill Road","category":"primary","osm_type":"way","osm_id":"1255155840","ref":"A244"}},{"type":"Feature","geometry":{"type":"LineString","coordinates":[[-0.43062,51.41772],[-0.43063,51.41766]]},"properties":{"name":"Windmill Road","category":"primary","osm_type":"way","osm_id":"1255155841","ref":"A244"}},{"type":"Feature","geometry":{"type":"LineString","coordinates":[[-0.43059,51.41819],[-0.4306,51.41802]]},"properties":{"name":"Windmill Road","category":"primary","osm_type":"way","osm_id":"1255155842","ref":"A244"}},{"type":"Feature","geometry":{"type":"LineString","coordinates":[[-0.43073,51.41738],[-0.43074,51.41766]]},"properties":{"name":"Windmill Road","category":"primary","osm_type":"way","osm_id":"1255155847","ref":"A244"}},{"type":"Feature","geometry":{"type":"LineString","coordinates":[[-0.43072,51.41782],[-0.43068,51.41812]]},"properties":{"name":"Windmill Road","category":"primary","osm_type":"way","osm_id":"1255155848","ref":"A244"}},{"type":"Feature","geometry":{"type":"LineString","coordinates":[[-0.43073,51.41773],[-0.43072,51.41782]]},"properties":{"name":"Windmill Road","category":"primary","osm_type":"way","osm_id":"1255155849","ref":"A244"}},{"type":"Feature","geometry":{"type":"LineString","coordinates":[[-0.03798,51.35208],[-0.03785,51.35243]]},"properties":{"name":"Selsdon Park Road","category":"primary","osm_type":"way","osm_id":"1255158491","ref":"A2022"}},{"type":"Feature","geometry":{"type":"LineString","coordinates":[[-0.03783,51.35202],[-0.0379,51.35194]]},"properties":{"name":"Selsdon Park Road","category":"primary","osm_type":"way","osm_id":"1255158492","ref":"A2022"}},{"type":"Feature","geometry":{"type":"LineString","coordinates":[[-0.05402,51.43904],[-0.05397,51.43913]]},"properties":{"name":"Devonshire Road","category":"trunk","osm_type":"way","osm_id":"1255161633","operator":"Transport for London","ref":"A205"}},{"type":"Feature","geometry":{"type":"LineString","coordinates":[[-0.05382,51.4391],[-0.05386,51.43901]]},"properties":{"name":"Devonshire Road","category":"trunk","osm_type":"way","osm_id":"1255161634","operator":"Transport for London","ref":"A205"}},{"type":"Feature","geometry":{"type":"LineString","coordinates":[[-0.05397,51.43913],[-0.05382,51.4391]]},"properties":{"name":"London Road","category":"trunk","osm_type":"way","osm_id":"1255161635","operator":"Transport for London","ref":"A205"}},{"type":"Feature","geometry":{"type":"LineString","coordinates":[[-0.43068,51.4182],[-0.43063,51.41862]]},"properties":{"name":"Windmill Road","category":"primary","osm_type":"way","osm_id":"1255168071","ref":"A244"}},{"type":"Feature","geometry":{"type":"LineString","coordinates":[[-0.43068,51.41812],[-0.43068,51.4182]]},"properties":{"name":"Windmill Road","category":"primary","osm_type":"way","osm_id":"1255168073","ref":"A244"}},{"type":"Feature","geometry":{"type":"LineString","coordinates":[[-0.2061,51.34775],[-0.2062,51.34807]]},"properties":{"name":"Belmont Rise","category":"trunk","osm_type":"way","osm_id":"1255223934","operator":"Transport for London","ref":"A217"}},{"type":"Feature","geometry":{"type":"LineString","coordinates":[[-0.20574,51.3472],[-0.20559,51.34691]]},"properties":{"name":"Belmont Rise","category":"trunk","osm_type":"way","osm_id":"1255223935","operator":"Transport for London","ref":"A217"}},{"type":"Feature","geometry":{"type":"LineString","coordinates":[[-0.20627,51.3482],[-0.2062,51.34807]]},"properties":{"name":"Belmont Rise","category":"trunk","osm_type":"way","osm_id":"1255223936","operator":"Transport for London","ref":"A217"}},{"type":"Feature","geometry":{"type":"LineString","coordinates":[[-0.1545,51.36865],[-0.15462,51.36855]]},"properties":{"name":"London Road","category":"primary","osm_type":"way","osm_id":"1255493569","ref":"A237"}},{"type":"Feature","geometry":{"type":"LineString","coordinates":[[-0.06626,51.49791],[-0.0664,51.49791]]},"properties":{"name":"Jamaica Road","category":"primary","osm_type":"way","osm_id":"1255517494","operator":"Transport for London","ref":"A200"}},{"type":"Feature","geometry":{"type":"LineString","coordinates":[[-0.0664,51.49791],[-0.06658,51.49792]]},"properties":{"name":"Jamaica Road","category":"primary","osm_type":"way","osm_id":"1255517495","operator":"Transport for London","ref":"A200"}},{"type":"Feature","geometry":{"type":"LineString","coordinates":[[-0.71158,51.24743],[-0.70967,51.24831]]},"properties":{"name":"Stonehill Road","category":"primary","osm_type":"way","osm_id":"1255670940","ref":"A323"}},{"type":"Feature","geometry":{"type":"LineString","coordinates":[[-0.70948,51.24859],[-0.70966,51.24985]]},"properties":{"name":"Stonehill Road","category":"primary","osm_type":"way","osm_id":"1255670941","ref":"A323"}},{"type":"Feature","geometry":{"type":"LineString","coordinates":[[-0.70967,51.24831],[-0.70948,51.24859]]},"properties":{"name":"Stonehill Road","category":"primary","osm_type":"way","osm_id":"1255670942","ref":"A323"}},{"type":"Feature","geometry":{"type":"LineString","coordinates":[[-0.28418,51.38196],[-0.28434,51.38204]]},"properties":{"name":"Ewell Road","category":"primary","osm_type":"way","osm_id":"1255930014","ref":"A240"}},{"type":"Feature","geometry":{"type":"LineString","coordinates":[[-0.28231,51.41704],[-0.28217,51.41716]]},"properties":{"name":"Kingston Hill","category":"primary","osm_type":"way","osm_id":"1255934350","ref":"A308"}},{"type":"Feature","geometry":{"type":"LineString","coordinates":[[-0.28217,51.41716],[-0.28208,51.41721]]},"properties":{"name":"Kingston Hill","category":"primary","osm_type":"way","osm_id":"1255934351","ref":"A308"}},{"type":"Feature","geometry":{"type":"LineString","coordinates":[[-0.23445,51.44444],[-0.23433,51.44446]]},"properties":{"name":"Kingston Road","category":"trunk","osm_type":"way","osm_id":"1256005458","operator":"Transport for London","ref":"A3"}},{"type":"Feature","geometry":{"type":"LineString","coordinates":[[-0.23583,51.4442],[-0.23492,51.44437]]},"properties":{"name":"Kingston Road","category":"trunk","osm_type":"way","osm_id":"1256005459","operator":"Transport for London","ref":"A3"}},{"type":"Feature","geometry":{"type":"LineString","coordinates":[[-0.23471,51.44531],[-0.23445,51.4447]]},"properties":{"name":"Roehampton Lane","category":"trunk","osm_type":"way","osm_id":"1256005460","operator":"Transport for London","ref":"A306"}},{"type":"Feature","geometry":{"type":"LineString","coordinates":[[-0.23428,51.44435],[-0.2344,51.44433]]},"properties":{"name":"Kingston Road","category":"trunk","osm_type":"way","osm_id":"1256005461","operator":"Transport for London","ref":"A3"}},{"type":"Feature","geometry":{"type":"LineString","coordinates":[[-0.23433,51.44446],[-0.23428,51.44435]]},"properties":{"name":"A306","category":"trunk","osm_type":"way","osm_id":"1256005462","operator":"Transport for London","ref":"A306"}},{"type":"Feature","geometry":{"type":"LineString","coordinates":[[-0.05485,51.4904],[-0.05502,51.49032]]},"properties":{"name":"Rotherhithe New Road","category":"primary","osm_type":"way","osm_id":"1256012521","ref":"A2208"}},{"type":"Feature","geometry":{"type":"LineString","coordinates":[[-0.05485,51.4904],[-0.0552,51.49057]]},"properties":{"name":"Raymouth Road","category":"primary","osm_type":"way","osm_id":"1256012529","ref":"A2206"}},{"type":"Feature","geometry":{"type":"LineString","coordinates":[[-0.20434,51.37481],[-0.20427,51.37489]]},"properties":{"name":"Oldfields Road","category":"trunk","osm_type":"way","osm_id":"1256566406","operator":"Transport for London","ref":"A217"}},{"type":"Feature","geometry":{"type":"LineString","coordinates":[[-0.20427,51.37489],[-0.20396,51.37517]]},"properties":{"name":"Oldfields Road","category":"trunk","osm_type":"way","osm_id":"1256566407","operator":"Transport for London","ref":"A217"}},{"type":"Feature","geometry":{"type":"LineString","coordinates":[[-0.10464,51.49899],[-0.10464,51.49892]]},"properties":{"name":"Blackfriars Road","category":"primary","osm_type":"way","osm_id":"1256937724","operator":"Transport for London","ref":"A201"}},{"type":"Feature","geometry":{"type":"LineString","coordinates":[[-0.37309,51.48518],[-0.37308,51.48511]]},"properties":{"name":"Heston Road","category":"primary","osm_type":"way","osm_id":"1256947781","ref":"A3005"}},{"type":"Feature","geometry":{"type":"LineString","coordinates":[[-0.37291,51.48624],[-0.3731,51.48572]]},"properties":{"name":"Heston Road","category":"primary","osm_type":"way","osm_id":"1256947782","ref":"A3005"}},{"type":"Feature","geometry":{"type":"LineString","coordinates":[[-0.3731,51.48572],[-0.37312,51.48555]]},"properties":{"name":"Heston Road","category":"primary","osm_type":"way","osm_id":"1256947783","ref":"A3005"}},{"type":"Feature","geometry":{"type":"LineString","coordinates":[[-0.11986,51.37666],[-0.11973,51.37639]]},"properties":{"name":"Purley Way","category":"trunk","osm_type":"way","osm_id":"1256981516","operator":"Transport for London","ref":"A23"}},{"type":"Feature","geometry":{"type":"LineString","coordinates":[[-0.11897,51.3745],[-0.11906,51.37465]]},"properties":{"name":"Purley Way","category":"trunk","osm_type":"way","osm_id":"1256981517","operator":"Transport for London","ref":"A23"}},{"type":"Feature","geometry":{"type":"LineString","coordinates":[[-0.36312,51.47923],[-0.36223,51.47924]]},"properties":{"name":"Major roads","category":"trunk_link","osm_type":"way","osm_id":"1256990699"}},{"type":"Feature","geometry":{"type":"LineString","coordinates":[[-0.32574,51.48348],[-0.32591,51.48344]]},"properties":{"name":"Great West Road","category":"trunk","osm_type":"way","osm_id":"1256990728","operator":"Transport for London","ref":"A4"}},{"type":"Feature","geometry":{"type":"LineString","coordinates":[[-0.97376,51.45064],[-0.97341,51.4508]]},"properties":{"name":"Inner Distribution Road","category":"primary","osm_type":"way","osm_id":"1257004385","ref":"A329"}},{"type":"Feature","geometry":{"type":"LineString","coordinates":[[-0.97331,51.45073],[-0.97416,51.45041]]},"properties":{"name":"Inner Distribution Road","category":"primary","osm_type":"way","osm_id":"1257004386","ref":"A329"}},{"type":"Feature","geometry":{"type":"LineString","coordinates":[[-0.99942,51.33668],[-0.99884,51.3372]]},"properties":{"name":"Basingstoke Road","category":"trunk","osm_type":"way","osm_id":"1257224043","ref":"A33"}},{"type":"Feature","geometry":{"type":"LineString","coordinates":[[-0.9987,51.3373],[-0.99858,51.33739]]},"properties":{"name":"Basingstoke Road","category":"trunk","osm_type":"way","osm_id":"1257224047","ref":"A33"}},{"type":"Feature","geometry":{"type":"LineString","coordinates":[[-0.99758,51.33792],[-0.99106,51.33885]]},"properties":{"name":"Basingstoke Road","category":"trunk","osm_type":"way","osm_id":"1257224048","ref":"A33"}},{"type":"Feature","geometry":{"type":"LineString","coordinates":[[-0.99106,51.33885],[-0.98335,51.34038],[-0.97798,51.34246]]},"properties":{"name":"Basingstoke Road","category":"trunk","osm_type":"way","osm_id":"1257224055","ref":"A33"}},{"type":"Feature","geometry":{"type":"LineString","coordinates":[[-0.97457,51.34227],[-0.97338,51.34245]]},"properties":{"name":"Basingstoke Road","category":"trunk","osm_type":"way","osm_id":"1257224058","ref":"A33"}},{"type":"Feature","geometry":{"type":"LineString","coordinates":[[-0.97725,51.34247],[-0.97642,51.3424]]},"properties":{"name":"Basingstoke Road","category":"trunk","osm_type":"way","osm_id":"1257224061","ref":"A33"}},{"type":"Feature","geometry":{"type":"LineString","coordinates":[[-0.97642,51.3424],[-0.97533,51.34228]]},"properties":{"name":"Basingstoke Road","category":"trunk","osm_type":"way","osm_id":"1257224063","ref":"A33"}},{"type":"Feature","geometry":{"type":"LineString","coordinates":[[-0.97533,51.34228],[-0.97457,51.34227]]},"properties":{"name":"Basingstoke Road","category":"trunk","osm_type":"way","osm_id":"1257224064","ref":"A33"}},{"type":"Feature","geometry":{"type":"LineString","coordinates":[[-0.97338,51.34245],[-0.9733,51.34247]]},"properties":{"name":"Basingstoke Road","category":"trunk","osm_type":"way","osm_id":"1257224067","ref":"A33"}},{"type":"Feature","geometry":{"type":"LineString","coordinates":[[-0.9733,51.34247],[-0.97153,51.34371],[-0.97051,51.34807]]},"properties":{"name":"Basingstoke Road","category":"trunk","osm_type":"way","osm_id":"1257224068","ref":"A33"}},{"type":"Feature","geometry":{"type":"LineString","coordinates":[[-0.97051,51.34807],[-0.97068,51.34858]]},"properties":{"name":"Basingstoke Road","category":"trunk","osm_type":"way","osm_id":"1257224070","ref":"A33"}},{"type":"Feature","geometry":{"type":"LineString","coordinates":[[-0.97068,51.34858],[-0.97079,51.34877]]},"properties":{"name":"Basingstoke Road","category":"trunk","osm_type":"way","osm_id":"1257224071","ref":"A33"}},{"type":"Feature","geometry":{"type":"LineString","coordinates":[[-0.98114,51.40365],[-0.98083,51.40395]]},"properties":{"name":"A33","category":"trunk","osm_type":"way","osm_id":"1257224084","ref":"A33"}},{"type":"Feature","geometry":{"type":"LineString","coordinates":[[-0.98021,51.42567],[-0.98081,51.4255]]},"properties":{"name":"A33","category":"trunk","osm_type":"way","osm_id":"1257255426","ref":"A33"}},{"type":"Feature","geometry":{"type":"LineString","coordinates":[[-0.98081,51.4255],[-0.98126,51.4262]]},"properties":{"name":"A33","category":"trunk","osm_type":"way","osm_id":"1257255427","ref":"A33"}},{"type":"Feature","geometry":{"type":"LineString","coordinates":[[-0.98126,51.4262],[-0.98133,51.42662]]},"properties":{"name":"A33","category":"trunk","osm_type":"way","osm_id":"1257255428","ref":"A33"}},{"type":"Feature","geometry":{"type":"LineString","coordinates":[[-0.98133,51.42662],[-0.98131,51.42674]]},"properties":{"name":"A33","category":"trunk","osm_type":"way","osm_id":"1257255429","ref":"A33"}},{"type":"Feature","geometry":{"type":"LineString","coordinates":[[-0.98131,51.42674],[-0.98056,51.42683]]},"properties":{"name":"A33","category":"trunk","osm_type":"way","osm_id":"1257255430","ref":"A33"}},{"type":"Feature","geometry":{"type":"LineString","coordinates":[[-0.98037,51.42624],[-0.98031,51.42601]]},"properties":{"name":"A33","category":"trunk","osm_type":"way","osm_id":"1257255431","ref":"A33"}},{"type":"Feature","geometry":{"type":"LineString","coordinates":[[-0.98031,51.42601],[-0.98021,51.42567]]},"properties":{"name":"A33","category":"trunk","osm_type":"way","osm_id":"1257255432","ref":"A33"}},{"type":"Feature","geometry":{"type":"LineString","coordinates":[[-0.979,51.43066],[-0.97866,51.43138]]},"properties":{"name":"A33","category":"trunk","osm_type":"way","osm_id":"1257255433","ref":"A33"}},{"type":"Feature","geometry":{"type":"LineString","coordinates":[[-0.9795,51.42975],[-0.979,51.43066]]},"properties":{"name":"A33","category":"trunk","osm_type":"way","osm_id":"1257255434","ref":"A33"}},{"type":"Feature","geometry":{"type":"LineString","coordinates":[[-0.97687,51.44241],[-0.9768,51.44336]]},"properties":{"name":"Rose Kiln Lane","category":"trunk","osm_type":"way","osm_id":"1257255435","ref":"A33"}},{"type":"Feature","geometry":{"type":"LineString","coordinates":[[-0.05568,51.40423],[-0.05507,51.40363]]},"properties":{"name":"Elmers End Road","category":"primary","osm_type":"way","osm_id":"1257266231","ref":"A214"}},{"type":"Feature","geometry":{"type":"LineString","coordinates":[[-0.05576,51.40433],[-0.05568,51.40423]]},"properties":{"name":"Elmers End Road","category":"primary","osm_type":"way","osm_id":"1257266232","ref":"A214"}},{"type":"Feature","geometry":{"type":"LineString","coordinates":[[-0.05507,51.40363],[-0.05501,51.4036]]},"properties":{"name":"Elmers End Road","category":"primary","osm_type":"way","osm_id":"1257266233","ref":"A214"}},{"type":"Feature","geometry":{"type":"LineString","coordinates":[[-0.189,51.42502],[-0.18907,51.42508]]},"properties":{"name":"Haydons Road","category":"primary","osm_type":"way","osm_id":"1257351729","ref":"A218"}},{"type":"Feature","geometry":{"type":"LineString","coordinates":[[-0.18897,51.42511],[-0.18871,51.42485]]},"properties":{"name":"Haydons Road","category":"primary","osm_type":"way","osm_id":"1257351730","ref":"A218"}},{"type":"Feature","geometry":{"type":"LineString","coordinates":[[-0.04775,51.49353],[-0.04767,51.49349]]},"properties":{"name":"Lower Road","category":"primary","osm_type":"way","osm_id":"1257454431","ref":"A200"}},{"type":"Feature","geometry":{"type":"LineString","coordinates":[[-0.04715,51.49323],[-0.04709,51.49316]]},"properties":{"name":"Lower Road","category":"primary","osm_type":"way","osm_id":"1257454432","ref":"A200"}},{"type":"Feature","geometry":{"type":"LineString","coordinates":[[-0.04827,51.49357],[-0.04829,51.49361]]},"properties":{"name":"Rotherhithe Old Road","category":"primary","osm_type":"way","osm_id":"1257628106"}},{"type":"Feature","geometry":{"type":"LineString","coordinates":[[-0.04816,51.49361],[-0.04805,51.49369]]},"properties":{"name":"Rotherhithe Old Road","category":"primary","osm_type":"way","osm_id":"1257628107"}},{"type":"Feature","geometry":{"type":"LineString","coordinates":[[-0.12436,51.44509],[-0.12451,51.44514]]},"properties":{"name":"A205","category":"trunk","osm_type":"way","osm_id":"1257689486","operator":"Transport for London","ref":"A205"}},{"type":"Feature","geometry":{"type":"LineString","coordinates":[[-0.12448,51.44526],[-0.12433,51.44519]]},"properties":{"name":"A205","category":"trunk","osm_type":"way","osm_id":"1257689487","operator":"Transport for London","ref":"A205"}},{"type":"Feature","geometry":{"type":"LineString","coordinates":[[-0.12433,51.44519],[-0.12436,51.44509]]},"properties":{"name":"Brixton Hill","category":"trunk","osm_type":"way","osm_id":"1257689490","operator":"Transport for London","ref":"A23"}},{"type":"Feature","geometry":{"type":"LineString","coordinates":[[-0.12436,51.44509],[-0.12476,51.44364]]},"properties":{"name":"Streatham Hill","category":"trunk","osm_type":"way","osm_id":"1257696879","operator":"Transport for London","ref":"A23"}},{"type":"Feature","geometry":{"type":"LineString","coordinates":[[-0.12464,51.44282],[-0.12459,51.44266]]},"properties":{"name":"Streatham Hill","category":"trunk","osm_type":"way","osm_id":"1257696880","operator":"Transport for London","ref":"A23"}},{"type":"Feature","geometry":{"type":"LineString","coordinates":[[-0.17778,51.46817],[-0.17803,51.46773]]},"properties":{"name":"York Road","category":"trunk","osm_type":"way","osm_id":"1257721411","operator":"Transport for London","ref":"A3205"}},{"type":"Feature","geometry":{"type":"LineString","coordinates":[[-0.17662,51.46917],[-0.17671,51.46912]]},"properties":{"name":"York Road","category":"trunk","osm_type":"way","osm_id":"1257721413","operator":"Transport for London","ref":"A3205"}},{"type":"Feature","geometry":{"type":"LineString","coordinates":[[-0.17671,51.46912],[-0.17677,51.46908]]},"properties":{"name":"York Road","category":"trunk","osm_type":"way","osm_id":"1257721414","operator":"Transport for London","ref":"A3205"}},{"type":"Feature","geometry":{"type":"LineString","coordinates":[[-0.17677,51.46908],[-0.17681,51.46906]]},"properties":{"name":"York Road","category":"trunk","osm_type":"way","osm_id":"1257721415","operator":"Transport for London","ref":"A3205"}},{"type":"Feature","geometry":{"type":"LineString","coordinates":[[-0.17681,51.46906],[-0.17687,51.46902]]},"properties":{"name":"York Road","category":"trunk","osm_type":"way","osm_id":"1257721416","operator":"Transport for London","ref":"A3205"}},{"type":"Feature","geometry":{"type":"LineString","coordinates":[[-0.17687,51.46902],[-0.17704,51.4689]]},"properties":{"name":"York Road","category":"trunk","osm_type":"way","osm_id":"1257721417","operator":"Transport for London","ref":"A3205"}},{"type":"Feature","geometry":{"type":"LineString","coordinates":[[-0.17704,51.4689],[-0.17709,51.46886]]},"properties":{"name":"York Road","category":"trunk","osm_type":"way","osm_id":"1257721418","operator":"Transport for London","ref":"A3205"}},{"type":"Feature","geometry":{"type":"LineString","coordinates":[[-0.11579,51.46124],[-0.11561,51.46127]]},"properties":{"name":"A2217","category":"primary","osm_type":"way","osm_id":"1257736762","ref":"A2217"}},{"type":"Feature","geometry":{"type":"LineString","coordinates":[[-0.11583,51.46117],[-0.11579,51.46124]]},"properties":{"name":"Brixton Hill","category":"trunk","osm_type":"way","osm_id":"1257736763","operator":"Transport for London","ref":"A23"}},{"type":"Feature","geometry":{"type":"LineString","coordinates":[[-0.11561,51.46127],[-0.11566,51.46113]]},"properties":{"name":"Brixton Hill","category":"trunk","osm_type":"way","osm_id":"1257736764","operator":"Transport for London","ref":"A23"}},{"type":"Feature","geometry":{"type":"LineString","coordinates":[[-0.07361,51.49323],[-0.07351,51.49315]]},"properties":{"name":"Southwark Park Road","category":"primary","osm_type":"way","osm_id":"1257796048","ref":"A2206"}},{"type":"Feature","geometry":{"type":"LineString","coordinates":[[-0.07351,51.49315],[-0.07339,51.49301]]},"properties":{"name":"Southwark Park Road","category":"primary","osm_type":"way","osm_id":"1257796049","ref":"A2206"}},{"type":"Feature","geometry":{"type":"LineString","coordinates":[[-0.07339,51.49301],[-0.07332,51.49295]]},"properties":{"name":"Southwark Park Road","category":"primary","osm_type":"way","osm_id":"1257796050","ref":"A2206"}},{"type":"Feature","geometry":{"type":"LineString","coordinates":[[-0.29484,51.48714],[-0.29472,51.48717]]},"properties":{"name":"Brentford High Street","category":"primary","osm_type":"way","osm_id":"1257989071","ref":"A315"}},{"type":"Feature","geometry":{"type":"LineString","coordinates":[[-0.29582,51.48684],[-0.29484,51.48714]]},"properties":{"name":"Brentford High Street","category":"primary","osm_type":"way","osm_id":"1257989072","ref":"A315"}},{"type":"Feature","geometry":{"type":"LineString","coordinates":[[-0.29735,51.4864],[-0.29666,51.48657]]},"properties":{"name":"Brentford High Street","category":"primary","osm_type":"way","osm_id":"1257989076","ref":"A315"}},{"type":"Feature","geometry":{"type":"LineString","coordinates":[[-0.13659,51.48204],[-0.13642,51.48215]]},"properties":{"name":"Nine Elms Lane","category":"trunk","osm_type":"way","osm_id":"1258099197","operator":"Transport for London","ref":"A3205"}},{"type":"Feature","geometry":{"type":"LineString","coordinates":[[-0.10274,51.49167],[-0.10271,51.49169]]},"properties":{"name":"Newington Butts","category":"trunk","osm_type":"way","osm_id":"1258111531","operator":"Transport for London","ref":"A3"}},{"type":"Feature","geometry":{"type":"LineString","coordinates":[[-0.10294,51.49152],[-0.10274,51.49167]]},"properties":{"name":"Newington Butts","category":"trunk","osm_type":"way","osm_id":"1258111532","operator":"Transport for London","ref":"A3"}},{"type":"Feature","geometry":{"type":"LineString","coordinates":[[-0.20649,51.37303],[-0.20641,51.37309]]},"properties":{"name":"Oldfields Road","category":"trunk","osm_type":"way","osm_id":"1258191891","operator":"Transport for London","ref":"A217"}},{"type":"Feature","geometry":{"type":"LineString","coordinates":[[-0.20654,51.373],[-0.20649,51.37303]]},"properties":{"name":"Oldfields Road","category":"trunk","osm_type":"way","osm_id":"1258191897","operator":"Transport for London","ref":"A217"}},{"type":"Feature","geometry":{"type":"LineString","coordinates":[[-0.16767,51.46379],[-0.16764,51.46371]]},"properties":{"name":"Falcon Road","category":"primary","osm_type":"way","osm_id":"1258472389","ref":"A3207"}},{"type":"Feature","geometry":{"type":"LineString","coordinates":[[-0.16783,51.46374],[-0.16767,51.46379]]},"properties":{"name":"Lavender Hill","category":"primary","osm_type":"way","osm_id":"1258472390","ref":"A3036"}},{"type":"Feature","geometry":{"type":"LineString","coordinates":[[-0.09637,51.36723],[-0.09624,51.36722]]},"properties":{"name":"Coombe Road","category":"primary","osm_type":"way","osm_id":"1258541314","ref":"A212"}},{"type":"Feature","geometry":{"type":"LineString","coordinates":[[-0.27458,51.49245],[-0.27476,51.49244]]},"properties":{"name":"Chiswick High Road","category":"primary","osm_type":"way","osm_id":"1258566295","ref":"A315"}},{"type":"Feature","geometry":{"type":"LineString","coordinates":[[-0.12957,51.4995],[-0.12951,51.49953]]},"properties":{"name":"Broad Sanctuary","category":"primary","osm_type":"way","osm_id":"1258910353","ref":"A302"}},{"type":"Feature","geometry":{"type":"LineString","coordinates":[[-0.12951,51.49953],[-0.12942,51.49956]]},"properties":{"name":"Broad Sanctuary","category":"primary","osm_type":"way","osm_id":"1258910354","ref":"A302"}},{"type":"Feature","geometry":{"type":"LineString","coordinates":[[-0.12942,51.49956],[-0.12899,51.49975]]},"properties":{"name":"Broad Sanctuary","category":"primary","osm_type":"way","osm_id":"1258910355","ref":"A302"}},{"type":"Feature","geometry":{"type":"LineString","coordinates":[[-0.27712,51.37577],[-0.27712,51.37567]]},"properties":{"name":"Major roads","category":"trunk_link","osm_type":"way","osm_id":"1258941858"}},{"type":"Feature","geometry":{"type":"LineString","coordinates":[[-0.27719,51.37574],[-0.27741,51.37593]]},"properties":{"name":"Kingston Road","category":"trunk","osm_type":"way","osm_id":"1258941859","operator":"Transport for London","ref":"A240"}},{"type":"Feature","geometry":{"type":"LineString","coordinates":[[-0.27701,51.37582],[-0.27693,51.37575]]},"properties":{"name":"Kingston Road","category":"trunk","osm_type":"way","osm_id":"1258941860","operator":"Transport for London","ref":"A240"}},{"type":"Feature","geometry":{"type":"LineString","coordinates":[[-0.27673,51.46916],[-0.27677,51.46903]]},"properties":{"name":"Major roads","category":"trunk","osm_type":"way","osm_id":"1258975247"}},{"type":"Feature","geometry":{"type":"LineString","coordinates":[[-0.2769,51.469],[-0.27684,51.46912]]},"properties":{"name":"Major roads","category":"trunk","osm_type":"way","osm_id":"1258975248"}},{"type":"Feature","geometry":{"type":"LineString","coordinates":[[-0.27605,51.46937],[-0.27597,51.46927]]},"properties":{"name":"A3003","category":"primary","osm_type":"way","osm_id":"1258975249","ref":"A3003"}},{"type":"Feature","geometry":{"type":"LineString","coordinates":[[-0.27615,51.46933],[-0.27605,51.46937]]},"properties":{"name":"Clifford Avenue","category":"trunk","osm_type":"way","osm_id":"1258976580","operator":"Transport for London","ref":"A316"}},{"type":"Feature","geometry":{"type":"LineString","coordinates":[[-0.27597,51.46927],[-0.27605,51.46924]]},"properties":{"name":"Clifford Avenue","category":"trunk","osm_type":"way","osm_id":"1258978566","operator":"Transport for London","ref":"A316"}},{"type":"Feature","geometry":{"type":"LineString","coordinates":[[-0.10548,51.47922],[-0.10535,51.47917]]},"properties":{"name":"Camberwell New Road","category":"trunk","osm_type":"way","osm_id":"1258979586","operator":"Transport for London","ref":"A202"}},{"type":"Feature","geometry":{"type":"LineString","coordinates":[[-0.10659,51.47964],[-0.10599,51.47942]]},"properties":{"name":"Camberwell New Road","category":"trunk","osm_type":"way","osm_id":"1258983481","operator":"Transport for London","ref":"A202"}},{"type":"Feature","geometry":{"type":"LineString","coordinates":[[-0.2769,51.469],[-0.27703,51.46897]]},"properties":{"name":"Lower Richmond Road","category":"trunk","osm_type":"way","osm_id":"1258990270","operator":"Transport for London","ref":"A316"}},{"type":"Feature","geometry":{"type":"LineString","coordinates":[[-0.02307,51.48083],[-0.023,51.48083]]},"properties":{"name":"Creek Road","category":"primary","osm_type":"way","osm_id":"1258992124","ref":"A200"}},{"type":"Feature","geometry":{"type":"LineString","coordinates":[[-0.02319,51.48079],[-0.02307,51.48072]]},"properties":{"name":"Creek Road","category":"primary_link","osm_type":"way","osm_id":"1258992125"}},{"type":"Feature","geometry":{"type":"LineString","coordinates":[[-0.02307,51.48083],[-0.02307,51.48072]]},"properties":{"name":"Deptford Church Street","category":"primary","osm_type":"way","osm_id":"1258992126"}},{"type":"Feature","geometry":{"type":"LineString","coordinates":[[-0.27684,51.46912],[-0.27673,51.46916]]},"properties":{"name":"Clifford Avenue","category":"trunk","osm_type":"way","osm_id":"1258994935","operator":"Transport for London","ref":"A316"}},{"type":"Feature","geometry":{"type":"LineString","coordinates":[[-0.05263,51.49652],[-0.0527,51.49659]]},"properties":{"name":"A200","category":"primary","osm_type":"way","osm_id":"1259266627","ref":"A200"}},{"type":"Feature","geometry":{"type":"LineString","coordinates":[[-0.0527,51.49659],[-0.05274,51.49662]]},"properties":{"name":"A200","category":"primary","osm_type":"way","osm_id":"1259266628","ref":"A200"}},{"type":"Feature","geometry":{"type":"LineString","coordinates":[[-0.16719,51.48336],[-0.16718,51.48326]]},"properties":{"name":"Albert Bridge","category":"primary","osm_type":"way","osm_id":"1259294888","ref":"A3031"}},{"type":"Feature","geometry":{"type":"LineString","coordinates":[[-0.16741,51.48359],[-0.16729,51.48359]]},"properties":{"name":"Chelsea Embankment","category":"trunk","osm_type":"way","osm_id":"1259294889","operator":"Transport for London","ref":"A3212"}},{"type":"Feature","geometry":{"type":"LineString","coordinates":[[-0.16725,51.4835],[-0.16722,51.48344]]},"properties":{"name":"Albert Bridge","category":"primary","osm_type":"way","osm_id":"1259294890","ref":"A3031"}},{"type":"Feature","geometry":{"type":"LineString","coordinates":[[-0.1673,51.48343],[-0.16734,51.48349]]},"properties":{"name":"Albert Bridge","category":"primary","osm_type":"way","osm_id":"1259294891","ref":"A3031"}},{"type":"Feature","geometry":{"type":"LineString","coordinates":[[-0.29905,51.39522],[-0.29908,51.39528]]},"properties":{"name":"A240","category":"primary","osm_type":"way","osm_id":"1259346509","ref":"A240"}},{"type":"Feature","geometry":{"type":"LineString","coordinates":[[-0.29895,51.39531],[-0.29892,51.39525]]},"properties":{"name":"A240","category":"primary","osm_type":"way","osm_id":"1259346510","ref":"A240"}},{"type":"Feature","geometry":{"type":"LineString","coordinates":[[-0.29913,51.3955],[-0.29895,51.39531]]},"properties":{"name":"Surbiton Hill Road","category":"primary","osm_type":"way","osm_id":"1259346513","ref":"A240"}},{"type":"Feature","geometry":{"type":"LineString","coordinates":[[-0.16791,51.42805],[-0.16796,51.42798]]},"properties":{"name":"Tooting High Street","category":"trunk","osm_type":"way","osm_id":"1260490210","operator":"Transport for London","ref":"A24;A217"}},{"type":"Feature","geometry":{"type":"LineString","coordinates":[[-0.16801,51.4281],[-0.16791,51.42805]]},"properties":{"name":"Mitcham Road","category":"primary","osm_type":"way","osm_id":"1260490211","ref":"A217"}},{"type":"Feature","geometry":{"type":"LineString","coordinates":[[-0.16807,51.42804],[-0.16801,51.4281]]},"properties":{"name":"Tooting High Street","category":"trunk","osm_type":"way","osm_id":"1260490212","operator":"Transport for London","ref":"A24"}},{"type":"Feature","geometry":{"type":"LineString","coordinates":[[-0.16796,51.42798],[-0.16799,51.42795]]},"properties":{"name":"Tooting High Street","category":"trunk","osm_type":"way","osm_id":"1260490213","operator":"Transport for London","ref":"A24;A217"}},{"type":"Feature","geometry":{"type":"LineString","coordinates":[[-0.16796,51.42798],[-0.16807,51.42804]]},"properties":{"name":"Mitcham Road","category":"primary","osm_type":"way","osm_id":"1260490214","ref":"A217"}},{"type":"Feature","geometry":{"type":"LineString","coordinates":[[-0.16801,51.4281],[-0.16797,51.42814]]},"properties":{"name":"Tooting High Street","category":"trunk","osm_type":"way","osm_id":"1260490215","operator":"Transport for London","ref":"A24"}},{"type":"Feature","geometry":{"type":"LineString","coordinates":[[-0.16824,51.42815],[-0.16801,51.4281]]},"properties":{"name":"Garratt Lane","category":"primary","osm_type":"way","osm_id":"1260490216","ref":"A217"}},{"type":"Feature","geometry":{"type":"LineString","coordinates":[[-0.16776,51.42824],[-0.16782,51.42817]]},"properties":{"name":"Tooting High Street","category":"trunk","osm_type":"way","osm_id":"1260490217","operator":"Transport for London","ref":"A24"}},{"type":"Feature","geometry":{"type":"LineString","coordinates":[[-0.16771,51.42835],[-0.16776,51.42824]]},"properties":{"name":"Tooting High Street","category":"trunk","osm_type":"way","osm_id":"1260490218","operator":"Transport for London","ref":"A24"}},{"type":"Feature","geometry":{"type":"LineString","coordinates":[[-0.16784,51.42826],[-0.16771,51.42835]]},"properties":{"name":"Tooting High Street","category":"trunk","osm_type":"way","osm_id":"1260490219","operator":"Transport for London","ref":"A24"}},{"type":"Feature","geometry":{"type":"LineString","coordinates":[[-0.10112,51.49896],[-0.10151,51.49894]]},"properties":{"name":"Borough Road","category":"primary","osm_type":"way","osm_id":"1260590526","ref":"A3202"}},{"type":"Feature","geometry":{"type":"LineString","coordinates":[[-0.09922,51.49715],[-0.09975,51.49753]]},"properties":{"name":"Gaunt Street","category":"primary","osm_type":"way","osm_id":"1260595953","operator":"London Borough of Southwark","ref":"A300"}},{"type":"Feature","geometry":{"type":"LineString","coordinates":[[-0.36127,51.4393],[-0.36141,51.43928]]},"properties":{"name":"Staines Road","category":"primary","osm_type":"way","osm_id":"1261423203","ref":"A305"}},{"type":"Feature","geometry":{"type":"LineString","coordinates":[[-0.36141,51.43928],[-0.36152,51.43927]]},"properties":{"name":"Staines Road","category":"primary","osm_type":"way","osm_id":"1261423204","ref":"A305"}},{"type":"Feature","geometry":{"type":"LineString","coordinates":[[-0.53447,51.33704],[-0.53424,51.33711]]},"properties":{"name":"Woodham Lane","category":"primary","osm_type":"way","osm_id":"1261787936","ref":"A245"}},{"type":"Feature","geometry":{"type":"LineString","coordinates":[[-0.53424,51.33711],[-0.53405,51.33717]]},"properties":{"name":"Woodham Lane","category":"primary","osm_type":"way","osm_id":"1261787937","ref":"A245"}},{"type":"Feature","geometry":{"type":"LineString","coordinates":[[-0.19086,51.42758],[-0.19088,51.42767]]},"properties":{"name":"Major roads","category":"primary","osm_type":"way","osm_id":"1261797559"}},{"type":"Feature","geometry":{"type":"LineString","coordinates":[[-0.19074,51.42768],[-0.19073,51.42758]]},"properties":{"name":"Major roads","category":"primary","osm_type":"way","osm_id":"1261797560"}},{"type":"Feature","geometry":{"type":"LineString","coordinates":[[-0.09844,51.36376],[-0.09842,51.36373]]},"properties":{"name":"Brighton Road","category":"primary","osm_type":"way","osm_id":"1261828858","ref":"A235"}},{"type":"Feature","geometry":{"type":"LineString","coordinates":[[-0.09845,51.36382],[-0.09844,51.36376]]},"properties":{"name":"South End","category":"primary","osm_type":"way","osm_id":"1261828859","ref":"A235"}},{"type":"Feature","geometry":{"type":"LineString","coordinates":[[-0.09848,51.3639],[-0.09845,51.36382]]},"properties":{"name":"South End","category":"primary","osm_type":"way","osm_id":"1261828860","ref":"A235"}},{"type":"Feature","geometry":{"type":"LineString","coordinates":[[-0.09851,51.36395],[-0.09848,51.3639]]},"properties":{"name":"South End","category":"primary","osm_type":"way","osm_id":"1261828861","ref":"A235"}},{"type":"Feature","geometry":{"type":"LineString","coordinates":[[-0.10033,51.49587],[-0.10031,51.49588]]},"properties":{"name":"Newington Causeway","category":"primary","osm_type":"way","osm_id":"1262043837","operator":"Transport for London","ref":"A3"}},{"type":"Feature","geometry":{"type":"LineString","coordinates":[[-0.09311,51.47413],[-0.0929,51.47413]]},"properties":{"name":"Camberwell New Road","category":"trunk","osm_type":"way","osm_id":"1262055135","operator":"Transport for London","ref":"A202"}},{"type":"Feature","geometry":{"type":"LineString","coordinates":[[-0.09309,51.47404],[-0.09311,51.47413]]},"properties":{"name":"A215","category":"primary","osm_type":"way","osm_id":"1262055136","ref":"A215"}},{"type":"Feature","geometry":{"type":"LineString","coordinates":[[-0.09309,51.47404],[-0.0932,51.47404]]},"properties":{"name":"Camberwell New Road","category":"trunk","osm_type":"way","osm_id":"1262055137","operator":"Transport for London","ref":"A202"}},{"type":"Feature","geometry":{"type":"LineString","coordinates":[[-0.0929,51.47413],[-0.09288,51.47403]]},"properties":{"name":"A215","category":"primary","osm_type":"way","osm_id":"1262055138","ref":"A215"}},{"type":"Feature","geometry":{"type":"LineString","coordinates":[[-0.12483,51.33153],[-0.12478,51.33158]]},"properties":{"name":"Brighton Road","category":"trunk","osm_type":"way","osm_id":"1262083612","operator":"Transport for London","ref":"A23"}},{"type":"Feature","geometry":{"type":"LineString","coordinates":[[-0.16998,51.17474],[-0.16958,51.17508]]},"properties":{"name":"Brighton Road","category":"primary","osm_type":"way","osm_id":"1262120940","ref":"A23"}},{"type":"Feature","geometry":{"type":"LineString","coordinates":[[-0.16958,51.17508],[-0.16948,51.1752]]},"properties":{"name":"Brighton Road","category":"primary","osm_type":"way","osm_id":"1262120941","ref":"A23"}},{"type":"Feature","geometry":{"type":"LineString","coordinates":[[-0.17005,51.17466],[-0.16998,51.17474]]},"properties":{"name":"Brighton Road","category":"primary","osm_type":"way","osm_id":"1262120942","ref":"A23"}},{"type":"Feature","geometry":{"type":"LineString","coordinates":[[-0.01908,51.48115],[-0.0192,51.48113]]},"properties":{"name":"Creek Road","category":"primary","osm_type":"way","osm_id":"1262126543","ref":"A200"}},{"type":"Feature","geometry":{"type":"LineString","coordinates":[[-0.01922,51.4812],[-0.01911,51.48121]]},"properties":{"name":"Creek Road","category":"primary","osm_type":"way","osm_id":"1262126545","ref":"A200"}},{"type":"Feature","geometry":{"type":"LineString","coordinates":[[-0.01911,51.48121],[-0.01865,51.48122]]},"properties":{"name":"Creek Road","category":"primary","osm_type":"way","osm_id":"1262126547","ref":"A200"}},{"type":"Feature","geometry":{"type":"LineString","coordinates":[[-0.01865,51.48122],[-0.01821,51.48126]]},"properties":{"name":"Creek Road","category":"primary","osm_type":"way","osm_id":"1262126548","ref":"A200"}},{"type":"Feature","geometry":{"type":"LineString","coordinates":[[-0.32383,51.47843],[-0.32392,51.47844]]},"properties":{"name":"London Road","category":"primary","osm_type":"way","osm_id":"1262437857","ref":"A315"}},{"type":"Feature","geometry":{"type":"LineString","coordinates":[[-0.32392,51.47844],[-0.32389,51.47847]]},"properties":{"name":"London Road","category":"primary","osm_type":"way","osm_id":"1262437859","ref":"A315"}},{"type":"Feature","geometry":{"type":"LineString","coordinates":[[-0.32344,51.47855],[-0.32357,51.47851]]},"properties":{"name":"London Road","category":"primary","osm_type":"way","osm_id":"1262437860","ref":"A315"}},{"type":"Feature","geometry":{"type":"LineString","coordinates":[[-0.32357,51.47858],[-0.32345,51.47862]]},"properties":{"name":"London Road","category":"primary","osm_type":"way","osm_id":"1262437861","ref":"A315"}},{"type":"Feature","geometry":{"type":"LineString","coordinates":[[-0.32345,51.47862],[-0.32344,51.47855]]},"properties":{"name":"A310","category":"primary","osm_type":"way","osm_id":"1262437862","ref":"A310"}},{"type":"Feature","geometry":{"type":"LineString","coordinates":[[-0.32357,51.47851],[-0.32357,51.47858]]},"properties":{"name":"A310","category":"primary","osm_type":"way","osm_id":"1262437863","ref":"A310"}},{"type":"Feature","geometry":{"type":"LineString","coordinates":[[-0.32344,51.47855],[-0.3235,51.47824]]},"properties":{"name":"Twickenham Road","category":"primary","osm_type":"way","osm_id":"1262437864","ref":"A310"}},{"type":"Feature","geometry":{"type":"LineString","coordinates":[[-0.32357,51.47851],[-0.32383,51.47843]]},"properties":{"name":"London Road","category":"primary","osm_type":"way","osm_id":"1262437865","ref":"A315"}},{"type":"Feature","geometry":{"type":"LineString","coordinates":[[-0.32277,51.47879],[-0.32332,51.47859]]},"properties":{"name":"London Road","category":"primary","osm_type":"way","osm_id":"1262437866","ref":"A315"}},{"type":"Feature","geometry":{"type":"LineString","coordinates":[[-0.5046,51.33746],[-0.50449,51.33752]]},"properties":{"name":"Old Woking Road","category":"primary","osm_type":"way","osm_id":"1262484148","ref":"A245"}},{"type":"Feature","geometry":{"type":"LineString","coordinates":[[-0.13091,51.48926],[-0.13102,51.48931]]},"properties":{"name":"Vauxhall Bridge Road","category":"trunk","osm_type":"way","osm_id":"1262508932","operator":"Transport for London","ref":"A202"}},{"type":"Feature","geometry":{"type":"LineString","coordinates":[[-0.13081,51.48921],[-0.13091,51.48926]]},"properties":{"name":"Bessborough Gardens","category":"trunk","osm_type":"way","osm_id":"1262508933","operator":"Transport for London","ref":"A202"}},{"type":"Feature","geometry":{"type":"LineString","coordinates":[[-0.37296,51.47779],[-0.3729,51.47785]]},"properties":{"name":"Sutton Lane","category":"primary","osm_type":"way","osm_id":"1262613694","ref":"A3063"}},{"type":"Feature","geometry":{"type":"LineString","coordinates":[[-0.3729,51.47785],[-0.37278,51.47781]]},"properties":{"name":"A4","category":"trunk_link","osm_type":"way","osm_id":"1262613695","ref":"A4"}},{"type":"Feature","geometry":{"type":"LineString","coordinates":[[-0.3729,51.47785],[-0.3728,51.47795]]},"properties":{"name":"Sutton Lane","category":"primary","osm_type":"way","osm_id":"1262613696","ref":"A3063"}},{"type":"Feature","geometry":{"type":"LineString","coordinates":[[-0.3725,51.47826],[-0.3726,51.47798]]},"properties":{"name":"Upper Sutton Lane","category":"primary","osm_type":"way","osm_id":"1262613697","ref":"A3063"}},{"type":"Feature","geometry":{"type":"LineString","coordinates":[[-0.37253,51.47826],[-0.3725,51.47829]]},"properties":{"name":"Upper Sutton Lane","category":"primary","osm_type":"way","osm_id":"1262613699","ref":"A3063"}},{"type":"Feature","geometry":{"type":"LineString","coordinates":[[-0.36269,51.47802],[-0.36321,51.47812]]},"properties":{"name":"A3005","category":"primary","osm_type":"way","osm_id":"1262729814","ref":"A3005"}},{"type":"Feature","geometry":{"type":"LineString","coordinates":[[-0.36291,51.47809],[-0.36269,51.47802]]},"properties":{"name":"A3005","category":"primary","osm_type":"way","osm_id":"1262729815","ref":"A3005"}},{"type":"Feature","geometry":{"type":"LineString","coordinates":[[-0.05235,51.49631],[-0.05221,51.49617]]},"properties":{"name":"Lower Road","category":"primary","osm_type":"way","osm_id":"1262854416","ref":"A200"}},{"type":"Feature","geometry":{"type":"LineString","coordinates":[[-0.73453,51.24275],[-0.73426,51.2429]]},"properties":{"name":"Aldershot Road","category":"primary","osm_type":"way","osm_id":"1262889623"}},{"type":"Feature","geometry":{"type":"LineString","coordinates":[[-0.73426,51.2429],[-0.72984,51.24417]]},"properties":{"name":"Aldershot Road","category":"primary","osm_type":"way","osm_id":"1262889624"}},{"type":"Feature","geometry":{"type":"LineString","coordinates":[[-0.29735,51.4864],[-0.29764,51.48628]]},"properties":{"name":"Brentford High Street","category":"primary","osm_type":"way","osm_id":"1263473388","ref":"A315"}},{"type":"Feature","geometry":{"type":"LineString","coordinates":[[-0.14632,51.45414],[-0.14594,51.45401]]},"properties":{"name":"Cavendish Road","category":"trunk","osm_type":"way","osm_id":"1263549571","operator":"Transport for London","ref":"A205"}},{"type":"Feature","geometry":{"type":"LineString","coordinates":[[-0.14594,51.45401],[-0.14641,51.45406]]},"properties":{"name":"Cavendish Road","category":"trunk","osm_type":"way","osm_id":"1263549572","operator":"Transport for London","ref":"A205"}},{"type":"Feature","geometry":{"type":"LineString","coordinates":[[-0.14641,51.45406],[-0.14632,51.45414]]},"properties":{"name":"Clapham Common South Side","category":"trunk","osm_type":"way","osm_id":"1263549573","operator":"Transport for London","ref":"A24"}},{"type":"Feature","geometry":{"type":"LineString","coordinates":[[-0.05087,51.49519],[-0.05077,51.49511]]},"properties":{"name":"Lower Road","category":"primary","osm_type":"way","osm_id":"1263611951","ref":"A200"}},{"type":"Feature","geometry":{"type":"LineString","coordinates":[[-0.05077,51.49511],[-0.05072,51.49506]]},"properties":{"name":"Lower Road","category":"primary","osm_type":"way","osm_id":"1263611952","ref":"A200"}},{"type":"Feature","geometry":{"type":"LineString","coordinates":[[-0.05072,51.49506],[-0.0505,51.49488]]},"properties":{"name":"Lower Road","category":"primary","osm_type":"way","osm_id":"1263611953","ref":"A200"}},{"type":"Feature","geometry":{"type":"LineString","coordinates":[[-0.0505,51.49488],[-0.05041,51.49481]]},"properties":{"name":"Lower Road","category":"primary","osm_type":"way","osm_id":"1263611954","ref":"A200"}},{"type":"Feature","geometry":{"type":"LineString","coordinates":[[-0.13823,51.48111],[-0.13839,51.48099]]},"properties":{"name":"Battersea Park Road","category":"trunk","osm_type":"way","osm_id":"1263630417","operator":"Transport for London","ref":"A3205"}},{"type":"Feature","geometry":{"type":"LineString","coordinates":[[-0.13815,51.48115],[-0.13823,51.48111]]},"properties":{"name":"Battersea Park Road","category":"trunk","osm_type":"way","osm_id":"1263630418","operator":"Transport for London","ref":"A3205"}},{"type":"Feature","geometry":{"type":"LineString","coordinates":[[-0.13803,51.48123],[-0.13815,51.48115]]},"properties":{"name":"Battersea Park Road","category":"trunk","osm_type":"way","osm_id":"1263630419","operator":"Transport for London","ref":"A3205"}},{"type":"Feature","geometry":{"type":"LineString","coordinates":[[-0.10975,51.48456],[-0.10979,51.48453]]},"properties":{"name":"Kennington Park Road","category":"trunk","osm_type":"way","osm_id":"1263631549","operator":"Transport for London","ref":"A3"}},{"type":"Feature","geometry":{"type":"LineString","coordinates":[[-0.11009,51.48429],[-0.11021,51.48418]]},"properties":{"name":"Kennington Park Road","category":"trunk","osm_type":"way","osm_id":"1263631550","operator":"Transport for London","ref":"A3"}},{"type":"Feature","geometry":{"type":"LineString","coordinates":[[-0.10941,51.48494],[-0.10955,51.48482]]},"properties":{"name":"Kennington Park Road","category":"trunk","osm_type":"way","osm_id":"1263642517","operator":"Transport for London","ref":"A3"}},{"type":"Feature","geometry":{"type":"LineString","coordinates":[[-0.11057,51.48382],[-0.11098,51.48341]]},"properties":{"name":"Kennington Park Road","category":"trunk","osm_type":"way","osm_id":"1263642518","operator":"Transport for London","ref":"A3"}},{"type":"Feature","geometry":{"type":"LineString","coordinates":[[-0.1352,51.43012],[-0.13542,51.43016]]},"properties":{"name":"Tooting Bec Road","category":"trunk","osm_type":"way","osm_id":"1263668579","operator":"Transport for London","ref":"A214"}},{"type":"Feature","geometry":{"type":"LineString","coordinates":[[-0.13508,51.43012],[-0.13519,51.43018]]},"properties":{"name":"Ambleside Avenue","category":"trunk_link","osm_type":"way","osm_id":"1263668581","operator":"Transport for London","ref":"B242"}},{"type":"Feature","geometry":{"type":"LineString","coordinates":[[-0.30262,51.39935],[-0.30264,51.39941]]},"properties":{"name":"A240","category":"primary","osm_type":"way","osm_id":"1263691675","ref":"A240"}},{"type":"Feature","geometry":{"type":"LineString","coordinates":[[-0.30264,51.39941],[-0.3027,51.39952]]},"properties":{"name":"Surbiton Road","category":"primary","osm_type":"way","osm_id":"1263691676","ref":"A240"}},{"type":"Feature","geometry":{"type":"LineString","coordinates":[[-0.16567,51.40602],[-0.16563,51.4061]]},"properties":{"name":"Major roads","category":"primary","osm_type":"way","osm_id":"1263708267"}},{"type":"Feature","geometry":{"type":"LineString","coordinates":[[-0.1655,51.40607],[-0.16567,51.40602]]},"properties":{"name":"Major roads","category":"primary","osm_type":"way","osm_id":"1263708268"}},{"type":"Feature","geometry":{"type":"LineString","coordinates":[[-0.13434,51.48288],[-0.13415,51.48293]]},"properties":{"name":"Nine Elms Lane","category":"trunk","osm_type":"way","osm_id":"1263737316","operator":"Transport for London","ref":"A3205"}},{"type":"Feature","geometry":{"type":"LineString","coordinates":[[-0.13441,51.48286],[-0.13434,51.48288]]},"properties":{"name":"Nine Elms Lane","category":"trunk","osm_type":"way","osm_id":"1263737317","operator":"Transport for London","ref":"A3205"}},{"type":"Feature","geometry":{"type":"LineString","coordinates":[[-0.13405,51.48287],[-0.13463,51.48275]]},"properties":{"name":"Nine Elms Lane","category":"trunk","osm_type":"way","osm_id":"1263737318","operator":"Transport for London","ref":"A3205"}},{"type":"Feature","geometry":{"type":"LineString","coordinates":[[-0.30401,51.48398],[-0.30378,51.48406]]},"properties":{"name":"Brentford High Street","category":"primary","osm_type":"way","osm_id":"1263947115","ref":"A315"}},{"type":"Feature","geometry":{"type":"LineString","coordinates":[[-0.30421,51.48391],[-0.30401,51.48398]]},"properties":{"name":"Brentford High Street","category":"primary","osm_type":"way","osm_id":"1263947117","ref":"A315"}},{"type":"Feature","geometry":{"type":"LineString","coordinates":[[-0.30161,51.48501],[-0.30147,51.48505]]},"properties":{"name":"Brentford High Street","category":"primary","osm_type":"way","osm_id":"1263947122","ref":"A315"}},{"type":"Feature","geometry":{"type":"LineString","coordinates":[[-0.30141,51.48506],[-0.30133,51.48508]]},"properties":{"name":"Brentford High Street","category":"primary","osm_type":"way","osm_id":"1263947125","ref":"A315"}},{"type":"Feature","geometry":{"type":"LineString","coordinates":[[-0.38582,51.47281],[-0.38578,51.4728]]},"properties":{"name":"Bath Road","category":"primary","osm_type":"way","osm_id":"1263954603","ref":"A3006"}},{"type":"Feature","geometry":{"type":"LineString","coordinates":[[-0.38578,51.4728],[-0.38571,51.47278]]},"properties":{"name":"Bath Road","category":"primary","osm_type":"way","osm_id":"1263954604","ref":"A3006"}},{"type":"Feature","geometry":{"type":"LineString","coordinates":[[-0.38626,51.47297],[-0.38614,51.47293]]},"properties":{"name":"Bath Road","category":"primary","osm_type":"way","osm_id":"1263954605","ref":"A3006"}},{"type":"Feature","geometry":{"type":"LineString","coordinates":[[-0.38614,51.47293],[-0.38606,51.4729]]},"properties":{"name":"Bath Road","category":"primary","osm_type":"way","osm_id":"1263954606","ref":"A3006"}},{"type":"Feature","geometry":{"type":"LineString","coordinates":[[-0.38685,51.47316],[-0.38658,51.47307]]},"properties":{"name":"Bath Road","category":"primary","osm_type":"way","osm_id":"1263954607","ref":"A3006"}},{"type":"Feature","geometry":{"type":"LineString","coordinates":[[-0.38658,51.47307],[-0.38649,51.47304]]},"properties":{"name":"Bath Road","category":"primary","osm_type":"way","osm_id":"1263954608","ref":"A3006"}},{"type":"Feature","geometry":{"type":"LineString","coordinates":[[-0.33483,51.47531],[-0.33394,51.47544]]},"properties":{"name":"London Road","category":"primary","osm_type":"way","osm_id":"1263958907","ref":"A315"}},{"type":"Feature","geometry":{"type":"LineString","coordinates":[[-0.33394,51.47544],[-0.33369,51.4755]]},"properties":{"name":"London Road","category":"primary","osm_type":"way","osm_id":"1263958908","ref":"A315"}},{"type":"Feature","geometry":{"type":"LineString","coordinates":[[-0.33369,51.4755],[-0.33324,51.47563]]},"properties":{"name":"London Road","category":"primary","osm_type":"way","osm_id":"1263958909","ref":"A315"}},{"type":"Feature","geometry":{"type":"LineString","coordinates":[[-0.33213,51.47597],[-0.33197,51.47602]]},"properties":{"name":"London Road","category":"primary","osm_type":"way","osm_id":"1263958910","ref":"A315"}},{"type":"Feature","geometry":{"type":"LineString","coordinates":[[-0.3324,51.47589],[-0.33228,51.47592]]},"properties":{"name":"London Road","category":"primary","osm_type":"way","osm_id":"1263958911","ref":"A315"}},{"type":"Feature","geometry":{"type":"LineString","coordinates":[[-0.33279,51.47577],[-0.3324,51.47589]]},"properties":{"name":"London Road","category":"primary","osm_type":"way","osm_id":"1263958912","ref":"A315"}},{"type":"Feature","geometry":{"type":"LineString","coordinates":[[-0.33192,51.47603],[-0.33183,51.47606]]},"properties":{"name":"London Road","category":"primary","osm_type":"way","osm_id":"1263958913","ref":"A315"}},{"type":"Feature","geometry":{"type":"LineString","coordinates":[[-0.33177,51.47608],[-0.33124,51.47625]]},"properties":{"name":"London Road","category":"primary","osm_type":"way","osm_id":"1263958914","ref":"A315"}},{"type":"Feature","geometry":{"type":"LineString","coordinates":[[-0.33124,51.47625],[-0.3309,51.47637]]},"properties":{"name":"London Road","category":"primary","osm_type":"way","osm_id":"1263958915","ref":"A315"}},{"type":"Feature","geometry":{"type":"LineString","coordinates":[[-0.3309,51.47637],[-0.32983,51.47671]]},"properties":{"name":"London Road","category":"primary","osm_type":"way","osm_id":"1263958916","ref":"A315"}},{"type":"Feature","geometry":{"type":"LineString","coordinates":[[-0.32983,51.47671],[-0.32971,51.47675]]},"properties":{"name":"London Road","category":"primary","osm_type":"way","osm_id":"1263958917","ref":"A315"}},{"type":"Feature","geometry":{"type":"LineString","coordinates":[[-0.32971,51.47675],[-0.3293,51.47687]]},"properties":{"name":"London Road","category":"primary","osm_type":"way","osm_id":"1263958918","ref":"A315"}},{"type":"Feature","geometry":{"type":"LineString","coordinates":[[-0.3293,51.47687],[-0.32877,51.47703]]},"properties":{"name":"London Road","category":"primary","osm_type":"way","osm_id":"1263958919","ref":"A315"}},{"type":"Feature","geometry":{"type":"LineString","coordinates":[[-0.32871,51.47705],[-0.32864,51.47707]]},"properties":{"name":"London Road","category":"primary","osm_type":"way","osm_id":"1263958920","ref":"A315"}},{"type":"Feature","geometry":{"type":"LineString","coordinates":[[-0.32864,51.47707],[-0.32858,51.47708]]},"properties":{"name":"London Road","category":"primary","osm_type":"way","osm_id":"1263958921","ref":"A315"}},{"type":"Feature","geometry":{"type":"LineString","coordinates":[[-0.32877,51.47703],[-0.32871,51.47705]]},"properties":{"name":"London Road","category":"primary","osm_type":"way","osm_id":"1263958922","ref":"A315"}},{"type":"Feature","geometry":{"type":"LineString","coordinates":[[-0.32858,51.47708],[-0.32822,51.47719]]},"properties":{"name":"London Road","category":"primary","osm_type":"way","osm_id":"1263958923","ref":"A315"}},{"type":"Feature","geometry":{"type":"LineString","coordinates":[[-0.20442,51.49714],[-0.2045,51.49711]]},"properties":{"name":"Kensington High Street","category":"primary","osm_type":"way","osm_id":"1263967436","ref":"A315"}},{"type":"Feature","geometry":{"type":"LineString","coordinates":[[-0.20499,51.49759],[-0.20469,51.49731]]},"properties":{"name":"Addison Road","category":"trunk","osm_type":"way","osm_id":"1263975581","operator":"Transport for London","ref":"A3220"}},{"type":"Feature","geometry":{"type":"LineString","coordinates":[[-0.20458,51.49718],[-0.2045,51.49711]]},"properties":{"name":"Major roads","category":"trunk","osm_type":"way","osm_id":"1263975582","operator":"Transport for London"}},{"type":"Feature","geometry":{"type":"LineString","coordinates":[[-0.20451,51.4972],[-0.20442,51.49714]]},"properties":{"name":"Major roads","category":"trunk","osm_type":"way","osm_id":"1263975583","operator":"Transport for London"}},{"type":"Feature","geometry":{"type":"LineString","coordinates":[[-0.20469,51.49731],[-0.20458,51.49718]]},"properties":{"name":"Addison Road","category":"trunk","osm_type":"way","osm_id":"1263975584","operator":"Transport for London","ref":"A3220"}},{"type":"Feature","geometry":{"type":"LineString","coordinates":[[-0.20469,51.49731],[-0.20451,51.4972]]},"properties":{"name":"Addison Road","category":"trunk","osm_type":"way","osm_id":"1263975585","operator":"Transport for London","ref":"A3220"}},{"type":"Feature","geometry":{"type":"LineString","coordinates":[[-0.16405,51.40552],[-0.16406,51.40545]]},"properties":{"name":"London Road","category":"primary","osm_type":"way","osm_id":"1264050508"}},{"type":"Feature","geometry":{"type":"LineString","coordinates":[[-0.16456,51.40567],[-0.16412,51.40554]]},"properties":{"name":"Upper Green West","category":"primary","osm_type":"way","osm_id":"1264050509","ref":"A236"}},{"type":"Feature","geometry":{"type":"LineString","coordinates":[[-0.16456,51.40567],[-0.16433,51.40556]]},"properties":{"name":"Upper Green West","category":"primary","osm_type":"way","osm_id":"1264053216","ref":"A236"}},{"type":"Feature","geometry":{"type":"LineString","coordinates":[[-0.16412,51.40554],[-0.16405,51.40552]]},"properties":{"name":"Major roads","category":"primary","osm_type":"way","osm_id":"1264055155"}},{"type":"Feature","geometry":{"type":"LineString","coordinates":[[-0.16416,51.40549],[-0.16412,51.40554]]},"properties":{"name":"London Road","category":"primary_link","osm_type":"way","osm_id":"1264055156"}},{"type":"Feature","geometry":{"type":"LineString","coordinates":[[-0.11225,51.49855],[-0.11221,51.49847]]},"properties":{"name":"Kennington Road","category":"primary","osm_type":"way","osm_id":"1264061866","ref":"A23"}},{"type":"Feature","geometry":{"type":"LineString","coordinates":[[-0.11211,51.49821],[-0.11215,51.49815]]},"properties":{"name":"Kennington Road","category":"primary","osm_type":"way","osm_id":"1264061867","ref":"A23"}},{"type":"Feature","geometry":{"type":"LineString","coordinates":[[-0.11215,51.49815],[-0.11222,51.49819]]},"properties":{"name":"Kennington Road","category":"primary","osm_type":"way","osm_id":"1264061868","ref":"A23"}},{"type":"Feature","geometry":{"type":"LineString","coordinates":[[-0.11215,51.49833],[-0.11211,51.49821]]},"properties":{"name":"Kennington Road","category":"primary","osm_type":"way","osm_id":"1264061869","ref":"A23"}},{"type":"Feature","geometry":{"type":"LineString","coordinates":[[-0.16358,51.4053],[-0.16348,51.40526]]},"properties":{"name":"Upper Green East","category":"primary","osm_type":"way","osm_id":"1264089746","ref":"A236"}},{"type":"Feature","geometry":{"type":"LineString","coordinates":[[-0.30426,51.48389],[-0.30423,51.4839]]},"properties":{"name":"Brentford High Street","category":"primary","osm_type":"way","osm_id":"1264381387","ref":"A315"}},{"type":"Feature","geometry":{"type":"LineString","coordinates":[[-0.09864,51.36393],[-0.09866,51.36397]]},"properties":{"name":"South End","category":"primary","osm_type":"way","osm_id":"1264493003","ref":"A235"}},{"type":"Feature","geometry":{"type":"LineString","coordinates":[[-0.93302,51.4043],[-0.93274,51.40425]]},"properties":{"name":"Arborfield Road","category":"primary","osm_type":"way","osm_id":"1265010044","ref":"A327"}},{"type":"Feature","geometry":{"type":"LineString","coordinates":[[-0.93274,51.40425],[-0.93228,51.40416]]},"properties":{"name":"Arborfield Road","category":"primary","osm_type":"way","osm_id":"1265010045","ref":"A327"}},{"type":"Feature","geometry":{"type":"LineString","coordinates":[[-0.26087,51.49245],[-0.26075,51.49245]]},"properties":{"name":"Chiswick High Road","category":"primary","osm_type":"way","osm_id":"1265866136","ref":"A315"}},{"type":"Feature","geometry":{"type":"LineString","coordinates":[[-0.79409,51.2129],[-0.79202,51.21495]]},"properties":{"name":"Farnham Bypass","category":"trunk","osm_type":"way","osm_id":"1268335274","ref":"A31"}},{"type":"Feature","geometry":{"type":"LineString","coordinates":[[-0.29908,51.48578],[-0.29915,51.48576]]},"properties":{"name":"Brentford High Street","category":"primary","osm_type":"way","osm_id":"1268391130","ref":"A315"}},{"type":"Feature","geometry":{"type":"LineString","coordinates":[[-0.29829,51.48612],[-0.2982,51.48615]]},"properties":{"name":"Brentford High Street","category":"primary","osm_type":"way","osm_id":"1268391132","ref":"A315"}},{"type":"Feature","geometry":{"type":"LineString","coordinates":[[-0.29915,51.48576],[-0.2992,51.48574]]},"properties":{"name":"Brentford High Street","category":"primary","osm_type":"way","osm_id":"1268391134","ref":"A315"}},{"type":"Feature","geometry":{"type":"LineString","coordinates":[[-0.96909,51.4123],[-0.96733,51.41206]]},"properties":{"name":"M4","category":"motorway_link","osm_type":"way","osm_id":"1268495697","operator":"National Highways","ref":"M4"}},{"type":"Feature","geometry":{"type":"LineString","coordinates":[[-0.19394,51.22328],[-0.19424,51.22334]]},"properties":{"name":"Woodhatch Road","category":"primary","osm_type":"way","osm_id":"1268546634","ref":"A2044"}},{"type":"Feature","geometry":{"type":"LineString","coordinates":[[-0.1991,51.22323],[-0.19906,51.22296]]},"properties":{"name":"Dovers Green Road","category":"primary","osm_type":"way","osm_id":"1268546635","ref":"A217"}},{"type":"Feature","geometry":{"type":"LineString","coordinates":[[-0.19953,51.22475],[-0.19927,51.22419]]},"properties":{"name":"Cockshot Hill","category":"primary","osm_type":"way","osm_id":"1268546636","ref":"A217"}},{"type":"Feature","geometry":{"type":"LineString","coordinates":[[-0.38726,51.46319],[-0.38708,51.46325]]},"properties":{"name":"Staines Road","category":"primary","osm_type":"way","osm_id":"1270775798","ref":"A315"}},{"type":"Feature","geometry":{"type":"LineString","coordinates":[[-0.38708,51.46325],[-0.38701,51.46326]]},"properties":{"name":"Staines Road","category":"primary","osm_type":"way","osm_id":"1270775799","ref":"A315"}},{"type":"Feature","geometry":{"type":"LineString","coordinates":[[-0.38701,51.46326],[-0.38669,51.46335]]},"properties":{"name":"Staines Road","category":"primary","osm_type":"way","osm_id":"1270775801","ref":"A315"}},{"type":"Feature","geometry":{"type":"LineString","coordinates":[[-0.38669,51.46335],[-0.3866,51.46338]]},"properties":{"name":"Staines Road","category":"primary","osm_type":"way","osm_id":"1270775802","ref":"A315"}},{"type":"Feature","geometry":{"type":"LineString","coordinates":[[-0.38826,51.46289],[-0.38805,51.46296]]},"properties":{"name":"A315","category":"primary","osm_type":"way","osm_id":"1270775803","ref":"A315"}},{"type":"Feature","geometry":{"type":"LineString","coordinates":[[-0.38834,51.46286],[-0.38826,51.46289]]},"properties":{"name":"A315","category":"primary","osm_type":"way","osm_id":"1270775804","ref":"A315"}},{"type":"Feature","geometry":{"type":"LineString","coordinates":[[-0.38871,51.46275],[-0.38862,51.46277]]},"properties":{"name":"Staines Road","category":"primary","osm_type":"way","osm_id":"1270775805","ref":"A315"}},{"type":"Feature","geometry":{"type":"LineString","coordinates":[[-0.38897,51.46266],[-0.38871,51.46275]]},"properties":{"name":"Staines Road","category":"primary","osm_type":"way","osm_id":"1270775806","ref":"A315"}},{"type":"Feature","geometry":{"type":"LineString","coordinates":[[-0.39117,51.46195],[-0.39089,51.46204]]},"properties":{"name":"A315","category":"primary","osm_type":"way","osm_id":"1270775807","ref":"A315"}},{"type":"Feature","geometry":{"type":"LineString","coordinates":[[-0.39125,51.46192],[-0.39117,51.46195]]},"properties":{"name":"A315","category":"primary","osm_type":"way","osm_id":"1270775808","ref":"A315"}},{"type":"Feature","geometry":{"type":"LineString","coordinates":[[-0.39172,51.46177],[-0.39125,51.46192]]},"properties":{"name":"A315","category":"primary","osm_type":"way","osm_id":"1270775809","ref":"A315"}},{"type":"Feature","geometry":{"type":"LineString","coordinates":[[-0.39215,51.46163],[-0.39172,51.46177]]},"properties":{"name":"A315","category":"primary","osm_type":"way","osm_id":"1270775810","ref":"A315"}},{"type":"Feature","geometry":{"type":"LineString","coordinates":[[-0.39237,51.46155],[-0.39215,51.46163]]},"properties":{"name":"A315","category":"primary","osm_type":"way","osm_id":"1270775811","ref":"A315"}},{"type":"Feature","geometry":{"type":"LineString","coordinates":[[-0.39254,51.4615],[-0.39237,51.46155]]},"properties":{"name":"A315","category":"primary","osm_type":"way","osm_id":"1270775812","ref":"A315"}},{"type":"Feature","geometry":{"type":"LineString","coordinates":[[-0.39336,51.46122],[-0.39308,51.46132]]},"properties":{"name":"A315","category":"primary","osm_type":"way","osm_id":"1270775813","ref":"A315"}},{"type":"Feature","geometry":{"type":"LineString","coordinates":[[-0.39308,51.46132],[-0.39296,51.46136]]},"properties":{"name":"A315","category":"primary","osm_type":"way","osm_id":"1270775814","ref":"A315"}},{"type":"Feature","geometry":{"type":"LineString","coordinates":[[-0.39589,51.46039],[-0.39557,51.4605]]},"properties":{"name":"A315","category":"primary","osm_type":"way","osm_id":"1270775815","ref":"A315"}},{"type":"Feature","geometry":{"type":"LineString","coordinates":[[-0.39557,51.4605],[-0.39552,51.46051]]},"properties":{"name":"A315","category":"primary","osm_type":"way","osm_id":"1270775816","ref":"A315"}},{"type":"Feature","geometry":{"type":"LineString","coordinates":[[-0.38428,51.46391],[-0.38416,51.46394]]},"properties":{"name":"Staines Road","category":"primary","osm_type":"way","osm_id":"1270775817","ref":"A315"}},{"type":"Feature","geometry":{"type":"LineString","coordinates":[[-0.38495,51.46375],[-0.3846,51.46384]]},"properties":{"name":"Staines Road","category":"primary","osm_type":"way","osm_id":"1270775818","ref":"A315"}},{"type":"Feature","geometry":{"type":"LineString","coordinates":[[-0.38523,51.46368],[-0.38495,51.46375]]},"properties":{"name":"Staines Road","category":"primary","osm_type":"way","osm_id":"1270775819","ref":"A315"}},{"type":"Feature","geometry":{"type":"LineString","coordinates":[[-0.38332,51.46413],[-0.38297,51.46421]]},"properties":{"name":"Staines Road","category":"primary","osm_type":"way","osm_id":"1270775820","ref":"A315"}},{"type":"Feature","geometry":{"type":"LineString","coordinates":[[-0.38368,51.46405],[-0.38332,51.46413]]},"properties":{"name":"Staines Road","category":"primary","osm_type":"way","osm_id":"1270775821","ref":"A315"}},{"type":"Feature","geometry":{"type":"LineString","coordinates":[[-0.29893,51.48594],[-0.2988,51.48594]]},"properties":{"name":"Brentford High Street","category":"primary","osm_type":"way","osm_id":"1270780037","ref":"A315"}},{"type":"Feature","geometry":{"type":"LineString","coordinates":[[-0.29467,51.48718],[-0.29433,51.48728]]},"properties":{"name":"Brentford High Street","category":"primary","osm_type":"way","osm_id":"1270780399","ref":"A315"}},{"type":"Feature","geometry":{"type":"LineString","coordinates":[[-0.29666,51.48657],[-0.29654,51.4866]]},"properties":{"name":"Brentford High Street","category":"primary","osm_type":"way","osm_id":"1272124661","ref":"A315"}},{"type":"Feature","geometry":{"type":"LineString","coordinates":[[-0.29654,51.4866],[-0.29643,51.48664]]},"properties":{"name":"Brentford High Street","category":"primary","osm_type":"way","osm_id":"1272124662","ref":"A315"}},{"type":"Feature","geometry":{"type":"LineString","coordinates":[[-0.29643,51.48664],[-0.29626,51.48669]]},"properties":{"name":"Brentford High Street","category":"primary","osm_type":"way","osm_id":"1272124663","ref":"A315"}},{"type":"Feature","geometry":{"type":"LineString","coordinates":[[-0.9118,51.01521],[-0.91021,51.01545]]},"properties":{"name":"A272","category":"trunk","osm_type":"way","osm_id":"1272213433","ref":"A272"}},{"type":"Feature","geometry":{"type":"LineString","coordinates":[[-0.91003,51.0152],[-0.91117,51.01517]]},"properties":{"name":"A272","category":"trunk","osm_type":"way","osm_id":"1272213436","ref":"A272"}},{"type":"Feature","geometry":{"type":"LineString","coordinates":[[-0.80285,51.34634],[-0.80197,51.34592]]},"properties":{"name":"Yorktown Road","category":"primary","osm_type":"way","osm_id":"1272268185","ref":"A321"}},{"type":"Feature","geometry":{"type":"LineString","coordinates":[[-0.80326,51.34657],[-0.80285,51.34634]]},"properties":{"name":"Yorktown Road","category":"primary","osm_type":"way","osm_id":"1272268186","ref":"A321"}},{"type":"Feature","geometry":{"type":"LineString","coordinates":[[-0.10211,51.13703],[-0.10392,51.13718]]},"properties":{"name":"Copthorne Common Road","category":"trunk","osm_type":"way","osm_id":"1272534829","ref":"A264"}},{"type":"Feature","geometry":{"type":"LineString","coordinates":[[-0.10197,51.13701],[-0.10211,51.13703]]},"properties":{"name":"Copthorne Common Road","category":"trunk","osm_type":"way","osm_id":"1272534830","ref":"A264"}},{"type":"Feature","geometry":{"type":"LineString","coordinates":[[-0.10392,51.13718],[-0.10504,51.13727]]},"properties":{"name":"Copthorne Common Road","category":"trunk","osm_type":"way","osm_id":"1272534831","ref":"A264"}},{"type":"Feature","geometry":{"type":"LineString","coordinates":[[-0.18783,51.12423],[-0.18786,51.12407]]},"properties":{"name":"London Road","category":"primary","osm_type":"way","osm_id":"1272589997","ref":"A2219"}},{"type":"Feature","geometry":{"type":"LineString","coordinates":[[-0.71938,51.05708],[-0.71967,51.05802]]},"properties":{"name":"Haslemere Road","category":"primary","osm_type":"way","osm_id":"1273626189","ref":"A286"}},{"type":"Feature","geometry":{"type":"LineString","coordinates":[[-0.20946,51.3288],[-0.20924,51.32907]]},"properties":{"name":"Brighton Road","category":"trunk","osm_type":"way","osm_id":"1274172248","ref":"A217"}},{"type":"Feature","geometry":{"type":"LineString","coordinates":[[-0.20903,51.32905],[-0.20929,51.32873]]},"properties":{"name":"Brighton Road","category":"trunk","osm_type":"way","osm_id":"1274172249","ref":"A217"}},{"type":"Feature","geometry":{"type":"LineString","coordinates":[[-0.20975,51.32818],[-0.20998,51.32789]]},"properties":{"name":"Brighton Road","category":"trunk","osm_type":"way","osm_id":"1274172250","ref":"A217"}},{"type":"Feature","geometry":{"type":"LineString","coordinates":[[-0.20929,51.32873],[-0.2094,51.3286]]},"properties":{"name":"Brighton Road","category":"trunk","osm_type":"way","osm_id":"1274172251","ref":"A217"}},{"type":"Feature","geometry":{"type":"LineString","coordinates":[[-0.20146,51.33954],[-0.20175,51.33903]]},"properties":{"name":"Brighton Road","category":"trunk","osm_type":"way","osm_id":"1274172252","ref":"A217"}},{"type":"Feature","geometry":{"type":"LineString","coordinates":[[-0.20195,51.33907],[-0.20183,51.33951]]},"properties":{"name":"Brighton Road","category":"trunk","osm_type":"way","osm_id":"1274172253","ref":"A217"}},{"type":"Feature","geometry":{"type":"LineString","coordinates":[[-0.87298,51.11155],[-0.87495,51.11316]]},"properties":{"name":"Templars Way","category":"primary","osm_type":"way","osm_id":"1274191566","ref":"A325"}},{"type":"Feature","geometry":{"type":"LineString","coordinates":[[-0.87126,51.11012],[-0.87204,51.11072]]},"properties":{"name":"Templars Way","category":"primary","osm_type":"way","osm_id":"1274191567","ref":"A325"}},{"type":"Feature","geometry":{"type":"LineString","coordinates":[[-0.87298,51.11155],[-0.87205,51.11085]]},"properties":{"name":"Templars Way","category":"primary","osm_type":"way","osm_id":"1274191568","ref":"A325"}},{"type":"Feature","geometry":{"type":"LineString","coordinates":[[-0.87195,51.11077],[-0.87126,51.11012]]},"properties":{"name":"Templars Way","category":"primary","osm_type":"way","osm_id":"1274191572","ref":"A325"}},{"type":"Feature","geometry":{"type":"LineString","coordinates":[[-0.87204,51.11072],[-0.87214,51.11081]]},"properties":{"name":"Templars Way","category":"primary","osm_type":"way","osm_id":"1274191574","ref":"A325"}},{"type":"Feature","geometry":{"type":"LineString","coordinates":[[-0.87205,51.11085],[-0.87195,51.11077]]},"properties":{"name":"Templars Way","category":"primary","osm_type":"way","osm_id":"1274191579","ref":"A325"}},{"type":"Feature","geometry":{"type":"LineString","coordinates":[[-0.87214,51.11081],[-0.87298,51.11155]]},"properties":{"name":"Templars Way","category":"primary","osm_type":"way","osm_id":"1274191582","ref":"A325"}},{"type":"Feature","geometry":{"type":"LineString","coordinates":[[-0.18865,51.08829],[-0.1926,51.08758]]},"properties":{"name":"M23","category":"motorway_link","osm_type":"way","osm_id":"1274254331","operator":"National Highways","ref":"M23"}},{"type":"Feature","geometry":{"type":"LineString","coordinates":[[-0.31614,51.17899],[-0.31623,51.17939]]},"properties":{"name":"Horsham Road","category":"trunk","osm_type":"way","osm_id":"1274259820","ref":"A24"}},{"type":"Feature","geometry":{"type":"LineString","coordinates":[[-0.31623,51.17939],[-0.31629,51.1796]]},"properties":{"name":"Horsham Road","category":"trunk","osm_type":"way","osm_id":"1274259821","ref":"A24"}},{"type":"Feature","geometry":{"type":"LineString","coordinates":[[-0.31629,51.1796],[-0.31633,51.17973]]},"properties":{"name":"Horsham Road","category":"trunk","osm_type":"way","osm_id":"1274259822","ref":"A24"}},{"type":"Feature","geometry":{"type":"LineString","coordinates":[[-0.99902,51.27308],[-0.99625,51.27318]]},"properties":{"name":"London Road","category":"primary","osm_type":"way","osm_id":"1274443026","ref":"A30"}},{"type":"Feature","geometry":{"type":"LineString","coordinates":[[-0.89991,51.05884],[-0.8996,51.05915]]},"properties":{"name":"Liphook and Petersfield Bypass","category":"trunk","osm_type":"way","osm_id":"1275371669","operator":"National Highways","ref":"A3"}},{"type":"Feature","geometry":{"type":"LineString","coordinates":[[-0.90356,51.05606],[-0.89991,51.05884]]},"properties":{"name":"Liphook and Petersfield Bypass","category":"trunk","osm_type":"way","osm_id":"1275371670","operator":"National Highways","ref":"A3"}},{"type":"Feature","geometry":{"type":"LineString","coordinates":[[-0.89832,51.05953],[-0.89879,51.05915]]},"properties":{"name":"Liphook and Petersfield Bypass","category":"trunk","osm_type":"way","osm_id":"1275371671","operator":"National Highways","ref":"A3"}},{"type":"Feature","geometry":{"type":"LineString","coordinates":[[-0.8942,51.06208],[-0.89832,51.05953]]},"properties":{"name":"Liphook and Petersfield Bypass","category":"trunk","osm_type":"way","osm_id":"1275371672","operator":"National Highways","ref":"A3"}},{"type":"Feature","geometry":{"type":"LineString","coordinates":[[-0.87066,51.10062],[-0.87194,51.10464]]},"properties":{"name":"Templars Way","category":"primary","osm_type":"way","osm_id":"1275414769","ref":"A325"}},{"type":"Feature","geometry":{"type":"LineString","coordinates":[[-0.87016,51.0996],[-0.8704,51.09993]]},"properties":{"name":"Major roads","category":"primary","osm_type":"way","osm_id":"1275746433"}},{"type":"Feature","geometry":{"type":"LineString","coordinates":[[-0.86997,51.09973],[-0.86978,51.09955]]},"properties":{"name":"Major roads","category":"primary","osm_type":"way","osm_id":"1275746435"}},{"type":"Feature","geometry":{"type":"LineString","coordinates":[[-0.87024,51.10015],[-0.87013,51.10002]]},"properties":{"name":"Major roads","category":"primary","osm_type":"way","osm_id":"1275746438"}},{"type":"Feature","geometry":{"type":"LineString","coordinates":[[-0.8704,51.09993],[-0.87049,51.10003]]},"properties":{"name":"Major roads","category":"primary","osm_type":"way","osm_id":"1275746441"}},{"type":"Feature","geometry":{"type":"LineString","coordinates":[[-0.87013,51.10002],[-0.86997,51.09973]]},"properties":{"name":"Major roads","category":"primary","osm_type":"way","osm_id":"1275746442"}},{"type":"Feature","geometry":{"type":"LineString","coordinates":[[-0.87027,51.10015],[-0.87024,51.10015]]},"properties":{"name":"Major roads","category":"primary","osm_type":"way","osm_id":"1275746443"}},{"type":"Feature","geometry":{"type":"LineString","coordinates":[[-0.87049,51.10006],[-0.87027,51.10015]]},"properties":{"name":"Major roads","category":"primary","osm_type":"way","osm_id":"1275746444"}},{"type":"Feature","geometry":{"type":"LineString","coordinates":[[-0.87049,51.10003],[-0.87049,51.10006]]},"properties":{"name":"Major roads","category":"primary","osm_type":"way","osm_id":"1275746445"}},{"type":"Feature","geometry":{"type":"LineString","coordinates":[[-0.86995,51.09947],[-0.87048,51.09923]]},"properties":{"name":"Petersfield Road","category":"primary","osm_type":"way","osm_id":"1275746450","ref":"A325"}},{"type":"Feature","geometry":{"type":"LineString","coordinates":[[-0.86995,51.09947],[-0.87016,51.0996]]},"properties":{"name":"Major roads","category":"primary","osm_type":"way","osm_id":"1275753062"}},{"type":"Feature","geometry":{"type":"LineString","coordinates":[[-0.86978,51.09955],[-0.86995,51.09947]]},"properties":{"name":"Major roads","category":"primary","osm_type":"way","osm_id":"1275753063"}},{"type":"Feature","geometry":{"type":"LineString","coordinates":[[-0.87066,51.10062],[-0.87042,51.10028]]},"properties":{"name":"Templars Way","category":"primary","osm_type":"way","osm_id":"1275766081","ref":"A325"}},{"type":"Feature","geometry":{"type":"LineString","coordinates":[[-0.87648,51.11488],[-0.8754,51.11781]]},"properties":{"name":"Templars Way","category":"primary","osm_type":"way","osm_id":"1275770338","ref":"A325"}},{"type":"Feature","geometry":{"type":"LineString","coordinates":[[-0.87643,51.11464],[-0.87648,51.11488]]},"properties":{"name":"Templars Way","category":"primary","osm_type":"way","osm_id":"1275770341","ref":"A325"}},{"type":"Feature","geometry":{"type":"LineString","coordinates":[[-0.65609,51.17632],[-0.65158,51.18058]]},"properties":{"name":"Milford By-Pass","category":"trunk","osm_type":"way","osm_id":"1275876028","operator":"National Highways","ref":"A3"}},{"type":"Feature","geometry":{"type":"LineString","coordinates":[[-0.65698,51.17531],[-0.65609,51.17632]]},"properties":{"name":"Milford By-Pass","category":"trunk","osm_type":"way","osm_id":"1275876029","operator":"National Highways","ref":"A3"}},{"type":"Feature","geometry":{"type":"LineString","coordinates":[[-0.65116,51.18227],[-0.65116,51.18254]]},"properties":{"name":"Milford By-Pass","category":"trunk","osm_type":"way","osm_id":"1275876031","operator":"National Highways","ref":"A3"}},{"type":"Feature","geometry":{"type":"LineString","coordinates":[[-0.65138,51.18513],[-0.65112,51.18528]]},"properties":{"name":"Major roads","category":"trunk_link","osm_type":"way","osm_id":"1275876034"}},{"type":"Feature","geometry":{"type":"LineString","coordinates":[[-0.65112,51.18501],[-0.65138,51.18513]]},"properties":{"name":"Major roads","category":"trunk_link","osm_type":"way","osm_id":"1275876035"}},{"type":"Feature","geometry":{"type":"LineString","coordinates":[[-0.14401,51.23789],[-0.14342,51.23795]]},"properties":{"name":"Nutfield Road","category":"primary","osm_type":"way","osm_id":"1276356361","ref":"A25"}},{"type":"Feature","geometry":{"type":"LineString","coordinates":[[-0.33042,51.14974],[-0.32752,51.14608]]},"properties":{"name":"Capel Bypass","category":"trunk","osm_type":"way","osm_id":"1276363340","ref":"A24"}},{"type":"Feature","geometry":{"type":"LineString","coordinates":[[-0.33052,51.14986],[-0.33042,51.14974]]},"properties":{"name":"Capel Bypass","category":"trunk","osm_type":"way","osm_id":"1276363341","ref":"A24"}},{"type":"Feature","geometry":{"type":"LineString","coordinates":[[-0.60114,51.23838],[-0.5998,51.24068]]},"properties":{"name":"Guildford and Godalming Bypass","category":"trunk","osm_type":"way","osm_id":"1276432192","operator":"National Highways","ref":"A3"}},{"type":"Feature","geometry":{"type":"LineString","coordinates":[[-0.60143,51.23758],[-0.60114,51.23838]]},"properties":{"name":"Guildford and Godalming Bypass","category":"trunk","osm_type":"way","osm_id":"1276432193","operator":"National Highways","ref":"A3"}},{"type":"Feature","geometry":{"type":"LineString","coordinates":[[-0.57208,51.24918],[-0.57123,51.24912]]},"properties":{"name":"A3","category":"trunk","osm_type":"way","osm_id":"1276447127","operator":"National Highways","ref":"A3"}},{"type":"Feature","geometry":{"type":"LineString","coordinates":[[-0.57205,51.24923],[-0.57123,51.24912]]},"properties":{"name":"Major roads","category":"trunk_link","osm_type":"way","osm_id":"1276447128","operator":"National Highways"}},{"type":"Feature","geometry":{"type":"LineString","coordinates":[[-0.97732,51.45256],[-0.97711,51.45231]]},"properties":{"name":"Castle Hill Roundabout","category":"primary","osm_type":"way","osm_id":"1276574421"}},{"type":"Feature","geometry":{"type":"LineString","coordinates":[[-0.97507,51.46156],[-0.97493,51.46178]]},"properties":{"name":"Caversham Road","category":"primary","osm_type":"way","osm_id":"1276574422","ref":"A329"}},{"type":"Feature","geometry":{"type":"LineString","coordinates":[[-0.37274,51.45714],[-0.37244,51.45713]]},"properties":{"name":"Major roads","category":"primary_link","osm_type":"way","osm_id":"1276694846"}},{"type":"Feature","geometry":{"type":"LineString","coordinates":[[-0.37247,51.45677],[-0.37282,51.45676]]},"properties":{"name":"Major roads","category":"primary_link","osm_type":"way","osm_id":"1276695548"}},{"type":"Feature","geometry":{"type":"LineString","coordinates":[[-0.27805,51.46897],[-0.27802,51.46886]]},"properties":{"name":"Major roads","category":"trunk_link","osm_type":"way","osm_id":"1276725525"}},{"type":"Feature","geometry":{"type":"LineString","coordinates":[[-0.82255,51.00166],[-0.82691,51.00261]]},"properties":{"name":"A272","category":"trunk","osm_type":"way","osm_id":"1277860325","ref":"A272"}},{"type":"Feature","geometry":{"type":"LineString","coordinates":[[-0.82172,51.00143],[-0.82255,51.00166]]},"properties":{"name":"A272","category":"trunk","osm_type":"way","osm_id":"1277860326","ref":"A272"}},{"type":"Feature","geometry":{"type":"LineString","coordinates":[[-0.82691,51.00261],[-0.82977,51.00338]]},"properties":{"name":"A272","category":"trunk","osm_type":"way","osm_id":"1277860328","ref":"A272"}},{"type":"Feature","geometry":{"type":"LineString","coordinates":[[-0.15334,51.36745],[-0.15369,51.36719]]},"properties":{"name":"Major roads","category":"trunk_link","osm_type":"way","osm_id":"1278061447"}},{"type":"Feature","geometry":{"type":"LineString","coordinates":[[-0.34248,51.39786],[-0.34272,51.39615]]},"properties":{"name":"Hampton Court Way","category":"trunk","osm_type":"way","osm_id":"1278084176","ref":"A309"}},{"type":"Feature","geometry":{"type":"LineString","coordinates":[[-0.34251,51.39811],[-0.34264,51.39811]]},"properties":{"name":"Summer Road","category":"trunk_link","osm_type":"way","osm_id":"1278084179"}},{"type":"Feature","geometry":{"type":"LineString","coordinates":[[-0.34264,51.39811],[-0.34263,51.39853]]},"properties":{"name":"Hampton Court Way","category":"trunk","osm_type":"way","osm_id":"1278084180","ref":"A309"}},{"type":"Feature","geometry":{"type":"LineString","coordinates":[[-0.3065,51.08788],[-0.30892,51.08813]]},"properties":{"name":"A264","category":"trunk","osm_type":"way","osm_id":"1278164948","ref":"A264"}},{"type":"Feature","geometry":{"type":"LineString","coordinates":[[-0.2105,51.32714],[-0.21034,51.32713]]},"properties":{"name":"Major roads","category":"trunk_link","osm_type":"way","osm_id":"1278386581"}},{"type":"Feature","geometry":{"type":"LineString","coordinates":[[-0.04209,51.14521],[-0.04209,51.14525]]},"properties":{"name":"Woodcock Hill","category":"trunk","osm_type":"way","osm_id":"1278583986","ref":"A22"}},{"type":"Feature","geometry":{"type":"LineString","coordinates":[[-0.97771,51.13616],[-0.97868,51.1366]]},"properties":{"name":"Selborne Road","category":"primary","osm_type":"way","osm_id":"1278600773","ref":"A339"}},{"type":"Feature","geometry":{"type":"LineString","coordinates":[[-0.64566,51.19766],[-0.64572,51.1974]]},"properties":{"name":"Major roads","category":"trunk_link","osm_type":"way","osm_id":"1279901694","operator":"National Highways"}},{"type":"Feature","geometry":{"type":"LineString","coordinates":[[-0.64571,51.19766],[-0.64572,51.1974]]},"properties":{"name":"Guildford and Godalming Bypass","category":"trunk","osm_type":"way","osm_id":"1279901695","operator":"National Highways","ref":"A3"}},{"type":"Feature","geometry":{"type":"LineString","coordinates":[[-0.79552,51.08678],[-0.7951,51.08662]]},"properties":{"name":"Major roads","category":"trunk_link","osm_type":"way","osm_id":"1279904990","operator":"National Highways"}},{"type":"Feature","geometry":{"type":"LineString","coordinates":[[-0.79702,51.08514],[-0.79604,51.08527]]},"properties":{"name":"Major roads","category":"trunk_link","osm_type":"way","osm_id":"1279904991","operator":"National Highways"}},{"type":"Feature","geometry":{"type":"LineString","coordinates":[[-0.3522,51.4712],[-0.35235,51.47114]]},"properties":{"name":"London Road","category":"primary","osm_type":"way","osm_id":"1280137231","ref":"A315"}},{"type":"Feature","geometry":{"type":"LineString","coordinates":[[-0.35238,51.4712],[-0.3522,51.4712]]},"properties":{"name":"London Road","category":"primary","osm_type":"way","osm_id":"1280137232","ref":"A315"}},{"type":"Feature","geometry":{"type":"LineString","coordinates":[[-0.35235,51.47114],[-0.3538,51.47084]]},"properties":{"name":"London Road","category":"primary","osm_type":"way","osm_id":"1280137233","ref":"A315"}},{"type":"Feature","geometry":{"type":"LineString","coordinates":[[-0.3538,51.47084],[-0.35389,51.47081]]},"properties":{"name":"London Road","category":"primary","osm_type":"way","osm_id":"1280137234","ref":"A315"}},{"type":"Feature","geometry":{"type":"LineString","coordinates":[[-0.35389,51.47081],[-0.354,51.47078]]},"properties":{"name":"High Street","category":"primary","osm_type":"way","osm_id":"1280137235","ref":"A315"}},{"type":"Feature","geometry":{"type":"LineString","coordinates":[[-0.354,51.47078],[-0.35417,51.47073]]},"properties":{"name":"High Street","category":"primary","osm_type":"way","osm_id":"1280137236","ref":"A315"}},{"type":"Feature","geometry":{"type":"LineString","coordinates":[[-0.35417,51.47073],[-0.35475,51.47054]]},"properties":{"name":"High Street","category":"primary","osm_type":"way","osm_id":"1280137237","ref":"A315"}},{"type":"Feature","geometry":{"type":"LineString","coordinates":[[-0.35475,51.47054],[-0.35499,51.47048]]},"properties":{"name":"High Street","category":"primary","osm_type":"way","osm_id":"1280137238","ref":"A315"}},{"type":"Feature","geometry":{"type":"LineString","coordinates":[[-0.97644,51.40748],[-0.97616,51.40769]]},"properties":{"name":"A33","category":"trunk","osm_type":"way","osm_id":"1280658868","ref":"A33"}},{"type":"Feature","geometry":{"type":"LineString","coordinates":[[-0.97853,51.40568],[-0.97991,51.40451]]},"properties":{"name":"A33","category":"trunk","osm_type":"way","osm_id":"1280658869","ref":"A33"}},{"type":"Feature","geometry":{"type":"LineString","coordinates":[[-0.28325,51.4911],[-0.28508,51.49027]]},"properties":{"name":"Chiswick High Road","category":"trunk","osm_type":"way","osm_id":"1280811480","operator":"Transport for London","ref":"A205"}},{"type":"Feature","geometry":{"type":"LineString","coordinates":[[-0.18822,51.48098],[-0.18845,51.48081]]},"properties":{"name":"Fulham Road","category":"primary","osm_type":"way","osm_id":"1280851110","ref":"A304"}},{"type":"Feature","geometry":{"type":"LineString","coordinates":[[-0.87481,51.11881],[-0.87485,51.11873]]},"properties":{"name":"A325","category":"primary","osm_type":"way","osm_id":"1281838686","ref":"A325"}},{"type":"Feature","geometry":{"type":"LineString","coordinates":[[-0.87509,51.11873],[-0.87505,51.11881]]},"properties":{"name":"A325","category":"primary","osm_type":"way","osm_id":"1281838687","ref":"A325"}},{"type":"Feature","geometry":{"type":"LineString","coordinates":[[-0.87469,51.11939],[-0.87417,51.11984]]},"properties":{"name":"Louisburg Avenue","category":"primary","osm_type":"way","osm_id":"1281838711","ref":"A325"}},{"type":"Feature","geometry":{"type":"LineString","coordinates":[[-0.87417,51.11984],[-0.87437,51.11958]]},"properties":{"name":"Louisburg Avenue","category":"primary","osm_type":"way","osm_id":"1281838712","ref":"A325"}},{"type":"Feature","geometry":{"type":"LineString","coordinates":[[-0.87437,51.11958],[-0.8745,51.1194]]},"properties":{"name":"Louisburg Avenue","category":"primary","osm_type":"way","osm_id":"1281838713","ref":"A325"}}]}