{"type":"FeatureCollection","features":[{"type":"Feature","geometry":{"type":"LineString","coordinates":[[-0.24922,50.84243],[-0.24897,50.84243]]},"properties":{"name":"Major roads","category":"primary","osm_type":"way","osm_id":"952700919"}},{"type":"Feature","geometry":{"type":"LineString","coordinates":[[-0.24991,50.84204],[-0.24922,50.84243]]},"properties":{"name":"Major roads","category":"primary","osm_type":"way","osm_id":"952700920"}},{"type":"Feature","geometry":{"type":"LineString","coordinates":[[-0.24991,50.84183],[-0.24991,50.84204]]},"properties":{"name":"Major roads","category":"primary","osm_type":"way","osm_id":"952700921"}},{"type":"Feature","geometry":{"type":"LineString","coordinates":[[-0.24954,50.84148],[-0.24991,50.84183]]},"properties":{"name":"Major roads","category":"primary","osm_type":"way","osm_id":"952700922"}},{"type":"Feature","geometry":{"type":"LineString","coordinates":[[-0.27869,50.83261],[-0.27852,50.83253]]},"properties":{"name":"Major roads","category":"primary","osm_type":"way","osm_id":"952700923"}},{"type":"Feature","geometry":{"type":"LineString","coordinates":[[-0.29994,50.87504],[-0.29993,50.87493]]},"properties":{"name":"Major roads","category":"trunk","osm_type":"way","osm_id":"952700924"}},{"type":"Feature","geometry":{"type":"LineString","coordinates":[[-0.30012,50.8751],[-0.29994,50.87504]]},"properties":{"name":"Major roads","category":"trunk","osm_type":"way","osm_id":"952700925"}},{"type":"Feature","geometry":{"type":"LineString","coordinates":[[-0.31657,50.88203],[-0.31661,50.88188]]},"properties":{"name":"Major roads","category":"trunk","osm_type":"way","osm_id":"952700926"}},{"type":"Feature","geometry":{"type":"LineString","coordinates":[[-0.17911,50.83901],[-0.17894,50.83899]]},"properties":{"name":"Old Shoreham Road","category":"primary","osm_type":"way","osm_id":"952703574","ref":"A270"}},{"type":"Feature","geometry":{"type":"LineString","coordinates":[[-0.14172,50.82845],[-0.14162,50.8284]]},"properties":{"name":"Junction Road","category":"primary","osm_type":"way","osm_id":"952707963","ref":"A2010"}},{"type":"Feature","geometry":{"type":"LineString","coordinates":[[-0.20843,50.84693],[-0.20854,50.84704]]},"properties":{"name":"Major roads","category":"trunk","osm_type":"way","osm_id":"952707968"}},{"type":"Feature","geometry":{"type":"LineString","coordinates":[[-0.20835,50.84691],[-0.20843,50.84693]]},"properties":{"name":"Major roads","category":"trunk","osm_type":"way","osm_id":"952707969"}},{"type":"Feature","geometry":{"type":"LineString","coordinates":[[-0.20813,50.84697],[-0.20835,50.84691]]},"properties":{"name":"Major roads","category":"trunk","osm_type":"way","osm_id":"952707970"}},{"type":"Feature","geometry":{"type":"LineString","coordinates":[[-0.20629,50.8401],[-0.20632,50.83997]]},"properties":{"name":"Major roads","category":"trunk","osm_type":"way","osm_id":"952707972"}},{"type":"Feature","geometry":{"type":"LineString","coordinates":[[-0.20639,50.84018],[-0.20629,50.8401]]},"properties":{"name":"Major roads","category":"trunk","osm_type":"way","osm_id":"952707973"}},{"type":"Feature","geometry":{"type":"LineString","coordinates":[[-0.20662,50.84019],[-0.20639,50.84018]]},"properties":{"name":"Major roads","category":"trunk","osm_type":"way","osm_id":"952707974"}},{"type":"Feature","geometry":{"type":"LineString","coordinates":[[-0.13655,50.81968],[-0.13678,50.81999]]},"properties":{"name":"Old Steine","category":"trunk","osm_type":"way","osm_id":"952716370","ref":"A23"}},{"type":"Feature","geometry":{"type":"LineString","coordinates":[[-0.14162,50.8284],[-0.14143,50.82836]]},"properties":{"name":"Junction Road","category":"primary","osm_type":"way","osm_id":"952716380","ref":"A2010"}},{"type":"Feature","geometry":{"type":"LineString","coordinates":[[-0.14173,50.82861],[-0.14172,50.82872]]},"properties":{"name":"Surrey Street","category":"primary","osm_type":"way","osm_id":"952716381","ref":"A2010"}},{"type":"Feature","geometry":{"type":"LineString","coordinates":[[-0.14722,50.8309],[-0.14747,50.83076]]},"properties":{"name":"Dyke Road","category":"primary","osm_type":"way","osm_id":"952716382"}},{"type":"Feature","geometry":{"type":"LineString","coordinates":[[-0.1474,50.83098],[-0.14722,50.8309]]},"properties":{"name":"Dyke Road","category":"primary","osm_type":"way","osm_id":"952716383"}},{"type":"Feature","geometry":{"type":"LineString","coordinates":[[-0.14761,50.83089],[-0.1474,50.83098]]},"properties":{"name":"Dyke Road","category":"primary","osm_type":"way","osm_id":"952716384"}},{"type":"Feature","geometry":{"type":"LineString","coordinates":[[-0.14766,50.83082],[-0.14761,50.83089]]},"properties":{"name":"Dyke Road","category":"primary","osm_type":"way","osm_id":"952716385"}},{"type":"Feature","geometry":{"type":"LineString","coordinates":[[-0.15172,50.8218],[-0.15251,50.82199]]},"properties":{"name":"King's Road","category":"primary","osm_type":"way","osm_id":"952775357","ref":"A259"}},{"type":"Feature","geometry":{"type":"LineString","coordinates":[[-0.13824,50.81943],[-0.13781,50.81945]]},"properties":{"name":"Grand Junction Road","category":"primary","osm_type":"way","osm_id":"952775358","ref":"A259"}},{"type":"Feature","geometry":{"type":"LineString","coordinates":[[-0.17548,50.85817],[-0.1753,50.8583]]},"properties":{"name":"Major roads","category":"primary","osm_type":"way","osm_id":"952775362"}},{"type":"Feature","geometry":{"type":"LineString","coordinates":[[-0.17526,50.85778],[-0.17548,50.85817]]},"properties":{"name":"Major roads","category":"primary","osm_type":"way","osm_id":"952775363"}},{"type":"Feature","geometry":{"type":"LineString","coordinates":[[-0.17459,50.85796],[-0.17479,50.85779]]},"properties":{"name":"Major roads","category":"primary","osm_type":"way","osm_id":"952775364"}},{"type":"Feature","geometry":{"type":"LineString","coordinates":[[-0.17667,50.85902],[-0.17698,50.85918]]},"properties":{"name":"Major roads","category":"primary","osm_type":"way","osm_id":"952775365"}},{"type":"Feature","geometry":{"type":"LineString","coordinates":[[-0.17654,50.85909],[-0.17667,50.85902]]},"properties":{"name":"Major roads","category":"primary","osm_type":"way","osm_id":"952775366"}},{"type":"Feature","geometry":{"type":"LineString","coordinates":[[-0.17698,50.85918],[-0.17687,50.85928]]},"properties":{"name":"Major roads","category":"primary","osm_type":"way","osm_id":"952775367"}},{"type":"Feature","geometry":{"type":"LineString","coordinates":[[-0.1423,50.82614],[-0.14181,50.82718]]},"properties":{"name":"Queen's Road","category":"primary","osm_type":"way","osm_id":"952816469","ref":"A2010"}},{"type":"Feature","geometry":{"type":"LineString","coordinates":[[-0.13421,50.83163],[-0.13423,50.83153]]},"properties":{"name":"Ditchling Road","category":"trunk","osm_type":"way","osm_id":"952816471","ref":"A23"}},{"type":"Feature","geometry":{"type":"LineString","coordinates":[[-0.1588,50.96796],[-0.15854,50.96766]]},"properties":{"name":"Dumbrells Farm Way","category":"primary","osm_type":"way","osm_id":"952898835","ref":"A2300"}},{"type":"Feature","geometry":{"type":"LineString","coordinates":[[-0.53764,50.82127],[-0.53746,50.82111]]},"properties":{"name":"Nightingale Way","category":"primary","osm_type":"way","osm_id":"952978409","ref":"A284"}},{"type":"Feature","geometry":{"type":"LineString","coordinates":[[-0.10619,50.81464],[-0.10575,50.81471]]},"properties":{"name":"Marine Drive","category":"primary","osm_type":"way","osm_id":"952996529","ref":"A259"}},{"type":"Feature","geometry":{"type":"LineString","coordinates":[[-0.02235,50.79596],[-0.01589,50.79427]]},"properties":{"name":"South Coast Road","category":"primary","osm_type":"way","osm_id":"952996530","ref":"A259"}},{"type":"Feature","geometry":{"type":"LineString","coordinates":[[-0.00462,50.79216],[-0.00452,50.79204]]},"properties":{"name":"Major roads","category":"primary","osm_type":"way","osm_id":"952996535"}},{"type":"Feature","geometry":{"type":"LineString","coordinates":[[-0.1476,50.83075],[-0.14766,50.83082]]},"properties":{"name":"Dyke Road","category":"primary","osm_type":"way","osm_id":"953010805"}},{"type":"Feature","geometry":{"type":"LineString","coordinates":[[-0.14183,50.8284],[-0.14172,50.82845]]},"properties":{"name":"Surrey Street","category":"primary","osm_type":"way","osm_id":"953010806","ref":"A2010"}},{"type":"Feature","geometry":{"type":"LineString","coordinates":[[-0.7964,50.83469],[-0.79675,50.83449]]},"properties":{"name":"Cathedral Way","category":"primary","osm_type":"way","osm_id":"953565463","ref":"A259"}},{"type":"Feature","geometry":{"type":"LineString","coordinates":[[-0.18029,50.84608],[-0.18002,50.84595]]},"properties":{"name":"Nevill Road","category":"primary","osm_type":"way","osm_id":"954013877","ref":"A2023"}},{"type":"Feature","geometry":{"type":"LineString","coordinates":[[-0.17802,50.84149],[-0.17802,50.84131]]},"properties":{"name":"Nevill Road","category":"primary","osm_type":"way","osm_id":"954013878","ref":"A2023"}},{"type":"Feature","geometry":{"type":"LineString","coordinates":[[-0.19304,50.84474],[-0.19352,50.84465]]},"properties":{"name":"Hangleton Road","category":"primary","osm_type":"way","osm_id":"954029915","ref":"A2038"}},{"type":"Feature","geometry":{"type":"LineString","coordinates":[[-0.1942,50.8445],[-0.19455,50.84444]]},"properties":{"name":"Hangleton Road","category":"primary","osm_type":"way","osm_id":"954029917","ref":"A2038"}},{"type":"Feature","geometry":{"type":"LineString","coordinates":[[-0.31661,50.88188],[-0.31689,50.88181]]},"properties":{"name":"Major roads","category":"trunk","osm_type":"way","osm_id":"955272230"}},{"type":"Feature","geometry":{"type":"LineString","coordinates":[[-0.29489,50.87836],[-0.29592,50.87856]]},"properties":{"name":"Henfield Road","category":"primary","osm_type":"way","osm_id":"955272231","ref":"A2037"}},{"type":"Feature","geometry":{"type":"LineString","coordinates":[[-0.16616,50.83744],[-0.16847,50.83814]]},"properties":{"name":"Old Shoreham Road","category":"primary","osm_type":"way","osm_id":"955272247","ref":"A270"}},{"type":"Feature","geometry":{"type":"LineString","coordinates":[[-0.53653,50.81175],[-0.53641,50.81158]]},"properties":{"name":"Fitzalan Road","category":"primary","osm_type":"way","osm_id":"955754617","ref":"A284"}},{"type":"Feature","geometry":{"type":"LineString","coordinates":[[-0.5366,50.81156],[-0.53653,50.81175]]},"properties":{"name":"Fitzalan Road","category":"primary","osm_type":"way","osm_id":"955754624","ref":"A284"}},{"type":"Feature","geometry":{"type":"LineString","coordinates":[[-0.13705,50.97535],[-0.13329,50.97728],[-0.13217,50.97909]]},"properties":{"name":"Isaac's Lane","category":"primary","osm_type":"way","osm_id":"956421467","ref":"A273"}},{"type":"Feature","geometry":{"type":"LineString","coordinates":[[-0.78817,50.82412],[-0.79133,50.82268]]},"properties":{"name":"Birdham Road","category":"primary","osm_type":"way","osm_id":"956958761","ref":"A286"}},{"type":"Feature","geometry":{"type":"LineString","coordinates":[[-0.51992,50.82338],[-0.5203,50.82327]]},"properties":{"name":"Rustington Bypass","category":"primary","osm_type":"way","osm_id":"958923438","ref":"A259"}},{"type":"Feature","geometry":{"type":"LineString","coordinates":[[-0.4719,50.81843],[-0.46923,50.81846]]},"properties":{"name":"Roundstone Bypass","category":"primary","osm_type":"way","osm_id":"958923471","ref":"A259"}},{"type":"Feature","geometry":{"type":"LineString","coordinates":[[-0.66812,50.80392],[-0.66767,50.80393]]},"properties":{"name":"Rowan Way","category":"trunk","osm_type":"way","osm_id":"959102079","ref":"A259"}},{"type":"Feature","geometry":{"type":"LineString","coordinates":[[-0.67043,50.80354],[-0.66935,50.80373]]},"properties":{"name":"Rowan Way","category":"trunk","osm_type":"way","osm_id":"959102080","ref":"A259"}},{"type":"Feature","geometry":{"type":"LineString","coordinates":[[-0.569,50.80847],[-0.56828,50.80847]]},"properties":{"name":"Bridge Road","category":"primary","osm_type":"way","osm_id":"959102104","ref":"A259"}},{"type":"Feature","geometry":{"type":"LineString","coordinates":[[-0.57501,50.80836],[-0.56955,50.80848]]},"properties":{"name":"Bridge Road","category":"primary","osm_type":"way","osm_id":"959102105","ref":"A259"}},{"type":"Feature","geometry":{"type":"LineString","coordinates":[[-0.6198,50.80224],[-0.61799,50.80251]]},"properties":{"name":"Worms Lane","category":"primary","osm_type":"way","osm_id":"959102155","ref":"A259"}},{"type":"Feature","geometry":{"type":"LineString","coordinates":[[-0.14174,50.82853],[-0.14173,50.82861]]},"properties":{"name":"Surrey Street","category":"primary","osm_type":"way","osm_id":"961455255","ref":"A2010"}},{"type":"Feature","geometry":{"type":"LineString","coordinates":[[-0.0386,50.80014],[-0.03776,50.79996]]},"properties":{"name":"Marine Drive","category":"primary","osm_type":"way","osm_id":"961455266","ref":"A259"}},{"type":"Feature","geometry":{"type":"LineString","coordinates":[[-0.17479,50.85779],[-0.17526,50.85778]]},"properties":{"name":"Major roads","category":"primary","osm_type":"way","osm_id":"961460076"}},{"type":"Feature","geometry":{"type":"LineString","coordinates":[[-0.0419,50.86529],[-0.04674,50.86527]]},"properties":{"name":"A27","category":"trunk","osm_type":"way","osm_id":"963493312","operator":"National Highways","ref":"A27"}},{"type":"Feature","geometry":{"type":"LineString","coordinates":[[-0.02315,50.86716],[-0.0231,50.8672]]},"properties":{"name":"Ashcombe Roundabout","category":"trunk","osm_type":"way","osm_id":"963493313","operator":"National Highways","ref":"A27"}},{"type":"Feature","geometry":{"type":"LineString","coordinates":[[-0.0231,50.8672],[-0.02226,50.86728]]},"properties":{"name":"Ashcombe Roundabout","category":"trunk","osm_type":"way","osm_id":"963493314","operator":"National Highways","ref":"A27"}},{"type":"Feature","geometry":{"type":"LineString","coordinates":[[-0.02226,50.86728],[-0.02222,50.86726]]},"properties":{"name":"Ashcombe Roundabout","category":"trunk","osm_type":"way","osm_id":"963501440","operator":"National Highways","ref":"A27"}},{"type":"Feature","geometry":{"type":"LineString","coordinates":[[-0.20636,50.83822],[-0.20591,50.83819]]},"properties":{"name":"Old Shoreham Road","category":"primary","osm_type":"way","osm_id":"963666304","ref":"A270"}},{"type":"Feature","geometry":{"type":"LineString","coordinates":[[-0.24945,50.84145],[-0.24954,50.84148]]},"properties":{"name":"Major roads","category":"primary","osm_type":"way","osm_id":"963666310"}},{"type":"Feature","geometry":{"type":"LineString","coordinates":[[-0.24869,50.84146],[-0.24885,50.84142]]},"properties":{"name":"Major roads","category":"primary","osm_type":"way","osm_id":"963666311"}},{"type":"Feature","geometry":{"type":"LineString","coordinates":[[-0.23096,50.8397],[-0.23184,50.83983]]},"properties":{"name":"Old Shoreham Road","category":"primary","osm_type":"way","osm_id":"963666315","ref":"A270"}},{"type":"Feature","geometry":{"type":"LineString","coordinates":[[-0.23132,50.83981],[-0.23096,50.8397]]},"properties":{"name":"Old Shoreham Road","category":"primary","osm_type":"way","osm_id":"963666316","ref":"A270"}},{"type":"Feature","geometry":{"type":"LineString","coordinates":[[-0.2067,50.83994],[-0.20662,50.84019]]},"properties":{"name":"Major roads","category":"trunk","osm_type":"way","osm_id":"963666317"}},{"type":"Feature","geometry":{"type":"LineString","coordinates":[[-0.20632,50.83997],[-0.20635,50.83994]]},"properties":{"name":"Major roads","category":"trunk","osm_type":"way","osm_id":"963666318"}},{"type":"Feature","geometry":{"type":"LineString","coordinates":[[-0.20699,50.83826],[-0.2069,50.83864]]},"properties":{"name":"Hangleton Link Road","category":"trunk","osm_type":"way","osm_id":"963666319","ref":"A293"}},{"type":"Feature","geometry":{"type":"LineString","coordinates":[[-0.11617,50.84609],[-0.11672,50.84552]]},"properties":{"name":"Lewes Road","category":"primary","osm_type":"way","osm_id":"963709610","ref":"A270"}},{"type":"Feature","geometry":{"type":"LineString","coordinates":[[-0.00814,50.98198],[-0.00571,50.9836]]},"properties":{"name":"Lewes Road","category":"primary","osm_type":"way","osm_id":"963718104","ref":"A275"}},{"type":"Feature","geometry":{"type":"LineString","coordinates":[[-0.1252,50.83733],[-0.12504,50.83754]]},"properties":{"name":"Lewes Road","category":"primary","osm_type":"way","osm_id":"963802196","ref":"A270"}},{"type":"Feature","geometry":{"type":"LineString","coordinates":[[-0.1238,50.83837],[-0.12405,50.83807]]},"properties":{"name":"Lewes Road","category":"primary","osm_type":"way","osm_id":"963802197","ref":"A270"}},{"type":"Feature","geometry":{"type":"LineString","coordinates":[[-0.12365,50.83855],[-0.1238,50.83837]]},"properties":{"name":"Lewes Road","category":"primary","osm_type":"way","osm_id":"963802198","ref":"A270"}},{"type":"Feature","geometry":{"type":"LineString","coordinates":[[-0.20821,50.84717],[-0.20811,50.84703]]},"properties":{"name":"Major roads","category":"trunk","osm_type":"way","osm_id":"963816132"}},{"type":"Feature","geometry":{"type":"LineString","coordinates":[[-0.20195,50.84241],[-0.20082,50.84337],[-0.19817,50.84399]]},"properties":{"name":"Hangleton Road","category":"primary","osm_type":"way","osm_id":"963816136","ref":"A2038"}},{"type":"Feature","geometry":{"type":"LineString","coordinates":[[-0.20429,50.83812],[-0.20423,50.83845]]},"properties":{"name":"Hangleton Road","category":"primary","osm_type":"way","osm_id":"963816137","ref":"A2038"}},{"type":"Feature","geometry":{"type":"LineString","coordinates":[[-0.205,50.83813],[-0.20429,50.83812]]},"properties":{"name":"Old Shoreham Road","category":"primary","osm_type":"way","osm_id":"963816138","ref":"A270"}},{"type":"Feature","geometry":{"type":"LineString","coordinates":[[-0.28609,50.84013],[-0.28584,50.83986]]},"properties":{"name":"Steyning Road","category":"primary","osm_type":"way","osm_id":"964331212","ref":"A283"}},{"type":"Feature","geometry":{"type":"LineString","coordinates":[[-0.27873,50.83248],[-0.27869,50.83261]]},"properties":{"name":"Major roads","category":"primary","osm_type":"way","osm_id":"964331213"}},{"type":"Feature","geometry":{"type":"LineString","coordinates":[[-0.28774,50.8287],[-0.28781,50.82852]]},"properties":{"name":"Major roads","category":"primary","osm_type":"way","osm_id":"964331214"}},{"type":"Feature","geometry":{"type":"LineString","coordinates":[[-0.20811,50.84703],[-0.20813,50.84697]]},"properties":{"name":"Major roads","category":"trunk","osm_type":"way","osm_id":"964341672"}},{"type":"Feature","geometry":{"type":"LineString","coordinates":[[-0.19792,50.83817],[-0.19915,50.83805]]},"properties":{"name":"Old Shoreham Road","category":"primary","osm_type":"way","osm_id":"964820215","ref":"A270"}},{"type":"Feature","geometry":{"type":"LineString","coordinates":[[-0.19916,50.83814],[-0.19797,50.83826]]},"properties":{"name":"Old Shoreham Road","category":"primary","osm_type":"way","osm_id":"964820217","ref":"A270"}},{"type":"Feature","geometry":{"type":"LineString","coordinates":[[-0.56157,50.85289],[-0.56102,50.85288]]},"properties":{"name":"Major roads","category":"trunk","osm_type":"way","osm_id":"965965531","operator":"National Highways"}},{"type":"Feature","geometry":{"type":"LineString","coordinates":[[-0.56108,50.85234],[-0.56169,50.85242]]},"properties":{"name":"Major roads","category":"trunk","osm_type":"way","osm_id":"965965532","operator":"National Highways"}},{"type":"Feature","geometry":{"type":"LineString","coordinates":[[-0.56169,50.85242],[-0.56173,50.85245]]},"properties":{"name":"Major roads","category":"trunk","osm_type":"way","osm_id":"965981853","operator":"National Highways"}},{"type":"Feature","geometry":{"type":"LineString","coordinates":[[-0.56102,50.85288],[-0.56083,50.85271]]},"properties":{"name":"Major roads","category":"trunk","osm_type":"way","osm_id":"965981854","operator":"National Highways"}},{"type":"Feature","geometry":{"type":"LineString","coordinates":[[-0.54964,50.8503],[-0.54917,50.85041]]},"properties":{"name":"Major roads","category":"trunk","osm_type":"way","osm_id":"965982510","operator":"National Highways"}},{"type":"Feature","geometry":{"type":"LineString","coordinates":[[-0.54916,50.84995],[-0.54964,50.8503]]},"properties":{"name":"Major roads","category":"trunk","osm_type":"way","osm_id":"965982511","operator":"National Highways"}},{"type":"Feature","geometry":{"type":"LineString","coordinates":[[-0.54434,50.82129],[-0.54439,50.8215]]},"properties":{"name":"Wick Roundabout","category":"primary","osm_type":"way","osm_id":"965982829"}},{"type":"Feature","geometry":{"type":"LineString","coordinates":[[-0.54418,50.82122],[-0.54434,50.82129]]},"properties":{"name":"Wick Roundabout","category":"primary","osm_type":"way","osm_id":"965982830"}},{"type":"Feature","geometry":{"type":"LineString","coordinates":[[-0.54399,50.82123],[-0.54418,50.82122]]},"properties":{"name":"Wick Roundabout","category":"primary","osm_type":"way","osm_id":"965982831"}},{"type":"Feature","geometry":{"type":"LineString","coordinates":[[-0.54385,50.8213],[-0.54399,50.82123]]},"properties":{"name":"Wick Roundabout","category":"primary","osm_type":"way","osm_id":"965982832"}},{"type":"Feature","geometry":{"type":"LineString","coordinates":[[-0.5438,50.82146],[-0.54385,50.8213]]},"properties":{"name":"Wick Roundabout","category":"primary","osm_type":"way","osm_id":"965982833"}},{"type":"Feature","geometry":{"type":"LineString","coordinates":[[-0.54388,50.82155],[-0.5438,50.82146]]},"properties":{"name":"Wick Roundabout","category":"primary","osm_type":"way","osm_id":"965982834"}},{"type":"Feature","geometry":{"type":"LineString","coordinates":[[-0.54405,50.82161],[-0.54388,50.82155]]},"properties":{"name":"Wick Roundabout","category":"primary","osm_type":"way","osm_id":"965982835"}},{"type":"Feature","geometry":{"type":"LineString","coordinates":[[-0.37289,50.81711],[-0.37285,50.81714]]},"properties":{"name":"Teville Road Roundabout","category":"primary","osm_type":"way","osm_id":"966006588","ref":"A24"}},{"type":"Feature","geometry":{"type":"LineString","coordinates":[[-0.37711,50.81761],[-0.37616,50.81737]]},"properties":{"name":"Teville Road","category":"primary","osm_type":"way","osm_id":"966006589","ref":"A2031"}},{"type":"Feature","geometry":{"type":"LineString","coordinates":[[-0.37841,50.81787],[-0.37711,50.81761]]},"properties":{"name":"Teville Road","category":"primary","osm_type":"way","osm_id":"966006590","ref":"A2031"}},{"type":"Feature","geometry":{"type":"LineString","coordinates":[[-0.37274,50.81699],[-0.37285,50.81701]]},"properties":{"name":"Teville Road Roundabout","category":"primary","osm_type":"way","osm_id":"966006591","ref":"A24"}},{"type":"Feature","geometry":{"type":"LineString","coordinates":[[-0.3919,50.81829],[-0.39217,50.81968]]},"properties":{"name":"South Street","category":"primary","osm_type":"way","osm_id":"966223668","ref":"A2031"}},{"type":"Feature","geometry":{"type":"LineString","coordinates":[[-0.4082,50.90976],[-0.4079,50.90987]]},"properties":{"name":"Washington Roundabout","category":"trunk","osm_type":"way","osm_id":"966227721"}},{"type":"Feature","geometry":{"type":"LineString","coordinates":[[-0.51221,50.95701],[-0.51232,50.95646]]},"properties":{"name":"A29","category":"primary","osm_type":"way","osm_id":"966227722","ref":"A29"}},{"type":"Feature","geometry":{"type":"LineString","coordinates":[[-0.39252,50.83864],[-0.3927,50.83854]]},"properties":{"name":"Offington Corner Roundabout","category":"trunk","osm_type":"way","osm_id":"966227723","operator":"National Highways"}},{"type":"Feature","geometry":{"type":"LineString","coordinates":[[-0.40987,50.86409],[-0.40865,50.86272]]},"properties":{"name":"Findon Bypass","category":"trunk","osm_type":"way","osm_id":"966227724","ref":"A24"}},{"type":"Feature","geometry":{"type":"LineString","coordinates":[[-0.40818,50.87145],[-0.41008,50.86927]]},"properties":{"name":"Horsham Road","category":"trunk","osm_type":"way","osm_id":"966227725","ref":"A24"}},{"type":"Feature","geometry":{"type":"LineString","coordinates":[[-0.45172,50.91769],[-0.45241,50.91767]]},"properties":{"name":"High Street","category":"primary","osm_type":"way","osm_id":"966238801","ref":"A283"}},{"type":"Feature","geometry":{"type":"LineString","coordinates":[[-0.43798,50.91419],[-0.44342,50.91576]]},"properties":{"name":"Washington Road","category":"primary","osm_type":"way","osm_id":"966238802","ref":"A283"}},{"type":"Feature","geometry":{"type":"LineString","coordinates":[[-0.48568,50.95223],[-0.48486,50.95359]]},"properties":{"name":"Mare Hill Road","category":"primary","osm_type":"way","osm_id":"966238806","ref":"A283"}},{"type":"Feature","geometry":{"type":"LineString","coordinates":[[-0.66935,50.80373],[-0.66893,50.8038]]},"properties":{"name":"Rowan Way","category":"trunk","osm_type":"way","osm_id":"970223005","ref":"A259"}},{"type":"Feature","geometry":{"type":"LineString","coordinates":[[-0.66893,50.8038],[-0.66812,50.80392]]},"properties":{"name":"Rowan Way","category":"trunk","osm_type":"way","osm_id":"970223006","ref":"A259"}},{"type":"Feature","geometry":{"type":"LineString","coordinates":[[-0.4003,50.81369],[-0.39365,50.81414]]},"properties":{"name":"Mill Road","category":"primary","osm_type":"way","osm_id":"970963346","ref":"A259"}},{"type":"Feature","geometry":{"type":"LineString","coordinates":[[-0.28838,50.82836],[-0.28875,50.82855]]},"properties":{"name":"Major roads","category":"primary","osm_type":"way","osm_id":"970964499"}},{"type":"Feature","geometry":{"type":"LineString","coordinates":[[-0.1694,50.82447],[-0.16923,50.82445]]},"properties":{"name":"Kingsway","category":"primary","osm_type":"way","osm_id":"970966270","ref":"A259"}},{"type":"Feature","geometry":{"type":"LineString","coordinates":[[-0.54894,50.82184],[-0.54758,50.82172]]},"properties":{"name":"Hawthorn Road","category":"primary","osm_type":"way","osm_id":"971756892","ref":"A259"}},{"type":"Feature","geometry":{"type":"LineString","coordinates":[[-0.54969,50.82183],[-0.54894,50.82184]]},"properties":{"name":"Hawthorn Road","category":"primary","osm_type":"way","osm_id":"971756893","ref":"A259"}},{"type":"Feature","geometry":{"type":"LineString","coordinates":[[-0.54758,50.82172],[-0.54969,50.82183]]},"properties":{"name":"Hawthorn Road","category":"primary","osm_type":"way","osm_id":"971756894","ref":"A259"}},{"type":"Feature","geometry":{"type":"LineString","coordinates":[[-0.55756,50.81989],[-0.55835,50.81929]]},"properties":{"name":"Hawthorn Road","category":"primary","osm_type":"way","osm_id":"971756905","ref":"A259"}},{"type":"Feature","geometry":{"type":"LineString","coordinates":[[-0.55774,50.81998],[-0.55658,50.82062]]},"properties":{"name":"Hawthorn Road","category":"primary","osm_type":"way","osm_id":"971756906","ref":"A259"}},{"type":"Feature","geometry":{"type":"LineString","coordinates":[[-0.3176,50.83662],[-0.31841,50.83653]]},"properties":{"name":"Upper Brighton Road","category":"trunk","osm_type":"way","osm_id":"972005982","operator":"National Highways","ref":"A27"}},{"type":"Feature","geometry":{"type":"LineString","coordinates":[[-0.32705,50.83683],[-0.33531,50.83741]]},"properties":{"name":"Upper Brighton Road","category":"trunk","osm_type":"way","osm_id":"972005995","operator":"National Highways","ref":"A27"}},{"type":"Feature","geometry":{"type":"LineString","coordinates":[[-0.33528,50.83748],[-0.32705,50.83683]]},"properties":{"name":"Upper Brighton Road","category":"trunk","osm_type":"way","osm_id":"972005996","operator":"National Highways","ref":"A27"}},{"type":"Feature","geometry":{"type":"LineString","coordinates":[[-0.1168,50.84567],[-0.11633,50.84616]]},"properties":{"name":"Lewes Road","category":"primary","osm_type":"way","osm_id":"972066614","ref":"A270"}},{"type":"Feature","geometry":{"type":"LineString","coordinates":[[-0.40841,50.9094],[-0.4082,50.90976]]},"properties":{"name":"Washington Roundabout","category":"trunk","osm_type":"way","osm_id":"973554611"}},{"type":"Feature","geometry":{"type":"LineString","coordinates":[[-0.45834,50.81954],[-0.45875,50.81949]]},"properties":{"name":"Littlehampton Road","category":"primary","osm_type":"way","osm_id":"977014639","ref":"A259"}},{"type":"Feature","geometry":{"type":"LineString","coordinates":[[-0.45478,50.81983],[-0.45834,50.81954]]},"properties":{"name":"Littlehampton Road","category":"primary","osm_type":"way","osm_id":"977014643","ref":"A259"}},{"type":"Feature","geometry":{"type":"LineString","coordinates":[[-0.28814,50.82836],[-0.28838,50.82836]]},"properties":{"name":"Major roads","category":"primary","osm_type":"way","osm_id":"977014650"}},{"type":"Feature","geometry":{"type":"LineString","coordinates":[[-0.28795,50.82896],[-0.28774,50.8287]]},"properties":{"name":"Major roads","category":"primary","osm_type":"way","osm_id":"977014651"}},{"type":"Feature","geometry":{"type":"LineString","coordinates":[[-0.16852,50.82432],[-0.16926,50.82438]]},"properties":{"name":"Kingsway","category":"primary","osm_type":"way","osm_id":"977014652","ref":"A259"}},{"type":"Feature","geometry":{"type":"LineString","coordinates":[[-0.3919,50.81829],[-0.38673,50.81828]]},"properties":{"name":"Tarring Road","category":"primary","osm_type":"way","osm_id":"977022193","ref":"A2031"}},{"type":"Feature","geometry":{"type":"LineString","coordinates":[[-0.40455,50.84058],[-0.40331,50.84066]]},"properties":{"name":"Arundel Road","category":"trunk","osm_type":"way","osm_id":"977022196","operator":"National Highways","ref":"A27"}},{"type":"Feature","geometry":{"type":"LineString","coordinates":[[-0.40331,50.84066],[-0.39957,50.8403]]},"properties":{"name":"Arundel Road","category":"trunk","osm_type":"way","osm_id":"977022197","operator":"National Highways","ref":"A27"}},{"type":"Feature","geometry":{"type":"LineString","coordinates":[[-0.37671,50.82957],[-0.37724,50.82996]]},"properties":{"name":"Broadwater Street West","category":"primary","osm_type":"way","osm_id":"977025337","ref":"A24"}},{"type":"Feature","geometry":{"type":"LineString","coordinates":[[-0.32107,50.82678],[-0.32235,50.82569]]},"properties":{"name":"Grinstead Lane","category":"primary","osm_type":"way","osm_id":"977398445","ref":"A2025"}},{"type":"Feature","geometry":{"type":"LineString","coordinates":[[-0.36721,50.83413],[-0.36598,50.83423]]},"properties":{"name":"Upper Brighton Road","category":"trunk","osm_type":"way","osm_id":"977413907","operator":"National Highways","ref":"A27"}},{"type":"Feature","geometry":{"type":"LineString","coordinates":[[-0.36234,50.8348],[-0.36451,50.8343]]},"properties":{"name":"Upper Brighton Road","category":"trunk","osm_type":"way","osm_id":"977413908","operator":"National Highways","ref":"A27"}},{"type":"Feature","geometry":{"type":"LineString","coordinates":[[-0.41754,50.84118],[-0.41165,50.8408]]},"properties":{"name":"Arundel Road","category":"trunk","osm_type":"way","osm_id":"977413910","operator":"National Highways","ref":"A27"}},{"type":"Feature","geometry":{"type":"LineString","coordinates":[[-0.37715,50.83001],[-0.37655,50.82961]]},"properties":{"name":"Broadwater Street West","category":"primary","osm_type":"way","osm_id":"977413911","ref":"A24"}},{"type":"Feature","geometry":{"type":"LineString","coordinates":[[-0.31876,50.83184],[-0.31881,50.8316]]},"properties":{"name":"Grinstead Lane","category":"primary","osm_type":"way","osm_id":"977413916","ref":"A2025"}},{"type":"Feature","geometry":{"type":"LineString","coordinates":[[-0.0191,50.86716],[-0.01701,50.86702]]},"properties":{"name":"Lewes Bypass","category":"trunk","osm_type":"way","osm_id":"978804714","operator":"National Highways","ref":"A27"}},{"type":"Feature","geometry":{"type":"LineString","coordinates":[[-0.01701,50.86702],[-0.01658,50.86699]]},"properties":{"name":"Lewes Bypass","category":"trunk","osm_type":"way","osm_id":"978804715","operator":"National Highways","ref":"A27"}},{"type":"Feature","geometry":{"type":"LineString","coordinates":[[-0.01736,50.86694],[-0.01919,50.86705]]},"properties":{"name":"Lewes Bypass","category":"trunk","osm_type":"way","osm_id":"978804716","operator":"National Highways","ref":"A27"}},{"type":"Feature","geometry":{"type":"LineString","coordinates":[[-0.01694,50.86691],[-0.01736,50.86694]]},"properties":{"name":"Lewes Bypass","category":"trunk","osm_type":"way","osm_id":"978804717","operator":"National Highways","ref":"A27"}},{"type":"Feature","geometry":{"type":"LineString","coordinates":[[-0.03776,50.79996],[-0.03717,50.79982]]},"properties":{"name":"Marine Drive","category":"primary","osm_type":"way","osm_id":"982348964","ref":"A259"}},{"type":"Feature","geometry":{"type":"LineString","coordinates":[[-0.03717,50.79982],[-0.03575,50.79942]]},"properties":{"name":"Marine Drive","category":"primary","osm_type":"way","osm_id":"982348965","ref":"A259"}},{"type":"Feature","geometry":{"type":"LineString","coordinates":[[-0.03121,50.79808],[-0.03201,50.79828]]},"properties":{"name":"South Coast Road","category":"primary","osm_type":"way","osm_id":"982348966","ref":"A259"}},{"type":"Feature","geometry":{"type":"LineString","coordinates":[[-0.03201,50.79828],[-0.0347,50.79908]]},"properties":{"name":"South Coast Road","category":"primary","osm_type":"way","osm_id":"982348967","ref":"A259"}},{"type":"Feature","geometry":{"type":"LineString","coordinates":[[-0.03197,50.79834],[-0.03121,50.79808]]},"properties":{"name":"South Coast Road","category":"primary","osm_type":"way","osm_id":"982348968","ref":"A259"}},{"type":"Feature","geometry":{"type":"LineString","coordinates":[[-0.17405,50.83894],[-0.17456,50.83893]]},"properties":{"name":"Old Shoreham Road","category":"primary","osm_type":"way","osm_id":"983236141","ref":"A270"}},{"type":"Feature","geometry":{"type":"LineString","coordinates":[[-0.1869,50.83876],[-0.18801,50.83864]]},"properties":{"name":"Old Shoreham Road","category":"primary","osm_type":"way","osm_id":"983236142","ref":"A270"}},{"type":"Feature","geometry":{"type":"LineString","coordinates":[[-0.13614,50.81976],[-0.13643,50.81963]]},"properties":{"name":"Marine Parade","category":"primary","osm_type":"way","osm_id":"985108011","ref":"A259"}},{"type":"Feature","geometry":{"type":"LineString","coordinates":[[-0.11363,50.81574],[-0.1134,50.81569]]},"properties":{"name":"Kings Cliff","category":"primary","osm_type":"way","osm_id":"985108012","ref":"A259"}},{"type":"Feature","geometry":{"type":"LineString","coordinates":[[-0.11301,50.8156],[-0.11255,50.8155]]},"properties":{"name":"Marine Parade","category":"primary","osm_type":"way","osm_id":"985108013","ref":"A259"}},{"type":"Feature","geometry":{"type":"LineString","coordinates":[[-0.10437,50.81475],[-0.10474,50.81476]]},"properties":{"name":"Marine Drive","category":"primary","osm_type":"way","osm_id":"985108014","ref":"A259"}},{"type":"Feature","geometry":{"type":"LineString","coordinates":[[-0.10474,50.81476],[-0.10437,50.81475]]},"properties":{"name":"Marine Drive","category":"primary","osm_type":"way","osm_id":"985108015","ref":"A259"}},{"type":"Feature","geometry":{"type":"LineString","coordinates":[[-0.10437,50.81475],[-0.10222,50.81444]]},"properties":{"name":"Marine Drive","category":"primary","osm_type":"way","osm_id":"985108016","ref":"A259"}},{"type":"Feature","geometry":{"type":"LineString","coordinates":[[-0.09435,50.81312],[-0.09308,50.81267]]},"properties":{"name":"Marine Drive","category":"primary","osm_type":"way","osm_id":"985108019","ref":"A259"}},{"type":"Feature","geometry":{"type":"LineString","coordinates":[[-0.09642,50.81331],[-0.10007,50.81401]]},"properties":{"name":"Marine Drive","category":"primary","osm_type":"way","osm_id":"985108020","ref":"A259"}},{"type":"Feature","geometry":{"type":"LineString","coordinates":[[-0.08707,50.81112],[-0.08498,50.81051]]},"properties":{"name":"Marine Drive","category":"primary","osm_type":"way","osm_id":"985108021","ref":"A259"}},{"type":"Feature","geometry":{"type":"LineString","coordinates":[[-0.07144,50.80706],[-0.07123,50.80711]]},"properties":{"name":"Major roads","category":"primary","osm_type":"way","osm_id":"985108022"}},{"type":"Feature","geometry":{"type":"LineString","coordinates":[[-0.06733,50.80549],[-0.0636,50.80442]]},"properties":{"name":"Marine Drive","category":"primary","osm_type":"way","osm_id":"985108023","ref":"A259"}},{"type":"Feature","geometry":{"type":"LineString","coordinates":[[-0.06266,50.80415],[-0.06032,50.80348]]},"properties":{"name":"Marine Drive","category":"primary","osm_type":"way","osm_id":"985108026","ref":"A259"}},{"type":"Feature","geometry":{"type":"LineString","coordinates":[[-0.0636,50.80442],[-0.06317,50.8043]]},"properties":{"name":"Marine Drive","category":"primary","osm_type":"way","osm_id":"985108027","ref":"A259"}},{"type":"Feature","geometry":{"type":"LineString","coordinates":[[-0.06032,50.80348],[-0.05864,50.8032]]},"properties":{"name":"Marine Drive","category":"primary","osm_type":"way","osm_id":"985108029","ref":"A259"}},{"type":"Feature","geometry":{"type":"LineString","coordinates":[[-0.0557,50.80314],[-0.05525,50.80293]]},"properties":{"name":"Marine Drive","category":"primary","osm_type":"way","osm_id":"985108031","ref":"A259"}},{"type":"Feature","geometry":{"type":"LineString","coordinates":[[-0.04239,50.80088],[-0.04312,50.80097]]},"properties":{"name":"Marine Drive","category":"primary","osm_type":"way","osm_id":"985108037","ref":"A259"}},{"type":"Feature","geometry":{"type":"LineString","coordinates":[[-0.04102,50.80065],[-0.04125,50.80069]]},"properties":{"name":"Marine Drive","category":"primary","osm_type":"way","osm_id":"985108038","ref":"A259"}},{"type":"Feature","geometry":{"type":"LineString","coordinates":[[-0.04125,50.80069],[-0.04239,50.80088]]},"properties":{"name":"Marine Drive","category":"primary","osm_type":"way","osm_id":"985108039","ref":"A259"}},{"type":"Feature","geometry":{"type":"LineString","coordinates":[[-0.03894,50.80022],[-0.0386,50.80014]]},"properties":{"name":"Marine Drive","category":"primary","osm_type":"way","osm_id":"985108042","ref":"A259"}},{"type":"Feature","geometry":{"type":"LineString","coordinates":[[-0.14009,50.8197],[-0.13824,50.81943]]},"properties":{"name":"Grand Junction Road","category":"primary","osm_type":"way","osm_id":"986166402","ref":"A259"}},{"type":"Feature","geometry":{"type":"LineString","coordinates":[[-0.13423,50.83153],[-0.13429,50.83131]]},"properties":{"name":"Ditchling Road","category":"trunk","osm_type":"way","osm_id":"986987763","ref":"A23"}},{"type":"Feature","geometry":{"type":"LineString","coordinates":[[-0.13513,50.83297],[-0.1345,50.83286]]},"properties":{"name":"Viaduct Road","category":"trunk","osm_type":"way","osm_id":"986987775","ref":"A23"}},{"type":"Feature","geometry":{"type":"LineString","coordinates":[[-0.13592,50.83015],[-0.13608,50.83067]]},"properties":{"name":"London Road","category":"trunk","osm_type":"way","osm_id":"986987776","ref":"A23"}},{"type":"Feature","geometry":{"type":"LineString","coordinates":[[-0.13456,50.82795],[-0.13469,50.82736]]},"properties":{"name":"Richmond Place","category":"trunk","osm_type":"way","osm_id":"986987777","ref":"A23"}},{"type":"Feature","geometry":{"type":"LineString","coordinates":[[-0.13465,50.82715],[-0.13458,50.82699]]},"properties":{"name":"Richmond Place","category":"trunk","osm_type":"way","osm_id":"986987778","ref":"A23"}},{"type":"Feature","geometry":{"type":"LineString","coordinates":[[-0.13458,50.82699],[-0.13464,50.82666]]},"properties":{"name":"Grand Parade","category":"trunk","osm_type":"way","osm_id":"986987779","ref":"A23"}},{"type":"Feature","geometry":{"type":"LineString","coordinates":[[-0.13578,50.82412],[-0.13617,50.82351]]},"properties":{"name":"Grand Parade","category":"trunk","osm_type":"way","osm_id":"986987780","ref":"A23"}},{"type":"Feature","geometry":{"type":"LineString","coordinates":[[-0.13642,50.82288],[-0.13642,50.82295]]},"properties":{"name":"Old Steine","category":"trunk","osm_type":"way","osm_id":"986987785","ref":"A23"}},{"type":"Feature","geometry":{"type":"LineString","coordinates":[[-0.15112,50.84238],[-0.1511,50.84221]]},"properties":{"name":"Preston Road","category":"trunk","osm_type":"way","osm_id":"987515471","ref":"A23"}},{"type":"Feature","geometry":{"type":"LineString","coordinates":[[-0.14887,50.83937],[-0.14949,50.83972]]},"properties":{"name":"Preston Road","category":"trunk","osm_type":"way","osm_id":"987515472","ref":"A23"}},{"type":"Feature","geometry":{"type":"LineString","coordinates":[[-0.14949,50.83972],[-0.15066,50.84093]]},"properties":{"name":"Preston Road","category":"trunk","osm_type":"way","osm_id":"987515473","ref":"A23"}},{"type":"Feature","geometry":{"type":"LineString","coordinates":[[-0.14293,50.83653],[-0.14219,50.83693]]},"properties":{"name":"Stanford Avenue","category":"trunk","osm_type":"way","osm_id":"987515476","ref":"A23"}},{"type":"Feature","geometry":{"type":"LineString","coordinates":[[-0.14285,50.83636],[-0.14293,50.83653]]},"properties":{"name":"London Road","category":"trunk","osm_type":"way","osm_id":"987515477","ref":"A23"}},{"type":"Feature","geometry":{"type":"LineString","coordinates":[[-0.15421,50.85595],[-0.15409,50.85619]]},"properties":{"name":"London Road","category":"trunk","osm_type":"way","osm_id":"987792641","ref":"A23"}},{"type":"Feature","geometry":{"type":"LineString","coordinates":[[-0.1515,50.84575],[-0.1517,50.84639]]},"properties":{"name":"Preston Road","category":"trunk","osm_type":"way","osm_id":"987792647","ref":"A23"}},{"type":"Feature","geometry":{"type":"LineString","coordinates":[[-0.15145,50.84553],[-0.1515,50.84575]]},"properties":{"name":"Preston Road","category":"trunk","osm_type":"way","osm_id":"987792648","ref":"A23"}},{"type":"Feature","geometry":{"type":"LineString","coordinates":[[-0.15148,50.84404],[-0.15148,50.84434]]},"properties":{"name":"Preston Road","category":"trunk","osm_type":"way","osm_id":"987792650","ref":"A23"}},{"type":"Feature","geometry":{"type":"LineString","coordinates":[[-0.16231,50.89571],[-0.16237,50.89632]]},"properties":{"name":"London Road","category":"trunk_link","osm_type":"way","osm_id":"988007549","operator":"National Highways","ref":"A23"}},{"type":"Feature","geometry":{"type":"LineString","coordinates":[[-0.16581,50.88201],[-0.16357,50.88907]]},"properties":{"name":"London Road","category":"trunk","osm_type":"way","osm_id":"988007550","operator":"National Highways","ref":"A23"}},{"type":"Feature","geometry":{"type":"LineString","coordinates":[[-0.15769,50.868],[-0.15793,50.86791]]},"properties":{"name":"Brighton & Hove Bypass","category":"trunk","osm_type":"way","osm_id":"988007551","operator":"National Highways","ref":"A27"}},{"type":"Feature","geometry":{"type":"LineString","coordinates":[[-0.14407,50.869],[-0.14723,50.86906]]},"properties":{"name":"Brighton & Hove Bypass","category":"trunk","osm_type":"way","osm_id":"988007556","operator":"National Highways","ref":"A27"}},{"type":"Feature","geometry":{"type":"LineString","coordinates":[[-0.15183,50.8687],[-0.15211,50.86868]]},"properties":{"name":"Major roads","category":"trunk","osm_type":"way","osm_id":"988007587","operator":"National Highways"}},{"type":"Feature","geometry":{"type":"LineString","coordinates":[[-0.15178,50.86878],[-0.15183,50.8687]]},"properties":{"name":"Major roads","category":"trunk","osm_type":"way","osm_id":"988007588","operator":"National Highways"}},{"type":"Feature","geometry":{"type":"LineString","coordinates":[[-0.15218,50.86875],[-0.15216,50.86886]]},"properties":{"name":"Major roads","category":"trunk","osm_type":"way","osm_id":"988007589","operator":"National Highways"}},{"type":"Feature","geometry":{"type":"LineString","coordinates":[[-0.15211,50.86868],[-0.15218,50.86875]]},"properties":{"name":"Major roads","category":"trunk","osm_type":"way","osm_id":"988007590","operator":"National Highways"}},{"type":"Feature","geometry":{"type":"LineString","coordinates":[[-0.15183,50.8687],[-0.15217,50.86798]]},"properties":{"name":"A27","category":"trunk","osm_type":"way","osm_id":"988007592","operator":"National Highways","ref":"A27"}},{"type":"Feature","geometry":{"type":"LineString","coordinates":[[-0.15579,50.86743],[-0.15598,50.86742]]},"properties":{"name":"Mill Road Roundabout","category":"trunk","osm_type":"way","osm_id":"988007593","operator":"National Highways"}},{"type":"Feature","geometry":{"type":"LineString","coordinates":[[-0.15558,50.86756],[-0.15579,50.86743]]},"properties":{"name":"Mill Road Roundabout","category":"trunk","osm_type":"way","osm_id":"988007594","operator":"National Highways"}},{"type":"Feature","geometry":{"type":"LineString","coordinates":[[-0.15558,50.86768],[-0.15558,50.86756]]},"properties":{"name":"Mill Road Roundabout","category":"trunk","osm_type":"way","osm_id":"988007595","operator":"National Highways"}},{"type":"Feature","geometry":{"type":"LineString","coordinates":[[-0.15588,50.86795],[-0.15558,50.86768]]},"properties":{"name":"Mill Road Roundabout","category":"trunk","osm_type":"way","osm_id":"988007596","operator":"National Highways"}},{"type":"Feature","geometry":{"type":"LineString","coordinates":[[-0.15597,50.86796],[-0.15588,50.86795]]},"properties":{"name":"Mill Road Roundabout","category":"trunk","osm_type":"way","osm_id":"988007597","operator":"National Highways"}},{"type":"Feature","geometry":{"type":"LineString","coordinates":[[-0.15632,50.86784],[-0.15597,50.86796]]},"properties":{"name":"Mill Road Roundabout","category":"trunk","osm_type":"way","osm_id":"988007598","operator":"National Highways"}},{"type":"Feature","geometry":{"type":"LineString","coordinates":[[-0.1545,50.86666],[-0.1549,50.86697]]},"properties":{"name":"London Road","category":"trunk","osm_type":"way","osm_id":"988007599","ref":"A23"}},{"type":"Feature","geometry":{"type":"LineString","coordinates":[[-0.42168,50.81219],[-0.42313,50.8124]]},"properties":{"name":"Goring Road","category":"primary","osm_type":"way","osm_id":"988349116","ref":"A259"}},{"type":"Feature","geometry":{"type":"LineString","coordinates":[[-0.17623,50.90111],[-0.17072,50.89984]]},"properties":{"name":"A23","category":"trunk","osm_type":"way","osm_id":"988753885","operator":"National Highways","ref":"A23"}},{"type":"Feature","geometry":{"type":"LineString","coordinates":[[-0.17946,50.90138],[-0.18002,50.90145]]},"properties":{"name":"Major roads","category":"trunk_link","osm_type":"way","osm_id":"988753886"}},{"type":"Feature","geometry":{"type":"LineString","coordinates":[[-0.17618,50.90099],[-0.17709,50.90112]]},"properties":{"name":"Dale Hill","category":"trunk","osm_type":"way","osm_id":"988753887","operator":"National Highways","ref":"A23"}},{"type":"Feature","geometry":{"type":"LineString","coordinates":[[-0.274,50.90352],[-0.27484,50.90071]]},"properties":{"name":"Henfield Road","category":"primary","osm_type":"way","osm_id":"988887639","ref":"A2037"}},{"type":"Feature","geometry":{"type":"LineString","coordinates":[[-0.19255,50.91912],[-0.19302,50.92]]},"properties":{"name":"A23","category":"trunk_link","osm_type":"way","osm_id":"989193085","operator":"National Highways","ref":"A23"}},{"type":"Feature","geometry":{"type":"LineString","coordinates":[[-0.19199,50.9146],[-0.19185,50.91728]]},"properties":{"name":"A23","category":"trunk","osm_type":"way","osm_id":"989193086","operator":"National Highways","ref":"A23"}},{"type":"Feature","geometry":{"type":"LineString","coordinates":[[-0.16405,50.89617],[-0.16752,50.89879]]},"properties":{"name":"A273","category":"primary","osm_type":"way","osm_id":"989193087","ref":"A273"}},{"type":"Feature","geometry":{"type":"LineString","coordinates":[[-0.17072,50.89984],[-0.16857,50.89906]]},"properties":{"name":"Major roads","category":"trunk_link","osm_type":"way","osm_id":"989193088","operator":"National Highways"}},{"type":"Feature","geometry":{"type":"LineString","coordinates":[[-0.19756,50.98397],[-0.1984,50.98098]]},"properties":{"name":"Brighton Road","category":"trunk","osm_type":"way","osm_id":"989440894","operator":"National Highways","ref":"A23"}},{"type":"Feature","geometry":{"type":"LineString","coordinates":[[-0.19719,50.98777],[-0.19682,50.98719]]},"properties":{"name":"A23","category":"trunk_link","osm_type":"way","osm_id":"989440895","operator":"National Highways","ref":"A23"}},{"type":"Feature","geometry":{"type":"LineString","coordinates":[[-0.19804,50.98819],[-0.19883,50.99061]]},"properties":{"name":"A23","category":"trunk","osm_type":"way","osm_id":"989855285","operator":"National Highways","ref":"A23"}},{"type":"Feature","geometry":{"type":"LineString","coordinates":[[-0.14415,50.82223],[-0.14393,50.82278]]},"properties":{"name":"West Street","category":"primary","osm_type":"way","osm_id":"991550982","ref":"A2010"}},{"type":"Feature","geometry":{"type":"LineString","coordinates":[[-0.14376,50.82319],[-0.14355,50.82362]]},"properties":{"name":"West Street","category":"primary","osm_type":"way","osm_id":"991550983","ref":"A2010"}},{"type":"Feature","geometry":{"type":"LineString","coordinates":[[-0.14393,50.82278],[-0.14415,50.82223]]},"properties":{"name":"West Street","category":"primary","osm_type":"way","osm_id":"991550984","ref":"A2010"}},{"type":"Feature","geometry":{"type":"LineString","coordinates":[[-0.11672,50.84552],[-0.11725,50.84501]]},"properties":{"name":"Lewes Road","category":"primary","osm_type":"way","osm_id":"996258378","ref":"A270"}},{"type":"Feature","geometry":{"type":"LineString","coordinates":[[-0.11962,50.84334],[-0.11898,50.84391]]},"properties":{"name":"Lewes Road","category":"primary","osm_type":"way","osm_id":"996258379","ref":"A270"}},{"type":"Feature","geometry":{"type":"LineString","coordinates":[[-0.11998,50.84287],[-0.11962,50.84334]]},"properties":{"name":"Lewes Road","category":"primary","osm_type":"way","osm_id":"996258380","ref":"A270"}},{"type":"Feature","geometry":{"type":"LineString","coordinates":[[-0.07644,50.86368],[-0.07862,50.86331]]},"properties":{"name":"A27","category":"trunk_link","osm_type":"way","osm_id":"996531181","operator":"National Highways","ref":"A27"}},{"type":"Feature","geometry":{"type":"LineString","coordinates":[[-0.09713,50.859],[-0.09691,50.85921]]},"properties":{"name":"Lewes Road","category":"primary","osm_type":"way","osm_id":"997222220","ref":"A270"}},{"type":"Feature","geometry":{"type":"LineString","coordinates":[[-0.11959,50.86933],[-0.12535,50.87084]]},"properties":{"name":"Brighton & Hove Bypass","category":"trunk","osm_type":"way","osm_id":"997550660","operator":"National Highways","ref":"A27"}},{"type":"Feature","geometry":{"type":"LineString","coordinates":[[-0.12831,50.87113],[-0.12533,50.87095]]},"properties":{"name":"Brighton & Hove Bypass","category":"trunk","osm_type":"way","osm_id":"997779688","operator":"National Highways","ref":"A27"}},{"type":"Feature","geometry":{"type":"LineString","coordinates":[[-0.40835,50.90929],[-0.40841,50.9094]]},"properties":{"name":"Washington Roundabout","category":"trunk","osm_type":"way","osm_id":"998903077"}},{"type":"Feature","geometry":{"type":"LineString","coordinates":[[-0.40954,50.86318],[-0.41022,50.86462]]},"properties":{"name":"Findon Bypass","category":"trunk","osm_type":"way","osm_id":"998903078","ref":"A24"}},{"type":"Feature","geometry":{"type":"LineString","coordinates":[[-0.4097,50.89504],[-0.40977,50.89483]]},"properties":{"name":"Horsham Road","category":"trunk","osm_type":"way","osm_id":"998903341","ref":"A24"}},{"type":"Feature","geometry":{"type":"LineString","coordinates":[[-0.13014,50.83184],[-0.12976,50.83209]]},"properties":{"name":"Richmond Terrace","category":"primary","osm_type":"way","osm_id":"999730576","ref":"A270"}},{"type":"Feature","geometry":{"type":"LineString","coordinates":[[-0.1588,50.96796],[-0.15923,50.96776],[-0.15958,50.96801],[-0.1592,50.96825],[-0.1588,50.96796]]},"properties":{"name":"Major roads","category":"primary","osm_type":"way","osm_id":"1003963607"}},{"type":"Feature","geometry":{"type":"LineString","coordinates":[[-0.15854,50.96766],[-0.159,50.96778]]},"properties":{"name":"Dumbrells Farm Way","category":"primary","osm_type":"way","osm_id":"1003963610","ref":"A2300"}},{"type":"Feature","geometry":{"type":"LineString","coordinates":[[-0.14231,50.82017],[-0.14143,50.82003]]},"properties":{"name":"King's Road","category":"primary","osm_type":"way","osm_id":"1010042410","ref":"A259"}},{"type":"Feature","geometry":{"type":"LineString","coordinates":[[-0.14143,50.82003],[-0.14231,50.82017]]},"properties":{"name":"King's Road","category":"primary","osm_type":"way","osm_id":"1010042412","ref":"A259"}},{"type":"Feature","geometry":{"type":"LineString","coordinates":[[-0.14762,50.82119],[-0.14588,50.82086]]},"properties":{"name":"King's Road","category":"primary","osm_type":"way","osm_id":"1010042413","ref":"A259"}},{"type":"Feature","geometry":{"type":"LineString","coordinates":[[-0.14588,50.82086],[-0.14543,50.82078]]},"properties":{"name":"King's Road","category":"primary","osm_type":"way","osm_id":"1010042414","ref":"A259"}},{"type":"Feature","geometry":{"type":"LineString","coordinates":[[-0.14465,50.82054],[-0.14546,50.8207]]},"properties":{"name":"King's Road","category":"primary","osm_type":"way","osm_id":"1010042415","ref":"A259"}},{"type":"Feature","geometry":{"type":"LineString","coordinates":[[-0.14352,50.82035],[-0.14399,50.82042]]},"properties":{"name":"King's Road","category":"primary","osm_type":"way","osm_id":"1010042422","ref":"A259"}},{"type":"Feature","geometry":{"type":"LineString","coordinates":[[-0.37423,50.81374],[-0.37178,50.81393]]},"properties":{"name":"Richmond Road","category":"primary","osm_type":"way","osm_id":"1010198494","ref":"A259"}},{"type":"Feature","geometry":{"type":"LineString","coordinates":[[-0.37489,50.81369],[-0.37442,50.81373]]},"properties":{"name":"Richmond Road","category":"primary","osm_type":"way","osm_id":"1010198495","ref":"A259"}},{"type":"Feature","geometry":{"type":"LineString","coordinates":[[-0.37442,50.81373],[-0.37423,50.81374]]},"properties":{"name":"Richmond Road","category":"primary","osm_type":"way","osm_id":"1010199243","ref":"A259"}},{"type":"Feature","geometry":{"type":"LineString","coordinates":[[-0.37616,50.81737],[-0.37606,50.81733]]},"properties":{"name":"Teville Road","category":"primary","osm_type":"way","osm_id":"1010199245","ref":"A2031"}},{"type":"Feature","geometry":{"type":"LineString","coordinates":[[-0.14797,50.82126],[-0.14762,50.82119]]},"properties":{"name":"King's Road","category":"primary","osm_type":"way","osm_id":"1010993735","ref":"A259"}},{"type":"Feature","geometry":{"type":"LineString","coordinates":[[-0.14591,50.82077],[-0.14688,50.82097]]},"properties":{"name":"King's Road","category":"primary","osm_type":"way","osm_id":"1010993736","ref":"A259"}},{"type":"Feature","geometry":{"type":"LineString","coordinates":[[-0.1398,50.83266],[-0.1389,50.83172]]},"properties":{"name":"New England Street","category":"primary","osm_type":"way","osm_id":"1012462779","ref":"A270"}},{"type":"Feature","geometry":{"type":"LineString","coordinates":[[-0.11037,50.85128],[-0.11035,50.85136]]},"properties":{"name":"Lewes Road","category":"primary","osm_type":"way","osm_id":"1013911494","ref":"A270"}},{"type":"Feature","geometry":{"type":"LineString","coordinates":[[-0.11017,50.85135],[-0.11055,50.85041]]},"properties":{"name":"Lewes Road","category":"primary","osm_type":"way","osm_id":"1013911495","ref":"A270"}},{"type":"Feature","geometry":{"type":"LineString","coordinates":[[-0.11035,50.85136],[-0.1093,50.85397]]},"properties":{"name":"Lewes Road","category":"primary","osm_type":"way","osm_id":"1013911496","ref":"A270"}},{"type":"Feature","geometry":{"type":"LineString","coordinates":[[-0.43105,50.81596],[-0.43142,50.81586]]},"properties":{"name":"Goring Way","category":"primary","osm_type":"way","osm_id":"1014122927","ref":"A259"}},{"type":"Feature","geometry":{"type":"LineString","coordinates":[[-0.43144,50.81604],[-0.43105,50.81596]]},"properties":{"name":"Goring Way","category":"primary","osm_type":"way","osm_id":"1014122928","ref":"A259"}},{"type":"Feature","geometry":{"type":"LineString","coordinates":[[-0.48125,50.98628],[-0.47173,50.99714]]},"properties":{"name":"Stane Street","category":"primary","osm_type":"way","osm_id":"1015321077","ref":"A29"}},{"type":"Feature","geometry":{"type":"LineString","coordinates":[[-0.48132,50.98622],[-0.48125,50.98628]]},"properties":{"name":"Stane Street","category":"primary","osm_type":"way","osm_id":"1015321078","ref":"A29"}},{"type":"Feature","geometry":{"type":"LineString","coordinates":[[-0.31103,50.82265],[-0.30244,50.82448]]},"properties":{"name":"Brighton Road","category":"primary","osm_type":"way","osm_id":"1016578036","ref":"A259"}},{"type":"Feature","geometry":{"type":"LineString","coordinates":[[-0.32268,50.82126],[-0.31933,50.82177]]},"properties":{"name":"Brighton Road","category":"primary","osm_type":"way","osm_id":"1016578037","ref":"A259"}},{"type":"Feature","geometry":{"type":"LineString","coordinates":[[-0.32235,50.82569],[-0.32241,50.82559]]},"properties":{"name":"Grinstead Lane","category":"primary","osm_type":"way","osm_id":"1016578040","ref":"A2025"}},{"type":"Feature","geometry":{"type":"LineString","coordinates":[[-0.39164,50.82484],[-0.39166,50.82379]]},"properties":{"name":"Rectory Road","category":"primary","osm_type":"way","osm_id":"1016578046","ref":"A2031"}},{"type":"Feature","geometry":{"type":"LineString","coordinates":[[-0.39166,50.82379],[-0.3924,50.82262]]},"properties":{"name":"Rectory Road","category":"primary","osm_type":"way","osm_id":"1016578047","ref":"A2031"}},{"type":"Feature","geometry":{"type":"LineString","coordinates":[[-0.0247,50.86693],[-0.02315,50.86716]]},"properties":{"name":"A27","category":"trunk","osm_type":"way","osm_id":"1017712600","operator":"National Highways","ref":"A27"}},{"type":"Feature","geometry":{"type":"LineString","coordinates":[[-0.73798,50.98891],[-0.73797,50.98895]]},"properties":{"name":"North Street","category":"trunk","osm_type":"way","osm_id":"1017791878","ref":"A272"}},{"type":"Feature","geometry":{"type":"LineString","coordinates":[[-0.77923,50.84131],[-0.77873,50.84137]]},"properties":{"name":"Churchside","category":"primary","osm_type":"way","osm_id":"1017791879","ref":"A286"}},{"type":"Feature","geometry":{"type":"LineString","coordinates":[[-0.78418,50.83713],[-0.78424,50.83705]]},"properties":{"name":"Westgate Roundabout","category":"primary","osm_type":"way","osm_id":"1017791880"}},{"type":"Feature","geometry":{"type":"LineString","coordinates":[[-0.78448,50.83725],[-0.78432,50.83726]]},"properties":{"name":"Westgate Roundabout","category":"primary","osm_type":"way","osm_id":"1017791881"}},{"type":"Feature","geometry":{"type":"LineString","coordinates":[[-0.78432,50.83726],[-0.78418,50.83713]]},"properties":{"name":"Westgate Roundabout","category":"primary","osm_type":"way","osm_id":"1017791882"}},{"type":"Feature","geometry":{"type":"LineString","coordinates":[[-0.78021,50.83306],[-0.78013,50.83327]]},"properties":{"name":"Southgate","category":"primary","osm_type":"way","osm_id":"1017791883","ref":"A286"}},{"type":"Feature","geometry":{"type":"LineString","coordinates":[[-0.78408,50.83336],[-0.78384,50.83376]]},"properties":{"name":"Westgate Link Roundabout","category":"primary","osm_type":"way","osm_id":"1017791884"}},{"type":"Feature","geometry":{"type":"LineString","coordinates":[[-0.78384,50.83376],[-0.78369,50.83373]]},"properties":{"name":"Westgate Link Roundabout","category":"primary","osm_type":"way","osm_id":"1017791885"}},{"type":"Feature","geometry":{"type":"LineString","coordinates":[[-0.75481,50.83791],[-0.75471,50.83758]]},"properties":{"name":"Chichester Bypass","category":"trunk","osm_type":"way","osm_id":"1026827637","operator":"National Highways","ref":"A27"}},{"type":"Feature","geometry":{"type":"LineString","coordinates":[[-0.75439,50.84018],[-0.75487,50.83983]]},"properties":{"name":"Major roads","category":"trunk_link","osm_type":"way","osm_id":"1026983350"}},{"type":"Feature","geometry":{"type":"LineString","coordinates":[[-0.75479,50.8405],[-0.75439,50.84018]]},"properties":{"name":"Major roads","category":"trunk_link","osm_type":"way","osm_id":"1026983351"}},{"type":"Feature","geometry":{"type":"LineString","coordinates":[[-0.84917,50.84129],[-0.84901,50.84129]]},"properties":{"name":"Major roads","category":"primary","osm_type":"way","osm_id":"1029044856"}},{"type":"Feature","geometry":{"type":"LineString","coordinates":[[-0.8488,50.84102],[-0.84917,50.84129]]},"properties":{"name":"Major roads","category":"primary","osm_type":"way","osm_id":"1029044857"}},{"type":"Feature","geometry":{"type":"LineString","coordinates":[[-0.40373,50.81326],[-0.40389,50.81311]]},"properties":{"name":"Major roads","category":"primary","osm_type":"way","osm_id":"1031837783"}},{"type":"Feature","geometry":{"type":"LineString","coordinates":[[-0.40389,50.81311],[-0.40411,50.8132]]},"properties":{"name":"Major roads","category":"primary","osm_type":"way","osm_id":"1031837784"}},{"type":"Feature","geometry":{"type":"LineString","coordinates":[[-0.43182,50.81603],[-0.43154,50.81608]]},"properties":{"name":"Major roads","category":"primary","osm_type":"way","osm_id":"1031840110"}},{"type":"Feature","geometry":{"type":"LineString","coordinates":[[-0.43144,50.81604],[-0.43142,50.81586]]},"properties":{"name":"Major roads","category":"primary","osm_type":"way","osm_id":"1031840111"}},{"type":"Feature","geometry":{"type":"LineString","coordinates":[[-0.46925,50.81815],[-0.46923,50.81846]]},"properties":{"name":"Roundstone Roundabout","category":"primary","osm_type":"way","osm_id":"1031841055"}},{"type":"Feature","geometry":{"type":"LineString","coordinates":[[-0.46917,50.81809],[-0.46925,50.81815]]},"properties":{"name":"Roundstone Roundabout","category":"primary","osm_type":"way","osm_id":"1031841056"}},{"type":"Feature","geometry":{"type":"LineString","coordinates":[[-0.4688,50.81805],[-0.46917,50.81809]]},"properties":{"name":"Roundstone Roundabout","category":"primary","osm_type":"way","osm_id":"1031841057"}},{"type":"Feature","geometry":{"type":"LineString","coordinates":[[-0.46859,50.81815],[-0.4688,50.81805]]},"properties":{"name":"Roundstone Roundabout","category":"primary","osm_type":"way","osm_id":"1031841058"}},{"type":"Feature","geometry":{"type":"LineString","coordinates":[[-0.46855,50.8184],[-0.46859,50.81815]]},"properties":{"name":"Roundstone Roundabout","category":"primary","osm_type":"way","osm_id":"1031841059"}},{"type":"Feature","geometry":{"type":"LineString","coordinates":[[-0.39457,50.99438],[-0.39157,50.9947]]},"properties":{"name":"Cowfold Road","category":"trunk","osm_type":"way","osm_id":"1037151261","ref":"A272"}},{"type":"Feature","geometry":{"type":"LineString","coordinates":[[-0.39521,50.99431],[-0.395,50.99433]]},"properties":{"name":"Cowfold Road","category":"trunk","osm_type":"way","osm_id":"1037151262","ref":"A272"}},{"type":"Feature","geometry":{"type":"LineString","coordinates":[[-0.01765,50.94933],[-0.01643,50.95197]]},"properties":{"name":"South Street","category":"primary","osm_type":"way","osm_id":"1039106928","ref":"A275"}},{"type":"Feature","geometry":{"type":"LineString","coordinates":[[-0.53932,50.83551],[-0.53984,50.8364]]},"properties":{"name":"Lyminster Road","category":"primary","osm_type":"way","osm_id":"1040554319","ref":"A284"}},{"type":"Feature","geometry":{"type":"LineString","coordinates":[[-0.34075,50.99164],[-0.34073,50.99211]]},"properties":{"name":"Major roads","category":"trunk_link","osm_type":"way","osm_id":"1042750178"}},{"type":"Feature","geometry":{"type":"LineString","coordinates":[[-0.14941,50.94935],[-0.14934,50.94918]]},"properties":{"name":"Major roads","category":"primary","osm_type":"way","osm_id":"1049448235"}},{"type":"Feature","geometry":{"type":"LineString","coordinates":[[-0.72446,50.99519],[-0.71859,50.99268]]},"properties":{"name":"A272","category":"trunk","osm_type":"way","osm_id":"1049608541","ref":"A272"}},{"type":"Feature","geometry":{"type":"LineString","coordinates":[[-0.71859,50.99268],[-0.71648,50.99198]]},"properties":{"name":"A272","category":"trunk","osm_type":"way","osm_id":"1049608542","ref":"A272"}},{"type":"Feature","geometry":{"type":"LineString","coordinates":[[-0.01113,50.89538],[-0.01145,50.89788]]},"properties":{"name":"The Street","category":"primary","osm_type":"way","osm_id":"1053953123","ref":"A275"}},{"type":"Feature","geometry":{"type":"LineString","coordinates":[[-0.12917,50.83258],[-0.12909,50.83264]]},"properties":{"name":"Lewes Road","category":"primary","osm_type":"way","osm_id":"1055549932","ref":"A270"}},{"type":"Feature","geometry":{"type":"LineString","coordinates":[[-0.74677,50.98307],[-0.74699,50.98289]]},"properties":{"name":"Bepton Road","category":"primary","osm_type":"way","osm_id":"1061179063","ref":"A286"}},{"type":"Feature","geometry":{"type":"LineString","coordinates":[[-0.74066,50.98486],[-0.7408,50.98476]]},"properties":{"name":"Bepton Road","category":"primary","osm_type":"way","osm_id":"1061179064","ref":"A286"}},{"type":"Feature","geometry":{"type":"LineString","coordinates":[[-0.74001,50.9855],[-0.74066,50.98486]]},"properties":{"name":"Bepton Road","category":"primary","osm_type":"way","osm_id":"1061179065","ref":"A286"}},{"type":"Feature","geometry":{"type":"LineString","coordinates":[[-0.76838,50.90901],[-0.76962,50.90899]]},"properties":{"name":"A286","category":"primary","osm_type":"way","osm_id":"1061201667","ref":"A286"}},{"type":"Feature","geometry":{"type":"LineString","coordinates":[[-0.76806,50.90903],[-0.76838,50.90901]]},"properties":{"name":"A286","category":"primary","osm_type":"way","osm_id":"1061201668","ref":"A286"}},{"type":"Feature","geometry":{"type":"LineString","coordinates":[[-0.76695,50.90907],[-0.76806,50.90903]]},"properties":{"name":"A286","category":"primary","osm_type":"way","osm_id":"1061201669","ref":"A286"}},{"type":"Feature","geometry":{"type":"LineString","coordinates":[[-0.75645,50.90961],[-0.75677,50.90946]]},"properties":{"name":"A286","category":"primary","osm_type":"way","osm_id":"1061201670","ref":"A286"}},{"type":"Feature","geometry":{"type":"LineString","coordinates":[[-0.75423,50.91414],[-0.7544,50.91299]]},"properties":{"name":"A286","category":"primary","osm_type":"way","osm_id":"1061201671","ref":"A286"}},{"type":"Feature","geometry":{"type":"LineString","coordinates":[[-0.75455,50.91786],[-0.75377,50.91618]]},"properties":{"name":"A286","category":"primary","osm_type":"way","osm_id":"1061201672","ref":"A286"}},{"type":"Feature","geometry":{"type":"LineString","coordinates":[[-0.75274,50.83018],[-0.7545,50.83006]]},"properties":{"name":"Bognor Road","category":"trunk","osm_type":"way","osm_id":"1062266468","ref":"A259"}},{"type":"Feature","geometry":{"type":"LineString","coordinates":[[-0.73807,50.82647],[-0.73501,50.82537]]},"properties":{"name":"Bognor Road","category":"trunk","osm_type":"way","osm_id":"1062266487","ref":"A259"}},{"type":"Feature","geometry":{"type":"LineString","coordinates":[[-0.73312,50.82432],[-0.73193,50.82374]]},"properties":{"name":"Chichester Road","category":"trunk","osm_type":"way","osm_id":"1062266488","ref":"A259"}},{"type":"Feature","geometry":{"type":"LineString","coordinates":[[-0.73337,50.82447],[-0.73312,50.82432]]},"properties":{"name":"Chichester Road","category":"trunk","osm_type":"way","osm_id":"1062266489","ref":"A259"}},{"type":"Feature","geometry":{"type":"LineString","coordinates":[[-0.73054,50.82324],[-0.72933,50.82301]]},"properties":{"name":"Chichester Road","category":"trunk","osm_type":"way","osm_id":"1062266490","ref":"A259"}},{"type":"Feature","geometry":{"type":"LineString","coordinates":[[-0.73193,50.82374],[-0.73054,50.82324]]},"properties":{"name":"Chichester Road","category":"trunk","osm_type":"way","osm_id":"1062266491","ref":"A259"}},{"type":"Feature","geometry":{"type":"LineString","coordinates":[[-0.71688,50.82005],[-0.71635,50.81972]]},"properties":{"name":"Chichester Road","category":"trunk","osm_type":"way","osm_id":"1062266498","ref":"A259"}},{"type":"Feature","geometry":{"type":"LineString","coordinates":[[-0.71766,50.82047],[-0.71688,50.82005]]},"properties":{"name":"Chichester Road","category":"trunk","osm_type":"way","osm_id":"1062266499","ref":"A259"}},{"type":"Feature","geometry":{"type":"LineString","coordinates":[[-0.71565,50.81923],[-0.71137,50.8144],[-0.70668,50.81183]]},"properties":{"name":"Chichester Road","category":"trunk","osm_type":"way","osm_id":"1062266500","ref":"A259"}},{"type":"Feature","geometry":{"type":"LineString","coordinates":[[-0.71635,50.81972],[-0.71565,50.81923]]},"properties":{"name":"Chichester Road","category":"trunk","osm_type":"way","osm_id":"1062266501","ref":"A259"}},{"type":"Feature","geometry":{"type":"LineString","coordinates":[[-0.70653,50.81171],[-0.70627,50.81149]]},"properties":{"name":"Chichester Road","category":"trunk","osm_type":"way","osm_id":"1062266502","ref":"A259"}},{"type":"Feature","geometry":{"type":"LineString","coordinates":[[-0.70668,50.81183],[-0.70653,50.81171]]},"properties":{"name":"Chichester Road","category":"trunk","osm_type":"way","osm_id":"1062266503","ref":"A259"}},{"type":"Feature","geometry":{"type":"LineString","coordinates":[[-0.7058,50.8111],[-0.70524,50.8106]]},"properties":{"name":"Chichester Road","category":"trunk","osm_type":"way","osm_id":"1062266504","ref":"A259"}},{"type":"Feature","geometry":{"type":"LineString","coordinates":[[-0.70595,50.81122],[-0.7058,50.8111]]},"properties":{"name":"Chichester Road","category":"trunk","osm_type":"way","osm_id":"1062266505","ref":"A259"}},{"type":"Feature","geometry":{"type":"LineString","coordinates":[[-0.70627,50.81149],[-0.70595,50.81122]]},"properties":{"name":"Chichester Road","category":"trunk","osm_type":"way","osm_id":"1062266507","ref":"A259"}},{"type":"Feature","geometry":{"type":"LineString","coordinates":[[-0.70505,50.81043],[-0.70349,50.80902]]},"properties":{"name":"Chichester Road","category":"trunk","osm_type":"way","osm_id":"1062266508","ref":"A259"}},{"type":"Feature","geometry":{"type":"LineString","coordinates":[[-0.70524,50.8106],[-0.70505,50.81043]]},"properties":{"name":"Chichester Road","category":"trunk","osm_type":"way","osm_id":"1062266509","ref":"A259"}},{"type":"Feature","geometry":{"type":"LineString","coordinates":[[-0.75763,50.84277],[-0.75834,50.84325]]},"properties":{"name":"Portfield Way","category":"primary","osm_type":"way","osm_id":"1062729464","ref":"A285"}},{"type":"Feature","geometry":{"type":"LineString","coordinates":[[-0.75726,50.84259],[-0.75763,50.84277]]},"properties":{"name":"Portfield Way","category":"primary","osm_type":"way","osm_id":"1062729465","ref":"A285"}},{"type":"Feature","geometry":{"type":"LineString","coordinates":[[-0.75573,50.84188],[-0.75636,50.84219]]},"properties":{"name":"Portfield Way","category":"primary","osm_type":"way","osm_id":"1062729466","ref":"A285"}},{"type":"Feature","geometry":{"type":"LineString","coordinates":[[-0.75538,50.8417],[-0.75573,50.84188]]},"properties":{"name":"Portfield Way","category":"primary","osm_type":"way","osm_id":"1062729467","ref":"A285"}},{"type":"Feature","geometry":{"type":"LineString","coordinates":[[-0.75493,50.84107],[-0.75516,50.84159]]},"properties":{"name":"Chichester Bypass","category":"trunk","osm_type":"way","osm_id":"1062729468","operator":"National Highways","ref":"A27"}},{"type":"Feature","geometry":{"type":"LineString","coordinates":[[-0.76015,50.8426],[-0.76156,50.84193]]},"properties":{"name":"Westhampnett Road","category":"primary","osm_type":"way","osm_id":"1063389495","ref":"A285"}},{"type":"Feature","geometry":{"type":"LineString","coordinates":[[-0.76206,50.84171],[-0.76241,50.84156]]},"properties":{"name":"Westhampnett Road","category":"primary","osm_type":"way","osm_id":"1063389496","ref":"A285"}},{"type":"Feature","geometry":{"type":"LineString","coordinates":[[-0.78316,50.86527],[-0.78384,50.86393]]},"properties":{"name":"Lavant Road","category":"primary","osm_type":"way","osm_id":"1063401031","ref":"A286"}},{"type":"Feature","geometry":{"type":"LineString","coordinates":[[-0.78311,50.85775],[-0.78302,50.85752]]},"properties":{"name":"Lavant Road","category":"primary","osm_type":"way","osm_id":"1063401032","ref":"A286"}},{"type":"Feature","geometry":{"type":"LineString","coordinates":[[-0.782,50.85461],[-0.7813,50.85263]]},"properties":{"name":"Lavant Road","category":"primary","osm_type":"way","osm_id":"1063401033","ref":"A286"}},{"type":"Feature","geometry":{"type":"LineString","coordinates":[[-0.78211,50.85494],[-0.782,50.85461]]},"properties":{"name":"Lavant Road","category":"primary","osm_type":"way","osm_id":"1063401034","ref":"A286"}},{"type":"Feature","geometry":{"type":"LineString","coordinates":[[-0.78123,50.85249],[-0.78114,50.85232]]},"properties":{"name":"Lavant Road","category":"primary","osm_type":"way","osm_id":"1063401035","ref":"A286"}},{"type":"Feature","geometry":{"type":"LineString","coordinates":[[-0.7813,50.85263],[-0.78123,50.85249]]},"properties":{"name":"Lavant Road","category":"primary","osm_type":"way","osm_id":"1063401036","ref":"A286"}},{"type":"Feature","geometry":{"type":"LineString","coordinates":[[-0.77947,50.84833],[-0.77947,50.84817]]},"properties":{"name":"Broyle Road","category":"primary","osm_type":"way","osm_id":"1063401037","ref":"A286"}},{"type":"Feature","geometry":{"type":"LineString","coordinates":[[-0.78114,50.85232],[-0.77947,50.84833]]},"properties":{"name":"Broyle Road","category":"primary","osm_type":"way","osm_id":"1063401038","ref":"A286"}},{"type":"Feature","geometry":{"type":"LineString","coordinates":[[-0.78648,50.87153],[-0.78611,50.87063]]},"properties":{"name":"Midhurst Road","category":"primary","osm_type":"way","osm_id":"1064933442","ref":"A286"}},{"type":"Feature","geometry":{"type":"LineString","coordinates":[[-0.78674,50.8718],[-0.78648,50.87153]]},"properties":{"name":"Midhurst Road","category":"primary","osm_type":"way","osm_id":"1064933443","ref":"A286"}},{"type":"Feature","geometry":{"type":"LineString","coordinates":[[-0.79002,50.87568],[-0.78994,50.8755]]},"properties":{"name":"Midhurst Road","category":"primary","osm_type":"way","osm_id":"1064945160","ref":"A286"}},{"type":"Feature","geometry":{"type":"LineString","coordinates":[[-0.79068,50.877],[-0.79002,50.87568]]},"properties":{"name":"Midhurst Road","category":"primary","osm_type":"way","osm_id":"1064945161","ref":"A286"}},{"type":"Feature","geometry":{"type":"LineString","coordinates":[[-0.79078,50.87719],[-0.79068,50.877]]},"properties":{"name":"Midhurst Road","category":"primary","osm_type":"way","osm_id":"1065703433","ref":"A286"}},{"type":"Feature","geometry":{"type":"LineString","coordinates":[[-0.79115,50.87784],[-0.79078,50.87719]]},"properties":{"name":"Midhurst Road","category":"primary","osm_type":"way","osm_id":"1065703434","ref":"A286"}},{"type":"Feature","geometry":{"type":"LineString","coordinates":[[-0.73384,50.99137],[-0.73346,50.99158]]},"properties":{"name":"Easebourne Lane","category":"trunk","osm_type":"way","osm_id":"1066249973","ref":"A272"}},{"type":"Feature","geometry":{"type":"LineString","coordinates":[[-0.73395,50.99132],[-0.73384,50.99137]]},"properties":{"name":"Easebourne Lane","category":"trunk","osm_type":"way","osm_id":"1066249974","ref":"A272"}},{"type":"Feature","geometry":{"type":"LineString","coordinates":[[-0.2725,50.9898],[-0.27167,50.98921]]},"properties":{"name":"Bolney Road","category":"trunk","osm_type":"way","osm_id":"1066695509","ref":"A272"}},{"type":"Feature","geometry":{"type":"LineString","coordinates":[[-0.3423,50.99248],[-0.34089,50.99229]]},"properties":{"name":"Coolham Road","category":"trunk","osm_type":"way","osm_id":"1078670906","ref":"A272"}},{"type":"Feature","geometry":{"type":"LineString","coordinates":[[-0.34093,50.98984],[-0.34113,50.9889]]},"properties":{"name":"Worthing Road","category":"trunk","osm_type":"way","osm_id":"1083614207","ref":"A24"}},{"type":"Feature","geometry":{"type":"LineString","coordinates":[[-0.34032,50.9925],[-0.34034,50.99207]]},"properties":{"name":"Major roads","category":"trunk_link","osm_type":"way","osm_id":"1083614208"}},{"type":"Feature","geometry":{"type":"LineString","coordinates":[[-0.34235,50.98002],[-0.34239,50.97969]]},"properties":{"name":"Worthing Road","category":"trunk","osm_type":"way","osm_id":"1083614209","ref":"A24"}},{"type":"Feature","geometry":{"type":"LineString","coordinates":[[-0.34239,50.97969],[-0.34254,50.97905]]},"properties":{"name":"Worthing Road","category":"trunk","osm_type":"way","osm_id":"1083614210","ref":"A24"}},{"type":"Feature","geometry":{"type":"LineString","coordinates":[[-0.34271,50.97806],[-0.34273,50.97783]]},"properties":{"name":"Worthing Road","category":"trunk","osm_type":"way","osm_id":"1083614211","ref":"A24"}},{"type":"Feature","geometry":{"type":"LineString","coordinates":[[-0.34273,50.97783],[-0.34272,50.97755]]},"properties":{"name":"Worthing Road","category":"trunk","osm_type":"way","osm_id":"1083614212","ref":"A24"}},{"type":"Feature","geometry":{"type":"LineString","coordinates":[[-0.3428,50.97894],[-0.34257,50.98004]]},"properties":{"name":"Worthing Road","category":"trunk","osm_type":"way","osm_id":"1083614213","ref":"A24"}},{"type":"Feature","geometry":{"type":"LineString","coordinates":[[-0.33974,50.99502],[-0.33915,50.99797]]},"properties":{"name":"Worthing Road","category":"trunk","osm_type":"way","osm_id":"1083614214","ref":"A24"}},{"type":"Feature","geometry":{"type":"LineString","coordinates":[[-0.33915,50.99797],[-0.33951,50.99902]]},"properties":{"name":"Worthing Road","category":"trunk","osm_type":"way","osm_id":"1083614215","ref":"A24"}},{"type":"Feature","geometry":{"type":"LineString","coordinates":[[-0.14442,50.82158],[-0.1443,50.82182]]},"properties":{"name":"West Street","category":"primary","osm_type":"way","osm_id":"1087323722","ref":"A2010"}},{"type":"Feature","geometry":{"type":"LineString","coordinates":[[-0.14949,50.82142],[-0.15078,50.82164]]},"properties":{"name":"King's Road","category":"primary","osm_type":"way","osm_id":"1087334875","ref":"A259"}},{"type":"Feature","geometry":{"type":"LineString","coordinates":[[-0.15143,50.82175],[-0.1516,50.82177]]},"properties":{"name":"King's Road","category":"primary","osm_type":"way","osm_id":"1087334876","ref":"A259"}},{"type":"Feature","geometry":{"type":"LineString","coordinates":[[-0.15116,50.8218],[-0.15037,50.82166]]},"properties":{"name":"King's Road","category":"primary","osm_type":"way","osm_id":"1087334877","ref":"A259"}},{"type":"Feature","geometry":{"type":"LineString","coordinates":[[-0.15183,50.82192],[-0.15116,50.8218]]},"properties":{"name":"King's Road","category":"primary","osm_type":"way","osm_id":"1087334878","ref":"A259"}},{"type":"Feature","geometry":{"type":"LineString","coordinates":[[-0.01064,50.89149],[-0.01072,50.89174]]},"properties":{"name":"Offham Road","category":"primary","osm_type":"way","osm_id":"1096307038","ref":"A275"}},{"type":"Feature","geometry":{"type":"LineString","coordinates":[[-0.81177,50.83543],[-0.81565,50.83579]]},"properties":{"name":"Fishbourne Road West","category":"primary","osm_type":"way","osm_id":"1099684562","ref":"A259"}},{"type":"Feature","geometry":{"type":"LineString","coordinates":[[-0.76803,50.82596],[-0.76877,50.82611]]},"properties":{"name":"Chichester Bypass","category":"trunk","osm_type":"way","osm_id":"1100710891","operator":"National Highways","ref":"A27"}},{"type":"Feature","geometry":{"type":"LineString","coordinates":[[-0.76739,50.82627],[-0.7665,50.82611]]},"properties":{"name":"Chichester Bypass","category":"trunk","osm_type":"way","osm_id":"1100710892","operator":"National Highways","ref":"A27"}},{"type":"Feature","geometry":{"type":"LineString","coordinates":[[-0.78303,50.82735],[-0.78148,50.82681]]},"properties":{"name":"Chichester Bypass","category":"trunk","osm_type":"way","osm_id":"1100712082","operator":"National Highways","ref":"A27"}},{"type":"Feature","geometry":{"type":"LineString","coordinates":[[-0.78469,50.82772],[-0.78514,50.82798]]},"properties":{"name":"Chichester Bypass","category":"trunk","osm_type":"way","osm_id":"1100712083","operator":"National Highways","ref":"A27"}},{"type":"Feature","geometry":{"type":"LineString","coordinates":[[-0.40781,50.90918],[-0.40835,50.90886]]},"properties":{"name":"A24","category":"trunk","osm_type":"way","osm_id":"1101295017","ref":"A24"}},{"type":"Feature","geometry":{"type":"LineString","coordinates":[[-0.27298,50.99064],[-0.27279,50.99062]]},"properties":{"name":"Station Road","category":"trunk","osm_type":"way","osm_id":"1101295978","ref":"A272"}},{"type":"Feature","geometry":{"type":"LineString","coordinates":[[-0.27279,50.99062],[-0.27269,50.99043]]},"properties":{"name":"The Street","category":"trunk","osm_type":"way","osm_id":"1101295979","ref":"A272"}},{"type":"Feature","geometry":{"type":"LineString","coordinates":[[-0.99353,50.84899],[-0.99554,50.84916]]},"properties":{"name":"A27","category":"trunk","osm_type":"way","osm_id":"1102507157","operator":"National Highways","ref":"A27"}},{"type":"Feature","geometry":{"type":"LineString","coordinates":[[-0.3146,50.98932],[-0.31003,50.98995],[-0.30401,50.99179]]},"properties":{"name":"Cowfold Road","category":"trunk","osm_type":"way","osm_id":"1102856020","ref":"A272"}},{"type":"Feature","geometry":{"type":"LineString","coordinates":[[-0.02924,50.86654],[-0.0247,50.86693]]},"properties":{"name":"A27","category":"trunk","osm_type":"way","osm_id":"1105878491","operator":"National Highways","ref":"A27"}},{"type":"Feature","geometry":{"type":"LineString","coordinates":[[-0.05632,50.80337],[-0.0557,50.80314]]},"properties":{"name":"Marine Drive","category":"primary","osm_type":"way","osm_id":"1106768609","ref":"A259"}},{"type":"Feature","geometry":{"type":"LineString","coordinates":[[-0.19915,50.83805],[-0.19932,50.83804]]},"properties":{"name":"Old Shoreham Road","category":"primary","osm_type":"way","osm_id":"1106775346","ref":"A270"}},{"type":"Feature","geometry":{"type":"LineString","coordinates":[[-0.19933,50.83814],[-0.19916,50.83814]]},"properties":{"name":"Old Shoreham Road","category":"primary","osm_type":"way","osm_id":"1106775347","ref":"A270"}},{"type":"Feature","geometry":{"type":"LineString","coordinates":[[-0.2746,50.83169],[-0.27268,50.83211]]},"properties":{"name":"Brighton Road","category":"primary","osm_type":"way","osm_id":"1106776230","ref":"A259"}},{"type":"Feature","geometry":{"type":"LineString","coordinates":[[-0.40797,50.81294],[-0.40901,50.81287]]},"properties":{"name":"Goring Road","category":"primary","osm_type":"way","osm_id":"1106788771","ref":"A259"}},{"type":"Feature","geometry":{"type":"LineString","coordinates":[[-0.40902,50.81294],[-0.40872,50.81296]]},"properties":{"name":"Goring Road","category":"primary","osm_type":"way","osm_id":"1106788772","ref":"A259"}},{"type":"Feature","geometry":{"type":"LineString","coordinates":[[-0.43259,50.84019],[-0.42785,50.84004]]},"properties":{"name":"Arundel Road","category":"trunk","osm_type":"way","osm_id":"1106790997","operator":"National Highways","ref":"A27"}},{"type":"Feature","geometry":{"type":"LineString","coordinates":[[-0.4333,50.84027],[-0.43259,50.84019]]},"properties":{"name":"Arundel Road","category":"trunk","osm_type":"way","osm_id":"1106790998","operator":"National Highways","ref":"A27"}},{"type":"Feature","geometry":{"type":"LineString","coordinates":[[-0.43264,50.84006],[-0.43333,50.84014]]},"properties":{"name":"Arundel Road","category":"trunk","osm_type":"way","osm_id":"1106790999","operator":"National Highways","ref":"A27"}},{"type":"Feature","geometry":{"type":"LineString","coordinates":[[-0.42187,50.84078],[-0.42716,50.83994],[-0.43264,50.84006]]},"properties":{"name":"Arundel Road","category":"trunk","osm_type":"way","osm_id":"1106791000","operator":"National Highways","ref":"A27"}},{"type":"Feature","geometry":{"type":"LineString","coordinates":[[-0.6103,50.98636],[-0.6104,50.98616]]},"properties":{"name":"Market Square","category":"trunk","osm_type":"way","osm_id":"1106795939","ref":"A272"}},{"type":"Feature","geometry":{"type":"LineString","coordinates":[[-0.27482,50.83167],[-0.2746,50.83169]]},"properties":{"name":"High Street","category":"primary","osm_type":"way","osm_id":"1107387629","ref":"A259"}},{"type":"Feature","geometry":{"type":"LineString","coordinates":[[-0.28626,50.84051],[-0.28622,50.84033]]},"properties":{"name":"Steyning Road","category":"primary","osm_type":"way","osm_id":"1117193032","ref":"A283"}},{"type":"Feature","geometry":{"type":"LineString","coordinates":[[-0.54818,50.84988],[-0.54857,50.84995]]},"properties":{"name":"The Causeway","category":"trunk","osm_type":"way","osm_id":"1118883260","operator":"National Highways","ref":"A27"}},{"type":"Feature","geometry":{"type":"LineString","coordinates":[[-0.54982,50.84988],[-0.55038,50.84984]]},"properties":{"name":"A27","category":"trunk","osm_type":"way","osm_id":"1118883262","operator":"National Highways","ref":"A27"}},{"type":"Feature","geometry":{"type":"LineString","coordinates":[[-0.54069,50.84546],[-0.54071,50.84537]]},"properties":{"name":"Lyminster Road","category":"trunk","osm_type":"way","osm_id":"1118886316","operator":"National Highways","ref":"A27"}},{"type":"Feature","geometry":{"type":"LineString","coordinates":[[-0.56059,50.85214],[-0.56054,50.85211]]},"properties":{"name":"Arundel Bypass","category":"trunk","osm_type":"way","osm_id":"1118888338","operator":"National Highways","ref":"A27"}},{"type":"Feature","geometry":{"type":"LineString","coordinates":[[-0.56261,50.85282],[-0.56227,50.85268]]},"properties":{"name":"Chichester Road","category":"trunk","osm_type":"way","osm_id":"1118888341","operator":"National Highways","ref":"A27"}},{"type":"Feature","geometry":{"type":"LineString","coordinates":[[-0.56176,50.85275],[-0.56157,50.85289]]},"properties":{"name":"Major roads","category":"trunk","osm_type":"way","osm_id":"1118888342","operator":"National Highways"}},{"type":"Feature","geometry":{"type":"LineString","coordinates":[[-0.3916,50.8255],[-0.39164,50.82484]]},"properties":{"name":"Rectory Road","category":"primary","osm_type":"way","osm_id":"1119180421","ref":"A2031"}},{"type":"Feature","geometry":{"type":"LineString","coordinates":[[-0.16177,50.83609],[-0.16202,50.83617]]},"properties":{"name":"Old Shoreham Road","category":"primary","osm_type":"way","osm_id":"1126386137","ref":"A270"}},{"type":"Feature","geometry":{"type":"LineString","coordinates":[[-0.27772,50.8323],[-0.27735,50.8322]]},"properties":{"name":"High Street","category":"primary","osm_type":"way","osm_id":"1126386140","ref":"A259"}},{"type":"Feature","geometry":{"type":"LineString","coordinates":[[-0.21644,50.83855],[-0.21699,50.83853]]},"properties":{"name":"Old Shoreham Road","category":"primary","osm_type":"way","osm_id":"1126386142","ref":"A270"}},{"type":"Feature","geometry":{"type":"LineString","coordinates":[[-0.17802,50.84131],[-0.17815,50.8414]]},"properties":{"name":"Nevill Road","category":"primary","osm_type":"way","osm_id":"1126386144","ref":"A2023"}},{"type":"Feature","geometry":{"type":"LineString","coordinates":[[-0.14718,50.83021],[-0.14736,50.83061]]},"properties":{"name":"Dyke Road","category":"primary","osm_type":"way","osm_id":"1126386145","ref":"A2010"}},{"type":"Feature","geometry":{"type":"LineString","coordinates":[[-0.77466,50.84023],[-0.77472,50.84035]]},"properties":{"name":"New Park Road","category":"primary","osm_type":"way","osm_id":"1127459887","ref":"A286"}},{"type":"Feature","geometry":{"type":"LineString","coordinates":[[-0.3984,50.84961],[-0.39809,50.849]]},"properties":{"name":"Findon Road","category":"trunk","osm_type":"way","osm_id":"1137264633","ref":"A24"}},{"type":"Feature","geometry":{"type":"LineString","coordinates":[[-0.39809,50.849],[-0.3984,50.84961]]},"properties":{"name":"Findon Road","category":"trunk","osm_type":"way","osm_id":"1137264634","ref":"A24"}},{"type":"Feature","geometry":{"type":"LineString","coordinates":[[-0.4028,50.85761],[-0.3984,50.84961]]},"properties":{"name":"Findon Road","category":"trunk","osm_type":"way","osm_id":"1137264635","ref":"A24"}},{"type":"Feature","geometry":{"type":"LineString","coordinates":[[-0.98356,50.84839],[-0.98358,50.84759]]},"properties":{"name":"Langstone Roundabout","category":"primary","osm_type":"way","osm_id":"1145935014","ref":"A3023"}},{"type":"Feature","geometry":{"type":"LineString","coordinates":[[-0.98425,50.84845],[-0.98356,50.84839]]},"properties":{"name":"Langstone Roundabout","category":"primary","osm_type":"way","osm_id":"1145935015","ref":"A3023"}},{"type":"Feature","geometry":{"type":"LineString","coordinates":[[-0.98358,50.84759],[-0.98363,50.84757]]},"properties":{"name":"Langstone Roundabout","category":"primary","osm_type":"way","osm_id":"1145935016","ref":"A3023"}},{"type":"Feature","geometry":{"type":"LineString","coordinates":[[-0.98363,50.84757],[-0.98424,50.84757]]},"properties":{"name":"Langstone Roundabout","category":"primary","osm_type":"way","osm_id":"1145935017","ref":"A3023"}},{"type":"Feature","geometry":{"type":"LineString","coordinates":[[-0.98424,50.84757],[-0.98432,50.84763]]},"properties":{"name":"Langstone Roundabout","category":"primary","osm_type":"way","osm_id":"1145935018","ref":"A3023"}},{"type":"Feature","geometry":{"type":"LineString","coordinates":[[-0.19228,50.84501],[-0.19234,50.84499]]},"properties":{"name":"Hangleton Road","category":"primary","osm_type":"way","osm_id":"1153426494","ref":"A2038"}},{"type":"Feature","geometry":{"type":"LineString","coordinates":[[-0.1922,50.84504],[-0.19228,50.84501]]},"properties":{"name":"Hangleton Road","category":"primary","osm_type":"way","osm_id":"1153426495","ref":"A2038"}},{"type":"Feature","geometry":{"type":"LineString","coordinates":[[-0.19193,50.84519],[-0.19197,50.84517]]},"properties":{"name":"Hangleton Road","category":"primary","osm_type":"way","osm_id":"1153426496","ref":"A2038"}},{"type":"Feature","geometry":{"type":"LineString","coordinates":[[-0.30115,50.83973],[-0.30212,50.83954]]},"properties":{"name":"Major roads","category":"trunk","osm_type":"way","osm_id":"1156078478","operator":"National Highways"}},{"type":"Feature","geometry":{"type":"LineString","coordinates":[[-0.47173,50.99714],[-0.46911,51.00043]]},"properties":{"name":"Stane Street","category":"primary","osm_type":"way","osm_id":"1164446930","ref":"A29"}},{"type":"Feature","geometry":{"type":"LineString","coordinates":[[-0.52898,50.82012],[-0.52839,50.82035]]},"properties":{"name":"The Body Shop Roundabout","category":"primary","osm_type":"way","osm_id":"1164577581"}},{"type":"Feature","geometry":{"type":"LineString","coordinates":[[-0.52958,50.82011],[-0.52898,50.82012]]},"properties":{"name":"Worthing Road","category":"primary","osm_type":"way","osm_id":"1164577582","ref":"A259"}},{"type":"Feature","geometry":{"type":"LineString","coordinates":[[-0.20269,50.83802],[-0.20343,50.83801]]},"properties":{"name":"Old Shoreham Road","category":"primary","osm_type":"way","osm_id":"1164680014","ref":"A270"}},{"type":"Feature","geometry":{"type":"LineString","coordinates":[[-0.18122,50.83896],[-0.18106,50.83899]]},"properties":{"name":"Old Shoreham Road","category":"primary","osm_type":"way","osm_id":"1164680015","ref":"A270"}},{"type":"Feature","geometry":{"type":"LineString","coordinates":[[-0.18088,50.83893],[-0.18098,50.83892]]},"properties":{"name":"Old Shoreham Road","category":"primary","osm_type":"way","osm_id":"1164680016","ref":"A270"}},{"type":"Feature","geometry":{"type":"LineString","coordinates":[[-0.18087,50.839],[-0.18067,50.83901]]},"properties":{"name":"Old Shoreham Road","category":"primary","osm_type":"way","osm_id":"1164680017","ref":"A270"}},{"type":"Feature","geometry":{"type":"LineString","coordinates":[[-0.18058,50.83895],[-0.18088,50.83893]]},"properties":{"name":"Old Shoreham Road","category":"primary","osm_type":"way","osm_id":"1164680018","ref":"A270"}},{"type":"Feature","geometry":{"type":"LineString","coordinates":[[-0.17815,50.83893],[-0.17794,50.83891]]},"properties":{"name":"Old Shoreham Road","category":"primary","osm_type":"way","osm_id":"1164680020","ref":"A270"}},{"type":"Feature","geometry":{"type":"LineString","coordinates":[[-0.17767,50.83892],[-0.17794,50.83891]]},"properties":{"name":"Old Shoreham Road","category":"primary","osm_type":"way","osm_id":"1164680021","ref":"A270"}},{"type":"Feature","geometry":{"type":"LineString","coordinates":[[-0.1767,50.83892],[-0.17693,50.83892]]},"properties":{"name":"Old Shoreham Road","category":"primary","osm_type":"way","osm_id":"1164680023","ref":"A270"}},{"type":"Feature","geometry":{"type":"LineString","coordinates":[[-0.17456,50.83893],[-0.17493,50.83893]]},"properties":{"name":"Old Shoreham Road","category":"primary","osm_type":"way","osm_id":"1164680024","ref":"A270"}},{"type":"Feature","geometry":{"type":"LineString","coordinates":[[-0.17493,50.83893],[-0.17533,50.83894]]},"properties":{"name":"Old Shoreham Road","category":"primary","osm_type":"way","osm_id":"1164680025","ref":"A270"}},{"type":"Feature","geometry":{"type":"LineString","coordinates":[[-0.17363,50.83894],[-0.17405,50.83894]]},"properties":{"name":"Old Shoreham Road","category":"primary","osm_type":"way","osm_id":"1164680026","ref":"A270"}},{"type":"Feature","geometry":{"type":"LineString","coordinates":[[-0.17303,50.83895],[-0.17363,50.83894]]},"properties":{"name":"Old Shoreham Road","category":"primary","osm_type":"way","osm_id":"1164680027","ref":"A270"}},{"type":"Feature","geometry":{"type":"LineString","coordinates":[[-0.17164,50.83895],[-0.17303,50.83895]]},"properties":{"name":"Old Shoreham Road","category":"primary","osm_type":"way","osm_id":"1164680028","ref":"A270"}},{"type":"Feature","geometry":{"type":"LineString","coordinates":[[-0.17123,50.83888],[-0.17164,50.83895]]},"properties":{"name":"Old Shoreham Road","category":"primary","osm_type":"way","osm_id":"1164680029","ref":"A270"}},{"type":"Feature","geometry":{"type":"LineString","coordinates":[[-0.16939,50.83841],[-0.17025,50.83866]]},"properties":{"name":"Old Shoreham Road","category":"primary","osm_type":"way","osm_id":"1164680030","ref":"A270"}},{"type":"Feature","geometry":{"type":"LineString","coordinates":[[-0.16914,50.83834],[-0.16939,50.83841]]},"properties":{"name":"Old Shoreham Road","category":"primary","osm_type":"way","osm_id":"1164680031","ref":"A270"}},{"type":"Feature","geometry":{"type":"LineString","coordinates":[[-0.16905,50.83831],[-0.16914,50.83834]]},"properties":{"name":"Old Shoreham Road","category":"primary","osm_type":"way","osm_id":"1164680032","ref":"A270"}},{"type":"Feature","geometry":{"type":"LineString","coordinates":[[-0.16847,50.83814],[-0.16905,50.83831]]},"properties":{"name":"Old Shoreham Road","category":"primary","osm_type":"way","osm_id":"1164680033","ref":"A270"}},{"type":"Feature","geometry":{"type":"LineString","coordinates":[[-0.16595,50.83737],[-0.16609,50.83741]]},"properties":{"name":"Old Shoreham Road","category":"primary","osm_type":"way","osm_id":"1164680034","ref":"A270"}},{"type":"Feature","geometry":{"type":"LineString","coordinates":[[-0.16609,50.83741],[-0.16616,50.83744]]},"properties":{"name":"Old Shoreham Road","category":"primary","osm_type":"way","osm_id":"1164680036","ref":"A270"}},{"type":"Feature","geometry":{"type":"LineString","coordinates":[[-0.19381,50.84464],[-0.19348,50.84472]]},"properties":{"name":"Hangleton Road","category":"primary","osm_type":"way","osm_id":"1164701249","ref":"A2038"}},{"type":"Feature","geometry":{"type":"LineString","coordinates":[[-0.19402,50.84462],[-0.19381,50.84464]]},"properties":{"name":"Hangleton Road","category":"primary","osm_type":"way","osm_id":"1164701250","ref":"A2038"}},{"type":"Feature","geometry":{"type":"LineString","coordinates":[[-0.19437,50.84454],[-0.19427,50.84456]]},"properties":{"name":"Hangleton Road","category":"primary","osm_type":"way","osm_id":"1164701251","ref":"A2038"}},{"type":"Feature","geometry":{"type":"LineString","coordinates":[[-0.19603,50.84431],[-0.19578,50.84434]]},"properties":{"name":"Hangleton Road","category":"primary","osm_type":"way","osm_id":"1164701252","ref":"A2038"}},{"type":"Feature","geometry":{"type":"LineString","coordinates":[[-0.19578,50.84434],[-0.19565,50.84436]]},"properties":{"name":"Hangleton Road","category":"primary","osm_type":"way","osm_id":"1164701254","ref":"A2038"}},{"type":"Feature","geometry":{"type":"LineString","coordinates":[[-0.19565,50.84436],[-0.1954,50.84438]]},"properties":{"name":"Hangleton Road","category":"primary","osm_type":"way","osm_id":"1164701255","ref":"A2038"}},{"type":"Feature","geometry":{"type":"LineString","coordinates":[[-0.19477,50.84447],[-0.19437,50.84454]]},"properties":{"name":"Hangleton Road","category":"primary","osm_type":"way","osm_id":"1164701256","ref":"A2038"}},{"type":"Feature","geometry":{"type":"LineString","coordinates":[[-0.19404,50.84453],[-0.19412,50.84451]]},"properties":{"name":"Hangleton Road","category":"primary","osm_type":"way","osm_id":"1164701257","ref":"A2038"}},{"type":"Feature","geometry":{"type":"LineString","coordinates":[[-0.19412,50.84451],[-0.1942,50.8445]]},"properties":{"name":"Hangleton Road","category":"primary","osm_type":"way","osm_id":"1164701258","ref":"A2038"}},{"type":"Feature","geometry":{"type":"LineString","coordinates":[[-0.19308,50.8448],[-0.19287,50.84486]]},"properties":{"name":"Hangleton Road","category":"primary","osm_type":"way","osm_id":"1164701259","ref":"A2038"}},{"type":"Feature","geometry":{"type":"LineString","coordinates":[[-0.17695,50.84412],[-0.177,50.84442]]},"properties":{"name":"Major roads","category":"primary_link","osm_type":"way","osm_id":"1164722980"}},{"type":"Feature","geometry":{"type":"LineString","coordinates":[[-0.17769,50.8448],[-0.17704,50.84445]]},"properties":{"name":"Nevill Road","category":"primary","osm_type":"way","osm_id":"1164722981","ref":"A2023"}},{"type":"Feature","geometry":{"type":"LineString","coordinates":[[-0.17704,50.84445],[-0.17682,50.8443]]},"properties":{"name":"Nevill Road","category":"primary","osm_type":"way","osm_id":"1164722982","ref":"A2023"}},{"type":"Feature","geometry":{"type":"LineString","coordinates":[[-0.37164,50.81544],[-0.37172,50.81565]]},"properties":{"name":"Chapel Road","category":"primary","osm_type":"way","osm_id":"1167364093","ref":"A259"}},{"type":"Feature","geometry":{"type":"LineString","coordinates":[[-0.75487,50.83983],[-0.75481,50.83791]]},"properties":{"name":"Chichester Bypass","category":"trunk","osm_type":"way","osm_id":"1167367845","operator":"National Highways","ref":"A27"}},{"type":"Feature","geometry":{"type":"LineString","coordinates":[[-0.79133,50.82268],[-0.79482,50.82201]]},"properties":{"name":"Birdham Road","category":"primary","osm_type":"way","osm_id":"1167368933","ref":"A286"}},{"type":"Feature","geometry":{"type":"LineString","coordinates":[[-0.37156,50.81518],[-0.37164,50.81544]]},"properties":{"name":"Chapel Road","category":"primary","osm_type":"way","osm_id":"1167767753","ref":"A259"}},{"type":"Feature","geometry":{"type":"LineString","coordinates":[[-0.37153,50.81395],[-0.37127,50.81408]]},"properties":{"name":"Richmond Road","category":"primary_link","osm_type":"way","osm_id":"1167783764","ref":"A259"}},{"type":"Feature","geometry":{"type":"LineString","coordinates":[[-0.37178,50.81393],[-0.37153,50.81395]]},"properties":{"name":"Richmond Road","category":"primary","osm_type":"way","osm_id":"1167783765","ref":"A259"}},{"type":"Feature","geometry":{"type":"LineString","coordinates":[[-0.37109,50.81402],[-0.37117,50.8142]]},"properties":{"name":"Chapel Road","category":"primary","osm_type":"way","osm_id":"1167783766","ref":"A259"}},{"type":"Feature","geometry":{"type":"LineString","coordinates":[[-0.37153,50.81395],[-0.37109,50.81402]]},"properties":{"name":"Richmond Road","category":"primary","osm_type":"way","osm_id":"1167783767","ref":"A259"}},{"type":"Feature","geometry":{"type":"LineString","coordinates":[[-0.37153,50.81575],[-0.36899,50.81507]]},"properties":{"name":"North Street","category":"primary","osm_type":"way","osm_id":"1167787351","ref":"A259"}},{"type":"Feature","geometry":{"type":"LineString","coordinates":[[-0.36848,50.8147],[-0.36897,50.81495]]},"properties":{"name":"North Street","category":"primary","osm_type":"way","osm_id":"1167787352","ref":"A259"}},{"type":"Feature","geometry":{"type":"LineString","coordinates":[[-0.36829,50.8148],[-0.36823,50.81472]]},"properties":{"name":"High Street Roundabout","category":"primary","osm_type":"way","osm_id":"1167792483"}},{"type":"Feature","geometry":{"type":"LineString","coordinates":[[-0.36848,50.8147],[-0.36836,50.81481]]},"properties":{"name":"High Street Roundabout","category":"primary","osm_type":"way","osm_id":"1167792484"}},{"type":"Feature","geometry":{"type":"LineString","coordinates":[[-0.36843,50.81466],[-0.36848,50.8147]]},"properties":{"name":"High Street Roundabout","category":"primary","osm_type":"way","osm_id":"1167792485"}},{"type":"Feature","geometry":{"type":"LineString","coordinates":[[-0.36825,50.81468],[-0.36843,50.81466]]},"properties":{"name":"High Street Roundabout","category":"primary","osm_type":"way","osm_id":"1167792486"}},{"type":"Feature","geometry":{"type":"LineString","coordinates":[[-0.36897,50.81495],[-0.37155,50.81564]]},"properties":{"name":"North Street","category":"primary","osm_type":"way","osm_id":"1167792495","ref":"A259"}},{"type":"Feature","geometry":{"type":"LineString","coordinates":[[-0.37127,50.81408],[-0.37117,50.8142]]},"properties":{"name":"Richmond Road","category":"primary_link","osm_type":"way","osm_id":"1168027263","ref":"A259"}},{"type":"Feature","geometry":{"type":"LineString","coordinates":[[-0.36892,50.81504],[-0.36836,50.81481]]},"properties":{"name":"North Street","category":"primary","osm_type":"way","osm_id":"1168205887","ref":"A259"}},{"type":"Feature","geometry":{"type":"LineString","coordinates":[[-0.36899,50.81507],[-0.36892,50.81504]]},"properties":{"name":"North Street","category":"primary","osm_type":"way","osm_id":"1168205888","ref":"A259"}},{"type":"Feature","geometry":{"type":"LineString","coordinates":[[-0.36823,50.81472],[-0.36825,50.81468]]},"properties":{"name":"High Street Roundabout","category":"primary","osm_type":"way","osm_id":"1168212476"}},{"type":"Feature","geometry":{"type":"LineString","coordinates":[[-0.36812,50.814],[-0.36808,50.81378]]},"properties":{"name":"High Street","category":"primary","osm_type":"way","osm_id":"1168255273","ref":"A259"}},{"type":"Feature","geometry":{"type":"LineString","coordinates":[[-0.36808,50.81378],[-0.36827,50.81398]]},"properties":{"name":"High Street","category":"primary","osm_type":"way","osm_id":"1168255295","ref":"A259"}},{"type":"Feature","geometry":{"type":"LineString","coordinates":[[-0.36831,50.81412],[-0.36818,50.81414]]},"properties":{"name":"Union Place Roundabout","category":"primary","osm_type":"way","osm_id":"1168255315"}},{"type":"Feature","geometry":{"type":"LineString","coordinates":[[-0.36835,50.81408],[-0.36831,50.81412]]},"properties":{"name":"Union Place Roundabout","category":"primary","osm_type":"way","osm_id":"1168255316"}},{"type":"Feature","geometry":{"type":"LineString","coordinates":[[-0.36833,50.81401],[-0.36835,50.81408]]},"properties":{"name":"Union Place Roundabout","category":"primary","osm_type":"way","osm_id":"1168255317"}},{"type":"Feature","geometry":{"type":"LineString","coordinates":[[-0.36827,50.81398],[-0.36833,50.81401]]},"properties":{"name":"Union Place Roundabout","category":"primary","osm_type":"way","osm_id":"1168255318"}},{"type":"Feature","geometry":{"type":"LineString","coordinates":[[-0.36812,50.814],[-0.36827,50.81398]]},"properties":{"name":"Union Place Roundabout","category":"primary","osm_type":"way","osm_id":"1168255319"}},{"type":"Feature","geometry":{"type":"LineString","coordinates":[[-0.36808,50.81404],[-0.36812,50.814]]},"properties":{"name":"Union Place Roundabout","category":"primary","osm_type":"way","osm_id":"1168255320"}},{"type":"Feature","geometry":{"type":"LineString","coordinates":[[-0.3681,50.8141],[-0.36808,50.81404]]},"properties":{"name":"Union Place Roundabout","category":"primary","osm_type":"way","osm_id":"1168255321"}},{"type":"Feature","geometry":{"type":"LineString","coordinates":[[-0.36782,50.81289],[-0.36776,50.81272]]},"properties":{"name":"High Street","category":"primary","osm_type":"way","osm_id":"1168263934","ref":"A259"}},{"type":"Feature","geometry":{"type":"LineString","coordinates":[[-0.36789,50.8131],[-0.36782,50.81289]]},"properties":{"name":"High Street","category":"primary","osm_type":"way","osm_id":"1168263935","ref":"A259"}},{"type":"Feature","geometry":{"type":"LineString","coordinates":[[-0.36789,50.8131],[-0.36799,50.81346]]},"properties":{"name":"High Street","category":"primary","osm_type":"way","osm_id":"1168263947","ref":"A259"}},{"type":"Feature","geometry":{"type":"LineString","coordinates":[[-0.36799,50.81346],[-0.36789,50.8131]]},"properties":{"name":"High Street","category":"primary","osm_type":"way","osm_id":"1168263948","ref":"A259"}},{"type":"Feature","geometry":{"type":"LineString","coordinates":[[-0.36808,50.81378],[-0.36799,50.81346]]},"properties":{"name":"High Street","category":"primary","osm_type":"way","osm_id":"1168263949","ref":"A259"}},{"type":"Feature","geometry":{"type":"LineString","coordinates":[[-0.36154,50.81238],[-0.36046,50.81248]]},"properties":{"name":"Brighton Road","category":"primary","osm_type":"way","osm_id":"1168487045","ref":"A259"}},{"type":"Feature","geometry":{"type":"LineString","coordinates":[[-0.35533,50.81293],[-0.35502,50.81295]]},"properties":{"name":"Brighton Road","category":"primary","osm_type":"way","osm_id":"1168487063","ref":"A259"}},{"type":"Feature","geometry":{"type":"LineString","coordinates":[[-0.35502,50.81295],[-0.35466,50.81294]]},"properties":{"name":"Brighton Road","category":"primary","osm_type":"way","osm_id":"1168487064","ref":"A259"}},{"type":"Feature","geometry":{"type":"LineString","coordinates":[[-0.35293,50.81297],[-0.35258,50.81298]]},"properties":{"name":"Brighton Road","category":"primary","osm_type":"way","osm_id":"1168487065","ref":"A259"}},{"type":"Feature","geometry":{"type":"LineString","coordinates":[[-0.35466,50.81294],[-0.35293,50.81297]]},"properties":{"name":"Brighton Road","category":"primary","osm_type":"way","osm_id":"1168487066","ref":"A259"}},{"type":"Feature","geometry":{"type":"LineString","coordinates":[[-0.36742,50.81187],[-0.36723,50.81193]]},"properties":{"name":"Brighton Road","category":"primary","osm_type":"way","osm_id":"1168538437"}},{"type":"Feature","geometry":{"type":"LineString","coordinates":[[-0.36586,50.81203],[-0.36154,50.81238]]},"properties":{"name":"Brighton Road","category":"primary","osm_type":"way","osm_id":"1168538495","ref":"A259"}},{"type":"Feature","geometry":{"type":"LineString","coordinates":[[-0.36767,50.81249],[-0.3675,50.8121]]},"properties":{"name":"High Street","category":"primary","osm_type":"way","osm_id":"1168544660","ref":"A259"}},{"type":"Feature","geometry":{"type":"LineString","coordinates":[[-0.35926,50.81258],[-0.35533,50.81293]]},"properties":{"name":"Brighton Road","category":"primary","osm_type":"way","osm_id":"1168830509","ref":"A259"}},{"type":"Feature","geometry":{"type":"LineString","coordinates":[[-0.35987,50.81254],[-0.35926,50.81258]]},"properties":{"name":"Brighton Road","category":"primary","osm_type":"way","osm_id":"1168830510","ref":"A259"}},{"type":"Feature","geometry":{"type":"LineString","coordinates":[[-0.36046,50.81248],[-0.35987,50.81254]]},"properties":{"name":"Brighton Road","category":"primary","osm_type":"way","osm_id":"1168898927","ref":"A259"}},{"type":"Feature","geometry":{"type":"LineString","coordinates":[[-0.42369,50.81481],[-0.42389,50.81499]]},"properties":{"name":"Mulberry Lane","category":"primary","osm_type":"way","osm_id":"1168912403","ref":"A259"}},{"type":"Feature","geometry":{"type":"LineString","coordinates":[[-0.3381,50.81621],[-0.33757,50.81636]]},"properties":{"name":"Brighton Road","category":"primary","osm_type":"way","osm_id":"1168986387","ref":"A259"}},{"type":"Feature","geometry":{"type":"LineString","coordinates":[[-0.37157,50.81563],[-0.37164,50.81544]]},"properties":{"name":"Chapel Road","category":"primary","osm_type":"way","osm_id":"1169123531","ref":"A259"}},{"type":"Feature","geometry":{"type":"LineString","coordinates":[[-0.3717,50.81564],[-0.37172,50.81565]]},"properties":{"name":"Chapel Road Roundabout","category":"primary","osm_type":"way","osm_id":"1169123532"}},{"type":"Feature","geometry":{"type":"LineString","coordinates":[[-0.37157,50.81563],[-0.3717,50.81564]]},"properties":{"name":"Chapel Road Roundabout","category":"primary","osm_type":"way","osm_id":"1169123533"}},{"type":"Feature","geometry":{"type":"LineString","coordinates":[[-0.37156,50.81576],[-0.37157,50.81563]]},"properties":{"name":"Chapel Road Roundabout","category":"primary","osm_type":"way","osm_id":"1169123534"}},{"type":"Feature","geometry":{"type":"LineString","coordinates":[[-0.37172,50.81565],[-0.37173,50.81574]]},"properties":{"name":"Chapel Road Roundabout","category":"primary","osm_type":"way","osm_id":"1169123535"}},{"type":"Feature","geometry":{"type":"LineString","coordinates":[[-0.37244,50.81757],[-0.37253,50.81753]]},"properties":{"name":"Newland Road Roundabout","category":"primary","osm_type":"way","osm_id":"1169194771","ref":"A24"}},{"type":"Feature","geometry":{"type":"LineString","coordinates":[[-0.37252,50.81771],[-0.37246,50.81769]]},"properties":{"name":"Newland Road Roundabout","category":"primary","osm_type":"way","osm_id":"1169194772","ref":"A24"}},{"type":"Feature","geometry":{"type":"LineString","coordinates":[[-0.98157,50.82296],[-0.98034,50.82659]]},"properties":{"name":"Havant Road","category":"primary","osm_type":"way","osm_id":"1172392216","ref":"A3023"}},{"type":"Feature","geometry":{"type":"LineString","coordinates":[[-0.15729,50.96428],[-0.15767,50.96402]]},"properties":{"name":"Jane Murray Way","category":"primary","osm_type":"way","osm_id":"1175566610","ref":"A273"}},{"type":"Feature","geometry":{"type":"LineString","coordinates":[[-0.15792,50.96366],[-0.15798,50.96393]]},"properties":{"name":"Jane Murray Way","category":"primary","osm_type":"way","osm_id":"1175566611","ref":"A273"}},{"type":"Feature","geometry":{"type":"LineString","coordinates":[[-0.15781,50.96416],[-0.15729,50.96428]]},"properties":{"name":"Jane Murray Way","category":"primary","osm_type":"way","osm_id":"1175566612","ref":"A273"}},{"type":"Feature","geometry":{"type":"LineString","coordinates":[[-0.15779,50.96392],[-0.15792,50.96366]]},"properties":{"name":"Jane Murray Way","category":"primary","osm_type":"way","osm_id":"1175566613","ref":"A273"}},{"type":"Feature","geometry":{"type":"LineString","coordinates":[[-0.1555,50.96525],[-0.15729,50.96428]]},"properties":{"name":"Jane Murray Way","category":"primary","osm_type":"way","osm_id":"1175566614","ref":"A273"}},{"type":"Feature","geometry":{"type":"LineString","coordinates":[[-0.14031,50.83355],[-0.14063,50.83354]]},"properties":{"name":"New England Road","category":"primary","osm_type":"way","osm_id":"1178166651","ref":"A270"}},{"type":"Feature","geometry":{"type":"LineString","coordinates":[[-0.14015,50.83355],[-0.14025,50.83355]]},"properties":{"name":"New England Road","category":"primary","osm_type":"way","osm_id":"1178166655","ref":"A270"}},{"type":"Feature","geometry":{"type":"LineString","coordinates":[[-0.13989,50.83356],[-0.14015,50.83355]]},"properties":{"name":"New England Road","category":"primary","osm_type":"way","osm_id":"1178166656","ref":"A270"}},{"type":"Feature","geometry":{"type":"LineString","coordinates":[[-0.14063,50.83354],[-0.14031,50.83362]]},"properties":{"name":"New England Road","category":"primary","osm_type":"way","osm_id":"1178166659","ref":"A270"}},{"type":"Feature","geometry":{"type":"LineString","coordinates":[[-0.13884,50.83399],[-0.13873,50.83381]]},"properties":{"name":"Beaconsfield Road","category":"trunk","osm_type":"way","osm_id":"1178166665","ref":"A23"}},{"type":"Feature","geometry":{"type":"LineString","coordinates":[[-0.1345,50.83286],[-0.13436,50.83281]]},"properties":{"name":"A23","category":"trunk","osm_type":"way","osm_id":"1178167394","ref":"A23"}},{"type":"Feature","geometry":{"type":"LineString","coordinates":[[-0.61136,50.9946],[-0.61203,50.9951]]},"properties":{"name":"London Road","category":"primary","osm_type":"way","osm_id":"1178575770","ref":"A283"}},{"type":"Feature","geometry":{"type":"LineString","coordinates":[[-0.61056,50.99405],[-0.61136,50.9946]]},"properties":{"name":"London Road","category":"primary","osm_type":"way","osm_id":"1178575771","ref":"A283"}},{"type":"Feature","geometry":{"type":"LineString","coordinates":[[-0.65312,50.85596],[-0.65229,50.85584]]},"properties":{"name":"Arundel Road","category":"trunk","osm_type":"way","osm_id":"1180000929","operator":"National Highways","ref":"A27"}},{"type":"Feature","geometry":{"type":"LineString","coordinates":[[-0.63503,50.93796],[-0.6358,50.93767]]},"properties":{"name":"Duncton Hill","category":"primary","osm_type":"way","osm_id":"1180095047","ref":"A285"}},{"type":"Feature","geometry":{"type":"LineString","coordinates":[[-0.65976,50.84265],[-0.66003,50.84249]]},"properties":{"name":"Fontwell Avenue","category":"primary","osm_type":"way","osm_id":"1180313415","ref":"A29"}},{"type":"Feature","geometry":{"type":"LineString","coordinates":[[-0.65884,50.84319],[-0.65976,50.84265]]},"properties":{"name":"Fontwell Avenue","category":"primary","osm_type":"way","osm_id":"1180313416","ref":"A29"}},{"type":"Feature","geometry":{"type":"LineString","coordinates":[[-0.65519,50.8482],[-0.65625,50.84685]]},"properties":{"name":"Fontwell Avenue","category":"primary","osm_type":"way","osm_id":"1180313464","ref":"A29"}},{"type":"Feature","geometry":{"type":"LineString","coordinates":[[-0.65497,50.8486],[-0.65519,50.8482]]},"properties":{"name":"Fontwell Avenue","category":"primary","osm_type":"way","osm_id":"1180313465","ref":"A29"}},{"type":"Feature","geometry":{"type":"LineString","coordinates":[[-0.65208,50.85377],[-0.65233,50.85335]]},"properties":{"name":"Fontwell Avenue","category":"primary","osm_type":"way","osm_id":"1180313487","ref":"A29"}},{"type":"Feature","geometry":{"type":"LineString","coordinates":[[-0.65117,50.85522],[-0.65208,50.85377]]},"properties":{"name":"Fontwell Avenue","category":"primary","osm_type":"way","osm_id":"1180313488","ref":"A29"}},{"type":"Feature","geometry":{"type":"LineString","coordinates":[[-0.66951,50.83135],[-0.66951,50.83084]]},"properties":{"name":"Westergate Street","category":"primary","osm_type":"way","osm_id":"1180535956","ref":"A29"}},{"type":"Feature","geometry":{"type":"LineString","coordinates":[[-0.66951,50.83165],[-0.66951,50.83135]]},"properties":{"name":"Westergate Street","category":"primary","osm_type":"way","osm_id":"1180535957","ref":"A29"}},{"type":"Feature","geometry":{"type":"LineString","coordinates":[[-0.66874,50.83445],[-0.66951,50.83165]]},"properties":{"name":"Westergate Street","category":"primary","osm_type":"way","osm_id":"1180536005","ref":"A29"}},{"type":"Feature","geometry":{"type":"LineString","coordinates":[[-0.66861,50.83463],[-0.66874,50.83445]]},"properties":{"name":"Westergate Street","category":"primary","osm_type":"way","osm_id":"1180536006","ref":"A29"}},{"type":"Feature","geometry":{"type":"LineString","coordinates":[[-0.66693,50.8421],[-0.66714,50.84209]]},"properties":{"name":"Nyton Road","category":"primary","osm_type":"way","osm_id":"1180536122","ref":"A29"}},{"type":"Feature","geometry":{"type":"LineString","coordinates":[[-0.66669,50.84208],[-0.66693,50.8421]]},"properties":{"name":"Nyton Road","category":"primary","osm_type":"way","osm_id":"1180536123","ref":"A29"}},{"type":"Feature","geometry":{"type":"LineString","coordinates":[[-0.66471,50.84211],[-0.66522,50.8421]]},"properties":{"name":"Nyton Road","category":"primary","osm_type":"way","osm_id":"1180536136","ref":"A29"}},{"type":"Feature","geometry":{"type":"LineString","coordinates":[[-0.66176,50.84206],[-0.66471,50.84211]]},"properties":{"name":"Nyton Road","category":"primary","osm_type":"way","osm_id":"1180536137","ref":"A29"}},{"type":"Feature","geometry":{"type":"LineString","coordinates":[[-0.30222,50.83996],[-0.3016,50.84015]]},"properties":{"name":"Major roads","category":"trunk","osm_type":"way","osm_id":"1180536389","operator":"National Highways"}},{"type":"Feature","geometry":{"type":"LineString","coordinates":[[-0.30212,50.83954],[-0.30222,50.83996]]},"properties":{"name":"Major roads","category":"trunk","osm_type":"way","osm_id":"1180536390","operator":"National Highways"}},{"type":"Feature","geometry":{"type":"LineString","coordinates":[[-0.75165,50.83031],[-0.75123,50.83032]]},"properties":{"name":"Bognor Road","category":"trunk","osm_type":"way","osm_id":"1181029813","ref":"A259"}},{"type":"Feature","geometry":{"type":"LineString","coordinates":[[-0.75123,50.83032],[-0.74925,50.83036]]},"properties":{"name":"Bognor Road","category":"trunk","osm_type":"way","osm_id":"1181029815","ref":"A259"}},{"type":"Feature","geometry":{"type":"LineString","coordinates":[[-0.75273,50.83028],[-0.75165,50.83031]]},"properties":{"name":"Bognor Road","category":"trunk","osm_type":"way","osm_id":"1181029816","ref":"A259"}},{"type":"Feature","geometry":{"type":"LineString","coordinates":[[-0.75449,50.83028],[-0.75273,50.83028]]},"properties":{"name":"Bognor Road","category":"trunk","osm_type":"way","osm_id":"1181029817","ref":"A259"}},{"type":"Feature","geometry":{"type":"LineString","coordinates":[[-0.50969,50.95885],[-0.5104,50.95825]]},"properties":{"name":"Church Hill","category":"primary","osm_type":"way","osm_id":"1182514192","ref":"A29"}},{"type":"Feature","geometry":{"type":"LineString","coordinates":[[-0.52873,50.81979],[-0.52898,50.82012]]},"properties":{"name":"The Body Shop Roundabout","category":"primary","osm_type":"way","osm_id":"1186013509"}},{"type":"Feature","geometry":{"type":"LineString","coordinates":[[-0.5283,50.81979],[-0.52873,50.81979]]},"properties":{"name":"The Body Shop Roundabout","category":"primary","osm_type":"way","osm_id":"1186013510"}},{"type":"Feature","geometry":{"type":"LineString","coordinates":[[-0.52816,50.81985],[-0.5283,50.81979]]},"properties":{"name":"The Body Shop Roundabout","category":"primary","osm_type":"way","osm_id":"1186013511"}},{"type":"Feature","geometry":{"type":"LineString","coordinates":[[-0.52804,50.82006],[-0.52816,50.81985]]},"properties":{"name":"The Body Shop Roundabout","category":"primary","osm_type":"way","osm_id":"1186013512"}},{"type":"Feature","geometry":{"type":"LineString","coordinates":[[-0.40143,50.91955],[-0.40154,50.91989]]},"properties":{"name":"Major roads","category":"trunk_link","osm_type":"way","osm_id":"1187428654"}},{"type":"Feature","geometry":{"type":"LineString","coordinates":[[-0.40954,50.89568],[-0.4097,50.89504]]},"properties":{"name":"Washington Bypass","category":"trunk","osm_type":"way","osm_id":"1187428657","ref":"A24"}},{"type":"Feature","geometry":{"type":"LineString","coordinates":[[-0.41075,50.88556],[-0.41072,50.88602]]},"properties":{"name":"Horsham Road","category":"trunk","osm_type":"way","osm_id":"1187428659","ref":"A24"}},{"type":"Feature","geometry":{"type":"LineString","coordinates":[[-0.35065,50.96738],[-0.35163,50.96647]]},"properties":{"name":"Worthing Road","category":"trunk","osm_type":"way","osm_id":"1187862631","ref":"A24"}},{"type":"Feature","geometry":{"type":"LineString","coordinates":[[-0.34085,50.99113],[-0.34075,50.99164]]},"properties":{"name":"Worthing Road","category":"trunk","osm_type":"way","osm_id":"1188189263","ref":"A24"}},{"type":"Feature","geometry":{"type":"LineString","coordinates":[[-0.34013,50.99327],[-0.34032,50.9925]]},"properties":{"name":"Worthing Road","category":"trunk","osm_type":"way","osm_id":"1188189264","ref":"A24"}},{"type":"Feature","geometry":{"type":"LineString","coordinates":[[-0.40097,50.8137],[-0.40038,50.81369]]},"properties":{"name":"Goring Road","category":"primary","osm_type":"way","osm_id":"1188738021","ref":"A259"}},{"type":"Feature","geometry":{"type":"LineString","coordinates":[[-0.40373,50.81326],[-0.40353,50.81329]]},"properties":{"name":"Goring Road","category":"primary","osm_type":"way","osm_id":"1188738022","ref":"A259"}},{"type":"Feature","geometry":{"type":"LineString","coordinates":[[-0.7854,50.82617],[-0.78558,50.82607]]},"properties":{"name":"Stockbridge Road","category":"primary","osm_type":"way","osm_id":"1191286071","ref":"A286"}},{"type":"Feature","geometry":{"type":"LineString","coordinates":[[-0.7842,50.82732],[-0.78435,50.8272]]},"properties":{"name":"Stockbridge Road","category":"primary","osm_type":"way","osm_id":"1191286073","ref":"A286"}},{"type":"Feature","geometry":{"type":"LineString","coordinates":[[-0.78352,50.82865],[-0.78366,50.82829]]},"properties":{"name":"Stockbridge Road","category":"primary","osm_type":"way","osm_id":"1191286075","ref":"A286"}},{"type":"Feature","geometry":{"type":"LineString","coordinates":[[-0.16357,50.88907],[-0.16337,50.88972]]},"properties":{"name":"London Road","category":"trunk_link","osm_type":"way","osm_id":"1194154628","operator":"National Highways","ref":"A23"}},{"type":"Feature","geometry":{"type":"LineString","coordinates":[[-0.16337,50.88972],[-0.16328,50.89003]]},"properties":{"name":"London Road","category":"trunk_link","osm_type":"way","osm_id":"1194154629","operator":"National Highways","ref":"A23"}},{"type":"Feature","geometry":{"type":"LineString","coordinates":[[-0.16216,50.89724],[-0.16219,50.89688]]},"properties":{"name":"A273","category":"primary","osm_type":"way","osm_id":"1194154630","ref":"A273"}},{"type":"Feature","geometry":{"type":"LineString","coordinates":[[-0.14393,50.82278],[-0.14376,50.82319]]},"properties":{"name":"West Street","category":"primary","osm_type":"way","osm_id":"1198414548","ref":"A2010"}},{"type":"Feature","geometry":{"type":"LineString","coordinates":[[-0.66475,50.80766],[-0.66622,50.80697]]},"properties":{"name":"Charles Purley Way","category":"primary","osm_type":"way","osm_id":"1210320240","ref":"A259"}},{"type":"Feature","geometry":{"type":"LineString","coordinates":[[-0.53814,50.8433],[-0.53487,50.84262]]},"properties":{"name":"Arundel Road","category":"trunk","osm_type":"way","osm_id":"1210572348","operator":"National Highways","ref":"A27"}},{"type":"Feature","geometry":{"type":"LineString","coordinates":[[-0.53473,50.84246],[-0.53718,50.84279]]},"properties":{"name":"Arundel Road","category":"trunk","osm_type":"way","osm_id":"1210572366","operator":"National Highways","ref":"A27"}},{"type":"Feature","geometry":{"type":"LineString","coordinates":[[-0.4535,50.83901],[-0.4526,50.8395]]},"properties":{"name":"Major roads","category":"trunk_link","osm_type":"way","osm_id":"1210572863","operator":"National Highways"}},{"type":"Feature","geometry":{"type":"LineString","coordinates":[[-0.45052,50.8441],[-0.45118,50.84202]]},"properties":{"name":"Long Furlong","category":"trunk","osm_type":"way","osm_id":"1210573684","ref":"A280"}},{"type":"Feature","geometry":{"type":"LineString","coordinates":[[-0.45058,50.84645],[-0.45045,50.84546]]},"properties":{"name":"Long Furlong","category":"trunk","osm_type":"way","osm_id":"1210573777","ref":"A280"}},{"type":"Feature","geometry":{"type":"LineString","coordinates":[[-0.45118,50.84202],[-0.45216,50.8403]]},"properties":{"name":"Long Furlong","category":"trunk","osm_type":"way","osm_id":"1210573778","ref":"A280"}},{"type":"Feature","geometry":{"type":"LineString","coordinates":[[-0.77016,50.82627],[-0.76802,50.82627]]},"properties":{"name":"Chichester Bypass","category":"trunk","osm_type":"way","osm_id":"1215599762","operator":"National Highways","ref":"A27"}},{"type":"Feature","geometry":{"type":"LineString","coordinates":[[-0.7554,50.82922],[-0.75516,50.83001]]},"properties":{"name":"Chichester Bypass","category":"trunk","osm_type":"way","osm_id":"1215599846","operator":"National Highways","ref":"A27"}},{"type":"Feature","geometry":{"type":"LineString","coordinates":[[-0.73501,50.82537],[-0.73416,50.82519]]},"properties":{"name":"Bognor Road","category":"trunk","osm_type":"way","osm_id":"1215600045","ref":"A259"}},{"type":"Feature","geometry":{"type":"LineString","coordinates":[[-0.70349,50.80902],[-0.70174,50.80725]]},"properties":{"name":"Chichester Road","category":"trunk","osm_type":"way","osm_id":"1215600323","ref":"A259"}},{"type":"Feature","geometry":{"type":"LineString","coordinates":[[-0.6777,50.80368],[-0.6795,50.80524],[-0.68254,50.80624]]},"properties":{"name":"Gladius Way","category":"trunk","osm_type":"way","osm_id":"1215600383","ref":"A259"}},{"type":"Feature","geometry":{"type":"LineString","coordinates":[[-0.68254,50.80624],[-0.6839,50.80664]]},"properties":{"name":"Gladius Way","category":"trunk","osm_type":"way","osm_id":"1215600385","ref":"A259"}},{"type":"Feature","geometry":{"type":"LineString","coordinates":[[-0.76241,50.84156],[-0.76358,50.841]]},"properties":{"name":"Westhampnett Road","category":"primary","osm_type":"way","osm_id":"1217399920","ref":"A285"}},{"type":"Feature","geometry":{"type":"LineString","coordinates":[[-0.78216,50.90483],[-0.78382,50.90293]]},"properties":{"name":"A286","category":"primary","osm_type":"way","osm_id":"1219344192","ref":"A286"}},{"type":"Feature","geometry":{"type":"LineString","coordinates":[[-0.76962,50.90899],[-0.77218,50.90883]]},"properties":{"name":"A286","category":"primary","osm_type":"way","osm_id":"1219344210","ref":"A286"}},{"type":"Feature","geometry":{"type":"LineString","coordinates":[[-0.41013,50.8773],[-0.40913,50.87478]]},"properties":{"name":"Horsham Road","category":"trunk","osm_type":"way","osm_id":"1219352689","ref":"A24"}},{"type":"Feature","geometry":{"type":"LineString","coordinates":[[-0.17715,50.90128],[-0.17623,50.90111]]},"properties":{"name":"Dale Hill","category":"trunk","osm_type":"way","osm_id":"1219581928","operator":"National Highways","ref":"A23"}},{"type":"Feature","geometry":{"type":"LineString","coordinates":[[-0.76156,50.84193],[-0.76206,50.84171]]},"properties":{"name":"Westhampnett Road","category":"primary","osm_type":"way","osm_id":"1221552301","ref":"A285"}},{"type":"Feature","geometry":{"type":"LineString","coordinates":[[-0.75977,50.84281],[-0.75991,50.84286]]},"properties":{"name":"Major roads","category":"primary","osm_type":"way","osm_id":"1221552302"}},{"type":"Feature","geometry":{"type":"LineString","coordinates":[[-0.75969,50.84284],[-0.75977,50.84281]]},"properties":{"name":"Major roads","category":"primary","osm_type":"way","osm_id":"1221552303"}},{"type":"Feature","geometry":{"type":"LineString","coordinates":[[-0.75973,50.84295],[-0.75969,50.84284]]},"properties":{"name":"Major roads","category":"primary","osm_type":"way","osm_id":"1221552304"}},{"type":"Feature","geometry":{"type":"LineString","coordinates":[[-0.76646,50.83617],[-0.7663,50.83598]]},"properties":{"name":"Bognor Road","category":"primary","osm_type":"way","osm_id":"1221552306","ref":"A259"}},{"type":"Feature","geometry":{"type":"LineString","coordinates":[[-0.44422,50.8213],[-0.44803,50.82087]]},"properties":{"name":"Littlehampton Road","category":"primary","osm_type":"way","osm_id":"1223339674","ref":"A259"}},{"type":"Feature","geometry":{"type":"LineString","coordinates":[[-0.44422,50.8213],[-0.44437,50.82124]]},"properties":{"name":"Major roads","category":"primary_link","osm_type":"way","osm_id":"1223339675"}},{"type":"Feature","geometry":{"type":"LineString","coordinates":[[-0.49687,50.81853],[-0.48966,50.81847]]},"properties":{"name":"New Road","category":"primary","osm_type":"way","osm_id":"1223339710","ref":"A259"}},{"type":"Feature","geometry":{"type":"LineString","coordinates":[[-0.50112,50.81919],[-0.50263,50.81944]]},"properties":{"name":"Rustington Bypass","category":"primary","osm_type":"way","osm_id":"1223339713","ref":"A259"}},{"type":"Feature","geometry":{"type":"LineString","coordinates":[[-0.66889,50.80846],[-0.66684,50.80685]]},"properties":{"name":"Shripney Road","category":"primary","osm_type":"way","osm_id":"1223339860","ref":"A29"}},{"type":"Feature","geometry":{"type":"LineString","coordinates":[[-0.67054,50.81304],[-0.66944,50.81131]]},"properties":{"name":"Shripney Road","category":"primary","osm_type":"way","osm_id":"1223339861","ref":"A29"}},{"type":"Feature","geometry":{"type":"LineString","coordinates":[[-0.66944,50.81131],[-0.66934,50.81024]]},"properties":{"name":"Shripney Road","category":"primary","osm_type":"way","osm_id":"1223339862","ref":"A29"}},{"type":"Feature","geometry":{"type":"LineString","coordinates":[[-0.66911,50.80871],[-0.66934,50.81024]]},"properties":{"name":"Shripney Road","category":"primary","osm_type":"way","osm_id":"1223339863","ref":"A29"}},{"type":"Feature","geometry":{"type":"LineString","coordinates":[[-0.40353,50.81329],[-0.40242,50.81347]]},"properties":{"name":"Goring Road","category":"primary","osm_type":"way","osm_id":"1223547125","ref":"A259"}},{"type":"Feature","geometry":{"type":"LineString","coordinates":[[-0.42313,50.8124],[-0.42314,50.81262]]},"properties":{"name":"Mulberry Lane","category":"primary","osm_type":"way","osm_id":"1223547149","ref":"A259"}},{"type":"Feature","geometry":{"type":"LineString","coordinates":[[-0.43186,50.81598],[-0.43182,50.81603]]},"properties":{"name":"Major roads","category":"primary","osm_type":"way","osm_id":"1223547173"}},{"type":"Feature","geometry":{"type":"LineString","coordinates":[[-0.43154,50.81608],[-0.43144,50.81604]]},"properties":{"name":"Major roads","category":"primary","osm_type":"way","osm_id":"1223547174"}},{"type":"Feature","geometry":{"type":"LineString","coordinates":[[-0.43182,50.81603],[-0.43175,50.81627]]},"properties":{"name":"A259","category":"primary","osm_type":"way","osm_id":"1223547175","ref":"A259"}},{"type":"Feature","geometry":{"type":"LineString","coordinates":[[-0.43175,50.81627],[-0.43154,50.81608]]},"properties":{"name":"A259","category":"primary","osm_type":"way","osm_id":"1223547176","ref":"A259"}},{"type":"Feature","geometry":{"type":"LineString","coordinates":[[-0.43177,50.81582],[-0.43186,50.81598]]},"properties":{"name":"Major roads","category":"primary","osm_type":"way","osm_id":"1223547178"}},{"type":"Feature","geometry":{"type":"LineString","coordinates":[[-0.50156,50.9666],[-0.50155,50.96647],[-0.50176,50.96646],[-0.50177,50.9666],[-0.50156,50.9666]]},"properties":{"name":"A29","category":"primary","osm_type":"way","osm_id":"1227242962","ref":"A29"}},{"type":"Feature","geometry":{"type":"LineString","coordinates":[[-0.50151,50.96654],[-0.50135,50.96677]]},"properties":{"name":"Stane Street","category":"primary","osm_type":"way","osm_id":"1227242963","ref":"A29"}},{"type":"Feature","geometry":{"type":"LineString","coordinates":[[-0.50198,50.96627],[-0.50164,50.96644]]},"properties":{"name":"A29","category":"primary","osm_type":"way","osm_id":"1227242964","ref":"A29"}},{"type":"Feature","geometry":{"type":"LineString","coordinates":[[-0.15311,50.92377],[-0.15309,50.92431]]},"properties":{"name":"Brighton Road","category":"primary","osm_type":"way","osm_id":"1228037669","ref":"A273"}},{"type":"Feature","geometry":{"type":"LineString","coordinates":[[-0.17804,50.83951],[-0.17807,50.83975]]},"properties":{"name":"Nevill Road","category":"primary","osm_type":"way","osm_id":"1229668794","ref":"A2023"}},{"type":"Feature","geometry":{"type":"LineString","coordinates":[[-0.17682,50.8443],[-0.17695,50.84412]]},"properties":{"name":"Nevill Road","category":"primary","osm_type":"way","osm_id":"1229671355","ref":"A2023"}},{"type":"Feature","geometry":{"type":"LineString","coordinates":[[-0.17715,50.84372],[-0.17802,50.84149]]},"properties":{"name":"Nevill Road","category":"primary","osm_type":"way","osm_id":"1229671356","ref":"A2023"}},{"type":"Feature","geometry":{"type":"LineString","coordinates":[[-0.02295,50.86683],[-0.02421,50.86679]]},"properties":{"name":"A27","category":"trunk","osm_type":"way","osm_id":"1231086711","operator":"National Highways","ref":"A27"}},{"type":"Feature","geometry":{"type":"LineString","coordinates":[[-0.34398,50.97286],[-0.34333,50.97375]]},"properties":{"name":"Worthing Road","category":"trunk","osm_type":"way","osm_id":"1233042534","ref":"A24"}},{"type":"Feature","geometry":{"type":"LineString","coordinates":[[-0.3585,50.95828],[-0.35931,50.95756]]},"properties":{"name":"Dial Post Bypass","category":"trunk","osm_type":"way","osm_id":"1233055481","ref":"A24"}},{"type":"Feature","geometry":{"type":"LineString","coordinates":[[-0.361,50.95648],[-0.36008,50.95719]]},"properties":{"name":"Worthing Road","category":"trunk","osm_type":"way","osm_id":"1233055482","ref":"A24"}},{"type":"Feature","geometry":{"type":"LineString","coordinates":[[-0.40765,50.90923],[-0.40781,50.90918]]},"properties":{"name":"Washington Roundabout","category":"trunk","osm_type":"way","osm_id":"1233055484"}},{"type":"Feature","geometry":{"type":"LineString","coordinates":[[-0.68573,50.98812],[-0.68379,50.98829]]},"properties":{"name":"A272","category":"trunk","osm_type":"way","osm_id":"1234022398","ref":"A272"}},{"type":"Feature","geometry":{"type":"LineString","coordinates":[[-0.68393,50.98816],[-0.68573,50.98812]]},"properties":{"name":"A272","category":"trunk","osm_type":"way","osm_id":"1234022399","ref":"A272"}},{"type":"Feature","geometry":{"type":"LineString","coordinates":[[-0.3152,50.98932],[-0.31495,50.98932]]},"properties":{"name":"Cowfold Road","category":"trunk","osm_type":"way","osm_id":"1235865356","ref":"A272"}},{"type":"Feature","geometry":{"type":"LineString","coordinates":[[-0.34055,50.99248],[-0.33974,50.99502]]},"properties":{"name":"Worthing Road","category":"trunk","osm_type":"way","osm_id":"1235865357","ref":"A24"}},{"type":"Feature","geometry":{"type":"LineString","coordinates":[[-0.34073,50.99211],[-0.34089,50.99229]]},"properties":{"name":"Coolham Road","category":"trunk","osm_type":"way","osm_id":"1235865358","ref":"A272"}},{"type":"Feature","geometry":{"type":"LineString","coordinates":[[-0.34013,50.99188],[-0.33997,50.99186]]},"properties":{"name":"Cowfold Road","category":"trunk","osm_type":"way","osm_id":"1235865359","ref":"A272"}},{"type":"Feature","geometry":{"type":"LineString","coordinates":[[-0.34034,50.99207],[-0.34013,50.99188]]},"properties":{"name":"Cowfold Road","category":"trunk","osm_type":"way","osm_id":"1235865360","ref":"A272"}},{"type":"Feature","geometry":{"type":"LineString","coordinates":[[-0.80942,50.99493],[-0.80974,50.99508]]},"properties":{"name":"A272","category":"trunk","osm_type":"way","osm_id":"1235865363","ref":"A272"}},{"type":"Feature","geometry":{"type":"LineString","coordinates":[[-0.80888,50.99444],[-0.80912,50.99473]]},"properties":{"name":"A272","category":"trunk","osm_type":"way","osm_id":"1235865364","ref":"A272"}},{"type":"Feature","geometry":{"type":"LineString","coordinates":[[-0.79533,50.8353],[-0.79577,50.83504]]},"properties":{"name":"Cathedral Way","category":"primary","osm_type":"way","osm_id":"1238889450","ref":"A259"}},{"type":"Feature","geometry":{"type":"LineString","coordinates":[[-0.80542,50.83571],[-0.80499,50.83541]]},"properties":{"name":"A27","category":"trunk","osm_type":"way","osm_id":"1238889451","operator":"National Highways","ref":"A27"}},{"type":"Feature","geometry":{"type":"LineString","coordinates":[[-0.80013,50.83343],[-0.79986,50.83334]]},"properties":{"name":"A27","category":"trunk","osm_type":"way","osm_id":"1238889452","operator":"National Highways","ref":"A27"}},{"type":"Feature","geometry":{"type":"LineString","coordinates":[[-0.08992,50.81195],[-0.08953,50.81185]]},"properties":{"name":"Marine Drive","category":"primary","osm_type":"way","osm_id":"1253483850","ref":"A259"}},{"type":"Feature","geometry":{"type":"LineString","coordinates":[[-0.08996,50.81189],[-0.09005,50.81196]]},"properties":{"name":"Marine Drive","category":"primary","osm_type":"way","osm_id":"1253483852","ref":"A259"}},{"type":"Feature","geometry":{"type":"LineString","coordinates":[[-0.14331,50.82032],[-0.14352,50.82035]]},"properties":{"name":"King's Road","category":"primary","osm_type":"way","osm_id":"1253490180","ref":"A259"}},{"type":"Feature","geometry":{"type":"LineString","coordinates":[[-0.14452,50.82132],[-0.14444,50.8213]]},"properties":{"name":"Major roads","category":"primary_link","osm_type":"way","osm_id":"1253507677"}},{"type":"Feature","geometry":{"type":"LineString","coordinates":[[-0.14434,50.82157],[-0.14444,50.8213]]},"properties":{"name":"West Street","category":"primary","osm_type":"way","osm_id":"1253507678","ref":"A2010"}},{"type":"Feature","geometry":{"type":"LineString","coordinates":[[-0.14428,50.82173],[-0.14434,50.82157]]},"properties":{"name":"West Street","category":"primary","osm_type":"way","osm_id":"1253507679","ref":"A2010"}},{"type":"Feature","geometry":{"type":"LineString","coordinates":[[-0.1443,50.82182],[-0.14415,50.82223]]},"properties":{"name":"West Street","category":"primary","osm_type":"way","osm_id":"1253507680","ref":"A2010"}},{"type":"Feature","geometry":{"type":"LineString","coordinates":[[-0.14459,50.82089],[-0.14461,50.82084]]},"properties":{"name":"West Street","category":"primary","osm_type":"way","osm_id":"1253507681","ref":"A2010"}},{"type":"Feature","geometry":{"type":"LineString","coordinates":[[-0.14546,50.8207],[-0.14591,50.82077]]},"properties":{"name":"King's Road","category":"primary","osm_type":"way","osm_id":"1253507682","ref":"A259"}},{"type":"Feature","geometry":{"type":"LineString","coordinates":[[-0.14484,50.82064],[-0.14481,50.82062]]},"properties":{"name":"Major roads","category":"primary","osm_type":"way","osm_id":"1253507683"}},{"type":"Feature","geometry":{"type":"LineString","coordinates":[[-0.14481,50.82062],[-0.14465,50.82054]]},"properties":{"name":"Major roads","category":"primary","osm_type":"way","osm_id":"1253507685"}},{"type":"Feature","geometry":{"type":"LineString","coordinates":[[-0.14465,50.82054],[-0.14399,50.82042]]},"properties":{"name":"King's Road","category":"primary","osm_type":"way","osm_id":"1253507686","ref":"A259"}},{"type":"Feature","geometry":{"type":"LineString","coordinates":[[-0.17217,50.8247],[-0.17233,50.82472]]},"properties":{"name":"Kingsway","category":"primary","osm_type":"way","osm_id":"1253547057","ref":"A259"}},{"type":"Feature","geometry":{"type":"LineString","coordinates":[[-0.14331,50.82032],[-0.14248,50.8202]]},"properties":{"name":"King's Road","category":"primary","osm_type":"way","osm_id":"1254956973","ref":"A259"}},{"type":"Feature","geometry":{"type":"LineString","coordinates":[[-0.14248,50.8202],[-0.14331,50.82032]]},"properties":{"name":"King's Road","category":"primary","osm_type":"way","osm_id":"1254956974","ref":"A259"}},{"type":"Feature","geometry":{"type":"LineString","coordinates":[[-0.14231,50.82017],[-0.14248,50.8202]]},"properties":{"name":"King's Road","category":"primary","osm_type":"way","osm_id":"1254956975","ref":"A259"}},{"type":"Feature","geometry":{"type":"LineString","coordinates":[[-0.14043,50.81981],[-0.14009,50.8197]]},"properties":{"name":"King's Road","category":"primary","osm_type":"way","osm_id":"1254956979","ref":"A259"}},{"type":"Feature","geometry":{"type":"LineString","coordinates":[[-0.14143,50.82003],[-0.14127,50.82001]]},"properties":{"name":"King's Road","category":"primary","osm_type":"way","osm_id":"1254956989","ref":"A259"}},{"type":"Feature","geometry":{"type":"LineString","coordinates":[[-0.10306,50.85745],[-0.10297,50.85745]]},"properties":{"name":"Lewes Road","category":"primary","osm_type":"way","osm_id":"1255151643","ref":"A270"}},{"type":"Feature","geometry":{"type":"LineString","coordinates":[[-0.10297,50.85735],[-0.10306,50.85735]]},"properties":{"name":"Lewes Road","category":"primary","osm_type":"way","osm_id":"1255151644","ref":"A270"}},{"type":"Feature","geometry":{"type":"LineString","coordinates":[[-0.32718,50.81984],[-0.32702,50.8199]]},"properties":{"name":"Brighton Road","category":"primary","osm_type":"way","osm_id":"1270137612","ref":"A259"}},{"type":"Feature","geometry":{"type":"LineString","coordinates":[[-0.3269,50.81995],[-0.32509,50.82066]]},"properties":{"name":"Brighton Road","category":"primary","osm_type":"way","osm_id":"1270137613","ref":"A259"}},{"type":"Feature","geometry":{"type":"LineString","coordinates":[[-0.32702,50.8199],[-0.3269,50.81995]]},"properties":{"name":"Brighton Road","category":"primary","osm_type":"way","osm_id":"1270143077","ref":"A259"}},{"type":"Feature","geometry":{"type":"LineString","coordinates":[[-0.31523,50.82217],[-0.31416,50.82227]]},"properties":{"name":"Brighton Road","category":"primary","osm_type":"way","osm_id":"1270175567","ref":"A259"}},{"type":"Feature","geometry":{"type":"LineString","coordinates":[[-0.32466,50.82082],[-0.32304,50.82116]]},"properties":{"name":"Brighton Road","category":"primary","osm_type":"way","osm_id":"1270177286","ref":"A259"}},{"type":"Feature","geometry":{"type":"LineString","coordinates":[[-0.3238,50.8232],[-0.32392,50.82289]]},"properties":{"name":"South Street","category":"primary","osm_type":"way","osm_id":"1270196413","ref":"A2025"}},{"type":"Feature","geometry":{"type":"LineString","coordinates":[[-0.32509,50.82066],[-0.32466,50.82082]]},"properties":{"name":"Brighton Road","category":"primary","osm_type":"way","osm_id":"1270331011","ref":"A259"}},{"type":"Feature","geometry":{"type":"LineString","coordinates":[[-0.32419,50.82224],[-0.32466,50.82082]]},"properties":{"name":"South Street","category":"primary","osm_type":"way","osm_id":"1270362797","ref":"A2025"}},{"type":"Feature","geometry":{"type":"LineString","coordinates":[[-0.32241,50.82559],[-0.32247,50.82549]]},"properties":{"name":"Grinstead Lane","category":"primary","osm_type":"way","osm_id":"1270366378","ref":"A2025"}},{"type":"Feature","geometry":{"type":"LineString","coordinates":[[-0.32251,50.82493],[-0.3238,50.8232]]},"properties":{"name":"South Street","category":"primary","osm_type":"way","osm_id":"1270430752","ref":"A2025"}},{"type":"Feature","geometry":{"type":"LineString","coordinates":[[-0.28934,50.82784],[-0.28887,50.82818]]},"properties":{"name":"Brighton Road","category":"primary","osm_type":"way","osm_id":"1270806896","ref":"A259"}},{"type":"Feature","geometry":{"type":"LineString","coordinates":[[-0.28875,50.82855],[-0.28879,50.82862]]},"properties":{"name":"Major roads","category":"primary","osm_type":"way","osm_id":"1270806999"}},{"type":"Feature","geometry":{"type":"LineString","coordinates":[[-0.28879,50.82862],[-0.28874,50.82885]]},"properties":{"name":"Major roads","category":"primary","osm_type":"way","osm_id":"1270807000"}},{"type":"Feature","geometry":{"type":"LineString","coordinates":[[-0.3162,50.82207],[-0.31589,50.8221]]},"properties":{"name":"Brighton Road","category":"primary","osm_type":"way","osm_id":"1270956856","ref":"A259"}},{"type":"Feature","geometry":{"type":"LineString","coordinates":[[-0.31841,50.82186],[-0.31794,50.8219]]},"properties":{"name":"Brighton Road","category":"primary","osm_type":"way","osm_id":"1271135337","ref":"A259"}},{"type":"Feature","geometry":{"type":"LineString","coordinates":[[-0.31933,50.82177],[-0.31893,50.82181]]},"properties":{"name":"Brighton Road","category":"primary","osm_type":"way","osm_id":"1271135338","ref":"A259"}},{"type":"Feature","geometry":{"type":"LineString","coordinates":[[-0.31685,50.822],[-0.31653,50.82204]]},"properties":{"name":"Brighton Road","category":"primary","osm_type":"way","osm_id":"1271135343","ref":"A259"}},{"type":"Feature","geometry":{"type":"LineString","coordinates":[[-0.31708,50.82198],[-0.31685,50.822]]},"properties":{"name":"Brighton Road","category":"primary","osm_type":"way","osm_id":"1271135344","ref":"A259"}},{"type":"Feature","geometry":{"type":"LineString","coordinates":[[-0.31735,50.82196],[-0.31708,50.82198]]},"properties":{"name":"Brighton Road","category":"primary","osm_type":"way","osm_id":"1271135345","ref":"A259"}},{"type":"Feature","geometry":{"type":"LineString","coordinates":[[-0.31772,50.82192],[-0.31754,50.82194]]},"properties":{"name":"Brighton Road","category":"primary","osm_type":"way","osm_id":"1271135346","ref":"A259"}},{"type":"Feature","geometry":{"type":"LineString","coordinates":[[-0.31754,50.82194],[-0.31735,50.82196]]},"properties":{"name":"Brighton Road","category":"primary","osm_type":"way","osm_id":"1271135347","ref":"A259"}},{"type":"Feature","geometry":{"type":"LineString","coordinates":[[-0.45181,50.83833],[-0.45133,50.83801]]},"properties":{"name":"A280","category":"trunk","osm_type":"way","osm_id":"1271835607","ref":"A280"}},{"type":"Feature","geometry":{"type":"LineString","coordinates":[[-0.33578,50.89931],[-0.33525,50.89921]]},"properties":{"name":"Steyning Bypass","category":"trunk","osm_type":"way","osm_id":"1272101411","ref":"A283"}},{"type":"Feature","geometry":{"type":"LineString","coordinates":[[-0.27167,50.98921],[-0.27023,50.98876]]},"properties":{"name":"Bolney Road","category":"trunk","osm_type":"way","osm_id":"1272764804","ref":"A272"}},{"type":"Feature","geometry":{"type":"LineString","coordinates":[[-0.27023,50.98876],[-0.26988,50.98871]]},"properties":{"name":"Bolney Road","category":"trunk","osm_type":"way","osm_id":"1272764805","ref":"A272"}},{"type":"Feature","geometry":{"type":"LineString","coordinates":[[-0.36858,50.83412],[-0.36814,50.83412]]},"properties":{"name":"Upper Brighton Road","category":"trunk","osm_type":"way","osm_id":"1273195463","operator":"National Highways","ref":"A27"}},{"type":"Feature","geometry":{"type":"LineString","coordinates":[[-0.36908,50.83411],[-0.36858,50.83412]]},"properties":{"name":"Upper Brighton Road","category":"trunk","osm_type":"way","osm_id":"1273195464","operator":"National Highways","ref":"A27"}},{"type":"Feature","geometry":{"type":"LineString","coordinates":[[-0.36598,50.83423],[-0.36535,50.83433]]},"properties":{"name":"Upper Brighton Road","category":"trunk","osm_type":"way","osm_id":"1273195467","operator":"National Highways","ref":"A27"}},{"type":"Feature","geometry":{"type":"LineString","coordinates":[[-0.33828,50.83772],[-0.33724,50.83767]]},"properties":{"name":"Upper Brighton Road","category":"trunk","osm_type":"way","osm_id":"1273195475","operator":"National Highways","ref":"A27"}},{"type":"Feature","geometry":{"type":"LineString","coordinates":[[-0.33653,50.83762],[-0.33616,50.83759]]},"properties":{"name":"Upper Brighton Road","category":"trunk","osm_type":"way","osm_id":"1273195476","operator":"National Highways","ref":"A27"}},{"type":"Feature","geometry":{"type":"LineString","coordinates":[[-0.33589,50.83745],[-0.33624,50.83747]]},"properties":{"name":"Upper Brighton Road","category":"trunk","osm_type":"way","osm_id":"1273195478","operator":"National Highways","ref":"A27"}},{"type":"Feature","geometry":{"type":"LineString","coordinates":[[-0.32334,50.83643],[-0.32705,50.83683]]},"properties":{"name":"Upper Brighton Road","category":"trunk","osm_type":"way","osm_id":"1273195479","operator":"National Highways","ref":"A27"}},{"type":"Feature","geometry":{"type":"LineString","coordinates":[[-0.32115,50.83646],[-0.32334,50.83643]]},"properties":{"name":"Upper Brighton Road","category":"trunk","osm_type":"way","osm_id":"1273195480","operator":"National Highways","ref":"A27"}},{"type":"Feature","geometry":{"type":"LineString","coordinates":[[-0.31976,50.83645],[-0.32115,50.83646]]},"properties":{"name":"Upper Brighton Road","category":"trunk","osm_type":"way","osm_id":"1273195481","operator":"National Highways","ref":"A27"}},{"type":"Feature","geometry":{"type":"LineString","coordinates":[[-0.31877,50.83648],[-0.31976,50.83645]]},"properties":{"name":"Upper Brighton Road","category":"trunk","osm_type":"way","osm_id":"1273195482","operator":"National Highways","ref":"A27"}},{"type":"Feature","geometry":{"type":"LineString","coordinates":[[-0.30907,50.83901],[-0.30756,50.83929]]},"properties":{"name":"Old Shoreham Road","category":"trunk","osm_type":"way","osm_id":"1273195484","operator":"National Highways","ref":"A27"}},{"type":"Feature","geometry":{"type":"LineString","coordinates":[[-0.41754,50.84118],[-0.41828,50.84114]]},"properties":{"name":"Arundel Road","category":"trunk","osm_type":"way","osm_id":"1273944836","operator":"National Highways","ref":"A27"}},{"type":"Feature","geometry":{"type":"LineString","coordinates":[[-0.41828,50.84114],[-0.4189,50.84113]]},"properties":{"name":"Arundel Road","category":"trunk","osm_type":"way","osm_id":"1273944837","operator":"National Highways","ref":"A27"}},{"type":"Feature","geometry":{"type":"LineString","coordinates":[[-0.42785,50.84004],[-0.42609,50.84017]]},"properties":{"name":"Arundel Road","category":"trunk","osm_type":"way","osm_id":"1273944839","operator":"National Highways","ref":"A27"}},{"type":"Feature","geometry":{"type":"LineString","coordinates":[[-0.42609,50.84017],[-0.42529,50.84026]]},"properties":{"name":"Arundel Road","category":"trunk","osm_type":"way","osm_id":"1273944840","operator":"National Highways","ref":"A27"}},{"type":"Feature","geometry":{"type":"LineString","coordinates":[[-0.45888,50.83857],[-0.46029,50.83872]]},"properties":{"name":"Arundel Road","category":"trunk","osm_type":"way","osm_id":"1273944841","operator":"National Highways","ref":"A27"}},{"type":"Feature","geometry":{"type":"LineString","coordinates":[[-0.50138,50.84109],[-0.51191,50.84238]]},"properties":{"name":"Arundel Road","category":"trunk","osm_type":"way","osm_id":"1273944842","operator":"National Highways","ref":"A27"}},{"type":"Feature","geometry":{"type":"LineString","coordinates":[[-0.51339,50.84255],[-0.5143,50.84265]]},"properties":{"name":"Arundel Road","category":"trunk","osm_type":"way","osm_id":"1273944843","operator":"National Highways","ref":"A27"}},{"type":"Feature","geometry":{"type":"LineString","coordinates":[[-0.51191,50.84238],[-0.51282,50.84249]]},"properties":{"name":"Arundel Road","category":"trunk","osm_type":"way","osm_id":"1273944844","operator":"National Highways","ref":"A27"}},{"type":"Feature","geometry":{"type":"LineString","coordinates":[[-0.51282,50.84249],[-0.51339,50.84255]]},"properties":{"name":"Arundel Road","category":"trunk","osm_type":"way","osm_id":"1273944845","operator":"National Highways","ref":"A27"}},{"type":"Feature","geometry":{"type":"LineString","coordinates":[[-0.51428,50.84285],[-0.50131,50.84124]]},"properties":{"name":"Arundel Road","category":"trunk","osm_type":"way","osm_id":"1273944846","operator":"National Highways","ref":"A27"}},{"type":"Feature","geometry":{"type":"LineString","coordinates":[[-0.51569,50.84295],[-0.51428,50.84285]]},"properties":{"name":"Arundel Road","category":"trunk","osm_type":"way","osm_id":"1273944847","operator":"National Highways","ref":"A27"}},{"type":"Feature","geometry":{"type":"LineString","coordinates":[[-0.57254,50.85456],[-0.57221,50.85457]]},"properties":{"name":"Chichester Road","category":"trunk","osm_type":"way","osm_id":"1274389754","operator":"National Highways","ref":"A27"}},{"type":"Feature","geometry":{"type":"LineString","coordinates":[[-0.60392,50.85642],[-0.59785,50.85753]]},"properties":{"name":"Arundel Road","category":"trunk","osm_type":"way","osm_id":"1274389757","operator":"National Highways","ref":"A27"}},{"type":"Feature","geometry":{"type":"LineString","coordinates":[[-0.59785,50.85753],[-0.59742,50.85757]]},"properties":{"name":"Arundel Road","category":"trunk","osm_type":"way","osm_id":"1274389758","operator":"National Highways","ref":"A27"}},{"type":"Feature","geometry":{"type":"LineString","coordinates":[[-0.63244,50.85375],[-0.63132,50.85368]]},"properties":{"name":"Arundel Road","category":"trunk","osm_type":"way","osm_id":"1274389760","operator":"National Highways","ref":"A27"}},{"type":"Feature","geometry":{"type":"LineString","coordinates":[[-0.66576,50.85683],[-0.66685,50.85667]]},"properties":{"name":"Arundel Road","category":"trunk","osm_type":"way","osm_id":"1274389761","operator":"National Highways","ref":"A27"}},{"type":"Feature","geometry":{"type":"LineString","coordinates":[[-0.66488,50.85693],[-0.66576,50.85683]]},"properties":{"name":"Arundel Road","category":"trunk","osm_type":"way","osm_id":"1274389762","operator":"National Highways","ref":"A27"}},{"type":"Feature","geometry":{"type":"LineString","coordinates":[[-0.66732,50.85675],[-0.66597,50.85696]]},"properties":{"name":"Arundel Road","category":"trunk","osm_type":"way","osm_id":"1274389763","operator":"National Highways","ref":"A27"}},{"type":"Feature","geometry":{"type":"LineString","coordinates":[[-0.71183,50.85546],[-0.6936,50.8552]]},"properties":{"name":"Arundel Road","category":"trunk","osm_type":"way","osm_id":"1274389764","operator":"National Highways","ref":"A27"}},{"type":"Feature","geometry":{"type":"LineString","coordinates":[[-0.6936,50.8552],[-0.69237,50.85514]]},"properties":{"name":"Arundel Road","category":"trunk","osm_type":"way","osm_id":"1274389765","operator":"National Highways","ref":"A27"}},{"type":"Feature","geometry":{"type":"LineString","coordinates":[[-0.62417,50.86242],[-0.62378,50.86285]]},"properties":{"name":"Fairmile Bottom","category":"primary","osm_type":"way","osm_id":"1274390823","ref":"A29"}},{"type":"Feature","geometry":{"type":"LineString","coordinates":[[-0.61912,50.85286],[-0.61853,50.8529]]},"properties":{"name":"Arundel Road","category":"trunk","osm_type":"way","osm_id":"1274391377","operator":"National Highways","ref":"A27"}},{"type":"Feature","geometry":{"type":"LineString","coordinates":[[-0.61626,50.8531],[-0.61693,50.85297]]},"properties":{"name":"Arundel Road","category":"trunk","osm_type":"way","osm_id":"1274391378","operator":"National Highways","ref":"A27"}},{"type":"Feature","geometry":{"type":"LineString","coordinates":[[-0.05099,50.99094],[-0.05118,50.99112]]},"properties":{"name":"Anchor Hill","category":"trunk","osm_type":"way","osm_id":"1274407223","ref":"A272"}},{"type":"Feature","geometry":{"type":"LineString","coordinates":[[-0.0514,50.99128],[-0.05148,50.99134]]},"properties":{"name":"Anchor Hill","category":"trunk","osm_type":"way","osm_id":"1274407224","ref":"A272"}},{"type":"Feature","geometry":{"type":"LineString","coordinates":[[-0.05056,50.99041],[-0.05064,50.99053]]},"properties":{"name":"Anchor Hill","category":"trunk","osm_type":"way","osm_id":"1274407225","ref":"A272"}},{"type":"Feature","geometry":{"type":"LineString","coordinates":[[-0.65469,50.85629],[-0.65312,50.85596]]},"properties":{"name":"Arundel Road","category":"trunk","osm_type":"way","osm_id":"1274448387","operator":"National Highways","ref":"A27"}},{"type":"Feature","geometry":{"type":"LineString","coordinates":[[-0.40618,50.82884],[-0.40584,50.82892]]},"properties":{"name":"Littlehampton Road","category":"primary","osm_type":"way","osm_id":"1275755796","ref":"A2032"}},{"type":"Feature","geometry":{"type":"LineString","coordinates":[[-0.40584,50.82892],[-0.40559,50.82898]]},"properties":{"name":"Littlehampton Road","category":"primary","osm_type":"way","osm_id":"1275755797","ref":"A2032"}},{"type":"Feature","geometry":{"type":"LineString","coordinates":[[-0.40559,50.82898],[-0.40504,50.8291]]},"properties":{"name":"Littlehampton Road","category":"primary","osm_type":"way","osm_id":"1275755798","ref":"A2032"}},{"type":"Feature","geometry":{"type":"LineString","coordinates":[[-0.44401,50.82109],[-0.44437,50.82124]]},"properties":{"name":"Major roads","category":"primary_link","osm_type":"way","osm_id":"1275755800"}},{"type":"Feature","geometry":{"type":"LineString","coordinates":[[-0.56917,50.80844],[-0.56939,50.80847]]},"properties":{"name":"Bridge Road","category":"primary","osm_type":"way","osm_id":"1275806910","ref":"A259"}},{"type":"Feature","geometry":{"type":"LineString","coordinates":[[-0.56779,50.80848],[-0.56601,50.80867]]},"properties":{"name":"Bridge Road","category":"primary","osm_type":"way","osm_id":"1275806911","ref":"A259"}},{"type":"Feature","geometry":{"type":"LineString","coordinates":[[-0.56813,50.80847],[-0.56779,50.80848]]},"properties":{"name":"Bridge Road","category":"primary","osm_type":"way","osm_id":"1275806912","ref":"A259"}},{"type":"Feature","geometry":{"type":"LineString","coordinates":[[-0.56828,50.80847],[-0.56813,50.80847]]},"properties":{"name":"Bridge Road","category":"primary","osm_type":"way","osm_id":"1275806913","ref":"A259"}},{"type":"Feature","geometry":{"type":"LineString","coordinates":[[-0.32065,50.82723],[-0.32107,50.82678]]},"properties":{"name":"Grinstead Lane","category":"primary","osm_type":"way","osm_id":"1276411088","ref":"A2025"}},{"type":"Feature","geometry":{"type":"LineString","coordinates":[[-0.32027,50.82771],[-0.32037,50.82759]]},"properties":{"name":"Grinstead Lane","category":"primary","osm_type":"way","osm_id":"1276411096","ref":"A2025"}},{"type":"Feature","geometry":{"type":"LineString","coordinates":[[-0.38008,50.83173],[-0.38047,50.83163]]},"properties":{"name":"South Farm Road","category":"primary","osm_type":"way","osm_id":"1276548245","ref":"A2032"}},{"type":"Feature","geometry":{"type":"LineString","coordinates":[[-0.38047,50.83163],[-0.38026,50.83187]]},"properties":{"name":"South Farm Road","category":"primary","osm_type":"way","osm_id":"1276548246","ref":"A2032"}},{"type":"Feature","geometry":{"type":"LineString","coordinates":[[-0.45565,50.8199],[-0.45534,50.81993]]},"properties":{"name":"Littlehampton Road","category":"primary","osm_type":"way","osm_id":"1276713964","ref":"A259"}},{"type":"Feature","geometry":{"type":"LineString","coordinates":[[-0.29796,50.82544],[-0.29706,50.82563]]},"properties":{"name":"Brighton Road","category":"primary","osm_type":"way","osm_id":"1278213819","ref":"A259"}},{"type":"Feature","geometry":{"type":"LineString","coordinates":[[-0.2904,50.82731],[-0.28945,50.82777]]},"properties":{"name":"Brighton Road","category":"primary","osm_type":"way","osm_id":"1278213854","ref":"A259"}},{"type":"Feature","geometry":{"type":"LineString","coordinates":[[-0.29163,50.82684],[-0.29138,50.82693]]},"properties":{"name":"Brighton Road","category":"primary","osm_type":"way","osm_id":"1278213855","ref":"A259"}},{"type":"Feature","geometry":{"type":"LineString","coordinates":[[-0.39211,50.83],[-0.39252,50.83027]]},"properties":{"name":"Major roads","category":"primary_link","osm_type":"way","osm_id":"1278461828"}},{"type":"Feature","geometry":{"type":"LineString","coordinates":[[-0.31889,50.83102],[-0.31892,50.83092]]},"properties":{"name":"Grinstead Lane","category":"primary","osm_type":"way","osm_id":"1278706472","ref":"A2025"}},{"type":"Feature","geometry":{"type":"LineString","coordinates":[[-0.31888,50.8311],[-0.31889,50.83102]]},"properties":{"name":"Grinstead Lane","category":"primary","osm_type":"way","osm_id":"1278706473","ref":"A2025"}},{"type":"Feature","geometry":{"type":"LineString","coordinates":[[-0.2911,50.82703],[-0.2904,50.82731]]},"properties":{"name":"Brighton Road","category":"primary","osm_type":"way","osm_id":"1278743294","ref":"A259"}},{"type":"Feature","geometry":{"type":"LineString","coordinates":[[-0.29138,50.82693],[-0.2911,50.82703]]},"properties":{"name":"Brighton Road","category":"primary","osm_type":"way","osm_id":"1278743295","ref":"A259"}},{"type":"Feature","geometry":{"type":"LineString","coordinates":[[-0.28945,50.82777],[-0.28934,50.82784]]},"properties":{"name":"Brighton Road","category":"primary","osm_type":"way","osm_id":"1278743302","ref":"A259"}},{"type":"Feature","geometry":{"type":"LineString","coordinates":[[-0.28781,50.82852],[-0.28814,50.82836]]},"properties":{"name":"Major roads","category":"primary","osm_type":"way","osm_id":"1278743307"}},{"type":"Feature","geometry":{"type":"LineString","coordinates":[[-0.29524,50.82603],[-0.29505,50.82607]]},"properties":{"name":"Brighton Road","category":"primary","osm_type":"way","osm_id":"1278755031","ref":"A259"}},{"type":"Feature","geometry":{"type":"LineString","coordinates":[[-0.29563,50.82594],[-0.29524,50.82603]]},"properties":{"name":"Brighton Road","category":"primary","osm_type":"way","osm_id":"1278755032","ref":"A259"}},{"type":"Feature","geometry":{"type":"LineString","coordinates":[[-0.29404,50.82628],[-0.29298,50.82652]]},"properties":{"name":"Brighton Road","category":"primary","osm_type":"way","osm_id":"1278755033","ref":"A259"}},{"type":"Feature","geometry":{"type":"LineString","coordinates":[[-0.29415,50.82626],[-0.29404,50.82628]]},"properties":{"name":"Brighton Road","category":"primary","osm_type":"way","osm_id":"1278755034","ref":"A259"}},{"type":"Feature","geometry":{"type":"LineString","coordinates":[[-0.29278,50.82656],[-0.29163,50.82684]]},"properties":{"name":"Brighton Road","category":"primary","osm_type":"way","osm_id":"1278755035","ref":"A259"}},{"type":"Feature","geometry":{"type":"LineString","coordinates":[[-0.29298,50.82652],[-0.29278,50.82656]]},"properties":{"name":"Brighton Road","category":"primary","osm_type":"way","osm_id":"1278755036","ref":"A259"}},{"type":"Feature","geometry":{"type":"LineString","coordinates":[[-0.29578,50.82591],[-0.29563,50.82594]]},"properties":{"name":"Brighton Road","category":"primary","osm_type":"way","osm_id":"1278755038","ref":"A259"}},{"type":"Feature","geometry":{"type":"LineString","coordinates":[[-0.29706,50.82563],[-0.29578,50.82591]]},"properties":{"name":"Brighton Road","category":"primary","osm_type":"way","osm_id":"1278755039","ref":"A259"}},{"type":"Feature","geometry":{"type":"LineString","coordinates":[[-0.30177,50.82462],[-0.29796,50.82544]]},"properties":{"name":"Brighton Road","category":"primary","osm_type":"way","osm_id":"1278778497","ref":"A259"}},{"type":"Feature","geometry":{"type":"LineString","coordinates":[[-0.31117,50.82262],[-0.31103,50.82265]]},"properties":{"name":"Brighton Road","category":"primary","osm_type":"way","osm_id":"1279126652","ref":"A259"}},{"type":"Feature","geometry":{"type":"LineString","coordinates":[[-0.31128,50.82261],[-0.31117,50.82262]]},"properties":{"name":"Brighton Road","category":"primary","osm_type":"way","osm_id":"1279126653","ref":"A259"}},{"type":"Feature","geometry":{"type":"LineString","coordinates":[[-0.31216,50.82248],[-0.31128,50.82261]]},"properties":{"name":"Brighton Road","category":"primary","osm_type":"way","osm_id":"1279126654","ref":"A259"}},{"type":"Feature","geometry":{"type":"LineString","coordinates":[[-0.31357,50.82232],[-0.31331,50.82235]]},"properties":{"name":"Brighton Road","category":"primary","osm_type":"way","osm_id":"1281104464","ref":"A259"}},{"type":"Feature","geometry":{"type":"LineString","coordinates":[[-0.30244,50.82448],[-0.30177,50.82462]]},"properties":{"name":"Brighton Road","category":"primary","osm_type":"way","osm_id":"1281104480","ref":"A259"}},{"type":"Feature","geometry":{"type":"LineString","coordinates":[[-0.31794,50.8219],[-0.31772,50.82192]]},"properties":{"name":"Brighton Road","category":"primary","osm_type":"way","osm_id":"1282239036","ref":"A259"}},{"type":"Feature","geometry":{"type":"LineString","coordinates":[[-0.31245,50.82244],[-0.31216,50.82248]]},"properties":{"name":"Brighton Road","category":"primary","osm_type":"way","osm_id":"1282396333","ref":"A259"}},{"type":"Feature","geometry":{"type":"LineString","coordinates":[[-0.31306,50.82238],[-0.31245,50.82244]]},"properties":{"name":"Brighton Road","category":"primary","osm_type":"way","osm_id":"1282396334","ref":"A259"}},{"type":"Feature","geometry":{"type":"LineString","coordinates":[[-0.31331,50.82235],[-0.31306,50.82238]]},"properties":{"name":"Brighton Road","category":"primary","osm_type":"way","osm_id":"1282396335","ref":"A259"}},{"type":"Feature","geometry":{"type":"LineString","coordinates":[[-0.31416,50.82227],[-0.31357,50.82232]]},"properties":{"name":"Brighton Road","category":"primary","osm_type":"way","osm_id":"1282396336","ref":"A259"}},{"type":"Feature","geometry":{"type":"LineString","coordinates":[[-0.31893,50.82181],[-0.31841,50.82186]]},"properties":{"name":"Brighton Road","category":"primary","osm_type":"way","osm_id":"1282396337","ref":"A259"}},{"type":"Feature","geometry":{"type":"LineString","coordinates":[[-0.31589,50.8221],[-0.31523,50.82217]]},"properties":{"name":"Brighton Road","category":"primary","osm_type":"way","osm_id":"1282396338","ref":"A259"}},{"type":"Feature","geometry":{"type":"LineString","coordinates":[[-0.31653,50.82204],[-0.3162,50.82207]]},"properties":{"name":"Brighton Road","category":"primary","osm_type":"way","osm_id":"1282396339","ref":"A259"}},{"type":"Feature","geometry":{"type":"LineString","coordinates":[[-0.32304,50.82116],[-0.32268,50.82126]]},"properties":{"name":"Brighton Road","category":"primary","osm_type":"way","osm_id":"1282418052","ref":"A259"}},{"type":"Feature","geometry":{"type":"LineString","coordinates":[[-0.32247,50.82549],[-0.3225,50.82538]]},"properties":{"name":"South Street","category":"primary","osm_type":"way","osm_id":"1283183379","ref":"A2025"}},{"type":"Feature","geometry":{"type":"LineString","coordinates":[[-0.29598,50.99258],[-0.28856,50.99212]]},"properties":{"name":"Station Road","category":"trunk","osm_type":"way","osm_id":"1287507102","ref":"A272"}},{"type":"Feature","geometry":{"type":"LineString","coordinates":[[-0.28379,50.99173],[-0.27953,50.99195]]},"properties":{"name":"Station Road","category":"trunk","osm_type":"way","osm_id":"1287507103","ref":"A272"}},{"type":"Feature","geometry":{"type":"LineString","coordinates":[[-0.97639,50.80076],[-0.97583,50.80064]]},"properties":{"name":"Manor Road","category":"primary","osm_type":"way","osm_id":"1287791589","ref":"A3023"}},{"type":"Feature","geometry":{"type":"LineString","coordinates":[[-0.97787,50.83145],[-0.97768,50.83166]]},"properties":{"name":"Havant Road","category":"primary","osm_type":"way","osm_id":"1288744531","ref":"A3023"}},{"type":"Feature","geometry":{"type":"LineString","coordinates":[[-0.97794,50.83137],[-0.97787,50.83145]]},"properties":{"name":"Havant Road","category":"primary","osm_type":"way","osm_id":"1288744532","ref":"A3023"}},{"type":"Feature","geometry":{"type":"LineString","coordinates":[[-0.97768,50.83166],[-0.97754,50.83266]]},"properties":{"name":"Havant Road","category":"primary","osm_type":"way","osm_id":"1288744533","ref":"A3023"}},{"type":"Feature","geometry":{"type":"LineString","coordinates":[[-0.97821,50.83114],[-0.97794,50.83137]]},"properties":{"name":"Havant Road","category":"primary","osm_type":"way","osm_id":"1288744534","ref":"A3023"}},{"type":"Feature","geometry":{"type":"LineString","coordinates":[[-0.98404,50.84734],[-0.98424,50.84757]]},"properties":{"name":"Langstone Road","category":"primary","osm_type":"way","osm_id":"1289447438","ref":"A3023"}},{"type":"Feature","geometry":{"type":"LineString","coordinates":[[-0.98406,50.84565],[-0.98402,50.84618]]},"properties":{"name":"Langstone Road","category":"primary","osm_type":"way","osm_id":"1289447440","ref":"A3023"}},{"type":"Feature","geometry":{"type":"LineString","coordinates":[[-0.98412,50.8453],[-0.98406,50.84565]]},"properties":{"name":"Langstone Road","category":"primary","osm_type":"way","osm_id":"1289447441","ref":"A3023"}},{"type":"Feature","geometry":{"type":"LineString","coordinates":[[-0.98446,50.84391],[-0.98442,50.84432]]},"properties":{"name":"Langstone Road","category":"primary","osm_type":"way","osm_id":"1289447442","ref":"A3023"}},{"type":"Feature","geometry":{"type":"LineString","coordinates":[[-0.98433,50.84272],[-0.98446,50.84391]]},"properties":{"name":"Langstone Road","category":"primary","osm_type":"way","osm_id":"1289447443","ref":"A3023"}},{"type":"Feature","geometry":{"type":"LineString","coordinates":[[-0.98424,50.84238],[-0.98433,50.84272]]},"properties":{"name":"Langstone Road","category":"primary","osm_type":"way","osm_id":"1289447444","ref":"A3023"}},{"type":"Feature","geometry":{"type":"LineString","coordinates":[[-0.98409,50.84189],[-0.98424,50.84238]]},"properties":{"name":"Langstone Road","category":"primary","osm_type":"way","osm_id":"1289447445","ref":"A3023"}},{"type":"Feature","geometry":{"type":"LineString","coordinates":[[-0.98398,50.84163],[-0.98409,50.84189]]},"properties":{"name":"Langstone Road","category":"primary","osm_type":"way","osm_id":"1289447446","ref":"A3023"}},{"type":"Feature","geometry":{"type":"LineString","coordinates":[[-0.98364,50.84088],[-0.98398,50.84163]]},"properties":{"name":"Langstone Road","category":"primary","osm_type":"way","osm_id":"1289447447","ref":"A3023"}},{"type":"Feature","geometry":{"type":"LineString","coordinates":[[-0.9835,50.84064],[-0.98364,50.84088]]},"properties":{"name":"Langstone Road","category":"primary","osm_type":"way","osm_id":"1289447448","ref":"A3023"}},{"type":"Feature","geometry":{"type":"LineString","coordinates":[[-0.98268,50.8394],[-0.9835,50.84064]]},"properties":{"name":"Langstone Road","category":"primary","osm_type":"way","osm_id":"1289447449","ref":"A3023"}},{"type":"Feature","geometry":{"type":"LineString","coordinates":[[-0.98248,50.83914],[-0.98268,50.8394]]},"properties":{"name":"Langstone Road","category":"primary","osm_type":"way","osm_id":"1289447450","ref":"A3023"}},{"type":"Feature","geometry":{"type":"LineString","coordinates":[[-0.97917,50.83553],[-0.98102,50.83747]]},"properties":{"name":"Langstone Road","category":"primary","osm_type":"way","osm_id":"1289447451","ref":"A3023"}},{"type":"Feature","geometry":{"type":"LineString","coordinates":[[-0.14097,50.83495],[-0.14114,50.83507]]},"properties":{"name":"Preston Road","category":"trunk","osm_type":"way","osm_id":"1290027553","ref":"A23"}},{"type":"Feature","geometry":{"type":"LineString","coordinates":[[-0.97746,50.84663],[-0.97796,50.84666]]},"properties":{"name":"Major roads","category":"trunk_link","osm_type":"way","osm_id":"1299284032","operator":"National Highways"}},{"type":"Feature","geometry":{"type":"LineString","coordinates":[[-0.97746,50.84663],[-0.97795,50.84669]]},"properties":{"name":"A27","category":"trunk","osm_type":"way","osm_id":"1299284033","operator":"National Highways","ref":"A27"}},{"type":"Feature","geometry":{"type":"LineString","coordinates":[[-0.4079,50.90987],[-0.40677,50.91034]]},"properties":{"name":"London Road","category":"trunk","osm_type":"way","osm_id":"1299802621","ref":"A24"}},{"type":"Feature","geometry":{"type":"LineString","coordinates":[[-0.40663,50.91028],[-0.40731,50.9096]]},"properties":{"name":"London Road","category":"trunk","osm_type":"way","osm_id":"1299802622","ref":"A24"}},{"type":"Feature","geometry":{"type":"LineString","coordinates":[[-0.40869,50.87344],[-0.41055,50.8777]]},"properties":{"name":"Horsham Road","category":"trunk","osm_type":"way","osm_id":"1299802632","ref":"A24"}},{"type":"Feature","geometry":{"type":"LineString","coordinates":[[-0.41023,50.86521],[-0.40987,50.86409]]},"properties":{"name":"Findon Bypass","category":"trunk","osm_type":"way","osm_id":"1299802657","ref":"A24"}},{"type":"Feature","geometry":{"type":"LineString","coordinates":[[-0.40878,50.86262],[-0.40954,50.86318]]},"properties":{"name":"Findon Bypass","category":"trunk","osm_type":"way","osm_id":"1299802658","ref":"A24"}},{"type":"Feature","geometry":{"type":"LineString","coordinates":[[-0.40373,50.86088],[-0.40302,50.85963]]},"properties":{"name":"Findon Road","category":"trunk","osm_type":"way","osm_id":"1299802663","ref":"A24"}},{"type":"Feature","geometry":{"type":"LineString","coordinates":[[-0.40677,50.91034],[-0.40289,50.91503]]},"properties":{"name":"London Road","category":"trunk","osm_type":"way","osm_id":"1300080187","ref":"A24"}},{"type":"Feature","geometry":{"type":"LineString","coordinates":[[-0.34898,50.96893],[-0.34564,50.97145]]},"properties":{"name":"Worthing Road","category":"trunk","osm_type":"way","osm_id":"1300377046","ref":"A24"}},{"type":"Feature","geometry":{"type":"LineString","coordinates":[[-0.34551,50.97137],[-0.34884,50.96885]]},"properties":{"name":"Worthing Road","category":"trunk","osm_type":"way","osm_id":"1300377047","ref":"A24"}},{"type":"Feature","geometry":{"type":"LineString","coordinates":[[-0.33952,50.99477],[-0.34013,50.99327]]},"properties":{"name":"Worthing Road","category":"trunk","osm_type":"way","osm_id":"1300618142","ref":"A24"}},{"type":"Feature","geometry":{"type":"LineString","coordinates":[[-0.34113,50.9889],[-0.34118,50.98819]]},"properties":{"name":"Worthing Road","category":"trunk","osm_type":"way","osm_id":"1300618154","ref":"A24"}},{"type":"Feature","geometry":{"type":"LineString","coordinates":[[-0.99942,50.91266],[-0.99952,50.91263]]},"properties":{"name":"Portsmouth Road","category":"primary","osm_type":"way","osm_id":"1305065163","ref":"A3"}},{"type":"Feature","geometry":{"type":"LineString","coordinates":[[-0.13803,50.97241],[-0.13844,50.97154]]},"properties":{"name":"Isaac's Lane","category":"primary","osm_type":"way","osm_id":"1307562466","ref":"A273"}},{"type":"Feature","geometry":{"type":"LineString","coordinates":[[-0.13928,50.96948],[-0.13844,50.97154]]},"properties":{"name":"Isaac's Lane","category":"primary","osm_type":"way","osm_id":"1307562467","ref":"A273"}},{"type":"Feature","geometry":{"type":"LineString","coordinates":[[-0.76648,50.82599],[-0.76738,50.82597]]},"properties":{"name":"Chichester Bypass","category":"trunk","osm_type":"way","osm_id":"1312464836","operator":"National Highways","ref":"A27"}},{"type":"Feature","geometry":{"type":"LineString","coordinates":[[-0.75477,50.82993],[-0.75528,50.82916]]},"properties":{"name":"Chichester Bypass","category":"trunk","osm_type":"way","osm_id":"1312465161","operator":"National Highways","ref":"A27"}},{"type":"Feature","geometry":{"type":"LineString","coordinates":[[-0.75116,50.83022],[-0.75274,50.83018]]},"properties":{"name":"Bognor Road","category":"trunk","osm_type":"way","osm_id":"1312465170","ref":"A259"}},{"type":"Feature","geometry":{"type":"LineString","coordinates":[[-0.73428,50.82499],[-0.73507,50.82528]]},"properties":{"name":"Bognor Road","category":"trunk","osm_type":"way","osm_id":"1312465171","ref":"A259"}},{"type":"Feature","geometry":{"type":"LineString","coordinates":[[-0.41107,50.88594],[-0.4113,50.88594]]},"properties":{"name":"Major roads","category":"trunk_link","osm_type":"way","osm_id":"1313137452"}},{"type":"Feature","geometry":{"type":"LineString","coordinates":[[-0.44342,50.91576],[-0.44767,50.91667]]},"properties":{"name":"Washington Road","category":"primary","osm_type":"way","osm_id":"1315821481","ref":"A283"}},{"type":"Feature","geometry":{"type":"LineString","coordinates":[[-0.44352,50.82138],[-0.44422,50.8213]]},"properties":{"name":"Littlehampton Road","category":"primary","osm_type":"way","osm_id":"1320368282","ref":"A259"}},{"type":"Feature","geometry":{"type":"LineString","coordinates":[[-0.45441,50.81988],[-0.45478,50.81983]]},"properties":{"name":"Littlehampton Road","category":"primary","osm_type":"way","osm_id":"1320368284","ref":"A259"}},{"type":"Feature","geometry":{"type":"LineString","coordinates":[[-0.45534,50.81993],[-0.45433,50.82005]]},"properties":{"name":"Littlehampton Road","category":"primary","osm_type":"way","osm_id":"1320368285","ref":"A259"}},{"type":"Feature","geometry":{"type":"LineString","coordinates":[[-0.44376,50.82147],[-0.43473,50.82244]]},"properties":{"name":"Littlehampton Road","category":"primary","osm_type":"way","osm_id":"1320368286","ref":"A259"}},{"type":"Feature","geometry":{"type":"LineString","coordinates":[[-0.44429,50.82141],[-0.44376,50.82147]]},"properties":{"name":"Littlehampton Road","category":"primary","osm_type":"way","osm_id":"1320368287","ref":"A259"}},{"type":"Feature","geometry":{"type":"LineString","coordinates":[[-0.43605,50.8222],[-0.44269,50.82147]]},"properties":{"name":"Littlehampton Road","category":"primary","osm_type":"way","osm_id":"1320368288","ref":"A259"}},{"type":"Feature","geometry":{"type":"LineString","coordinates":[[-0.44269,50.82147],[-0.44352,50.82138]]},"properties":{"name":"Littlehampton Road","category":"primary","osm_type":"way","osm_id":"1320368289","ref":"A259"}},{"type":"Feature","geometry":{"type":"LineString","coordinates":[[-0.37043,50.94613],[-0.36942,50.94675]]},"properties":{"name":"Basing Hill","category":"trunk","osm_type":"way","osm_id":"1323924463","ref":"A24"}},{"type":"Feature","geometry":{"type":"LineString","coordinates":[[-0.36845,50.94722],[-0.36923,50.94664]]},"properties":{"name":"Basing Hill","category":"trunk","osm_type":"way","osm_id":"1323924464","ref":"A24"}},{"type":"Feature","geometry":{"type":"LineString","coordinates":[[-0.78444,50.83752],[-0.78437,50.83739]]},"properties":{"name":"Orchard Street","category":"primary","osm_type":"way","osm_id":"1326112594","ref":"A286"}},{"type":"Feature","geometry":{"type":"LineString","coordinates":[[-0.78448,50.83739],[-0.78444,50.83752]]},"properties":{"name":"Orchard Street","category":"primary","osm_type":"way","osm_id":"1326112595","ref":"A286"}},{"type":"Feature","geometry":{"type":"LineString","coordinates":[[-0.78438,50.83672],[-0.78441,50.83681]]},"properties":{"name":"Avenue de Chartres","category":"primary","osm_type":"way","osm_id":"1326112599","ref":"A286"}},{"type":"Feature","geometry":{"type":"LineString","coordinates":[[-0.78441,50.83693],[-0.78445,50.83702]]},"properties":{"name":"Avenue de Chartres","category":"primary","osm_type":"way","osm_id":"1326112600","ref":"A286"}},{"type":"Feature","geometry":{"type":"LineString","coordinates":[[-0.7843,50.83702],[-0.78432,50.83693]]},"properties":{"name":"Avenue de Chartres","category":"primary","osm_type":"way","osm_id":"1326112601","ref":"A286"}},{"type":"Feature","geometry":{"type":"LineString","coordinates":[[-0.78443,50.83597],[-0.78448,50.83565]]},"properties":{"name":"Avenue de Chartres","category":"primary","osm_type":"way","osm_id":"1326112603","ref":"A286"}},{"type":"Feature","geometry":{"type":"LineString","coordinates":[[-0.78456,50.83512],[-0.78424,50.83403]]},"properties":{"name":"Avenue de Chartres","category":"primary","osm_type":"way","osm_id":"1326112604","ref":"A286"}},{"type":"Feature","geometry":{"type":"LineString","coordinates":[[-0.78465,50.83512],[-0.78456,50.83574]]},"properties":{"name":"Avenue de Chartres","category":"primary","osm_type":"way","osm_id":"1326112605","ref":"A286"}},{"type":"Feature","geometry":{"type":"LineString","coordinates":[[-0.14007,50.83437],[-0.14097,50.83495]]},"properties":{"name":"Preston Road","category":"trunk","osm_type":"way","osm_id":"1329164801","ref":"A23"}},{"type":"Feature","geometry":{"type":"LineString","coordinates":[[-0.14221,50.83575],[-0.14289,50.83617]]},"properties":{"name":"Preston Road","category":"trunk","osm_type":"way","osm_id":"1332416674","ref":"A23"}},{"type":"Feature","geometry":{"type":"LineString","coordinates":[[-0.1537,50.85691],[-0.15358,50.85699]]},"properties":{"name":"London Road","category":"trunk","osm_type":"way","osm_id":"1343872455","ref":"A23"}},{"type":"Feature","geometry":{"type":"LineString","coordinates":[[-0.15406,50.85636],[-0.1538,50.85662]]},"properties":{"name":"London Road","category":"trunk","osm_type":"way","osm_id":"1343872456","ref":"A23"}},{"type":"Feature","geometry":{"type":"LineString","coordinates":[[-0.51702,50.95206],[-0.51733,50.95178]]},"properties":{"name":"Stane Street","category":"primary","osm_type":"way","osm_id":"1343886294","ref":"A29"}},{"type":"Feature","geometry":{"type":"LineString","coordinates":[[-0.50543,50.96245],[-0.50969,50.95885]]},"properties":{"name":"London Road","category":"primary","osm_type":"way","osm_id":"1343886298","ref":"A29"}},{"type":"Feature","geometry":{"type":"LineString","coordinates":[[-0.41022,50.86462],[-0.41042,50.86522]]},"properties":{"name":"Findon Bypass","category":"trunk","osm_type":"way","osm_id":"1347079231","ref":"A24"}},{"type":"Feature","geometry":{"type":"LineString","coordinates":[[-0.95725,50.84894],[-0.95715,50.84893]]},"properties":{"name":"Havant Road","category":"primary","osm_type":"way","osm_id":"1348130654","ref":"A259"}},{"type":"Feature","geometry":{"type":"LineString","coordinates":[[-0.94004,50.84759],[-0.93978,50.84759]]},"properties":{"name":"Havant Road","category":"primary","osm_type":"way","osm_id":"1348130655","ref":"A259"}},{"type":"Feature","geometry":{"type":"LineString","coordinates":[[-0.93978,50.84759],[-0.93956,50.8476]]},"properties":{"name":"Havant Road","category":"primary","osm_type":"way","osm_id":"1348130656","ref":"A259"}},{"type":"Feature","geometry":{"type":"LineString","coordinates":[[-0.27876,50.83276],[-0.27869,50.83261]]},"properties":{"name":"Old Shoreham Road","category":"primary","osm_type":"way","osm_id":"1348267083","ref":"A283"}},{"type":"Feature","geometry":{"type":"LineString","coordinates":[[-0.29766,50.86657],[-0.29796,50.86872]]},"properties":{"name":"Steyning Road","category":"trunk","osm_type":"way","osm_id":"1351215817","ref":"A283"}},{"type":"Feature","geometry":{"type":"LineString","coordinates":[[-0.30062,50.87519],[-0.30111,50.87554]]},"properties":{"name":"Steyning Bypass","category":"trunk","osm_type":"way","osm_id":"1351215818","ref":"A283"}},{"type":"Feature","geometry":{"type":"LineString","coordinates":[[-0.13844,50.97154],[-0.13803,50.97241]]},"properties":{"name":"Isaac's Lane","category":"primary","osm_type":"way","osm_id":"1353929553","ref":"A273"}},{"type":"Feature","geometry":{"type":"LineString","coordinates":[[-0.13653,50.82228],[-0.13653,50.82176]]},"properties":{"name":"Pavilion Parade","category":"trunk","osm_type":"way","osm_id":"1357058421","ref":"A23"}},{"type":"Feature","geometry":{"type":"LineString","coordinates":[[-0.53699,50.8135],[-0.53685,50.81311]]},"properties":{"name":"Fitzalan Road","category":"primary","osm_type":"way","osm_id":"1359277363","ref":"A284"}},{"type":"Feature","geometry":{"type":"LineString","coordinates":[[-0.53707,50.81374],[-0.53699,50.8135]]},"properties":{"name":"Fitzalan Road","category":"primary","osm_type":"way","osm_id":"1359277364","ref":"A284"}},{"type":"Feature","geometry":{"type":"LineString","coordinates":[[-0.16904,50.82443],[-0.1688,50.8244]]},"properties":{"name":"Kingsway","category":"primary","osm_type":"way","osm_id":"1364964037","ref":"A259"}},{"type":"Feature","geometry":{"type":"LineString","coordinates":[[-0.16923,50.82445],[-0.16904,50.82443]]},"properties":{"name":"Kingsway","category":"primary","osm_type":"way","osm_id":"1364964038","ref":"A259"}},{"type":"Feature","geometry":{"type":"LineString","coordinates":[[-0.16641,50.82409],[-0.16586,50.82403]]},"properties":{"name":"Kingsway","category":"primary","osm_type":"way","osm_id":"1364964039","ref":"A259"}},{"type":"Feature","geometry":{"type":"LineString","coordinates":[[-0.16852,50.82432],[-0.16641,50.82409]]},"properties":{"name":"Kingsway","category":"primary","osm_type":"way","osm_id":"1364964040","ref":"A259"}},{"type":"Feature","geometry":{"type":"LineString","coordinates":[[-0.17032,50.8245],[-0.1699,50.8245]]},"properties":{"name":"Kingsway","category":"primary","osm_type":"way","osm_id":"1364964044","ref":"A259"}},{"type":"Feature","geometry":{"type":"LineString","coordinates":[[-0.17233,50.82472],[-0.17483,50.82501]]},"properties":{"name":"Kingsway","category":"primary","osm_type":"way","osm_id":"1364964045","ref":"A259"}},{"type":"Feature","geometry":{"type":"LineString","coordinates":[[-0.1782,50.82541],[-0.17948,50.82548]]},"properties":{"name":"Kingsway","category":"primary","osm_type":"way","osm_id":"1364964046","ref":"A259"}},{"type":"Feature","geometry":{"type":"LineString","coordinates":[[-0.19697,50.82786],[-0.19665,50.82773]]},"properties":{"name":"Kingsway","category":"primary","osm_type":"way","osm_id":"1364964051","ref":"A259"}},{"type":"Feature","geometry":{"type":"LineString","coordinates":[[-0.20857,50.82955],[-0.20791,50.8294]]},"properties":{"name":"Kingsway","category":"primary","osm_type":"way","osm_id":"1364964052","ref":"A259"}},{"type":"Feature","geometry":{"type":"LineString","coordinates":[[-0.19581,50.82734],[-0.1962,50.82747]]},"properties":{"name":"Kingsway","category":"primary","osm_type":"way","osm_id":"1365518102","ref":"A259"}},{"type":"Feature","geometry":{"type":"LineString","coordinates":[[-0.19508,50.82712],[-0.19528,50.82718]]},"properties":{"name":"Kingsway","category":"primary","osm_type":"way","osm_id":"1365518103","ref":"A259"}},{"type":"Feature","geometry":{"type":"LineString","coordinates":[[-0.19583,50.82745],[-0.19531,50.8273]]},"properties":{"name":"Kingsway","category":"primary","osm_type":"way","osm_id":"1365518104","ref":"A259"}},{"type":"Feature","geometry":{"type":"LineString","coordinates":[[-0.19665,50.82773],[-0.19583,50.82745]]},"properties":{"name":"Kingsway","category":"primary","osm_type":"way","osm_id":"1365518105","ref":"A259"}},{"type":"Feature","geometry":{"type":"LineString","coordinates":[[-0.19786,50.82803],[-0.19856,50.82822]]},"properties":{"name":"Kingsway","category":"primary","osm_type":"way","osm_id":"1365527677","ref":"A259"}},{"type":"Feature","geometry":{"type":"LineString","coordinates":[[-0.2005,50.82862],[-0.20033,50.8286]]},"properties":{"name":"Kingsway","category":"primary","osm_type":"way","osm_id":"1365527683","ref":"A259"}},{"type":"Feature","geometry":{"type":"LineString","coordinates":[[-0.20033,50.8286],[-0.2,50.82856]]},"properties":{"name":"Kingsway","category":"primary","osm_type":"way","osm_id":"1365527687","ref":"A259"}},{"type":"Feature","geometry":{"type":"LineString","coordinates":[[-0.20078,50.82866],[-0.2005,50.82862]]},"properties":{"name":"Kingsway","category":"primary","osm_type":"way","osm_id":"1365527688","ref":"A259"}},{"type":"Feature","geometry":{"type":"LineString","coordinates":[[-0.21547,50.91345],[-0.21556,50.91347]]},"properties":{"name":"Henfield Road","category":"primary","osm_type":"way","osm_id":"1367122985","ref":"A281"}},{"type":"Feature","geometry":{"type":"LineString","coordinates":[[-0.395,50.99433],[-0.39457,50.99438]]},"properties":{"name":"Cowfold Road","category":"trunk","osm_type":"way","osm_id":"1373165303","ref":"A272"}},{"type":"Feature","geometry":{"type":"LineString","coordinates":[[-0.40762,50.99406],[-0.40616,50.9935]]},"properties":{"name":"Billingshurst Road","category":"trunk","osm_type":"way","osm_id":"1373165304","ref":"A272"}},{"type":"Feature","geometry":{"type":"LineString","coordinates":[[-0.61203,50.9951],[-0.61525,50.99749]]},"properties":{"name":"London Road","category":"primary","osm_type":"way","osm_id":"1373169776","ref":"A283"}},{"type":"Feature","geometry":{"type":"LineString","coordinates":[[-0.60989,50.98615],[-0.60994,50.98637]]},"properties":{"name":"Market Square","category":"trunk","osm_type":"way","osm_id":"1373169778","ref":"A272"}},{"type":"Feature","geometry":{"type":"LineString","coordinates":[[-0.59879,50.98503],[-0.59839,50.98492]]},"properties":{"name":"A283","category":"primary","osm_type":"way","osm_id":"1373169780","ref":"A283"}},{"type":"Feature","geometry":{"type":"LineString","coordinates":[[-0.756,50.91004],[-0.75645,50.90961]]},"properties":{"name":"A286","category":"primary","osm_type":"way","osm_id":"1374530045","ref":"A286"}},{"type":"Feature","geometry":{"type":"LineString","coordinates":[[-0.1356,50.82938],[-0.13561,50.82941]]},"properties":{"name":"York Place","category":"trunk","osm_type":"way","osm_id":"1376130329","ref":"A23"}},{"type":"Feature","geometry":{"type":"LineString","coordinates":[[-0.13566,50.82948],[-0.13567,50.82951]]},"properties":{"name":"London Road","category":"trunk","osm_type":"way","osm_id":"1376130330","ref":"A23"}},{"type":"Feature","geometry":{"type":"LineString","coordinates":[[-0.13567,50.82951],[-0.13568,50.82953]]},"properties":{"name":"London Road","category":"trunk","osm_type":"way","osm_id":"1376130331","ref":"A23"}},{"type":"Feature","geometry":{"type":"LineString","coordinates":[[-0.13698,50.81951],[-0.13655,50.81968]]},"properties":{"name":"Grand Junction Road","category":"primary","osm_type":"way","osm_id":"1379398455","ref":"A259"}},{"type":"Feature","geometry":{"type":"LineString","coordinates":[[-0.13571,50.81987],[-0.13483,50.81983]]},"properties":{"name":"Marine Parade","category":"primary","osm_type":"way","osm_id":"1380088590","ref":"A259"}},{"type":"Feature","geometry":{"type":"LineString","coordinates":[[-0.13657,50.82111],[-0.13659,50.82088]]},"properties":{"name":"Old Steine","category":"trunk","osm_type":"way","osm_id":"1380151816","ref":"A23"}},{"type":"Feature","geometry":{"type":"LineString","coordinates":[[-0.14025,50.83355],[-0.14031,50.83355]]},"properties":{"name":"New England Road","category":"primary","osm_type":"way","osm_id":"1381564708","ref":"A270"}},{"type":"Feature","geometry":{"type":"LineString","coordinates":[[-0.14075,50.83354],[-0.14063,50.83338]]},"properties":{"name":"New England Street","category":"primary","osm_type":"way","osm_id":"1381564713","ref":"A270"}},{"type":"Feature","geometry":{"type":"LineString","coordinates":[[-0.13985,50.83271],[-0.1398,50.83266]]},"properties":{"name":"New England Street","category":"primary","osm_type":"way","osm_id":"1381564714","ref":"A270"}},{"type":"Feature","geometry":{"type":"LineString","coordinates":[[-0.15201,50.86424],[-0.15222,50.86471]]},"properties":{"name":"Patcham By-Pass","category":"trunk","osm_type":"way","osm_id":"1382578223","ref":"A23"}},{"type":"Feature","geometry":{"type":"LineString","coordinates":[[-0.15191,50.86382],[-0.15201,50.86423]]},"properties":{"name":"Patcham By-Pass","category":"trunk","osm_type":"way","osm_id":"1382578224","ref":"A23"}},{"type":"Feature","geometry":{"type":"LineString","coordinates":[[-0.15201,50.86423],[-0.15201,50.86424]]},"properties":{"name":"Patcham By-Pass","category":"trunk","osm_type":"way","osm_id":"1382578233","ref":"A23"}},{"type":"Feature","geometry":{"type":"LineString","coordinates":[[-0.15195,50.86284],[-0.15191,50.86382]]},"properties":{"name":"Patcham By-Pass","category":"trunk","osm_type":"way","osm_id":"1382578234","ref":"A23"}},{"type":"Feature","geometry":{"type":"LineString","coordinates":[[-0.15196,50.86216],[-0.15196,50.86233]]},"properties":{"name":"Patcham By-Pass","category":"trunk","osm_type":"way","osm_id":"1382578235","ref":"A23"}},{"type":"Feature","geometry":{"type":"LineString","coordinates":[[-0.15196,50.86204],[-0.15196,50.86216]]},"properties":{"name":"Patcham By-Pass","category":"trunk","osm_type":"way","osm_id":"1382578236","ref":"A23"}},{"type":"Feature","geometry":{"type":"LineString","coordinates":[[-0.15196,50.86188],[-0.15196,50.86204]]},"properties":{"name":"Patcham By-Pass","category":"trunk","osm_type":"way","osm_id":"1382578237","ref":"A23"}},{"type":"Feature","geometry":{"type":"LineString","coordinates":[[-0.15208,50.85945],[-0.15204,50.85961]]},"properties":{"name":"Patcham By-Pass","category":"trunk","osm_type":"way","osm_id":"1382578239","ref":"A23"}},{"type":"Feature","geometry":{"type":"LineString","coordinates":[[-0.15204,50.85961],[-0.15201,50.85978]]},"properties":{"name":"Patcham By-Pass","category":"trunk","osm_type":"way","osm_id":"1382578240","ref":"A23"}},{"type":"Feature","geometry":{"type":"LineString","coordinates":[[-0.78553,50.82825],[-0.78461,50.82802]]},"properties":{"name":"Chichester Bypass","category":"trunk","osm_type":"way","osm_id":"1386872055","operator":"National Highways","ref":"A27"}},{"type":"Feature","geometry":{"type":"LineString","coordinates":[[-0.78461,50.82802],[-0.78406,50.8281]]},"properties":{"name":"Chichester Bypass","category":"trunk","osm_type":"way","osm_id":"1386872198","operator":"National Highways","ref":"A27"}},{"type":"Feature","geometry":{"type":"LineString","coordinates":[[-0.78473,50.82798],[-0.78452,50.82797]]},"properties":{"name":"Chichester Bypass","category":"trunk","osm_type":"way","osm_id":"1386872199","operator":"National Highways","ref":"A27"}},{"type":"Feature","geometry":{"type":"LineString","coordinates":[[-0.41165,50.8408],[-0.4111,50.84074]]},"properties":{"name":"Arundel Road","category":"trunk","osm_type":"way","osm_id":"1391767761","operator":"National Highways","ref":"A27"}},{"type":"Feature","geometry":{"type":"LineString","coordinates":[[-0.4111,50.84074],[-0.4108,50.84072]]},"properties":{"name":"Arundel Road","category":"trunk","osm_type":"way","osm_id":"1391767762","operator":"National Highways","ref":"A27"}},{"type":"Feature","geometry":{"type":"LineString","coordinates":[[-0.4108,50.84072],[-0.41024,50.84071]]},"properties":{"name":"Arundel Road","category":"trunk","osm_type":"way","osm_id":"1391767763","operator":"National Highways","ref":"A27"}},{"type":"Feature","geometry":{"type":"LineString","coordinates":[[-0.41024,50.84071],[-0.4099,50.84071]]},"properties":{"name":"Arundel Road","category":"trunk","osm_type":"way","osm_id":"1391767764","operator":"National Highways","ref":"A27"}},{"type":"Feature","geometry":{"type":"LineString","coordinates":[[-0.47214,50.83245],[-0.4721,50.83266],[-0.47174,50.83262],[-0.47184,50.83241],[-0.47214,50.83245]]},"properties":{"name":"Water Lane Roundabout","category":"primary","osm_type":"way","osm_id":"1393495634"}},{"type":"Feature","geometry":{"type":"LineString","coordinates":[[-0.47267,50.83152],[-0.47209,50.83242]]},"properties":{"name":"A280","category":"primary","osm_type":"way","osm_id":"1393495635","ref":"A280"}},{"type":"Feature","geometry":{"type":"LineString","coordinates":[[-0.47184,50.83241],[-0.47267,50.83152]]},"properties":{"name":"A280","category":"primary","osm_type":"way","osm_id":"1393495636","ref":"A280"}},{"type":"Feature","geometry":{"type":"LineString","coordinates":[[-0.47195,50.83269],[-0.47059,50.83358]]},"properties":{"name":"Water Lane","category":"primary","osm_type":"way","osm_id":"1393495637","ref":"A280"}},{"type":"Feature","geometry":{"type":"LineString","coordinates":[[-0.47059,50.83358],[-0.47174,50.83262]]},"properties":{"name":"Water Lane","category":"primary","osm_type":"way","osm_id":"1393495638","ref":"A280"}},{"type":"Feature","geometry":{"type":"LineString","coordinates":[[-0.75645,50.84235],[-0.75537,50.84217]]},"properties":{"name":"Portfield Way","category":"primary","osm_type":"way","osm_id":"1394427581","ref":"A285"}},{"type":"Feature","geometry":{"type":"LineString","coordinates":[[-0.75303,50.84233],[-0.75434,50.84179]]},"properties":{"name":"Arundel Road","category":"trunk","osm_type":"way","osm_id":"1394427592","operator":"National Highways","ref":"A27"}},{"type":"Feature","geometry":{"type":"LineString","coordinates":[[-0.75303,50.84233],[-0.75431,50.84187]]},"properties":{"name":"Arundel Road","category":"trunk","osm_type":"way","osm_id":"1394427593","operator":"National Highways","ref":"A27"}},{"type":"Feature","geometry":{"type":"LineString","coordinates":[[-0.62402,50.80244],[-0.62164,50.80226]]},"properties":{"name":"Worms Lane","category":"primary","osm_type":"way","osm_id":"1396464392","ref":"A259"}},{"type":"Feature","geometry":{"type":"LineString","coordinates":[[-0.53737,50.81636],[-0.53723,50.81429]]},"properties":{"name":"Fitzalan Road","category":"primary","osm_type":"way","osm_id":"1396709536","ref":"A284"}},{"type":"Feature","geometry":{"type":"LineString","coordinates":[[-0.15412,50.91304],[-0.15495,50.91514]]},"properties":{"name":"Brighton Road","category":"primary","osm_type":"way","osm_id":"1409277421","ref":"A273"}},{"type":"Feature","geometry":{"type":"LineString","coordinates":[[-0.29235,50.84296],[-0.28969,50.84386]]},"properties":{"name":"Shoreham Bypass","category":"trunk","osm_type":"way","osm_id":"1417490803","operator":"National Highways","ref":"A27"}},{"type":"Feature","geometry":{"type":"LineString","coordinates":[[-0.80329,50.81071],[-0.80291,50.80871],[-0.8066,50.80502]]},"properties":{"name":"Birdham Road","category":"primary","osm_type":"way","osm_id":"1421958696","ref":"A286"}},{"type":"Feature","geometry":{"type":"LineString","coordinates":[[-0.53898,50.83495],[-0.53932,50.83551]]},"properties":{"name":"Lyminster Road","category":"primary","osm_type":"way","osm_id":"1421960691","ref":"A284"}},{"type":"Feature","geometry":{"type":"LineString","coordinates":[[-0.53702,50.8283],[-0.53702,50.82842]]},"properties":{"name":"Lyminster Bypass","category":"primary","osm_type":"way","osm_id":"1421960692","ref":"A284"}},{"type":"Feature","geometry":{"type":"LineString","coordinates":[[-0.50169,50.81945],[-0.50116,50.81949]]},"properties":{"name":"Rustington Bypass","category":"primary","osm_type":"way","osm_id":"1421963842","ref":"A259"}},{"type":"Feature","geometry":{"type":"LineString","coordinates":[[-0.10535,50.98687],[-0.10649,50.98685]]},"properties":{"name":"Rocky Lane","category":"trunk","osm_type":"way","osm_id":"1422520261","ref":"A272"}},{"type":"Feature","geometry":{"type":"LineString","coordinates":[[-0.10649,50.98685],[-0.10929,50.98645]]},"properties":{"name":"Rocky Lane","category":"trunk","osm_type":"way","osm_id":"1422520262","ref":"A272"}},{"type":"Feature","geometry":{"type":"LineString","coordinates":[[-0.77218,50.90883],[-0.77416,50.90847]]},"properties":{"name":"A286","category":"primary","osm_type":"way","osm_id":"1424850278","ref":"A286"}},{"type":"Feature","geometry":{"type":"LineString","coordinates":[[-0.06985,50.80633],[-0.06931,50.80612]]},"properties":{"name":"Marine Drive","category":"primary","osm_type":"way","osm_id":"1425095844","ref":"A259"}},{"type":"Feature","geometry":{"type":"LineString","coordinates":[[-0.03575,50.79942],[-0.03467,50.79912]]},"properties":{"name":"Marine Drive","category":"primary","osm_type":"way","osm_id":"1425881354","ref":"A259"}},{"type":"Feature","geometry":{"type":"LineString","coordinates":[[-0.0347,50.79908],[-0.03575,50.79942]]},"properties":{"name":"Marine Drive","category":"primary","osm_type":"way","osm_id":"1425881355","ref":"A259"}},{"type":"Feature","geometry":{"type":"LineString","coordinates":[[-0.73767,50.98939],[-0.73752,50.98948]]},"properties":{"name":"North Street","category":"trunk","osm_type":"way","osm_id":"1427302688","ref":"A272"}},{"type":"Feature","geometry":{"type":"LineString","coordinates":[[-0.13678,50.81999],[-0.13678,50.82051]]},"properties":{"name":"Old Steine","category":"trunk","osm_type":"way","osm_id":"1436726760","ref":"A23"}},{"type":"Feature","geometry":{"type":"LineString","coordinates":[[-0.15066,50.84093],[-0.15093,50.84142]]},"properties":{"name":"Preston Road","category":"trunk","osm_type":"way","osm_id":"1436726768","ref":"A23"}},{"type":"Feature","geometry":{"type":"LineString","coordinates":[[-0.14805,50.83894],[-0.14827,50.83906]]},"properties":{"name":"Preston Road","category":"trunk","osm_type":"way","osm_id":"1436726773","ref":"A23"}},{"type":"Feature","geometry":{"type":"LineString","coordinates":[[-0.14827,50.83906],[-0.14844,50.83915]]},"properties":{"name":"Preston Road","category":"trunk","osm_type":"way","osm_id":"1436726774","ref":"A23"}},{"type":"Feature","geometry":{"type":"LineString","coordinates":[[-0.14366,50.83656],[-0.1438,50.83664]]},"properties":{"name":"Preston Road","category":"trunk","osm_type":"way","osm_id":"1436726782","ref":"A23"}},{"type":"Feature","geometry":{"type":"LineString","coordinates":[[-0.14585,50.83774],[-0.14656,50.83813]]},"properties":{"name":"Preston Road","category":"trunk","osm_type":"way","osm_id":"1436726792","ref":"A23"}},{"type":"Feature","geometry":{"type":"LineString","coordinates":[[-0.14844,50.83915],[-0.14887,50.83937]]},"properties":{"name":"Preston Road","category":"trunk","osm_type":"way","osm_id":"1436726796","ref":"A23"}},{"type":"Feature","geometry":{"type":"LineString","coordinates":[[-0.15093,50.84142],[-0.15113,50.84189]]},"properties":{"name":"Preston Road","category":"trunk","osm_type":"way","osm_id":"1436726800","ref":"A23"}},{"type":"Feature","geometry":{"type":"LineString","coordinates":[[-0.13678,50.82051],[-0.13669,50.82112]]},"properties":{"name":"Old Steine","category":"trunk","osm_type":"way","osm_id":"1443237371","ref":"A23"}},{"type":"Feature","geometry":{"type":"LineString","coordinates":[[-0.13669,50.82112],[-0.13655,50.82146]]},"properties":{"name":"Pavilion Parade","category":"trunk","osm_type":"way","osm_id":"1443364514","ref":"A23"}},{"type":"Feature","geometry":{"type":"LineString","coordinates":[[-0.13662,50.8206],[-0.13664,50.8203]]},"properties":{"name":"Old Steine","category":"trunk","osm_type":"way","osm_id":"1443827077","ref":"A23"}},{"type":"Feature","geometry":{"type":"LineString","coordinates":[[-0.14461,50.82084],[-0.14462,50.82077]]},"properties":{"name":"Major roads","category":"primary","osm_type":"way","osm_id":"1443844355"}},{"type":"Feature","geometry":{"type":"LineString","coordinates":[[-0.14462,50.82077],[-0.14464,50.82074]]},"properties":{"name":"Major roads","category":"primary","osm_type":"way","osm_id":"1443844356"}},{"type":"Feature","geometry":{"type":"LineString","coordinates":[[-0.1443,50.82182],[-0.14428,50.82173]]},"properties":{"name":"West Street","category":"primary","osm_type":"way","osm_id":"1443844357","ref":"A2010"}},{"type":"Feature","geometry":{"type":"LineString","coordinates":[[-0.14766,50.82112],[-0.14786,50.82116]]},"properties":{"name":"King's Road","category":"primary","osm_type":"way","osm_id":"1443844372","ref":"A259"}},{"type":"Feature","geometry":{"type":"LineString","coordinates":[[-0.14709,50.82101],[-0.14766,50.82112]]},"properties":{"name":"King's Road","category":"primary","osm_type":"way","osm_id":"1443844373","ref":"A259"}},{"type":"Feature","geometry":{"type":"LineString","coordinates":[[-0.14688,50.82097],[-0.14709,50.82101]]},"properties":{"name":"King's Road","category":"primary","osm_type":"way","osm_id":"1443844374","ref":"A259"}},{"type":"Feature","geometry":{"type":"LineString","coordinates":[[-0.14786,50.82116],[-0.14804,50.82119]]},"properties":{"name":"King's Road","category":"primary","osm_type":"way","osm_id":"1443844375","ref":"A259"}},{"type":"Feature","geometry":{"type":"LineString","coordinates":[[-0.14886,50.82134],[-0.14949,50.82142]]},"properties":{"name":"King's Road","category":"primary","osm_type":"way","osm_id":"1443844376","ref":"A259"}},{"type":"Feature","geometry":{"type":"LineString","coordinates":[[-0.14855,50.82128],[-0.14886,50.82134]]},"properties":{"name":"King's Road","category":"primary","osm_type":"way","osm_id":"1443844377","ref":"A259"}},{"type":"Feature","geometry":{"type":"LineString","coordinates":[[-0.14844,50.82126],[-0.14855,50.82128]]},"properties":{"name":"King's Road","category":"primary","osm_type":"way","osm_id":"1443844378","ref":"A259"}},{"type":"Feature","geometry":{"type":"LineString","coordinates":[[-0.15078,50.82164],[-0.1512,50.82171]]},"properties":{"name":"King's Road","category":"primary","osm_type":"way","osm_id":"1443844383","ref":"A259"}},{"type":"Feature","geometry":{"type":"LineString","coordinates":[[-0.1512,50.82171],[-0.15143,50.82175]]},"properties":{"name":"King's Road","category":"primary","osm_type":"way","osm_id":"1443844388","ref":"A259"}},{"type":"Feature","geometry":{"type":"LineString","coordinates":[[-0.1516,50.82177],[-0.15172,50.8218]]},"properties":{"name":"King's Road","category":"primary","osm_type":"way","osm_id":"1443844393","ref":"A259"}},{"type":"Feature","geometry":{"type":"LineString","coordinates":[[-0.15287,50.82206],[-0.15251,50.82199]]},"properties":{"name":"King's Road","category":"primary","osm_type":"way","osm_id":"1443844394","ref":"A259"}},{"type":"Feature","geometry":{"type":"LineString","coordinates":[[-0.13653,50.82176],[-0.13655,50.82146]]},"properties":{"name":"Pavilion Parade","category":"trunk","osm_type":"way","osm_id":"1449250968","ref":"A23"}},{"type":"Feature","geometry":{"type":"LineString","coordinates":[[-0.1365,50.82237],[-0.13653,50.82228]]},"properties":{"name":"Pavilion Parade","category":"trunk","osm_type":"way","osm_id":"1449250969","ref":"A23"}},{"type":"Feature","geometry":{"type":"LineString","coordinates":[[-0.5757,50.80817],[-0.57626,50.80816]]},"properties":{"name":"Crookthorn Lane","category":"primary","osm_type":"way","osm_id":"1453771853","ref":"A259"}},{"type":"Feature","geometry":{"type":"LineString","coordinates":[[-0.57626,50.80816],[-0.57576,50.80832]]},"properties":{"name":"Crookthorn Lane","category":"primary","osm_type":"way","osm_id":"1453771854","ref":"A259"}},{"type":"Feature","geometry":{"type":"LineString","coordinates":[[-0.57556,50.80837],[-0.57501,50.80836]]},"properties":{"name":"Bridge Road","category":"primary","osm_type":"way","osm_id":"1453771857","ref":"A259"}},{"type":"Feature","geometry":{"type":"LineString","coordinates":[[-0.57501,50.80836],[-0.57544,50.80825]]},"properties":{"name":"Bridge Road","category":"primary","osm_type":"way","osm_id":"1453771858","ref":"A259"}},{"type":"Feature","geometry":{"type":"LineString","coordinates":[[-0.569,50.80847],[-0.56917,50.80844]]},"properties":{"name":"Bridge Road","category":"primary","osm_type":"way","osm_id":"1465358516","ref":"A259"}},{"type":"Feature","geometry":{"type":"LineString","coordinates":[[-0.56955,50.80848],[-0.56939,50.80847]]},"properties":{"name":"Bridge Road","category":"primary","osm_type":"way","osm_id":"1465358517","ref":"A259"}},{"type":"Feature","geometry":{"type":"LineString","coordinates":[[-0.56939,50.80847],[-0.569,50.80847]]},"properties":{"name":"Major roads","category":"primary","osm_type":"way","osm_id":"1465358518"}},{"type":"Feature","geometry":{"type":"LineString","coordinates":[[-0.97289,50.80186],[-0.97286,50.80152]]},"properties":{"name":"Havant Road","category":"primary","osm_type":"way","osm_id":"1476193882","ref":"A3023"}},{"type":"Feature","geometry":{"type":"LineString","coordinates":[[-0.97289,50.80186],[-0.97326,50.80347]]},"properties":{"name":"Havant Road","category":"primary","osm_type":"way","osm_id":"1476193884","ref":"A3023"}},{"type":"Feature","geometry":{"type":"LineString","coordinates":[[-0.93111,50.84657],[-0.93127,50.8466]]},"properties":{"name":"Main Road","category":"primary","osm_type":"way","osm_id":"1476193903","ref":"A259"}},{"type":"Feature","geometry":{"type":"LineString","coordinates":[[-0.82068,50.83657],[-0.82098,50.8366]]},"properties":{"name":"Main Road","category":"primary","osm_type":"way","osm_id":"1476282768","ref":"A259"}},{"type":"Feature","geometry":{"type":"LineString","coordinates":[[-0.82016,50.8365],[-0.82068,50.83657]]},"properties":{"name":"Main Road","category":"primary","osm_type":"way","osm_id":"1476282769","ref":"A259"}},{"type":"Feature","geometry":{"type":"LineString","coordinates":[[-0.98102,50.83747],[-0.98208,50.83869]]},"properties":{"name":"Langstone Road","category":"primary","osm_type":"way","osm_id":"1476288020","ref":"A3023"}},{"type":"Feature","geometry":{"type":"LineString","coordinates":[[-0.98208,50.83869],[-0.98248,50.83914]]},"properties":{"name":"Langstone Road","category":"primary","osm_type":"way","osm_id":"1476288021","ref":"A3023"}},{"type":"Feature","geometry":{"type":"LineString","coordinates":[[-0.1389,50.83172],[-0.13911,50.83105]]},"properties":{"name":"Fleet Street","category":"primary","osm_type":"way","osm_id":"1484015700","ref":"A270"}},{"type":"Feature","geometry":{"type":"LineString","coordinates":[[-0.13911,50.83105],[-0.13913,50.83033]]},"properties":{"name":"Fleet Street","category":"primary","osm_type":"way","osm_id":"1484015786","ref":"A270"}},{"type":"Feature","geometry":{"type":"LineString","coordinates":[[-0.13662,50.83158],[-0.1375,50.83244]]},"properties":{"name":"London Road","category":"trunk","osm_type":"way","osm_id":"1484016292","ref":"A23"}},{"type":"Feature","geometry":{"type":"LineString","coordinates":[[-0.13638,50.83129],[-0.13662,50.83158]]},"properties":{"name":"London Road","category":"trunk","osm_type":"way","osm_id":"1484059597","ref":"A23"}},{"type":"Feature","geometry":{"type":"LineString","coordinates":[[-0.13585,50.82996],[-0.13592,50.83015]]},"properties":{"name":"London Road","category":"trunk","osm_type":"way","osm_id":"1484062595","ref":"A23"}},{"type":"Feature","geometry":{"type":"LineString","coordinates":[[-0.39187,50.83079],[-0.39193,50.83039]]},"properties":{"name":"Offington Lane","category":"primary","osm_type":"way","osm_id":"1486806407"}},{"type":"Feature","geometry":{"type":"LineString","coordinates":[[-0.3921,50.83004],[-0.39209,50.83029]]},"properties":{"name":"Rectory Road","category":"primary","osm_type":"way","osm_id":"1486806408","ref":"A2031"}},{"type":"Feature","geometry":{"type":"LineString","coordinates":[[-0.39207,50.83038],[-0.39187,50.83079]]},"properties":{"name":"Offington Lane","category":"primary","osm_type":"way","osm_id":"1486806409","ref":"A2031"}},{"type":"Feature","geometry":{"type":"LineString","coordinates":[[-0.39108,50.83038],[-0.39196,50.8303]]},"properties":{"name":"Poulter's Lane","category":"primary","osm_type":"way","osm_id":"1486806417","ref":"A2032"}},{"type":"Feature","geometry":{"type":"LineString","coordinates":[[-0.39209,50.83029],[-0.39252,50.83027]]},"properties":{"name":"Littlehampton Road","category":"primary","osm_type":"way","osm_id":"1486806418","ref":"A2032"}},{"type":"Feature","geometry":{"type":"LineString","coordinates":[[-0.39193,50.83039],[-0.39108,50.83038]]},"properties":{"name":"Poulter's Lane","category":"primary","osm_type":"way","osm_id":"1486806419"}},{"type":"Feature","geometry":{"type":"LineString","coordinates":[[-0.39297,50.83029],[-0.39207,50.83038]]},"properties":{"name":"Littlehampton Road","category":"primary","osm_type":"way","osm_id":"1486806420"}},{"type":"Feature","geometry":{"type":"LineString","coordinates":[[-0.39209,50.83029],[-0.39207,50.83038]]},"properties":{"name":"Offington Lane","category":"primary","osm_type":"way","osm_id":"1486806421","ref":"A2031"}},{"type":"Feature","geometry":{"type":"LineString","coordinates":[[-0.39196,50.8303],[-0.3921,50.83004]]},"properties":{"name":"Rectory Road","category":"primary","osm_type":"way","osm_id":"1486806422"}},{"type":"Feature","geometry":{"type":"LineString","coordinates":[[-0.39196,50.8303],[-0.39209,50.83029]]},"properties":{"name":"Poulter's Lane","category":"primary","osm_type":"way","osm_id":"1486806423","ref":"A2032"}},{"type":"Feature","geometry":{"type":"LineString","coordinates":[[-0.55671,50.82049],[-0.55774,50.81998]]},"properties":{"name":"Major roads","category":"primary_link","osm_type":"way","osm_id":"1487011879"}},{"type":"Feature","geometry":{"type":"LineString","coordinates":[[-0.27234,50.93051],[-0.27219,50.93194]]},"properties":{"name":"High Street","category":"primary","osm_type":"way","osm_id":"1497426394","ref":"A281"}},{"type":"Feature","geometry":{"type":"LineString","coordinates":[[-0.27219,50.93194],[-0.27216,50.93225]]},"properties":{"name":"High Street","category":"primary","osm_type":"way","osm_id":"1497426396","ref":"A281"}},{"type":"Feature","geometry":{"type":"LineString","coordinates":[[-0.27184,50.937],[-0.27197,50.93728]]},"properties":{"name":"London Road","category":"primary","osm_type":"way","osm_id":"1497426397","ref":"A281"}},{"type":"Feature","geometry":{"type":"LineString","coordinates":[[-0.13646,50.81973],[-0.13629,50.81981]]},"properties":{"name":"Marine Parade","category":"primary","osm_type":"way","osm_id":"1499092973","ref":"A259"}},{"type":"Feature","geometry":{"type":"LineString","coordinates":[[-0.13646,50.81973],[-0.13643,50.81963]]},"properties":{"name":"Old Steine","category":"trunk","osm_type":"way","osm_id":"1499092974","ref":"A23"}},{"type":"Feature","geometry":{"type":"LineString","coordinates":[[-0.13643,50.81963],[-0.13655,50.81968]]},"properties":{"name":"Old Steine","category":"trunk","osm_type":"way","osm_id":"1499092975","ref":"A23"}},{"type":"Feature","geometry":{"type":"LineString","coordinates":[[-0.28551,50.95976],[-0.28545,50.95982]]},"properties":{"name":"Brighton Road","category":"primary","osm_type":"way","osm_id":"1499348847","ref":"A281"}},{"type":"Feature","geometry":{"type":"LineString","coordinates":[[-0.27212,50.94183],[-0.27166,50.94341]]},"properties":{"name":"Crouch Hill","category":"primary","osm_type":"way","osm_id":"1503108952","ref":"A281"}},{"type":"Feature","geometry":{"type":"LineString","coordinates":[[-0.13586,50.81985],[-0.13571,50.81987]]},"properties":{"name":"Marine Parade","category":"primary","osm_type":"way","osm_id":"1505156506","ref":"A259"}},{"type":"Feature","geometry":{"type":"LineString","coordinates":[[-0.60912,50.98768],[-0.60945,50.98854]]},"properties":{"name":"North Street","category":"trunk","osm_type":"way","osm_id":"1506772711","ref":"A272"}},{"type":"Feature","geometry":{"type":"LineString","coordinates":[[-0.60971,50.98759],[-0.60935,50.98759]]},"properties":{"name":"Church Street","category":"trunk","osm_type":"way","osm_id":"1506772712","ref":"A272"}},{"type":"Feature","geometry":{"type":"LineString","coordinates":[[-0.61711,50.98434],[-0.61374,50.98438]]},"properties":{"name":"Tillington Road","category":"trunk","osm_type":"way","osm_id":"1506799954","ref":"A272"}},{"type":"Feature","geometry":{"type":"LineString","coordinates":[[-0.62078,50.96402],[-0.6209,50.96393]]},"properties":{"name":"A285","category":"primary","osm_type":"way","osm_id":"1506799957","ref":"A285"}},{"type":"Feature","geometry":{"type":"LineString","coordinates":[[-0.1539,50.91264],[-0.15394,50.9127]]},"properties":{"name":"Brighton Road","category":"primary","osm_type":"way","osm_id":"1514026789","ref":"A273"}},{"type":"Feature","geometry":{"type":"LineString","coordinates":[[-0.39252,50.83027],[-0.39297,50.83029]]},"properties":{"name":"Littlehampton Road","category":"primary","osm_type":"way","osm_id":"1519150698","ref":"A2032"}},{"type":"Feature","geometry":{"type":"LineString","coordinates":[[-0.3921,50.83004],[-0.39211,50.83]]},"properties":{"name":"Rectory Road","category":"primary","osm_type":"way","osm_id":"1519150699","ref":"A2031"}},{"type":"Feature","geometry":{"type":"LineString","coordinates":[[-0.39207,50.83038],[-0.39193,50.83039]]},"properties":{"name":"Poulter's Lane","category":"primary","osm_type":"way","osm_id":"1519150700"}},{"type":"Feature","geometry":{"type":"LineString","coordinates":[[-0.39193,50.83039],[-0.39196,50.8303]]},"properties":{"name":"Offington Lane","category":"primary","osm_type":"way","osm_id":"1519150701"}},{"type":"Feature","geometry":{"type":"LineString","coordinates":[[-0.15196,50.86233],[-0.15195,50.86266]]},"properties":{"name":"Patcham By-Pass","category":"trunk","osm_type":"way","osm_id":"1521452975","ref":"A23"}},{"type":"Feature","geometry":{"type":"LineString","coordinates":[[-0.15272,50.85816],[-0.15216,50.85918]]},"properties":{"name":"London Road","category":"trunk","osm_type":"way","osm_id":"1521452976","ref":"A23"}},{"type":"Feature","geometry":{"type":"LineString","coordinates":[[-0.15197,50.86275],[-0.15195,50.86284]]},"properties":{"name":"Patcham By-Pass","category":"trunk","osm_type":"way","osm_id":"1527656461","ref":"A23"}},{"type":"Feature","geometry":{"type":"LineString","coordinates":[[-0.15195,50.86266],[-0.15197,50.86275]]},"properties":{"name":"Patcham By-Pass","category":"trunk","osm_type":"way","osm_id":"1527656462","ref":"A23"}},{"type":"Feature","geometry":{"type":"LineString","coordinates":[[-0.15195,50.86284],[-0.15195,50.86266]]},"properties":{"name":"A23","category":"trunk","osm_type":"way","osm_id":"1527656463","ref":"A23"}},{"type":"Feature","geometry":{"type":"LineString","coordinates":[[-0.96377,50.84839],[-0.96409,50.84845]]},"properties":{"name":"Havant Road","category":"primary","osm_type":"way","osm_id":"1532645849","ref":"A259"}},{"type":"Feature","geometry":{"type":"LineString","coordinates":[[-0.96398,50.84854],[-0.96377,50.84839]]},"properties":{"name":"Havant Road","category":"primary","osm_type":"way","osm_id":"1532645850","ref":"A259"}},{"type":"Feature","geometry":{"type":"LineString","coordinates":[[-0.45045,50.84546],[-0.45052,50.8441]]},"properties":{"name":"Long Furlong","category":"trunk","osm_type":"way","osm_id":"1540205247","ref":"A280"}},{"type":"Feature","geometry":{"type":"LineString","coordinates":[[-0.54917,50.85041],[-0.54901,50.85034]]},"properties":{"name":"Major roads","category":"trunk","osm_type":"way","osm_id":"1551283946","operator":"National Highways"}}]}