{"type":"FeatureCollection","features":[{"type":"Feature","geometry":{"type":"LineString","coordinates":[[-1.57769,55.02689],[-1.57888,55.02794]]},"properties":{"name":"East Coast Main Line","category":"rail","osm_type":"way","osm_id":"3991946","operator":"Network Rail","ref":"ECM7"}},{"type":"Feature","geometry":{"type":"LineString","coordinates":[[-1.66267,55.49777],[-1.66253,55.49394],[-1.66471,55.48069],[-1.6639,55.47686],[-1.66192,55.47398],[-1.63982,55.45061]]},"properties":{"name":"East Coast Main Line","category":"rail","osm_type":"way","osm_id":"3992085","operator":"Network Rail","ref":"ECM7"}},{"type":"Feature","geometry":{"type":"LineString","coordinates":[[-1.62543,55.43844],[-1.6226,55.43444],[-1.62196,55.43097]]},"properties":{"name":"East Coast Main Line","category":"rail","osm_type":"way","osm_id":"3992086","operator":"Network Rail","ref":"ECM7"}},{"type":"Feature","geometry":{"type":"LineString","coordinates":[[-1.64122,55.40009],[-1.64113,55.39685],[-1.6384,55.39385]]},"properties":{"name":"East Coast Main Line","category":"rail","osm_type":"way","osm_id":"3992087","operator":"Network Rail","ref":"ECM7"}},{"type":"Feature","geometry":{"type":"LineString","coordinates":[[-1.62242,55.3734],[-1.62228,55.3697],[-1.62353,55.3665],[-1.6361,55.35108],[-1.63982,55.34514]]},"properties":{"name":"East Coast Main Line","category":"rail","osm_type":"way","osm_id":"3992101","operator":"Network Rail","ref":"ECM7"}},{"type":"Feature","geometry":{"type":"LineString","coordinates":[[-1.6499,55.335],[-1.65231,55.33186],[-1.6522,55.32866]]},"properties":{"name":"East Coast Main Line","category":"rail","osm_type":"way","osm_id":"3992102","operator":"Network Rail","ref":"ECM7"}},{"type":"Feature","geometry":{"type":"LineString","coordinates":[[-1.65253,55.26942],[-1.65045,55.25947],[-1.64827,55.25536]]},"properties":{"name":"East Coast Main Line","category":"rail","osm_type":"way","osm_id":"3992103","operator":"Network Rail","ref":"ECM7"}},{"type":"Feature","geometry":{"type":"LineString","coordinates":[[-1.62462,55.20725],[-1.62637,55.20301],[-1.62641,55.19557],[-1.62698,55.1929],[-1.62887,55.18938],[-1.6324,55.18579]]},"properties":{"name":"East Coast Main Line","category":"rail","osm_type":"way","osm_id":"3992104","operator":"Network Rail","ref":"ECM7"}},{"type":"Feature","geometry":{"type":"LineString","coordinates":[[-1.66694,55.16981],[-1.66759,55.16907]]},"properties":{"name":"East Coast Main Line","category":"rail","osm_type":"way","osm_id":"3992105","operator":"Network Rail","ref":"ECM7"}},{"type":"Feature","geometry":{"type":"LineString","coordinates":[[-1.65107,55.10811],[-1.64782,55.10564]]},"properties":{"name":"East Coast Main Line","category":"rail","osm_type":"way","osm_id":"3992106","operator":"Network Rail","ref":"ECM7"}},{"type":"Feature","geometry":{"type":"LineString","coordinates":[[-1.68051,55.16295],[-1.67859,55.16312]]},"properties":{"name":"Blyth and Tyne Line","category":"rail","osm_type":"way","osm_id":"4358938","operator":"Network Rail","ref":"HJM"}},{"type":"Feature","geometry":{"type":"LineString","coordinates":[[-1.57327,55.18352],[-1.5724,55.18581],[-1.56917,55.18733],[-1.55078,55.18825]]},"properties":{"name":"Blyth and Tyne Line","category":"rail","osm_type":"way","osm_id":"4358939","operator":"Network Rail","ref":"BWC"}},{"type":"Feature","geometry":{"type":"LineString","coordinates":[[-1.5546,55.12242],[-1.55882,55.12754]]},"properties":{"name":"Blyth and Tyne Line","category":"rail","osm_type":"way","osm_id":"4358942","operator":"Network Rail","ref":"EJM"}},{"type":"Feature","geometry":{"type":"LineString","coordinates":[[-1.62047,55.01179],[-1.62131,55.0119]]},"properties":{"name":"Metro","category":"light_rail","osm_type":"way","osm_id":"4599492","operator":"Nexus"}},{"type":"Feature","geometry":{"type":"LineString","coordinates":[[-1.54886,55.18978],[-1.55164,55.19011],[-1.55226,55.19316],[-1.55016,55.19547],[-1.55169,55.19617]]},"properties":{"name":"Railways","category":"narrow_gauge","osm_type":"way","osm_id":"4708904","website":"https://woodhornrailway.com/"}},{"type":"Feature","geometry":{"type":"LineString","coordinates":[[-1.57888,55.02794],[-1.57945,55.02855]]},"properties":{"name":"East Coast Main Line","category":"rail","osm_type":"way","osm_id":"8663010","operator":"Network Rail","ref":"ECM7"}},{"type":"Feature","geometry":{"type":"LineString","coordinates":[[-1.43776,55.03717],[-1.43903,55.03861],[-1.44103,55.03947],[-1.44526,55.04009],[-1.45206,55.04032],[-1.46348,55.04356],[-1.46771,55.04321],[-1.47769,55.03997]]},"properties":{"name":"Metro","category":"light_rail","osm_type":"way","osm_id":"19736361","operator":"Nexus","ref":"TMB"}},{"type":"Feature","geometry":{"type":"LineString","coordinates":[[-1.43359,55.03027],[-1.43622,55.03472]]},"properties":{"name":"Metro","category":"light_rail","osm_type":"way","osm_id":"19737231","operator":"Nexus"}},{"type":"Feature","geometry":{"type":"LineString","coordinates":[[-1.4377,55.03707],[-1.43776,55.03717]]},"properties":{"name":"Metro","category":"light_rail","osm_type":"way","osm_id":"19737474","operator":"Nexus"}},{"type":"Feature","geometry":{"type":"LineString","coordinates":[[-1.57929,55.00988],[-1.58348,55.00901],[-1.58793,55.00871],[-1.59905,55.00973]]},"properties":{"name":"Metro","category":"light_rail","osm_type":"way","osm_id":"19781690","operator":"Nexus"}},{"type":"Feature","geometry":{"type":"LineString","coordinates":[[-1.57799,55.01032],[-1.57929,55.00988]]},"properties":{"name":"Metro","category":"light_rail","osm_type":"way","osm_id":"19781691","operator":"Nexus"}},{"type":"Feature","geometry":{"type":"LineString","coordinates":[[-1.43114,55.02594],[-1.4298,55.02025]]},"properties":{"name":"Metro","category":"light_rail","osm_type":"way","osm_id":"19880944","operator":"Nexus"}},{"type":"Feature","geometry":{"type":"LineString","coordinates":[[-1.50005,55.12973],[-1.50754,55.13411],[-1.51043,55.13656]]},"properties":{"name":"Railways","category":"rail","osm_type":"way","osm_id":"21031700"}},{"type":"Feature","geometry":{"type":"LineString","coordinates":[[-1.51861,55.14379],[-1.51247,55.13735],[-1.51266,55.13578]]},"properties":{"name":"Railways","category":"rail","osm_type":"way","osm_id":"24422803"}},{"type":"Feature","geometry":{"type":"LineString","coordinates":[[-1.57111,55.14825],[-1.57126,55.14776]]},"properties":{"name":"Blyth and Tyne Line","category":"rail","osm_type":"way","osm_id":"24531838","operator":"Network Rail","ref":"BWC"}},{"type":"Feature","geometry":{"type":"LineString","coordinates":[[-1.57195,55.14535],[-1.57123,55.14219]]},"properties":{"name":"Blyth and Tyne Line","category":"rail","osm_type":"way","osm_id":"24531839","operator":"Network Rail","ref":"BWC"}},{"type":"Feature","geometry":{"type":"LineString","coordinates":[[-1.55978,55.12895],[-1.56228,55.1329]]},"properties":{"name":"Blyth and Tyne Line","category":"rail","osm_type":"way","osm_id":"24560371","operator":"Network Rail","ref":"EJM"}},{"type":"Feature","geometry":{"type":"MultiLineString","coordinates":[[[-1.56228,55.1329],[-1.56296,55.1339]],[[-1.56327,55.13436],[-1.56371,55.13501]]]},"properties":{"name":"Blyth and Tyne Line","category":"rail","osm_type":"way","osm_id":"24560372","operator":"Network Rail","ref":"EJM"}},{"type":"Feature","geometry":{"type":"LineString","coordinates":[[-1.57327,55.18352],[-1.57316,55.18317]]},"properties":{"name":"Blyth and Tyne Line","category":"rail","osm_type":"way","osm_id":"25375925","operator":"Network Rail","ref":"BWC"}},{"type":"Feature","geometry":{"type":"LineString","coordinates":[[-1.56736,55.16137],[-1.56725,55.16034],[-1.56599,55.15906],[-1.56373,55.15827],[-1.56163,55.15818]]},"properties":{"name":"Marcheys House Junction to Winning Crossing Junction Curve","category":"rail","osm_type":"way","osm_id":"25375926","ref":"MWJ"}},{"type":"Feature","geometry":{"type":"LineString","coordinates":[[-1.59829,55.06721],[-1.59603,55.0801],[-1.59637,55.08381]]},"properties":{"name":"East Coast Main Line","category":"rail","osm_type":"way","osm_id":"26261030","operator":"Network Rail","ref":"ECM7"}},{"type":"Feature","geometry":{"type":"LineString","coordinates":[[-1.59837,55.06681],[-1.59829,55.06721]]},"properties":{"name":"East Coast Main Line","category":"rail","osm_type":"way","osm_id":"26261031","operator":"Network Rail","ref":"ECM7"}},{"type":"Feature","geometry":{"type":"LineString","coordinates":[[-1.59637,55.08381],[-1.59834,55.08734],[-1.60138,55.09014],[-1.60586,55.09267],[-1.61102,55.09442]]},"properties":{"name":"East Coast Main Line","category":"rail","osm_type":"way","osm_id":"26429933","operator":"Network Rail","ref":"ECM7"}},{"type":"Feature","geometry":{"type":"LineString","coordinates":[[-1.61177,55.09464],[-1.611,55.09445]]},"properties":{"name":"East Coast Main Line","category":"rail","osm_type":"way","osm_id":"26429935","operator":"Network Rail","ref":"ECM7"}},{"type":"Feature","geometry":{"type":"LineString","coordinates":[[-1.61779,55.09557],[-1.61634,55.09542]]},"properties":{"name":"East Coast Main Line","category":"rail","osm_type":"way","osm_id":"26429936","operator":"Network Rail","ref":"ECM7"}},{"type":"Feature","geometry":{"type":"LineString","coordinates":[[-1.61868,55.09567],[-1.61823,55.09562]]},"properties":{"name":"East Coast Main Line","category":"rail","osm_type":"way","osm_id":"26429937","operator":"Network Rail","ref":"ECM7"}},{"type":"Feature","geometry":{"type":"LineString","coordinates":[[-1.52032,55.03301],[-1.54661,55.02148]]},"properties":{"name":"Blyth and Tyne Line","category":"rail","osm_type":"way","osm_id":"27283529","operator":"Network Rail","ref":"BNE"}},{"type":"Feature","geometry":{"type":"LineString","coordinates":[[-1.63906,55.40371],[-1.63947,55.40305]]},"properties":{"name":"East Coast Main Line","category":"rail","osm_type":"way","osm_id":"27558376","operator":"Network Rail","ref":"ECM7"}},{"type":"Feature","geometry":{"type":"LineString","coordinates":[[-1.63888,55.40397],[-1.63906,55.40371]]},"properties":{"name":"East Coast Main Line","category":"rail","osm_type":"way","osm_id":"27558382","operator":"Network Rail","ref":"ECM7"}},{"type":"Feature","geometry":{"type":"LineString","coordinates":[[-1.66304,55.17272],[-1.66474,55.17164]]},"properties":{"name":"East Coast Main Line","category":"rail","osm_type":"way","osm_id":"27701934","operator":"Network Rail","ref":"ECM7"}},{"type":"Feature","geometry":{"type":"LineString","coordinates":[[-1.66474,55.17164],[-1.66694,55.16981]]},"properties":{"name":"East Coast Main Line","category":"rail","osm_type":"way","osm_id":"27701935","operator":"Network Rail","ref":"ECM7"}},{"type":"Feature","geometry":{"type":"LineString","coordinates":[[-1.43678,55.00062],[-1.43772,55.00069]]},"properties":{"name":"Jarrow Branch","category":"light_rail","osm_type":"way","osm_id":"27870191","ref":"JAW2"}},{"type":"Feature","geometry":{"type":"LineString","coordinates":[[-1.6235,55.37593],[-1.62336,55.37568]]},"properties":{"name":"East Coast Main Line","category":"rail","osm_type":"way","osm_id":"27894018","operator":"Network Rail","ref":"ECM7"}},{"type":"Feature","geometry":{"type":"LineString","coordinates":[[-1.62336,55.37568],[-1.62248,55.37363]]},"properties":{"name":"East Coast Main Line","category":"rail","osm_type":"way","osm_id":"27894019","operator":"Network Rail","ref":"ECM7"}},{"type":"Feature","geometry":{"type":"LineString","coordinates":[[-1.68378,55.16216],[-1.68402,55.16207]]},"properties":{"name":"East Coast Main Line","category":"rail","osm_type":"way","osm_id":"29296740","operator":"Network Rail","ref":"ECM7"}},{"type":"Feature","geometry":{"type":"LineString","coordinates":[[-1.68402,55.16207],[-1.68558,55.1611],[-1.68627,55.16002],[-1.68547,55.15767]]},"properties":{"name":"East Coast Main Line","category":"rail","osm_type":"way","osm_id":"29296746","operator":"Network Rail","ref":"ECM7"}},{"type":"Feature","geometry":{"type":"LineString","coordinates":[[-1.55391,55.01826],[-1.55407,55.01819]]},"properties":{"name":"Metro","category":"light_rail","osm_type":"way","osm_id":"30885635","operator":"Nexus"}},{"type":"Feature","geometry":{"type":"LineString","coordinates":[[-1.55407,55.01819],[-1.56088,55.01598]]},"properties":{"name":"Metro","category":"light_rail","osm_type":"way","osm_id":"30885636","operator":"Nexus"}},{"type":"Feature","geometry":{"type":"LineString","coordinates":[[-1.56088,55.01598],[-1.56131,55.01584]]},"properties":{"name":"Metro","category":"light_rail","osm_type":"way","osm_id":"30885643","operator":"Nexus"}},{"type":"Feature","geometry":{"type":"LineString","coordinates":[[-1.56131,55.01584],[-1.56704,55.01407]]},"properties":{"name":"Metro","category":"light_rail","osm_type":"way","osm_id":"30885644","operator":"Nexus"}},{"type":"Feature","geometry":{"type":"LineString","coordinates":[[-1.6754,55.01373],[-1.6757,55.01372]]},"properties":{"name":"Metro","category":"light_rail","osm_type":"way","osm_id":"31635811","operator":"Nexus"}},{"type":"Feature","geometry":{"type":"LineString","coordinates":[[-1.6587,55.01404],[-1.66204,55.01439]]},"properties":{"name":"Metro","category":"light_rail","osm_type":"way","osm_id":"31635813","operator":"Nexus"}},{"type":"Feature","geometry":{"type":"LineString","coordinates":[[-1.59757,55.05713],[-1.59891,55.06142],[-1.59837,55.06681]]},"properties":{"name":"East Coast Main Line","category":"rail","osm_type":"way","osm_id":"32496268","operator":"Network Rail","ref":"ECM7"}},{"type":"Feature","geometry":{"type":"LineString","coordinates":[[-1.59749,55.05698],[-1.59757,55.05713]]},"properties":{"name":"East Coast Main Line","category":"rail","osm_type":"way","osm_id":"32496270","operator":"Network Rail","ref":"ECM7"}},{"type":"Feature","geometry":{"type":"LineString","coordinates":[[-1.56561,55.16727],[-1.56646,55.16427]]},"properties":{"name":"Blyth and Tyne Line","category":"rail","osm_type":"way","osm_id":"36983354","operator":"Network Rail","ref":"BWC"}},{"type":"Feature","geometry":{"type":"LineString","coordinates":[[-1.56718,55.16227],[-1.56646,55.16427]]},"properties":{"name":"Blyth and Tyne Line","category":"rail","osm_type":"way","osm_id":"36983357","operator":"Network Rail","ref":"BWC"}},{"type":"Feature","geometry":{"type":"LineString","coordinates":[[-1.63947,55.40305],[-1.64057,55.40132]]},"properties":{"name":"East Coast Main Line","category":"rail","osm_type":"way","osm_id":"37602630","operator":"Network Rail","ref":"ECM7"}},{"type":"Feature","geometry":{"type":"LineString","coordinates":[[-1.64057,55.40132],[-1.64122,55.40009]]},"properties":{"name":"East Coast Main Line","category":"rail","osm_type":"way","osm_id":"37602631","operator":"Network Rail","ref":"ECM7"}},{"type":"Feature","geometry":{"type":"LineString","coordinates":[[-1.57667,55.02612],[-1.57681,55.02622]]},"properties":{"name":"East Coast Main Line","category":"rail","osm_type":"way","osm_id":"38428291","operator":"Network Rail","ref":"ECM7"}},{"type":"Feature","geometry":{"type":"LineString","coordinates":[[-1.57681,55.02622],[-1.57769,55.02689]]},"properties":{"name":"East Coast Main Line","category":"rail","osm_type":"way","osm_id":"38428292","operator":"Network Rail","ref":"ECM7"}},{"type":"Feature","geometry":{"type":"LineString","coordinates":[[-1.57945,55.02855],[-1.59011,55.04502]]},"properties":{"name":"East Coast Main Line","category":"rail","osm_type":"way","osm_id":"38428294","operator":"Network Rail","ref":"ECM7"}},{"type":"Feature","geometry":{"type":"LineString","coordinates":[[-1.62196,55.43097],[-1.62195,55.43073]]},"properties":{"name":"East Coast Main Line","category":"rail","osm_type":"way","osm_id":"42249622","operator":"Network Rail","ref":"ECM7"}},{"type":"Feature","geometry":{"type":"LineString","coordinates":[[-1.62195,55.43073],[-1.62235,55.42857]]},"properties":{"name":"East Coast Main Line","category":"rail","osm_type":"way","osm_id":"42249624","operator":"Network Rail","ref":"ECM7"}},{"type":"Feature","geometry":{"type":"LineString","coordinates":[[-1.43409,55.01371],[-1.43994,55.01225]]},"properties":{"name":"Metro","category":"light_rail","osm_type":"way","osm_id":"57833260","operator":"Nexus"}},{"type":"Feature","geometry":{"type":"LineString","coordinates":[[-1.43994,55.01225],[-1.44853,55.00835]]},"properties":{"name":"Metro","category":"light_rail","osm_type":"way","osm_id":"57833276","operator":"Nexus"}},{"type":"Feature","geometry":{"type":"LineString","coordinates":[[-1.61867,55.01167],[-1.61413,55.01147],[-1.61033,55.01173],[-1.6076,55.0114],[-1.60253,55.01005]]},"properties":{"name":"Gosforth Depot avoiding line","category":"light_rail","osm_type":"way","osm_id":"57833356","operator":"Nexus"}},{"type":"Feature","geometry":{"type":"LineString","coordinates":[[-1.65875,55.15645],[-1.66144,55.1581],[-1.66438,55.16152],[-1.66977,55.16428],[-1.67024,55.16592],[-1.66912,55.16724]]},"properties":{"name":"Earsdon and Morpeth Line","category":"rail","osm_type":"way","osm_id":"57864867","operator":"Network Rail","ref":"EJM"}},{"type":"Feature","geometry":{"type":"LineString","coordinates":[[-1.52351,55.19549],[-1.52361,55.19716],[-1.52734,55.19974]]},"properties":{"name":"Railways","category":"rail","osm_type":"way","osm_id":"57933544"}},{"type":"Feature","geometry":{"type":"LineString","coordinates":[[-1.54037,55.2004],[-1.54526,55.2021]]},"properties":{"name":"Railways","category":"rail","osm_type":"way","osm_id":"57933545"}},{"type":"Feature","geometry":{"type":"LineString","coordinates":[[-1.5709,55.17961],[-1.56605,55.17193],[-1.56561,55.16727]]},"properties":{"name":"Blyth and Tyne Line","category":"rail","osm_type":"way","osm_id":"57933548","operator":"Network Rail","ref":"BWC"}},{"type":"Feature","geometry":{"type":"LineString","coordinates":[[-1.51861,55.14379],[-1.51915,55.14424]]},"properties":{"name":"West Sleekburn and Blyth Branch","category":"rail","osm_type":"way","osm_id":"57933549","ref":"WSB"}},{"type":"Feature","geometry":{"type":"LineString","coordinates":[[-1.49749,55.01653],[-1.49703,55.0163]]},"properties":{"name":"Railways","category":"rail","osm_type":"way","osm_id":"88310231","operator":"North Tyneside Steam Railway"}},{"type":"Feature","geometry":{"type":"LineString","coordinates":[[-1.63546,55.01425],[-1.637,55.0143]]},"properties":{"name":"Metro","category":"light_rail","osm_type":"way","osm_id":"100702203","operator":"Nexus"}},{"type":"Feature","geometry":{"type":"LineString","coordinates":[[-1.65818,55.01396],[-1.6587,55.01404]]},"properties":{"name":"Metro","category":"light_rail","osm_type":"way","osm_id":"100702212","operator":"Nexus"}},{"type":"Feature","geometry":{"type":"LineString","coordinates":[[-1.6522,55.32866],[-1.65187,55.32703]]},"properties":{"name":"East Coast Main Line","category":"rail","osm_type":"way","osm_id":"114435485","operator":"Network Rail","ref":"ECM7"}},{"type":"Feature","geometry":{"type":"LineString","coordinates":[[-1.65187,55.32703],[-1.65027,55.31901]]},"properties":{"name":"East Coast Main Line","category":"rail","osm_type":"way","osm_id":"114435494","operator":"Network Rail","ref":"ECM7"}},{"type":"Feature","geometry":{"type":"LineString","coordinates":[[-1.62235,55.42857],[-1.62249,55.42811]]},"properties":{"name":"East Coast Main Line","category":"rail","osm_type":"way","osm_id":"114435498","operator":"Network Rail","ref":"ECM7"}},{"type":"Feature","geometry":{"type":"LineString","coordinates":[[-1.62488,55.42011],[-1.62596,55.41702],[-1.62759,55.41471],[-1.63689,55.40626]]},"properties":{"name":"East Coast Main Line","category":"rail","osm_type":"way","osm_id":"114435504","operator":"Network Rail","ref":"ECM7"}},{"type":"Feature","geometry":{"type":"LineString","coordinates":[[-1.53093,55.11171],[-1.53647,55.11524],[-1.54976,55.1198],[-1.55396,55.12194]]},"properties":{"name":"Blyth and Tyne Line","category":"rail","osm_type":"way","osm_id":"114642729","operator":"Network Rail","ref":"EJM"}},{"type":"Feature","geometry":{"type":"LineString","coordinates":[[-1.56395,55.13523],[-1.56699,55.13882]]},"properties":{"name":"Railways","category":"rail","osm_type":"way","osm_id":"114642733"}},{"type":"Feature","geometry":{"type":"LineString","coordinates":[[-1.5642,55.13555],[-1.56769,55.13957]]},"properties":{"name":"Railways","category":"rail","osm_type":"way","osm_id":"114642737"}},{"type":"Feature","geometry":{"type":"LineString","coordinates":[[-1.55396,55.12194],[-1.5546,55.12242]]},"properties":{"name":"Blyth and Tyne Line","category":"rail","osm_type":"way","osm_id":"114642739","operator":"Network Rail","ref":"EJM"}},{"type":"Feature","geometry":{"type":"LineString","coordinates":[[-1.52591,55.19278],[-1.52566,55.19306]]},"properties":{"name":"Blyth and Tyne Line","category":"rail","osm_type":"way","osm_id":"114645950","ref":"BWC"}},{"type":"Feature","geometry":{"type":"LineString","coordinates":[[-1.52566,55.19306],[-1.52122,55.19866],[-1.52168,55.20089],[-1.52337,55.20248]]},"properties":{"name":"Blyth and Tyne Line","category":"rail","osm_type":"way","osm_id":"114645953","ref":"BWC"}},{"type":"Feature","geometry":{"type":"LineString","coordinates":[[-1.51245,55.13656],[-1.51294,55.13583]]},"properties":{"name":"Railways","category":"rail","osm_type":"way","osm_id":"114698915"}},{"type":"Feature","geometry":{"type":"LineString","coordinates":[[-1.52571,55.20433],[-1.52995,55.20738]]},"properties":{"name":"Railways","category":"rail","osm_type":"way","osm_id":"114701841"}},{"type":"Feature","geometry":{"type":"LineString","coordinates":[[-1.52411,55.20306],[-1.53071,55.20792]]},"properties":{"name":"Railways","category":"rail","osm_type":"way","osm_id":"114701843"}},{"type":"Feature","geometry":{"type":"LineString","coordinates":[[-1.52512,55.20382],[-1.52679,55.20536]]},"properties":{"name":"Railways","category":"rail","osm_type":"way","osm_id":"114701849"}},{"type":"Feature","geometry":{"type":"LineString","coordinates":[[-1.64709,55.25407],[-1.6474,55.25447]]},"properties":{"name":"Railways","category":"rail","osm_type":"way","osm_id":"114848102"}},{"type":"Feature","geometry":{"type":"LineString","coordinates":[[-1.65025,55.25922],[-1.6474,55.25447]]},"properties":{"name":"Railways","category":"rail","osm_type":"way","osm_id":"114848105"}},{"type":"Feature","geometry":{"type":"LineString","coordinates":[[-1.45457,55.04096],[-1.45546,55.04129]]},"properties":{"name":"Railways","category":"light_rail","osm_type":"way","osm_id":"115677369","operator":"Nexus"}},{"type":"Feature","geometry":{"type":"LineString","coordinates":[[-1.45673,55.04163],[-1.45161,55.04025]]},"properties":{"name":"Railways","category":"light_rail","osm_type":"way","osm_id":"115677370","operator":"Nexus"}},{"type":"Feature","geometry":{"type":"LineString","coordinates":[[-1.67466,55.16279],[-1.66952,55.15998]]},"properties":{"name":"Blyth and Tyne Line","category":"rail","osm_type":"way","osm_id":"128222835","operator":"Network Rail","ref":"HJM"}},{"type":"Feature","geometry":{"type":"LineString","coordinates":[[-1.6757,55.01372],[-1.67712,55.01381]]},"properties":{"name":"Metro","category":"light_rail","osm_type":"way","osm_id":"129437431","operator":"Nexus"}},{"type":"Feature","geometry":{"type":"LineString","coordinates":[[-1.71063,55.03427],[-1.71101,55.03488]]},"properties":{"name":"Metro","category":"light_rail","osm_type":"way","osm_id":"129437435","operator":"Nexus"}},{"type":"Feature","geometry":{"type":"LineString","coordinates":[[-1.71115,55.03614],[-1.71094,55.03514]]},"properties":{"name":"Metro","category":"light_rail","osm_type":"way","osm_id":"129437437","operator":"Nexus"}},{"type":"Feature","geometry":{"type":"LineString","coordinates":[[-1.43771,55.03718],[-1.43765,55.03708]]},"properties":{"name":"Metro","category":"light_rail","osm_type":"way","osm_id":"132581228","operator":"Nexus"}},{"type":"Feature","geometry":{"type":"LineString","coordinates":[[-1.43765,55.03708],[-1.43619,55.03477]]},"properties":{"name":"Metro","category":"light_rail","osm_type":"way","osm_id":"132581229","operator":"Nexus"}},{"type":"Feature","geometry":{"type":"LineString","coordinates":[[-1.5515,55.01889],[-1.55391,55.01826]]},"properties":{"name":"Metro","category":"light_rail","osm_type":"way","osm_id":"133370027","operator":"Nexus"}},{"type":"Feature","geometry":{"type":"LineString","coordinates":[[-1.5508,55.019],[-1.5515,55.01889]]},"properties":{"name":"Metro","category":"light_rail","osm_type":"way","osm_id":"133370028","operator":"Nexus"}},{"type":"Feature","geometry":{"type":"LineString","coordinates":[[-1.59991,55.00983],[-1.60043,55.00989]]},"properties":{"name":"Metro","category":"light_rail","osm_type":"way","osm_id":"133370029","operator":"Nexus"}},{"type":"Feature","geometry":{"type":"LineString","coordinates":[[-1.59996,55.00987],[-1.60044,55.00992]]},"properties":{"name":"Metro","category":"light_rail","osm_type":"way","osm_id":"133370034","operator":"Nexus"}},{"type":"Feature","geometry":{"type":"LineString","coordinates":[[-1.45725,55.00378],[-1.46513,55.00167]]},"properties":{"name":"Metro","category":"light_rail","osm_type":"way","osm_id":"133765085","operator":"Nexus"}},{"type":"Feature","geometry":{"type":"LineString","coordinates":[[-1.46532,55.00163],[-1.47411,54.99965]]},"properties":{"name":"Metro","category":"light_rail","osm_type":"way","osm_id":"133765087","operator":"Nexus"}},{"type":"Feature","geometry":{"type":"LineString","coordinates":[[-1.46513,55.00167],[-1.46532,55.00163]]},"properties":{"name":"Metro","category":"light_rail","osm_type":"way","osm_id":"133765089","operator":"Nexus"}},{"type":"Feature","geometry":{"type":"LineString","coordinates":[[-1.45232,55.00616],[-1.45675,55.00398]]},"properties":{"name":"Metro","category":"light_rail","osm_type":"way","osm_id":"133765092","operator":"Nexus"}},{"type":"Feature","geometry":{"type":"LineString","coordinates":[[-1.45675,55.00398],[-1.45725,55.00378]]},"properties":{"name":"Metro","category":"light_rail","osm_type":"way","osm_id":"133765096","operator":"Nexus"}},{"type":"Feature","geometry":{"type":"LineString","coordinates":[[-1.6522,55.26729],[-1.65217,55.26551]]},"properties":{"name":"Railways","category":"rail","osm_type":"way","osm_id":"134943319"}},{"type":"Feature","geometry":{"type":"LineString","coordinates":[[-1.62407,55.20843],[-1.62418,55.20811]]},"properties":{"name":"Railways","category":"rail","osm_type":"way","osm_id":"134947476","operator":"Network Rail"}},{"type":"Feature","geometry":{"type":"LineString","coordinates":[[-1.62643,55.38066],[-1.63106,55.38815],[-1.63302,55.39025]]},"properties":{"name":"Up Passenger Loop","category":"rail","osm_type":"way","osm_id":"136317683","operator":"Network Rail","ref":"ECM7"}},{"type":"Feature","geometry":{"type":"LineString","coordinates":[[-1.63392,55.39098],[-1.63441,55.39176]]},"properties":{"name":"Railways","category":"rail","osm_type":"way","osm_id":"136317684"}},{"type":"Feature","geometry":{"type":"LineString","coordinates":[[-1.63382,55.3909],[-1.63392,55.39098]]},"properties":{"name":"Railways","category":"rail","osm_type":"way","osm_id":"136317685"}},{"type":"Feature","geometry":{"type":"LineString","coordinates":[[-1.63381,55.39079],[-1.62997,55.38615]]},"properties":{"name":"Down Passenger Loop","category":"rail","osm_type":"way","osm_id":"136317686","operator":"Network Rail"}},{"type":"Feature","geometry":{"type":"LineString","coordinates":[[-1.63387,55.39089],[-1.63024,55.38681]]},"properties":{"name":"East Coast Main Line","category":"rail","osm_type":"way","osm_id":"136317687","operator":"Network Rail","ref":"ECM7"}},{"type":"Feature","geometry":{"type":"LineString","coordinates":[[-1.62648,55.38065],[-1.63029,55.3868]]},"properties":{"name":"East Coast Main Line","category":"rail","osm_type":"way","osm_id":"136317688","operator":"Network Rail","ref":"ECM7"}},{"type":"Feature","geometry":{"type":"LineString","coordinates":[[-1.63302,55.39025],[-1.63382,55.3909]]},"properties":{"name":"Railways","category":"rail","osm_type":"way","osm_id":"136317689"}},{"type":"Feature","geometry":{"type":"LineString","coordinates":[[-1.63396,55.39096],[-1.63387,55.39089]]},"properties":{"name":"East Coast Main Line","category":"rail","osm_type":"way","osm_id":"136317690","operator":"Network Rail","ref":"ECM7"}},{"type":"Feature","geometry":{"type":"LineString","coordinates":[[-1.62516,55.37862],[-1.6251,55.37852]]},"properties":{"name":"East Coast Main Line","category":"rail","osm_type":"way","osm_id":"136318044","operator":"Network Rail","ref":"ECM7"}},{"type":"Feature","geometry":{"type":"LineString","coordinates":[[-1.6251,55.37852],[-1.6235,55.37593]]},"properties":{"name":"East Coast Main Line","category":"rail","osm_type":"way","osm_id":"136318045","operator":"Network Rail","ref":"ECM7"}},{"type":"Feature","geometry":{"type":"LineString","coordinates":[[-1.56704,55.01407],[-1.56721,55.01402]]},"properties":{"name":"Metro","category":"light_rail","osm_type":"way","osm_id":"143652481","operator":"Nexus"}},{"type":"Feature","geometry":{"type":"LineString","coordinates":[[-1.56721,55.01402],[-1.57799,55.01032]]},"properties":{"name":"Metro","category":"light_rail","osm_type":"way","osm_id":"143652487","operator":"Nexus"}},{"type":"Feature","geometry":{"type":"LineString","coordinates":[[-1.53884,55.18861],[-1.53853,55.1886]]},"properties":{"name":"Blyth and Tyne Line","category":"rail","osm_type":"way","osm_id":"151148855","ref":"BWC"}},{"type":"Feature","geometry":{"type":"LineString","coordinates":[[-1.53853,55.1886],[-1.53379,55.18849],[-1.53049,55.18911],[-1.52797,55.19046],[-1.52591,55.19278]]},"properties":{"name":"Blyth and Tyne Line","category":"rail","osm_type":"way","osm_id":"151148856","ref":"BWC"}},{"type":"Feature","geometry":{"type":"LineString","coordinates":[[-1.60979,55.00223],[-1.60928,55.00355]]},"properties":{"name":"Railways","category":"light_rail","osm_type":"way","osm_id":"164116949","operator":"Nexus"}},{"type":"Feature","geometry":{"type":"LineString","coordinates":[[-1.60925,55.00361],[-1.60916,55.0039]]},"properties":{"name":"Railways","category":"light_rail","osm_type":"way","osm_id":"164116955","operator":"Nexus"}},{"type":"Feature","geometry":{"type":"LineString","coordinates":[[-1.60043,55.00989],[-1.6029,55.00986],[-1.60548,55.00915],[-1.60691,55.00821],[-1.60782,55.00682]]},"properties":{"name":"Metro","category":"light_rail","osm_type":"way","osm_id":"188010571","operator":"Nexus"}},{"type":"Feature","geometry":{"type":"LineString","coordinates":[[-1.60787,55.00683],[-1.60718,55.00801]]},"properties":{"name":"Metro","category":"light_rail","osm_type":"way","osm_id":"188010572","operator":"Nexus"}},{"type":"Feature","geometry":{"type":"LineString","coordinates":[[-1.57662,55.02615],[-1.56493,55.0196],[-1.56173,55.0166],[-1.55946,55.01301]]},"properties":{"name":"East Coast Main Line","category":"rail","osm_type":"way","osm_id":"190096157","operator":"Network Rail","ref":"ECM7"}},{"type":"Feature","geometry":{"type":"LineString","coordinates":[[-1.61349,55.01114],[-1.61506,55.01128]]},"properties":{"name":"Railways","category":"light_rail","osm_type":"way","osm_id":"191700258","operator":"Nexus"}},{"type":"Feature","geometry":{"type":"LineString","coordinates":[[-1.61148,55.01167],[-1.60702,55.01109]]},"properties":{"name":"Railways","category":"light_rail","osm_type":"way","osm_id":"191700269","operator":"Nexus"}},{"type":"Feature","geometry":{"type":"LineString","coordinates":[[-1.61484,55.01118],[-1.6142,55.01106]]},"properties":{"name":"Railways","category":"light_rail","osm_type":"way","osm_id":"191700274","operator":"Nexus"}},{"type":"Feature","geometry":{"type":"LineString","coordinates":[[-1.6161,55.01142],[-1.61518,55.01148]]},"properties":{"name":"Railways","category":"light_rail","osm_type":"way","osm_id":"191700278","operator":"Nexus"}},{"type":"Feature","geometry":{"type":"LineString","coordinates":[[-1.61464,55.01147],[-1.61436,55.01146]]},"properties":{"name":"Railways","category":"light_rail","osm_type":"way","osm_id":"191700281","operator":"Nexus"}},{"type":"Feature","geometry":{"type":"LineString","coordinates":[[-1.61693,55.01144],[-1.61484,55.01118]]},"properties":{"name":"Gosforth west head","category":"light_rail","osm_type":"way","osm_id":"191700288","operator":"Nexus"}},{"type":"Feature","geometry":{"type":"LineString","coordinates":[[-1.61867,55.01167],[-1.61628,55.01142]]},"properties":{"name":"Gosforth west reception","category":"light_rail","osm_type":"way","osm_id":"191700290","operator":"Nexus"}},{"type":"Feature","geometry":{"type":"LineString","coordinates":[[-1.61418,55.0111],[-1.61621,55.01138]]},"properties":{"name":"Railways","category":"light_rail","osm_type":"way","osm_id":"191700293","operator":"Nexus"}},{"type":"Feature","geometry":{"type":"LineString","coordinates":[[-1.60787,55.00683],[-1.60813,55.00855]]},"properties":{"name":"Metro","category":"light_rail","osm_type":"way","osm_id":"191714251","operator":"Nexus"}},{"type":"Feature","geometry":{"type":"LineString","coordinates":[[-1.60806,55.00854],[-1.60782,55.00682]]},"properties":{"name":"Metro","category":"light_rail","osm_type":"way","osm_id":"191714252","operator":"Nexus"}},{"type":"Feature","geometry":{"type":"LineString","coordinates":[[-1.60819,55.00871],[-1.60806,55.00854]]},"properties":{"name":"Metro","category":"light_rail","osm_type":"way","osm_id":"191714253","operator":"Nexus"}},{"type":"Feature","geometry":{"type":"LineString","coordinates":[[-1.63513,55.01423],[-1.63546,55.01425]]},"properties":{"name":"Metro","category":"light_rail","osm_type":"way","osm_id":"191714254","operator":"Nexus"}},{"type":"Feature","geometry":{"type":"LineString","coordinates":[[-1.60813,55.00855],[-1.60825,55.00871]]},"properties":{"name":"Metro","category":"light_rail","osm_type":"way","osm_id":"191714255","operator":"Nexus"}},{"type":"Feature","geometry":{"type":"LineString","coordinates":[[-1.65869,55.01407],[-1.65816,55.01399]]},"properties":{"name":"Metro","category":"light_rail","osm_type":"way","osm_id":"191714259","operator":"Nexus"}},{"type":"Feature","geometry":{"type":"LineString","coordinates":[[-1.63546,55.01431],[-1.63513,55.0143]]},"properties":{"name":"Metro","category":"light_rail","osm_type":"way","osm_id":"191714260","operator":"Nexus"}},{"type":"Feature","geometry":{"type":"LineString","coordinates":[[-1.63513,55.0143],[-1.62223,55.01204]]},"properties":{"name":"Metro","category":"light_rail","osm_type":"way","osm_id":"191714266","operator":"Nexus"}},{"type":"Feature","geometry":{"type":"LineString","coordinates":[[-1.67544,55.01377],[-1.67461,55.01382]]},"properties":{"name":"Metro","category":"light_rail","osm_type":"way","osm_id":"191714269","operator":"Nexus"}},{"type":"Feature","geometry":{"type":"LineString","coordinates":[[-1.60825,55.00871],[-1.60859,55.00913]]},"properties":{"name":"Metro","category":"light_rail","osm_type":"way","osm_id":"191714271","operator":"Nexus"}},{"type":"Feature","geometry":{"type":"LineString","coordinates":[[-1.65816,55.01399],[-1.65053,55.01317],[-1.64461,55.01357]]},"properties":{"name":"Metro","category":"light_rail","osm_type":"way","osm_id":"191714272","operator":"Nexus"}},{"type":"Feature","geometry":{"type":"LineString","coordinates":[[-1.67575,55.01376],[-1.67544,55.01377]]},"properties":{"name":"Metro","category":"light_rail","osm_type":"way","osm_id":"191714273","operator":"Nexus"}},{"type":"Feature","geometry":{"type":"LineString","coordinates":[[-1.62333,55.01218],[-1.62276,55.01208]]},"properties":{"name":"Railways","category":"light_rail","osm_type":"way","osm_id":"191714274","operator":"Nexus"}},{"type":"Feature","geometry":{"type":"LineString","coordinates":[[-1.66268,55.01445],[-1.66343,55.01444]]},"properties":{"name":"Railways","category":"light_rail","osm_type":"way","osm_id":"191714276","operator":"Nexus"}},{"type":"Feature","geometry":{"type":"LineString","coordinates":[[-1.70838,55.03232],[-1.70799,55.03196]]},"properties":{"name":"Railways","category":"light_rail","osm_type":"way","osm_id":"191714277","operator":"Nexus"}},{"type":"Feature","geometry":{"type":"LineString","coordinates":[[-1.61383,55.01102],[-1.61303,55.01088]]},"properties":{"name":"Railways","category":"light_rail","osm_type":"way","osm_id":"191714278","operator":"Nexus"}},{"type":"Feature","geometry":{"type":"LineString","coordinates":[[-1.62342,55.01219],[-1.62547,55.01249]]},"properties":{"name":"Railways","category":"light_rail","osm_type":"way","osm_id":"191714279","operator":"Nexus"}},{"type":"Feature","geometry":{"type":"LineString","coordinates":[[-1.65027,55.31901],[-1.65024,55.31883]]},"properties":{"name":"East Coast Main Line","category":"rail","osm_type":"way","osm_id":"205796035","operator":"Network Rail","ref":"ECM7"}},{"type":"Feature","geometry":{"type":"LineString","coordinates":[[-1.65024,55.31883],[-1.64997,55.3153]]},"properties":{"name":"East Coast Main Line","category":"rail","osm_type":"way","osm_id":"205796036","operator":"Network Rail","ref":"ECM7"}},{"type":"Feature","geometry":{"type":"LineString","coordinates":[[-1.52337,55.20248],[-1.52355,55.20262]]},"properties":{"name":"Blyth and Tyne Line","category":"rail","osm_type":"way","osm_id":"205827466","ref":"BWC"}},{"type":"Feature","geometry":{"type":"LineString","coordinates":[[-1.52355,55.20262],[-1.52411,55.20306]]},"properties":{"name":"Blyth and Tyne Line","category":"rail","osm_type":"way","osm_id":"205827467","ref":"BWC"}},{"type":"Feature","geometry":{"type":"LineString","coordinates":[[-1.52877,55.19992],[-1.53385,55.19865],[-1.53591,55.19859],[-1.53884,55.19945],[-1.54165,55.20128],[-1.54525,55.20252]]},"properties":{"name":"Railways","category":"rail","osm_type":"way","osm_id":"205827483"}},{"type":"Feature","geometry":{"type":"LineString","coordinates":[[-1.52734,55.19974],[-1.52877,55.19992]]},"properties":{"name":"Railways","category":"rail","osm_type":"way","osm_id":"205827484"}},{"type":"Feature","geometry":{"type":"LineString","coordinates":[[-1.68758,55.40208],[-1.68478,55.4035],[-1.68307,55.40387]]},"properties":{"name":"Railways","category":"rail","osm_type":"way","osm_id":"213186456","operator":"Aln Valley Railway"}},{"type":"Feature","geometry":{"type":"LineString","coordinates":[[-1.68361,55.40368],[-1.685,55.40334],[-1.68572,55.40241]]},"properties":{"name":"Railways","category":"rail","osm_type":"way","osm_id":"213186458","operator":"Aln Valley Railway"}},{"type":"Feature","geometry":{"type":"LineString","coordinates":[[-1.68762,55.40211],[-1.68554,55.40312]]},"properties":{"name":"Railways","category":"rail","osm_type":"way","osm_id":"213186461","operator":"Aln Valley Railway"}},{"type":"Feature","geometry":{"type":"LineString","coordinates":[[-1.68534,55.40322],[-1.68484,55.40342]]},"properties":{"name":"Railways","category":"rail","osm_type":"way","osm_id":"213186463","operator":"Aln Valley Railway"}},{"type":"Feature","geometry":{"type":"LineString","coordinates":[[-1.68408,55.40391],[-1.68605,55.40291]]},"properties":{"name":"Railways","category":"rail","osm_type":"way","osm_id":"213186469","operator":"Aln Valley Railway"}},{"type":"Feature","geometry":{"type":"LineString","coordinates":[[-1.68598,55.40243],[-1.68561,55.40287]]},"properties":{"name":"Railways","category":"rail","osm_type":"way","osm_id":"213186470","operator":"Aln Valley Railway"}},{"type":"Feature","geometry":{"type":"LineString","coordinates":[[-1.6859,55.4024],[-1.6856,55.40278]]},"properties":{"name":"Railways","category":"rail","osm_type":"way","osm_id":"213186471","operator":"Aln Valley Railway"}},{"type":"Feature","geometry":{"type":"LineString","coordinates":[[-1.68604,55.40245],[-1.6854,55.40305]]},"properties":{"name":"Railways","category":"rail","osm_type":"way","osm_id":"213186472","operator":"Aln Valley Railway"}},{"type":"Feature","geometry":{"type":"LineString","coordinates":[[-1.58693,55.20013],[-1.58861,55.20244],[-1.58924,55.2053]]},"properties":{"name":"Ashington Junction to Butterwell Junction","category":"rail","osm_type":"way","osm_id":"237548719","ref":"BWO1"}},{"type":"Feature","geometry":{"type":"LineString","coordinates":[[-1.58639,55.19933],[-1.5868,55.19995]]},"properties":{"name":"Railways","category":"rail","osm_type":"way","osm_id":"237548720"}},{"type":"Feature","geometry":{"type":"LineString","coordinates":[[-1.59006,55.20965],[-1.59104,55.21065],[-1.5934,55.21109],[-1.60677,55.20974],[-1.60817,55.21022],[-1.61536,55.21562],[-1.61823,55.216],[-1.62025,55.21499]]},"properties":{"name":"Ashington Junction to Butterwell Junction","category":"rail","osm_type":"way","osm_id":"237548722","ref":"BWO1"}},{"type":"Feature","geometry":{"type":"LineString","coordinates":[[-1.62047,55.01179],[-1.61986,55.01175]]},"properties":{"name":"Metro","category":"light_rail","osm_type":"way","osm_id":"248095122","operator":"Nexus"}},{"type":"Feature","geometry":{"type":"LineString","coordinates":[[-1.61986,55.01175],[-1.61155,55.01069],[-1.60983,55.01011],[-1.60848,55.00906]]},"properties":{"name":"Metro","category":"light_rail","osm_type":"way","osm_id":"248095125","operator":"Nexus"}},{"type":"Feature","geometry":{"type":"LineString","coordinates":[[-1.55975,55.01373],[-1.55946,55.01301]]},"properties":{"name":"Blyth and Tyne Line","category":"rail","osm_type":"way","osm_id":"248156851","operator":"Network Rail","ref":"BNE"}},{"type":"Feature","geometry":{"type":"LineString","coordinates":[[-1.55452,55.01758],[-1.55224,55.01829],[-1.54986,55.02],[-1.54661,55.02148]]},"properties":{"name":"Blyth and Tyne Line","category":"rail","osm_type":"way","osm_id":"248156852","operator":"Network Rail","ref":"BNE"}},{"type":"Feature","geometry":{"type":"LineString","coordinates":[[-1.54661,55.02148],[-1.54986,55.01995],[-1.55221,55.01826],[-1.5545,55.01755]]},"properties":{"name":"Blyth and Tyne Line","category":"rail","osm_type":"way","osm_id":"248156853","operator":"Network Rail","ref":"BNE"}},{"type":"Feature","geometry":{"type":"LineString","coordinates":[[-1.55895,55.0117],[-1.55812,55.00637],[-1.5592,54.99817]]},"properties":{"name":"East Coast Main Line","category":"rail","osm_type":"way","osm_id":"248156854","operator":"Network Rail","ref":"ECM7"}},{"type":"Feature","geometry":{"type":"LineString","coordinates":[[-1.55927,54.99818],[-1.55817,55.00637],[-1.55875,55.01092]]},"properties":{"name":"East Coast Main Line","category":"rail","osm_type":"way","osm_id":"248156857","operator":"Network Rail","ref":"ECM7"}},{"type":"Feature","geometry":{"type":"LineString","coordinates":[[-1.55946,55.01301],[-1.55895,55.0117]]},"properties":{"name":"East Coast Main Line","category":"rail","osm_type":"way","osm_id":"248156858","operator":"Network Rail","ref":"ECM7"}},{"type":"Feature","geometry":{"type":"LineString","coordinates":[[-1.57802,55.01035],[-1.56722,55.01405]]},"properties":{"name":"Metro","category":"light_rail","osm_type":"way","osm_id":"248156860","operator":"Nexus"}},{"type":"Feature","geometry":{"type":"LineString","coordinates":[[-1.59904,55.00976],[-1.58793,55.00874],[-1.58349,55.00904],[-1.57932,55.00991]]},"properties":{"name":"Metro","category":"light_rail","osm_type":"way","osm_id":"248156861","operator":"Nexus"}},{"type":"Feature","geometry":{"type":"LineString","coordinates":[[-1.56722,55.01405],[-1.56705,55.0141]]},"properties":{"name":"Metro","category":"light_rail","osm_type":"way","osm_id":"248156862","operator":"Nexus"}},{"type":"Feature","geometry":{"type":"LineString","coordinates":[[-1.57187,55.01261],[-1.57123,55.01278]]},"properties":{"name":"Metro","category":"light_rail","osm_type":"way","osm_id":"248156863","operator":"Nexus"}},{"type":"Feature","geometry":{"type":"LineString","coordinates":[[-1.5541,55.01822],[-1.55394,55.01828]]},"properties":{"name":"Metro","category":"light_rail","osm_type":"way","osm_id":"248156865","operator":"Nexus"}},{"type":"Feature","geometry":{"type":"LineString","coordinates":[[-1.56134,55.01587],[-1.5609,55.016]]},"properties":{"name":"Metro","category":"light_rail","osm_type":"way","osm_id":"248156866","operator":"Nexus"}},{"type":"Feature","geometry":{"type":"LineString","coordinates":[[-1.55068,55.01906],[-1.55139,55.01895]]},"properties":{"name":"Metro","category":"light_rail","osm_type":"way","osm_id":"248156867","operator":"Nexus"}},{"type":"Feature","geometry":{"type":"LineString","coordinates":[[-1.59904,55.00976],[-1.59829,55.00965]]},"properties":{"name":"Metro","category":"light_rail","osm_type":"way","osm_id":"248156868","operator":"Nexus"}},{"type":"Feature","geometry":{"type":"LineString","coordinates":[[-1.57932,55.00991],[-1.57802,55.01035]]},"properties":{"name":"Metro","category":"light_rail","osm_type":"way","osm_id":"248156869","operator":"Nexus"}},{"type":"Feature","geometry":{"type":"LineString","coordinates":[[-1.47771,55.04],[-1.46773,55.04325],[-1.46347,55.04359],[-1.45203,55.04036],[-1.44525,55.04013],[-1.44101,55.03951],[-1.43899,55.03864],[-1.43771,55.03718]]},"properties":{"name":"Metro","category":"light_rail","osm_type":"way","osm_id":"248156870","operator":"Nexus","ref":"TMB"}},{"type":"Feature","geometry":{"type":"LineString","coordinates":[[-1.55394,55.01828],[-1.55139,55.01895]]},"properties":{"name":"Metro","category":"light_rail","osm_type":"way","osm_id":"248156871","operator":"Nexus"}},{"type":"Feature","geometry":{"type":"LineString","coordinates":[[-1.56705,55.0141],[-1.56134,55.01587]]},"properties":{"name":"Metro","category":"light_rail","osm_type":"way","osm_id":"248156872","operator":"Nexus"}},{"type":"Feature","geometry":{"type":"LineString","coordinates":[[-1.5609,55.016],[-1.5541,55.01822]]},"properties":{"name":"Metro","category":"light_rail","osm_type":"way","osm_id":"248156873","operator":"Nexus"}},{"type":"Feature","geometry":{"type":"LineString","coordinates":[[-1.55852,55.01004],[-1.55832,55.00932]]},"properties":{"name":"Railways","category":"rail","osm_type":"way","osm_id":"248156886","operator":"Network Rail"}},{"type":"Feature","geometry":{"type":"LineString","coordinates":[[-1.55895,55.0117],[-1.55875,55.01092]]},"properties":{"name":"Railways","category":"rail","osm_type":"way","osm_id":"248156887","operator":"Network Rail"}},{"type":"Feature","geometry":{"type":"LineString","coordinates":[[-1.45278,55.00595],[-1.44945,55.00789]]},"properties":{"name":"Metro","category":"light_rail","osm_type":"way","osm_id":"248390062","operator":"Nexus"}},{"type":"Feature","geometry":{"type":"LineString","coordinates":[[-1.4312,55.02605],[-1.43114,55.02594]]},"properties":{"name":"Metro","category":"light_rail","osm_type":"way","osm_id":"248390064","operator":"Nexus"}},{"type":"Feature","geometry":{"type":"LineString","coordinates":[[-1.43382,55.01378],[-1.43409,55.01371]]},"properties":{"name":"Metro","category":"light_rail","osm_type":"way","osm_id":"248390069","operator":"Nexus"}},{"type":"Feature","geometry":{"type":"LineString","coordinates":[[-1.46534,55.00166],[-1.46515,55.0017]]},"properties":{"name":"Metro","category":"light_rail","osm_type":"way","osm_id":"248390070","operator":"Nexus"}},{"type":"Feature","geometry":{"type":"LineString","coordinates":[[-1.43354,55.03028],[-1.43351,55.03022]]},"properties":{"name":"Metro","category":"light_rail","osm_type":"way","osm_id":"248390072","operator":"Nexus"}},{"type":"Feature","geometry":{"type":"LineString","coordinates":[[-1.44943,55.0078],[-1.4515,55.00663]]},"properties":{"name":"Metro","category":"light_rail","osm_type":"way","osm_id":"248390074","operator":"Nexus"}},{"type":"Feature","geometry":{"type":"LineString","coordinates":[[-1.43411,55.01374],[-1.43384,55.01381]]},"properties":{"name":"Metro","category":"light_rail","osm_type":"way","osm_id":"248390076","operator":"Nexus"}},{"type":"Feature","geometry":{"type":"LineString","coordinates":[[-1.45737,55.00377],[-1.45687,55.00397]]},"properties":{"name":"Metro","category":"light_rail","osm_type":"way","osm_id":"248390077","operator":"Nexus"}},{"type":"Feature","geometry":{"type":"LineString","coordinates":[[-1.43356,55.03021],[-1.43359,55.03027]]},"properties":{"name":"Metro","category":"light_rail","osm_type":"way","osm_id":"248390079","operator":"Nexus"}},{"type":"Feature","geometry":{"type":"LineString","coordinates":[[-1.43119,55.02592],[-1.43126,55.02604]]},"properties":{"name":"Metro","category":"light_rail","osm_type":"way","osm_id":"248390085","operator":"Nexus"}},{"type":"Feature","geometry":{"type":"LineString","coordinates":[[-1.42986,55.02025],[-1.43119,55.02592]]},"properties":{"name":"Metro","category":"light_rail","osm_type":"way","osm_id":"248390089","operator":"Nexus"}},{"type":"Feature","geometry":{"type":"LineString","coordinates":[[-1.43126,55.02604],[-1.43356,55.03021]]},"properties":{"name":"Metro","category":"light_rail","osm_type":"way","osm_id":"248390091","operator":"Nexus"}},{"type":"Feature","geometry":{"type":"LineString","coordinates":[[-1.43351,55.03022],[-1.4312,55.02605]]},"properties":{"name":"Metro","category":"light_rail","osm_type":"way","osm_id":"248390093","operator":"Nexus"}},{"type":"Feature","geometry":{"type":"LineString","coordinates":[[-1.43996,55.01227],[-1.43411,55.01374]]},"properties":{"name":"Metro","category":"light_rail","osm_type":"way","osm_id":"248390096","operator":"Nexus"}},{"type":"Feature","geometry":{"type":"LineString","coordinates":[[-1.47413,54.99968],[-1.46534,55.00166]]},"properties":{"name":"Metro","category":"light_rail","osm_type":"way","osm_id":"248390099","operator":"Nexus"}},{"type":"Feature","geometry":{"type":"LineString","coordinates":[[-1.46515,55.0017],[-1.45737,55.00377]]},"properties":{"name":"Metro","category":"light_rail","osm_type":"way","osm_id":"248390100","operator":"Nexus"}},{"type":"Feature","geometry":{"type":"LineString","coordinates":[[-1.44857,55.00837],[-1.43996,55.01227]]},"properties":{"name":"Metro","category":"light_rail","osm_type":"way","osm_id":"248390101","operator":"Nexus"}},{"type":"Feature","geometry":{"type":"LineString","coordinates":[[-1.45675,55.04179],[-1.45579,55.0414]]},"properties":{"name":"Railways","category":"light_rail","osm_type":"way","osm_id":"248390156","operator":"Nexus"}},{"type":"Feature","geometry":{"type":"LineString","coordinates":[[-1.45328,55.00566],[-1.45609,55.00435]]},"properties":{"name":"Railways","category":"light_rail","osm_type":"way","osm_id":"248390157","operator":"Nexus"}},{"type":"Feature","geometry":{"type":"LineString","coordinates":[[-1.45349,55.00487],[-1.45658,55.00405]]},"properties":{"name":"Railways","category":"light_rail","osm_type":"way","osm_id":"248390158","operator":"Nexus"}},{"type":"Feature","geometry":{"type":"LineString","coordinates":[[-1.51725,55.14193],[-1.51265,55.13766],[-1.51252,55.13632]]},"properties":{"name":"Railways","category":"rail","osm_type":"way","osm_id":"251062622"}},{"type":"Feature","geometry":{"type":"LineString","coordinates":[[-1.67556,55.16303],[-1.67802,55.16314]]},"properties":{"name":"Railways","category":"rail","osm_type":"way","osm_id":"259408809","operator":"Network Rail"}},{"type":"Feature","geometry":{"type":"LineString","coordinates":[[-1.67466,55.16279],[-1.67855,55.16312]]},"properties":{"name":"Blyth and Tyne Line","category":"rail","osm_type":"way","osm_id":"259408810","operator":"Network Rail","ref":"HJM"}},{"type":"Feature","geometry":{"type":"LineString","coordinates":[[-1.59831,55.0668],[-1.59885,55.06142],[-1.59751,55.05714]]},"properties":{"name":"East Coast Main Line","category":"rail","osm_type":"way","osm_id":"307161307","operator":"Network Rail","ref":"ECM7"}},{"type":"Feature","geometry":{"type":"LineString","coordinates":[[-1.57676,55.02624],[-1.57662,55.02615]]},"properties":{"name":"East Coast Main Line","category":"rail","osm_type":"way","osm_id":"307161308","operator":"Network Rail","ref":"ECM7"}},{"type":"Feature","geometry":{"type":"LineString","coordinates":[[-1.59823,55.06721],[-1.59831,55.0668]]},"properties":{"name":"East Coast Main Line","category":"rail","osm_type":"way","osm_id":"307161309","operator":"Network Rail","ref":"ECM7"}},{"type":"Feature","geometry":{"type":"LineString","coordinates":[[-1.57764,55.02691],[-1.57676,55.02624]]},"properties":{"name":"East Coast Main Line","category":"rail","osm_type":"way","osm_id":"307161310","operator":"Network Rail","ref":"ECM7"}},{"type":"Feature","geometry":{"type":"LineString","coordinates":[[-1.59751,55.05714],[-1.59743,55.05699]]},"properties":{"name":"East Coast Main Line","category":"rail","osm_type":"way","osm_id":"307161311","operator":"Network Rail","ref":"ECM7"}},{"type":"Feature","geometry":{"type":"LineString","coordinates":[[-1.57882,55.02795],[-1.57764,55.02691]]},"properties":{"name":"East Coast Main Line","category":"rail","osm_type":"way","osm_id":"307161312","operator":"Network Rail","ref":"ECM7"}},{"type":"Feature","geometry":{"type":"LineString","coordinates":[[-1.5794,55.02856],[-1.57882,55.02795]]},"properties":{"name":"East Coast Main Line","category":"rail","osm_type":"way","osm_id":"307161313","operator":"Network Rail","ref":"ECM7"}},{"type":"Feature","geometry":{"type":"LineString","coordinates":[[-1.59631,55.08382],[-1.59597,55.0801],[-1.59823,55.06721]]},"properties":{"name":"East Coast Main Line","category":"rail","osm_type":"way","osm_id":"307161314","operator":"Network Rail","ref":"ECM7"}},{"type":"Feature","geometry":{"type":"LineString","coordinates":[[-1.59743,55.05699],[-1.59044,55.04564]]},"properties":{"name":"East Coast Main Line","category":"rail","osm_type":"way","osm_id":"307161315","operator":"Network Rail","ref":"ECM7"}},{"type":"Feature","geometry":{"type":"LineString","coordinates":[[-1.611,55.09445],[-1.60582,55.0927],[-1.60133,55.09016],[-1.59828,55.08736],[-1.59631,55.08382]]},"properties":{"name":"East Coast Main Line","category":"rail","osm_type":"way","osm_id":"307161316","operator":"Network Rail","ref":"ECM7"}},{"type":"Feature","geometry":{"type":"LineString","coordinates":[[-1.6118,55.0946],[-1.61636,55.09538]]},"properties":{"name":"East Coast Main Line","category":"rail","osm_type":"way","osm_id":"307165153","operator":"Network Rail","ref":"ECM7"}},{"type":"Feature","geometry":{"type":"LineString","coordinates":[[-1.68406,55.16211],[-1.68381,55.16219]]},"properties":{"name":"East Coast Main Line","category":"rail","osm_type":"way","osm_id":"307165154","operator":"Network Rail","ref":"ECM7"}},{"type":"Feature","geometry":{"type":"LineString","coordinates":[[-1.63625,55.10057],[-1.63721,55.10088]]},"properties":{"name":"East Coast Main Line","category":"rail","osm_type":"way","osm_id":"307165155","operator":"Network Rail","ref":"ECM7"}},{"type":"Feature","geometry":{"type":"LineString","coordinates":[[-1.63393,55.09963],[-1.63474,55.09999]]},"properties":{"name":"East Coast Main Line","category":"rail","osm_type":"way","osm_id":"307165156","operator":"Network Rail","ref":"ECM7"}},{"type":"Feature","geometry":{"type":"LineString","coordinates":[[-1.61102,55.09442],[-1.6118,55.0946]]},"properties":{"name":"East Coast Main Line","category":"rail","osm_type":"way","osm_id":"307165157","operator":"Network Rail","ref":"ECM7"}},{"type":"Feature","geometry":{"type":"LineString","coordinates":[[-1.61781,55.09553],[-1.618,55.09556]]},"properties":{"name":"East Coast Main Line","category":"rail","osm_type":"way","osm_id":"307165158","operator":"Network Rail","ref":"ECM7"}},{"type":"Feature","geometry":{"type":"LineString","coordinates":[[-1.64648,55.1048],[-1.64345,55.1033],[-1.62884,55.09778],[-1.62489,55.09664],[-1.6206,55.09592]]},"properties":{"name":"East Coast Main Line","category":"rail","osm_type":"way","osm_id":"307165159","operator":"Network Rail","ref":"ECM7"}},{"type":"Feature","geometry":{"type":"LineString","coordinates":[[-1.64782,55.10564],[-1.64648,55.1048]]},"properties":{"name":"East Coast Main Line","category":"rail","osm_type":"way","osm_id":"307165160","operator":"Network Rail","ref":"ECM7"}},{"type":"Feature","geometry":{"type":"LineString","coordinates":[[-1.64653,55.10477],[-1.64787,55.10561]]},"properties":{"name":"East Coast Main Line","category":"rail","osm_type":"way","osm_id":"307165161","operator":"Network Rail","ref":"ECM7"}},{"type":"Feature","geometry":{"type":"LineString","coordinates":[[-1.61869,55.09564],[-1.62062,55.09588]]},"properties":{"name":"East Coast Main Line","category":"rail","osm_type":"way","osm_id":"307165162","operator":"Network Rail","ref":"ECM7"}},{"type":"Feature","geometry":{"type":"LineString","coordinates":[[-1.65113,55.10809],[-1.65121,55.10817]]},"properties":{"name":"East Coast Main Line","category":"rail","osm_type":"way","osm_id":"307165163","operator":"Network Rail","ref":"ECM7"}},{"type":"Feature","geometry":{"type":"LineString","coordinates":[[-1.64787,55.10561],[-1.65113,55.10809]]},"properties":{"name":"East Coast Main Line","category":"rail","osm_type":"way","osm_id":"307165164","operator":"Network Rail","ref":"ECM7"}},{"type":"Feature","geometry":{"type":"LineString","coordinates":[[-1.62468,55.20726],[-1.61729,55.22164]]},"properties":{"name":"East Coast Main Line","category":"rail","osm_type":"way","osm_id":"307173696","operator":"Network Rail","ref":"ECM7"}},{"type":"Feature","geometry":{"type":"LineString","coordinates":[[-1.68098,55.16284],[-1.68171,55.16272]]},"properties":{"name":"East Coast Main Line","category":"rail","osm_type":"way","osm_id":"307173697","operator":"Network Rail","ref":"ECM7"}},{"type":"Feature","geometry":{"type":"LineString","coordinates":[[-1.66478,55.17166],[-1.66308,55.17274]]},"properties":{"name":"East Coast Main Line","category":"rail","osm_type":"way","osm_id":"307173698","operator":"Network Rail","ref":"ECM7"}},{"type":"Feature","geometry":{"type":"LineString","coordinates":[[-1.65094,55.31054],[-1.65597,55.28803],[-1.65448,55.27886]]},"properties":{"name":"East Coast Main Line","category":"rail","osm_type":"way","osm_id":"307173699","operator":"Network Rail","ref":"ECM7"}},{"type":"Feature","geometry":{"type":"LineString","coordinates":[[-1.65453,55.27885],[-1.65603,55.28803],[-1.65102,55.31055]]},"properties":{"name":"East Coast Main Line","category":"rail","osm_type":"way","osm_id":"307173700","operator":"Network Rail","ref":"ECM7"}},{"type":"Feature","geometry":{"type":"LineString","coordinates":[[-1.68281,55.16246],[-1.67974,55.16315]]},"properties":{"name":"East Coast Main Line","category":"rail","osm_type":"way","osm_id":"307173701","operator":"Network Rail","ref":"ECM7"}},{"type":"Feature","geometry":{"type":"LineString","coordinates":[[-1.6542,55.27754],[-1.65253,55.26942]]},"properties":{"name":"East Coast Main Line","category":"rail","osm_type":"way","osm_id":"307173702","operator":"Network Rail","ref":"ECM7"}},{"type":"Feature","geometry":{"type":"LineString","coordinates":[[-1.6543,55.27774],[-1.65453,55.27885]]},"properties":{"name":"East Coast Main Line","category":"rail","osm_type":"way","osm_id":"307173703","operator":"Network Rail","ref":"ECM7"}},{"type":"Feature","geometry":{"type":"LineString","coordinates":[[-1.65448,55.27886],[-1.6542,55.27754]]},"properties":{"name":"East Coast Main Line","category":"rail","osm_type":"way","osm_id":"307173704","operator":"Network Rail","ref":"ECM7"}},{"type":"Feature","geometry":{"type":"LineString","coordinates":[[-1.65258,55.26942],[-1.6543,55.27774]]},"properties":{"name":"East Coast Main Line","category":"rail","osm_type":"way","osm_id":"307173705","operator":"Network Rail","ref":"ECM7"}},{"type":"Feature","geometry":{"type":"LineString","coordinates":[[-1.667,55.16983],[-1.66478,55.17166]]},"properties":{"name":"East Coast Main Line","category":"rail","osm_type":"way","osm_id":"307173706","operator":"Network Rail","ref":"ECM7"}},{"type":"Feature","geometry":{"type":"LineString","coordinates":[[-1.66227,55.17321],[-1.65677,55.17543],[-1.64526,55.17779],[-1.64124,55.17952],[-1.63812,55.18159]]},"properties":{"name":"East Coast Main Line","category":"rail","osm_type":"way","osm_id":"307173707","operator":"Network Rail","ref":"ECM7"}},{"type":"Feature","geometry":{"type":"LineString","coordinates":[[-1.65409,55.27722],[-1.65194,55.26658]]},"properties":{"name":"Railways","category":"rail","osm_type":"way","osm_id":"307173708","operator":"Network Rail"}},{"type":"Feature","geometry":{"type":"LineString","coordinates":[[-1.65491,55.28104],[-1.6551,55.28163]]},"properties":{"name":"Railways","category":"rail","osm_type":"way","osm_id":"307173709","operator":"Network Rail"}},{"type":"Feature","geometry":{"type":"LineString","coordinates":[[-1.65476,55.27999],[-1.65488,55.28087]]},"properties":{"name":"Railways","category":"rail","osm_type":"way","osm_id":"307173710","operator":"Network Rail"}},{"type":"Feature","geometry":{"type":"LineString","coordinates":[[-1.62499,55.20654],[-1.62519,55.20629]]},"properties":{"name":"Railways","category":"rail","osm_type":"way","osm_id":"307173711","operator":"Network Rail"}},{"type":"Feature","geometry":{"type":"LineString","coordinates":[[-1.65201,55.26664],[-1.65422,55.27706]]},"properties":{"name":"Railways","category":"rail","osm_type":"way","osm_id":"307173712","operator":"Network Rail"}},{"type":"Feature","geometry":{"type":"LineString","coordinates":[[-1.65002,55.3153],[-1.65029,55.31882]]},"properties":{"name":"East Coast Main Line","category":"rail","osm_type":"way","osm_id":"308724458","operator":"Network Rail","ref":"ECM7"}},{"type":"Feature","geometry":{"type":"LineString","coordinates":[[-1.63391,55.39087],[-1.63401,55.39094]]},"properties":{"name":"East Coast Main Line","category":"rail","osm_type":"way","osm_id":"308724459","operator":"Network Rail","ref":"ECM7"}},{"type":"Feature","geometry":{"type":"LineString","coordinates":[[-1.62515,55.37851],[-1.62521,55.37861]]},"properties":{"name":"East Coast Main Line","category":"rail","osm_type":"way","osm_id":"308724460","operator":"Network Rail","ref":"ECM7"}},{"type":"Feature","geometry":{"type":"LineString","coordinates":[[-1.65029,55.31882],[-1.65032,55.319]]},"properties":{"name":"East Coast Main Line","category":"rail","osm_type":"way","osm_id":"308724461","operator":"Network Rail","ref":"ECM7"}},{"type":"Feature","geometry":{"type":"LineString","coordinates":[[-1.62342,55.37567],[-1.62356,55.37592]]},"properties":{"name":"East Coast Main Line","category":"rail","osm_type":"way","osm_id":"308724462","operator":"Network Rail","ref":"ECM7"}},{"type":"Feature","geometry":{"type":"LineString","coordinates":[[-1.65225,55.32866],[-1.65236,55.33187],[-1.64994,55.33502]]},"properties":{"name":"East Coast Main Line","category":"rail","osm_type":"way","osm_id":"308724463","operator":"Network Rail","ref":"ECM7"}},{"type":"Feature","geometry":{"type":"LineString","coordinates":[[-1.62521,55.37861],[-1.63029,55.3868]]},"properties":{"name":"East Coast Main Line","category":"rail","osm_type":"way","osm_id":"308724466","operator":"Network Rail","ref":"ECM7"}},{"type":"Feature","geometry":{"type":"LineString","coordinates":[[-1.65192,55.32702],[-1.65225,55.32866]]},"properties":{"name":"East Coast Main Line","category":"rail","osm_type":"way","osm_id":"308724467","operator":"Network Rail","ref":"ECM7"}},{"type":"Feature","geometry":{"type":"LineString","coordinates":[[-1.62356,55.37592],[-1.62515,55.37851]]},"properties":{"name":"East Coast Main Line","category":"rail","osm_type":"way","osm_id":"308724468","operator":"Network Rail","ref":"ECM7"}},{"type":"Feature","geometry":{"type":"LineString","coordinates":[[-1.62253,55.37363],[-1.62342,55.37567]]},"properties":{"name":"East Coast Main Line","category":"rail","osm_type":"way","osm_id":"308724469","operator":"Network Rail","ref":"ECM7"}},{"type":"Feature","geometry":{"type":"LineString","coordinates":[[-1.64997,55.3153],[-1.65094,55.31054]]},"properties":{"name":"East Coast Main Line","category":"rail","osm_type":"way","osm_id":"308724470","operator":"Network Rail","ref":"ECM7"}},{"type":"Feature","geometry":{"type":"LineString","coordinates":[[-1.65102,55.31055],[-1.65002,55.3153]]},"properties":{"name":"East Coast Main Line","category":"rail","osm_type":"way","osm_id":"308724472","operator":"Network Rail","ref":"ECM7"}},{"type":"Feature","geometry":{"type":"LineString","coordinates":[[-1.63987,55.34515],[-1.63614,55.3511],[-1.62358,55.36651],[-1.62233,55.3697],[-1.62247,55.3734]]},"properties":{"name":"East Coast Main Line","category":"rail","osm_type":"way","osm_id":"308724473","operator":"Network Rail","ref":"ECM7"}},{"type":"Feature","geometry":{"type":"LineString","coordinates":[[-1.65032,55.319],[-1.65192,55.32702]]},"properties":{"name":"East Coast Main Line","category":"rail","osm_type":"way","osm_id":"308724476","operator":"Network Rail","ref":"ECM7"}},{"type":"Feature","geometry":{"type":"LineString","coordinates":[[-1.63548,55.39199],[-1.63844,55.39383]]},"properties":{"name":"East Coast Main Line","category":"rail","osm_type":"way","osm_id":"308724477","operator":"Network Rail","ref":"ECM7"}},{"type":"Feature","geometry":{"type":"LineString","coordinates":[[-1.62203,55.43096],[-1.62267,55.43443],[-1.62549,55.43842]]},"properties":{"name":"East Coast Main Line","category":"rail","osm_type":"way","osm_id":"308734056","operator":"Network Rail","ref":"ECM7"}},{"type":"Feature","geometry":{"type":"LineString","coordinates":[[-1.63844,55.39383],[-1.64117,55.39684],[-1.64127,55.4001]]},"properties":{"name":"East Coast Main Line","category":"rail","osm_type":"way","osm_id":"308734058","operator":"Network Rail","ref":"ECM7"}},{"type":"Feature","geometry":{"type":"LineString","coordinates":[[-1.62203,55.43074],[-1.62203,55.43096]]},"properties":{"name":"East Coast Main Line","category":"rail","osm_type":"way","osm_id":"308734061","operator":"Network Rail","ref":"ECM7"}},{"type":"Feature","geometry":{"type":"LineString","coordinates":[[-1.6391,55.40373],[-1.63892,55.404]]},"properties":{"name":"East Coast Main Line","category":"rail","osm_type":"way","osm_id":"308734064","operator":"Network Rail","ref":"ECM7"}},{"type":"Feature","geometry":{"type":"LineString","coordinates":[[-1.64062,55.40133],[-1.63952,55.40306]]},"properties":{"name":"East Coast Main Line","category":"rail","osm_type":"way","osm_id":"308734065","operator":"Network Rail","ref":"ECM7"}},{"type":"Feature","geometry":{"type":"LineString","coordinates":[[-1.64085,55.45168],[-1.64124,55.45203]]},"properties":{"name":"Railways","category":"rail","osm_type":"way","osm_id":"308734066","operator":"Network Rail"}},{"type":"Feature","geometry":{"type":"LineString","coordinates":[[-1.63993,55.45064],[-1.64017,55.45097]]},"properties":{"name":"Railways","category":"rail","osm_type":"way","osm_id":"308734067","operator":"Network Rail"}},{"type":"Feature","geometry":{"type":"LineString","coordinates":[[-1.64127,55.4001],[-1.64062,55.40133]]},"properties":{"name":"East Coast Main Line","category":"rail","osm_type":"way","osm_id":"308734068","operator":"Network Rail","ref":"ECM7"}},{"type":"Feature","geometry":{"type":"LineString","coordinates":[[-1.63952,55.40306],[-1.6391,55.40373]]},"properties":{"name":"East Coast Main Line","category":"rail","osm_type":"way","osm_id":"308734073","operator":"Network Rail","ref":"ECM7"}},{"type":"Feature","geometry":{"type":"LineString","coordinates":[[-1.62254,55.42811],[-1.62241,55.42858]]},"properties":{"name":"East Coast Main Line","category":"rail","osm_type":"way","osm_id":"308734074","operator":"Network Rail","ref":"ECM7"}},{"type":"Feature","geometry":{"type":"LineString","coordinates":[[-1.63694,55.40627],[-1.62765,55.41473],[-1.62603,55.41703],[-1.62493,55.42012]]},"properties":{"name":"East Coast Main Line","category":"rail","osm_type":"way","osm_id":"308734075","operator":"Network Rail","ref":"ECM7"}},{"type":"Feature","geometry":{"type":"LineString","coordinates":[[-1.62241,55.42858],[-1.62203,55.43074]]},"properties":{"name":"East Coast Main Line","category":"rail","osm_type":"way","osm_id":"308734076","operator":"Network Rail","ref":"ECM7"}},{"type":"Feature","geometry":{"type":"LineString","coordinates":[[-1.62549,55.43842],[-1.63561,55.44633],[-1.63988,55.45059]]},"properties":{"name":"East Coast Main Line","category":"rail","osm_type":"way","osm_id":"308734077","operator":"Network Rail","ref":"ECM7"}},{"type":"Feature","geometry":{"type":"LineString","coordinates":[[-1.68413,55.40393],[-1.68518,55.40335]]},"properties":{"name":"Railways","category":"rail","osm_type":"way","osm_id":"313693979","operator":"Aln Valley Railway"}},{"type":"Feature","geometry":{"type":"LineString","coordinates":[[-1.65874,55.39659],[-1.66183,55.39647],[-1.66455,55.39716]]},"properties":{"name":"Aln Valley Railway","category":"rail","osm_type":"way","osm_id":"319672370","operator":"Aln Valley Railway","ref":"ACK"}},{"type":"Feature","geometry":{"type":"LineString","coordinates":[[-1.62224,55.01202],[-1.63332,55.01401]]},"properties":{"name":"Metro","category":"light_rail","osm_type":"way","osm_id":"367787160","operator":"Nexus"}},{"type":"Feature","geometry":{"type":"LineString","coordinates":[[-1.62223,55.01204],[-1.62129,55.01193]]},"properties":{"name":"Metro","category":"light_rail","osm_type":"way","osm_id":"367787161","operator":"Nexus"}},{"type":"Feature","geometry":{"type":"LineString","coordinates":[[-1.62129,55.01193],[-1.61986,55.01175]]},"properties":{"name":"Metro","category":"light_rail","osm_type":"way","osm_id":"367787162","operator":"Nexus"}},{"type":"Feature","geometry":{"type":"LineString","coordinates":[[-1.62131,55.0119],[-1.62224,55.01202]]},"properties":{"name":"Metro","category":"light_rail","osm_type":"way","osm_id":"367787163","operator":"Nexus"}},{"type":"Feature","geometry":{"type":"LineString","coordinates":[[-1.5178,55.09413],[-1.51284,55.08732]]},"properties":{"name":"Blyth and Tyne Line","category":"rail","osm_type":"way","osm_id":"369125922","operator":"Network Rail","ref":"EJM"}},{"type":"Feature","geometry":{"type":"LineString","coordinates":[[-1.63915,55.0142],[-1.63888,55.01423]]},"properties":{"name":"Metro","category":"light_rail","osm_type":"way","osm_id":"424530497","operator":"Nexus"}},{"type":"Feature","geometry":{"type":"LineString","coordinates":[[-1.63888,55.01423],[-1.63546,55.01431]]},"properties":{"name":"Metro","category":"light_rail","osm_type":"way","osm_id":"424530498","operator":"Nexus"}},{"type":"Feature","geometry":{"type":"LineString","coordinates":[[-1.63886,55.0142],[-1.63912,55.01417]]},"properties":{"name":"Metro","category":"light_rail","osm_type":"way","osm_id":"424530500","operator":"Nexus"}},{"type":"Feature","geometry":{"type":"LineString","coordinates":[[-1.63912,55.01417],[-1.64073,55.01399]]},"properties":{"name":"Metro","category":"light_rail","osm_type":"way","osm_id":"424530502","operator":"Nexus"}},{"type":"Feature","geometry":{"type":"LineString","coordinates":[[-1.49785,55.01659],[-1.49548,55.01518]]},"properties":{"name":"North Tyneside Steam Railway","category":"rail","osm_type":"way","osm_id":"450606279","operator":"North Tyneside Steam Railway"}},{"type":"Feature","geometry":{"type":"LineString","coordinates":[[-1.49716,55.01623],[-1.49588,55.01561]]},"properties":{"name":"Railways","category":"rail","osm_type":"way","osm_id":"450606280","operator":"North Tyneside Steam Railway"}},{"type":"Feature","geometry":{"type":"LineString","coordinates":[[-1.49686,55.01641],[-1.49613,55.01579]]},"properties":{"name":"Railways","category":"rail","osm_type":"way","osm_id":"450606281","operator":"North Tyneside Steam Railway"}},{"type":"Feature","geometry":{"type":"LineString","coordinates":[[-1.49697,55.01634],[-1.49647,55.01605]]},"properties":{"name":"Railways","category":"rail","osm_type":"way","osm_id":"450606282","operator":"North Tyneside Steam Railway"}},{"type":"Feature","geometry":{"type":"LineString","coordinates":[[-1.62523,55.37866],[-1.62547,55.37911]]},"properties":{"name":"Railways","category":"rail","osm_type":"way","osm_id":"455707663","operator":"Network Rail"}},{"type":"Feature","geometry":{"type":"LineString","coordinates":[[-1.62619,55.38018],[-1.6257,55.3795]]},"properties":{"name":"Railways","category":"rail","osm_type":"way","osm_id":"455709533","operator":"Network Rail"}},{"type":"Feature","geometry":{"type":"LineString","coordinates":[[-1.45278,55.00595],[-1.45232,55.00616]]},"properties":{"name":"Railways","category":"light_rail","osm_type":"way","osm_id":"456126786","operator":"Nexus"}},{"type":"Feature","geometry":{"type":"LineString","coordinates":[[-1.60486,55.01028],[-1.60253,55.01005]]},"properties":{"name":"Gosforth east departure","category":"light_rail","osm_type":"way","osm_id":"457497160","operator":"Nexus"}},{"type":"Feature","geometry":{"type":"LineString","coordinates":[[-1.61517,55.01129],[-1.6135,55.01109]]},"properties":{"name":"Railways","category":"light_rail","osm_type":"way","osm_id":"457497174","operator":"Nexus"}},{"type":"Feature","geometry":{"type":"LineString","coordinates":[[-1.503,55.03709],[-1.50227,55.03709]]},"properties":{"name":"Railways","category":"light_rail","osm_type":"way","osm_id":"457499503","operator":"Nexus"}},{"type":"Feature","geometry":{"type":"LineString","coordinates":[[-1.42982,55.01993],[-1.4297,55.01941]]},"properties":{"name":"Railways","category":"light_rail","osm_type":"way","osm_id":"457499504","operator":"Nexus"}},{"type":"Feature","geometry":{"type":"LineString","coordinates":[[-1.68583,55.40238],[-1.68565,55.40264]]},"properties":{"name":"Railways","category":"rail","osm_type":"way","osm_id":"489605932","operator":"Aln Valley Railway"}},{"type":"Feature","geometry":{"type":"LineString","coordinates":[[-1.55985,55.01368],[-1.56178,55.01659],[-1.56497,55.01958],[-1.57667,55.02612]]},"properties":{"name":"East Coast Main Line","category":"rail","osm_type":"way","osm_id":"563113419","operator":"Network Rail","ref":"ECM7"}},{"type":"Feature","geometry":{"type":"LineString","coordinates":[[-1.68547,55.15767],[-1.67235,55.14442],[-1.669,55.14006],[-1.66187,55.12986],[-1.65654,55.11813]]},"properties":{"name":"East Coast Main Line","category":"rail","osm_type":"way","osm_id":"563113420","operator":"Network Rail","ref":"ECM7"}},{"type":"Feature","geometry":{"type":"LineString","coordinates":[[-1.68527,55.1574],[-1.68633,55.15883],[-1.68634,55.16003],[-1.68564,55.16112],[-1.68406,55.16211]]},"properties":{"name":"East Coast Main Line","category":"rail","osm_type":"way","osm_id":"563113421","operator":"Network Rail","ref":"ECM7"}},{"type":"Feature","geometry":{"type":"LineString","coordinates":[[-1.63988,55.45059],[-1.66199,55.47396],[-1.66397,55.47685],[-1.66478,55.48069],[-1.6626,55.49394],[-1.66274,55.49778]]},"properties":{"name":"East Coast Main Line","category":"rail","osm_type":"way","osm_id":"563128392","operator":"Network Rail","ref":"ECM7"}},{"type":"Feature","geometry":{"type":"LineString","coordinates":[[-1.63982,55.45061],[-1.63555,55.44635],[-1.62543,55.43844]]},"properties":{"name":"East Coast Main Line","category":"rail","osm_type":"way","osm_id":"563128393","operator":"Network Rail","ref":"ECM7"}},{"type":"Feature","geometry":{"type":"LineString","coordinates":[[-1.64827,55.25536],[-1.64491,55.25223],[-1.6406,55.24977],[-1.62109,55.24365],[-1.61521,55.24039]]},"properties":{"name":"East Coast Main Line","category":"rail","osm_type":"way","osm_id":"563128394","operator":"Network Rail","ref":"ECM7"}},{"type":"Feature","geometry":{"type":"LineString","coordinates":[[-1.64832,55.25535],[-1.65041,55.25914],[-1.65258,55.26942]]},"properties":{"name":"East Coast Main Line","category":"rail","osm_type":"way","osm_id":"563128395","operator":"Network Rail","ref":"ECM7"}},{"type":"Feature","geometry":{"type":"LineString","coordinates":[[-1.61521,55.24039],[-1.613,55.23801],[-1.61188,55.23562],[-1.61178,55.23292],[-1.61275,55.2304]]},"properties":{"name":"East Coast Main Line","category":"rail","osm_type":"way","osm_id":"563128396","operator":"Network Rail","ref":"ECM7"}},{"type":"Feature","geometry":{"type":"LineString","coordinates":[[-1.61525,55.24037],[-1.61792,55.24215],[-1.62176,55.24387],[-1.63723,55.24843],[-1.64109,55.24995],[-1.64532,55.25248],[-1.64832,55.25535]]},"properties":{"name":"East Coast Main Line","category":"rail","osm_type":"way","osm_id":"563128397","operator":"Network Rail","ref":"ECM7"}},{"type":"Feature","geometry":{"type":"LineString","coordinates":[[-1.6133,55.22932],[-1.61624,55.22361]]},"properties":{"name":"East Coast Main Line","category":"rail","osm_type":"way","osm_id":"563128398","operator":"Network Rail","ref":"ECM7"}},{"type":"Feature","geometry":{"type":"LineString","coordinates":[[-1.61335,55.22933],[-1.6128,55.23041]]},"properties":{"name":"East Coast Main Line","category":"rail","osm_type":"way","osm_id":"563128399","operator":"Network Rail","ref":"ECM7"}},{"type":"Feature","geometry":{"type":"LineString","coordinates":[[-1.63808,55.18157],[-1.64119,55.1795],[-1.64524,55.17776],[-1.65674,55.1754],[-1.66108,55.17383]]},"properties":{"name":"East Coast Main Line","category":"rail","osm_type":"way","osm_id":"563128400","operator":"Network Rail","ref":"ECM7"}},{"type":"Feature","geometry":{"type":"LineString","coordinates":[[-1.63246,55.18581],[-1.62894,55.18939],[-1.62705,55.19291],[-1.62649,55.19557],[-1.62644,55.20301],[-1.62468,55.20726]]},"properties":{"name":"East Coast Main Line","category":"rail","osm_type":"way","osm_id":"563128401","operator":"Network Rail","ref":"ECM7"}},{"type":"Feature","geometry":{"type":"LineString","coordinates":[[-1.66805,55.16852],[-1.67006,55.16662],[-1.6726,55.16514],[-1.6797,55.16312]]},"properties":{"name":"East Coast Main Line","category":"rail","osm_type":"way","osm_id":"563128402","operator":"Network Rail","ref":"ECM7"}},{"type":"Feature","geometry":{"type":"LineString","coordinates":[[-1.66811,55.16853],[-1.66777,55.16894]]},"properties":{"name":"East Coast Main Line","category":"rail","osm_type":"way","osm_id":"563128403","operator":"Network Rail","ref":"ECM7"}},{"type":"Feature","geometry":{"type":"LineString","coordinates":[[-1.6797,55.16312],[-1.68278,55.16243]]},"properties":{"name":"East Coast Main Line","category":"rail","osm_type":"way","osm_id":"563128404","operator":"Network Rail","ref":"ECM7"}},{"type":"Feature","geometry":{"type":"LineString","coordinates":[[-1.67957,55.16319],[-1.67264,55.16517],[-1.67012,55.16664],[-1.66811,55.16853]]},"properties":{"name":"East Coast Main Line","category":"rail","osm_type":"way","osm_id":"563128405","operator":"Network Rail","ref":"ECM7"}},{"type":"Feature","geometry":{"type":"LineString","coordinates":[[-1.65875,55.15645],[-1.64967,55.15319],[-1.64412,55.15183],[-1.61305,55.14712],[-1.60712,55.14583],[-1.60233,55.14528],[-1.59497,55.14511],[-1.57855,55.14355]]},"properties":{"name":"Earsdon and Morpeth Line","category":"rail","osm_type":"way","osm_id":"563128407","operator":"Network Rail","ref":"EJM"}},{"type":"Feature","geometry":{"type":"LineString","coordinates":[[-1.60718,55.00801],[-1.60434,55.00959],[-1.60044,55.00992]]},"properties":{"name":"Metro","category":"light_rail","osm_type":"way","osm_id":"572883686","operator":"Nexus"}},{"type":"Feature","geometry":{"type":"LineString","coordinates":[[-1.60859,55.00913],[-1.61076,55.01044],[-1.61398,55.011]]},"properties":{"name":"Metro","category":"light_rail","osm_type":"way","osm_id":"572883687","operator":"Nexus"}},{"type":"Feature","geometry":{"type":"LineString","coordinates":[[-1.61398,55.011],[-1.62047,55.01179]]},"properties":{"name":"Metro","category":"light_rail","osm_type":"way","osm_id":"572883688","operator":"Nexus"}},{"type":"Feature","geometry":{"type":"LineString","coordinates":[[-1.63332,55.01401],[-1.63513,55.01423]]},"properties":{"name":"Metro","category":"light_rail","osm_type":"way","osm_id":"572883689","operator":"Nexus"}},{"type":"Feature","geometry":{"type":"LineString","coordinates":[[-1.637,55.0143],[-1.63886,55.0142]]},"properties":{"name":"Metro","category":"light_rail","osm_type":"way","osm_id":"572883690","operator":"Nexus"}},{"type":"Feature","geometry":{"type":"LineString","coordinates":[[-1.6439,55.01363],[-1.64423,55.01359]]},"properties":{"name":"Metro","category":"light_rail","osm_type":"way","osm_id":"572883691","operator":"Nexus"}},{"type":"Feature","geometry":{"type":"LineString","coordinates":[[-1.64423,55.01359],[-1.65052,55.01314],[-1.65818,55.01396]]},"properties":{"name":"Metro","category":"light_rail","osm_type":"way","osm_id":"572883692","operator":"Nexus"}},{"type":"Feature","geometry":{"type":"LineString","coordinates":[[-1.64073,55.01399],[-1.64241,55.01379]]},"properties":{"name":"Metro","category":"light_rail","osm_type":"way","osm_id":"572883693","operator":"Nexus"}},{"type":"Feature","geometry":{"type":"LineString","coordinates":[[-1.64241,55.01379],[-1.6439,55.01363]]},"properties":{"name":"Metro","category":"light_rail","osm_type":"way","osm_id":"572883694","operator":"Nexus"}},{"type":"Feature","geometry":{"type":"LineString","coordinates":[[-1.66204,55.01439],[-1.66271,55.01442]]},"properties":{"name":"Metro","category":"light_rail","osm_type":"way","osm_id":"572883695","operator":"Nexus"}},{"type":"Feature","geometry":{"type":"LineString","coordinates":[[-1.66271,55.01442],[-1.66343,55.01444]]},"properties":{"name":"Metro","category":"light_rail","osm_type":"way","osm_id":"572883696","operator":"Nexus"}},{"type":"Feature","geometry":{"type":"LineString","coordinates":[[-1.66343,55.01444],[-1.66546,55.01444]]},"properties":{"name":"Metro","category":"light_rail","osm_type":"way","osm_id":"572883697","operator":"Nexus"}},{"type":"Feature","geometry":{"type":"LineString","coordinates":[[-1.66546,55.01444],[-1.66633,55.01438]]},"properties":{"name":"Metro","category":"light_rail","osm_type":"way","osm_id":"572883698","operator":"Nexus"}},{"type":"Feature","geometry":{"type":"LineString","coordinates":[[-1.66633,55.01438],[-1.6754,55.01373]]},"properties":{"name":"Metro","category":"light_rail","osm_type":"way","osm_id":"572883699","operator":"Nexus"}},{"type":"Feature","geometry":{"type":"LineString","coordinates":[[-1.67712,55.01381],[-1.67805,55.0139]]},"properties":{"name":"Metro","category":"light_rail","osm_type":"way","osm_id":"572883700","operator":"Nexus"}},{"type":"Feature","geometry":{"type":"LineString","coordinates":[[-1.67805,55.0139],[-1.67941,55.01406]]},"properties":{"name":"Metro","category":"light_rail","osm_type":"way","osm_id":"572883701","operator":"Nexus"}},{"type":"Feature","geometry":{"type":"LineString","coordinates":[[-1.67941,55.01406],[-1.68755,55.01685],[-1.6927,55.0192],[-1.69819,55.02253],[-1.70217,55.02641]]},"properties":{"name":"Metro","category":"light_rail","osm_type":"way","osm_id":"572883702","operator":"Nexus"}},{"type":"Feature","geometry":{"type":"LineString","coordinates":[[-1.70217,55.02641],[-1.70299,55.02725]]},"properties":{"name":"Metro","category":"light_rail","osm_type":"way","osm_id":"572883703","operator":"Nexus"}},{"type":"Feature","geometry":{"type":"LineString","coordinates":[[-1.70299,55.02725],[-1.70374,55.02801]]},"properties":{"name":"Metro","category":"light_rail","osm_type":"way","osm_id":"572883704","operator":"Nexus"}},{"type":"Feature","geometry":{"type":"LineString","coordinates":[[-1.70374,55.02801],[-1.70408,55.02836]]},"properties":{"name":"Metro","category":"light_rail","osm_type":"way","osm_id":"572883705","operator":"Nexus"}},{"type":"Feature","geometry":{"type":"LineString","coordinates":[[-1.70408,55.02836],[-1.7107,55.03421]]},"properties":{"name":"Metro","category":"light_rail","osm_type":"way","osm_id":"572883706","operator":"Nexus"}},{"type":"Feature","geometry":{"type":"LineString","coordinates":[[-1.7107,55.03421],[-1.71095,55.03472]]},"properties":{"name":"Metro","category":"light_rail","osm_type":"way","osm_id":"572883707","operator":"Nexus"}},{"type":"Feature","geometry":{"type":"LineString","coordinates":[[-1.71063,55.03427],[-1.70838,55.03232]]},"properties":{"name":"Metro","category":"light_rail","osm_type":"way","osm_id":"572883708","operator":"Nexus"}},{"type":"Feature","geometry":{"type":"LineString","coordinates":[[-1.71095,55.03472],[-1.71105,55.03505]]},"properties":{"name":"Metro","category":"light_rail","osm_type":"way","osm_id":"572883709","operator":"Nexus"}},{"type":"Feature","geometry":{"type":"LineString","coordinates":[[-1.71083,55.03473],[-1.71063,55.03427]]},"properties":{"name":"Metro","category":"light_rail","osm_type":"way","osm_id":"572883710","operator":"Nexus"}},{"type":"Feature","geometry":{"type":"LineString","coordinates":[[-1.71094,55.03514],[-1.71083,55.03473]]},"properties":{"name":"Metro","category":"light_rail","osm_type":"way","osm_id":"572883712","operator":"Nexus"}},{"type":"Feature","geometry":{"type":"LineString","coordinates":[[-1.71108,55.03515],[-1.7113,55.03622]]},"properties":{"name":"Metro","category":"light_rail","osm_type":"way","osm_id":"572883713","operator":"Nexus"}},{"type":"Feature","geometry":{"type":"LineString","coordinates":[[-1.49703,55.0163],[-1.49469,55.01446]]},"properties":{"name":"Railways","category":"rail","osm_type":"way","osm_id":"601355968","operator":"North Tyneside Steam Railway"}},{"type":"Feature","geometry":{"type":"LineString","coordinates":[[-1.49679,55.01607],[-1.49412,55.01375],[-1.49273,55.01314]]},"properties":{"name":"North Tyneside Steam Railway","category":"rail","osm_type":"way","osm_id":"601355969","operator":"North Tyneside Steam Railway"}},{"type":"Feature","geometry":{"type":"LineString","coordinates":[[-1.49629,55.01592],[-1.4967,55.01631]]},"properties":{"name":"Railways","category":"rail","osm_type":"way","osm_id":"601355970","operator":"North Tyneside Steam Railway"}},{"type":"Feature","geometry":{"type":"LineString","coordinates":[[-1.49273,55.01314],[-1.49247,55.01306]]},"properties":{"name":"North Tyneside Steam Railway","category":"rail","osm_type":"way","osm_id":"601355971","operator":"North Tyneside Steam Railway"}},{"type":"Feature","geometry":{"type":"LineString","coordinates":[[-1.48937,55.01116],[-1.47806,55.00266]]},"properties":{"name":"North Tyneside Steam Railway","category":"rail","osm_type":"way","osm_id":"601355972","operator":"North Tyneside Steam Railway","ref":"EDK"}},{"type":"Feature","geometry":{"type":"LineString","coordinates":[[-1.66598,55.39787],[-1.67368,55.40148],[-1.68204,55.40381]]},"properties":{"name":"Aln Valley Railway","category":"rail","osm_type":"way","osm_id":"664856215","operator":"Aln Valley Railway","ref":"ACK"}},{"type":"Feature","geometry":{"type":"LineString","coordinates":[[-1.66455,55.39716],[-1.66598,55.39787]]},"properties":{"name":"Cawledge Viaduct","category":"rail","osm_type":"way","osm_id":"664856216","operator":"Aln Valley Railway","ref":"ACK"}},{"type":"Feature","geometry":{"type":"LineString","coordinates":[[-1.60848,55.00906],[-1.60819,55.00871]]},"properties":{"name":"Metro","category":"light_rail","osm_type":"way","osm_id":"700648070","operator":"Nexus"}},{"type":"Feature","geometry":{"type":"LineString","coordinates":[[-1.66665,55.01439],[-1.66434,55.01448]]},"properties":{"name":"Metro","category":"light_rail","osm_type":"way","osm_id":"700648071","operator":"Nexus"}},{"type":"Feature","geometry":{"type":"LineString","coordinates":[[-1.66434,55.01448],[-1.65869,55.01407]]},"properties":{"name":"Metro","category":"light_rail","osm_type":"way","osm_id":"700648072","operator":"Nexus"}},{"type":"Feature","geometry":{"type":"LineString","coordinates":[[-1.64461,55.01357],[-1.64378,55.01367]]},"properties":{"name":"Metro","category":"light_rail","osm_type":"way","osm_id":"700648073","operator":"Nexus"}},{"type":"Feature","geometry":{"type":"LineString","coordinates":[[-1.64378,55.01367],[-1.63915,55.0142]]},"properties":{"name":"Metro","category":"light_rail","osm_type":"way","osm_id":"700648074","operator":"Nexus"}},{"type":"Feature","geometry":{"type":"LineString","coordinates":[[-1.679,55.01404],[-1.67575,55.01376]]},"properties":{"name":"Metro","category":"light_rail","osm_type":"way","osm_id":"702055164","operator":"Nexus"}},{"type":"Feature","geometry":{"type":"LineString","coordinates":[[-1.70426,55.02859],[-1.70385,55.02817]]},"properties":{"name":"Metro","category":"light_rail","osm_type":"way","osm_id":"702055165","operator":"Nexus"}},{"type":"Feature","geometry":{"type":"LineString","coordinates":[[-1.66873,55.01424],[-1.66665,55.01439]]},"properties":{"name":"Metro","category":"light_rail","osm_type":"way","osm_id":"702055166","operator":"Nexus"}},{"type":"Feature","geometry":{"type":"LineString","coordinates":[[-1.70385,55.02817],[-1.6985,55.02284],[-1.69408,55.02002],[-1.68843,55.01724],[-1.679,55.01404]]},"properties":{"name":"Metro","category":"light_rail","osm_type":"way","osm_id":"702055167","operator":"Nexus"}},{"type":"Feature","geometry":{"type":"LineString","coordinates":[[-1.61275,55.2304],[-1.6133,55.22932]]},"properties":{"name":"East Coast Main Line","category":"rail","osm_type":"way","osm_id":"717285097","operator":"Network Rail","ref":"ECM7"}},{"type":"Feature","geometry":{"type":"LineString","coordinates":[[-1.6128,55.23041],[-1.61184,55.23293],[-1.61193,55.23561],[-1.61305,55.238],[-1.61525,55.24037]]},"properties":{"name":"East Coast Main Line","category":"rail","osm_type":"way","osm_id":"717285098","operator":"Network Rail","ref":"ECM7"}},{"type":"Feature","geometry":{"type":"LineString","coordinates":[[-1.61724,55.22164],[-1.62462,55.20725]]},"properties":{"name":"East Coast Main Line","category":"rail","osm_type":"way","osm_id":"717285101","operator":"Network Rail","ref":"ECM7"}},{"type":"Feature","geometry":{"type":"LineString","coordinates":[[-1.61729,55.22164],[-1.61629,55.22361]]},"properties":{"name":"East Coast Main Line","category":"rail","osm_type":"way","osm_id":"717285102","operator":"Network Rail","ref":"ECM7"}},{"type":"Feature","geometry":{"type":"LineString","coordinates":[[-1.61629,55.22361],[-1.61335,55.22933]]},"properties":{"name":"East Coast Main Line","category":"rail","osm_type":"way","osm_id":"717285103","operator":"Network Rail","ref":"ECM7"}},{"type":"Feature","geometry":{"type":"LineString","coordinates":[[-1.61624,55.22361],[-1.61724,55.22164]]},"properties":{"name":"East Coast Main Line","category":"rail","osm_type":"way","osm_id":"717285104","operator":"Network Rail","ref":"ECM7"}},{"type":"Feature","geometry":{"type":"LineString","coordinates":[[-1.43622,55.03472],[-1.43624,55.03476]]},"properties":{"name":"Metro","category":"light_rail","osm_type":"way","osm_id":"760562530","operator":"Nexus"}},{"type":"Feature","geometry":{"type":"LineString","coordinates":[[-1.43624,55.03476],[-1.4377,55.03707]]},"properties":{"name":"Metro","category":"light_rail","osm_type":"way","osm_id":"760562531","operator":"Nexus"}},{"type":"Feature","geometry":{"type":"LineString","coordinates":[[-1.43616,55.03473],[-1.43354,55.03028]]},"properties":{"name":"Metro","category":"light_rail","osm_type":"way","osm_id":"760562532","operator":"Nexus"}},{"type":"Feature","geometry":{"type":"LineString","coordinates":[[-1.43619,55.03477],[-1.43616,55.03473]]},"properties":{"name":"Metro","category":"light_rail","osm_type":"way","osm_id":"760562533","operator":"Nexus"}},{"type":"Feature","geometry":{"type":"LineString","coordinates":[[-1.65121,55.10817],[-1.65319,55.11052],[-1.65531,55.11502]]},"properties":{"name":"East Coast Main Line","category":"rail","osm_type":"way","osm_id":"764150868","operator":"Network Rail","ref":"ECM7"}},{"type":"Feature","geometry":{"type":"LineString","coordinates":[[-1.65114,55.10819],[-1.65107,55.10811]]},"properties":{"name":"East Coast Main Line","category":"rail","osm_type":"way","osm_id":"764150869","operator":"Network Rail","ref":"ECM7"}},{"type":"Feature","geometry":{"type":"LineString","coordinates":[[-1.6384,55.39385],[-1.63545,55.392]]},"properties":{"name":"East Coast Main Line","category":"rail","osm_type":"way","osm_id":"768970660","operator":"Network Rail","ref":"ECM7"}},{"type":"Feature","geometry":{"type":"LineString","coordinates":[[-1.61824,55.09558],[-1.61869,55.09564]]},"properties":{"name":"East Coast Main Line","category":"rail","osm_type":"way","osm_id":"797399453","operator":"Network Rail","ref":"ECM7"}},{"type":"Feature","geometry":{"type":"LineString","coordinates":[[-1.618,55.09556],[-1.61824,55.09558]]},"properties":{"name":"East Coast Main Line","category":"rail","osm_type":"way","osm_id":"797399454","operator":"Network Rail","ref":"ECM7"}},{"type":"Feature","geometry":{"type":"LineString","coordinates":[[-1.61823,55.09562],[-1.61798,55.09559]]},"properties":{"name":"East Coast Main Line","category":"rail","osm_type":"way","osm_id":"797399455","operator":"Network Rail","ref":"ECM7"}},{"type":"Feature","geometry":{"type":"LineString","coordinates":[[-1.61798,55.09559],[-1.61779,55.09557]]},"properties":{"name":"East Coast Main Line","category":"rail","osm_type":"way","osm_id":"797399456","operator":"Network Rail","ref":"ECM7"}},{"type":"Feature","geometry":{"type":"LineString","coordinates":[[-1.59051,55.04564],[-1.59749,55.05698]]},"properties":{"name":"East Coast Main Line","category":"rail","osm_type":"way","osm_id":"798279583","operator":"Network Rail","ref":"ECM7"}},{"type":"Feature","geometry":{"type":"LineString","coordinates":[[-1.59044,55.04564],[-1.59005,55.04503]]},"properties":{"name":"East Coast Main Line","category":"rail","osm_type":"way","osm_id":"798279584","operator":"Network Rail","ref":"ECM7"}},{"type":"Feature","geometry":{"type":"LineString","coordinates":[[-1.59005,55.04503],[-1.5794,55.02856]]},"properties":{"name":"East Coast Main Line","category":"rail","osm_type":"way","osm_id":"798279585","operator":"Network Rail","ref":"ECM7"}},{"type":"Feature","geometry":{"type":"LineString","coordinates":[[-1.59011,55.04502],[-1.59051,55.04564]]},"properties":{"name":"East Coast Main Line","category":"rail","osm_type":"way","osm_id":"798279586","operator":"Network Rail","ref":"ECM7"}},{"type":"Feature","geometry":{"type":"LineString","coordinates":[[-1.62062,55.09588],[-1.62492,55.0966],[-1.62887,55.09774],[-1.64349,55.10327],[-1.64653,55.10477]]},"properties":{"name":"East Coast Main Line","category":"rail","osm_type":"way","osm_id":"798929539","operator":"Network Rail","ref":"ECM7"}},{"type":"Feature","geometry":{"type":"LineString","coordinates":[[-1.6206,55.09592],[-1.61868,55.09567]]},"properties":{"name":"East Coast Main Line","category":"rail","osm_type":"way","osm_id":"798929540","operator":"Network Rail","ref":"ECM7"}},{"type":"Feature","geometry":{"type":"LineString","coordinates":[[-1.61636,55.09538],[-1.61781,55.09553]]},"properties":{"name":"East Coast Main Line","category":"rail","osm_type":"way","osm_id":"798929543","operator":"Network Rail","ref":"ECM7"}},{"type":"Feature","geometry":{"type":"LineString","coordinates":[[-1.61634,55.09542],[-1.61177,55.09464]]},"properties":{"name":"East Coast Main Line","category":"rail","osm_type":"way","osm_id":"798929544","operator":"Network Rail","ref":"ECM7"}},{"type":"Feature","geometry":{"type":"LineString","coordinates":[[-1.63689,55.40626],[-1.63888,55.40397]]},"properties":{"name":"East Coast Main Line","category":"rail","osm_type":"way","osm_id":"798963191","operator":"Network Rail","ref":"ECM7"}},{"type":"Feature","geometry":{"type":"LineString","coordinates":[[-1.63892,55.404],[-1.63694,55.40627]]},"properties":{"name":"East Coast Main Line","category":"rail","osm_type":"way","osm_id":"798963192","operator":"Network Rail","ref":"ECM7"}},{"type":"Feature","geometry":{"type":"LineString","coordinates":[[-1.63545,55.392],[-1.63396,55.39096]]},"properties":{"name":"East Coast Main Line","category":"rail","osm_type":"way","osm_id":"798963193","operator":"Network Rail","ref":"ECM7"}},{"type":"Feature","geometry":{"type":"LineString","coordinates":[[-1.63401,55.39094],[-1.63548,55.39199]]},"properties":{"name":"East Coast Main Line","category":"rail","osm_type":"way","osm_id":"798963194","operator":"Network Rail","ref":"ECM7"}},{"type":"Feature","geometry":{"type":"LineString","coordinates":[[-1.63024,55.38681],[-1.62516,55.37862]]},"properties":{"name":"East Coast Main Line","category":"rail","osm_type":"way","osm_id":"798963196","operator":"Network Rail","ref":"ECM7"}},{"type":"Feature","geometry":{"type":"LineString","coordinates":[[-1.63029,55.3868],[-1.63391,55.39087]]},"properties":{"name":"East Coast Main Line","category":"rail","osm_type":"way","osm_id":"798963197","operator":"Network Rail","ref":"ECM7"}},{"type":"Feature","geometry":{"type":"LineString","coordinates":[[-1.65422,55.27706],[-1.65424,55.27744]]},"properties":{"name":"Railways","category":"rail","osm_type":"way","osm_id":"798963198","operator":"Network Rail"}},{"type":"Feature","geometry":{"type":"LineString","coordinates":[[-1.65421,55.27759],[-1.65409,55.27722]]},"properties":{"name":"Railways","category":"rail","osm_type":"way","osm_id":"798963199","operator":"Network Rail"}},{"type":"Feature","geometry":{"type":"LineString","coordinates":[[-1.64645,55.2534],[-1.64694,55.25392]]},"properties":{"name":"Railways","category":"rail","osm_type":"way","osm_id":"798963200","operator":"Network Rail"}},{"type":"Feature","geometry":{"type":"LineString","coordinates":[[-1.62025,55.21499],[-1.62462,55.20725]]},"properties":{"name":"Ashington Junction to Butterwell Junction","category":"rail","osm_type":"way","osm_id":"798963201","ref":"BWO2"}},{"type":"Feature","geometry":{"type":"LineString","coordinates":[[-1.6324,55.18579],[-1.63446,55.18427]]},"properties":{"name":"East Coast Main Line","category":"rail","osm_type":"way","osm_id":"798963202","operator":"Network Rail","ref":"ECM7"}},{"type":"Feature","geometry":{"type":"LineString","coordinates":[[-1.63812,55.18159],[-1.63752,55.18206]]},"properties":{"name":"East Coast Main Line","category":"rail","osm_type":"way","osm_id":"798963203","operator":"Network Rail","ref":"ECM7"}},{"type":"Feature","geometry":{"type":"LineString","coordinates":[[-1.66108,55.17383],[-1.66304,55.17272]]},"properties":{"name":"East Coast Main Line","category":"rail","osm_type":"way","osm_id":"798963204","operator":"Network Rail","ref":"ECM7"}},{"type":"Feature","geometry":{"type":"LineString","coordinates":[[-1.66308,55.17274],[-1.66227,55.17321]]},"properties":{"name":"East Coast Main Line","category":"rail","osm_type":"way","osm_id":"798963205","operator":"Network Rail","ref":"ECM7"}},{"type":"Feature","geometry":{"type":"LineString","coordinates":[[-1.66556,55.17109],[-1.66648,55.17026]]},"properties":{"name":"East Coast Main Line","category":"rail","osm_type":"way","osm_id":"798963206","operator":"Network Rail","ref":"ECM7"}},{"type":"Feature","geometry":{"type":"LineString","coordinates":[[-1.66759,55.16907],[-1.66805,55.16852]]},"properties":{"name":"East Coast Main Line","category":"rail","osm_type":"way","osm_id":"798963207","operator":"Network Rail","ref":"ECM7"}},{"type":"Feature","geometry":{"type":"LineString","coordinates":[[-1.66765,55.16909],[-1.667,55.16983]]},"properties":{"name":"East Coast Main Line","category":"rail","osm_type":"way","osm_id":"798963208","operator":"Network Rail","ref":"ECM7"}},{"type":"Feature","geometry":{"type":"LineString","coordinates":[[-1.66777,55.16894],[-1.67207,55.16549],[-1.67524,55.16422],[-1.67957,55.16319]]},"properties":{"name":"East Coast Main Line","category":"rail","osm_type":"way","osm_id":"798963209","operator":"Network Rail","ref":"ECM7"}},{"type":"Feature","geometry":{"type":"LineString","coordinates":[[-1.65617,55.11707],[-1.6566,55.11812]]},"properties":{"name":"East Coast Main Line","category":"rail","osm_type":"way","osm_id":"804407123","operator":"Network Rail","ref":"ECM7"}},{"type":"Feature","geometry":{"type":"LineString","coordinates":[[-1.6561,55.11691],[-1.65617,55.11707]]},"properties":{"name":"East Coast Main Line","category":"rail","osm_type":"way","osm_id":"804407124","operator":"Network Rail","ref":"ECM7"}},{"type":"Feature","geometry":{"type":"LineString","coordinates":[[-1.65603,55.11692],[-1.65524,55.11503]]},"properties":{"name":"East Coast Main Line","category":"rail","osm_type":"way","osm_id":"804407125","operator":"Network Rail","ref":"ECM7"}},{"type":"Feature","geometry":{"type":"LineString","coordinates":[[-1.65611,55.11708],[-1.65603,55.11692]]},"properties":{"name":"East Coast Main Line","category":"rail","osm_type":"way","osm_id":"804407126","operator":"Network Rail","ref":"ECM7"}},{"type":"Feature","geometry":{"type":"LineString","coordinates":[[-1.65654,55.11813],[-1.65611,55.11708]]},"properties":{"name":"East Coast Main Line","category":"rail","osm_type":"way","osm_id":"804407127","operator":"Network Rail","ref":"ECM7"}},{"type":"Feature","geometry":{"type":"LineString","coordinates":[[-1.6566,55.11812],[-1.66194,55.12985],[-1.66906,55.14005],[-1.67241,55.1444],[-1.68527,55.1574]]},"properties":{"name":"East Coast Main Line","category":"rail","osm_type":"way","osm_id":"804407128","operator":"Network Rail","ref":"ECM7"}},{"type":"Feature","geometry":{"type":"LineString","coordinates":[[-1.65531,55.11502],[-1.6561,55.11691]]},"properties":{"name":"East Coast Main Line","category":"rail","osm_type":"way","osm_id":"804407129","operator":"Network Rail","ref":"ECM7"}},{"type":"Feature","geometry":{"type":"LineString","coordinates":[[-1.65524,55.11503],[-1.65312,55.11053],[-1.65114,55.10819]]},"properties":{"name":"East Coast Main Line","category":"rail","osm_type":"way","osm_id":"804407130","operator":"Network Rail","ref":"ECM7"}},{"type":"Feature","geometry":{"type":"LineString","coordinates":[[-1.52765,55.10784],[-1.52394,55.10272]]},"properties":{"name":"Blyth and Tyne Line","category":"rail","osm_type":"way","osm_id":"813401966","operator":"Network Rail","ref":"EJM"}},{"type":"Feature","geometry":{"type":"LineString","coordinates":[[-1.55403,55.12205],[-1.54985,55.11987],[-1.53638,55.11523],[-1.53088,55.11173]]},"properties":{"name":"Blyth and Tyne Line","category":"rail","osm_type":"way","osm_id":"813401967","operator":"Network Rail","ref":"EJM"}},{"type":"Feature","geometry":{"type":"LineString","coordinates":[[-1.52271,55.20205],[-1.52319,55.20235]]},"properties":{"name":"Railways","category":"rail","osm_type":"way","osm_id":"813401969"}},{"type":"Feature","geometry":{"type":"LineString","coordinates":[[-1.52351,55.20263],[-1.52577,55.20467],[-1.5322,55.20896]]},"properties":{"name":"Railways","category":"rail","osm_type":"way","osm_id":"813401970"}},{"type":"Feature","geometry":{"type":"LineString","coordinates":[[-1.52333,55.2025],[-1.52351,55.20263]]},"properties":{"name":"Railways","category":"rail","osm_type":"way","osm_id":"813401971"}},{"type":"Feature","geometry":{"type":"LineString","coordinates":[[-1.52333,55.2025],[-1.52158,55.20083],[-1.52119,55.19858],[-1.5256,55.19304]]},"properties":{"name":"Blyth and Tyne Line","category":"rail","osm_type":"way","osm_id":"813401972","ref":"BWC"}},{"type":"Feature","geometry":{"type":"LineString","coordinates":[[-1.52404,55.19482],[-1.52367,55.19531]]},"properties":{"name":"Railways","category":"rail","osm_type":"way","osm_id":"813401974"}},{"type":"Feature","geometry":{"type":"LineString","coordinates":[[-1.56779,55.13964],[-1.56826,55.14006]]},"properties":{"name":"Blyth and Tyne Line","category":"rail","osm_type":"way","osm_id":"813401980","operator":"Network Rail","ref":"EJM"}},{"type":"Feature","geometry":{"type":"LineString","coordinates":[[-1.52585,55.19276],[-1.52808,55.19034],[-1.53049,55.18909],[-1.53376,55.18845],[-1.53853,55.18857]]},"properties":{"name":"Blyth and Tyne Line","category":"rail","osm_type":"way","osm_id":"813401981","ref":"BWC"}},{"type":"Feature","geometry":{"type":"LineString","coordinates":[[-1.5256,55.19304],[-1.52585,55.19276]]},"properties":{"name":"Blyth and Tyne Line","category":"rail","osm_type":"way","osm_id":"813401982","ref":"BWC"}},{"type":"Feature","geometry":{"type":"LineString","coordinates":[[-1.55078,55.18823],[-1.56883,55.18737],[-1.57212,55.18599],[-1.57321,55.18352]]},"properties":{"name":"Blyth and Tyne Line","category":"rail","osm_type":"way","osm_id":"813401983","operator":"Network Rail","ref":"BWC"}},{"type":"Feature","geometry":{"type":"LineString","coordinates":[[-1.53853,55.18857],[-1.53885,55.18858]]},"properties":{"name":"Blyth and Tyne Line","category":"rail","osm_type":"way","osm_id":"813401984","ref":"BWC"}},{"type":"Feature","geometry":{"type":"LineString","coordinates":[[-1.56736,55.16137],[-1.56933,55.15448]]},"properties":{"name":"Blyth and Tyne Line","category":"rail","osm_type":"way","osm_id":"813401985","operator":"Network Rail","ref":"BWC"}},{"type":"Feature","geometry":{"type":"LineString","coordinates":[[-1.56555,55.16726],[-1.5664,55.16427]]},"properties":{"name":"Blyth and Tyne Line","category":"rail","osm_type":"way","osm_id":"813401986","operator":"Network Rail","ref":"BWC"}},{"type":"Feature","geometry":{"type":"LineString","coordinates":[[-1.5684,55.14016],[-1.56634,55.1384]]},"properties":{"name":"Blyth and Tyne Line","category":"rail","osm_type":"way","osm_id":"813401987","operator":"Network Rail","ref":"EJM"}},{"type":"Feature","geometry":{"type":"LineString","coordinates":[[-1.57104,55.14824],[-1.57119,55.14775]]},"properties":{"name":"Blyth and Tyne Line","category":"rail","osm_type":"way","osm_id":"813401988","operator":"Network Rail","ref":"BWC"}},{"type":"Feature","geometry":{"type":"LineString","coordinates":[[-1.55877,55.12756],[-1.55455,55.12243]]},"properties":{"name":"Blyth and Tyne Line","category":"rail","osm_type":"way","osm_id":"813401989","operator":"Network Rail","ref":"EJM"}},{"type":"Feature","geometry":{"type":"LineString","coordinates":[[-1.55455,55.12243],[-1.55403,55.12205]]},"properties":{"name":"Blyth and Tyne Line","category":"rail","osm_type":"way","osm_id":"813401990","operator":"Network Rail","ref":"EJM"}},{"type":"Feature","geometry":{"type":"LineString","coordinates":[[-1.56366,55.13502],[-1.56486,55.13666]]},"properties":{"name":"Blyth and Tyne Line","category":"rail","osm_type":"way","osm_id":"813401991","operator":"Network Rail","ref":"EJM"}},{"type":"Feature","geometry":{"type":"MultiLineString","coordinates":[[[-1.56366,55.13502],[-1.56321,55.13436]],[[-1.56289,55.1339],[-1.56221,55.13291]]]},"properties":{"name":"Blyth and Tyne Line","category":"rail","osm_type":"way","osm_id":"813401992","operator":"Network Rail","ref":"EJM"}},{"type":"Feature","geometry":{"type":"LineString","coordinates":[[-1.57312,55.18318],[-1.571,55.17986]]},"properties":{"name":"Blyth and Tyne Line","category":"rail","osm_type":"way","osm_id":"813401993","operator":"Network Rail","ref":"BWC"}},{"type":"Feature","geometry":{"type":"LineString","coordinates":[[-1.57321,55.18352],[-1.57312,55.18318]]},"properties":{"name":"Blyth and Tyne Line","category":"rail","osm_type":"way","osm_id":"813401994","operator":"Network Rail","ref":"BWC"}},{"type":"Feature","geometry":{"type":"LineString","coordinates":[[-1.50186,55.13076],[-1.50401,55.13187]]},"properties":{"name":"Railways","category":"rail","osm_type":"way","osm_id":"817649179"}},{"type":"Feature","geometry":{"type":"LineString","coordinates":[[-1.50831,55.13473],[-1.50582,55.13301]]},"properties":{"name":"Railways","category":"rail","osm_type":"way","osm_id":"817649180"}},{"type":"Feature","geometry":{"type":"LineString","coordinates":[[-1.66912,55.16724],[-1.66805,55.16852]]},"properties":{"name":"Earsdon and Morpeth Line","category":"rail","osm_type":"way","osm_id":"821120982","operator":"Network Rail","ref":"EJM"}},{"type":"Feature","geometry":{"type":"LineString","coordinates":[[-1.67404,55.16456],[-1.67088,55.16601],[-1.66827,55.16818]]},"properties":{"name":"East Coast Main Line","category":"rail","osm_type":"way","osm_id":"821120983","operator":"Network Rail","ref":"ECM7"}},{"type":"Feature","geometry":{"type":"LineString","coordinates":[[-1.67821,55.16353],[-1.67999,55.1632]]},"properties":{"name":"Railways","category":"rail","osm_type":"way","osm_id":"821120984","operator":"Network Rail"}},{"type":"Feature","geometry":{"type":"LineString","coordinates":[[-1.53056,55.19964],[-1.53493,55.19854]]},"properties":{"name":"Railways","category":"rail","osm_type":"way","osm_id":"829955313"}},{"type":"Feature","geometry":{"type":"LineString","coordinates":[[-1.5769,55.14325],[-1.57017,55.14111]]},"properties":{"name":"Blyth and Tyne Line","category":"rail","osm_type":"way","osm_id":"831116397","operator":"Network Rail","ref":"EJM"}},{"type":"Feature","geometry":{"type":"LineString","coordinates":[[-1.57855,55.14355],[-1.57014,55.14113]]},"properties":{"name":"Blyth and Tyne Line","category":"rail","osm_type":"way","osm_id":"831116398","operator":"Network Rail","ref":"EJM"}},{"type":"Feature","geometry":{"type":"LineString","coordinates":[[-1.67024,55.16592],[-1.66967,55.16413],[-1.6663,55.16252]]},"properties":{"name":"Earsdon and Morpeth Line","category":"rail","osm_type":"way","osm_id":"836312621","operator":"Network Rail","ref":"EJM"}},{"type":"Feature","geometry":{"type":"LineString","coordinates":[[-1.67695,55.16308],[-1.67763,55.16307]]},"properties":{"name":"Railways","category":"rail","osm_type":"way","osm_id":"836313684","operator":"Network Rail"}},{"type":"Feature","geometry":{"type":"LineString","coordinates":[[-1.5396,55.15583],[-1.53895,55.15579]]},"properties":{"name":"West Sleekburn and Blyth Branch","category":"rail","osm_type":"way","osm_id":"837953198","ref":"WSB"}},{"type":"Feature","geometry":{"type":"LineString","coordinates":[[-1.56743,55.16137],[-1.5673,55.16033],[-1.56601,55.15903],[-1.56433,55.15836],[-1.56163,55.15815]]},"properties":{"name":"Marcheys House Junction to Winning Crossing Junction Curve","category":"rail","osm_type":"way","osm_id":"837953200","ref":"MWJ"}},{"type":"Feature","geometry":{"type":"LineString","coordinates":[[-1.63452,55.1843],[-1.63246,55.18581]]},"properties":{"name":"East Coast Main Line","category":"rail","osm_type":"way","osm_id":"838947295","operator":"Network Rail","ref":"ECM7"}},{"type":"Feature","geometry":{"type":"LineString","coordinates":[[-1.63468,55.18417],[-1.63452,55.1843]]},"properties":{"name":"East Coast Main Line","category":"rail","osm_type":"way","osm_id":"838947296","operator":"Network Rail","ref":"ECM7"}},{"type":"Feature","geometry":{"type":"LineString","coordinates":[[-1.63463,55.18414],[-1.63737,55.1821]]},"properties":{"name":"East Coast Main Line","category":"rail","osm_type":"way","osm_id":"838947297","operator":"Network Rail","ref":"ECM7"}},{"type":"Feature","geometry":{"type":"LineString","coordinates":[[-1.63446,55.18427],[-1.63463,55.18414]]},"properties":{"name":"East Coast Main Line","category":"rail","osm_type":"way","osm_id":"838947298","operator":"Network Rail","ref":"ECM7"}},{"type":"Feature","geometry":{"type":"LineString","coordinates":[[-1.63742,55.18214],[-1.63468,55.18417]]},"properties":{"name":"East Coast Main Line","category":"rail","osm_type":"way","osm_id":"838947301","operator":"Network Rail","ref":"ECM7"}},{"type":"Feature","geometry":{"type":"LineString","coordinates":[[-1.63752,55.18206],[-1.63742,55.18214]]},"properties":{"name":"East Coast Main Line","category":"rail","osm_type":"way","osm_id":"838947302","operator":"Network Rail","ref":"ECM7"}},{"type":"Feature","geometry":{"type":"LineString","coordinates":[[-1.63747,55.18203],[-1.63808,55.18157]]},"properties":{"name":"East Coast Main Line","category":"rail","osm_type":"way","osm_id":"838947303","operator":"Network Rail","ref":"ECM7"}},{"type":"Feature","geometry":{"type":"LineString","coordinates":[[-1.63737,55.1821],[-1.63747,55.18203]]},"properties":{"name":"East Coast Main Line","category":"rail","osm_type":"way","osm_id":"838947304","operator":"Network Rail","ref":"ECM7"}},{"type":"Feature","geometry":{"type":"LineString","coordinates":[[-1.51045,55.13658],[-1.51861,55.14379]]},"properties":{"name":"Railways","category":"rail","osm_type":"way","osm_id":"846347620"}},{"type":"Feature","geometry":{"type":"LineString","coordinates":[[-1.51043,55.13656],[-1.51045,55.13658]]},"properties":{"name":"Railways","category":"rail","osm_type":"way","osm_id":"846347621"}},{"type":"Feature","geometry":{"type":"LineString","coordinates":[[-1.5396,55.15583],[-1.55215,55.15872],[-1.55607,55.1588],[-1.56264,55.15803]]},"properties":{"name":"West Sleekburn and Blyth Branch","category":"rail","osm_type":"way","osm_id":"846347628","ref":"WSB"}},{"type":"Feature","geometry":{"type":"LineString","coordinates":[[-1.525,55.15209],[-1.52742,55.15407],[-1.5301,55.15502],[-1.54185,55.15621],[-1.55153,55.15867],[-1.55608,55.15883],[-1.56265,55.15806]]},"properties":{"name":"West Sleekburn and Blyth Branch","category":"rail","osm_type":"way","osm_id":"846347631","ref":"WSB"}},{"type":"Feature","geometry":{"type":"LineString","coordinates":[[-1.51915,55.14424],[-1.5192,55.14429]]},"properties":{"name":"West Sleekburn and Blyth Branch","category":"rail","osm_type":"way","osm_id":"846347632","ref":"WSB"}},{"type":"Feature","geometry":{"type":"LineString","coordinates":[[-1.70838,55.03232],[-1.70426,55.02859]]},"properties":{"name":"Metro","category":"light_rail","osm_type":"way","osm_id":"847459342","operator":"Nexus"}},{"type":"Feature","geometry":{"type":"LineString","coordinates":[[-1.52454,55.10348],[-1.52801,55.10826]]},"properties":{"name":"Blyth and Tyne Line","category":"rail","osm_type":"way","osm_id":"857657177","operator":"Network Rail","ref":"EJM"}},{"type":"Feature","geometry":{"type":"LineString","coordinates":[[-1.52454,55.10348],[-1.5243,55.10315]]},"properties":{"name":"Blyth and Tyne Line","category":"rail","osm_type":"way","osm_id":"857657179","operator":"Network Rail","ref":"EJM"}},{"type":"Feature","geometry":{"type":"LineString","coordinates":[[-1.52394,55.10272],[-1.51778,55.09422]]},"properties":{"name":"Blyth and Tyne Line","category":"rail","osm_type":"way","osm_id":"857657180","operator":"Network Rail","ref":"EJM"}},{"type":"Feature","geometry":{"type":"LineString","coordinates":[[-1.54257,55.06333],[-1.53698,55.0588],[-1.52389,55.04493]]},"properties":{"name":"Blyth and Tyne Line","category":"rail","osm_type":"way","osm_id":"857657183","operator":"Network Rail","ref":"EJM"}},{"type":"Feature","geometry":{"type":"LineString","coordinates":[[-1.57184,55.14562],[-1.57191,55.14375],[-1.57119,55.14219]]},"properties":{"name":"Blyth and Tyne Line","category":"rail","osm_type":"way","osm_id":"858067832","operator":"Network Rail","ref":"BWC"}},{"type":"Feature","geometry":{"type":"LineString","coordinates":[[-1.52801,55.10826],[-1.53093,55.11171]]},"properties":{"name":"Blyth and Tyne Line","category":"rail","osm_type":"way","osm_id":"858067833","operator":"Network Rail","ref":"EJM"}},{"type":"Feature","geometry":{"type":"LineString","coordinates":[[-1.53088,55.11173],[-1.52765,55.10784]]},"properties":{"name":"Blyth and Tyne Line","category":"rail","osm_type":"way","osm_id":"858067834","operator":"Network Rail","ref":"EJM"}},{"type":"Feature","geometry":{"type":"LineString","coordinates":[[-1.55882,55.12754],[-1.55978,55.12895]]},"properties":{"name":"Blyth and Tyne Line","category":"rail","osm_type":"way","osm_id":"858067835","operator":"Network Rail","ref":"EJM"}},{"type":"Feature","geometry":{"type":"LineString","coordinates":[[-1.56221,55.13291],[-1.56042,55.12998]]},"properties":{"name":"Blyth and Tyne Line","category":"rail","osm_type":"way","osm_id":"858067836","operator":"Network Rail","ref":"EJM"}},{"type":"Feature","geometry":{"type":"LineString","coordinates":[[-1.68278,55.16243],[-1.68378,55.16216]]},"properties":{"name":"East Coast Main Line","category":"rail","osm_type":"way","osm_id":"865658082","operator":"Network Rail","ref":"ECM7"}},{"type":"Feature","geometry":{"type":"LineString","coordinates":[[-1.68381,55.16219],[-1.68281,55.16246]]},"properties":{"name":"East Coast Main Line","category":"rail","osm_type":"way","osm_id":"865658083","operator":"Network Rail","ref":"ECM7"}},{"type":"Feature","geometry":{"type":"LineString","coordinates":[[-1.66777,55.16894],[-1.66765,55.16909]]},"properties":{"name":"East Coast Main Line","category":"rail","osm_type":"way","osm_id":"865699768","operator":"Network Rail","ref":"ECM7"}},{"type":"Feature","geometry":{"type":"LineString","coordinates":[[-1.67974,55.16315],[-1.67957,55.16319]]},"properties":{"name":"East Coast Main Line","category":"rail","osm_type":"way","osm_id":"865699769","operator":"Network Rail","ref":"ECM7"}},{"type":"Feature","geometry":{"type":"LineString","coordinates":[[-1.63302,55.39025],[-1.63364,55.39071]]},"properties":{"name":"Up Passenger Loop","category":"rail","osm_type":"way","osm_id":"866021613","operator":"Network Rail","ref":"ECM7"}},{"type":"Feature","geometry":{"type":"LineString","coordinates":[[-1.62248,55.37363],[-1.62246,55.37356]]},"properties":{"name":"East Coast Main Line","category":"rail","osm_type":"way","osm_id":"866021614","operator":"Network Rail","ref":"ECM7"}},{"type":"Feature","geometry":{"type":"LineString","coordinates":[[-1.62251,55.37355],[-1.62253,55.37363]]},"properties":{"name":"East Coast Main Line","category":"rail","osm_type":"way","osm_id":"866021615","operator":"Network Rail","ref":"ECM7"}},{"type":"Feature","geometry":{"type":"LineString","coordinates":[[-1.62247,55.3734],[-1.62251,55.37355]]},"properties":{"name":"East Coast Main Line","category":"rail","osm_type":"way","osm_id":"866021616","operator":"Network Rail","ref":"ECM7"}},{"type":"Feature","geometry":{"type":"LineString","coordinates":[[-1.62246,55.37356],[-1.62242,55.3734]]},"properties":{"name":"East Coast Main Line","category":"rail","osm_type":"way","osm_id":"866021617","operator":"Network Rail","ref":"ECM7"}},{"type":"Feature","geometry":{"type":"LineString","coordinates":[[-1.63982,55.34514],[-1.63987,55.34506]]},"properties":{"name":"East Coast Main Line","category":"rail","osm_type":"way","osm_id":"866021618","operator":"Network Rail","ref":"ECM7"}},{"type":"Feature","geometry":{"type":"LineString","coordinates":[[-1.63992,55.34507],[-1.63987,55.34515]]},"properties":{"name":"East Coast Main Line","category":"rail","osm_type":"way","osm_id":"866021619","operator":"Network Rail","ref":"ECM7"}},{"type":"Feature","geometry":{"type":"LineString","coordinates":[[-1.64994,55.33502],[-1.6429,55.34112],[-1.63992,55.34507]]},"properties":{"name":"East Coast Main Line","category":"rail","osm_type":"way","osm_id":"866021620","operator":"Network Rail","ref":"ECM7"}},{"type":"Feature","geometry":{"type":"LineString","coordinates":[[-1.63987,55.34506],[-1.64332,55.34063],[-1.6499,55.335]]},"properties":{"name":"East Coast Main Line","category":"rail","osm_type":"way","osm_id":"866021621","operator":"Network Rail","ref":"ECM7"}},{"type":"Feature","geometry":{"type":"LineString","coordinates":[[-1.62395,55.42321],[-1.62467,55.4208]]},"properties":{"name":"East Coast Main Line","category":"rail","osm_type":"way","osm_id":"866057772","operator":"Network Rail","ref":"ECM7"}},{"type":"Feature","geometry":{"type":"LineString","coordinates":[[-1.62473,55.42081],[-1.624,55.42321]]},"properties":{"name":"East Coast Main Line","category":"rail","osm_type":"way","osm_id":"866057773","operator":"Network Rail","ref":"ECM7"}},{"type":"Feature","geometry":{"type":"LineString","coordinates":[[-1.62491,55.42019],[-1.62473,55.42081]]},"properties":{"name":"East Coast Main Line","category":"rail","osm_type":"way","osm_id":"866057774","operator":"Network Rail","ref":"ECM7"}},{"type":"Feature","geometry":{"type":"LineString","coordinates":[[-1.62467,55.4208],[-1.62486,55.42018]]},"properties":{"name":"East Coast Main Line","category":"rail","osm_type":"way","osm_id":"866057775","operator":"Network Rail","ref":"ECM7"}},{"type":"Feature","geometry":{"type":"LineString","coordinates":[[-1.62493,55.42012],[-1.62491,55.42019]]},"properties":{"name":"East Coast Main Line","category":"rail","osm_type":"way","osm_id":"866057776","operator":"Network Rail","ref":"ECM7"}},{"type":"Feature","geometry":{"type":"LineString","coordinates":[[-1.62486,55.42018],[-1.62488,55.42011]]},"properties":{"name":"East Coast Main Line","category":"rail","osm_type":"way","osm_id":"866057777","operator":"Network Rail","ref":"ECM7"}},{"type":"Feature","geometry":{"type":"LineString","coordinates":[[-1.62249,55.42811],[-1.62395,55.42321]]},"properties":{"name":"East Coast Main Line","category":"rail","osm_type":"way","osm_id":"866057778","operator":"Network Rail","ref":"ECM7"}},{"type":"Feature","geometry":{"type":"LineString","coordinates":[[-1.624,55.42321],[-1.62254,55.42811]]},"properties":{"name":"East Coast Main Line","category":"rail","osm_type":"way","osm_id":"866057779","operator":"Network Rail","ref":"ECM7"}},{"type":"Feature","geometry":{"type":"LineString","coordinates":[[-1.55159,55.19614],[-1.55109,55.196]]},"properties":{"name":"Railways","category":"narrow_gauge","osm_type":"way","osm_id":"930168771"}},{"type":"Feature","geometry":{"type":"LineString","coordinates":[[-1.55003,55.18974],[-1.54927,55.18977]]},"properties":{"name":"Railways","category":"narrow_gauge","osm_type":"way","osm_id":"930168774"}},{"type":"Feature","geometry":{"type":"LineString","coordinates":[[-1.54977,55.18976],[-1.54929,55.18979]]},"properties":{"name":"Railways","category":"narrow_gauge","osm_type":"way","osm_id":"930168775"}},{"type":"Feature","geometry":{"type":"LineString","coordinates":[[-1.68204,55.40381],[-1.68307,55.40387]]},"properties":{"name":"Aln Valley Railway","category":"rail","osm_type":"way","osm_id":"941409423","operator":"Aln Valley Railway"}},{"type":"Feature","geometry":{"type":"LineString","coordinates":[[-1.51791,55.03844],[-1.51657,55.03651],[-1.51666,55.03533]]},"properties":{"name":"Blyth and Tyne Line","category":"rail","osm_type":"way","osm_id":"943225511","operator":"Network Rail","ref":"BNE"}},{"type":"Feature","geometry":{"type":"LineString","coordinates":[[-1.67859,55.16312],[-1.67476,55.16272],[-1.66768,55.1592],[-1.65875,55.15645]]},"properties":{"name":"Blyth and Tyne Line","category":"rail","osm_type":"way","osm_id":"943232990","operator":"Network Rail","ref":"HJM"}},{"type":"Feature","geometry":{"type":"LineString","coordinates":[[-1.67704,55.1633],[-1.67466,55.16279]]},"properties":{"name":"Railways","category":"rail","osm_type":"way","osm_id":"943232991","operator":"Network Rail"}},{"type":"Feature","geometry":{"type":"LineString","coordinates":[[-1.56917,55.15527],[-1.57111,55.14825]]},"properties":{"name":"Blyth and Tyne Line","category":"rail","osm_type":"way","osm_id":"943234058","operator":"Network Rail","ref":"BWC"}},{"type":"Feature","geometry":{"type":"LineString","coordinates":[[-1.5664,55.16427],[-1.56722,55.1619]]},"properties":{"name":"Blyth and Tyne Line","category":"rail","osm_type":"way","osm_id":"943235080","operator":"Network Rail","ref":"BWC"}},{"type":"Feature","geometry":{"type":"LineString","coordinates":[[-1.66183,55.39647],[-1.65897,55.39654]]},"properties":{"name":"Aln Valley Railway","category":"rail","osm_type":"way","osm_id":"954404258","operator":"Aln Valley Railway","ref":"ACK"}},{"type":"Feature","geometry":{"type":"LineString","coordinates":[[-1.65931,55.3965],[-1.66016,55.39645]]},"properties":{"name":"Aln Valley Railway","category":"rail","osm_type":"way","osm_id":"954599350","operator":"Aln Valley Railway"}},{"type":"Feature","geometry":{"type":"LineString","coordinates":[[-1.43505,55.00018],[-1.43603,55.00052]]},"properties":{"name":"Railways","category":"light_rail","osm_type":"way","osm_id":"958825665","operator":"Nexus"}},{"type":"Feature","geometry":{"type":"LineString","coordinates":[[-1.43509,55.00013],[-1.43609,55.00049]]},"properties":{"name":"Railways","category":"light_rail","osm_type":"way","osm_id":"958825666","operator":"Nexus"}},{"type":"Feature","geometry":{"type":"LineString","coordinates":[[-1.54046,55.02404],[-1.51795,55.03404]]},"properties":{"name":"Metro","category":"light_rail","osm_type":"way","osm_id":"967564862","operator":"Nexus"}},{"type":"Feature","geometry":{"type":"LineString","coordinates":[[-1.52271,55.03188],[-1.54039,55.02403]]},"properties":{"name":"Metro","category":"light_rail","osm_type":"way","osm_id":"967564863","operator":"Nexus"}},{"type":"Feature","geometry":{"type":"LineString","coordinates":[[-1.51432,55.03579],[-1.52271,55.03188]]},"properties":{"name":"Metro","category":"light_rail","osm_type":"way","osm_id":"967564864","operator":"Nexus"}},{"type":"Feature","geometry":{"type":"LineString","coordinates":[[-1.51795,55.03404],[-1.51433,55.03582]]},"properties":{"name":"Metro","category":"light_rail","osm_type":"way","osm_id":"967564866","operator":"Nexus","ref":"TMB"}},{"type":"Feature","geometry":{"type":"LineString","coordinates":[[-1.51666,55.03533],[-1.51853,55.0338]]},"properties":{"name":"Blyth and Tyne Line","category":"rail","osm_type":"way","osm_id":"967564867","operator":"Network Rail","ref":"BNE"}},{"type":"Feature","geometry":{"type":"LineString","coordinates":[[-1.55068,55.01906],[-1.54853,55.01974],[-1.5452,55.02192],[-1.5409,55.02384]]},"properties":{"name":"Metro","category":"light_rail","osm_type":"way","osm_id":"967564875","operator":"Nexus"}},{"type":"Feature","geometry":{"type":"LineString","coordinates":[[-1.54086,55.02382],[-1.54517,55.02189],[-1.5485,55.01971],[-1.5508,55.019]]},"properties":{"name":"Metro","category":"light_rail","osm_type":"way","osm_id":"967564876","operator":"Nexus"}},{"type":"Feature","geometry":{"type":"LineString","coordinates":[[-1.5409,55.02384],[-1.54046,55.02404]]},"properties":{"name":"Metro","category":"light_rail","osm_type":"way","osm_id":"967564877","operator":"Nexus"}},{"type":"Feature","geometry":{"type":"LineString","coordinates":[[-1.54039,55.02403],[-1.54086,55.02382]]},"properties":{"name":"Metro","category":"light_rail","osm_type":"way","osm_id":"967564878","operator":"Nexus"}},{"type":"Feature","geometry":{"type":"LineString","coordinates":[[-1.47769,55.03997],[-1.48574,55.03803],[-1.50671,55.03688],[-1.51432,55.03579]]},"properties":{"name":"Metro","category":"light_rail","osm_type":"way","osm_id":"967811543","operator":"Nexus","ref":"TMB"}},{"type":"Feature","geometry":{"type":"LineString","coordinates":[[-1.51433,55.03582],[-1.50733,55.03686],[-1.48667,55.03796],[-1.48262,55.03861],[-1.47771,55.04]]},"properties":{"name":"Metro","category":"light_rail","osm_type":"way","osm_id":"967811544","operator":"Nexus","ref":"TMB"}},{"type":"Feature","geometry":{"type":"LineString","coordinates":[[-1.59996,55.00987],[-1.59904,55.00976]]},"properties":{"name":"Metro","category":"light_rail","osm_type":"way","osm_id":"967845088","operator":"Nexus"}},{"type":"Feature","geometry":{"type":"LineString","coordinates":[[-1.59905,55.00973],[-1.59991,55.00983]]},"properties":{"name":"Metro","category":"light_rail","osm_type":"way","osm_id":"967845089","operator":"Nexus"}},{"type":"Feature","geometry":{"type":"LineString","coordinates":[[-1.68624,55.40226],[-1.68604,55.40245]]},"properties":{"name":"Railways","category":"rail","osm_type":"way","osm_id":"970359715","operator":"Aln Valley Railway"}},{"type":"Feature","geometry":{"type":"LineString","coordinates":[[-1.68617,55.40224],[-1.68598,55.40243]]},"properties":{"name":"Railways","category":"rail","osm_type":"way","osm_id":"970359716","operator":"Aln Valley Railway"}},{"type":"Feature","geometry":{"type":"LineString","coordinates":[[-1.68516,55.40323],[-1.68361,55.40366]]},"properties":{"name":"Railways","category":"rail","osm_type":"way","osm_id":"970359717","operator":"Aln Valley Railway"}},{"type":"Feature","geometry":{"type":"LineString","coordinates":[[-1.68434,55.40355],[-1.68551,55.4027]]},"properties":{"name":"Railways","category":"rail","osm_type":"way","osm_id":"970359718","operator":"Aln Valley Railway"}},{"type":"Feature","geometry":{"type":"LineString","coordinates":[[-1.49247,55.01306],[-1.48937,55.01116]]},"properties":{"name":"North Tyneside Steam Railway","category":"rail","osm_type":"way","osm_id":"1018766315","operator":"North Tyneside Steam Railway"}},{"type":"Feature","geometry":{"type":"LineString","coordinates":[[-1.56743,55.16137],[-1.56917,55.15527]]},"properties":{"name":"Blyth and Tyne Line","category":"rail","osm_type":"way","osm_id":"1022731675","operator":"Network Rail","ref":"BWC"}},{"type":"Feature","geometry":{"type":"LineString","coordinates":[[-1.43673,55.00065],[-1.43769,55.00072]]},"properties":{"name":"Railways","category":"light_rail","osm_type":"way","osm_id":"1025930771"}},{"type":"Feature","geometry":{"type":"LineString","coordinates":[[-1.43691,55.00063],[-1.43734,55.0007]]},"properties":{"name":"Railways","category":"light_rail","osm_type":"way","osm_id":"1025930772"}},{"type":"Feature","geometry":{"type":"LineString","coordinates":[[-1.45531,55.0044],[-1.45379,55.00508]]},"properties":{"name":"Railways","category":"light_rail","osm_type":"way","osm_id":"1030909804","operator":"Nexus"}},{"type":"Feature","geometry":{"type":"LineString","coordinates":[[-1.45563,55.00431],[-1.45389,55.00476]]},"properties":{"name":"Railways","category":"light_rail","osm_type":"way","osm_id":"1030909805","operator":"Nexus"}},{"type":"Feature","geometry":{"type":"LineString","coordinates":[[-1.43384,55.01381],[-1.4318,55.0143]]},"properties":{"name":"Metro","category":"light_rail","osm_type":"way","osm_id":"1054746670","operator":"Nexus"}},{"type":"Feature","geometry":{"type":"LineString","coordinates":[[-1.43178,55.01427],[-1.43382,55.01378]]},"properties":{"name":"Metro","category":"light_rail","osm_type":"way","osm_id":"1054746671","operator":"Nexus"}},{"type":"Feature","geometry":{"type":"LineString","coordinates":[[-1.4318,55.0143],[-1.42992,55.01504]]},"properties":{"name":"Metro","category":"light_rail","osm_type":"way","osm_id":"1054746676","operator":"Nexus"}},{"type":"Feature","geometry":{"type":"LineString","coordinates":[[-1.42964,55.01519],[-1.43178,55.01427]]},"properties":{"name":"Metro","category":"light_rail","osm_type":"way","osm_id":"1054746677","operator":"Nexus"}},{"type":"Feature","geometry":{"type":"LineString","coordinates":[[-1.42992,55.01504],[-1.42886,55.01658],[-1.42986,55.02025]]},"properties":{"name":"Metro","category":"light_rail","osm_type":"way","osm_id":"1054746678","operator":"Nexus"}},{"type":"Feature","geometry":{"type":"LineString","coordinates":[[-1.4298,55.02025],[-1.42873,55.01657],[-1.42964,55.01519]]},"properties":{"name":"Metro","category":"light_rail","osm_type":"way","osm_id":"1054746679","operator":"Nexus"}},{"type":"Feature","geometry":{"type":"LineString","coordinates":[[-1.45687,55.00397],[-1.45278,55.00595]]},"properties":{"name":"Metro","category":"light_rail","osm_type":"way","osm_id":"1054746680","operator":"Nexus"}},{"type":"Feature","geometry":{"type":"LineString","coordinates":[[-1.44945,55.00789],[-1.44857,55.00837]]},"properties":{"name":"Metro","category":"light_rail","osm_type":"way","osm_id":"1054746681","operator":"Nexus"}},{"type":"Feature","geometry":{"type":"LineString","coordinates":[[-1.44853,55.00835],[-1.44941,55.00787]]},"properties":{"name":"Metro","category":"light_rail","osm_type":"way","osm_id":"1054746682","operator":"Nexus"}},{"type":"Feature","geometry":{"type":"LineString","coordinates":[[-1.44941,55.00787],[-1.45232,55.00616]]},"properties":{"name":"Metro","category":"light_rail","osm_type":"way","osm_id":"1054746683","operator":"Nexus"}},{"type":"Feature","geometry":{"type":"LineString","coordinates":[[-1.5192,55.14429],[-1.525,55.15209]]},"properties":{"name":"West Sleekburn and Blyth Branch","category":"rail","osm_type":"way","osm_id":"1083262020","ref":"WSB"}},{"type":"Feature","geometry":{"type":"LineString","coordinates":[[-1.56265,55.15806],[-1.56693,55.15715],[-1.56917,55.15527]]},"properties":{"name":"West Sleekburn and Blyth Branch","category":"rail","osm_type":"way","osm_id":"1083262021","ref":"WSB"}},{"type":"Feature","geometry":{"type":"LineString","coordinates":[[-1.56264,55.15803],[-1.56544,55.15762],[-1.56749,55.15682],[-1.56881,55.15569],[-1.56933,55.15448]]},"properties":{"name":"West Sleekburn and Blyth Branch","category":"rail","osm_type":"way","osm_id":"1083262022","ref":"WSB"}},{"type":"Feature","geometry":{"type":"LineString","coordinates":[[-1.57119,55.14219],[-1.57014,55.14113]]},"properties":{"name":"Blyth and Tyne Line","category":"rail","osm_type":"way","osm_id":"1083262023","operator":"Network Rail","ref":"BWC"}},{"type":"Feature","geometry":{"type":"LineString","coordinates":[[-1.57123,55.14219],[-1.57017,55.14111]]},"properties":{"name":"Blyth and Tyne Line","category":"rail","osm_type":"way","osm_id":"1083262024","operator":"Network Rail","ref":"BWC"}},{"type":"Feature","geometry":{"type":"LineString","coordinates":[[-1.56634,55.1384],[-1.56486,55.13666]]},"properties":{"name":"Blyth and Tyne Line","category":"rail","osm_type":"way","osm_id":"1083262025","operator":"Network Rail","ref":"EJM"}},{"type":"Feature","geometry":{"type":"LineString","coordinates":[[-1.61693,55.01144],[-1.61862,55.01164]]},"properties":{"name":"Gosforth west neck","category":"light_rail","osm_type":"way","osm_id":"1108368565","operator":"Nexus"}},{"type":"Feature","geometry":{"type":"LineString","coordinates":[[-1.60253,55.01005],[-1.60092,55.00996]]},"properties":{"name":"Railways","category":"light_rail","osm_type":"way","osm_id":"1108368579","operator":"Nexus"}},{"type":"Feature","geometry":{"type":"LineString","coordinates":[[-1.60822,55.00591],[-1.60856,55.00515]]},"properties":{"name":"Metro","category":"light_rail","osm_type":"way","osm_id":"1109749503","operator":"Nexus"}},{"type":"Feature","geometry":{"type":"LineString","coordinates":[[-1.58634,55.19933],[-1.58881,55.20308],[-1.59006,55.20965]]},"properties":{"name":"Ashington Junction to Butterwell Junction","category":"rail","osm_type":"way","osm_id":"1113710995","ref":"BWO1"}},{"type":"Feature","geometry":{"type":"LineString","coordinates":[[-1.66051,55.12835],[-1.66084,55.12829]]},"properties":{"name":"Railways","category":"rail","osm_type":"way","osm_id":"1114928503"}},{"type":"Feature","geometry":{"type":"LineString","coordinates":[[-1.6109,55.0],[-1.61044,55.00104]]},"properties":{"name":"Metro","category":"light_rail","osm_type":"way","osm_id":"1117868036","operator":"Nexus"}},{"type":"Feature","geometry":{"type":"LineString","coordinates":[[-1.61039,55.00104],[-1.61085,54.99999]]},"properties":{"name":"Metro","category":"light_rail","osm_type":"way","osm_id":"1117868037","operator":"Nexus"}},{"type":"Feature","geometry":{"type":"LineString","coordinates":[[-1.61008,55.00173],[-1.61039,55.00104]]},"properties":{"name":"Metro","category":"light_rail","osm_type":"way","osm_id":"1117868038","operator":"Nexus"}},{"type":"Feature","geometry":{"type":"LineString","coordinates":[[-1.61044,55.00104],[-1.61013,55.00174]]},"properties":{"name":"Metro","category":"light_rail","osm_type":"way","osm_id":"1117868039","operator":"Nexus"}},{"type":"Feature","geometry":{"type":"LineString","coordinates":[[-1.609,55.00417],[-1.61008,55.00173]]},"properties":{"name":"Metro","category":"light_rail","osm_type":"way","osm_id":"1117868040","operator":"Nexus"}},{"type":"Feature","geometry":{"type":"LineString","coordinates":[[-1.61013,55.00174],[-1.60904,55.00418]]},"properties":{"name":"Metro","category":"light_rail","osm_type":"way","osm_id":"1117868041","operator":"Nexus"}},{"type":"Feature","geometry":{"type":"LineString","coordinates":[[-1.60869,55.00487],[-1.609,55.00417]]},"properties":{"name":"Metro","category":"light_rail","osm_type":"way","osm_id":"1117868042","operator":"Nexus"}},{"type":"Feature","geometry":{"type":"LineString","coordinates":[[-1.60904,55.00418],[-1.60873,55.00487]]},"properties":{"name":"Metro","category":"light_rail","osm_type":"way","osm_id":"1117868043","operator":"Nexus"}},{"type":"Feature","geometry":{"type":"LineString","coordinates":[[-1.60856,55.00515],[-1.60869,55.00487]]},"properties":{"name":"Metro","category":"light_rail","osm_type":"way","osm_id":"1117868044","operator":"Nexus"}},{"type":"Feature","geometry":{"type":"LineString","coordinates":[[-1.60873,55.00487],[-1.60826,55.00592]]},"properties":{"name":"Metro","category":"light_rail","osm_type":"way","osm_id":"1117868045","operator":"Nexus"}},{"type":"Feature","geometry":{"type":"LineString","coordinates":[[-1.60782,55.00682],[-1.60822,55.00591]]},"properties":{"name":"Metro","category":"light_rail","osm_type":"way","osm_id":"1117868046","operator":"Nexus"}},{"type":"Feature","geometry":{"type":"LineString","coordinates":[[-1.60826,55.00592],[-1.60787,55.00683]]},"properties":{"name":"Metro","category":"light_rail","osm_type":"way","osm_id":"1117868047","operator":"Nexus"}},{"type":"Feature","geometry":{"type":"LineString","coordinates":[[-1.52473,55.04574],[-1.53705,55.05879],[-1.54185,55.06274]]},"properties":{"name":"Blyth and Tyne Line","category":"rail","osm_type":"way","osm_id":"1155843294","operator":"Network Rail","ref":"EJM"}},{"type":"Feature","geometry":{"type":"LineString","coordinates":[[-1.51785,55.09421],[-1.5243,55.10315]]},"properties":{"name":"Blyth and Tyne Line","category":"rail","osm_type":"way","osm_id":"1155843297","operator":"Network Rail","ref":"EJM"}},{"type":"Feature","geometry":{"type":"LineString","coordinates":[[-1.5443,55.06612],[-1.54331,55.06384]]},"properties":{"name":"Blyth and Tyne Line","category":"rail","osm_type":"way","osm_id":"1155995905","operator":"Network Rail","ref":"EJM"}},{"type":"Feature","geometry":{"type":"LineString","coordinates":[[-1.54417,55.0682],[-1.54418,55.06808]]},"properties":{"name":"Blyth and Tyne Line","category":"rail","osm_type":"way","osm_id":"1155995906","operator":"Network Rail","ref":"EJM"}},{"type":"Feature","geometry":{"type":"LineString","coordinates":[[-1.55975,55.01373],[-1.55973,55.01491],[-1.55865,55.01623],[-1.55711,55.017],[-1.55463,55.01756]]},"properties":{"name":"Blyth and Tyne Line","category":"rail","osm_type":"way","osm_id":"1185918627","operator":"Network Rail","ref":"BNE"}},{"type":"Feature","geometry":{"type":"LineString","coordinates":[[-1.55463,55.01756],[-1.55452,55.01758]]},"properties":{"name":"Blyth and Tyne Line","category":"rail","osm_type":"way","osm_id":"1185918628","operator":"Network Rail","ref":"BNE"}},{"type":"Feature","geometry":{"type":"LineString","coordinates":[[-1.55461,55.01753],[-1.55862,55.01621],[-1.5595,55.0153],[-1.55975,55.01373]]},"properties":{"name":"Blyth and Tyne Line","category":"rail","osm_type":"way","osm_id":"1185918629","operator":"Network Rail","ref":"BNE"}},{"type":"Feature","geometry":{"type":"LineString","coordinates":[[-1.5545,55.01755],[-1.55461,55.01753]]},"properties":{"name":"Blyth and Tyne Line","category":"rail","osm_type":"way","osm_id":"1185918630","operator":"Network Rail","ref":"BNE"}},{"type":"Feature","geometry":{"type":"LineString","coordinates":[[-1.68491,55.40331],[-1.68531,55.40291]]},"properties":{"name":"Railways","category":"rail","osm_type":"way","osm_id":"1186913768","operator":"Aln Valley Railway"}},{"type":"Feature","geometry":{"type":"LineString","coordinates":[[-1.68526,55.40283],[-1.68467,55.40342]]},"properties":{"name":"Railways","category":"rail","osm_type":"way","osm_id":"1186913769","operator":"Aln Valley Railway"}},{"type":"Feature","geometry":{"type":"LineString","coordinates":[[-1.68712,55.40236],[-1.6873,55.40222]]},"properties":{"name":"Railways","category":"rail","osm_type":"way","osm_id":"1186913770","operator":"Aln Valley Railway"}},{"type":"Feature","geometry":{"type":"LineString","coordinates":[[-1.57291,55.18257],[-1.57223,55.18146]]},"properties":{"name":"BWC","category":"rail","osm_type":"way","osm_id":"1193492275","operator":"Network Rail","ref":"BWC"}},{"type":"Feature","geometry":{"type":"LineString","coordinates":[[-1.57133,55.18028],[-1.571,55.17986]]},"properties":{"name":"BWC","category":"rail","osm_type":"way","osm_id":"1193492277","operator":"Network Rail","ref":"BWC"}},{"type":"Feature","geometry":{"type":"LineString","coordinates":[[-1.55078,55.18825],[-1.53884,55.18861]]},"properties":{"name":"Blyth and Tyne Line","category":"rail","osm_type":"way","osm_id":"1195404482","ref":"BWC"}},{"type":"Feature","geometry":{"type":"LineString","coordinates":[[-1.53885,55.18858],[-1.55078,55.18823]]},"properties":{"name":"Blyth and Tyne Line","category":"rail","osm_type":"way","osm_id":"1195404483","ref":"BWC"}},{"type":"Feature","geometry":{"type":"LineString","coordinates":[[-1.68602,55.40219],[-1.68583,55.40238]]},"properties":{"name":"Railways","category":"rail","osm_type":"way","osm_id":"1200155486","operator":"Aln Valley Railway"}},{"type":"Feature","geometry":{"type":"LineString","coordinates":[[-1.68606,55.40215],[-1.68602,55.40219]]},"properties":{"name":"Railways","category":"rail","osm_type":"way","osm_id":"1200155487","operator":"Aln Valley Railway"}},{"type":"Feature","geometry":{"type":"LineString","coordinates":[[-1.68609,55.40221],[-1.6859,55.4024]]},"properties":{"name":"Railways","category":"rail","osm_type":"way","osm_id":"1200155488","operator":"Aln Valley Railway"}},{"type":"Feature","geometry":{"type":"LineString","coordinates":[[-1.68613,55.40218],[-1.68609,55.40221]]},"properties":{"name":"Railways","category":"rail","osm_type":"way","osm_id":"1200155489","operator":"Aln Valley Railway"}},{"type":"Feature","geometry":{"type":"LineString","coordinates":[[-1.51773,55.09415],[-1.51305,55.0877]]},"properties":{"name":"Blyth and Tyne Line","category":"rail","osm_type":"way","osm_id":"1203159912","operator":"Network Rail","ref":"EJM"}},{"type":"Feature","geometry":{"type":"LineString","coordinates":[[-1.57066,55.17932],[-1.56603,55.172],[-1.56555,55.16726]]},"properties":{"name":"Blyth and Tyne Line","category":"rail","osm_type":"way","osm_id":"1263228924","operator":"Network Rail","ref":"BWC"}},{"type":"Feature","geometry":{"type":"LineString","coordinates":[[-1.67461,55.01382],[-1.67018,55.01414]]},"properties":{"name":"Metro","category":"light_rail","osm_type":"way","osm_id":"1263445620","operator":"Nexus"}},{"type":"Feature","geometry":{"type":"LineString","coordinates":[[-1.67018,55.01414],[-1.66873,55.01424]]},"properties":{"name":"Metro","category":"light_rail","osm_type":"way","osm_id":"1263445621","operator":"Nexus"}},{"type":"Feature","geometry":{"type":"LineString","coordinates":[[-1.71105,55.03505],[-1.71108,55.03515]]},"properties":{"name":"Metro","category":"light_rail","osm_type":"way","osm_id":"1263445623","operator":"Nexus"}},{"type":"Feature","geometry":{"type":"LineString","coordinates":[[-1.571,55.17986],[-1.57066,55.17932]]},"properties":{"name":"Blyth and Tyne Line","category":"rail","osm_type":"way","osm_id":"1286350503","operator":"Network Rail","ref":"BWC"}},{"type":"Feature","geometry":{"type":"LineString","coordinates":[[-1.57316,55.18317],[-1.57152,55.1806]]},"properties":{"name":"Blyth and Tyne Line","category":"rail","osm_type":"way","osm_id":"1286350504","operator":"Network Rail","ref":"BWC"}},{"type":"Feature","geometry":{"type":"LineString","coordinates":[[-1.56722,55.1619],[-1.56736,55.16137]]},"properties":{"name":"Blyth and Tyne Line","category":"rail","osm_type":"way","osm_id":"1289862052","operator":"Network Rail","ref":"BWC"}},{"type":"Feature","geometry":{"type":"LineString","coordinates":[[-1.56743,55.16137],[-1.56718,55.16227]]},"properties":{"name":"Blyth and Tyne Line","category":"rail","osm_type":"way","osm_id":"1289862053","operator":"Network Rail","ref":"BWC"}},{"type":"Feature","geometry":{"type":"LineString","coordinates":[[-1.56933,55.15448],[-1.57104,55.14824]]},"properties":{"name":"Blyth and Tyne Line","category":"rail","osm_type":"way","osm_id":"1289862054","operator":"Network Rail","ref":"BWC"}},{"type":"Feature","geometry":{"type":"LineString","coordinates":[[-1.5178,55.09413],[-1.51785,55.09421]]},"properties":{"name":"Blyth and Tyne Line","category":"rail","osm_type":"way","osm_id":"1329204149","operator":"Network Rail","ref":"EJM"}},{"type":"Feature","geometry":{"type":"LineString","coordinates":[[-1.51778,55.09422],[-1.51773,55.09415]]},"properties":{"name":"Blyth and Tyne Line","category":"rail","osm_type":"way","osm_id":"1329204150","operator":"Network Rail","ref":"EJM"}},{"type":"Feature","geometry":{"type":"LineString","coordinates":[[-1.51853,55.0338],[-1.52032,55.03301]]},"properties":{"name":"Blyth and Tyne Line","category":"rail","osm_type":"way","osm_id":"1329204151","operator":"Network Rail","ref":"BNE"}},{"type":"Feature","geometry":{"type":"LineString","coordinates":[[-1.51865,55.03935],[-1.51791,55.03844]]},"properties":{"name":"Blyth and Tyne Line","category":"rail","osm_type":"way","osm_id":"1329204152","operator":"Network Rail","ref":"BNE"}},{"type":"Feature","geometry":{"type":"LineString","coordinates":[[-1.52389,55.04493],[-1.52473,55.04574]]},"properties":{"name":"Blyth and Tyne Line","category":"rail","osm_type":"way","osm_id":"1329204153","operator":"Network Rail","ref":"EJM"}},{"type":"Feature","geometry":{"type":"LineString","coordinates":[[-1.54185,55.06274],[-1.54257,55.06333]]},"properties":{"name":"Blyth and Tyne Line","category":"rail","osm_type":"way","osm_id":"1329204154","operator":"Network Rail","ref":"EJM"}},{"type":"Feature","geometry":{"type":"LineString","coordinates":[[-1.54331,55.06384],[-1.54257,55.06333]]},"properties":{"name":"Blyth and Tyne Line","category":"rail","osm_type":"way","osm_id":"1329204155","operator":"Network Rail","ref":"EJM"}},{"type":"Feature","geometry":{"type":"LineString","coordinates":[[-1.54418,55.06808],[-1.5443,55.06612]]},"properties":{"name":"Blyth and Tyne Line","category":"rail","osm_type":"way","osm_id":"1329204156","operator":"Network Rail","ref":"EJM"}},{"type":"Feature","geometry":{"type":"LineString","coordinates":[[-1.51185,55.08484],[-1.51282,55.08405],[-1.51488,55.08348]]},"properties":{"name":"Blyth and Tyne Line","category":"rail","osm_type":"way","osm_id":"1329204157","operator":"Network Rail","ref":"EJM"}},{"type":"Feature","geometry":{"type":"LineString","coordinates":[[-1.51217,55.08645],[-1.51185,55.08484]]},"properties":{"name":"Blyth and Tyne Line","category":"rail","osm_type":"way","osm_id":"1329204158","operator":"Network Rail","ref":"EJM"}},{"type":"Feature","geometry":{"type":"LineString","coordinates":[[-1.51305,55.0877],[-1.51284,55.08732]]},"properties":{"name":"Blyth and Tyne Line","category":"rail","osm_type":"way","osm_id":"1329204159","operator":"Network Rail","ref":"EJM"}},{"type":"Feature","geometry":{"type":"LineString","coordinates":[[-1.56042,55.12998],[-1.55877,55.12756]]},"properties":{"name":"Blyth and Tyne Line","category":"rail","osm_type":"way","osm_id":"1329204160","operator":"Network Rail","ref":"EJM"}},{"type":"Feature","geometry":{"type":"LineString","coordinates":[[-1.56605,55.13801],[-1.56371,55.13501]]},"properties":{"name":"Blyth and Tyne Line","category":"rail","osm_type":"way","osm_id":"1329204161","operator":"Network Rail","ref":"EJM"}},{"type":"Feature","geometry":{"type":"LineString","coordinates":[[-1.57017,55.14111],[-1.56605,55.13801]]},"properties":{"name":"Blyth and Tyne Line","category":"rail","osm_type":"way","osm_id":"1329204162","operator":"Network Rail","ref":"EJM"}},{"type":"Feature","geometry":{"type":"LineString","coordinates":[[-1.57014,55.14113],[-1.5684,55.14016]]},"properties":{"name":"Blyth and Tyne Line","category":"rail","osm_type":"way","osm_id":"1329204163","operator":"Network Rail","ref":"EJM"}},{"type":"Feature","geometry":{"type":"LineString","coordinates":[[-1.57126,55.14776],[-1.57195,55.14535]]},"properties":{"name":"Blyth and Tyne Line","category":"rail","osm_type":"way","osm_id":"1329204164","operator":"Network Rail","ref":"BWC"}},{"type":"Feature","geometry":{"type":"LineString","coordinates":[[-1.57119,55.14775],[-1.57184,55.14562]]},"properties":{"name":"Blyth and Tyne Line","category":"rail","osm_type":"way","osm_id":"1329204165","operator":"Network Rail","ref":"BWC"}},{"type":"Feature","geometry":{"type":"LineString","coordinates":[[-1.57133,55.18028],[-1.5709,55.17961]]},"properties":{"name":"Blyth and Tyne Line","category":"rail","osm_type":"way","osm_id":"1329204166","operator":"Network Rail","ref":"BWC"}},{"type":"Feature","geometry":{"type":"LineString","coordinates":[[-1.57223,55.18146],[-1.57152,55.1806]]},"properties":{"name":"BWC","category":"rail","osm_type":"way","osm_id":"1329204167","operator":"Network Rail","ref":"BWC"}},{"type":"Feature","geometry":{"type":"LineString","coordinates":[[-1.51488,55.08348],[-1.53638,55.07605],[-1.54256,55.07164],[-1.54381,55.06988],[-1.54417,55.0682]]},"properties":{"name":"Blyth and Tyne Line","category":"rail","osm_type":"way","osm_id":"1340829262","operator":"Network Rail","ref":"EJM"}},{"type":"Feature","geometry":{"type":"LineString","coordinates":[[-1.57152,55.1806],[-1.57133,55.18028]]},"properties":{"name":"Blyth and Tyne Line","category":"rail","osm_type":"way","osm_id":"1359860307","operator":"Network Rail","ref":"BWC"}},{"type":"Feature","geometry":{"type":"LineString","coordinates":[[-1.51284,55.08732],[-1.51217,55.08645]]},"properties":{"name":"Blyth and Tyne Line","category":"rail","osm_type":"way","osm_id":"1359860308","operator":"Network Rail","ref":"EJM"}},{"type":"Feature","geometry":{"type":"LineString","coordinates":[[-1.52389,55.04493],[-1.51865,55.03935]]},"properties":{"name":"Blyth and Tyne Line","category":"rail","osm_type":"way","osm_id":"1359860309","operator":"Network Rail","ref":"EJM"}},{"type":"Feature","geometry":{"type":"LineString","coordinates":[[-1.55875,55.01092],[-1.55985,55.01368]]},"properties":{"name":"East Coast Main Line","category":"rail","osm_type":"way","osm_id":"1361861383","operator":"Network Rail","ref":"ECM7"}},{"type":"Feature","geometry":{"type":"LineString","coordinates":[[-1.61418,55.0111],[-1.61302,55.01096]]},"properties":{"name":"Oil neck","category":"light_rail","osm_type":"way","osm_id":"1544916598","operator":"Nexus"}},{"type":"Feature","geometry":{"type":"LineString","coordinates":[[-1.61484,55.01118],[-1.61418,55.0111]]},"properties":{"name":"Railways","category":"light_rail","osm_type":"way","osm_id":"1544916599","operator":"Nexus"}},{"type":"Feature","geometry":{"type":"LineString","coordinates":[[-1.61947,55.0117],[-1.61867,55.01167]]},"properties":{"name":"Railways","category":"light_rail","osm_type":"way","osm_id":"1544916600","operator":"Nexus"}},{"type":"Feature","geometry":{"type":"LineString","coordinates":[[-1.61693,55.01144],[-1.61383,55.01141]]},"properties":{"name":"Railways","category":"light_rail","osm_type":"way","osm_id":"1544916612","operator":"Nexus"}},{"type":"Feature","geometry":{"type":"LineString","coordinates":[[-1.60092,55.00993],[-1.60486,55.01028]]},"properties":{"name":"Gosforth east reception","category":"light_rail","osm_type":"way","osm_id":"1544916613","operator":"Nexus"}},{"type":"Feature","geometry":{"type":"LineString","coordinates":[[-1.61098,55.01165],[-1.60702,55.01109]]},"properties":{"name":"Railways","category":"light_rail","osm_type":"way","osm_id":"1544916618","operator":"Nexus"}},{"type":"Feature","geometry":{"type":"LineString","coordinates":[[-1.61148,55.01167],[-1.60661,55.01093]]},"properties":{"name":"Railways","category":"light_rail","osm_type":"way","osm_id":"1544916619","operator":"Nexus"}},{"type":"Feature","geometry":{"type":"LineString","coordinates":[[-1.61094,55.01162],[-1.6072,55.0111]]},"properties":{"name":"Railways","category":"light_rail","osm_type":"way","osm_id":"1544916620","operator":"Nexus"}},{"type":"Feature","geometry":{"type":"LineString","coordinates":[[-1.61222,55.01148],[-1.60674,55.01094]]},"properties":{"name":"Railways","category":"light_rail","osm_type":"way","osm_id":"1544916621","operator":"Nexus"}},{"type":"Feature","geometry":{"type":"LineString","coordinates":[[-1.61222,55.01148],[-1.60674,55.01094]]},"properties":{"name":"Railways","category":"light_rail","osm_type":"way","osm_id":"1544916622","operator":"Nexus"}},{"type":"Feature","geometry":{"type":"LineString","coordinates":[[-1.60619,55.01078],[-1.60674,55.01094]]},"properties":{"name":"Railways","category":"light_rail","osm_type":"way","osm_id":"1544916623","operator":"Nexus"}},{"type":"Feature","geometry":{"type":"LineString","coordinates":[[-1.61383,55.01141],[-1.61222,55.01148]]},"properties":{"name":"Railways","category":"light_rail","osm_type":"way","osm_id":"1544916624","operator":"Nexus"}},{"type":"Feature","geometry":{"type":"LineString","coordinates":[[-1.61222,55.01148],[-1.60671,55.01085]]},"properties":{"name":"Railways","category":"light_rail","osm_type":"way","osm_id":"1544943334","operator":"Nexus"}},{"type":"Feature","geometry":{"type":"LineString","coordinates":[[-1.61227,55.01145],[-1.60671,55.01085]]},"properties":{"name":"Railways","category":"light_rail","osm_type":"way","osm_id":"1544943335","operator":"Nexus"}},{"type":"Feature","geometry":{"type":"LineString","coordinates":[[-1.61227,55.01145],[-1.60626,55.01074]]},"properties":{"name":"Railways","category":"light_rail","osm_type":"way","osm_id":"1544943336","operator":"Nexus"}},{"type":"Feature","geometry":{"type":"LineString","coordinates":[[-1.61329,55.01141],[-1.60915,55.01103]]},"properties":{"name":"Railways","category":"light_rail","osm_type":"way","osm_id":"1544943337","operator":"Nexus"}},{"type":"Feature","geometry":{"type":"LineString","coordinates":[[-1.61362,55.01136],[-1.60911,55.01097]]},"properties":{"name":"Railways","category":"light_rail","osm_type":"way","osm_id":"1544943338","operator":"Nexus"}},{"type":"Feature","geometry":{"type":"LineString","coordinates":[[-1.61362,55.01136],[-1.60915,55.01089]]},"properties":{"name":"Railways","category":"light_rail","osm_type":"way","osm_id":"1544943339","operator":"Nexus"}},{"type":"Feature","geometry":{"type":"LineString","coordinates":[[-1.61364,55.01134],[-1.60918,55.01081]]},"properties":{"name":"Railways","category":"light_rail","osm_type":"way","osm_id":"1544943340","operator":"Nexus"}},{"type":"Feature","geometry":{"type":"LineString","coordinates":[[-1.613,55.01122],[-1.60919,55.01076]]},"properties":{"name":"Railways","category":"light_rail","osm_type":"way","osm_id":"1544943341","operator":"Nexus"}},{"type":"Feature","geometry":{"type":"LineString","coordinates":[[-1.61253,55.01112],[-1.6092,55.01071]]},"properties":{"name":"Railways","category":"light_rail","osm_type":"way","osm_id":"1544943342","operator":"Nexus"}},{"type":"Feature","geometry":{"type":"LineString","coordinates":[[-1.61208,55.01102],[-1.61037,55.0108]]},"properties":{"name":"Railways","category":"light_rail","osm_type":"way","osm_id":"1544943343","operator":"Nexus"}},{"type":"Feature","geometry":{"type":"LineString","coordinates":[[-1.61208,55.01102],[-1.61027,55.01075]]},"properties":{"name":"Railways","category":"light_rail","osm_type":"way","osm_id":"1544943344","operator":"Nexus"}},{"type":"Feature","geometry":{"type":"LineString","coordinates":[[-1.61227,55.01145],[-1.61277,55.01144]]},"properties":{"name":"Railways","category":"light_rail","osm_type":"way","osm_id":"1544943345","operator":"Nexus"}},{"type":"Feature","geometry":{"type":"LineString","coordinates":[[-1.60543,55.01049],[-1.60671,55.01085]]},"properties":{"name":"Railways","category":"light_rail","osm_type":"way","osm_id":"1544943346","operator":"Nexus"}},{"type":"Feature","geometry":{"type":"LineString","coordinates":[[-1.61362,55.01136],[-1.61448,55.01141]]},"properties":{"name":"Railways","category":"light_rail","osm_type":"way","osm_id":"1544943347","operator":"Nexus"}},{"type":"Feature","geometry":{"type":"LineString","coordinates":[[-1.61448,55.01141],[-1.61208,55.01102]]},"properties":{"name":"Railways","category":"light_rail","osm_type":"way","osm_id":"1544943348","operator":"Nexus"}},{"type":"Feature","geometry":{"type":"LineString","coordinates":[[-1.60702,55.01109],[-1.60486,55.01028]]},"properties":{"name":"Railways","category":"light_rail","osm_type":"way","osm_id":"1544943349","operator":"Nexus"}},{"type":"Feature","geometry":{"type":"LineString","coordinates":[[-1.6064,55.01065],[-1.60486,55.01028]]},"properties":{"name":"Railways","category":"light_rail","osm_type":"way","osm_id":"1544943350","operator":"Nexus"}},{"type":"Feature","geometry":{"type":"LineString","coordinates":[[-1.60885,55.01085],[-1.607,55.01064]]},"properties":{"name":"Railways","category":"light_rail","osm_type":"way","osm_id":"1544943351","operator":"Nexus"}},{"type":"Feature","geometry":{"type":"LineString","coordinates":[[-1.60887,55.01078],[-1.60714,55.01057]]},"properties":{"name":"Railways","category":"light_rail","osm_type":"way","osm_id":"1544943352","operator":"Nexus"}},{"type":"Feature","geometry":{"type":"LineString","coordinates":[[-1.60733,55.01082],[-1.60543,55.01049]]},"properties":{"name":"Railways","category":"light_rail","osm_type":"way","osm_id":"1544943353","operator":"Nexus"}},{"type":"Feature","geometry":{"type":"LineString","coordinates":[[-1.6088,55.01099],[-1.60755,55.01085]]},"properties":{"name":"Railways","category":"light_rail","osm_type":"way","osm_id":"1544943354","operator":"Nexus"}},{"type":"Feature","geometry":{"type":"LineString","coordinates":[[-1.61383,55.01141],[-1.6127,55.01153]]},"properties":{"name":"Railways","category":"light_rail","osm_type":"way","osm_id":"1544943390","operator":"Nexus"}},{"type":"Feature","geometry":{"type":"LineString","coordinates":[[-1.60998,55.01072],[-1.60914,55.01062]]},"properties":{"name":"Railways","category":"light_rail","osm_type":"way","osm_id":"1544968977","operator":"Nexus"}},{"type":"Feature","geometry":{"type":"LineString","coordinates":[[-1.61027,55.01075],[-1.60998,55.01072]]},"properties":{"name":"Railways","category":"light_rail","osm_type":"way","osm_id":"1544968978","operator":"Nexus"}},{"type":"Feature","geometry":{"type":"LineString","coordinates":[[-1.60918,55.01081],[-1.60887,55.01078]]},"properties":{"name":"Railways","category":"light_rail","osm_type":"way","osm_id":"1544968979","operator":"Nexus"}},{"type":"Feature","geometry":{"type":"LineString","coordinates":[[-1.60915,55.01089],[-1.60885,55.01085]]},"properties":{"name":"Railways","category":"light_rail","osm_type":"way","osm_id":"1544968980","operator":"Nexus"}},{"type":"Feature","geometry":{"type":"LineString","coordinates":[[-1.60911,55.01097],[-1.60882,55.01093]]},"properties":{"name":"Railways","category":"light_rail","osm_type":"way","osm_id":"1544968981","operator":"Nexus"}},{"type":"Feature","geometry":{"type":"LineString","coordinates":[[-1.60915,55.01103],[-1.6088,55.01099]]},"properties":{"name":"Railways","category":"light_rail","osm_type":"way","osm_id":"1544968982","operator":"Nexus"}},{"type":"Feature","geometry":{"type":"LineString","coordinates":[[-1.60755,55.01085],[-1.60733,55.01082]]},"properties":{"name":"Railways","category":"light_rail","osm_type":"way","osm_id":"1544968983","operator":"Nexus"}},{"type":"Feature","geometry":{"type":"LineString","coordinates":[[-1.60882,55.01093],[-1.60757,55.01079]]},"properties":{"name":"Railways","category":"light_rail","osm_type":"way","osm_id":"1544968984","operator":"Nexus"}},{"type":"Feature","geometry":{"type":"LineString","coordinates":[[-1.607,55.01064],[-1.6067,55.0106]]},"properties":{"name":"Railways","category":"light_rail","osm_type":"way","osm_id":"1544968985","operator":"Nexus"}},{"type":"Feature","geometry":{"type":"LineString","coordinates":[[-1.60757,55.01079],[-1.60664,55.01068]]},"properties":{"name":"Railways","category":"light_rail","osm_type":"way","osm_id":"1544968986","operator":"Nexus"}},{"type":"Feature","geometry":{"type":"LineString","coordinates":[[-1.60664,55.01068],[-1.6064,55.01065]]},"properties":{"name":"Railways","category":"light_rail","osm_type":"way","osm_id":"1544968987","operator":"Nexus"}},{"type":"Feature","geometry":{"type":"LineString","coordinates":[[-1.61223,55.0116],[-1.61148,55.01167]]},"properties":{"name":"Railways","category":"light_rail","osm_type":"way","osm_id":"1544968988","operator":"Nexus"}},{"type":"Feature","geometry":{"type":"LineString","coordinates":[[-1.6127,55.01153],[-1.61223,55.0116]]},"properties":{"name":"Railways","category":"light_rail","osm_type":"way","osm_id":"1544968989","operator":"Nexus"}}]}