{"type":"FeatureCollection","features":[{"type":"Feature","geometry":{"type":"Point","coordinates":[-0.22114,53.9052]},"properties":{"name":"Seaton","category":"substation","osm_type":"way","osm_id":"211330090","operator":"Northern Powergrid"}},{"type":"Feature","geometry":{"type":"Point","coordinates":[-0.82591,53.60594]},"properties":{"name":"Crowle 45047","category":"substation","osm_type":"way","osm_id":"211382690","operator":"YEDL"}},{"type":"Feature","geometry":{"type":"Point","coordinates":[-0.9446,53.68293]},"properties":{"name":"Rawcliffe","category":"substation","osm_type":"way","osm_id":"211382692","operator":"Northern Powergrid"}},{"type":"Feature","geometry":{"type":"Point","coordinates":[-0.69517,53.61898]},"properties":{"name":"Flixborough","category":"substation","osm_type":"way","osm_id":"215491460"}},{"type":"Feature","geometry":{"type":"Point","coordinates":[-0.0958,53.77358]},"properties":{"name":"Burton Pidsea 5620","category":"substation","osm_type":"way","osm_id":"215650701","operator":"YEDL"}},{"type":"Feature","geometry":{"type":"Point","coordinates":[-0.0755,53.57615]},"properties":{"name":"Power infrastructure","category":"substation","osm_type":"way","osm_id":"218337900"}},{"type":"Feature","geometry":{"type":"Point","coordinates":[-0.07584,53.57598]},"properties":{"name":"Grimsby Docks Substation","category":"substation","osm_type":"way","osm_id":"218337904","operator":"Northern Powergrid"}},{"type":"Feature","geometry":{"type":"Point","coordinates":[-0.9074,53.6939]},"properties":{"name":"Guardian Glass","category":"substation","osm_type":"way","osm_id":"218872340","operator":"Northern Powergrid"}},{"type":"Feature","geometry":{"type":"Point","coordinates":[-0.16586,53.57538]},"properties":{"name":"Power infrastructure","category":"substation","osm_type":"way","osm_id":"218939427"}},{"type":"Feature","geometry":{"type":"Point","coordinates":[-0.88648,53.70109]},"properties":{"name":"Goole 3728","category":"substation","osm_type":"way","osm_id":"219125652","operator":"YEDL"}},{"type":"Feature","geometry":{"type":"Point","coordinates":[-0.94432,53.73141]},"properties":{"name":"Power infrastructure","category":"substation","osm_type":"way","osm_id":"219125658"}},{"type":"Feature","geometry":{"type":"Point","coordinates":[-0.12847,53.57496]},"properties":{"name":"Great Coates","category":"substation","osm_type":"way","osm_id":"219468240"}},{"type":"Feature","geometry":{"type":"Point","coordinates":[-0.05986,53.52986]},"properties":{"name":"Power infrastructure","category":"substation","osm_type":"way","osm_id":"223209292"}},{"type":"Feature","geometry":{"type":"Point","coordinates":[-0.84446,53.75342]},"properties":{"name":"Thorpe Road Substation","category":"substation","osm_type":"way","osm_id":"225035547","operator":"YEDL"}},{"type":"Feature","geometry":{"type":"Point","coordinates":[-0.11011,53.58291]},"properties":{"name":"Power infrastructure","category":"substation","osm_type":"way","osm_id":"230391222"}},{"type":"Feature","geometry":{"type":"Point","coordinates":[-0.10476,53.55407]},"properties":{"name":"Power infrastructure","category":"substation","osm_type":"way","osm_id":"231869909","operator":"Franklin College"}},{"type":"Feature","geometry":{"type":"Point","coordinates":[-0.41734,53.83715]},"properties":{"name":"Spark Mill Lane","category":"substation","osm_type":"way","osm_id":"245124500","operator":"Northern Powergrid"}},{"type":"Feature","geometry":{"type":"Point","coordinates":[-0.59328,53.56637]},"properties":{"name":"BOS Main","category":"substation","osm_type":"way","osm_id":"251249821"}},{"type":"Feature","geometry":{"type":"Point","coordinates":[-0.59868,53.56595]},"properties":{"name":"BOS WGR","category":"substation","osm_type":"way","osm_id":"251250266"}},{"type":"Feature","geometry":{"type":"Point","coordinates":[-0.59508,53.56621]},"properties":{"name":"BOS Secondary Ventilation","category":"substation","osm_type":"way","osm_id":"251250415"}},{"type":"Feature","geometry":{"type":"Point","coordinates":[-0.59426,53.56788]},"properties":{"name":"Concast Plant","category":"substation","osm_type":"way","osm_id":"251250416"}},{"type":"Feature","geometry":{"type":"Point","coordinates":[-0.61234,53.57692]},"properties":{"name":"OPP","category":"substation","osm_type":"way","osm_id":"251252266"}},{"type":"Feature","geometry":{"type":"Point","coordinates":[-0.62197,53.59122]},"properties":{"name":"HPM 33","category":"substation","osm_type":"way","osm_id":"251254463"}},{"type":"Feature","geometry":{"type":"Point","coordinates":[-0.61206,53.59362]},"properties":{"name":"DLCO","category":"substation","osm_type":"way","osm_id":"251254464"}},{"type":"Feature","geometry":{"type":"Point","coordinates":[-0.62047,53.58651]},"properties":{"name":"CPS","category":"substation","osm_type":"way","osm_id":"251254639"}},{"type":"Feature","geometry":{"type":"Point","coordinates":[-0.62541,53.58241]},"properties":{"name":"SRM","category":"substation","osm_type":"way","osm_id":"251255330"}},{"type":"Feature","geometry":{"type":"Point","coordinates":[-0.62136,53.59071]},"properties":{"name":"HPM No.1","category":"substation","osm_type":"way","osm_id":"251255983"}},{"type":"Feature","geometry":{"type":"Point","coordinates":[-0.68189,53.57999]},"properties":{"name":"Weymouth Crescent Substation","category":"substation","osm_type":"way","osm_id":"251256487","operator":"Northern Powergrid"}},{"type":"Feature","geometry":{"type":"Point","coordinates":[-0.45346,53.55956]},"properties":{"name":"Wrawby","category":"substation","osm_type":"way","osm_id":"252679945"}},{"type":"Feature","geometry":{"type":"Point","coordinates":[-0.16684,53.58038]},"properties":{"name":"Power infrastructure","category":"substation","osm_type":"way","osm_id":"255443931","addr:city":"Grimsby"}},{"type":"Feature","geometry":{"type":"Point","coordinates":[-0.6424,53.58875]},"properties":{"name":"Station Road","category":"substation","osm_type":"way","osm_id":"256756625"}},{"type":"Feature","geometry":{"type":"Point","coordinates":[-0.62862,53.58749]},"properties":{"name":"HSM 33","category":"substation","osm_type":"way","osm_id":"256757595"}},{"type":"Feature","geometry":{"type":"Point","coordinates":[-0.62895,53.58712]},"properties":{"name":"HSM A","category":"substation","osm_type":"way","osm_id":"256758027"}},{"type":"Feature","geometry":{"type":"Point","coordinates":[-0.24762,53.63617]},"properties":{"name":"Power infrastructure","category":"substation","osm_type":"way","osm_id":"257311354"}},{"type":"Feature","geometry":{"type":"Point","coordinates":[-0.24822,53.63622]},"properties":{"name":"Power infrastructure","category":"substation","osm_type":"way","osm_id":"257311356"}},{"type":"Feature","geometry":{"type":"Point","coordinates":[-0.24894,53.63635]},"properties":{"name":"Power infrastructure","category":"substation","osm_type":"way","osm_id":"257311363"}},{"type":"Feature","geometry":{"type":"Point","coordinates":[-0.24584,53.63572]},"properties":{"name":"Power infrastructure","category":"substation","osm_type":"way","osm_id":"257311364"}},{"type":"Feature","geometry":{"type":"Point","coordinates":[-0.24767,53.63571]},"properties":{"name":"Power infrastructure","category":"substation","osm_type":"way","osm_id":"257311365"}},{"type":"Feature","geometry":{"type":"Point","coordinates":[-0.23771,53.74434]},"properties":{"name":"Yorkshire Water Hull Road Substation","category":"substation","osm_type":"way","osm_id":"259911555"}},{"type":"Feature","geometry":{"type":"Point","coordinates":[-0.65106,53.58499]},"properties":{"name":"Power infrastructure","category":"substation","osm_type":"way","osm_id":"263812527"}},{"type":"Feature","geometry":{"type":"Point","coordinates":[-0.68034,53.59935]},"properties":{"name":"Power infrastructure","category":"substation","osm_type":"way","osm_id":"263812628"}},{"type":"Feature","geometry":{"type":"Point","coordinates":[-0.65566,53.57847]},"properties":{"name":"Power infrastructure","category":"substation","osm_type":"way","osm_id":"263812690"}},{"type":"Feature","geometry":{"type":"Point","coordinates":[-0.66571,53.57366]},"properties":{"name":"West Common Lane nursery","category":"substation","osm_type":"way","osm_id":"264493318"}},{"type":"Feature","geometry":{"type":"Point","coordinates":[-0.68365,53.591]},"properties":{"name":"Berkeley Circus","category":"substation","osm_type":"way","osm_id":"264524008"}},{"type":"Feature","geometry":{"type":"Point","coordinates":[-0.64916,53.58533]},"properties":{"name":"Rowland Road","category":"substation","osm_type":"way","osm_id":"264824126"}},{"type":"Feature","geometry":{"type":"Point","coordinates":[-0.66232,53.58435]},"properties":{"name":"Power infrastructure","category":"substation","osm_type":"way","osm_id":"274859500"}},{"type":"Feature","geometry":{"type":"Point","coordinates":[-0.67299,53.58581]},"properties":{"name":"Axholme Road","category":"substation","osm_type":"way","osm_id":"274860254"}},{"type":"Feature","geometry":{"type":"Point","coordinates":[-0.66319,53.59812]},"properties":{"name":"Power infrastructure","category":"substation","osm_type":"way","osm_id":"286505076"}},{"type":"Feature","geometry":{"type":"Point","coordinates":[-0.66195,53.59851]},"properties":{"name":"Power infrastructure","category":"substation","osm_type":"way","osm_id":"286505453"}},{"type":"Feature","geometry":{"type":"Point","coordinates":[-0.66384,53.59056]},"properties":{"name":"Power infrastructure","category":"substation","osm_type":"way","osm_id":"286505460"}},{"type":"Feature","geometry":{"type":"Point","coordinates":[-0.61586,53.56827]},"properties":{"name":"Emmanuel Rd","category":"substation","osm_type":"way","osm_id":"297818747"}},{"type":"Feature","geometry":{"type":"Point","coordinates":[-0.62241,53.58211]},"properties":{"name":"CMB 33kV","category":"substation","osm_type":"way","osm_id":"297818951"}},{"type":"Feature","geometry":{"type":"Point","coordinates":[-0.62775,53.59015]},"properties":{"name":"Finishing End 6.6kV","category":"substation","osm_type":"way","osm_id":"297819025"}},{"type":"Feature","geometry":{"type":"Point","coordinates":[-0.61656,53.59993]},"properties":{"name":"DLCHP 11kV B","category":"substation","osm_type":"way","osm_id":"297819118"}},{"type":"Feature","geometry":{"type":"Point","coordinates":[-0.5997,53.57376]},"properties":{"name":"MSM 33kV","category":"substation","osm_type":"way","osm_id":"297819243"}},{"type":"Feature","geometry":{"type":"Point","coordinates":[-0.38957,53.78002]},"properties":{"name":"Endike Lane Substation","category":"substation","osm_type":"way","osm_id":"300551321","operator":"Northern Powergrid"}},{"type":"Feature","geometry":{"type":"Point","coordinates":[-0.35923,53.78146]},"properties":{"name":"First Avenue Substation","category":"substation","osm_type":"way","osm_id":"300625538","operator":"Northern Powergrid"}},{"type":"Feature","geometry":{"type":"Point","coordinates":[-0.64662,53.56107]},"properties":{"name":"Power infrastructure","category":"substation","osm_type":"way","osm_id":"301002452"}},{"type":"Feature","geometry":{"type":"Point","coordinates":[-0.39282,53.75717]},"properties":{"name":"County Road North Substation","category":"substation","osm_type":"way","osm_id":"304779361"}},{"type":"Feature","geometry":{"type":"Point","coordinates":[-0.93608,53.63582]},"properties":{"name":"Thorne Farm","category":"plant","osm_type":"way","osm_id":"305438025"}},{"type":"Feature","geometry":{"type":"Point","coordinates":[-0.18903,53.6172]},"properties":{"name":"Power infrastructure","category":"substation","osm_type":"way","osm_id":"307373199"}},{"type":"Feature","geometry":{"type":"Point","coordinates":[-0.14595,53.60094]},"properties":{"name":"Power infrastructure","category":"substation","osm_type":"way","osm_id":"313180501"}},{"type":"Feature","geometry":{"type":"Point","coordinates":[-0.50483,53.54185]},"properties":{"name":"Power infrastructure","category":"substation","osm_type":"way","osm_id":"314338843"}},{"type":"Feature","geometry":{"type":"Point","coordinates":[-0.82422,53.90131]},"properties":{"name":"Thornton Greener Grid Park","category":"plant","osm_type":"way","osm_id":"332532014","operator":"Statkraft Markets GmbH"}},{"type":"Feature","geometry":{"type":"Point","coordinates":[-0.67889,53.5559]},"properties":{"name":"Power infrastructure","category":"substation","osm_type":"way","osm_id":"352172760"}},{"type":"Feature","geometry":{"type":"Point","coordinates":[-0.67787,53.5547]},"properties":{"name":"Power infrastructure","category":"substation","osm_type":"way","osm_id":"352172803"}},{"type":"Feature","geometry":{"type":"Point","coordinates":[-0.57812,53.56461]},"properties":{"name":"Raventhorpe Solar Farm","category":"plant","osm_type":"way","osm_id":"352173386"}},{"type":"Feature","geometry":{"type":"Point","coordinates":[-0.62067,53.58158]},"properties":{"name":"Power infrastructure","category":"substation","osm_type":"way","osm_id":"361488433"}},{"type":"Feature","geometry":{"type":"Point","coordinates":[-0.25464,53.74932]},"properties":{"name":"Hull East Substation","category":"substation","osm_type":"way","osm_id":"376687498","operator":"Northen Power Grid"}},{"type":"Feature","geometry":{"type":"Point","coordinates":[-0.23841,53.74327]},"properties":{"name":"Saltend North Substation","category":"substation","osm_type":"way","osm_id":"376687500","operator":"Northen Power Grid"}},{"type":"Feature","geometry":{"type":"Point","coordinates":[-0.34469,53.76247]},"properties":{"name":"Sculcoates A","category":"substation","osm_type":"way","osm_id":"376687501","ref":"5627"}},{"type":"Feature","geometry":{"type":"Point","coordinates":[-0.35284,53.74605]},"properties":{"name":"Clarendon Street Substation","category":"substation","osm_type":"way","osm_id":"377318528","operator":"Northern Powergrid"}},{"type":"Feature","geometry":{"type":"Point","coordinates":[-0.26597,53.77405]},"properties":{"name":"Holderness Substation","category":"substation","osm_type":"way","osm_id":"377318529","operator":"Northern Powergrid"}},{"type":"Feature","geometry":{"type":"Point","coordinates":[-0.42569,53.77644]},"properties":{"name":"Southwood Road Substation","category":"substation","osm_type":"way","osm_id":"377318531","operator":"Northern Powergrid"}},{"type":"Feature","geometry":{"type":"Point","coordinates":[-0.10772,53.58193]},"properties":{"name":"Power infrastructure","category":"substation","osm_type":"way","osm_id":"377951797","operator":"Northern Powergrid"}},{"type":"Feature","geometry":{"type":"Point","coordinates":[-0.50489,53.54173]},"properties":{"name":"Scawby Brook","category":"substation","osm_type":"way","osm_id":"444336315"}},{"type":"Feature","geometry":{"type":"Point","coordinates":[-0.16492,53.61396]},"properties":{"name":"Power infrastructure","category":"substation","osm_type":"way","osm_id":"464623439"}},{"type":"Feature","geometry":{"type":"Point","coordinates":[-0.15141,53.60319]},"properties":{"name":"Power infrastructure","category":"substation","osm_type":"way","osm_id":"474035586"}},{"type":"Feature","geometry":{"type":"Point","coordinates":[-0.70112,53.6227]},"properties":{"name":"Glanford Power Station","category":"generator","osm_type":"way","osm_id":"483139788","addr:city":"Scunthorpe","addr:postcode":"DN15 8SD"}},{"type":"Feature","geometry":{"type":"Point","coordinates":[-0.26877,53.60642]},"properties":{"name":"Power infrastructure","category":"substation","osm_type":"way","osm_id":"485669396"}},{"type":"Feature","geometry":{"type":"Point","coordinates":[-0.1927,53.61589]},"properties":{"name":"Kings Road Power Station","category":"plant","osm_type":"way","osm_id":"488114092"}},{"type":"Feature","geometry":{"type":"Point","coordinates":[-0.18384,53.61453]},"properties":{"name":"Power infrastructure","category":"generator","osm_type":"way","osm_id":"488114103"}},{"type":"Feature","geometry":{"type":"Point","coordinates":[-0.26186,53.65724]},"properties":{"name":"Hornsea Offshore Wind Farm Substation","category":"substation","osm_type":"way","osm_id":"532708488"}},{"type":"Feature","geometry":{"type":"Point","coordinates":[-0.52291,53.73203]},"properties":{"name":"Power infrastructure","category":"generator","osm_type":"way","osm_id":"544203534"}},{"type":"Feature","geometry":{"type":"Point","coordinates":[-0.44445,53.82475]},"properties":{"name":"Power infrastructure","category":"substation","osm_type":"way","osm_id":"589271505"}},{"type":"Feature","geometry":{"type":"Point","coordinates":[-0.94896,53.92453]},"properties":{"name":"Elvington","category":"substation","osm_type":"way","osm_id":"634227354","operator":"Northern Powergrid"}},{"type":"Feature","geometry":{"type":"Point","coordinates":[-0.8989,53.91809]},"properties":{"name":"Sandhill Lane","category":"substation","osm_type":"way","osm_id":"640678257","operator":"YEDL"}},{"type":"Feature","geometry":{"type":"Point","coordinates":[-0.24508,53.74391]},"properties":{"name":"Hedon Road Substation","category":"substation","osm_type":"way","osm_id":"641987966"}},{"type":"Feature","geometry":{"type":"Point","coordinates":[-0.28549,53.74726]},"properties":{"name":"King George Dock","category":"substation","osm_type":"way","osm_id":"641987969"}},{"type":"Feature","geometry":{"type":"Point","coordinates":[-0.30579,53.75992]},"properties":{"name":"Westcott Street Substation","category":"substation","osm_type":"way","osm_id":"641987975"}},{"type":"Feature","geometry":{"type":"Point","coordinates":[-0.33118,53.74503]},"properties":{"name":"Alfred Gelder Street Substation","category":"substation","osm_type":"way","osm_id":"641987977"}},{"type":"Feature","geometry":{"type":"Point","coordinates":[-0.37454,53.73081]},"properties":{"name":"West Docks Substation","category":"substation","osm_type":"way","osm_id":"641987981"}},{"type":"Feature","geometry":{"type":"Point","coordinates":[-0.39628,53.72869]},"properties":{"name":"Hessle Road Substation","category":"substation","osm_type":"way","osm_id":"641987984"}},{"type":"Feature","geometry":{"type":"Point","coordinates":[-0.37574,53.7398]},"properties":{"name":"PLANGEO","category":"substation","osm_type":"way","osm_id":"641987992"}},{"type":"Feature","geometry":{"type":"Point","coordinates":[-0.38346,53.75497]},"properties":{"name":"National Avenue Substation","category":"substation","osm_type":"way","osm_id":"641987995","operator":"UK Power Networks"}},{"type":"Feature","geometry":{"type":"Point","coordinates":[-0.57427,53.72488]},"properties":{"name":"Skillings Lane Substation","category":"substation","osm_type":"way","osm_id":"643080278"}},{"type":"Feature","geometry":{"type":"Point","coordinates":[-0.29432,53.77845]},"properties":{"name":"Power infrastructure","category":"substation","osm_type":"way","osm_id":"661698280"}},{"type":"Feature","geometry":{"type":"Point","coordinates":[-0.13937,53.73833]},"properties":{"name":"Ellifoot Lane Substation","category":"substation","osm_type":"way","osm_id":"699291161"}},{"type":"Feature","geometry":{"type":"Point","coordinates":[-0.26032,53.65604]},"properties":{"name":"Hornsea Two Offshore Wind Farm Substation","category":"substation","osm_type":"way","osm_id":"701436399"}},{"type":"Feature","geometry":{"type":"Point","coordinates":[-0.66155,53.59198]},"properties":{"name":"Power infrastructure","category":"generator","osm_type":"way","osm_id":"711231456"}},{"type":"Feature","geometry":{"type":"Point","coordinates":[-0.65628,53.59142]},"properties":{"name":"Power infrastructure","category":"generator","osm_type":"way","osm_id":"711231477"}},{"type":"Feature","geometry":{"type":"Point","coordinates":[-0.58174,53.55624]},"properties":{"name":"Power infrastructure","category":"generator","osm_type":"way","osm_id":"713155646"}},{"type":"Feature","geometry":{"type":"Point","coordinates":[-0.57919,53.55755]},"properties":{"name":"Power infrastructure","category":"generator","osm_type":"way","osm_id":"713155647"}},{"type":"Feature","geometry":{"type":"Point","coordinates":[-0.58035,53.55855]},"properties":{"name":"Power infrastructure","category":"generator","osm_type":"way","osm_id":"713155648"}},{"type":"Feature","geometry":{"type":"Point","coordinates":[-0.58137,53.55897]},"properties":{"name":"Power infrastructure","category":"generator","osm_type":"way","osm_id":"713155649"}},{"type":"Feature","geometry":{"type":"Point","coordinates":[-0.58261,53.55879]},"properties":{"name":"Power infrastructure","category":"generator","osm_type":"way","osm_id":"713155650"}},{"type":"Feature","geometry":{"type":"Point","coordinates":[-0.58185,53.56322]},"properties":{"name":"Power infrastructure","category":"generator","osm_type":"way","osm_id":"713155651"}},{"type":"Feature","geometry":{"type":"Point","coordinates":[-0.57501,53.55854]},"properties":{"name":"Power infrastructure","category":"generator","osm_type":"way","osm_id":"713155652"}},{"type":"Feature","geometry":{"type":"Point","coordinates":[-0.57745,53.56024]},"properties":{"name":"Power infrastructure","category":"generator","osm_type":"way","osm_id":"713155653"}},{"type":"Feature","geometry":{"type":"Point","coordinates":[-0.57777,53.56137]},"properties":{"name":"Power infrastructure","category":"generator","osm_type":"way","osm_id":"713155654"}},{"type":"Feature","geometry":{"type":"Point","coordinates":[-0.5742,53.56438]},"properties":{"name":"Power infrastructure","category":"generator","osm_type":"way","osm_id":"713155655"}},{"type":"Feature","geometry":{"type":"Point","coordinates":[-0.5788,53.56494]},"properties":{"name":"Power infrastructure","category":"generator","osm_type":"way","osm_id":"713155656"}},{"type":"Feature","geometry":{"type":"Point","coordinates":[-0.12043,53.57655]},"properties":{"name":"Power infrastructure","category":"generator","osm_type":"way","osm_id":"724219039"}},{"type":"Feature","geometry":{"type":"Point","coordinates":[-0.12243,53.5762]},"properties":{"name":"Power infrastructure","category":"generator","osm_type":"way","osm_id":"724219043"}},{"type":"Feature","geometry":{"type":"Point","coordinates":[-0.14617,53.52438]},"properties":{"name":"Laceby Solar Farm","category":"plant","osm_type":"way","osm_id":"725697665","operator":"Conergy"}},{"type":"Feature","geometry":{"type":"Point","coordinates":[-0.06751,53.69787]},"properties":{"name":"Redhall Industrial Estate","category":"plant","osm_type":"way","osm_id":"729189526","operator":"Dodds Limited"}},{"type":"Feature","geometry":{"type":"Point","coordinates":[-0.32229,53.80963]},"properties":{"name":"Carlam Hill Farm","category":"plant","osm_type":"way","osm_id":"729739560","operator":"Renesola"}},{"type":"Feature","geometry":{"type":"Point","coordinates":[-0.6881,53.61836]},"properties":{"name":"Flixborough Industrial Estate","category":"plant","osm_type":"way","osm_id":"730028110","operator":"NESF (formerly INRG Solar)"}},{"type":"Feature","geometry":{"type":"Point","coordinates":[-0.90703,53.69397]},"properties":{"name":"Power infrastructure","category":"substation","osm_type":"way","osm_id":"754723334","operator":"ESM Power"}},{"type":"Feature","geometry":{"type":"Point","coordinates":[-0.79781,53.6591]},"properties":{"name":"Power infrastructure","category":"substation","osm_type":"way","osm_id":"754728123","operator":"NPG and Natural Power"}},{"type":"Feature","geometry":{"type":"Point","coordinates":[-0.79805,53.65927]},"properties":{"name":"Power infrastructure","category":"substation","osm_type":"way","osm_id":"754728124","operator":"NP"}},{"type":"Feature","geometry":{"type":"Point","coordinates":[-0.66805,53.57167]},"properties":{"name":"Bridges Road 33/11kV","category":"substation","osm_type":"way","osm_id":"773892510","ref":"Bridges Road 33/11kV"}},{"type":"Feature","geometry":{"type":"Point","coordinates":[-0.14015,53.81953]},"properties":{"name":"Tansterne Biomass","category":"substation","osm_type":"way","osm_id":"775531437"}},{"type":"Feature","geometry":{"type":"Point","coordinates":[-0.91922,53.621]},"properties":{"name":"TWIN BRIDGE WF","category":"substation","osm_type":"way","osm_id":"775535156"}},{"type":"Feature","geometry":{"type":"Point","coordinates":[-0.87174,53.65732]},"properties":{"name":"Goole Fields 1 WF","category":"substation","osm_type":"way","osm_id":"775638383","operator":"NPG"}},{"type":"Feature","geometry":{"type":"Point","coordinates":[-0.59085,53.56736]},"properties":{"name":"Power infrastructure","category":"substation","osm_type":"way","osm_id":"785728733"}},{"type":"Feature","geometry":{"type":"Point","coordinates":[-0.82896,53.52836]},"properties":{"name":"Epworth","category":"substation","osm_type":"way","osm_id":"785731197"}},{"type":"Feature","geometry":{"type":"Point","coordinates":[-0.79618,53.74105]},"properties":{"name":"Power infrastructure","category":"substation","osm_type":"way","osm_id":"786252801"}},{"type":"Feature","geometry":{"type":"Point","coordinates":[-0.66389,53.61257]},"properties":{"name":"Foxhills 33","category":"substation","osm_type":"way","osm_id":"806981278"}},{"type":"Feature","geometry":{"type":"Point","coordinates":[-0.2148,53.63321]},"properties":{"name":"Humber Road","category":"substation","osm_type":"way","osm_id":"814767011"}},{"type":"Feature","geometry":{"type":"Point","coordinates":[-0.87629,53.68151]},"properties":{"name":"Goole Fields 2 WF","category":"substation","osm_type":"way","osm_id":"814768553"}},{"type":"Feature","geometry":{"type":"Point","coordinates":[-0.21016,53.59371]},"properties":{"name":"Power infrastructure","category":"substation","osm_type":"way","osm_id":"823268109"}},{"type":"Feature","geometry":{"type":"Point","coordinates":[-0.09972,53.70994]},"properties":{"name":"Ottringham Rd","category":"substation","osm_type":"way","osm_id":"823889410"}},{"type":"Feature","geometry":{"type":"Point","coordinates":[-0.3537,53.86526]},"properties":{"name":"Hall Farm WF Routh","category":"substation","osm_type":"way","osm_id":"823920942"}},{"type":"Feature","geometry":{"type":"Point","coordinates":[-0.42421,53.85083]},"properties":{"name":"Norwood","category":"substation","osm_type":"way","osm_id":"823920945"}},{"type":"Feature","geometry":{"type":"Point","coordinates":[-0.60391,53.84583]},"properties":{"name":"Beverley Lane","category":"substation","osm_type":"way","osm_id":"843296656","ref":"51737"}},{"type":"Feature","geometry":{"type":"Point","coordinates":[-0.59917,53.8405]},"properties":{"name":"Sober Hill","category":"substation","osm_type":"way","osm_id":"843296660"}},{"type":"Feature","geometry":{"type":"Point","coordinates":[-0.66132,53.86204]},"properties":{"name":"Southgate","category":"substation","osm_type":"way","osm_id":"843300984"}},{"type":"Feature","geometry":{"type":"Point","coordinates":[-0.79616,53.80119]},"properties":{"name":"Holme Upon Spalding Moor","category":"substation","osm_type":"way","osm_id":"843301114"}},{"type":"Feature","geometry":{"type":"Point","coordinates":[-0.66957,53.76882]},"properties":{"name":"Power infrastructure","category":"plant","osm_type":"way","osm_id":"850499880"}},{"type":"Feature","geometry":{"type":"Point","coordinates":[-0.50783,53.54137]},"properties":{"name":"SB Gen 3","category":"substation","osm_type":"way","osm_id":"859867799"}},{"type":"Feature","geometry":{"type":"Point","coordinates":[-0.24751,53.65466]},"properties":{"name":"Clough Lane","category":"substation","osm_type":"way","osm_id":"863982188"}},{"type":"Feature","geometry":{"type":"Point","coordinates":[-0.21265,53.62355]},"properties":{"name":"Power infrastructure","category":"generator","osm_type":"way","osm_id":"867513666"}},{"type":"Feature","geometry":{"type":"Point","coordinates":[-0.20662,53.62219]},"properties":{"name":"Power infrastructure","category":"generator","osm_type":"way","osm_id":"867513667"}},{"type":"Feature","geometry":{"type":"Point","coordinates":[-0.19178,53.62276]},"properties":{"name":"Power infrastructure","category":"generator","osm_type":"way","osm_id":"867629668"}},{"type":"Feature","geometry":{"type":"Point","coordinates":[-0.1914,53.62214]},"properties":{"name":"Power infrastructure","category":"generator","osm_type":"way","osm_id":"867629669"}},{"type":"Feature","geometry":{"type":"Point","coordinates":[-0.18466,53.62471]},"properties":{"name":"Power infrastructure","category":"generator","osm_type":"way","osm_id":"867758242"}},{"type":"Feature","geometry":{"type":"Point","coordinates":[-0.18491,53.62481]},"properties":{"name":"Power infrastructure","category":"generator","osm_type":"way","osm_id":"867758243"}},{"type":"Feature","geometry":{"type":"Point","coordinates":[-0.18528,53.62498]},"properties":{"name":"Power infrastructure","category":"generator","osm_type":"way","osm_id":"867758244"}},{"type":"Feature","geometry":{"type":"Point","coordinates":[-0.18569,53.62516]},"properties":{"name":"Power infrastructure","category":"generator","osm_type":"way","osm_id":"867758245"}},{"type":"Feature","geometry":{"type":"Point","coordinates":[-0.18432,53.62505]},"properties":{"name":"Power infrastructure","category":"generator","osm_type":"way","osm_id":"867758246"}},{"type":"Feature","geometry":{"type":"Point","coordinates":[-0.18458,53.62508]},"properties":{"name":"Power infrastructure","category":"generator","osm_type":"way","osm_id":"867758247"}},{"type":"Feature","geometry":{"type":"Point","coordinates":[-0.18495,53.62524]},"properties":{"name":"Power infrastructure","category":"generator","osm_type":"way","osm_id":"867758248"}},{"type":"Feature","geometry":{"type":"Point","coordinates":[-0.18537,53.62542]},"properties":{"name":"Power infrastructure","category":"generator","osm_type":"way","osm_id":"867758249"}},{"type":"Feature","geometry":{"type":"Point","coordinates":[-0.18665,53.62407]},"properties":{"name":"Power infrastructure","category":"generator","osm_type":"way","osm_id":"867758250"}},{"type":"Feature","geometry":{"type":"Point","coordinates":[-0.18684,53.62415]},"properties":{"name":"Power infrastructure","category":"generator","osm_type":"way","osm_id":"867758251"}},{"type":"Feature","geometry":{"type":"Point","coordinates":[-0.18572,53.62389]},"properties":{"name":"Power infrastructure","category":"generator","osm_type":"way","osm_id":"867758252"}},{"type":"Feature","geometry":{"type":"Point","coordinates":[-0.18588,53.62395]},"properties":{"name":"Power infrastructure","category":"generator","osm_type":"way","osm_id":"867758253"}},{"type":"Feature","geometry":{"type":"Point","coordinates":[-0.1863,53.62413]},"properties":{"name":"Power infrastructure","category":"generator","osm_type":"way","osm_id":"867758254"}},{"type":"Feature","geometry":{"type":"Point","coordinates":[-0.18671,53.62429]},"properties":{"name":"Power infrastructure","category":"generator","osm_type":"way","osm_id":"867758255"}},{"type":"Feature","geometry":{"type":"Point","coordinates":[-0.18714,53.62446]},"properties":{"name":"Power infrastructure","category":"generator","osm_type":"way","osm_id":"867758256"}},{"type":"Feature","geometry":{"type":"Point","coordinates":[-0.1864,53.6229]},"properties":{"name":"Power infrastructure","category":"generator","osm_type":"way","osm_id":"867758257"}},{"type":"Feature","geometry":{"type":"Point","coordinates":[-0.1865,53.62282]},"properties":{"name":"Power infrastructure","category":"generator","osm_type":"way","osm_id":"867758258"}},{"type":"Feature","geometry":{"type":"Point","coordinates":[-0.18653,53.62296]},"properties":{"name":"Power infrastructure","category":"generator","osm_type":"way","osm_id":"867758259"}},{"type":"Feature","geometry":{"type":"Point","coordinates":[-0.18663,53.62288]},"properties":{"name":"Power infrastructure","category":"generator","osm_type":"way","osm_id":"867758260"}},{"type":"Feature","geometry":{"type":"Point","coordinates":[-0.18667,53.62302]},"properties":{"name":"Power infrastructure","category":"generator","osm_type":"way","osm_id":"867758261"}},{"type":"Feature","geometry":{"type":"Point","coordinates":[-0.18676,53.62294]},"properties":{"name":"Power infrastructure","category":"generator","osm_type":"way","osm_id":"867758262"}},{"type":"Feature","geometry":{"type":"Point","coordinates":[-0.1868,53.62307]},"properties":{"name":"Power infrastructure","category":"generator","osm_type":"way","osm_id":"867758263"}},{"type":"Feature","geometry":{"type":"Point","coordinates":[-0.1869,53.623]},"properties":{"name":"Power infrastructure","category":"generator","osm_type":"way","osm_id":"867758264"}},{"type":"Feature","geometry":{"type":"Point","coordinates":[-0.18694,53.62313]},"properties":{"name":"Power infrastructure","category":"generator","osm_type":"way","osm_id":"867758265"}},{"type":"Feature","geometry":{"type":"Point","coordinates":[-0.18703,53.62306]},"properties":{"name":"Power infrastructure","category":"generator","osm_type":"way","osm_id":"867758266"}},{"type":"Feature","geometry":{"type":"Point","coordinates":[-0.18707,53.62319]},"properties":{"name":"Power infrastructure","category":"generator","osm_type":"way","osm_id":"867758267"}},{"type":"Feature","geometry":{"type":"Point","coordinates":[-0.18716,53.62312]},"properties":{"name":"Power infrastructure","category":"generator","osm_type":"way","osm_id":"867758268"}},{"type":"Feature","geometry":{"type":"Point","coordinates":[-0.1873,53.62317]},"properties":{"name":"Power infrastructure","category":"generator","osm_type":"way","osm_id":"867758269"}},{"type":"Feature","geometry":{"type":"Point","coordinates":[-0.1872,53.62325]},"properties":{"name":"Power infrastructure","category":"generator","osm_type":"way","osm_id":"867758270"}},{"type":"Feature","geometry":{"type":"Point","coordinates":[-0.18043,53.6241]},"properties":{"name":"Power infrastructure","category":"generator","osm_type":"way","osm_id":"867758887"}},{"type":"Feature","geometry":{"type":"Point","coordinates":[-0.1806,53.62404]},"properties":{"name":"Power infrastructure","category":"generator","osm_type":"way","osm_id":"867758888"}},{"type":"Feature","geometry":{"type":"Point","coordinates":[-0.18068,53.62408]},"properties":{"name":"Power infrastructure","category":"generator","osm_type":"way","osm_id":"867758889"}},{"type":"Feature","geometry":{"type":"Point","coordinates":[-0.18078,53.62412]},"properties":{"name":"Power infrastructure","category":"generator","osm_type":"way","osm_id":"867758890"}},{"type":"Feature","geometry":{"type":"Point","coordinates":[-0.18088,53.62416]},"properties":{"name":"Power infrastructure","category":"generator","osm_type":"way","osm_id":"867758891"}},{"type":"Feature","geometry":{"type":"Point","coordinates":[-0.18097,53.62421]},"properties":{"name":"Power infrastructure","category":"generator","osm_type":"way","osm_id":"867758892"}},{"type":"Feature","geometry":{"type":"Point","coordinates":[-0.18107,53.62425]},"properties":{"name":"Power infrastructure","category":"generator","osm_type":"way","osm_id":"867758893"}},{"type":"Feature","geometry":{"type":"Point","coordinates":[-0.18118,53.62429]},"properties":{"name":"Power infrastructure","category":"generator","osm_type":"way","osm_id":"867758894"}},{"type":"Feature","geometry":{"type":"Point","coordinates":[-0.1813,53.62435]},"properties":{"name":"Power infrastructure","category":"generator","osm_type":"way","osm_id":"867758895"}},{"type":"Feature","geometry":{"type":"Point","coordinates":[-0.18014,53.62436]},"properties":{"name":"Power infrastructure","category":"generator","osm_type":"way","osm_id":"867758896"}},{"type":"Feature","geometry":{"type":"Point","coordinates":[-0.1803,53.62429]},"properties":{"name":"Power infrastructure","category":"generator","osm_type":"way","osm_id":"867758897"}},{"type":"Feature","geometry":{"type":"Point","coordinates":[-0.18038,53.62433]},"properties":{"name":"Power infrastructure","category":"generator","osm_type":"way","osm_id":"867758898"}},{"type":"Feature","geometry":{"type":"Point","coordinates":[-0.18047,53.62437]},"properties":{"name":"Power infrastructure","category":"generator","osm_type":"way","osm_id":"867758899"}},{"type":"Feature","geometry":{"type":"Point","coordinates":[-0.18057,53.62441]},"properties":{"name":"Power infrastructure","category":"generator","osm_type":"way","osm_id":"867758900"}},{"type":"Feature","geometry":{"type":"Point","coordinates":[-0.18067,53.62445]},"properties":{"name":"Power infrastructure","category":"generator","osm_type":"way","osm_id":"867758901"}},{"type":"Feature","geometry":{"type":"Point","coordinates":[-0.18077,53.6245]},"properties":{"name":"Power infrastructure","category":"generator","osm_type":"way","osm_id":"867758902"}},{"type":"Feature","geometry":{"type":"Point","coordinates":[-0.18087,53.62454]},"properties":{"name":"Power infrastructure","category":"generator","osm_type":"way","osm_id":"867758903"}},{"type":"Feature","geometry":{"type":"Point","coordinates":[-0.18099,53.6246]},"properties":{"name":"Power infrastructure","category":"generator","osm_type":"way","osm_id":"867758904"}},{"type":"Feature","geometry":{"type":"Point","coordinates":[-0.18107,53.62463]},"properties":{"name":"Power infrastructure","category":"generator","osm_type":"way","osm_id":"867758905"}},{"type":"Feature","geometry":{"type":"Point","coordinates":[-0.18147,53.6234]},"properties":{"name":"Power infrastructure","category":"generator","osm_type":"way","osm_id":"867763499"}},{"type":"Feature","geometry":{"type":"Point","coordinates":[-0.18157,53.62336]},"properties":{"name":"Power infrastructure","category":"generator","osm_type":"way","osm_id":"867763500"}},{"type":"Feature","geometry":{"type":"Point","coordinates":[-0.18166,53.62341]},"properties":{"name":"Power infrastructure","category":"generator","osm_type":"way","osm_id":"867763501"}},{"type":"Feature","geometry":{"type":"Point","coordinates":[-0.18176,53.62345]},"properties":{"name":"Power infrastructure","category":"generator","osm_type":"way","osm_id":"867763502"}},{"type":"Feature","geometry":{"type":"Point","coordinates":[-0.18186,53.62349]},"properties":{"name":"Power infrastructure","category":"generator","osm_type":"way","osm_id":"867763503"}},{"type":"Feature","geometry":{"type":"Point","coordinates":[-0.18196,53.62353]},"properties":{"name":"Power infrastructure","category":"generator","osm_type":"way","osm_id":"867763504"}},{"type":"Feature","geometry":{"type":"Point","coordinates":[-0.18117,53.62359]},"properties":{"name":"Power infrastructure","category":"generator","osm_type":"way","osm_id":"867763505"}},{"type":"Feature","geometry":{"type":"Point","coordinates":[-0.18124,53.62363]},"properties":{"name":"Power infrastructure","category":"generator","osm_type":"way","osm_id":"867763506"}},{"type":"Feature","geometry":{"type":"Point","coordinates":[-0.18134,53.62367]},"properties":{"name":"Power infrastructure","category":"generator","osm_type":"way","osm_id":"867763507"}},{"type":"Feature","geometry":{"type":"Point","coordinates":[-0.18144,53.62371]},"properties":{"name":"Power infrastructure","category":"generator","osm_type":"way","osm_id":"867763508"}},{"type":"Feature","geometry":{"type":"Point","coordinates":[-0.1816,53.62388]},"properties":{"name":"Power infrastructure","category":"generator","osm_type":"way","osm_id":"867763509"}},{"type":"Feature","geometry":{"type":"Point","coordinates":[-0.1808,53.62384]},"properties":{"name":"Power infrastructure","category":"generator","osm_type":"way","osm_id":"867763510"}},{"type":"Feature","geometry":{"type":"Point","coordinates":[-0.18084,53.62385]},"properties":{"name":"Power infrastructure","category":"generator","osm_type":"way","osm_id":"867763511"}},{"type":"Feature","geometry":{"type":"Point","coordinates":[-0.18092,53.62389]},"properties":{"name":"Power infrastructure","category":"generator","osm_type":"way","osm_id":"867763512"}},{"type":"Feature","geometry":{"type":"Point","coordinates":[-0.18101,53.62393]},"properties":{"name":"Power infrastructure","category":"generator","osm_type":"way","osm_id":"867763513"}},{"type":"Feature","geometry":{"type":"Point","coordinates":[-0.18111,53.62397]},"properties":{"name":"Power infrastructure","category":"generator","osm_type":"way","osm_id":"867763514"}},{"type":"Feature","geometry":{"type":"Point","coordinates":[-0.18133,53.62412]},"properties":{"name":"Power infrastructure","category":"generator","osm_type":"way","osm_id":"867763515"}},{"type":"Feature","geometry":{"type":"Point","coordinates":[-0.18139,53.62415]},"properties":{"name":"Power infrastructure","category":"generator","osm_type":"way","osm_id":"867763516"}},{"type":"Feature","geometry":{"type":"Point","coordinates":[-0.18159,53.62424]},"properties":{"name":"Power infrastructure","category":"generator","osm_type":"way","osm_id":"867763517"}},{"type":"Feature","geometry":{"type":"Point","coordinates":[-0.18149,53.62419]},"properties":{"name":"Power infrastructure","category":"generator","osm_type":"way","osm_id":"867763518"}},{"type":"Feature","geometry":{"type":"Point","coordinates":[-0.18165,53.62426]},"properties":{"name":"Power infrastructure","category":"generator","osm_type":"way","osm_id":"867763519"}},{"type":"Feature","geometry":{"type":"Point","coordinates":[-0.18173,53.6243]},"properties":{"name":"Power infrastructure","category":"generator","osm_type":"way","osm_id":"867763520"}},{"type":"Feature","geometry":{"type":"Point","coordinates":[-0.18181,53.62434]},"properties":{"name":"Power infrastructure","category":"generator","osm_type":"way","osm_id":"867763521"}},{"type":"Feature","geometry":{"type":"Point","coordinates":[-0.65835,53.62455]},"properties":{"name":"Bagmoor WF","category":"substation","osm_type":"way","osm_id":"870509907"}},{"type":"Feature","geometry":{"type":"Point","coordinates":[-0.68925,53.58703]},"properties":{"name":"Power infrastructure","category":"substation","osm_type":"way","osm_id":"881461409"}},{"type":"Feature","geometry":{"type":"Point","coordinates":[-0.68607,53.58909]},"properties":{"name":"Power infrastructure","category":"substation","osm_type":"way","osm_id":"881461410"}},{"type":"Feature","geometry":{"type":"Point","coordinates":[-0.68209,53.58993]},"properties":{"name":"Power infrastructure","category":"substation","osm_type":"way","osm_id":"881461411"}},{"type":"Feature","geometry":{"type":"Point","coordinates":[-0.68252,53.57739]},"properties":{"name":"Power infrastructure","category":"substation","osm_type":"way","osm_id":"881461412"}},{"type":"Feature","geometry":{"type":"Point","coordinates":[-0.68073,53.57573]},"properties":{"name":"Power infrastructure","category":"substation","osm_type":"way","osm_id":"881461413"}},{"type":"Feature","geometry":{"type":"Point","coordinates":[-0.67646,53.5817]},"properties":{"name":"Crematorium","category":"substation","osm_type":"way","osm_id":"881461415"}},{"type":"Feature","geometry":{"type":"Point","coordinates":[-0.65487,53.58155]},"properties":{"name":"Power infrastructure","category":"substation","osm_type":"way","osm_id":"881461416"}},{"type":"Feature","geometry":{"type":"Point","coordinates":[-0.65339,53.56931]},"properties":{"name":"Power infrastructure","category":"substation","osm_type":"way","osm_id":"881461417"}},{"type":"Feature","geometry":{"type":"Point","coordinates":[-0.64419,53.57071]},"properties":{"name":"Power infrastructure","category":"substation","osm_type":"way","osm_id":"881461418"}},{"type":"Feature","geometry":{"type":"Point","coordinates":[-0.67386,53.5896]},"properties":{"name":"Cliff Closes","category":"substation","osm_type":"way","osm_id":"881461419"}},{"type":"Feature","geometry":{"type":"Point","coordinates":[-0.61662,53.59365]},"properties":{"name":"Firth brown","category":"substation","osm_type":"way","osm_id":"881461420"}},{"type":"Feature","geometry":{"type":"Point","coordinates":[-0.65225,53.59985]},"properties":{"name":"Power infrastructure","category":"substation","osm_type":"way","osm_id":"881463243"}},{"type":"Feature","geometry":{"type":"Point","coordinates":[-0.65081,53.60266]},"properties":{"name":"Power infrastructure","category":"substation","osm_type":"way","osm_id":"881463244"}},{"type":"Feature","geometry":{"type":"Point","coordinates":[-0.64219,53.58917]},"properties":{"name":"Power infrastructure","category":"substation","osm_type":"way","osm_id":"881463245"}},{"type":"Feature","geometry":{"type":"Point","coordinates":[-0.86964,53.57961]},"properties":{"name":"Power infrastructure","category":"substation","osm_type":"way","osm_id":"881463247"}},{"type":"Feature","geometry":{"type":"Point","coordinates":[-0.67674,53.57156]},"properties":{"name":"Power infrastructure","category":"substation","osm_type":"way","osm_id":"881465541"}},{"type":"Feature","geometry":{"type":"Point","coordinates":[-0.66939,53.57124]},"properties":{"name":"Power infrastructure","category":"substation","osm_type":"way","osm_id":"881465542"}},{"type":"Feature","geometry":{"type":"Point","coordinates":[-0.67584,53.61112]},"properties":{"name":"Power infrastructure","category":"substation","osm_type":"way","osm_id":"881465543"}},{"type":"Feature","geometry":{"type":"Point","coordinates":[-0.70038,53.6224]},"properties":{"name":"Power infrastructure","category":"substation","osm_type":"way","osm_id":"881465544"}},{"type":"Feature","geometry":{"type":"Point","coordinates":[-0.62747,53.63591]},"properties":{"name":"Roxby","category":"substation","osm_type":"way","osm_id":"881465545"}},{"type":"Feature","geometry":{"type":"Point","coordinates":[-0.19213,53.61579]},"properties":{"name":"Power infrastructure","category":"substation","osm_type":"way","osm_id":"881465546"}},{"type":"Feature","geometry":{"type":"Point","coordinates":[-0.17753,53.61675]},"properties":{"name":"Power infrastructure","category":"substation","osm_type":"way","osm_id":"881465547"}},{"type":"Feature","geometry":{"type":"Point","coordinates":[-0.60244,53.58799]},"properties":{"name":"Power infrastructure","category":"substation","osm_type":"way","osm_id":"881625927"}},{"type":"Feature","geometry":{"type":"Point","coordinates":[-0.60453,53.58327]},"properties":{"name":"Power infrastructure","category":"substation","osm_type":"way","osm_id":"881635628"}},{"type":"Feature","geometry":{"type":"Point","coordinates":[-0.83043,53.969]},"properties":{"name":"Power infrastructure","category":"plant","osm_type":"way","osm_id":"881638140"}},{"type":"Feature","geometry":{"type":"Point","coordinates":[-0.60465,53.58253]},"properties":{"name":"Power infrastructure","category":"substation","osm_type":"way","osm_id":"881721975"}},{"type":"Feature","geometry":{"type":"Point","coordinates":[-0.23259,53.74535]},"properties":{"name":"Power infrastructure","category":"generator","osm_type":"way","osm_id":"892473101"}},{"type":"Feature","geometry":{"type":"Point","coordinates":[-0.16667,53.84821]},"properties":{"name":"Withernwick WF","category":"substation","osm_type":"way","osm_id":"892651062"}},{"type":"Feature","geometry":{"type":"Point","coordinates":[-0.32929,53.756]},"properties":{"name":"Energy Works","category":"plant","osm_type":"way","osm_id":"892701416","operator":"Energy Works / The Spencer Group"}},{"type":"Feature","geometry":{"type":"Point","coordinates":[-0.32711,53.75606]},"properties":{"name":"Cornwall Street","category":"substation","osm_type":"way","osm_id":"892701417"}},{"type":"Feature","geometry":{"type":"Point","coordinates":[-0.31087,53.6257]},"properties":{"name":"Power infrastructure","category":"generator","osm_type":"way","osm_id":"895079087"}},{"type":"Feature","geometry":{"type":"Point","coordinates":[-0.59375,53.55931]},"properties":{"name":"Mortal Ash Raventhorpe","category":"substation","osm_type":"way","osm_id":"903181148"}},{"type":"Feature","geometry":{"type":"Point","coordinates":[-0.94923,53.6174]},"properties":{"name":"Coulman Road Industrial Estate 45369","category":"substation","osm_type":"way","osm_id":"903190980"}},{"type":"Feature","geometry":{"type":"Point","coordinates":[-0.65812,53.58995]},"properties":{"name":"Baths 5104","category":"substation","osm_type":"way","osm_id":"903190985"}},{"type":"Feature","geometry":{"type":"Point","coordinates":[-0.65925,53.59116]},"properties":{"name":"Doncaster Road Supermarket 5535","category":"substation","osm_type":"way","osm_id":"903190986"}},{"type":"Feature","geometry":{"type":"Point","coordinates":[-0.65263,53.5896]},"properties":{"name":"Dunstall Street 49414","category":"substation","osm_type":"way","osm_id":"903190987"}},{"type":"Feature","geometry":{"type":"Point","coordinates":[-0.06513,53.69788]},"properties":{"name":"Power infrastructure","category":"substation","osm_type":"way","osm_id":"906679074"}},{"type":"Feature","geometry":{"type":"Point","coordinates":[-0.06941,53.69882]},"properties":{"name":"Power infrastructure","category":"substation","osm_type":"way","osm_id":"906679075"}},{"type":"Feature","geometry":{"type":"Point","coordinates":[-0.28716,53.77427]},"properties":{"name":"Power infrastructure","category":"substation","osm_type":"way","osm_id":"922233814","operator":"Northern Powergrid"}},{"type":"Feature","geometry":{"type":"Point","coordinates":[-0.99264,53.81386]},"properties":{"name":"WHITEMOOR","category":"substation","osm_type":"way","osm_id":"924549229"}},{"type":"Feature","geometry":{"type":"Point","coordinates":[-0.35124,53.67094]},"properties":{"name":"Goxhill Road","category":"substation","osm_type":"way","osm_id":"927240381"}},{"type":"Feature","geometry":{"type":"Point","coordinates":[-0.28956,53.62996]},"properties":{"name":"West Middlemere Rd","category":"substation","osm_type":"way","osm_id":"927240382"}},{"type":"Feature","geometry":{"type":"Point","coordinates":[-0.41752,53.73506]},"properties":{"name":"Elgar Road","category":"substation","osm_type":"way","osm_id":"927367047"}},{"type":"Feature","geometry":{"type":"Point","coordinates":[-0.25365,53.74814]},"properties":{"name":"Power infrastructure","category":"generator","osm_type":"way","osm_id":"951773315"}},{"type":"Feature","geometry":{"type":"Point","coordinates":[-0.25369,53.74815]},"properties":{"name":"Power infrastructure","category":"generator","osm_type":"way","osm_id":"951773316"}},{"type":"Feature","geometry":{"type":"Point","coordinates":[-0.25359,53.74821]},"properties":{"name":"Power infrastructure","category":"generator","osm_type":"way","osm_id":"951773317"}},{"type":"Feature","geometry":{"type":"Point","coordinates":[-0.25363,53.74822]},"properties":{"name":"Power infrastructure","category":"generator","osm_type":"way","osm_id":"951773318"}},{"type":"Feature","geometry":{"type":"Point","coordinates":[-0.25348,53.74833]},"properties":{"name":"Power infrastructure","category":"generator","osm_type":"way","osm_id":"951773319"}},{"type":"Feature","geometry":{"type":"Point","coordinates":[-0.25355,53.74826]},"properties":{"name":"Power infrastructure","category":"generator","osm_type":"way","osm_id":"951773320"}},{"type":"Feature","geometry":{"type":"Point","coordinates":[-0.25358,53.74827]},"properties":{"name":"Power infrastructure","category":"generator","osm_type":"way","osm_id":"951773321"}},{"type":"Feature","geometry":{"type":"Point","coordinates":[-0.25352,53.74834]},"properties":{"name":"Power infrastructure","category":"generator","osm_type":"way","osm_id":"951773322"}},{"type":"Feature","geometry":{"type":"Point","coordinates":[-0.25372,53.74816]},"properties":{"name":"Power infrastructure","category":"generator","osm_type":"way","osm_id":"951773323"}},{"type":"Feature","geometry":{"type":"Point","coordinates":[-0.25376,53.74817]},"properties":{"name":"Power infrastructure","category":"generator","osm_type":"way","osm_id":"951773324"}},{"type":"Feature","geometry":{"type":"Point","coordinates":[-0.25366,53.74823]},"properties":{"name":"Power infrastructure","category":"generator","osm_type":"way","osm_id":"951773325"}},{"type":"Feature","geometry":{"type":"Point","coordinates":[-0.2537,53.74824]},"properties":{"name":"Power infrastructure","category":"generator","osm_type":"way","osm_id":"951773326"}},{"type":"Feature","geometry":{"type":"Point","coordinates":[-0.25356,53.74835]},"properties":{"name":"Power infrastructure","category":"generator","osm_type":"way","osm_id":"951773327"}},{"type":"Feature","geometry":{"type":"Point","coordinates":[-0.25362,53.74828]},"properties":{"name":"Power infrastructure","category":"generator","osm_type":"way","osm_id":"951773328"}},{"type":"Feature","geometry":{"type":"Point","coordinates":[-0.25366,53.74829]},"properties":{"name":"Power infrastructure","category":"generator","osm_type":"way","osm_id":"951773329"}},{"type":"Feature","geometry":{"type":"Point","coordinates":[-0.25359,53.74836]},"properties":{"name":"Power infrastructure","category":"generator","osm_type":"way","osm_id":"951773330"}},{"type":"Feature","geometry":{"type":"Point","coordinates":[-0.2538,53.74818]},"properties":{"name":"Power infrastructure","category":"generator","osm_type":"way","osm_id":"951773331"}},{"type":"Feature","geometry":{"type":"Point","coordinates":[-0.25384,53.7482]},"properties":{"name":"Power infrastructure","category":"generator","osm_type":"way","osm_id":"951773332"}},{"type":"Feature","geometry":{"type":"Point","coordinates":[-0.25374,53.74826]},"properties":{"name":"Power infrastructure","category":"generator","osm_type":"way","osm_id":"951773333"}},{"type":"Feature","geometry":{"type":"Point","coordinates":[-0.25377,53.74827]},"properties":{"name":"Power infrastructure","category":"generator","osm_type":"way","osm_id":"951773334"}},{"type":"Feature","geometry":{"type":"Point","coordinates":[-0.25363,53.74837]},"properties":{"name":"Power infrastructure","category":"generator","osm_type":"way","osm_id":"951773335"}},{"type":"Feature","geometry":{"type":"Point","coordinates":[-0.25369,53.7483]},"properties":{"name":"Power infrastructure","category":"generator","osm_type":"way","osm_id":"951773336"}},{"type":"Feature","geometry":{"type":"Point","coordinates":[-0.25373,53.74831]},"properties":{"name":"Power infrastructure","category":"generator","osm_type":"way","osm_id":"951773337"}},{"type":"Feature","geometry":{"type":"Point","coordinates":[-0.25367,53.74838]},"properties":{"name":"Power infrastructure","category":"generator","osm_type":"way","osm_id":"951773338"}},{"type":"Feature","geometry":{"type":"Point","coordinates":[-0.25371,53.7484]},"properties":{"name":"Power infrastructure","category":"generator","osm_type":"way","osm_id":"951773339"}},{"type":"Feature","geometry":{"type":"Point","coordinates":[-0.25377,53.74833]},"properties":{"name":"Power infrastructure","category":"generator","osm_type":"way","osm_id":"951773340"}},{"type":"Feature","geometry":{"type":"Point","coordinates":[-0.25381,53.74834]},"properties":{"name":"Power infrastructure","category":"generator","osm_type":"way","osm_id":"951773341"}},{"type":"Feature","geometry":{"type":"Point","coordinates":[-0.25375,53.74841]},"properties":{"name":"Power infrastructure","category":"generator","osm_type":"way","osm_id":"951773342"}},{"type":"Feature","geometry":{"type":"Point","coordinates":[-0.25382,53.74828]},"properties":{"name":"Power infrastructure","category":"generator","osm_type":"way","osm_id":"951773343"}},{"type":"Feature","geometry":{"type":"Point","coordinates":[-0.25388,53.74821]},"properties":{"name":"Power infrastructure","category":"generator","osm_type":"way","osm_id":"951773344"}},{"type":"Feature","geometry":{"type":"Point","coordinates":[-0.25392,53.74822]},"properties":{"name":"Power infrastructure","category":"generator","osm_type":"way","osm_id":"951773345"}},{"type":"Feature","geometry":{"type":"Point","coordinates":[-0.25385,53.74829]},"properties":{"name":"Power infrastructure","category":"generator","osm_type":"way","osm_id":"951773346"}},{"type":"Feature","geometry":{"type":"Point","coordinates":[-0.25394,53.74847]},"properties":{"name":"Power infrastructure","category":"generator","osm_type":"way","osm_id":"951773347"}},{"type":"Feature","geometry":{"type":"Point","coordinates":[-0.254,53.7484]},"properties":{"name":"Power infrastructure","category":"generator","osm_type":"way","osm_id":"951773348"}},{"type":"Feature","geometry":{"type":"Point","coordinates":[-0.25404,53.74841]},"properties":{"name":"Power infrastructure","category":"generator","osm_type":"way","osm_id":"951773349"}},{"type":"Feature","geometry":{"type":"Point","coordinates":[-0.25398,53.74848]},"properties":{"name":"Power infrastructure","category":"generator","osm_type":"way","osm_id":"951773350"}},{"type":"Feature","geometry":{"type":"Point","coordinates":[-0.25396,53.74833]},"properties":{"name":"Power infrastructure","category":"generator","osm_type":"way","osm_id":"951773351"}},{"type":"Feature","geometry":{"type":"Point","coordinates":[-0.25402,53.74826]},"properties":{"name":"Power infrastructure","category":"generator","osm_type":"way","osm_id":"951773352"}},{"type":"Feature","geometry":{"type":"Point","coordinates":[-0.25406,53.74827]},"properties":{"name":"Power infrastructure","category":"generator","osm_type":"way","osm_id":"951773353"}},{"type":"Feature","geometry":{"type":"Point","coordinates":[-0.254,53.74834]},"properties":{"name":"Power infrastructure","category":"generator","osm_type":"way","osm_id":"951773354"}},{"type":"Feature","geometry":{"type":"Point","coordinates":[-0.25404,53.74835]},"properties":{"name":"Power infrastructure","category":"generator","osm_type":"way","osm_id":"951773355"}},{"type":"Feature","geometry":{"type":"Point","coordinates":[-0.2541,53.74828]},"properties":{"name":"Power infrastructure","category":"generator","osm_type":"way","osm_id":"951773356"}},{"type":"Feature","geometry":{"type":"Point","coordinates":[-0.25414,53.74829]},"properties":{"name":"Power infrastructure","category":"generator","osm_type":"way","osm_id":"951773357"}},{"type":"Feature","geometry":{"type":"Point","coordinates":[-0.25407,53.74836]},"properties":{"name":"Power infrastructure","category":"generator","osm_type":"way","osm_id":"951773358"}},{"type":"Feature","geometry":{"type":"Point","coordinates":[-0.25411,53.74838]},"properties":{"name":"Power infrastructure","category":"generator","osm_type":"way","osm_id":"951773359"}},{"type":"Feature","geometry":{"type":"Point","coordinates":[-0.25418,53.7483]},"properties":{"name":"Power infrastructure","category":"generator","osm_type":"way","osm_id":"951773360"}},{"type":"Feature","geometry":{"type":"Point","coordinates":[-0.25421,53.74832]},"properties":{"name":"Power infrastructure","category":"generator","osm_type":"way","osm_id":"951773361"}},{"type":"Feature","geometry":{"type":"Point","coordinates":[-0.25415,53.74839]},"properties":{"name":"Power infrastructure","category":"generator","osm_type":"way","osm_id":"951773362"}},{"type":"Feature","geometry":{"type":"Point","coordinates":[-0.25419,53.7484]},"properties":{"name":"Power infrastructure","category":"generator","osm_type":"way","osm_id":"951773363"}},{"type":"Feature","geometry":{"type":"Point","coordinates":[-0.25425,53.74833]},"properties":{"name":"Power infrastructure","category":"generator","osm_type":"way","osm_id":"951773364"}},{"type":"Feature","geometry":{"type":"Point","coordinates":[-0.25429,53.74834]},"properties":{"name":"Power infrastructure","category":"generator","osm_type":"way","osm_id":"951773365"}},{"type":"Feature","geometry":{"type":"Point","coordinates":[-0.25423,53.74841]},"properties":{"name":"Power infrastructure","category":"generator","osm_type":"way","osm_id":"951773366"}},{"type":"Feature","geometry":{"type":"Point","coordinates":[-0.51019,53.54299]},"properties":{"name":"Brigg Renewable Energy Plant","category":"plant","osm_type":"way","osm_id":"956046652","operator":"Eco2"}},{"type":"Feature","geometry":{"type":"Point","coordinates":[-0.62765,53.64306]},"properties":{"name":"Roxby Gas to Energy","category":"plant","osm_type":"way","osm_id":"956046654","operator":"Biffa"}},{"type":"Feature","geometry":{"type":"Point","coordinates":[-0.99122,53.81359]},"properties":{"name":"Whitemoor Biomass Plant","category":"plant","osm_type":"way","osm_id":"956046656","operator":"REG Bio-Power"}},{"type":"Feature","geometry":{"type":"Point","coordinates":[-0.79516,53.57587]},"properties":{"name":"North Moor Farm Anaerobic Digestion Plant","category":"plant","osm_type":"way","osm_id":"956542766","operator":"Rockscape Energy"}},{"type":"Feature","geometry":{"type":"Point","coordinates":[-0.69105,53.63184]},"properties":{"name":"Grange WF","category":"substation","osm_type":"way","osm_id":"963449536"}},{"type":"Feature","geometry":{"type":"Point","coordinates":[-0.61951,53.60192]},"properties":{"name":"Power infrastructure","category":"generator","osm_type":"way","osm_id":"963757552"}},{"type":"Feature","geometry":{"type":"Point","coordinates":[-0.42928,53.50011]},"properties":{"name":"Power infrastructure","category":"generator","osm_type":"way","osm_id":"966730964"}},{"type":"Feature","geometry":{"type":"Point","coordinates":[-0.48117,53.76714]},"properties":{"name":"Power infrastructure","category":"substation","osm_type":"way","osm_id":"967665644"}},{"type":"Feature","geometry":{"type":"Point","coordinates":[-0.47738,53.77064]},"properties":{"name":"Power infrastructure","category":"substation","osm_type":"way","osm_id":"967665645"}},{"type":"Feature","geometry":{"type":"Point","coordinates":[-0.39507,53.81806]},"properties":{"name":"Power infrastructure","category":"substation","osm_type":"way","osm_id":"967665646"}},{"type":"Feature","geometry":{"type":"Point","coordinates":[-0.39553,53.80277]},"properties":{"name":"Power infrastructure","category":"substation","osm_type":"way","osm_id":"967665647"}},{"type":"Feature","geometry":{"type":"Point","coordinates":[-0.75753,53.91174]},"properties":{"name":"Power infrastructure","category":"generator","osm_type":"way","osm_id":"979334703"}},{"type":"Feature","geometry":{"type":"Point","coordinates":[-0.75763,53.91186]},"properties":{"name":"Power infrastructure","category":"generator","osm_type":"way","osm_id":"979334704"}},{"type":"Feature","geometry":{"type":"Point","coordinates":[-0.75772,53.91198]},"properties":{"name":"Power infrastructure","category":"generator","osm_type":"way","osm_id":"979334705"}},{"type":"Feature","geometry":{"type":"Point","coordinates":[-0.75782,53.9121]},"properties":{"name":"Power infrastructure","category":"generator","osm_type":"way","osm_id":"979334706"}},{"type":"Feature","geometry":{"type":"Point","coordinates":[-0.75791,53.91221]},"properties":{"name":"Power infrastructure","category":"generator","osm_type":"way","osm_id":"979334707"}},{"type":"Feature","geometry":{"type":"Point","coordinates":[-0.75801,53.91233]},"properties":{"name":"Power infrastructure","category":"generator","osm_type":"way","osm_id":"979334708"}},{"type":"Feature","geometry":{"type":"Point","coordinates":[-0.75811,53.91244]},"properties":{"name":"Power infrastructure","category":"generator","osm_type":"way","osm_id":"979334709"}},{"type":"Feature","geometry":{"type":"Point","coordinates":[-0.7582,53.91256]},"properties":{"name":"Power infrastructure","category":"generator","osm_type":"way","osm_id":"979334710"}},{"type":"Feature","geometry":{"type":"Point","coordinates":[-0.7583,53.91268]},"properties":{"name":"Power infrastructure","category":"generator","osm_type":"way","osm_id":"979334711"}},{"type":"Feature","geometry":{"type":"Point","coordinates":[-0.7789,53.9278]},"properties":{"name":"Power infrastructure","category":"generator","osm_type":"way","osm_id":"979334712"}},{"type":"Feature","geometry":{"type":"Point","coordinates":[-0.77338,53.9285]},"properties":{"name":"Power infrastructure","category":"generator","osm_type":"way","osm_id":"979334713"}},{"type":"Feature","geometry":{"type":"Point","coordinates":[-0.12381,53.72918]},"properties":{"name":"Power infrastructure","category":"generator","osm_type":"way","osm_id":"979371891"}},{"type":"Feature","geometry":{"type":"Point","coordinates":[-0.14773,53.72911]},"properties":{"name":"Power infrastructure","category":"generator","osm_type":"way","osm_id":"979371892"}},{"type":"Feature","geometry":{"type":"Point","coordinates":[-0.14777,53.72915]},"properties":{"name":"Power infrastructure","category":"generator","osm_type":"way","osm_id":"979371893"}},{"type":"Feature","geometry":{"type":"Point","coordinates":[-0.14778,53.72921]},"properties":{"name":"Power infrastructure","category":"generator","osm_type":"way","osm_id":"979371894"}},{"type":"Feature","geometry":{"type":"Point","coordinates":[-0.14774,53.72917]},"properties":{"name":"Power infrastructure","category":"generator","osm_type":"way","osm_id":"979371895"}},{"type":"Feature","geometry":{"type":"Point","coordinates":[-0.14769,53.72927]},"properties":{"name":"Power infrastructure","category":"generator","osm_type":"way","osm_id":"979371896"}},{"type":"Feature","geometry":{"type":"Point","coordinates":[-0.14784,53.72922]},"properties":{"name":"Power infrastructure","category":"generator","osm_type":"way","osm_id":"979371897"}},{"type":"Feature","geometry":{"type":"Point","coordinates":[-0.14779,53.72929]},"properties":{"name":"Power infrastructure","category":"generator","osm_type":"way","osm_id":"979371898"}},{"type":"Feature","geometry":{"type":"Point","coordinates":[-0.1477,53.7293]},"properties":{"name":"Power infrastructure","category":"generator","osm_type":"way","osm_id":"979371899"}},{"type":"Feature","geometry":{"type":"Point","coordinates":[-0.14719,53.72984]},"properties":{"name":"Power infrastructure","category":"generator","osm_type":"way","osm_id":"979371900"}},{"type":"Feature","geometry":{"type":"Point","coordinates":[-0.13826,53.73991]},"properties":{"name":"Power infrastructure","category":"generator","osm_type":"way","osm_id":"979371901"}},{"type":"Feature","geometry":{"type":"Point","coordinates":[-0.13786,53.73968]},"properties":{"name":"Power infrastructure","category":"generator","osm_type":"way","osm_id":"979371902"}},{"type":"Feature","geometry":{"type":"Point","coordinates":[-0.13803,53.73969]},"properties":{"name":"Power infrastructure","category":"generator","osm_type":"way","osm_id":"979371903"}},{"type":"Feature","geometry":{"type":"Point","coordinates":[-0.13802,53.73974]},"properties":{"name":"Power infrastructure","category":"generator","osm_type":"way","osm_id":"979371904"}},{"type":"Feature","geometry":{"type":"Point","coordinates":[-0.13802,53.73978]},"properties":{"name":"Power infrastructure","category":"generator","osm_type":"way","osm_id":"979371905"}},{"type":"Feature","geometry":{"type":"Point","coordinates":[-0.1351,53.74042]},"properties":{"name":"Power infrastructure","category":"generator","osm_type":"way","osm_id":"979371906"}},{"type":"Feature","geometry":{"type":"Point","coordinates":[-0.13421,53.74068]},"properties":{"name":"Power infrastructure","category":"generator","osm_type":"way","osm_id":"979371907"}},{"type":"Feature","geometry":{"type":"Point","coordinates":[-0.79224,53.80297]},"properties":{"name":"Power infrastructure","category":"generator","osm_type":"way","osm_id":"1000624937"}},{"type":"Feature","geometry":{"type":"Point","coordinates":[-0.79214,53.80291]},"properties":{"name":"Power infrastructure","category":"generator","osm_type":"way","osm_id":"1000624938"}},{"type":"Feature","geometry":{"type":"Point","coordinates":[-0.79297,53.80273]},"properties":{"name":"Power infrastructure","category":"generator","osm_type":"way","osm_id":"1000624939"}},{"type":"Feature","geometry":{"type":"Point","coordinates":[-0.7931,53.80265]},"properties":{"name":"Power infrastructure","category":"generator","osm_type":"way","osm_id":"1000624940"}},{"type":"Feature","geometry":{"type":"Point","coordinates":[-0.79235,53.80304]},"properties":{"name":"Power infrastructure","category":"generator","osm_type":"way","osm_id":"1000624941"}},{"type":"Feature","geometry":{"type":"Point","coordinates":[-0.79253,53.80309]},"properties":{"name":"Power infrastructure","category":"generator","osm_type":"way","osm_id":"1000624942"}},{"type":"Feature","geometry":{"type":"Point","coordinates":[-0.79162,53.80258]},"properties":{"name":"Power infrastructure","category":"generator","osm_type":"way","osm_id":"1000624943"}},{"type":"Feature","geometry":{"type":"Point","coordinates":[-0.79198,53.80245]},"properties":{"name":"Power infrastructure","category":"generator","osm_type":"way","osm_id":"1000624944"}},{"type":"Feature","geometry":{"type":"Point","coordinates":[-0.79204,53.80267]},"properties":{"name":"Power infrastructure","category":"generator","osm_type":"way","osm_id":"1000624945"}},{"type":"Feature","geometry":{"type":"Point","coordinates":[-0.79172,53.80265]},"properties":{"name":"Power infrastructure","category":"generator","osm_type":"way","osm_id":"1000624946"}},{"type":"Feature","geometry":{"type":"Point","coordinates":[-0.79141,53.80246]},"properties":{"name":"Power infrastructure","category":"generator","osm_type":"way","osm_id":"1000624947"}},{"type":"Feature","geometry":{"type":"Point","coordinates":[-0.79131,53.80239]},"properties":{"name":"Power infrastructure","category":"generator","osm_type":"way","osm_id":"1000624948"}},{"type":"Feature","geometry":{"type":"Point","coordinates":[-0.79123,53.80233]},"properties":{"name":"Power infrastructure","category":"generator","osm_type":"way","osm_id":"1000624949"}},{"type":"Feature","geometry":{"type":"Point","coordinates":[-0.80304,53.79687]},"properties":{"name":"Power infrastructure","category":"generator","osm_type":"way","osm_id":"1000624950"}},{"type":"Feature","geometry":{"type":"Point","coordinates":[-0.80276,53.79686]},"properties":{"name":"Power infrastructure","category":"generator","osm_type":"way","osm_id":"1000624951"}},{"type":"Feature","geometry":{"type":"Point","coordinates":[-0.80247,53.79685]},"properties":{"name":"Power infrastructure","category":"generator","osm_type":"way","osm_id":"1000624952"}},{"type":"Feature","geometry":{"type":"Point","coordinates":[-0.8026,53.79696]},"properties":{"name":"Power infrastructure","category":"generator","osm_type":"way","osm_id":"1000624953"}},{"type":"Feature","geometry":{"type":"Point","coordinates":[-0.80296,53.79697]},"properties":{"name":"Power infrastructure","category":"generator","osm_type":"way","osm_id":"1000624954"}},{"type":"Feature","geometry":{"type":"Point","coordinates":[-0.80289,53.79708]},"properties":{"name":"Power infrastructure","category":"generator","osm_type":"way","osm_id":"1000624955"}},{"type":"Feature","geometry":{"type":"Point","coordinates":[-0.80261,53.79707]},"properties":{"name":"Power infrastructure","category":"generator","osm_type":"way","osm_id":"1000624956"}},{"type":"Feature","geometry":{"type":"Point","coordinates":[-0.80282,53.79718]},"properties":{"name":"Power infrastructure","category":"generator","osm_type":"way","osm_id":"1000624957"}},{"type":"Feature","geometry":{"type":"Point","coordinates":[-0.80337,53.7972]},"properties":{"name":"Power infrastructure","category":"generator","osm_type":"way","osm_id":"1000624958"}},{"type":"Feature","geometry":{"type":"Point","coordinates":[-0.80348,53.79709]},"properties":{"name":"Power infrastructure","category":"generator","osm_type":"way","osm_id":"1000624959"}},{"type":"Feature","geometry":{"type":"Point","coordinates":[-0.80386,53.7971]},"properties":{"name":"Power infrastructure","category":"generator","osm_type":"way","osm_id":"1000624960"}},{"type":"Feature","geometry":{"type":"Point","coordinates":[-0.80424,53.79711]},"properties":{"name":"Power infrastructure","category":"generator","osm_type":"way","osm_id":"1000624961"}},{"type":"Feature","geometry":{"type":"Point","coordinates":[-0.80375,53.79721]},"properties":{"name":"Power infrastructure","category":"generator","osm_type":"way","osm_id":"1000624962"}},{"type":"Feature","geometry":{"type":"Point","coordinates":[-0.80377,53.79732]},"properties":{"name":"Power infrastructure","category":"generator","osm_type":"way","osm_id":"1000624963"}},{"type":"Feature","geometry":{"type":"Point","coordinates":[-0.80336,53.7973]},"properties":{"name":"Power infrastructure","category":"generator","osm_type":"way","osm_id":"1000624964"}},{"type":"Feature","geometry":{"type":"Point","coordinates":[-0.80354,53.79742]},"properties":{"name":"Power infrastructure","category":"generator","osm_type":"way","osm_id":"1000624965"}},{"type":"Feature","geometry":{"type":"Point","coordinates":[-0.80327,53.79752]},"properties":{"name":"Power infrastructure","category":"generator","osm_type":"way","osm_id":"1000624966"}},{"type":"Feature","geometry":{"type":"Point","coordinates":[-0.66517,53.58786]},"properties":{"name":"Power infrastructure","category":"substation","osm_type":"way","osm_id":"1010992872"}},{"type":"Feature","geometry":{"type":"Point","coordinates":[-0.74868,53.6039]},"properties":{"name":"Power infrastructure","category":"substation","osm_type":"way","osm_id":"1016683529","operator":"SSE"}},{"type":"Feature","geometry":{"type":"Point","coordinates":[-0.7914,53.63939]},"properties":{"name":"Power infrastructure","category":"generator","osm_type":"way","osm_id":"1016685294"}},{"type":"Feature","geometry":{"type":"Point","coordinates":[-0.39733,53.80734]},"properties":{"name":"Power infrastructure","category":"plant","osm_type":"way","osm_id":"1039345333"}},{"type":"Feature","geometry":{"type":"Point","coordinates":[-0.39597,53.80818]},"properties":{"name":"Power infrastructure","category":"plant","osm_type":"way","osm_id":"1039345334"}},{"type":"Feature","geometry":{"type":"Point","coordinates":[-0.16208,53.58088]},"properties":{"name":"Power infrastructure","category":"substation","osm_type":"way","osm_id":"1041213415","addr:city":"Grimsby","addr:postcode":"DN41 7RB"}},{"type":"Feature","geometry":{"type":"Point","coordinates":[-0.14013,53.81828]},"properties":{"name":"Tansterne Biomass","category":"plant","osm_type":"way","osm_id":"1051339202","operator":"Solar 21","website":"https://www.solar21.ie/projects/biomass-21-tansterne"}},{"type":"Feature","geometry":{"type":"Point","coordinates":[-0.14364,53.73874]},"properties":{"name":"Power infrastructure","category":"substation","osm_type":"way","osm_id":"1051356334"}},{"type":"Feature","geometry":{"type":"Point","coordinates":[-0.08102,53.57155]},"properties":{"name":"Victoria Street North","category":"substation","osm_type":"way","osm_id":"1052406949"}},{"type":"Feature","geometry":{"type":"Point","coordinates":[-0.13453,53.53167]},"properties":{"name":"Low Farm Solar Array","category":"plant","osm_type":"way","osm_id":"1055092682","operator":"Wirsol / Island Green Power"}},{"type":"Feature","geometry":{"type":"Point","coordinates":[-0.40664,53.84297]},"properties":{"name":"Power infrastructure","category":"substation","osm_type":"way","osm_id":"1059570458"}},{"type":"Feature","geometry":{"type":"Point","coordinates":[-0.0475,53.54126]},"properties":{"name":"Power infrastructure","category":"substation","osm_type":"way","osm_id":"1061307374"}},{"type":"Feature","geometry":{"type":"Point","coordinates":[-0.41042,53.73611]},"properties":{"name":"Power infrastructure","category":"substation","osm_type":"way","osm_id":"1094490186"}},{"type":"Feature","geometry":{"type":"Point","coordinates":[-0.27592,53.77634]},"properties":{"name":"Power infrastructure","category":"substation","osm_type":"way","osm_id":"1094490189"}},{"type":"Feature","geometry":{"type":"Point","coordinates":[-0.16591,53.57812]},"properties":{"name":"Power infrastructure","category":"substation","osm_type":"way","osm_id":"1095712996"}},{"type":"Feature","geometry":{"type":"Point","coordinates":[-0.1917,53.58637]},"properties":{"name":"Power infrastructure","category":"substation","osm_type":"way","osm_id":"1102352842"}},{"type":"Feature","geometry":{"type":"Point","coordinates":[-0.60109,53.56129]},"properties":{"name":"Sweeting Thorns","category":"substation","osm_type":"way","osm_id":"1112329547"}},{"type":"Feature","geometry":{"type":"Point","coordinates":[-0.11016,53.57729]},"properties":{"name":"Power infrastructure","category":"generator","osm_type":"way","osm_id":"1115962439"}},{"type":"Feature","geometry":{"type":"Point","coordinates":[-0.11089,53.57735]},"properties":{"name":"Power infrastructure","category":"generator","osm_type":"way","osm_id":"1115962440"}},{"type":"Feature","geometry":{"type":"Point","coordinates":[-0.11093,53.57738]},"properties":{"name":"Power infrastructure","category":"generator","osm_type":"way","osm_id":"1115962441"}},{"type":"Feature","geometry":{"type":"Point","coordinates":[-0.08812,53.81312]},"properties":{"name":"Power infrastructure","category":"substation","osm_type":"way","osm_id":"1117585314"}},{"type":"Feature","geometry":{"type":"Point","coordinates":[-0.11132,53.56522]},"properties":{"name":"Power infrastructure","category":"substation","osm_type":"way","osm_id":"1124460578"}},{"type":"Feature","geometry":{"type":"Point","coordinates":[-0.41166,53.80039]},"properties":{"name":"Power infrastructure","category":"substation","osm_type":"way","osm_id":"1128023211"}},{"type":"Feature","geometry":{"type":"Point","coordinates":[-0.41882,53.79796]},"properties":{"name":"Creyke Beck Power Substation","category":"substation","osm_type":"way","osm_id":"1128023212"}},{"type":"Feature","geometry":{"type":"Point","coordinates":[-0.43817,53.87588]},"properties":{"name":"Power infrastructure","category":"plant","osm_type":"way","osm_id":"1128186691","operator":"Defence School of Transport"}},{"type":"Feature","geometry":{"type":"Point","coordinates":[-0.58914,53.74478]},"properties":{"name":"Brough Cave Road","category":"substation","osm_type":"way","osm_id":"1144353076"}},{"type":"Feature","geometry":{"type":"Point","coordinates":[-0.58845,53.73812]},"properties":{"name":"Brough Brantingham Grange","category":"substation","osm_type":"way","osm_id":"1144353403"}},{"type":"Feature","geometry":{"type":"Point","coordinates":[-0.73904,53.90836]},"properties":{"name":"Burnby Hayton","category":"substation","osm_type":"way","osm_id":"1144354883"}},{"type":"Feature","geometry":{"type":"Point","coordinates":[-0.73645,53.90878]},"properties":{"name":"Burnby Driffield","category":"substation","osm_type":"way","osm_id":"1144354884"}},{"type":"Feature","geometry":{"type":"Point","coordinates":[-0.73793,53.91125]},"properties":{"name":"Burnby Belthorpe Lane","category":"substation","osm_type":"way","osm_id":"1144354885"}},{"type":"Feature","geometry":{"type":"Point","coordinates":[-0.40324,53.83483]},"properties":{"name":"Figham Hull Road","category":"substation","osm_type":"way","osm_id":"1144940342"}},{"type":"Feature","geometry":{"type":"Point","coordinates":[-0.41938,53.79805]},"properties":{"name":"Creyke Beck Battery Storage","category":"plant","osm_type":"way","osm_id":"1149201592","operator":"Statera Energy","website":"https://stateraenergy.co.uk/projects/creyke-beck-storage"}},{"type":"Feature","geometry":{"type":"Point","coordinates":[-0.41379,53.80097]},"properties":{"name":"Creyke Beck","category":"substation","osm_type":"way","osm_id":"1152801718"}},{"type":"Feature","geometry":{"type":"Point","coordinates":[-0.7493,53.59697]},"properties":{"name":"Keadby 1","category":"substation","osm_type":"way","osm_id":"1152802145"}},{"type":"Feature","geometry":{"type":"Point","coordinates":[-0.98466,53.59055]},"properties":{"name":"Power infrastructure","category":"generator","osm_type":"way","osm_id":"1162796719"}},{"type":"Feature","geometry":{"type":"Point","coordinates":[-0.16782,53.90101]},"properties":{"name":"Rolston Road North","category":"substation","osm_type":"way","osm_id":"1174668620","operator":"Northern Powergrid","ref":"3149"}},{"type":"Feature","geometry":{"type":"Point","coordinates":[-0.16483,53.91033]},"properties":{"name":"Wilton Road","category":"substation","osm_type":"way","osm_id":"1176065557","operator":"Northern Powergrid","ref":"2206"}},{"type":"Feature","geometry":{"type":"Point","coordinates":[-0.17652,53.90196]},"properties":{"name":"Hornsea Hull Road","category":"substation","osm_type":"way","osm_id":"1176065564","operator":"Northern Powergrid","ref":"4047"}},{"type":"Feature","geometry":{"type":"Point","coordinates":[-0.16519,53.90298]},"properties":{"name":"Whimbrel Avenue","category":"substation","osm_type":"way","osm_id":"1176477493","operator":"Northern Powergrid","ref":"4371"}},{"type":"Feature","geometry":{"type":"Point","coordinates":[-0.17402,53.90113]},"properties":{"name":"Marlborough","category":"substation","osm_type":"way","osm_id":"1176477495","operator":"Northern Powergrid","ref":"1708"}},{"type":"Feature","geometry":{"type":"Point","coordinates":[-0.17472,53.91303]},"properties":{"name":"Power infrastructure","category":"substation","osm_type":"way","osm_id":"1176477497","operator":"Northern Powergrid"}},{"type":"Feature","geometry":{"type":"Point","coordinates":[-0.41565,53.7335]},"properties":{"name":"Ashby","category":"substation","osm_type":"way","osm_id":"1188040235"}},{"type":"Feature","geometry":{"type":"Point","coordinates":[-0.08353,53.5613]},"properties":{"name":"Power infrastructure","category":"substation","osm_type":"way","osm_id":"1208463201"}},{"type":"Feature","geometry":{"type":"Point","coordinates":[-0.83925,53.60476]},"properties":{"name":"Power infrastructure","category":"substation","osm_type":"way","osm_id":"1210608541"}},{"type":"Feature","geometry":{"type":"Point","coordinates":[-0.4125,53.83751]},"properties":{"name":"Power infrastructure","category":"substation","osm_type":"way","osm_id":"1211066103"}},{"type":"Feature","geometry":{"type":"Point","coordinates":[-0.53143,53.71607]},"properties":{"name":"Gibson Lane WF","category":"substation","osm_type":"way","osm_id":"1211531884"}},{"type":"Feature","geometry":{"type":"Point","coordinates":[-0.00303,53.51514]},"properties":{"name":"Bishopthorpe WF","category":"substation","osm_type":"way","osm_id":"1212125626"}},{"type":"Feature","geometry":{"type":"Point","coordinates":[-0.06735,53.74542]},"properties":{"name":"Roos WF","category":"substation","osm_type":"way","osm_id":"1213927525"}},{"type":"Feature","geometry":{"type":"Point","coordinates":[-0.23782,53.77558]},"properties":{"name":"Bilton Generation","category":"substation","osm_type":"way","osm_id":"1213928104"}},{"type":"Feature","geometry":{"type":"Point","coordinates":[-0.40201,53.95192]},"properties":{"name":"Scurf Dyke Gen","category":"substation","osm_type":"way","osm_id":"1213928331"}},{"type":"Feature","geometry":{"type":"Point","coordinates":[-0.63218,53.5668]},"properties":{"name":"Power infrastructure","category":"substation","osm_type":"way","osm_id":"1221909955","operator":"Northern Powergrid"}},{"type":"Feature","geometry":{"type":"Point","coordinates":[-0.99922,53.64945]},"properties":{"name":"Power infrastructure","category":"plant","osm_type":"way","osm_id":"1222738126"}},{"type":"Feature","geometry":{"type":"Point","coordinates":[-0.99906,53.64889]},"properties":{"name":"Power infrastructure","category":"generator","osm_type":"way","osm_id":"1222738127"}},{"type":"Feature","geometry":{"type":"Point","coordinates":[-0.9993,53.64906]},"properties":{"name":"Power infrastructure","category":"generator","osm_type":"way","osm_id":"1222738128"}},{"type":"Feature","geometry":{"type":"Point","coordinates":[-0.99918,53.64897]},"properties":{"name":"Power infrastructure","category":"generator","osm_type":"way","osm_id":"1222738129"}},{"type":"Feature","geometry":{"type":"Point","coordinates":[-0.99943,53.64913]},"properties":{"name":"Power infrastructure","category":"generator","osm_type":"way","osm_id":"1222738130"}},{"type":"Feature","geometry":{"type":"Point","coordinates":[-0.99847,53.64917]},"properties":{"name":"Power infrastructure","category":"generator","osm_type":"way","osm_id":"1222738131"}},{"type":"Feature","geometry":{"type":"Point","coordinates":[-0.99968,53.6493]},"properties":{"name":"Power infrastructure","category":"generator","osm_type":"way","osm_id":"1222738132"}},{"type":"Feature","geometry":{"type":"Point","coordinates":[-0.99862,53.64937]},"properties":{"name":"Power infrastructure","category":"generator","osm_type":"way","osm_id":"1222738133"}},{"type":"Feature","geometry":{"type":"Point","coordinates":[-0.99894,53.6488]},"properties":{"name":"Power infrastructure","category":"generator","osm_type":"way","osm_id":"1222738134"}},{"type":"Feature","geometry":{"type":"Point","coordinates":[-0.99917,53.64945]},"properties":{"name":"Power infrastructure","category":"generator","osm_type":"way","osm_id":"1222738135"}},{"type":"Feature","geometry":{"type":"Point","coordinates":[-0.09831,53.56353]},"properties":{"name":"Power infrastructure","category":"substation","osm_type":"way","osm_id":"1228598626"}},{"type":"Feature","geometry":{"type":"Point","coordinates":[-0.04916,53.56674]},"properties":{"name":"Power infrastructure","category":"substation","osm_type":"way","osm_id":"1229915953"}},{"type":"Feature","geometry":{"type":"Point","coordinates":[-0.29087,53.56267]},"properties":{"name":"Great Limber Main Rd","category":"substation","osm_type":"way","osm_id":"1230163139"}},{"type":"Feature","geometry":{"type":"Point","coordinates":[-0.28539,53.58781]},"properties":{"name":"Power infrastructure","category":"substation","osm_type":"way","osm_id":"1230163143"}},{"type":"Feature","geometry":{"type":"Point","coordinates":[-0.28582,53.58806]},"properties":{"name":"Power infrastructure","category":"substation","osm_type":"way","osm_id":"1230166682"}},{"type":"Feature","geometry":{"type":"Point","coordinates":[-0.28482,53.58703]},"properties":{"name":"Power infrastructure","category":"substation","osm_type":"way","osm_id":"1230166683"}},{"type":"Feature","geometry":{"type":"Point","coordinates":[-0.25603,53.61247]},"properties":{"name":"Power infrastructure","category":"substation","osm_type":"way","osm_id":"1230166693"}},{"type":"Feature","geometry":{"type":"Point","coordinates":[-0.05587,53.52099]},"properties":{"name":"Power infrastructure","category":"substation","osm_type":"way","osm_id":"1230193640"}},{"type":"Feature","geometry":{"type":"Point","coordinates":[-0.12653,53.57055]},"properties":{"name":"Power infrastructure","category":"substation","osm_type":"way","osm_id":"1231755763"}},{"type":"Feature","geometry":{"type":"Point","coordinates":[-0.93945,53.7307]},"properties":{"name":"Power infrastructure","category":"generator","osm_type":"way","osm_id":"1234764901"}},{"type":"Feature","geometry":{"type":"Point","coordinates":[-0.93866,53.73064]},"properties":{"name":"Power infrastructure","category":"generator","osm_type":"way","osm_id":"1234764902"}},{"type":"Feature","geometry":{"type":"Point","coordinates":[-0.93814,53.73076]},"properties":{"name":"Power infrastructure","category":"generator","osm_type":"way","osm_id":"1234764903"}},{"type":"Feature","geometry":{"type":"Point","coordinates":[-0.49702,53.79438]},"properties":{"name":"Power infrastructure","category":"plant","osm_type":"way","osm_id":"1235542693"}},{"type":"Feature","geometry":{"type":"Point","coordinates":[-0.64278,53.60068]},"properties":{"name":"Power infrastructure","category":"substation","osm_type":"way","osm_id":"1236143832"}},{"type":"Feature","geometry":{"type":"Point","coordinates":[-0.6408,53.5989]},"properties":{"name":"Power infrastructure","category":"substation","osm_type":"way","osm_id":"1236143833"}},{"type":"Feature","geometry":{"type":"Point","coordinates":[-0.43804,53.8768]},"properties":{"name":"Power infrastructure","category":"generator","osm_type":"way","osm_id":"1238980805"}},{"type":"Feature","geometry":{"type":"Point","coordinates":[-0.43743,53.87667]},"properties":{"name":"Power infrastructure","category":"generator","osm_type":"way","osm_id":"1238980806"}},{"type":"Feature","geometry":{"type":"Point","coordinates":[-0.43743,53.87654]},"properties":{"name":"Power infrastructure","category":"generator","osm_type":"way","osm_id":"1238980807"}},{"type":"Feature","geometry":{"type":"Point","coordinates":[-0.43713,53.87642]},"properties":{"name":"Power infrastructure","category":"generator","osm_type":"way","osm_id":"1238980808"}},{"type":"Feature","geometry":{"type":"Point","coordinates":[-0.43714,53.8763]},"properties":{"name":"Power infrastructure","category":"generator","osm_type":"way","osm_id":"1238980809"}},{"type":"Feature","geometry":{"type":"Point","coordinates":[-0.43745,53.87607]},"properties":{"name":"Power infrastructure","category":"generator","osm_type":"way","osm_id":"1238980810"}},{"type":"Feature","geometry":{"type":"Point","coordinates":[-0.43746,53.87594]},"properties":{"name":"Power infrastructure","category":"generator","osm_type":"way","osm_id":"1238980811"}},{"type":"Feature","geometry":{"type":"Point","coordinates":[-0.43715,53.87618]},"properties":{"name":"Power infrastructure","category":"generator","osm_type":"way","osm_id":"1238980812"}},{"type":"Feature","geometry":{"type":"Point","coordinates":[-0.43838,53.87583]},"properties":{"name":"Power infrastructure","category":"generator","osm_type":"way","osm_id":"1238980813"}},{"type":"Feature","geometry":{"type":"Point","coordinates":[-0.43838,53.87571]},"properties":{"name":"Power infrastructure","category":"generator","osm_type":"way","osm_id":"1238980814"}},{"type":"Feature","geometry":{"type":"Point","coordinates":[-0.43839,53.87559]},"properties":{"name":"Power infrastructure","category":"generator","osm_type":"way","osm_id":"1238980815"}},{"type":"Feature","geometry":{"type":"Point","coordinates":[-0.43839,53.87547]},"properties":{"name":"Power infrastructure","category":"generator","osm_type":"way","osm_id":"1238980816"}},{"type":"Feature","geometry":{"type":"Point","coordinates":[-0.43839,53.87535]},"properties":{"name":"Power infrastructure","category":"generator","osm_type":"way","osm_id":"1238980817"}},{"type":"Feature","geometry":{"type":"Point","coordinates":[-0.4384,53.87511]},"properties":{"name":"Power infrastructure","category":"generator","osm_type":"way","osm_id":"1238980818"}},{"type":"Feature","geometry":{"type":"Point","coordinates":[-0.43872,53.87499]},"properties":{"name":"Power infrastructure","category":"generator","osm_type":"way","osm_id":"1238980819"}},{"type":"Feature","geometry":{"type":"Point","coordinates":[-0.43902,53.87475]},"properties":{"name":"Power infrastructure","category":"generator","osm_type":"way","osm_id":"1238980820"}},{"type":"Feature","geometry":{"type":"Point","coordinates":[-0.43873,53.87487]},"properties":{"name":"Power infrastructure","category":"generator","osm_type":"way","osm_id":"1238980821"}},{"type":"Feature","geometry":{"type":"Point","coordinates":[-0.43839,53.87523]},"properties":{"name":"Power infrastructure","category":"generator","osm_type":"way","osm_id":"1238980822"}},{"type":"Feature","geometry":{"type":"Point","coordinates":[-0.43792,53.87567]},"properties":{"name":"Power infrastructure","category":"substation","osm_type":"way","osm_id":"1238980823"}},{"type":"Feature","geometry":{"type":"Point","coordinates":[-0.95428,53.92618]},"properties":{"name":"Power infrastructure","category":"substation","osm_type":"way","osm_id":"1242576836"}},{"type":"Feature","geometry":{"type":"Point","coordinates":[-0.2937,53.63261]},"properties":{"name":"Power infrastructure","category":"substation","osm_type":"way","osm_id":"1246131753"}},{"type":"Feature","geometry":{"type":"Point","coordinates":[-0.13544,53.53445]},"properties":{"name":"Low Farm Solar 33kV","category":"substation","osm_type":"way","osm_id":"1250509892"}},{"type":"Feature","geometry":{"type":"Point","coordinates":[-0.87024,53.78516]},"properties":{"name":"Spaldington WF","category":"substation","osm_type":"way","osm_id":"1255408452"}},{"type":"Feature","geometry":{"type":"Point","coordinates":[-0.13783,53.51127]},"properties":{"name":"Power infrastructure","category":"substation","osm_type":"way","osm_id":"1259065137"}},{"type":"Feature","geometry":{"type":"Point","coordinates":[-0.13949,53.57074]},"properties":{"name":"Power infrastructure","category":"substation","osm_type":"way","osm_id":"1263577276"}},{"type":"Feature","geometry":{"type":"Point","coordinates":[-0.25376,53.74884]},"properties":{"name":"Great Field Lane Generation","category":"substation","osm_type":"way","osm_id":"1264634994"}},{"type":"Feature","geometry":{"type":"Point","coordinates":[-0.23187,53.74467]},"properties":{"name":"Hull Reserve Power 57923","category":"substation","osm_type":"way","osm_id":"1264635295"}},{"type":"Feature","geometry":{"type":"Point","coordinates":[-0.38313,53.75523]},"properties":{"name":"Power infrastructure","category":"substation","osm_type":"way","osm_id":"1267651185","operator":"UK Power Networks"}},{"type":"Feature","geometry":{"type":"Point","coordinates":[-0.64994,53.85703]},"properties":{"name":"Power infrastructure","category":"substation","osm_type":"way","osm_id":"1272605994"}},{"type":"Feature","geometry":{"type":"Point","coordinates":[-0.65173,53.85658]},"properties":{"name":"Power infrastructure","category":"substation","osm_type":"way","osm_id":"1272605995"}},{"type":"Feature","geometry":{"type":"Point","coordinates":[-0.14298,53.52534]},"properties":{"name":"Power infrastructure","category":"generator","osm_type":"way","osm_id":"1273825995"}},{"type":"Feature","geometry":{"type":"Point","coordinates":[-0.14292,53.52541]},"properties":{"name":"Power infrastructure","category":"generator","osm_type":"way","osm_id":"1273825996"}},{"type":"Feature","geometry":{"type":"Point","coordinates":[-0.14283,53.52548]},"properties":{"name":"Power infrastructure","category":"generator","osm_type":"way","osm_id":"1273825997"}},{"type":"Feature","geometry":{"type":"Point","coordinates":[-0.14281,53.52555]},"properties":{"name":"Power infrastructure","category":"generator","osm_type":"way","osm_id":"1273825998"}},{"type":"Feature","geometry":{"type":"Point","coordinates":[-0.14278,53.52563]},"properties":{"name":"Power infrastructure","category":"generator","osm_type":"way","osm_id":"1273825999"}},{"type":"Feature","geometry":{"type":"Point","coordinates":[-0.14278,53.5257]},"properties":{"name":"Power infrastructure","category":"generator","osm_type":"way","osm_id":"1273826000"}},{"type":"Feature","geometry":{"type":"Point","coordinates":[-0.14277,53.52577]},"properties":{"name":"Power infrastructure","category":"generator","osm_type":"way","osm_id":"1273826001"}},{"type":"Feature","geometry":{"type":"Point","coordinates":[-0.14277,53.52584]},"properties":{"name":"Power infrastructure","category":"generator","osm_type":"way","osm_id":"1273826002"}},{"type":"Feature","geometry":{"type":"Point","coordinates":[-0.14293,53.52665]},"properties":{"name":"Power infrastructure","category":"generator","osm_type":"way","osm_id":"1273826003"}},{"type":"Feature","geometry":{"type":"Point","coordinates":[-0.14309,53.52672]},"properties":{"name":"Power infrastructure","category":"generator","osm_type":"way","osm_id":"1273826004"}},{"type":"Feature","geometry":{"type":"Point","coordinates":[-0.14326,53.5268]},"properties":{"name":"Power infrastructure","category":"generator","osm_type":"way","osm_id":"1273826005"}},{"type":"Feature","geometry":{"type":"Point","coordinates":[-0.14277,53.52592]},"properties":{"name":"Power infrastructure","category":"generator","osm_type":"way","osm_id":"1273826006"}},{"type":"Feature","geometry":{"type":"Point","coordinates":[-0.14277,53.52599]},"properties":{"name":"Power infrastructure","category":"generator","osm_type":"way","osm_id":"1273826007"}},{"type":"Feature","geometry":{"type":"Point","coordinates":[-0.14276,53.52606]},"properties":{"name":"Power infrastructure","category":"generator","osm_type":"way","osm_id":"1273826008"}},{"type":"Feature","geometry":{"type":"Point","coordinates":[-0.14276,53.52613]},"properties":{"name":"Power infrastructure","category":"generator","osm_type":"way","osm_id":"1273826009"}},{"type":"Feature","geometry":{"type":"Point","coordinates":[-0.14276,53.52621]},"properties":{"name":"Power infrastructure","category":"generator","osm_type":"way","osm_id":"1273826010"}},{"type":"Feature","geometry":{"type":"Point","coordinates":[-0.14275,53.52628]},"properties":{"name":"Power infrastructure","category":"generator","osm_type":"way","osm_id":"1273826011"}},{"type":"Feature","geometry":{"type":"Point","coordinates":[-0.14275,53.52635]},"properties":{"name":"Power infrastructure","category":"generator","osm_type":"way","osm_id":"1273826012"}},{"type":"Feature","geometry":{"type":"Point","coordinates":[-0.14275,53.52643]},"properties":{"name":"Power infrastructure","category":"generator","osm_type":"way","osm_id":"1273826013"}},{"type":"Feature","geometry":{"type":"Point","coordinates":[-0.14275,53.5265]},"properties":{"name":"Power infrastructure","category":"generator","osm_type":"way","osm_id":"1273826014"}},{"type":"Feature","geometry":{"type":"Point","coordinates":[-0.14274,53.52657]},"properties":{"name":"Power infrastructure","category":"generator","osm_type":"way","osm_id":"1273826015"}},{"type":"Feature","geometry":{"type":"Point","coordinates":[-0.14361,53.52688]},"properties":{"name":"Power infrastructure","category":"generator","osm_type":"way","osm_id":"1273826016"}},{"type":"Feature","geometry":{"type":"Point","coordinates":[-0.14361,53.52695]},"properties":{"name":"Power infrastructure","category":"generator","osm_type":"way","osm_id":"1273826017"}},{"type":"Feature","geometry":{"type":"Point","coordinates":[-0.14361,53.52702]},"properties":{"name":"Power infrastructure","category":"generator","osm_type":"way","osm_id":"1273826018"}},{"type":"Feature","geometry":{"type":"Point","coordinates":[-0.1436,53.5271]},"properties":{"name":"Power infrastructure","category":"generator","osm_type":"way","osm_id":"1273826019"}},{"type":"Feature","geometry":{"type":"Point","coordinates":[-0.1436,53.52717]},"properties":{"name":"Power infrastructure","category":"generator","osm_type":"way","osm_id":"1273826020"}},{"type":"Feature","geometry":{"type":"Point","coordinates":[-0.1436,53.52724]},"properties":{"name":"Power infrastructure","category":"generator","osm_type":"way","osm_id":"1273826021"}},{"type":"Feature","geometry":{"type":"Point","coordinates":[-0.14377,53.52732]},"properties":{"name":"Power infrastructure","category":"generator","osm_type":"way","osm_id":"1273826022"}},{"type":"Feature","geometry":{"type":"Point","coordinates":[-0.14368,53.52932]},"properties":{"name":"Power infrastructure","category":"generator","osm_type":"way","osm_id":"1273826023"}},{"type":"Feature","geometry":{"type":"Point","coordinates":[-0.14367,53.52925]},"properties":{"name":"Power infrastructure","category":"generator","osm_type":"way","osm_id":"1273826024"}},{"type":"Feature","geometry":{"type":"Point","coordinates":[-0.14366,53.52917]},"properties":{"name":"Power infrastructure","category":"generator","osm_type":"way","osm_id":"1273826025"}},{"type":"Feature","geometry":{"type":"Point","coordinates":[-0.14365,53.5291]},"properties":{"name":"Power infrastructure","category":"generator","osm_type":"way","osm_id":"1273826026"}},{"type":"Feature","geometry":{"type":"Point","coordinates":[-0.14364,53.52903]},"properties":{"name":"Power infrastructure","category":"generator","osm_type":"way","osm_id":"1273826027"}},{"type":"Feature","geometry":{"type":"Point","coordinates":[-0.14362,53.52896]},"properties":{"name":"Power infrastructure","category":"generator","osm_type":"way","osm_id":"1273826028"}},{"type":"Feature","geometry":{"type":"Point","coordinates":[-0.14361,53.52888]},"properties":{"name":"Power infrastructure","category":"generator","osm_type":"way","osm_id":"1273826029"}},{"type":"Feature","geometry":{"type":"Point","coordinates":[-0.1436,53.52881]},"properties":{"name":"Power infrastructure","category":"generator","osm_type":"way","osm_id":"1273826030"}},{"type":"Feature","geometry":{"type":"Point","coordinates":[-0.14359,53.52874]},"properties":{"name":"Power infrastructure","category":"generator","osm_type":"way","osm_id":"1273826031"}},{"type":"Feature","geometry":{"type":"Point","coordinates":[-0.14358,53.52866]},"properties":{"name":"Power infrastructure","category":"generator","osm_type":"way","osm_id":"1273826032"}},{"type":"Feature","geometry":{"type":"Point","coordinates":[-0.14357,53.52859]},"properties":{"name":"Power infrastructure","category":"generator","osm_type":"way","osm_id":"1273826033"}},{"type":"Feature","geometry":{"type":"Point","coordinates":[-0.14356,53.52852]},"properties":{"name":"Power infrastructure","category":"generator","osm_type":"way","osm_id":"1273826034"}},{"type":"Feature","geometry":{"type":"Point","coordinates":[-0.14371,53.52845]},"properties":{"name":"Power infrastructure","category":"generator","osm_type":"way","osm_id":"1273826035"}},{"type":"Feature","geometry":{"type":"Point","coordinates":[-0.14368,53.52838]},"properties":{"name":"Power infrastructure","category":"generator","osm_type":"way","osm_id":"1273826036"}},{"type":"Feature","geometry":{"type":"Point","coordinates":[-0.14365,53.52832]},"properties":{"name":"Power infrastructure","category":"generator","osm_type":"way","osm_id":"1273826037"}},{"type":"Feature","geometry":{"type":"Point","coordinates":[-0.14362,53.52825]},"properties":{"name":"Power infrastructure","category":"generator","osm_type":"way","osm_id":"1273826038"}},{"type":"Feature","geometry":{"type":"Point","coordinates":[-0.14359,53.52819]},"properties":{"name":"Power infrastructure","category":"generator","osm_type":"way","osm_id":"1273826039"}},{"type":"Feature","geometry":{"type":"Point","coordinates":[-0.14356,53.52812]},"properties":{"name":"Power infrastructure","category":"generator","osm_type":"way","osm_id":"1273826040"}},{"type":"Feature","geometry":{"type":"Point","coordinates":[-0.14355,53.52806]},"properties":{"name":"Power infrastructure","category":"generator","osm_type":"way","osm_id":"1273826041"}},{"type":"Feature","geometry":{"type":"Point","coordinates":[-0.14355,53.52799]},"properties":{"name":"Power infrastructure","category":"generator","osm_type":"way","osm_id":"1273826042"}},{"type":"Feature","geometry":{"type":"Point","coordinates":[-0.14355,53.52792]},"properties":{"name":"Power infrastructure","category":"generator","osm_type":"way","osm_id":"1273826043"}},{"type":"Feature","geometry":{"type":"Point","coordinates":[-0.14356,53.52785]},"properties":{"name":"Power infrastructure","category":"generator","osm_type":"way","osm_id":"1273826044"}},{"type":"Feature","geometry":{"type":"Point","coordinates":[-0.14356,53.52779]},"properties":{"name":"Power infrastructure","category":"generator","osm_type":"way","osm_id":"1273826045"}},{"type":"Feature","geometry":{"type":"Point","coordinates":[-0.14357,53.52743]},"properties":{"name":"Power infrastructure","category":"generator","osm_type":"way","osm_id":"1273826046"}},{"type":"Feature","geometry":{"type":"Point","coordinates":[-0.14357,53.5275]},"properties":{"name":"Power infrastructure","category":"generator","osm_type":"way","osm_id":"1273826047"}},{"type":"Feature","geometry":{"type":"Point","coordinates":[-0.14356,53.52757]},"properties":{"name":"Power infrastructure","category":"generator","osm_type":"way","osm_id":"1273826048"}},{"type":"Feature","geometry":{"type":"Point","coordinates":[-0.14356,53.52764]},"properties":{"name":"Power infrastructure","category":"generator","osm_type":"way","osm_id":"1273826049"}},{"type":"Feature","geometry":{"type":"Point","coordinates":[-0.14356,53.52772]},"properties":{"name":"Power infrastructure","category":"generator","osm_type":"way","osm_id":"1273826050"}},{"type":"Feature","geometry":{"type":"Point","coordinates":[-0.14565,53.52613]},"properties":{"name":"Power infrastructure","category":"generator","osm_type":"way","osm_id":"1273826053"}},{"type":"Feature","geometry":{"type":"Point","coordinates":[-0.14565,53.52621]},"properties":{"name":"Power infrastructure","category":"generator","osm_type":"way","osm_id":"1273826054"}},{"type":"Feature","geometry":{"type":"Point","coordinates":[-0.14565,53.52628]},"properties":{"name":"Power infrastructure","category":"generator","osm_type":"way","osm_id":"1273826055"}},{"type":"Feature","geometry":{"type":"Point","coordinates":[-0.14564,53.52635]},"properties":{"name":"Power infrastructure","category":"generator","osm_type":"way","osm_id":"1273826056"}},{"type":"Feature","geometry":{"type":"Point","coordinates":[-0.14564,53.52642]},"properties":{"name":"Power infrastructure","category":"generator","osm_type":"way","osm_id":"1273826057"}},{"type":"Feature","geometry":{"type":"Point","coordinates":[-0.14564,53.52649]},"properties":{"name":"Power infrastructure","category":"generator","osm_type":"way","osm_id":"1273826058"}},{"type":"Feature","geometry":{"type":"Point","coordinates":[-0.14564,53.52657]},"properties":{"name":"Power infrastructure","category":"generator","osm_type":"way","osm_id":"1273826059"}},{"type":"Feature","geometry":{"type":"Point","coordinates":[-0.14563,53.52664]},"properties":{"name":"Power infrastructure","category":"generator","osm_type":"way","osm_id":"1273826060"}},{"type":"Feature","geometry":{"type":"Point","coordinates":[-0.14563,53.52671]},"properties":{"name":"Power infrastructure","category":"generator","osm_type":"way","osm_id":"1273826061"}},{"type":"Feature","geometry":{"type":"Point","coordinates":[-0.14563,53.52678]},"properties":{"name":"Power infrastructure","category":"generator","osm_type":"way","osm_id":"1273826062"}},{"type":"Feature","geometry":{"type":"Point","coordinates":[-0.14563,53.52685]},"properties":{"name":"Power infrastructure","category":"generator","osm_type":"way","osm_id":"1273826063"}},{"type":"Feature","geometry":{"type":"Point","coordinates":[-0.14563,53.52693]},"properties":{"name":"Power infrastructure","category":"generator","osm_type":"way","osm_id":"1273826064"}},{"type":"Feature","geometry":{"type":"Point","coordinates":[-0.14562,53.527]},"properties":{"name":"Power infrastructure","category":"generator","osm_type":"way","osm_id":"1273826065"}},{"type":"Feature","geometry":{"type":"Point","coordinates":[-0.14562,53.52707]},"properties":{"name":"Power infrastructure","category":"generator","osm_type":"way","osm_id":"1273826066"}},{"type":"Feature","geometry":{"type":"Point","coordinates":[-0.14562,53.52714]},"properties":{"name":"Power infrastructure","category":"generator","osm_type":"way","osm_id":"1273826067"}},{"type":"Feature","geometry":{"type":"Point","coordinates":[-0.14562,53.52721]},"properties":{"name":"Power infrastructure","category":"generator","osm_type":"way","osm_id":"1273826068"}},{"type":"Feature","geometry":{"type":"Point","coordinates":[-0.14562,53.52729]},"properties":{"name":"Power infrastructure","category":"generator","osm_type":"way","osm_id":"1273826069"}},{"type":"Feature","geometry":{"type":"Point","coordinates":[-0.14561,53.52736]},"properties":{"name":"Power infrastructure","category":"generator","osm_type":"way","osm_id":"1273826070"}},{"type":"Feature","geometry":{"type":"Point","coordinates":[-0.14564,53.52743]},"properties":{"name":"Power infrastructure","category":"generator","osm_type":"way","osm_id":"1273826071"}},{"type":"Feature","geometry":{"type":"Point","coordinates":[-0.14563,53.52752]},"properties":{"name":"Power infrastructure","category":"generator","osm_type":"way","osm_id":"1273826072"}},{"type":"Feature","geometry":{"type":"Point","coordinates":[-0.14563,53.52759]},"properties":{"name":"Power infrastructure","category":"generator","osm_type":"way","osm_id":"1273826073"}},{"type":"Feature","geometry":{"type":"Point","coordinates":[-0.14563,53.52766]},"properties":{"name":"Power infrastructure","category":"generator","osm_type":"way","osm_id":"1273826074"}},{"type":"Feature","geometry":{"type":"Point","coordinates":[-0.14563,53.52773]},"properties":{"name":"Power infrastructure","category":"generator","osm_type":"way","osm_id":"1273826075"}},{"type":"Feature","geometry":{"type":"Point","coordinates":[-0.14595,53.52781]},"properties":{"name":"Power infrastructure","category":"generator","osm_type":"way","osm_id":"1273826076"}},{"type":"Feature","geometry":{"type":"Point","coordinates":[-0.14595,53.52788]},"properties":{"name":"Power infrastructure","category":"generator","osm_type":"way","osm_id":"1273826077"}},{"type":"Feature","geometry":{"type":"Point","coordinates":[-0.06374,53.51192]},"properties":{"name":"Power infrastructure","category":"substation","osm_type":"way","osm_id":"1278435932"}},{"type":"Feature","geometry":{"type":"Point","coordinates":[-0.04605,53.53606]},"properties":{"name":"Power infrastructure","category":"substation","osm_type":"way","osm_id":"1280959588"}},{"type":"Feature","geometry":{"type":"Point","coordinates":[-0.1991,53.60337]},"properties":{"name":"Mauxhall Farm","category":"substation","osm_type":"way","osm_id":"1283430770"}},{"type":"Feature","geometry":{"type":"Point","coordinates":[-0.2691,53.60808]},"properties":{"name":"Power infrastructure","category":"substation","osm_type":"way","osm_id":"1286656216"}},{"type":"Feature","geometry":{"type":"Point","coordinates":[-0.26692,53.60929]},"properties":{"name":"Power infrastructure","category":"substation","osm_type":"way","osm_id":"1286672234"}},{"type":"Feature","geometry":{"type":"Point","coordinates":[-0.11219,53.55166]},"properties":{"name":"Power infrastructure","category":"substation","osm_type":"way","osm_id":"1293469172"}},{"type":"Feature","geometry":{"type":"Point","coordinates":[-0.11424,53.55364]},"properties":{"name":"Power infrastructure","category":"substation","osm_type":"way","osm_id":"1300074139"}},{"type":"Feature","geometry":{"type":"Point","coordinates":[-0.04308,53.77183]},"properties":{"name":"Power infrastructure","category":"plant","osm_type":"way","osm_id":"1300907052"}},{"type":"Feature","geometry":{"type":"Point","coordinates":[-0.13556,53.56468]},"properties":{"name":"Power infrastructure","category":"substation","osm_type":"way","osm_id":"1305378590"}},{"type":"Feature","geometry":{"type":"Point","coordinates":[-0.11789,53.55239]},"properties":{"name":"Power infrastructure","category":"substation","osm_type":"way","osm_id":"1305624724"}},{"type":"Feature","geometry":{"type":"Point","coordinates":[-0.11959,53.55374]},"properties":{"name":"Power infrastructure","category":"substation","osm_type":"way","osm_id":"1305624725"}},{"type":"Feature","geometry":{"type":"Point","coordinates":[-0.4437,53.8231]},"properties":{"name":"Power infrastructure","category":"plant","osm_type":"way","osm_id":"1307970844","operator":"Morrisons"}},{"type":"Feature","geometry":{"type":"Point","coordinates":[-0.13528,53.5723]},"properties":{"name":"Power infrastructure","category":"substation","osm_type":"way","osm_id":"1308471166"}},{"type":"Feature","geometry":{"type":"Point","coordinates":[-0.05693,53.52419]},"properties":{"name":"Power infrastructure","category":"substation","osm_type":"way","osm_id":"1309293398"}},{"type":"Feature","geometry":{"type":"Point","coordinates":[-0.07047,53.5647]},"properties":{"name":"Power infrastructure","category":"substation","osm_type":"way","osm_id":"1313794039"}},{"type":"Feature","geometry":{"type":"Point","coordinates":[-0.224,53.61501]},"properties":{"name":"Power infrastructure","category":"substation","osm_type":"way","osm_id":"1319002992"}},{"type":"Feature","geometry":{"type":"Point","coordinates":[-0.51118,53.54129]},"properties":{"name":"Power infrastructure","category":"substation","osm_type":"way","osm_id":"1319321492"}},{"type":"Feature","geometry":{"type":"Point","coordinates":[-0.05703,53.50553]},"properties":{"name":"Power infrastructure","category":"substation","osm_type":"way","osm_id":"1319323885"}},{"type":"Feature","geometry":{"type":"Point","coordinates":[-0.05261,53.50216]},"properties":{"name":"Power infrastructure","category":"substation","osm_type":"way","osm_id":"1319323886"}},{"type":"Feature","geometry":{"type":"Point","coordinates":[-0.74293,53.63993]},"properties":{"name":"Power infrastructure","category":"substation","osm_type":"way","osm_id":"1319345521"}},{"type":"Feature","geometry":{"type":"Point","coordinates":[-0.74959,53.59744]},"properties":{"name":"Power infrastructure","category":"substation","osm_type":"way","osm_id":"1319347455"}},{"type":"Feature","geometry":{"type":"Point","coordinates":[-0.74408,53.59698]},"properties":{"name":"Power infrastructure","category":"substation","osm_type":"way","osm_id":"1319347456"}},{"type":"Feature","geometry":{"type":"Point","coordinates":[-0.78102,53.63857]},"properties":{"name":"Power infrastructure","category":"substation","osm_type":"way","osm_id":"1319561119"}},{"type":"Feature","geometry":{"type":"Point","coordinates":[-0.21742,53.61329]},"properties":{"name":"Power infrastructure","category":"substation","osm_type":"way","osm_id":"1324444452"}},{"type":"Feature","geometry":{"type":"Point","coordinates":[-0.23863,53.77314]},"properties":{"name":"Power infrastructure","category":"plant","osm_type":"way","osm_id":"1327964964"}},{"type":"Feature","geometry":{"type":"Point","coordinates":[-0.24143,53.77122]},"properties":{"name":"Power infrastructure","category":"plant","osm_type":"way","osm_id":"1327964967"}},{"type":"Feature","geometry":{"type":"Point","coordinates":[-0.23609,53.77057]},"properties":{"name":"Power infrastructure","category":"plant","osm_type":"way","osm_id":"1327964968"}},{"type":"Feature","geometry":{"type":"Point","coordinates":[-0.24136,53.76884]},"properties":{"name":"Power infrastructure","category":"plant","osm_type":"way","osm_id":"1327964969"}},{"type":"Feature","geometry":{"type":"Point","coordinates":[-0.09047,53.55783]},"properties":{"name":"Power infrastructure","category":"substation","osm_type":"way","osm_id":"1332704885"}},{"type":"Feature","geometry":{"type":"Point","coordinates":[-0.05787,53.55213]},"properties":{"name":"Power infrastructure","category":"substation","osm_type":"way","osm_id":"1332709678"}},{"type":"Feature","geometry":{"type":"Point","coordinates":[-0.09064,53.54662]},"properties":{"name":"Power infrastructure","category":"substation","osm_type":"way","osm_id":"1332728593"}},{"type":"Feature","geometry":{"type":"Point","coordinates":[-0.02559,53.5503]},"properties":{"name":"Power infrastructure","category":"substation","osm_type":"way","osm_id":"1334896537"}},{"type":"Feature","geometry":{"type":"Point","coordinates":[-0.02683,53.54508]},"properties":{"name":"Power infrastructure","category":"substation","osm_type":"way","osm_id":"1334897441"}},{"type":"Feature","geometry":{"type":"Point","coordinates":[-0.08947,53.54357]},"properties":{"name":"Power infrastructure","category":"substation","osm_type":"way","osm_id":"1335729746"}},{"type":"Feature","geometry":{"type":"Point","coordinates":[-0.08733,53.56074]},"properties":{"name":"Power infrastructure","category":"substation","osm_type":"way","osm_id":"1336279118"}},{"type":"Feature","geometry":{"type":"Point","coordinates":[-0.15433,53.57791]},"properties":{"name":"Power infrastructure","category":"substation","osm_type":"way","osm_id":"1337615747","addr:city":"Grimsby","addr:postcode":"DN41 7RX"}},{"type":"Feature","geometry":{"type":"Point","coordinates":[-0.02072,53.55072]},"properties":{"name":"Power infrastructure","category":"substation","osm_type":"way","osm_id":"1338129768"}},{"type":"Feature","geometry":{"type":"Point","coordinates":[-0.05474,53.56211]},"properties":{"name":"Power infrastructure","category":"substation","osm_type":"way","osm_id":"1339054459"}},{"type":"Feature","geometry":{"type":"Point","coordinates":[-0.09705,53.58201]},"properties":{"name":"Power infrastructure","category":"substation","osm_type":"way","osm_id":"1339344449"}},{"type":"Feature","geometry":{"type":"Point","coordinates":[-0.02428,53.54756]},"properties":{"name":"Power infrastructure","category":"substation","osm_type":"way","osm_id":"1339612049"}},{"type":"Feature","geometry":{"type":"Point","coordinates":[-0.02555,53.52346]},"properties":{"name":"Power infrastructure","category":"substation","osm_type":"way","osm_id":"1340993910"}},{"type":"Feature","geometry":{"type":"Point","coordinates":[-0.08984,53.57311]},"properties":{"name":"Power infrastructure","category":"substation","osm_type":"way","osm_id":"1341393933"}},{"type":"Feature","geometry":{"type":"Point","coordinates":[-0.02398,53.53677]},"properties":{"name":"Power infrastructure","category":"substation","osm_type":"way","osm_id":"1342711885"}},{"type":"Feature","geometry":{"type":"Point","coordinates":[-0.0206,53.53785]},"properties":{"name":"Power infrastructure","category":"substation","osm_type":"way","osm_id":"1342714949"}},{"type":"Feature","geometry":{"type":"Point","coordinates":[-0.09783,53.55914]},"properties":{"name":"Power infrastructure","category":"substation","osm_type":"way","osm_id":"1344424413"}},{"type":"Feature","geometry":{"type":"Point","coordinates":[-0.24801,53.57538]},"properties":{"name":"Power infrastructure","category":"substation","osm_type":"way","osm_id":"1344632695"}},{"type":"Feature","geometry":{"type":"Point","coordinates":[-0.24305,53.57326]},"properties":{"name":"Power infrastructure","category":"substation","osm_type":"way","osm_id":"1344642585"}},{"type":"Feature","geometry":{"type":"Point","coordinates":[-0.0343,53.55482]},"properties":{"name":"Power infrastructure","category":"substation","osm_type":"way","osm_id":"1344880140"}},{"type":"Feature","geometry":{"type":"Point","coordinates":[-0.0302,53.55292]},"properties":{"name":"Power infrastructure","category":"substation","osm_type":"way","osm_id":"1344895973"}},{"type":"Feature","geometry":{"type":"Point","coordinates":[-0.22005,53.54774]},"properties":{"name":"Power infrastructure","category":"substation","osm_type":"way","osm_id":"1346661743"}},{"type":"Feature","geometry":{"type":"Point","coordinates":[-0.0969,53.52825]},"properties":{"name":"Power infrastructure","category":"substation","osm_type":"way","osm_id":"1347158220"}},{"type":"Feature","geometry":{"type":"Point","coordinates":[-0.10266,53.5277]},"properties":{"name":"Power infrastructure","category":"substation","osm_type":"way","osm_id":"1347158221"}},{"type":"Feature","geometry":{"type":"Point","coordinates":[-0.09167,53.5685]},"properties":{"name":"Power infrastructure","category":"substation","osm_type":"way","osm_id":"1347195895"}},{"type":"Feature","geometry":{"type":"Point","coordinates":[-0.04064,53.56719]},"properties":{"name":"Power infrastructure","category":"substation","osm_type":"way","osm_id":"1347405886"}},{"type":"Feature","geometry":{"type":"Point","coordinates":[-0.10578,53.56737]},"properties":{"name":"Power infrastructure","category":"substation","osm_type":"way","osm_id":"1347796862"}},{"type":"Feature","geometry":{"type":"Point","coordinates":[-0.10727,53.56645]},"properties":{"name":"Power infrastructure","category":"substation","osm_type":"way","osm_id":"1347797419"}},{"type":"Feature","geometry":{"type":"Point","coordinates":[-0.04022,53.54909]},"properties":{"name":"Power infrastructure","category":"substation","osm_type":"way","osm_id":"1347826744"}},{"type":"Feature","geometry":{"type":"Point","coordinates":[-0.07756,53.56056]},"properties":{"name":"Power infrastructure","category":"substation","osm_type":"way","osm_id":"1347828972"}},{"type":"Feature","geometry":{"type":"Point","coordinates":[-0.13496,53.55608]},"properties":{"name":"Power infrastructure","category":"substation","osm_type":"way","osm_id":"1347830471","operator":"Northern Powergrid"}},{"type":"Feature","geometry":{"type":"Point","coordinates":[-0.0924,53.54875]},"properties":{"name":"Power infrastructure","category":"substation","osm_type":"way","osm_id":"1347842473"}},{"type":"Feature","geometry":{"type":"Point","coordinates":[-0.05638,53.56293]},"properties":{"name":"Power infrastructure","category":"substation","osm_type":"way","osm_id":"1347979043"}},{"type":"Feature","geometry":{"type":"Point","coordinates":[-0.08126,53.55636]},"properties":{"name":"Power infrastructure","category":"substation","osm_type":"way","osm_id":"1348047149"}},{"type":"Feature","geometry":{"type":"Point","coordinates":[-0.11291,53.54841]},"properties":{"name":"Power infrastructure","category":"substation","osm_type":"way","osm_id":"1348059186"}},{"type":"Feature","geometry":{"type":"Point","coordinates":[-0.11926,53.52574]},"properties":{"name":"Power infrastructure","category":"substation","osm_type":"way","osm_id":"1348373748"}},{"type":"Feature","geometry":{"type":"Point","coordinates":[-0.22944,53.53849]},"properties":{"name":"Power infrastructure","category":"substation","osm_type":"way","osm_id":"1348504932"}},{"type":"Feature","geometry":{"type":"Point","coordinates":[-0.09832,53.53928]},"properties":{"name":"Power infrastructure","category":"substation","osm_type":"way","osm_id":"1358438628"}},{"type":"Feature","geometry":{"type":"Point","coordinates":[-0.29635,53.7848]},"properties":{"name":"Power infrastructure","category":"substation","osm_type":"way","osm_id":"1360153034"}},{"type":"Feature","geometry":{"type":"Point","coordinates":[-0.02493,53.55594]},"properties":{"name":"Barkhouse Lane Substation","category":"substation","osm_type":"way","osm_id":"1360711092","ref":"1240"}},{"type":"Feature","geometry":{"type":"Point","coordinates":[-0.53394,53.72277]},"properties":{"name":"Power infrastructure","category":"generator","osm_type":"way","osm_id":"1361438997"}},{"type":"Feature","geometry":{"type":"Point","coordinates":[-0.11102,53.51277]},"properties":{"name":"Power infrastructure","category":"substation","osm_type":"way","osm_id":"1361743303"}},{"type":"Feature","geometry":{"type":"Point","coordinates":[-0.10774,53.51277]},"properties":{"name":"Power infrastructure","category":"substation","osm_type":"way","osm_id":"1361945148"}},{"type":"Feature","geometry":{"type":"Point","coordinates":[-0.09971,53.51956]},"properties":{"name":"Power infrastructure","category":"substation","osm_type":"way","osm_id":"1362264902"}},{"type":"Feature","geometry":{"type":"Point","coordinates":[-0.10855,53.51448]},"properties":{"name":"Power infrastructure","category":"substation","osm_type":"way","osm_id":"1362266089"}},{"type":"Feature","geometry":{"type":"Point","coordinates":[-0.84437,53.75366]},"properties":{"name":"Power infrastructure","category":"substation","osm_type":"way","osm_id":"1362431915"}},{"type":"Feature","geometry":{"type":"Point","coordinates":[-0.09605,53.51726]},"properties":{"name":"Power infrastructure","category":"substation","osm_type":"way","osm_id":"1362592019"}},{"type":"Feature","geometry":{"type":"Point","coordinates":[-0.16919,53.54529]},"properties":{"name":"Power infrastructure","category":"substation","osm_type":"way","osm_id":"1362618685"}},{"type":"Feature","geometry":{"type":"Point","coordinates":[-0.16791,53.54269]},"properties":{"name":"Power infrastructure","category":"substation","osm_type":"way","osm_id":"1362913551"}},{"type":"Feature","geometry":{"type":"Point","coordinates":[-0.65821,53.55734]},"properties":{"name":"Power infrastructure","category":"substation","osm_type":"way","osm_id":"1363803449"}},{"type":"Feature","geometry":{"type":"Point","coordinates":[-0.1204,53.52808]},"properties":{"name":"Power infrastructure","category":"substation","osm_type":"way","osm_id":"1363874142"}},{"type":"Feature","geometry":{"type":"Point","coordinates":[-0.15514,53.52847]},"properties":{"name":"Laceby Golf centre","category":"substation","osm_type":"way","osm_id":"1363874564"}},{"type":"Feature","geometry":{"type":"Point","coordinates":[-0.14808,53.52249]},"properties":{"name":"Laceby Solar","category":"substation","osm_type":"way","osm_id":"1363875713"}},{"type":"Feature","geometry":{"type":"Point","coordinates":[-0.41349,53.99605]},"properties":{"name":"Driffield Solar","category":"substation","osm_type":"way","osm_id":"1372521701"}},{"type":"Feature","geometry":{"type":"Point","coordinates":[-0.32836,53.61809]},"properties":{"name":"Power infrastructure","category":"substation","osm_type":"way","osm_id":"1377260029","operator":"Northern Powergrid"}},{"type":"Feature","geometry":{"type":"Point","coordinates":[-0.4045,53.56941]},"properties":{"name":"Power infrastructure","category":"substation","osm_type":"way","osm_id":"1378013990"}},{"type":"Feature","geometry":{"type":"Point","coordinates":[-0.15646,53.58038]},"properties":{"name":"Power infrastructure","category":"substation","osm_type":"way","osm_id":"1378898329","operator":"Northern Power Grid"}},{"type":"Feature","geometry":{"type":"Point","coordinates":[-0.63337,53.58898]},"properties":{"name":"Power infrastructure","category":"substation","osm_type":"way","osm_id":"1381714411"}},{"type":"Feature","geometry":{"type":"Point","coordinates":[-0.62253,53.58819]},"properties":{"name":"Power infrastructure","category":"substation","osm_type":"way","osm_id":"1381714433"}},{"type":"Feature","geometry":{"type":"Point","coordinates":[-0.13061,53.50995]},"properties":{"name":"Power infrastructure","category":"generator","osm_type":"way","osm_id":"1383236412"}},{"type":"Feature","geometry":{"type":"Point","coordinates":[-0.04729,53.55781]},"properties":{"name":"Power infrastructure","category":"substation","osm_type":"way","osm_id":"1390086983"}},{"type":"Feature","geometry":{"type":"Point","coordinates":[-0.26128,53.78217]},"properties":{"name":"Power infrastructure","category":"substation","osm_type":"way","osm_id":"1390538491"}},{"type":"Feature","geometry":{"type":"Point","coordinates":[-0.25444,53.77986]},"properties":{"name":"Power infrastructure","category":"substation","osm_type":"way","osm_id":"1390540842"}},{"type":"Feature","geometry":{"type":"Point","coordinates":[-0.40777,53.99192]},"properties":{"name":"Driffield Solar Farm","category":"plant","osm_type":"way","osm_id":"1391444372","operator":"BayWa r.e. UK Limited","website":"https://www.baywa-re.co.uk/en/solar/driffield-solar-farm-battery-storage-system"}},{"type":"Feature","geometry":{"type":"Point","coordinates":[-0.66711,53.57884]},"properties":{"name":"Kingsway College 60287","category":"substation","osm_type":"way","osm_id":"1392219759"}},{"type":"Feature","geometry":{"type":"Point","coordinates":[-0.66982,53.58071]},"properties":{"name":"Tanashi Dori","category":"substation","osm_type":"way","osm_id":"1392220180"}},{"type":"Feature","geometry":{"type":"Point","coordinates":[-0.66614,53.57824]},"properties":{"name":"Technical College","category":"substation","osm_type":"way","osm_id":"1392220197"}},{"type":"Feature","geometry":{"type":"Point","coordinates":[-0.23132,53.74754]},"properties":{"name":"Humber Gateway onshore substation","category":"substation","osm_type":"way","osm_id":"1393671376","operator":"Humber Gateway OFTO"}},{"type":"Feature","geometry":{"type":"Point","coordinates":[-0.14157,53.51041]},"properties":{"name":"Power infrastructure","category":"substation","osm_type":"way","osm_id":"1394161101"}},{"type":"Feature","geometry":{"type":"Point","coordinates":[-0.17708,53.54184]},"properties":{"name":"Power infrastructure","category":"substation","osm_type":"way","osm_id":"1395060650"}},{"type":"Feature","geometry":{"type":"Point","coordinates":[-0.08512,53.5286]},"properties":{"name":"Power infrastructure","category":"substation","osm_type":"way","osm_id":"1395306888"}},{"type":"Feature","geometry":{"type":"Point","coordinates":[-0.06363,53.50826]},"properties":{"name":"Power infrastructure","category":"substation","osm_type":"way","osm_id":"1396233411"}},{"type":"Feature","geometry":{"type":"Point","coordinates":[-0.06299,53.50396]},"properties":{"name":"Power infrastructure","category":"substation","osm_type":"way","osm_id":"1396250361"}},{"type":"Feature","geometry":{"type":"Point","coordinates":[-0.01734,53.53775]},"properties":{"name":"Power infrastructure","category":"substation","osm_type":"way","osm_id":"1408447614"}},{"type":"Feature","geometry":{"type":"Point","coordinates":[-0.04597,53.54781]},"properties":{"name":"Power infrastructure","category":"substation","osm_type":"way","osm_id":"1408451042"}},{"type":"Feature","geometry":{"type":"Point","coordinates":[-0.04365,53.5534]},"properties":{"name":"Power infrastructure","category":"substation","osm_type":"way","osm_id":"1408655228"}},{"type":"Feature","geometry":{"type":"Point","coordinates":[-0.04735,53.54399]},"properties":{"name":"Power infrastructure","category":"substation","osm_type":"way","osm_id":"1408669334"}},{"type":"Feature","geometry":{"type":"Point","coordinates":[-0.27732,53.74651]},"properties":{"name":"Northern Gateway Biomass","category":"substation","osm_type":"way","osm_id":"1412493816"}},{"type":"Feature","geometry":{"type":"Point","coordinates":[-0.94447,53.98976]},"properties":{"name":"Power infrastructure","category":"substation","osm_type":"way","osm_id":"1414694590"}},{"type":"Feature","geometry":{"type":"Point","coordinates":[-0.44039,53.77376]},"properties":{"name":"Power infrastructure","category":"plant","osm_type":"way","osm_id":"1418302775"}},{"type":"Feature","geometry":{"type":"Point","coordinates":[-0.44877,53.77463]},"properties":{"name":"Power infrastructure","category":"plant","osm_type":"way","osm_id":"1418302776"}},{"type":"Feature","geometry":{"type":"Point","coordinates":[-0.41381,53.99512]},"properties":{"name":"Driffield Solar Farm Battery Storage","category":"plant","osm_type":"way","osm_id":"1418365576","operator":"BayWa r.e. UK Limited"}},{"type":"Feature","geometry":{"type":"Point","coordinates":[-0.02021,53.53262]},"properties":{"name":"Power infrastructure","category":"substation","osm_type":"way","osm_id":"1421911082"}},{"type":"Feature","geometry":{"type":"Point","coordinates":[-0.33116,53.67757]},"properties":{"name":"Power infrastructure","category":"substation","osm_type":"way","osm_id":"1421928391"}},{"type":"Feature","geometry":{"type":"Point","coordinates":[-0.25993,53.62943]},"properties":{"name":"Power infrastructure","category":"substation","osm_type":"way","osm_id":"1422481549"}},{"type":"Feature","geometry":{"type":"Point","coordinates":[-0.25644,53.63894]},"properties":{"name":"Power infrastructure","category":"substation","osm_type":"way","osm_id":"1422481656"}},{"type":"Feature","geometry":{"type":"Point","coordinates":[-0.25523,53.63836]},"properties":{"name":"Power infrastructure","category":"substation","osm_type":"way","osm_id":"1422481657"}},{"type":"Feature","geometry":{"type":"Point","coordinates":[-0.9177,53.95405]},"properties":{"name":"Catton Lane Sw","category":"substation","osm_type":"way","osm_id":"1425638993"}},{"type":"Feature","geometry":{"type":"Point","coordinates":[-0.36603,53.7789]},"properties":{"name":"Power infrastructure","category":"substation","osm_type":"way","osm_id":"1426884757"}},{"type":"Feature","geometry":{"type":"Point","coordinates":[-0.7484,53.59663]},"properties":{"name":"New Keadby 132kV GIS","category":"substation","osm_type":"way","osm_id":"1428388844"}},{"type":"Feature","geometry":{"type":"Point","coordinates":[-0.38137,53.68079]},"properties":{"name":"Power infrastructure","category":"substation","osm_type":"way","osm_id":"1429039600"}},{"type":"Feature","geometry":{"type":"Point","coordinates":[-0.30278,53.77578]},"properties":{"name":"Power infrastructure","category":"substation","osm_type":"way","osm_id":"1431205332"}},{"type":"Feature","geometry":{"type":"Point","coordinates":[-0.58026,53.7307]},"properties":{"name":"Power infrastructure","category":"substation","osm_type":"way","osm_id":"1431805756"}},{"type":"Feature","geometry":{"type":"Point","coordinates":[-0.93951,53.99031]},"properties":{"name":"Power infrastructure","category":"plant","osm_type":"way","osm_id":"1433323246"}},{"type":"Feature","geometry":{"type":"Point","coordinates":[-0.95163,53.62932]},"properties":{"name":"Power infrastructure","category":"substation","osm_type":"way","osm_id":"1433984905"}},{"type":"Feature","geometry":{"type":"Point","coordinates":[-0.99724,53.8131]},"properties":{"name":"Power infrastructure","category":"plant","osm_type":"way","osm_id":"1434677283"}},{"type":"Feature","geometry":{"type":"Point","coordinates":[-0.2378,53.63849]},"properties":{"name":"Power infrastructure","category":"substation","osm_type":"way","osm_id":"1435146021"}},{"type":"Feature","geometry":{"type":"Point","coordinates":[-0.41931,53.79764]},"properties":{"name":"Power infrastructure","category":"substation","osm_type":"way","osm_id":"1436771903"}},{"type":"Feature","geometry":{"type":"Point","coordinates":[-0.35833,53.59071]},"properties":{"name":"Melton Ross","category":"plant","osm_type":"way","osm_id":"1442631887","operator":"Singleton Birch / Energos"}},{"type":"Feature","geometry":{"type":"Point","coordinates":[-0.67643,53.59359]},"properties":{"name":"Power infrastructure","category":"generator","osm_type":"way","osm_id":"1444583986"}},{"type":"Feature","geometry":{"type":"Point","coordinates":[-0.66619,53.57454]},"properties":{"name":"John Leggott College Solar Array","category":"generator","osm_type":"way","osm_id":"1444685884","operator":"North Lincolnshire Community Energy","website":"https://nlce.coop/2024/11/06/john-leggott-college/"}},{"type":"Feature","geometry":{"type":"Point","coordinates":[-0.68188,53.55941]},"properties":{"name":"Kingfisher Lodge Solar Array","category":"generator","osm_type":"way","osm_id":"1444685885","operator":"North Lincolnshire Community Energy","website":"https://nlce.coop/2025/03/25/kingfisher-lodge/"}},{"type":"Feature","geometry":{"type":"Point","coordinates":[-0.65452,53.58701]},"properties":{"name":"North Lincolnshire Museum Solar Array","category":"generator","osm_type":"way","osm_id":"1444722885","operator":"North Lincolnshire Community Energy","website":"https://nlce.coop/2024/11/06/north-lincs-museum/"}},{"type":"Feature","geometry":{"type":"Point","coordinates":[-0.65188,53.56221]},"properties":{"name":"Oakfield Primary School Solar Array","category":"generator","osm_type":"way","osm_id":"1444722886","operator":"North Lincolnshire Community Energy","website":"https://nlce.coop/2024/11/06/oakfield-primary-school/"}},{"type":"Feature","geometry":{"type":"Point","coordinates":[-0.65938,53.59023]},"properties":{"name":"The Baths Hall Solar Array","category":"generator","osm_type":"way","osm_id":"1444722895","operator":"North Lincolnshire Community Energy","website":"https://nlce.coop/2024/11/06/the-baths-hall/"}},{"type":"Feature","geometry":{"type":"Point","coordinates":[-0.68064,53.56568]},"properties":{"name":"Power infrastructure","category":"substation","osm_type":"way","osm_id":"1448176270"}},{"type":"Feature","geometry":{"type":"Point","coordinates":[-0.43041,53.50265]},"properties":{"name":"Power infrastructure","category":"substation","osm_type":"way","osm_id":"1448241820"}},{"type":"Feature","geometry":{"type":"Point","coordinates":[-0.42818,53.50219]},"properties":{"name":"Power infrastructure","category":"substation","osm_type":"way","osm_id":"1448241822"}},{"type":"Feature","geometry":{"type":"Point","coordinates":[-0.24247,53.57102]},"properties":{"name":"Power infrastructure","category":"substation","osm_type":"way","osm_id":"1450122529"}},{"type":"Feature","geometry":{"type":"Point","coordinates":[-0.67888,53.65003]},"properties":{"name":"Power infrastructure","category":"substation","osm_type":"way","osm_id":"1452208983"}},{"type":"Feature","geometry":{"type":"Point","coordinates":[-0.84984,53.70869]},"properties":{"name":"Power infrastructure","category":"substation","osm_type":"way","osm_id":"1457435601"}},{"type":"Feature","geometry":{"type":"Point","coordinates":[-0.37164,53.56741]},"properties":{"name":"Power infrastructure","category":"generator","osm_type":"way","osm_id":"1462326989"}},{"type":"Feature","geometry":{"type":"Point","coordinates":[-0.37161,53.56732]},"properties":{"name":"Power infrastructure","category":"generator","osm_type":"way","osm_id":"1462326990"}},{"type":"Feature","geometry":{"type":"Point","coordinates":[-0.37162,53.56723]},"properties":{"name":"Power infrastructure","category":"generator","osm_type":"way","osm_id":"1462326991"}},{"type":"Feature","geometry":{"type":"Point","coordinates":[-0.37163,53.56714]},"properties":{"name":"Power infrastructure","category":"generator","osm_type":"way","osm_id":"1462326992"}},{"type":"Feature","geometry":{"type":"Point","coordinates":[-0.37164,53.56705]},"properties":{"name":"Power infrastructure","category":"generator","osm_type":"way","osm_id":"1462326993"}},{"type":"Feature","geometry":{"type":"Point","coordinates":[-0.37165,53.56696]},"properties":{"name":"Power infrastructure","category":"generator","osm_type":"way","osm_id":"1462326994"}},{"type":"Feature","geometry":{"type":"Point","coordinates":[-0.37166,53.56687]},"properties":{"name":"Power infrastructure","category":"generator","osm_type":"way","osm_id":"1462326995"}},{"type":"Feature","geometry":{"type":"Point","coordinates":[-0.40175,53.63098]},"properties":{"name":"Power infrastructure","category":"generator","osm_type":"way","osm_id":"1462579346"}},{"type":"Feature","geometry":{"type":"Point","coordinates":[-0.402,53.63044]},"properties":{"name":"Power infrastructure","category":"generator","osm_type":"way","osm_id":"1462579347"}},{"type":"Feature","geometry":{"type":"Point","coordinates":[-0.40275,53.62988]},"properties":{"name":"Power infrastructure","category":"generator","osm_type":"way","osm_id":"1462579348"}},{"type":"Feature","geometry":{"type":"Point","coordinates":[-0.40207,53.63002]},"properties":{"name":"Power infrastructure","category":"generator","osm_type":"way","osm_id":"1462579349"}},{"type":"Feature","geometry":{"type":"Point","coordinates":[-0.40201,53.63011]},"properties":{"name":"Power infrastructure","category":"generator","osm_type":"way","osm_id":"1462579350"}},{"type":"Feature","geometry":{"type":"Point","coordinates":[-0.40195,53.6302]},"properties":{"name":"Power infrastructure","category":"generator","osm_type":"way","osm_id":"1462579351"}},{"type":"Feature","geometry":{"type":"Point","coordinates":[-0.4019,53.6303]},"properties":{"name":"Power infrastructure","category":"generator","osm_type":"way","osm_id":"1462579352"}},{"type":"Feature","geometry":{"type":"Point","coordinates":[-0.40247,53.63034]},"properties":{"name":"Power infrastructure","category":"generator","osm_type":"way","osm_id":"1462579353"}},{"type":"Feature","geometry":{"type":"Point","coordinates":[-0.40234,53.63052]},"properties":{"name":"Power infrastructure","category":"generator","osm_type":"way","osm_id":"1462579354"}},{"type":"Feature","geometry":{"type":"Point","coordinates":[-0.40167,53.63066]},"properties":{"name":"Power infrastructure","category":"generator","osm_type":"way","osm_id":"1462579355"}},{"type":"Feature","geometry":{"type":"Point","coordinates":[-0.40161,53.63075]},"properties":{"name":"Power infrastructure","category":"generator","osm_type":"way","osm_id":"1462579356"}},{"type":"Feature","geometry":{"type":"Point","coordinates":[-0.40217,53.63079]},"properties":{"name":"Power infrastructure","category":"generator","osm_type":"way","osm_id":"1462579357"}},{"type":"Feature","geometry":{"type":"Point","coordinates":[-0.40151,53.63093]},"properties":{"name":"Power infrastructure","category":"generator","osm_type":"way","osm_id":"1462579358"}},{"type":"Feature","geometry":{"type":"Point","coordinates":[-0.42131,53.62803]},"properties":{"name":"Power infrastructure","category":"generator","osm_type":"way","osm_id":"1462579359"}},{"type":"Feature","geometry":{"type":"Point","coordinates":[-0.42112,53.62811]},"properties":{"name":"Power infrastructure","category":"generator","osm_type":"way","osm_id":"1462579360"}},{"type":"Feature","geometry":{"type":"Point","coordinates":[-0.42117,53.6282]},"properties":{"name":"Power infrastructure","category":"generator","osm_type":"way","osm_id":"1462579361"}},{"type":"Feature","geometry":{"type":"Point","coordinates":[-0.42122,53.62829]},"properties":{"name":"Power infrastructure","category":"generator","osm_type":"way","osm_id":"1462579362"}},{"type":"Feature","geometry":{"type":"Point","coordinates":[-0.42128,53.62838]},"properties":{"name":"Power infrastructure","category":"generator","osm_type":"way","osm_id":"1462579363"}},{"type":"Feature","geometry":{"type":"Point","coordinates":[-0.42169,53.62899]},"properties":{"name":"Power infrastructure","category":"generator","osm_type":"way","osm_id":"1462579364"}},{"type":"Feature","geometry":{"type":"Point","coordinates":[-0.42134,53.62846]},"properties":{"name":"Power infrastructure","category":"generator","osm_type":"way","osm_id":"1462579365"}},{"type":"Feature","geometry":{"type":"Point","coordinates":[-0.42139,53.62855]},"properties":{"name":"Power infrastructure","category":"generator","osm_type":"way","osm_id":"1462579366"}},{"type":"Feature","geometry":{"type":"Point","coordinates":[-0.42145,53.62864]},"properties":{"name":"Power infrastructure","category":"generator","osm_type":"way","osm_id":"1462579367"}},{"type":"Feature","geometry":{"type":"Point","coordinates":[-0.42151,53.62872]},"properties":{"name":"Power infrastructure","category":"generator","osm_type":"way","osm_id":"1462579368"}},{"type":"Feature","geometry":{"type":"Point","coordinates":[-0.42156,53.62881]},"properties":{"name":"Power infrastructure","category":"generator","osm_type":"way","osm_id":"1462579369"}},{"type":"Feature","geometry":{"type":"Point","coordinates":[-0.42163,53.6289]},"properties":{"name":"Power infrastructure","category":"generator","osm_type":"way","osm_id":"1462579370"}},{"type":"Feature","geometry":{"type":"Point","coordinates":[-0.40518,53.62849]},"properties":{"name":"Power infrastructure","category":"generator","osm_type":"way","osm_id":"1462579377"}},{"type":"Feature","geometry":{"type":"Point","coordinates":[-0.40558,53.62838]},"properties":{"name":"Power infrastructure","category":"generator","osm_type":"way","osm_id":"1462579378"}},{"type":"Feature","geometry":{"type":"Point","coordinates":[-0.40532,53.62835]},"properties":{"name":"Power infrastructure","category":"generator","osm_type":"way","osm_id":"1462579379"}},{"type":"Feature","geometry":{"type":"Point","coordinates":[-0.40539,53.62828]},"properties":{"name":"Power infrastructure","category":"generator","osm_type":"way","osm_id":"1462579380"}},{"type":"Feature","geometry":{"type":"Point","coordinates":[-0.40547,53.62821]},"properties":{"name":"Power infrastructure","category":"generator","osm_type":"way","osm_id":"1462579381"}},{"type":"Feature","geometry":{"type":"Point","coordinates":[-0.02574,53.53518]},"properties":{"name":"Power infrastructure","category":"substation","osm_type":"way","osm_id":"1462796271"}},{"type":"Feature","geometry":{"type":"Point","coordinates":[-0.54031,53.53784]},"properties":{"name":"Power infrastructure","category":"substation","osm_type":"way","osm_id":"1464134168"}},{"type":"Feature","geometry":{"type":"Point","coordinates":[-0.04451,53.55916]},"properties":{"name":"Power infrastructure","category":"substation","osm_type":"way","osm_id":"1466475576"}},{"type":"Feature","geometry":{"type":"Point","coordinates":[-0.04687,53.56435]},"properties":{"name":"Power infrastructure","category":"substation","osm_type":"way","osm_id":"1466475579"}},{"type":"Feature","geometry":{"type":"Point","coordinates":[-0.49677,53.73603]},"properties":{"name":"Power infrastructure","category":"substation","osm_type":"way","osm_id":"1473377443"}},{"type":"Feature","geometry":{"type":"Point","coordinates":[-0.18213,53.60762]},"properties":{"name":"Power infrastructure","category":"substation","osm_type":"way","osm_id":"1474200294"}},{"type":"Feature","geometry":{"type":"Point","coordinates":[-0.18268,53.6078]},"properties":{"name":"Trondheim Way Immingham BESS","category":"plant","osm_type":"way","osm_id":"1474200295","operator":"KXP Immingham Ltd"}},{"type":"Feature","geometry":{"type":"Point","coordinates":[-0.041,53.55179]},"properties":{"name":"Power infrastructure","category":"substation","osm_type":"way","osm_id":"1480139582"}},{"type":"Feature","geometry":{"type":"Point","coordinates":[-0.74824,53.74028]},"properties":{"name":"Power infrastructure","category":"plant","osm_type":"way","osm_id":"1486275510"}},{"type":"Feature","geometry":{"type":"Point","coordinates":[-0.18377,53.58705]},"properties":{"name":"Power infrastructure","category":"substation","osm_type":"way","osm_id":"1486707947"}},{"type":"Feature","geometry":{"type":"Point","coordinates":[-0.09433,53.56304]},"properties":{"name":"Power infrastructure","category":"generator","osm_type":"way","osm_id":"1493117892"}},{"type":"Feature","geometry":{"type":"Point","coordinates":[-0.09418,53.563]},"properties":{"name":"Power infrastructure","category":"generator","osm_type":"way","osm_id":"1493117893"}},{"type":"Feature","geometry":{"type":"Point","coordinates":[-0.09433,53.56294]},"properties":{"name":"Power infrastructure","category":"generator","osm_type":"way","osm_id":"1493117894"}},{"type":"Feature","geometry":{"type":"Point","coordinates":[-0.07417,53.56917]},"properties":{"name":"Power infrastructure","category":"generator","osm_type":"way","osm_id":"1493117895"}},{"type":"Feature","geometry":{"type":"Point","coordinates":[-0.0741,53.56916]},"properties":{"name":"Power infrastructure","category":"generator","osm_type":"way","osm_id":"1493117896"}},{"type":"Feature","geometry":{"type":"Point","coordinates":[-0.07447,53.56951]},"properties":{"name":"Power infrastructure","category":"generator","osm_type":"way","osm_id":"1493117897"}},{"type":"Feature","geometry":{"type":"Point","coordinates":[-0.07439,53.56951]},"properties":{"name":"Power infrastructure","category":"generator","osm_type":"way","osm_id":"1493117898"}},{"type":"Feature","geometry":{"type":"Point","coordinates":[-0.07748,53.57347]},"properties":{"name":"E26 Rooftop Solar","category":"generator","osm_type":"way","osm_id":"1493117899","operator":"Grimsby Community Energy","website":"https://grimsbycommunityenergy.coop/portfolio-item/e-factor-enterprise-village/"}},{"type":"Feature","geometry":{"type":"Point","coordinates":[-0.07741,53.57338]},"properties":{"name":"Power infrastructure","category":"generator","osm_type":"way","osm_id":"1493117900"}},{"type":"Feature","geometry":{"type":"Point","coordinates":[-0.07742,53.57334]},"properties":{"name":"Power infrastructure","category":"generator","osm_type":"way","osm_id":"1493117901"}},{"type":"Feature","geometry":{"type":"Point","coordinates":[-0.07743,53.5733]},"properties":{"name":"Power infrastructure","category":"generator","osm_type":"way","osm_id":"1493117902"}},{"type":"Feature","geometry":{"type":"Point","coordinates":[-0.07745,53.57326]},"properties":{"name":"Power infrastructure","category":"generator","osm_type":"way","osm_id":"1493117903"}},{"type":"Feature","geometry":{"type":"Point","coordinates":[-0.07747,53.57322]},"properties":{"name":"Power infrastructure","category":"generator","osm_type":"way","osm_id":"1493117904"}},{"type":"Feature","geometry":{"type":"Point","coordinates":[-0.07748,53.57318]},"properties":{"name":"Power infrastructure","category":"generator","osm_type":"way","osm_id":"1493117905"}},{"type":"Feature","geometry":{"type":"Point","coordinates":[-0.0775,53.57314]},"properties":{"name":"Power infrastructure","category":"generator","osm_type":"way","osm_id":"1493117906"}},{"type":"Feature","geometry":{"type":"Point","coordinates":[-0.07751,53.5731]},"properties":{"name":"Power infrastructure","category":"generator","osm_type":"way","osm_id":"1493117907"}},{"type":"Feature","geometry":{"type":"Point","coordinates":[-0.07757,53.57341]},"properties":{"name":"Power infrastructure","category":"generator","osm_type":"way","osm_id":"1493117908"}},{"type":"Feature","geometry":{"type":"Point","coordinates":[-0.07762,53.57335]},"properties":{"name":"Power infrastructure","category":"generator","osm_type":"way","osm_id":"1493117909"}},{"type":"Feature","geometry":{"type":"Point","coordinates":[-0.07765,53.57329]},"properties":{"name":"Power infrastructure","category":"generator","osm_type":"way","osm_id":"1493117910"}},{"type":"Feature","geometry":{"type":"Point","coordinates":[-0.07765,53.57321]},"properties":{"name":"Power infrastructure","category":"generator","osm_type":"way","osm_id":"1493117911"}},{"type":"Feature","geometry":{"type":"Point","coordinates":[-0.0776,53.57333]},"properties":{"name":"Power infrastructure","category":"generator","osm_type":"way","osm_id":"1493117912"}},{"type":"Feature","geometry":{"type":"Point","coordinates":[-0.07763,53.57325]},"properties":{"name":"Power infrastructure","category":"generator","osm_type":"way","osm_id":"1493117913"}},{"type":"Feature","geometry":{"type":"Point","coordinates":[-0.07766,53.57318]},"properties":{"name":"Power infrastructure","category":"generator","osm_type":"way","osm_id":"1493117914"}},{"type":"Feature","geometry":{"type":"Point","coordinates":[-0.07777,53.57319]},"properties":{"name":"Power infrastructure","category":"generator","osm_type":"way","osm_id":"1493117915"}},{"type":"Feature","geometry":{"type":"Point","coordinates":[-0.07778,53.57315]},"properties":{"name":"Power infrastructure","category":"generator","osm_type":"way","osm_id":"1493117916"}},{"type":"Feature","geometry":{"type":"Point","coordinates":[-0.07759,53.57317]},"properties":{"name":"Power infrastructure","category":"generator","osm_type":"way","osm_id":"1493117917"}},{"type":"Feature","geometry":{"type":"Point","coordinates":[-0.07756,53.57324]},"properties":{"name":"Power infrastructure","category":"generator","osm_type":"way","osm_id":"1493117918"}},{"type":"Feature","geometry":{"type":"Point","coordinates":[-0.07753,53.57332]},"properties":{"name":"Power infrastructure","category":"generator","osm_type":"way","osm_id":"1493117919"}},{"type":"Feature","geometry":{"type":"Point","coordinates":[-0.07752,53.57341]},"properties":{"name":"Power infrastructure","category":"generator","osm_type":"way","osm_id":"1493117920"}},{"type":"Feature","geometry":{"type":"Point","coordinates":[-0.07753,53.57337]},"properties":{"name":"Power infrastructure","category":"generator","osm_type":"way","osm_id":"1493117921"}},{"type":"Feature","geometry":{"type":"Point","coordinates":[-0.07754,53.57328]},"properties":{"name":"Power infrastructure","category":"generator","osm_type":"way","osm_id":"1493117922"}},{"type":"Feature","geometry":{"type":"Point","coordinates":[-0.07768,53.57342]},"properties":{"name":"Power infrastructure","category":"generator","osm_type":"way","osm_id":"1493117923"}},{"type":"Feature","geometry":{"type":"Point","coordinates":[-0.07758,53.5732]},"properties":{"name":"Power infrastructure","category":"generator","osm_type":"way","osm_id":"1493117924"}},{"type":"Feature","geometry":{"type":"Point","coordinates":[-0.07761,53.57313]},"properties":{"name":"Power infrastructure","category":"generator","osm_type":"way","osm_id":"1493117925"}},{"type":"Feature","geometry":{"type":"Point","coordinates":[-0.07771,53.57335]},"properties":{"name":"Power infrastructure","category":"generator","osm_type":"way","osm_id":"1493117926"}},{"type":"Feature","geometry":{"type":"Point","coordinates":[-0.07775,53.57323]},"properties":{"name":"Power infrastructure","category":"generator","osm_type":"way","osm_id":"1493117927"}},{"type":"Feature","geometry":{"type":"Point","coordinates":[-0.07788,53.57309]},"properties":{"name":"Power infrastructure","category":"generator","osm_type":"way","osm_id":"1493117928"}},{"type":"Feature","geometry":{"type":"Point","coordinates":[-0.07277,53.5738]},"properties":{"name":"Power infrastructure","category":"generator","osm_type":"way","osm_id":"1493117933"}},{"type":"Feature","geometry":{"type":"Point","coordinates":[-0.0725,53.57386]},"properties":{"name":"Power infrastructure","category":"generator","osm_type":"way","osm_id":"1493117934"}},{"type":"Feature","geometry":{"type":"Point","coordinates":[-0.07219,53.57383]},"properties":{"name":"Power infrastructure","category":"generator","osm_type":"way","osm_id":"1493117939"}},{"type":"Feature","geometry":{"type":"Point","coordinates":[-0.07216,53.57383]},"properties":{"name":"Power infrastructure","category":"generator","osm_type":"way","osm_id":"1493117940"}},{"type":"Feature","geometry":{"type":"Point","coordinates":[-0.07216,53.57386]},"properties":{"name":"Power infrastructure","category":"generator","osm_type":"way","osm_id":"1493117941"}},{"type":"Feature","geometry":{"type":"Point","coordinates":[-0.07213,53.57386]},"properties":{"name":"Power infrastructure","category":"generator","osm_type":"way","osm_id":"1493117942"}},{"type":"Feature","geometry":{"type":"Point","coordinates":[-0.07214,53.57383]},"properties":{"name":"Power infrastructure","category":"generator","osm_type":"way","osm_id":"1493117943"}},{"type":"Feature","geometry":{"type":"Point","coordinates":[-0.07214,53.57379]},"properties":{"name":"Power infrastructure","category":"generator","osm_type":"way","osm_id":"1493117944"}},{"type":"Feature","geometry":{"type":"Point","coordinates":[-0.07216,53.57379]},"properties":{"name":"Power infrastructure","category":"generator","osm_type":"way","osm_id":"1493117945"}},{"type":"Feature","geometry":{"type":"Point","coordinates":[-0.07274,53.57368]},"properties":{"name":"Power infrastructure","category":"generator","osm_type":"way","osm_id":"1493117946"}},{"type":"Feature","geometry":{"type":"Point","coordinates":[-0.0728,53.57369]},"properties":{"name":"Power infrastructure","category":"generator","osm_type":"way","osm_id":"1493117947"}},{"type":"Feature","geometry":{"type":"Point","coordinates":[-0.07286,53.5737]},"properties":{"name":"Power infrastructure","category":"generator","osm_type":"way","osm_id":"1493117948"}},{"type":"Feature","geometry":{"type":"Point","coordinates":[-0.07286,53.57371]},"properties":{"name":"Power infrastructure","category":"generator","osm_type":"way","osm_id":"1493117949"}},{"type":"Feature","geometry":{"type":"Point","coordinates":[-0.0728,53.5737]},"properties":{"name":"Power infrastructure","category":"generator","osm_type":"way","osm_id":"1493117950"}},{"type":"Feature","geometry":{"type":"Point","coordinates":[-0.07284,53.57373]},"properties":{"name":"Power infrastructure","category":"generator","osm_type":"way","osm_id":"1493117951"}},{"type":"Feature","geometry":{"type":"Point","coordinates":[-0.07276,53.57371]},"properties":{"name":"Power infrastructure","category":"generator","osm_type":"way","osm_id":"1493117952"}},{"type":"Feature","geometry":{"type":"Point","coordinates":[-0.98465,53.86477]},"properties":{"name":"Power infrastructure","category":"plant","osm_type":"way","osm_id":"1499353543"}},{"type":"Feature","geometry":{"type":"Point","coordinates":[-0.44288,53.82274]},"properties":{"name":"Power infrastructure","category":"generator","osm_type":"way","osm_id":"1502653040"}},{"type":"Feature","geometry":{"type":"Point","coordinates":[-0.44305,53.82266]},"properties":{"name":"Power infrastructure","category":"generator","osm_type":"way","osm_id":"1502653041"}},{"type":"Feature","geometry":{"type":"Point","coordinates":[-0.44302,53.82266]},"properties":{"name":"Power infrastructure","category":"generator","osm_type":"way","osm_id":"1502653042"}},{"type":"Feature","geometry":{"type":"Point","coordinates":[-0.44298,53.82266]},"properties":{"name":"Power infrastructure","category":"generator","osm_type":"way","osm_id":"1502653043"}},{"type":"Feature","geometry":{"type":"Point","coordinates":[-0.44295,53.82268]},"properties":{"name":"Power infrastructure","category":"generator","osm_type":"way","osm_id":"1502653044"}},{"type":"Feature","geometry":{"type":"Point","coordinates":[-0.44292,53.8227]},"properties":{"name":"Power infrastructure","category":"generator","osm_type":"way","osm_id":"1502653045"}},{"type":"Feature","geometry":{"type":"Point","coordinates":[-0.44336,53.82265]},"properties":{"name":"Power infrastructure","category":"generator","osm_type":"way","osm_id":"1502653046"}},{"type":"Feature","geometry":{"type":"Point","coordinates":[-0.44332,53.82265]},"properties":{"name":"Power infrastructure","category":"generator","osm_type":"way","osm_id":"1502653047"}},{"type":"Feature","geometry":{"type":"Point","coordinates":[-0.44329,53.82265]},"properties":{"name":"Power infrastructure","category":"generator","osm_type":"way","osm_id":"1502653048"}},{"type":"Feature","geometry":{"type":"Point","coordinates":[-0.44326,53.82265]},"properties":{"name":"Power infrastructure","category":"generator","osm_type":"way","osm_id":"1502653049"}},{"type":"Feature","geometry":{"type":"Point","coordinates":[-0.44322,53.82265]},"properties":{"name":"Power infrastructure","category":"generator","osm_type":"way","osm_id":"1502653050"}},{"type":"Feature","geometry":{"type":"Point","coordinates":[-0.44318,53.82265]},"properties":{"name":"Power infrastructure","category":"generator","osm_type":"way","osm_id":"1502653051"}},{"type":"Feature","geometry":{"type":"Point","coordinates":[-0.44314,53.82279]},"properties":{"name":"Power infrastructure","category":"generator","osm_type":"way","osm_id":"1502653052"}},{"type":"Feature","geometry":{"type":"Point","coordinates":[-0.44312,53.82266]},"properties":{"name":"Power infrastructure","category":"generator","osm_type":"way","osm_id":"1502653053"}},{"type":"Feature","geometry":{"type":"Point","coordinates":[-0.44313,53.82279]},"properties":{"name":"Power infrastructure","category":"generator","osm_type":"way","osm_id":"1502653054"}},{"type":"Feature","geometry":{"type":"Point","coordinates":[-0.44341,53.82265]},"properties":{"name":"Power infrastructure","category":"generator","osm_type":"way","osm_id":"1502653055"}},{"type":"Feature","geometry":{"type":"Point","coordinates":[-0.44345,53.82265]},"properties":{"name":"Power infrastructure","category":"generator","osm_type":"way","osm_id":"1502653056"}},{"type":"Feature","geometry":{"type":"Point","coordinates":[-0.44348,53.82265]},"properties":{"name":"Power infrastructure","category":"generator","osm_type":"way","osm_id":"1502653057"}},{"type":"Feature","geometry":{"type":"Point","coordinates":[-0.44352,53.82264]},"properties":{"name":"Power infrastructure","category":"generator","osm_type":"way","osm_id":"1502653058"}},{"type":"Feature","geometry":{"type":"Point","coordinates":[-0.44355,53.82264]},"properties":{"name":"Power infrastructure","category":"generator","osm_type":"way","osm_id":"1502653059"}},{"type":"Feature","geometry":{"type":"Point","coordinates":[-0.44359,53.82268]},"properties":{"name":"Power infrastructure","category":"generator","osm_type":"way","osm_id":"1502653060"}},{"type":"Feature","geometry":{"type":"Point","coordinates":[-0.44362,53.82268]},"properties":{"name":"Power infrastructure","category":"generator","osm_type":"way","osm_id":"1502653061"}},{"type":"Feature","geometry":{"type":"Point","coordinates":[-0.44366,53.82268]},"properties":{"name":"Power infrastructure","category":"generator","osm_type":"way","osm_id":"1502653062"}},{"type":"Feature","geometry":{"type":"Point","coordinates":[-0.44367,53.82283]},"properties":{"name":"Power infrastructure","category":"generator","osm_type":"way","osm_id":"1502653063"}},{"type":"Feature","geometry":{"type":"Point","coordinates":[-0.44327,53.82294]},"properties":{"name":"Power infrastructure","category":"generator","osm_type":"way","osm_id":"1502653064"}},{"type":"Feature","geometry":{"type":"Point","coordinates":[-0.44324,53.82294]},"properties":{"name":"Power infrastructure","category":"generator","osm_type":"way","osm_id":"1502653065"}},{"type":"Feature","geometry":{"type":"Point","coordinates":[-0.4432,53.82294]},"properties":{"name":"Power infrastructure","category":"generator","osm_type":"way","osm_id":"1502653066"}},{"type":"Feature","geometry":{"type":"Point","coordinates":[-0.44317,53.82295]},"properties":{"name":"Power infrastructure","category":"generator","osm_type":"way","osm_id":"1502653067"}},{"type":"Feature","geometry":{"type":"Point","coordinates":[-0.44313,53.82295]},"properties":{"name":"Power infrastructure","category":"generator","osm_type":"way","osm_id":"1502653068"}},{"type":"Feature","geometry":{"type":"Point","coordinates":[-0.4431,53.82295]},"properties":{"name":"Power infrastructure","category":"generator","osm_type":"way","osm_id":"1502653069"}},{"type":"Feature","geometry":{"type":"Point","coordinates":[-0.44306,53.82295]},"properties":{"name":"Power infrastructure","category":"generator","osm_type":"way","osm_id":"1502653070"}},{"type":"Feature","geometry":{"type":"Point","coordinates":[-0.44332,53.82294]},"properties":{"name":"Power infrastructure","category":"generator","osm_type":"way","osm_id":"1502653071"}},{"type":"Feature","geometry":{"type":"Point","coordinates":[-0.44335,53.82294]},"properties":{"name":"Power infrastructure","category":"generator","osm_type":"way","osm_id":"1502653072"}},{"type":"Feature","geometry":{"type":"Point","coordinates":[-0.44339,53.82294]},"properties":{"name":"Power infrastructure","category":"generator","osm_type":"way","osm_id":"1502653073"}},{"type":"Feature","geometry":{"type":"Point","coordinates":[-0.44342,53.82294]},"properties":{"name":"Power infrastructure","category":"generator","osm_type":"way","osm_id":"1502653074"}},{"type":"Feature","geometry":{"type":"Point","coordinates":[-0.44346,53.82294]},"properties":{"name":"Power infrastructure","category":"generator","osm_type":"way","osm_id":"1502653075"}},{"type":"Feature","geometry":{"type":"Point","coordinates":[-0.44349,53.82299]},"properties":{"name":"Power infrastructure","category":"generator","osm_type":"way","osm_id":"1502653076"}},{"type":"Feature","geometry":{"type":"Point","coordinates":[-0.44303,53.82295]},"properties":{"name":"Power infrastructure","category":"generator","osm_type":"way","osm_id":"1502653077"}},{"type":"Feature","geometry":{"type":"Point","coordinates":[-0.44299,53.82299]},"properties":{"name":"Power infrastructure","category":"generator","osm_type":"way","osm_id":"1502653078"}},{"type":"Feature","geometry":{"type":"Point","coordinates":[-0.44353,53.82301]},"properties":{"name":"Power infrastructure","category":"generator","osm_type":"way","osm_id":"1502653079"}},{"type":"Feature","geometry":{"type":"Point","coordinates":[-0.4437,53.82293]},"properties":{"name":"Power infrastructure","category":"generator","osm_type":"way","osm_id":"1502653080"}},{"type":"Feature","geometry":{"type":"Point","coordinates":[-0.44366,53.82293]},"properties":{"name":"Power infrastructure","category":"generator","osm_type":"way","osm_id":"1502653081"}},{"type":"Feature","geometry":{"type":"Point","coordinates":[-0.44363,53.82293]},"properties":{"name":"Power infrastructure","category":"generator","osm_type":"way","osm_id":"1502653082"}},{"type":"Feature","geometry":{"type":"Point","coordinates":[-0.44359,53.82301]},"properties":{"name":"Power infrastructure","category":"generator","osm_type":"way","osm_id":"1502653083"}},{"type":"Feature","geometry":{"type":"Point","coordinates":[-0.44357,53.82301]},"properties":{"name":"Power infrastructure","category":"generator","osm_type":"way","osm_id":"1502653084"}},{"type":"Feature","geometry":{"type":"Point","coordinates":[-0.44379,53.82295]},"properties":{"name":"Power infrastructure","category":"generator","osm_type":"way","osm_id":"1502653085"}},{"type":"Feature","geometry":{"type":"Point","coordinates":[-0.44383,53.82295]},"properties":{"name":"Power infrastructure","category":"generator","osm_type":"way","osm_id":"1502653086"}},{"type":"Feature","geometry":{"type":"Point","coordinates":[-0.44397,53.82294]},"properties":{"name":"Power infrastructure","category":"generator","osm_type":"way","osm_id":"1502653087"}},{"type":"Feature","geometry":{"type":"Point","coordinates":[-0.444,53.82294]},"properties":{"name":"Power infrastructure","category":"generator","osm_type":"way","osm_id":"1502653088"}},{"type":"Feature","geometry":{"type":"Point","coordinates":[-0.44384,53.82278]},"properties":{"name":"Power infrastructure","category":"generator","osm_type":"way","osm_id":"1502653089"}},{"type":"Feature","geometry":{"type":"Point","coordinates":[-0.44388,53.82278]},"properties":{"name":"Power infrastructure","category":"generator","osm_type":"way","osm_id":"1502653090"}},{"type":"Feature","geometry":{"type":"Point","coordinates":[-0.44392,53.82278]},"properties":{"name":"Power infrastructure","category":"generator","osm_type":"way","osm_id":"1502653091"}},{"type":"Feature","geometry":{"type":"Point","coordinates":[-0.44415,53.82304]},"properties":{"name":"Power infrastructure","category":"generator","osm_type":"way","osm_id":"1502653092"}},{"type":"Feature","geometry":{"type":"Point","coordinates":[-0.44411,53.82303]},"properties":{"name":"Power infrastructure","category":"generator","osm_type":"way","osm_id":"1502653093"}},{"type":"Feature","geometry":{"type":"Point","coordinates":[-0.44408,53.82303]},"properties":{"name":"Power infrastructure","category":"generator","osm_type":"way","osm_id":"1502653094"}},{"type":"Feature","geometry":{"type":"Point","coordinates":[-0.4437,53.82323]},"properties":{"name":"Power infrastructure","category":"generator","osm_type":"way","osm_id":"1502658068"}},{"type":"Feature","geometry":{"type":"Point","coordinates":[-0.44366,53.82323]},"properties":{"name":"Power infrastructure","category":"generator","osm_type":"way","osm_id":"1502658069"}},{"type":"Feature","geometry":{"type":"Point","coordinates":[-0.44353,53.82323]},"properties":{"name":"Power infrastructure","category":"generator","osm_type":"way","osm_id":"1502658070"}},{"type":"Feature","geometry":{"type":"Point","coordinates":[-0.44342,53.82325]},"properties":{"name":"Power infrastructure","category":"generator","osm_type":"way","osm_id":"1502658071"}},{"type":"Feature","geometry":{"type":"Point","coordinates":[-0.44339,53.82325]},"properties":{"name":"Power infrastructure","category":"generator","osm_type":"way","osm_id":"1502658072"}},{"type":"Feature","geometry":{"type":"Point","coordinates":[-0.44332,53.82326]},"properties":{"name":"Power infrastructure","category":"generator","osm_type":"way","osm_id":"1502658073"}},{"type":"Feature","geometry":{"type":"Point","coordinates":[-0.44329,53.82326]},"properties":{"name":"Power infrastructure","category":"generator","osm_type":"way","osm_id":"1502658074"}},{"type":"Feature","geometry":{"type":"Point","coordinates":[-0.44335,53.82324]},"properties":{"name":"Power infrastructure","category":"generator","osm_type":"way","osm_id":"1502658075"}},{"type":"Feature","geometry":{"type":"Point","coordinates":[-0.33144,53.79014]},"properties":{"name":"Stockleigh 5271","category":"substation","osm_type":"way","osm_id":"1504426706","operator":"YEDL","ref":"Stockleigh 5271"}},{"type":"Feature","geometry":{"type":"Point","coordinates":[-0.2118,53.60915]},"properties":{"name":"Power infrastructure","category":"generator","osm_type":"way","osm_id":"1508387707"}},{"type":"Feature","geometry":{"type":"Point","coordinates":[-0.41925,53.8591]},"properties":{"name":"Power infrastructure","category":"plant","osm_type":"way","osm_id":"1510451750"}},{"type":"Feature","geometry":{"type":"Point","coordinates":[-0.98862,53.73322]},"properties":{"name":"Power infrastructure","category":"substation","osm_type":"way","osm_id":"1511742155"}},{"type":"Feature","geometry":{"type":"Point","coordinates":[-0.40196,53.95184]},"properties":{"name":"Power infrastructure","category":"substation","osm_type":"way","osm_id":"1512060800"}},{"type":"Feature","geometry":{"type":"Point","coordinates":[-0.40284,53.95189]},"properties":{"name":"Power infrastructure","category":"substation","osm_type":"way","osm_id":"1512060801"}},{"type":"Feature","geometry":{"type":"Point","coordinates":[-0.40252,53.95093]},"properties":{"name":"Scurf Dyke BESS","category":"plant","osm_type":"way","osm_id":"1512084438"}},{"type":"Feature","geometry":{"type":"Point","coordinates":[-0.32259,53.77899]},"properties":{"name":"Power infrastructure","category":"substation","osm_type":"way","osm_id":"1521682374"}},{"type":"Feature","geometry":{"type":"Point","coordinates":[-0.60718,53.65508]},"properties":{"name":"Power infrastructure","category":"substation","osm_type":"way","osm_id":"1531258002","addr:city":"Scunthorpe"}},{"type":"Feature","geometry":{"type":"Point","coordinates":[-0.16777,53.5607]},"properties":{"name":"Aylesby Solar","category":"substation","osm_type":"way","osm_id":"1544938952"}},{"type":"Feature","geometry":{"type":"Point","coordinates":[-0.82511,53.90069]},"properties":{"name":"BESS Thronton 33/400kV Substation","category":"substation","osm_type":"way","osm_id":"1554832842"}},{"type":"Feature","geometry":{"type":"Point","coordinates":[-0.90976,53.60965]},"properties":{"name":"Tween Bridge Moor","category":"plant","osm_type":"relation","osm_id":"2924749"}},{"type":"Feature","geometry":{"type":"Point","coordinates":[-0.64148,53.62719]},"properties":{"name":"Bagmoor Wind Farm","category":"plant","osm_type":"relation","osm_id":"2928674","operator":"Munich Re (previously Wind Prospect)"}},{"type":"Feature","geometry":{"type":"Point","coordinates":[-0.93412,53.72778]},"properties":{"name":"Rusholme","category":"plant","osm_type":"relation","osm_id":"2928678"}},{"type":"Feature","geometry":{"type":"Point","coordinates":[-0.93075,53.75591]},"properties":{"name":"Loftsome Bridge Water Treatment Works","category":"plant","osm_type":"relation","osm_id":"2928684"}},{"type":"Feature","geometry":{"type":"Point","coordinates":[-0.79897,53.6547]},"properties":{"name":"Twin Rivers Wind Farm","category":"plant","osm_type":"relation","osm_id":"8394713"}},{"type":"Feature","geometry":{"type":"Point","coordinates":[-0.86775,53.66038]},"properties":{"name":"Goole Fields Wind Farm","category":"plant","osm_type":"relation","osm_id":"8394724"}},{"type":"Feature","geometry":{"type":"Point","coordinates":[-0.79437,53.73665]},"properties":{"name":"Sixpenny Wood Wind Farm","category":"plant","osm_type":"relation","osm_id":"8394744"}},{"type":"Feature","geometry":{"type":"Point","coordinates":[-0.76677,53.60584]},"properties":{"name":"Keadby Wind Farm","category":"plant","osm_type":"relation","osm_id":"8394752","operator":"SSE Renewables","website":"https://www.sserenewables.com/onshore-wind/great-britain/keadby/"}},{"type":"Feature","geometry":{"type":"Point","coordinates":[-0.60298,53.84899]},"properties":{"name":"Sancton Hill","category":"plant","osm_type":"relation","osm_id":"8396608","operator":"REG Windpower (previously Cornwall Light and Power)"}},{"type":"Feature","geometry":{"type":"Point","coordinates":[-0.59875,53.83618]},"properties":{"name":"Sober Hill Wind Farm","category":"plant","osm_type":"relation","osm_id":"8396611","operator":"West Coast Energy"}},{"type":"Feature","geometry":{"type":"Point","coordinates":[-0.36205,53.88057]},"properties":{"name":"Hall Farm Routh","category":"plant","osm_type":"relation","osm_id":"8396622","operator":"John Laing Environmental Assets Group/REG Power Management"}},{"type":"Feature","geometry":{"type":"Point","coordinates":[-0.16126,53.84974]},"properties":{"name":"Withernwick","category":"plant","osm_type":"relation","osm_id":"8396634","operator":"Energiekontor UK"}},{"type":"Feature","geometry":{"type":"Point","coordinates":[-0.70152,53.63497]},"properties":{"name":"Grange Wind Farm","category":"plant","osm_type":"relation","osm_id":"8402776"}},{"type":"Feature","geometry":{"type":"Point","coordinates":[-0.53873,53.71443]},"properties":{"name":"Melton Waste Park","category":"plant","osm_type":"relation","osm_id":"8402849"}},{"type":"Feature","geometry":{"type":"Point","coordinates":[-0.23573,53.7476]},"properties":{"name":"Saltend","category":"plant","osm_type":"relation","osm_id":"8402880","operator":"Yorkshire Water"}},{"type":"Feature","geometry":{"type":"Point","coordinates":[-0.2355,53.75114]},"properties":{"name":"The Limes","category":"plant","osm_type":"relation","osm_id":"8402886","operator":"Broadview Energy"}},{"type":"Feature","geometry":{"type":"Point","coordinates":[-0.11313,53.74691]},"properties":{"name":"Burton Pidsea (Wadworth Hill) Wind Farm","category":"plant","osm_type":"relation","osm_id":"8402891","operator":"Aeolian Holderness Ltd"}},{"type":"Feature","geometry":{"type":"Point","coordinates":[-0.06221,53.74301]},"properties":{"name":"Roos","category":"plant","osm_type":"relation","osm_id":"8402939","operator":"Renewable Energy Systems (RES)"}},{"type":"Feature","geometry":{"type":"Point","coordinates":[-0.02531,53.7506]},"properties":{"name":"Tedder Hill Wind cluster","category":"plant","osm_type":"relation","osm_id":"8402940","operator":"Ventient (formerly Infinis)"}},{"type":"Feature","geometry":{"type":"Point","coordinates":[-0.11508,53.67818]},"properties":{"name":"Far Marsh Farm","category":"plant","osm_type":"relation","osm_id":"8402944"}},{"type":"Feature","geometry":{"type":"Point","coordinates":[-0.16527,53.85657]},"properties":{"name":"Withernwick Extension","category":"plant","osm_type":"relation","osm_id":"9299424"}},{"type":"Feature","geometry":{"type":"Point","coordinates":[-0.89135,53.66673]},"properties":{"name":"Goole Fields II wind farm","category":"plant","osm_type":"relation","osm_id":"9318318"}},{"type":"Feature","geometry":{"type":"Point","coordinates":[-0.53672,53.71248]},"properties":{"name":"Melton Common","category":"plant","osm_type":"relation","osm_id":"9365107"}},{"type":"Feature","geometry":{"type":"Point","coordinates":[-0.7562,53.59791]},"properties":{"name":"Keadby Substation","category":"substation","osm_type":"relation","osm_id":"7881280"}},{"type":"Feature","geometry":{"type":"Point","coordinates":[-0.66075,53.59205]},"properties":{"name":"Power infrastructure","category":"generator","osm_type":"relation","osm_id":"9889512"}},{"type":"Feature","geometry":{"type":"Point","coordinates":[-0.12043,53.57672]},"properties":{"name":"Power infrastructure","category":"generator","osm_type":"relation","osm_id":"10033795"}},{"type":"Feature","geometry":{"type":"Point","coordinates":[-0.12223,53.57438]},"properties":{"name":"Power infrastructure","category":"generator","osm_type":"relation","osm_id":"10033796"}},{"type":"Feature","geometry":{"type":"Point","coordinates":[-0.42953,53.6898]},"properties":{"name":"Power infrastructure","category":"generator","osm_type":"relation","osm_id":"10180379"}},{"type":"Feature","geometry":{"type":"Point","coordinates":[-0.86366,53.78757]},"properties":{"name":"Spaldington Airfield","category":"plant","osm_type":"relation","osm_id":"12864223","operator":"Renantis"}},{"type":"Feature","geometry":{"type":"Point","coordinates":[-0.67017,53.58951]},"properties":{"name":"Newlands Avenue 5202","category":"substation","osm_type":"relation","osm_id":"13535225"}},{"type":"Feature","geometry":{"type":"Point","coordinates":[-0.15819,53.85217]},"properties":{"name":"Withernwick Wind Farm","category":"plant","osm_type":"relation","osm_id":"17830611","operator":"Energiekontor UK","addr:city":"Hull","addr:postcode":"HU11 4UH"}},{"type":"Feature","geometry":{"type":"Point","coordinates":[-0.23077,53.74742]},"properties":{"name":"Hedon 275kV Substation","category":"substation","osm_type":"relation","osm_id":"19232033","operator":"National Grid"}},{"type":"Feature","geometry":{"type":"Point","coordinates":[-0.69591,53.58684]},"properties":{"name":"Attis Arena Solar Array","category":"generator","osm_type":"relation","osm_id":"19752869","operator":"North Lincolnshire Community Energy","website":"https://nlce.coop/2024/11/06/attis-arena/"}},{"type":"Feature","geometry":{"type":"Point","coordinates":[-0.67698,53.59343]},"properties":{"name":"Berkeley Primary School Solar Array","category":"generator","osm_type":"relation","osm_id":"19752871","operator":"North Lincolnshire Community Energy","website":"https://nlce.coop/2023/02/16/berkeley-primary-school/"}},{"type":"Feature","geometry":{"type":"Point","coordinates":[-0.65651,53.55247]},"properties":{"name":"Bottesford Junior School Solar Array","category":"generator","osm_type":"relation","osm_id":"19754313","operator":"North Lincolnshire Community Energy","website":"https://nlce.coop/2023/02/14/bottesford-junior-school/"}},{"type":"Feature","geometry":{"type":"Point","coordinates":[-0.64151,53.55936]},"properties":{"name":"Frederick Gough Secondary School Solar Array","category":"generator","osm_type":"relation","osm_id":"19754314","operator":"North Lincolnshire Community Energy","website":"https://nlce.coop/2023/02/16/frederick-gough-secondary-school/"}},{"type":"Feature","geometry":{"type":"Point","coordinates":[-0.63753,53.55544]},"properties":{"name":"Holme Valley Primary School Solar Array","category":"generator","osm_type":"relation","osm_id":"19754315","operator":"North Lincolnshire Community Energy","website":"https://nlce.coop/2023/02/16/holme-valley-primary-school/"}},{"type":"Feature","geometry":{"type":"Point","coordinates":[-0.6502,53.56892]},"properties":{"name":"Lincoln Gardens Primary School Solar Array","category":"generator","osm_type":"relation","osm_id":"19754316","operator":"North Lincolnshire Community Energy","website":"https://nlce.coop/2024/11/06/lincoln-gardens-primary/"}},{"type":"Feature","geometry":{"type":"Point","coordinates":[-0.65355,53.59976]},"properties":{"name":"Crosby Primary School Solar Array","category":"generator","osm_type":"relation","osm_id":"19754317","operator":"North Lincolnshire Community Energy","website":"https://nlce.coop/2024/11/06/crosby-primary-school/"}},{"type":"Feature","geometry":{"type":"Point","coordinates":[-0.69228,53.56537]},"properties":{"name":"Lindsey Lodge Solar Array","category":"generator","osm_type":"relation","osm_id":"19754318","operator":"North Lincolnshire Community Energy","website":"https://nlce.coop/2025/03/25/attis-arena-copy-2/"}},{"type":"Feature","geometry":{"type":"Point","coordinates":[-0.65897,53.61794]},"properties":{"name":"Normanby Gateway Solar Array","category":"generator","osm_type":"relation","osm_id":"19754722","operator":"North Lincolnshire Community Energy","website":"https://nlce.coop/2024/11/06/normanby-gateway/"}},{"type":"Feature","geometry":{"type":"Point","coordinates":[-0.66387,53.5698]},"properties":{"name":"Priory Lane Primary School Solar Array","category":"generator","osm_type":"relation","osm_id":"19754723","operator":"North Lincolnshire Community Energy","website":"https://nlce.coop/2023/02/16/priory-lane-primary-school/"}},{"type":"Feature","geometry":{"type":"Point","coordinates":[-0.63473,53.56962]},"properties":{"name":"St Bernadette's Primary School Solar Array","category":"generator","osm_type":"relation","osm_id":"19754724","operator":"North Lincolnshire Community Energy","website":"https://nlce.coop/2025/07/11/st-bernadettes/"}},{"type":"Feature","geometry":{"type":"Point","coordinates":[-0.64875,53.57937]},"properties":{"name":"St Hugh's College Solar Array","category":"generator","osm_type":"relation","osm_id":"19754725","operator":"North Lincolnshire Community Energy","website":"https://nlce.coop/2023/02/16/st-hughs-school/"}},{"type":"Feature","geometry":{"type":"Point","coordinates":[-0.19356,53.6049]},"properties":{"name":"Mauxhall Farm Solar Farm","category":"plant","osm_type":"relation","osm_id":"20346944"}},{"type":"Feature","geometry":{"type":"Point","coordinates":[-0.07281,53.57387]},"properties":{"name":"Power infrastructure","category":"generator","osm_type":"relation","osm_id":"20378493"}},{"type":"Feature","geometry":{"type":"Point","coordinates":[-0.07239,53.5739]},"properties":{"name":"Power infrastructure","category":"generator","osm_type":"relation","osm_id":"20378494"}},{"type":"Feature","geometry":{"type":"Point","coordinates":[-0.40752,53.95644]},"properties":{"name":"Scurf Dike Solar Farm","category":"plant","osm_type":"relation","osm_id":"20672186","operator":"BayWa","website":"https://www.baywa-re.co.uk/en/projects/solar/scurf-dyke-solar-farm#site-overview"}},{"type":"Feature","geometry":{"type":"Point","coordinates":[-0.75221,53.59531]},"properties":{"name":"Keadby 2 Power Station","category":"plant","osm_type":"way","osm_id":"58736682"}},{"type":"Feature","geometry":{"type":"Point","coordinates":[-0.76431,53.90835]},"properties":{"name":"Hayton Substation","category":"substation","osm_type":"way","osm_id":"99365132","operator":"YEDL"}},{"type":"Feature","geometry":{"type":"Point","coordinates":[-0.49271,53.74044]},"properties":{"name":"Power infrastructure","category":"substation","osm_type":"way","osm_id":"107106943"}},{"type":"Feature","geometry":{"type":"Point","coordinates":[-0.07935,53.57035]},"properties":{"name":"Power infrastructure","category":"substation","osm_type":"way","osm_id":"114815774","addr:city":"Grimsby"}},{"type":"Feature","geometry":{"type":"Point","coordinates":[-0.62137,53.57932]},"properties":{"name":"Blast Furnaces","category":"substation","osm_type":"way","osm_id":"151997741"}},{"type":"Feature","geometry":{"type":"Point","coordinates":[-0.23905,53.74568]},"properties":{"name":"Power infrastructure","category":"substation","osm_type":"way","osm_id":"152884223"}},{"type":"Feature","geometry":{"type":"Point","coordinates":[-0.23798,53.74603]},"properties":{"name":"Power infrastructure","category":"substation","osm_type":"way","osm_id":"152884226"}},{"type":"Feature","geometry":{"type":"Point","coordinates":[-0.14495,53.60117]},"properties":{"name":"South Humber Bank Power Station","category":"plant","osm_type":"way","osm_id":"204918278","addr:city":"Grimsby","addr:postcode":"DN41 8DZ"}},{"type":"Feature","geometry":{"type":"Point","coordinates":[-0.2556,53.65419]},"properties":{"name":"Killingholme B Power Station","category":"plant","osm_type":"way","osm_id":"205132626"}},{"type":"Feature","geometry":{"type":"Point","coordinates":[-0.07334,53.54978]},"properties":{"name":"Power infrastructure","category":"substation","osm_type":"way","osm_id":"205796964"}},{"type":"Feature","geometry":{"type":"Point","coordinates":[-0.02938,53.52763]},"properties":{"name":"Power infrastructure","category":"substation","osm_type":"way","osm_id":"207201203"}},{"type":"Feature","geometry":{"type":"Point","coordinates":[-0.50361,53.54172]},"properties":{"name":"Glanford Brigg Power Station","category":"plant","osm_type":"way","osm_id":"208495234","operator":"Centrica"}},{"type":"Feature","geometry":{"type":"Point","coordinates":[-0.2351,53.63915]},"properties":{"name":"Immingham Power Station","category":"plant","osm_type":"way","osm_id":"208757000","operator":"VPI","website":"https://vpi.energy/solutions/immingham/"}},{"type":"Feature","geometry":{"type":"Point","coordinates":[-0.03421,53.5525]},"properties":{"name":"Substation No 14","category":"substation","osm_type":"way","osm_id":"209272879","addr:city":"Cleethorpes"}},{"type":"Feature","geometry":{"type":"Point","coordinates":[-0.41961,53.60405]},"properties":{"name":"Power infrastructure","category":"substation","osm_type":"way","osm_id":"215491455","addr:city":"Brigg","addr:postcode":"DN20 0SS"}},{"type":"Feature","geometry":{"type":"Point","coordinates":[-0.07589,53.57598]},"properties":{"name":"Grimsby Docks Substation","category":"substation","osm_type":"way","osm_id":"218337899","operator":"Northern Power Grud"}},{"type":"Feature","geometry":{"type":"Point","coordinates":[-0.16582,53.57538]},"properties":{"name":"Power infrastructure","category":"substation","osm_type":"way","osm_id":"218939397","addr:city":"Grimsby"}},{"type":"Feature","geometry":{"type":"Point","coordinates":[-0.10557,53.55317]},"properties":{"name":"Chelmsford Avenue 1120","category":"substation","osm_type":"way","osm_id":"231869908","ref":"Chelmsford Avenue 1120"}},{"type":"Feature","geometry":{"type":"Point","coordinates":[-0.10549,53.55318]},"properties":{"name":"Power infrastructure","category":"substation","osm_type":"way","osm_id":"231869910","operator":"Chelmsford Avenue College 52598"}},{"type":"Feature","geometry":{"type":"Point","coordinates":[-0.61166,53.57827]},"properties":{"name":"Seraphim","category":"substation","osm_type":"way","osm_id":"251252264"}},{"type":"Feature","geometry":{"type":"Point","coordinates":[-0.6194,53.6017]},"properties":{"name":"SITA","category":"substation","osm_type":"way","osm_id":"251261149"}},{"type":"Feature","geometry":{"type":"Point","coordinates":[-0.21475,53.63332]},"properties":{"name":"Humber Road Substation","category":"substation","osm_type":"way","osm_id":"254928653"}},{"type":"Feature","geometry":{"type":"Point","coordinates":[-0.60137,53.5939]},"properties":{"name":"Northworks","category":"substation","osm_type":"way","osm_id":"256757203"}},{"type":"Feature","geometry":{"type":"Point","coordinates":[-0.23856,53.63831]},"properties":{"name":"Power infrastructure","category":"substation","osm_type":"way","osm_id":"257311344"}},{"type":"Feature","geometry":{"type":"Point","coordinates":[-0.66664,53.57418]},"properties":{"name":"JLC substation","category":"substation","osm_type":"way","osm_id":"264493319"}},{"type":"Feature","geometry":{"type":"Point","coordinates":[-0.64315,53.59272]},"properties":{"name":"Power infrastructure","category":"substation","osm_type":"way","osm_id":"286505665"}},{"type":"Feature","geometry":{"type":"Point","coordinates":[-0.60633,53.57053]},"properties":{"name":"BBM Soaker Bay West","category":"substation","osm_type":"way","osm_id":"297818186"}},{"type":"Feature","geometry":{"type":"Point","coordinates":[-0.60839,53.57638]},"properties":{"name":"OBP Main 11kV","category":"substation","osm_type":"way","osm_id":"297819204"}},{"type":"Feature","geometry":{"type":"Point","coordinates":[-0.41752,53.75365]},"properties":{"name":"Power infrastructure","category":"substation","osm_type":"way","osm_id":"304370574","addr:city":"Hull","addr:postcode":"HU5 5LQ"}},{"type":"Feature","geometry":{"type":"Point","coordinates":[-0.41628,53.76031]},"properties":{"name":"Power infrastructure","category":"substation","osm_type":"way","osm_id":"304370575","addr:city":"Hull","addr:postcode":"HU5 5PZ"}},{"type":"Feature","geometry":{"type":"Point","coordinates":[-0.31817,53.76952]},"properties":{"name":"Power infrastructure","category":"substation","osm_type":"way","osm_id":"304872614","addr:city":"Hull","addr:postcode":"HU7 0EE"}},{"type":"Feature","geometry":{"type":"Point","coordinates":[-0.31233,53.75341]},"properties":{"name":"Balfour Business Park 9177","category":"substation","osm_type":"way","osm_id":"304967537","operator":"YEDL","ref":"Balfour Business Park 9177"}},{"type":"Feature","geometry":{"type":"Point","coordinates":[-0.3299,53.78945]},"properties":{"name":"Tiverton Road Substation","category":"substation","osm_type":"way","osm_id":"305734869","operator":"Northern Powergrid","addr:city":"Kingston upon Hull","addr:postcode":"HU7 4DA"}},{"type":"Feature","geometry":{"type":"Point","coordinates":[-0.3325,53.80292]},"properties":{"name":"Wawne Road Substation","category":"substation","osm_type":"way","osm_id":"305989597","operator":"Northern Powergrid","addr:city":"Kingston upon Hull","addr:postcode":"HU7 5BT"}},{"type":"Feature","geometry":{"type":"Point","coordinates":[-0.24282,53.73357]},"properties":{"name":"Saltend Power Station","category":"plant","osm_type":"way","osm_id":"312992167"}},{"type":"Feature","geometry":{"type":"Point","coordinates":[-0.1712,53.57813]},"properties":{"name":"Power infrastructure","category":"substation","osm_type":"way","osm_id":"319145476","operator":"Northen Power Grid","addr:city":"Grimsby"}},{"type":"Feature","geometry":{"type":"Point","coordinates":[-0.39919,53.84037]},"properties":{"name":"Power infrastructure","category":"substation","osm_type":"way","osm_id":"364153388","addr:city":"Beverley","addr:postcode":"HU17 0LF"}},{"type":"Feature","geometry":{"type":"Point","coordinates":[-0.25379,53.74842]},"properties":{"name":"Power infrastructure","category":"plant","osm_type":"way","osm_id":"376687497"}},{"type":"Feature","geometry":{"type":"Point","coordinates":[-0.29441,53.7785]},"properties":{"name":"Saltshouse Road Substation","category":"substation","osm_type":"way","osm_id":"377318530","operator":"Northern Powergrid"}},{"type":"Feature","geometry":{"type":"Point","coordinates":[-0.57328,53.73029]},"properties":{"name":"Power infrastructure","category":"substation","osm_type":"way","osm_id":"521880030"}},{"type":"Feature","geometry":{"type":"Point","coordinates":[-0.43725,53.82489]},"properties":{"name":"Power infrastructure","category":"substation","osm_type":"way","osm_id":"589097745","addr:city":"Beverley","addr:postcode":"HU17 8FZ"}},{"type":"Feature","geometry":{"type":"Point","coordinates":[-0.97617,53.95688]},"properties":{"name":"Power infrastructure","category":"substation","osm_type":"way","osm_id":"622820789"}},{"type":"Feature","geometry":{"type":"Point","coordinates":[-0.30627,53.76346]},"properties":{"name":"Power infrastructure","category":"substation","osm_type":"way","osm_id":"657943020"}},{"type":"Feature","geometry":{"type":"Point","coordinates":[-0.62064,53.5817]},"properties":{"name":"Power infrastructure","category":"substation","osm_type":"way","osm_id":"754719392","operator":"BS"}},{"type":"Feature","geometry":{"type":"Point","coordinates":[-0.06922,53.56149]},"properties":{"name":"Power infrastructure","category":"substation","osm_type":"way","osm_id":"754719561","operator":"Northern Powergrid","addr:city":"Grimsby"}},{"type":"Feature","geometry":{"type":"Point","coordinates":[-0.43038,53.99463]},"properties":{"name":"Power infrastructure","category":"substation","osm_type":"way","osm_id":"754723332","operator":"Northern Powergrid"}},{"type":"Feature","geometry":{"type":"Point","coordinates":[-0.43038,53.99467]},"properties":{"name":"Power infrastructure","category":"substation","osm_type":"way","osm_id":"754723333"}},{"type":"Feature","geometry":{"type":"Point","coordinates":[-0.67499,53.57567]},"properties":{"name":"Power infrastructure","category":"substation","osm_type":"way","osm_id":"881461414"}},{"type":"Feature","geometry":{"type":"Point","coordinates":[-0.62206,53.57531]},"properties":{"name":"Power infrastructure","category":"substation","osm_type":"way","osm_id":"881463246"}},{"type":"Feature","geometry":{"type":"Point","coordinates":[-0.68054,53.57391]},"properties":{"name":"Power infrastructure","category":"substation","osm_type":"way","osm_id":"881465540"}},{"type":"Feature","geometry":{"type":"Point","coordinates":[-0.43142,53.99529]},"properties":{"name":"Power infrastructure","category":"substation","osm_type":"way","osm_id":"886520207","addr:city":"Driffield","addr:postcode":"YO25 6XL"}},{"type":"Feature","geometry":{"type":"Point","coordinates":[-0.19054,53.57038]},"properties":{"name":"Power infrastructure","category":"substation","osm_type":"way","osm_id":"902367686"}},{"type":"Feature","geometry":{"type":"Point","coordinates":[-0.4174,53.8324]},"properties":{"name":"Power infrastructure","category":"substation","osm_type":"way","osm_id":"923159716"}},{"type":"Feature","geometry":{"type":"Point","coordinates":[-0.14412,53.60649]},"properties":{"name":"Newlincs (IWMF) Ltd","category":"plant","osm_type":"way","osm_id":"1003716051","operator":"Newlincs Development Ltd (NEL Council)"}},{"type":"Feature","geometry":{"type":"Point","coordinates":[-0.33535,53.76757]},"properties":{"name":"Clough Water","category":"substation","osm_type":"way","osm_id":"1038106401","operator":"Northern Powergrid","ref":"177","addr:city":"Hull","addr:postcode":"HU6 7PY"}},{"type":"Feature","geometry":{"type":"Point","coordinates":[-0.31723,53.76409]},"properties":{"name":"Power infrastructure","category":"substation","osm_type":"way","osm_id":"1038106402"}},{"type":"Feature","geometry":{"type":"Point","coordinates":[-0.2798,53.76957]},"properties":{"name":"Power infrastructure","category":"substation","osm_type":"way","osm_id":"1038106403","addr:city":"Hull","addr:postcode":"HU8 9DE"}},{"type":"Feature","geometry":{"type":"Point","coordinates":[-0.27576,53.77031]},"properties":{"name":"Power infrastructure","category":"substation","osm_type":"way","osm_id":"1038106404","addr:city":"Hull","addr:postcode":"HU9 4AB"}},{"type":"Feature","geometry":{"type":"Point","coordinates":[-0.26918,53.77342]},"properties":{"name":"Power infrastructure","category":"substation","osm_type":"way","osm_id":"1038106405","addr:city":"Hull","addr:postcode":"HU8 9PN"}},{"type":"Feature","geometry":{"type":"Point","coordinates":[-0.17777,53.91076]},"properties":{"name":"Back Westgate","category":"substation","osm_type":"way","osm_id":"1039724141","operator":"Northern Powergrid","ref":"428"}},{"type":"Feature","geometry":{"type":"Point","coordinates":[-0.27474,53.89708]},"properties":{"name":"Yarrows Quarry","category":"substation","osm_type":"way","osm_id":"1039724142","operator":"Northern Powergrid","ref":"58825"}},{"type":"Feature","geometry":{"type":"Point","coordinates":[-0.2748,53.89703]},"properties":{"name":"Catwick Lane Intake","category":"substation","osm_type":"way","osm_id":"1039724143"}},{"type":"Feature","geometry":{"type":"Point","coordinates":[-0.42078,53.81094]},"properties":{"name":"Dogger Bank A Wind Farm Converter station","category":"substation","osm_type":"way","osm_id":"1056288324"}},{"type":"Feature","geometry":{"type":"Point","coordinates":[-0.1072,53.54846]},"properties":{"name":"Power infrastructure","category":"substation","osm_type":"way","osm_id":"1066861671"}},{"type":"Feature","geometry":{"type":"Point","coordinates":[-0.15891,53.57601]},"properties":{"name":"Power infrastructure","category":"substation","osm_type":"way","osm_id":"1084294384","operator":"Northern Power Grid","addr:city":"Grimsby","addr:postcode":"DN41 7NQ"}},{"type":"Feature","geometry":{"type":"Point","coordinates":[-0.17303,53.91986]},"properties":{"name":"Hornsea Ashcourt","category":"substation","osm_type":"way","osm_id":"1089426033","operator":"Northern Powergrid","ref":"48074","addr:city":"Hornsea","addr:postcode":"HU18 1HF"}},{"type":"Feature","geometry":{"type":"Point","coordinates":[-0.11982,53.56229]},"properties":{"name":"Power infrastructure","category":"substation","osm_type":"way","osm_id":"1090871448"}},{"type":"Feature","geometry":{"type":"Point","coordinates":[-0.11477,53.83003]},"properties":{"name":"Power infrastructure","category":"substation","osm_type":"way","osm_id":"1094488951"}},{"type":"Feature","geometry":{"type":"Point","coordinates":[-0.29679,53.78171]},"properties":{"name":"Power infrastructure","category":"substation","osm_type":"way","osm_id":"1094488952","addr:city":"Hull","addr:postcode":"HU8 9JY"}},{"type":"Feature","geometry":{"type":"Point","coordinates":[-0.31237,53.77129]},"properties":{"name":"MUNROE 5897","category":"substation","osm_type":"way","osm_id":"1094490187","ref":"MUNROE 5897"}},{"type":"Feature","geometry":{"type":"Point","coordinates":[-0.28427,53.76618]},"properties":{"name":"Power infrastructure","category":"substation","osm_type":"way","osm_id":"1094490433"}},{"type":"Feature","geometry":{"type":"Point","coordinates":[-0.11425,53.55933]},"properties":{"name":"Power infrastructure","category":"substation","osm_type":"way","osm_id":"1101353424"}},{"type":"Feature","geometry":{"type":"Point","coordinates":[-0.09735,53.55364]},"properties":{"name":"Power infrastructure","category":"substation","osm_type":"way","osm_id":"1101581996","addr:city":"Grimsby"}},{"type":"Feature","geometry":{"type":"Point","coordinates":[-0.10692,53.55728]},"properties":{"name":"Power infrastructure","category":"substation","osm_type":"way","osm_id":"1101838635","operator":"Northen Power Grid"}},{"type":"Feature","geometry":{"type":"Point","coordinates":[-0.07687,53.54995]},"properties":{"name":"Power infrastructure","category":"substation","osm_type":"way","osm_id":"1101963045","operator":"Northen Power Grid"}},{"type":"Feature","geometry":{"type":"Point","coordinates":[-0.12048,53.55951]},"properties":{"name":"Power infrastructure","category":"substation","osm_type":"way","osm_id":"1105662010","addr:city":"Grimsby"}},{"type":"Feature","geometry":{"type":"Point","coordinates":[-0.41077,53.80002]},"properties":{"name":"Pillswood Battery Storage","category":"plant","osm_type":"way","osm_id":"1116566266","operator":"Harmony Energy"}},{"type":"Feature","geometry":{"type":"Point","coordinates":[-0.1743,53.58109]},"properties":{"name":"Clover Lane Healing","category":"substation","osm_type":"way","osm_id":"1126554312","ref":"59175","addr:city":"Grimsby","addr:postcode":"DN41 7AG"}},{"type":"Feature","geometry":{"type":"Point","coordinates":[-0.3268,53.78742]},"properties":{"name":"Power infrastructure","category":"substation","osm_type":"way","osm_id":"1126581219"}},{"type":"Feature","geometry":{"type":"Point","coordinates":[-0.42685,53.85434]},"properties":{"name":"Power infrastructure","category":"substation","osm_type":"way","osm_id":"1147332960","operator":"Northern Powergrid","addr:city":"Beverley","addr:postcode":"HU17 7QQ"}},{"type":"Feature","geometry":{"type":"Point","coordinates":[-0.43024,53.85244]},"properties":{"name":"Power infrastructure","category":"substation","osm_type":"way","osm_id":"1147332961","operator":"Northern Powergrid","addr:city":"Beverley","addr:postcode":"HU17 7BN"}},{"type":"Feature","geometry":{"type":"Point","coordinates":[-0.41786,53.79755]},"properties":{"name":"Creyke Beck Power","category":"plant","osm_type":"way","osm_id":"1149201591","operator":"Statera Energy","website":"https://stateraenergy.co.uk/projects/creyke-beck-power"}},{"type":"Feature","geometry":{"type":"Point","coordinates":[-0.74923,53.59469]},"properties":{"name":"Keadby Power Station","category":"plant","osm_type":"way","osm_id":"1149621575","operator":"SSE Thermal","website":"https://www.ssethermal.com/flexible-generation/operational/keadby-1/"}},{"type":"Feature","geometry":{"type":"Point","coordinates":[-0.16991,53.90425]},"properties":{"name":"Hornsea Bridge","category":"substation","osm_type":"way","osm_id":"1174668619","operator":"Northern Powergrid","ref":"429"}},{"type":"Feature","geometry":{"type":"Point","coordinates":[-0.16779,53.92052]},"properties":{"name":"Cliff Road North","category":"substation","osm_type":"way","osm_id":"1176065551","operator":"Northern Powergrid","ref":"1360"}},{"type":"Feature","geometry":{"type":"Point","coordinates":[-0.1647,53.9159]},"properties":{"name":"Cliff Road South","category":"substation","osm_type":"way","osm_id":"1176065552","operator":"Northern Powergrid","ref":"6028"}},{"type":"Feature","geometry":{"type":"Point","coordinates":[-0.16173,53.91324]},"properties":{"name":"New Lane","category":"substation","osm_type":"way","osm_id":"1176065553","operator":"Northern Powergrid","ref":"4060"}},{"type":"Feature","geometry":{"type":"Point","coordinates":[-0.1604,53.91059]},"properties":{"name":"Hornsea Sands Lane","category":"substation","osm_type":"way","osm_id":"1176065554","operator":"Northern Powergrid","ref":"46586"}},{"type":"Feature","geometry":{"type":"Point","coordinates":[-0.17384,53.91845]},"properties":{"name":"Hornsea Northgate","category":"substation","osm_type":"way","osm_id":"1176065555","operator":"Northern Powergrid","ref":"5480","addr:city":"Hornsea","addr:postcode":"HU18 1EU"}},{"type":"Feature","geometry":{"type":"Point","coordinates":[-0.1711,53.91707]},"properties":{"name":"Hornsea Draycott","category":"substation","osm_type":"way","osm_id":"1176065556","operator":"Northern Powergrid","ref":"4777"}},{"type":"Feature","geometry":{"type":"Point","coordinates":[-0.17156,53.9094]},"properties":{"name":"King Street","category":"substation","osm_type":"way","osm_id":"1176065558","operator":"Northern Powergrid","ref":"3696"}},{"type":"Feature","geometry":{"type":"Point","coordinates":[-0.17095,53.91161]},"properties":{"name":"Newbegin Exchange","category":"substation","osm_type":"way","osm_id":"1176065559","operator":"Northern Powergrid","ref":"5481"}},{"type":"Feature","geometry":{"type":"Point","coordinates":[-0.1678,53.91242]},"properties":{"name":"Newbegin","category":"substation","osm_type":"way","osm_id":"1176065561","operator":"Northern Powergrid","ref":"4356"}},{"type":"Feature","geometry":{"type":"Point","coordinates":[-0.17224,53.90563]},"properties":{"name":"Hornsea Mere Lodge","category":"substation","osm_type":"way","osm_id":"1176065563","operator":"Northern Powergrid","ref":"4759"}},{"type":"Feature","geometry":{"type":"Point","coordinates":[-0.17053,53.90608]},"properties":{"name":"Tesco Hornsea","category":"substation","osm_type":"way","osm_id":"1176065565","operator":"Northern Powergrid","ref":"51735"}},{"type":"Feature","geometry":{"type":"Point","coordinates":[-0.17692,53.91483]},"properties":{"name":"Atwick Road","category":"substation","osm_type":"way","osm_id":"1176477496","operator":"Northern Powergrid","ref":"4019"}},{"type":"Feature","geometry":{"type":"Point","coordinates":[-0.10524,53.56946]},"properties":{"name":"Power infrastructure","category":"substation","osm_type":"way","osm_id":"1208475446"}},{"type":"Feature","geometry":{"type":"Point","coordinates":[-0.95247,53.9249]},"properties":{"name":"Elvington Park","category":"substation","osm_type":"way","osm_id":"1213452474","operator":"Northern Powergrid"}},{"type":"Feature","geometry":{"type":"Point","coordinates":[-0.65346,53.56476]},"properties":{"name":"Power infrastructure","category":"substation","osm_type":"way","osm_id":"1219395160","operator":"Northern Powergrid"}},{"type":"Feature","geometry":{"type":"Point","coordinates":[-0.06209,53.5727]},"properties":{"name":"Power infrastructure","category":"substation","osm_type":"way","osm_id":"1230071975","addr:city":"Grimsby"}},{"type":"Feature","geometry":{"type":"Point","coordinates":[-0.50799,53.54109]},"properties":{"name":"Brigg STOR","category":"plant","osm_type":"way","osm_id":"1233495808","operator":"Centrica"}},{"type":"Feature","geometry":{"type":"Point","coordinates":[-0.04815,53.56938]},"properties":{"name":"Power infrastructure","category":"substation","osm_type":"way","osm_id":"1233864733"}},{"type":"Feature","geometry":{"type":"Point","coordinates":[-0.94131,53.73111]},"properties":{"name":"Rusholme Grange Battery Storage","category":"plant","osm_type":"way","osm_id":"1234764904","operator":"Harmony Energy Storage"}},{"type":"Feature","geometry":{"type":"Point","coordinates":[-0.05599,53.55321]},"properties":{"name":"Power infrastructure","category":"substation","osm_type":"way","osm_id":"1234868271","addr:city":"Grimsby"}},{"type":"Feature","geometry":{"type":"Point","coordinates":[-0.09139,53.55425]},"properties":{"name":"Power infrastructure","category":"substation","osm_type":"way","osm_id":"1253674256"}},{"type":"Feature","geometry":{"type":"Point","coordinates":[-0.74221,53.5613]},"properties":{"name":"Power infrastructure","category":"substation","osm_type":"way","osm_id":"1258892855"}},{"type":"Feature","geometry":{"type":"Point","coordinates":[-0.73937,53.5612]},"properties":{"name":"Power infrastructure","category":"substation","osm_type":"way","osm_id":"1258892858"}},{"type":"Feature","geometry":{"type":"Point","coordinates":[-0.06829,53.58318]},"properties":{"name":"Power infrastructure","category":"substation","osm_type":"way","osm_id":"1266324836","addr:city":"Grimsby","addr:postcode":"DN31 3QJ"}},{"type":"Feature","geometry":{"type":"Point","coordinates":[-0.38444,53.75023]},"properties":{"name":"Power infrastructure","category":"substation","osm_type":"way","osm_id":"1267654857","operator":"UK Power Networks"}},{"type":"Feature","geometry":{"type":"Point","coordinates":[-0.13736,53.55394]},"properties":{"name":"Power infrastructure","category":"substation","osm_type":"way","osm_id":"1278243737"}},{"type":"Feature","geometry":{"type":"Point","coordinates":[-0.16445,53.57447]},"properties":{"name":"Power infrastructure","category":"substation","osm_type":"way","osm_id":"1280027997","addr:city":"Grimsby","addr:postcode":"DN41 7QD"}},{"type":"Feature","geometry":{"type":"Point","coordinates":[-0.12107,53.58195]},"properties":{"name":"Power infrastructure","category":"substation","osm_type":"way","osm_id":"1284807674"}},{"type":"Feature","geometry":{"type":"Point","coordinates":[-0.11145,53.54584]},"properties":{"name":"Power infrastructure","category":"substation","osm_type":"way","osm_id":"1284882046","addr:city":"Grimsby"}},{"type":"Feature","geometry":{"type":"Point","coordinates":[-0.10369,53.5461]},"properties":{"name":"Power infrastructure","category":"substation","osm_type":"way","osm_id":"1284909846","addr:city":"Grimsby"}},{"type":"Feature","geometry":{"type":"Point","coordinates":[-0.10162,53.56797]},"properties":{"name":"Power infrastructure","category":"substation","osm_type":"way","osm_id":"1286056263"}},{"type":"Feature","geometry":{"type":"Point","coordinates":[-0.09745,53.57102]},"properties":{"name":"Power infrastructure","category":"substation","osm_type":"way","osm_id":"1286258197"}},{"type":"Feature","geometry":{"type":"Point","coordinates":[-0.09869,53.54806]},"properties":{"name":"Power infrastructure","category":"substation","osm_type":"way","osm_id":"1287515208","addr:city":"Grimsby"}},{"type":"Feature","geometry":{"type":"Point","coordinates":[-0.0866,53.56799]},"properties":{"name":"Power infrastructure","category":"substation","osm_type":"way","osm_id":"1288147273"}},{"type":"Feature","geometry":{"type":"Point","coordinates":[-0.08776,53.57081]},"properties":{"name":"Power infrastructure","category":"substation","osm_type":"way","osm_id":"1288147480"}},{"type":"Feature","geometry":{"type":"Point","coordinates":[-0.08885,53.56936]},"properties":{"name":"Power infrastructure","category":"substation","osm_type":"way","osm_id":"1288147668"}},{"type":"Feature","geometry":{"type":"Point","coordinates":[-0.09272,53.54196]},"properties":{"name":"Power infrastructure","category":"substation","osm_type":"way","osm_id":"1288748607","addr:city":"Grimsby"}},{"type":"Feature","geometry":{"type":"Point","coordinates":[-0.10982,53.55511]},"properties":{"name":"Power infrastructure","category":"substation","osm_type":"way","osm_id":"1290298534"}},{"type":"Feature","geometry":{"type":"Point","coordinates":[-0.09387,53.55262]},"properties":{"name":"Power infrastructure","category":"substation","osm_type":"way","osm_id":"1290314654","addr:city":"Grimsby"}},{"type":"Feature","geometry":{"type":"Point","coordinates":[-0.11719,53.55043]},"properties":{"name":"Power infrastructure","category":"substation","osm_type":"way","osm_id":"1295832376","addr:city":"Grimsby"}},{"type":"Feature","geometry":{"type":"Point","coordinates":[-0.96258,53.89863]},"properties":{"name":"Power infrastructure","category":"substation","osm_type":"way","osm_id":"1303360558","addr:city":"York","addr:postcode":"YO19 6BR"}},{"type":"Feature","geometry":{"type":"Point","coordinates":[-0.9639,53.89524]},"properties":{"name":"Power infrastructure","category":"substation","osm_type":"way","osm_id":"1303502203"}},{"type":"Feature","geometry":{"type":"Point","coordinates":[-0.1362,53.56779]},"properties":{"name":"Power infrastructure","category":"substation","osm_type":"way","osm_id":"1305125626"}},{"type":"Feature","geometry":{"type":"Point","coordinates":[-0.12403,53.56393]},"properties":{"name":"Power infrastructure","category":"substation","osm_type":"way","osm_id":"1306848099"}},{"type":"Feature","geometry":{"type":"Point","coordinates":[-0.12084,53.56368]},"properties":{"name":"Power infrastructure","category":"substation","osm_type":"way","osm_id":"1306848106"}},{"type":"Feature","geometry":{"type":"Point","coordinates":[-0.1314,53.55148]},"properties":{"name":"Power infrastructure","category":"substation","osm_type":"way","osm_id":"1306854725"}},{"type":"Feature","geometry":{"type":"Point","coordinates":[-0.13722,53.55138]},"properties":{"name":"Power infrastructure","category":"substation","osm_type":"way","osm_id":"1306854737"}},{"type":"Feature","geometry":{"type":"Point","coordinates":[-0.13295,53.54946]},"properties":{"name":"Power infrastructure","category":"substation","osm_type":"way","osm_id":"1307300448"}},{"type":"Feature","geometry":{"type":"Point","coordinates":[-0.14453,53.56533]},"properties":{"name":"Power infrastructure","category":"substation","osm_type":"way","osm_id":"1307553987"}},{"type":"Feature","geometry":{"type":"Point","coordinates":[-0.0972,53.55059]},"properties":{"name":"Power infrastructure","category":"substation","osm_type":"way","osm_id":"1307919952"}},{"type":"Feature","geometry":{"type":"Point","coordinates":[-0.12789,53.55105]},"properties":{"name":"Power infrastructure","category":"substation","osm_type":"way","osm_id":"1308472355","addr:city":"Grimsby"}},{"type":"Feature","geometry":{"type":"Point","coordinates":[-0.11958,53.57876]},"properties":{"name":"Power infrastructure","category":"substation","osm_type":"way","osm_id":"1308664419"}},{"type":"Feature","geometry":{"type":"Point","coordinates":[-0.45764,53.7235]},"properties":{"name":"Power infrastructure","category":"substation","osm_type":"way","osm_id":"1313697020","addr:city":"Hessle","addr:postcode":"HU13 0GW"}},{"type":"Feature","geometry":{"type":"Point","coordinates":[-0.20467,53.61165]},"properties":{"name":"Power infrastructure","category":"substation","osm_type":"way","osm_id":"1319002996","addr:city":"Immingham","addr:postcode":"DN40 1HQ"}},{"type":"Feature","geometry":{"type":"Point","coordinates":[-0.06259,53.56208]},"properties":{"name":"Power infrastructure","category":"substation","osm_type":"way","osm_id":"1319627100","addr:city":"Grimsby"}},{"type":"Feature","geometry":{"type":"Point","coordinates":[-0.03398,53.56434]},"properties":{"name":"Power infrastructure","category":"substation","osm_type":"way","osm_id":"1319841548","addr:city":"Cleethorpes"}},{"type":"Feature","geometry":{"type":"Point","coordinates":[-0.12174,53.57241]},"properties":{"name":"Power infrastructure","category":"substation","osm_type":"way","osm_id":"1321815751","addr:city":"Grimsby","addr:postcode":"DN37 9LF"}},{"type":"Feature","geometry":{"type":"Point","coordinates":[-0.12175,53.5714]},"properties":{"name":"Power infrastructure","category":"substation","osm_type":"way","osm_id":"1321966829","addr:city":"Grimsby","addr:postcode":"DN37 9LP"}},{"type":"Feature","geometry":{"type":"Point","coordinates":[-0.12392,53.57194]},"properties":{"name":"Power infrastructure","category":"substation","osm_type":"way","osm_id":"1321966867","addr:city":"Grimsby","addr:postcode":"DN37 9JZ"}},{"type":"Feature","geometry":{"type":"Point","coordinates":[-0.12661,53.57356]},"properties":{"name":"Power infrastructure","category":"substation","osm_type":"way","osm_id":"1322363295","addr:city":"Grimsby","addr:postcode":"DN37 9JG"}},{"type":"Feature","geometry":{"type":"Point","coordinates":[-0.12619,53.57253]},"properties":{"name":"Power infrastructure","category":"substation","osm_type":"way","osm_id":"1322363350","addr:city":"Grimsby","addr:postcode":"DN37 9JW"}},{"type":"Feature","geometry":{"type":"Point","coordinates":[-0.12034,53.57013]},"properties":{"name":"Power infrastructure","category":"substation","osm_type":"way","osm_id":"1323414780","addr:city":"Grimsby","addr:postcode":"DN37 9BB"}},{"type":"Feature","geometry":{"type":"Point","coordinates":[-0.12379,53.56955]},"properties":{"name":"Power infrastructure","category":"substation","osm_type":"way","osm_id":"1323424346","addr:city":"Grimsby","addr:postcode":"DN37 9AL"}},{"type":"Feature","geometry":{"type":"Point","coordinates":[-0.06009,53.56399]},"properties":{"name":"Power infrastructure","category":"substation","osm_type":"way","osm_id":"1323706863","addr:city":"Grimsby"}},{"type":"Feature","geometry":{"type":"Point","coordinates":[-0.06759,53.56788]},"properties":{"name":"Power infrastructure","category":"substation","osm_type":"way","osm_id":"1324365733"}},{"type":"Feature","geometry":{"type":"Point","coordinates":[-0.0602,53.57003]},"properties":{"name":"Oxford Street Substation","category":"substation","osm_type":"way","osm_id":"1324365842","operator":"Northen Power Grid","addr:city":"Grimsby"}},{"type":"Feature","geometry":{"type":"Point","coordinates":[-0.07761,53.55723]},"properties":{"name":"Power infrastructure","category":"substation","osm_type":"way","osm_id":"1326056716","addr:city":"Grimsby"}},{"type":"Feature","geometry":{"type":"Point","coordinates":[-0.05324,53.55635]},"properties":{"name":"Power infrastructure","category":"substation","osm_type":"way","osm_id":"1326083690","addr:city":"Grimsby"}},{"type":"Feature","geometry":{"type":"Point","coordinates":[-0.07154,53.56905]},"properties":{"name":"Power infrastructure","category":"substation","osm_type":"way","osm_id":"1326142775","addr:city":"Grimsby"}},{"type":"Feature","geometry":{"type":"Point","coordinates":[-0.11752,53.5444]},"properties":{"name":"Power infrastructure","category":"substation","osm_type":"way","osm_id":"1326254714","addr:city":"Grimsby","addr:postcode":"DN33 1RR"}},{"type":"Feature","geometry":{"type":"Point","coordinates":[-0.11634,53.546]},"properties":{"name":"Power infrastructure","category":"substation","osm_type":"way","osm_id":"1326254751","addr:city":"Grimsby"}},{"type":"Feature","geometry":{"type":"Point","coordinates":[-0.11543,53.54747]},"properties":{"name":"Power infrastructure","category":"substation","osm_type":"way","osm_id":"1326276501","addr:city":"Grimsby"}},{"type":"Feature","geometry":{"type":"Point","coordinates":[-0.06985,53.569]},"properties":{"name":"Power infrastructure","category":"substation","osm_type":"way","osm_id":"1327233450","addr:city":"Grimsby"}},{"type":"Feature","geometry":{"type":"Point","coordinates":[-0.07025,53.5724]},"properties":{"name":"Power infrastructure","category":"substation","osm_type":"way","osm_id":"1327301436","addr:city":"Grimsby"}},{"type":"Feature","geometry":{"type":"Point","coordinates":[-0.03012,53.55373]},"properties":{"name":"Power infrastructure","category":"substation","osm_type":"way","osm_id":"1329349534","addr:city":"Cleethorpes"}},{"type":"Feature","geometry":{"type":"Point","coordinates":[-0.1702,53.54295]},"properties":{"name":"Power infrastructure","category":"substation","osm_type":"way","osm_id":"1332423502","addr:city":"Grimsby","addr:postcode":"DN37 7AX"}},{"type":"Feature","geometry":{"type":"Point","coordinates":[-0.06428,53.55514]},"properties":{"name":"Power infrastructure","category":"substation","osm_type":"way","osm_id":"1332729889","addr:city":"Grimsby"}},{"type":"Feature","geometry":{"type":"Point","coordinates":[-0.32745,53.74032]},"properties":{"name":"Power infrastructure","category":"substation","osm_type":"way","osm_id":"1332892110","addr:city":"Hull","addr:postcode":"HU9 1TL"}},{"type":"Feature","geometry":{"type":"Point","coordinates":[-0.1336,53.57525]},"properties":{"name":"Power infrastructure","category":"substation","osm_type":"way","osm_id":"1333571695","addr:city":"Grimsby","addr:postcode":"DN37 9HS"}},{"type":"Feature","geometry":{"type":"Point","coordinates":[-0.06489,53.55685]},"properties":{"name":"Power infrastructure","category":"substation","osm_type":"way","osm_id":"1333892732","addr:city":"Grimsby"}},{"type":"Feature","geometry":{"type":"Point","coordinates":[-0.4266,53.83005]},"properties":{"name":"Power infrastructure","category":"substation","osm_type":"way","osm_id":"1334223066","addr:city":"Beverley","addr:postcode":"HU17 0LU"}},{"type":"Feature","geometry":{"type":"Point","coordinates":[-0.20729,53.61526]},"properties":{"name":"Power infrastructure","category":"substation","osm_type":"way","osm_id":"1335138398","addr:city":"Immingham","addr:postcode":"DN40 1EB"}},{"type":"Feature","geometry":{"type":"Point","coordinates":[-0.13893,53.56525]},"properties":{"name":"Power infrastructure","category":"substation","osm_type":"way","osm_id":"1335164661","addr:city":"Grimsby","addr:postcode":"DN37 9RD"}},{"type":"Feature","geometry":{"type":"Point","coordinates":[-0.02131,53.54616]},"properties":{"name":"Power infrastructure","category":"substation","osm_type":"way","osm_id":"1336816588","addr:city":"Cleethorpes"}},{"type":"Feature","geometry":{"type":"Point","coordinates":[-0.02783,53.55196]},"properties":{"name":"Power infrastructure","category":"substation","osm_type":"way","osm_id":"1336817267","addr:city":"Cleethorpes"}},{"type":"Feature","geometry":{"type":"Point","coordinates":[-0.05196,53.55993]},"properties":{"name":"Power infrastructure","category":"substation","osm_type":"way","osm_id":"1337532981","addr:city":"Grimsby"}},{"type":"Feature","geometry":{"type":"Point","coordinates":[-0.05228,53.55912]},"properties":{"name":"Power infrastructure","category":"substation","osm_type":"way","osm_id":"1337533026","addr:city":"Grimsby"}},{"type":"Feature","geometry":{"type":"Point","coordinates":[-0.05337,53.56033]},"properties":{"name":"Power infrastructure","category":"substation","osm_type":"way","osm_id":"1337533081","addr:city":"Grimsby"}},{"type":"Feature","geometry":{"type":"Point","coordinates":[-0.11379,53.55842]},"properties":{"name":"Power infrastructure","category":"substation","osm_type":"way","osm_id":"1337616756"}},{"type":"Feature","geometry":{"type":"Point","coordinates":[-0.09406,53.52624]},"properties":{"name":"Power infrastructure","category":"substation","osm_type":"way","osm_id":"1337789286","addr:city":"Grimsby"}},{"type":"Feature","geometry":{"type":"Point","coordinates":[-0.07352,53.58126]},"properties":{"name":"Power infrastructure","category":"substation","osm_type":"way","osm_id":"1338669033","addr:city":"Grimsby","addr:postcode":"DN31 3QJ"}},{"type":"Feature","geometry":{"type":"Point","coordinates":[-0.0943,53.53861]},"properties":{"name":"Power infrastructure","category":"substation","osm_type":"way","osm_id":"1338881803","addr:city":"Grimsby"}},{"type":"Feature","geometry":{"type":"Point","coordinates":[-0.05736,53.55996]},"properties":{"name":"Power infrastructure","category":"substation","osm_type":"way","osm_id":"1339056308","addr:city":"Grimsby"}},{"type":"Feature","geometry":{"type":"Point","coordinates":[-0.12692,53.55289]},"properties":{"name":"Power infrastructure","category":"substation","osm_type":"way","osm_id":"1341343952","addr:city":"Grimsby"}},{"type":"Feature","geometry":{"type":"Point","coordinates":[-0.09261,53.53192]},"properties":{"name":"Power infrastructure","category":"substation","osm_type":"way","osm_id":"1341543501","addr:city":"Grimsby"}},{"type":"Feature","geometry":{"type":"Point","coordinates":[-0.24298,53.57724]},"properties":{"name":"Power infrastructure","category":"substation","osm_type":"way","osm_id":"1344636773"}},{"type":"Feature","geometry":{"type":"Point","coordinates":[-0.1367,53.56272]},"properties":{"name":"Power infrastructure","category":"substation","osm_type":"way","osm_id":"1347152296","addr:city":"Grimsby","addr:postcode":"DN37 9QH"}},{"type":"Feature","geometry":{"type":"Point","coordinates":[-0.13997,53.56115]},"properties":{"name":"Power infrastructure","category":"substation","osm_type":"way","osm_id":"1347152297","addr:city":"Grimsby"}},{"type":"Feature","geometry":{"type":"Point","coordinates":[-0.10287,53.5336]},"properties":{"name":"Power infrastructure","category":"substation","osm_type":"way","osm_id":"1347158223","addr:city":"Grimsby"}},{"type":"Feature","geometry":{"type":"Point","coordinates":[-0.11814,53.576]},"properties":{"name":"Power infrastructure","category":"substation","osm_type":"way","osm_id":"1347196866","addr:city":"Grimsby","addr:postcode":"DN31 2TP"}},{"type":"Feature","geometry":{"type":"Point","coordinates":[-0.12364,53.58207]},"properties":{"name":"Power infrastructure","category":"substation","osm_type":"way","osm_id":"1347197504"}},{"type":"Feature","geometry":{"type":"Point","coordinates":[-0.11614,53.55804]},"properties":{"name":"Power infrastructure","category":"substation","osm_type":"way","osm_id":"1347198004","addr:city":"Grimsby"}},{"type":"Feature","geometry":{"type":"Point","coordinates":[-0.18809,53.58512]},"properties":{"name":"Power infrastructure","category":"substation","osm_type":"way","osm_id":"1347284542","addr:city":"Grimsby"}},{"type":"Feature","geometry":{"type":"Point","coordinates":[-0.07675,53.56226]},"properties":{"name":"Power infrastructure","category":"substation","osm_type":"way","osm_id":"1347404291","addr:city":"Grimsby"}},{"type":"Feature","geometry":{"type":"Point","coordinates":[-0.05199,53.57057]},"properties":{"name":"Power infrastructure","category":"substation","osm_type":"way","osm_id":"1347408241","addr:city":"Cleethorpes"}},{"type":"Feature","geometry":{"type":"Point","coordinates":[-0.09801,53.54177]},"properties":{"name":"Power infrastructure","category":"substation","osm_type":"way","osm_id":"1347833112","addr:city":"Grimsby"}},{"type":"Feature","geometry":{"type":"Point","coordinates":[-0.1219,53.57046]},"properties":{"name":"Power infrastructure","category":"substation","osm_type":"way","osm_id":"1347841153","addr:city":"Grimsby","addr:postcode":"DN37 9AH"}},{"type":"Feature","geometry":{"type":"Point","coordinates":[-0.1211,53.56901]},"properties":{"name":"Power infrastructure","category":"substation","osm_type":"way","osm_id":"1347841775","addr:city":"Grimsby","addr:postcode":"DN37 9BA"}},{"type":"Feature","geometry":{"type":"Point","coordinates":[-0.07283,53.55637]},"properties":{"name":"Power infrastructure","category":"substation","osm_type":"way","osm_id":"1347977556","addr:city":"Grimsby"}},{"type":"Feature","geometry":{"type":"Point","coordinates":[-0.12459,53.57103]},"properties":{"name":"Power infrastructure","category":"substation","osm_type":"way","osm_id":"1348056574","addr:city":"Grimsby"}},{"type":"Feature","geometry":{"type":"Point","coordinates":[-0.12864,53.56886]},"properties":{"name":"Power infrastructure","category":"substation","osm_type":"way","osm_id":"1348057392","addr:city":"Grimsby","addr:postcode":"DN37 9ET"}},{"type":"Feature","geometry":{"type":"Point","coordinates":[-0.1034,53.56578]},"properties":{"name":"Power infrastructure","category":"substation","osm_type":"way","osm_id":"1348071510"}},{"type":"Feature","geometry":{"type":"Point","coordinates":[-0.05714,53.57146]},"properties":{"name":"Power infrastructure","category":"substation","osm_type":"way","osm_id":"1348341576","addr:city":"Grimsby"}},{"type":"Feature","geometry":{"type":"Point","coordinates":[-0.01732,53.55118]},"properties":{"name":"Power infrastructure","category":"substation","osm_type":"way","osm_id":"1348343436","addr:city":"Cleethorpes"}},{"type":"Feature","geometry":{"type":"Point","coordinates":[-0.11197,53.57601]},"properties":{"name":"Power infrastructure","category":"substation","osm_type":"way","osm_id":"1348373315","addr:city":"Grimsby","addr:postcode":"DN31 2TG"}},{"type":"Feature","geometry":{"type":"Point","coordinates":[-0.21219,53.60815]},"properties":{"name":"Power infrastructure","category":"substation","osm_type":"way","osm_id":"1348499014","addr:city":"Immingham","addr:postcode":"DN40 1RE"}},{"type":"Feature","geometry":{"type":"Point","coordinates":[-0.12213,53.55562]},"properties":{"name":"Power infrastructure","category":"substation","osm_type":"way","osm_id":"1349081130","addr:city":"Grimsby"}},{"type":"Feature","geometry":{"type":"Point","coordinates":[-0.12842,53.55512]},"properties":{"name":"Power infrastructure","category":"substation","osm_type":"way","osm_id":"1349081131","addr:city":"Grimsby"}},{"type":"Feature","geometry":{"type":"Point","coordinates":[-0.05538,53.52943]},"properties":{"name":"Power infrastructure","category":"substation","osm_type":"way","osm_id":"1350081468","addr:city":"Grimsby","addr:postcode":"DN36 4YP"}},{"type":"Feature","geometry":{"type":"Point","coordinates":[-0.04182,53.54768]},"properties":{"name":"Power infrastructure","category":"substation","osm_type":"way","osm_id":"1351637196","addr:city":"Cleethorpes"}},{"type":"Feature","geometry":{"type":"Point","coordinates":[-0.0455,53.5633]},"properties":{"name":"Power infrastructure","category":"substation","osm_type":"way","osm_id":"1351645077","addr:city":"Cleethorpes"}},{"type":"Feature","geometry":{"type":"Point","coordinates":[-0.65395,53.55546]},"properties":{"name":"Power infrastructure","category":"substation","osm_type":"way","osm_id":"1356791526","addr:city":"Scunthorpe","addr:postcode":"DN16 3LN"}},{"type":"Feature","geometry":{"type":"Point","coordinates":[-0.54854,53.56864]},"properties":{"name":"Power infrastructure","category":"substation","osm_type":"way","osm_id":"1356985005","addr:city":"Brigg","addr:postcode":"DN20 0EL"}},{"type":"Feature","geometry":{"type":"Point","coordinates":[-0.55507,53.57028]},"properties":{"name":"Power infrastructure","category":"substation","osm_type":"way","osm_id":"1356999424","addr:city":"Brigg"}},{"type":"Feature","geometry":{"type":"Point","coordinates":[-0.10656,53.56233]},"properties":{"name":"Power infrastructure","category":"substation","osm_type":"way","osm_id":"1358422041"}},{"type":"Feature","geometry":{"type":"Point","coordinates":[-0.17483,53.54603]},"properties":{"name":"Power infrastructure","category":"substation","osm_type":"way","osm_id":"1360419488","addr:city":"Grimsby","addr:postcode":"DN37 7EN"}},{"type":"Feature","geometry":{"type":"Point","coordinates":[-0.11643,53.51512]},"properties":{"name":"Power infrastructure","category":"substation","osm_type":"way","osm_id":"1361754864","addr:city":"Grimsby","addr:postcode":"DN37 0UX"}},{"type":"Feature","geometry":{"type":"Point","coordinates":[-0.11484,53.51743]},"properties":{"name":"50","category":"substation","osm_type":"way","osm_id":"1361836298","ref":"50","addr:city":"Grimsby","addr:postcode":"DN37 0XW"}},{"type":"Feature","geometry":{"type":"Point","coordinates":[-0.10757,53.51684]},"properties":{"name":"Power infrastructure","category":"substation","osm_type":"way","osm_id":"1361838469","addr:city":"Grimsby","addr:postcode":"DN37 0EH"}},{"type":"Feature","geometry":{"type":"Point","coordinates":[-0.16269,53.5412]},"properties":{"name":"Power infrastructure","category":"substation","osm_type":"way","osm_id":"1362649184","addr:city":"Grimsby","addr:postcode":"DN37 7WA"}},{"type":"Feature","geometry":{"type":"Point","coordinates":[-0.17326,53.54445]},"properties":{"name":"Power infrastructure","category":"substation","osm_type":"way","osm_id":"1362830863","addr:city":"Grimsby"}},{"type":"Feature","geometry":{"type":"Point","coordinates":[-0.17648,53.53946]},"properties":{"name":"Power infrastructure","category":"substation","osm_type":"way","osm_id":"1362917053"}},{"type":"Feature","geometry":{"type":"Point","coordinates":[-0.13276,53.56651]},"properties":{"name":"Power infrastructure","category":"substation","osm_type":"way","osm_id":"1363177995","addr:city":"Grimsby","addr:postcode":"DN37 9HF"}},{"type":"Feature","geometry":{"type":"Point","coordinates":[-0.12658,53.57503]},"properties":{"name":"Power infrastructure","category":"substation","osm_type":"way","osm_id":"1363178469","addr:city":"Grimsby","addr:postcode":"DN37 9EP"}},{"type":"Feature","geometry":{"type":"Point","coordinates":[-0.98909,53.73256]},"properties":{"name":"Lakeside Energy Park","category":"plant","osm_type":"way","osm_id":"1364038290"}},{"type":"Feature","geometry":{"type":"Point","coordinates":[-0.22392,53.61233]},"properties":{"name":"Power infrastructure","category":"substation","osm_type":"way","osm_id":"1368004054","addr:city":"Immingham","addr:postcode":"DN40 1NJ"}},{"type":"Feature","geometry":{"type":"Point","coordinates":[-0.09559,53.5651]},"properties":{"name":"Power infrastructure","category":"substation","osm_type":"way","osm_id":"1368392122"}},{"type":"Feature","geometry":{"type":"Point","coordinates":[-0.09169,53.53964]},"properties":{"name":"Power infrastructure","category":"substation","osm_type":"way","osm_id":"1369209144","addr:city":"Grimsby"}},{"type":"Feature","geometry":{"type":"Point","coordinates":[-0.08102,53.5352]},"properties":{"name":"Power infrastructure","category":"substation","osm_type":"way","osm_id":"1370529802"}},{"type":"Feature","geometry":{"type":"Point","coordinates":[-0.03304,53.5367]},"properties":{"name":"Power infrastructure","category":"substation","osm_type":"way","osm_id":"1377326061","addr:city":"Cleethorpes","addr:postcode":"DN35 0SN"}},{"type":"Feature","geometry":{"type":"Point","coordinates":[-0.33051,53.68243]},"properties":{"name":"Power infrastructure","category":"substation","osm_type":"way","osm_id":"1378440618","addr:city":"Barrow-upon-Humber","addr:postcode":"DN19 7JR"}},{"type":"Feature","geometry":{"type":"Point","coordinates":[-0.43048,53.67755]},"properties":{"name":"Power infrastructure","category":"substation","osm_type":"way","osm_id":"1382301257","addr:city":"Barton-upon-Humber","addr:postcode":"DN18 6DQ"}},{"type":"Feature","geometry":{"type":"Point","coordinates":[-0.32719,53.75637]},"properties":{"name":"Power infrastructure","category":"substation","osm_type":"way","osm_id":"1386002943"}},{"type":"Feature","geometry":{"type":"Point","coordinates":[-0.32592,53.75848]},"properties":{"name":"Power infrastructure","category":"substation","osm_type":"way","osm_id":"1386002944","addr:city":"Hull","addr:postcode":"HU8 8BZ"}},{"type":"Feature","geometry":{"type":"Point","coordinates":[-0.3283,53.75826]},"properties":{"name":"Power infrastructure","category":"substation","osm_type":"way","osm_id":"1386002945","addr:city":"Hull","addr:postcode":"HU8 8AZ"}},{"type":"Feature","geometry":{"type":"Point","coordinates":[-0.32744,53.75425]},"properties":{"name":"Power infrastructure","category":"substation","osm_type":"way","osm_id":"1386002946","addr:city":"Hull","addr:postcode":"HU8 7AU"}},{"type":"Feature","geometry":{"type":"Point","coordinates":[-0.33051,53.75528]},"properties":{"name":"Power infrastructure","category":"substation","osm_type":"way","osm_id":"1386002947","addr:city":"Hull","addr:postcode":"HU2 0QE"}},{"type":"Feature","geometry":{"type":"Point","coordinates":[-0.33434,53.75661]},"properties":{"name":"Power infrastructure","category":"substation","osm_type":"way","osm_id":"1386002948"}},{"type":"Feature","geometry":{"type":"Point","coordinates":[-0.09709,53.57421]},"properties":{"name":"Power infrastructure","category":"substation","osm_type":"way","osm_id":"1390086991"}},{"type":"Feature","geometry":{"type":"Point","coordinates":[-0.09522,53.5729]},"properties":{"name":"Power infrastructure","category":"substation","osm_type":"way","osm_id":"1390086992"}},{"type":"Feature","geometry":{"type":"Point","coordinates":[-0.25905,53.77704]},"properties":{"name":"Power infrastructure","category":"substation","osm_type":"way","osm_id":"1390535702","addr:city":"Hull","addr:postcode":"HU11 4BN"}},{"type":"Feature","geometry":{"type":"Point","coordinates":[-0.2665,53.78042]},"properties":{"name":"Power infrastructure","category":"substation","osm_type":"way","osm_id":"1390547659","addr:postcode":"HU8 9RT"}},{"type":"Feature","geometry":{"type":"Point","coordinates":[-0.08955,53.53197]},"properties":{"name":"Power infrastructure","category":"substation","osm_type":"way","osm_id":"1391237890","addr:city":"Grimsby"}},{"type":"Feature","geometry":{"type":"Point","coordinates":[-0.06078,53.56045]},"properties":{"name":"Power infrastructure","category":"substation","osm_type":"way","osm_id":"1391394539","addr:city":"Grimsby"}},{"type":"Feature","geometry":{"type":"Point","coordinates":[-0.23267,53.74678]},"properties":{"name":"Westermost Rough OWF onshore substation","category":"substation","osm_type":"way","osm_id":"1393671377","operator":"Westermost Rough OFTO"}},{"type":"Feature","geometry":{"type":"Point","coordinates":[-0.06377,53.50555]},"properties":{"name":"Power infrastructure","category":"substation","osm_type":"way","osm_id":"1396233427","addr:city":"Grimsby","addr:postcode":"DN36 5EQ"}},{"type":"Feature","geometry":{"type":"Point","coordinates":[-0.06627,53.51107]},"properties":{"name":"Power infrastructure","category":"substation","osm_type":"way","osm_id":"1396233840","addr:city":"Grimsby","addr:postcode":"DN36 5DF"}},{"type":"Feature","geometry":{"type":"Point","coordinates":[-0.05071,53.50311]},"properties":{"name":"Power infrastructure","category":"substation","osm_type":"way","osm_id":"1396237102","addr:city":"Grimsby","addr:postcode":"DN36 5BD"}},{"type":"Feature","geometry":{"type":"Point","coordinates":[-0.05444,53.50435]},"properties":{"name":"Power infrastructure","category":"substation","osm_type":"way","osm_id":"1396257382","addr:city":"Grimsby","addr:postcode":"DN36 5BH"}},{"type":"Feature","geometry":{"type":"Point","coordinates":[-0.05499,53.50505]},"properties":{"name":"Power infrastructure","category":"substation","osm_type":"way","osm_id":"1396257383","addr:city":"Grimsby","addr:postcode":"DN36 5BZ"}},{"type":"Feature","geometry":{"type":"Point","coordinates":[-0.06331,53.52847]},"properties":{"name":"Power infrastructure","category":"substation","osm_type":"way","osm_id":"1402942216","addr:city":"Grimsby"}},{"type":"Feature","geometry":{"type":"Point","coordinates":[-0.03816,53.53796]},"properties":{"name":"Power infrastructure","category":"substation","osm_type":"way","osm_id":"1408147522","addr:city":"Cleethorpes","addr:postcode":"DN35 0SR"}},{"type":"Feature","geometry":{"type":"Point","coordinates":[-0.03605,53.53577]},"properties":{"name":"Power infrastructure","category":"substation","osm_type":"way","osm_id":"1408650148","addr:city":"Grimsby","addr:postcode":"DN36 4BB"}},{"type":"Feature","geometry":{"type":"Point","coordinates":[-0.07197,53.5228]},"properties":{"name":"Power infrastructure","category":"substation","osm_type":"way","osm_id":"1411260292","addr:city":"Grimsby","addr:postcode":"DN36 4PL"}},{"type":"Feature","geometry":{"type":"Point","coordinates":[-0.11628,53.55819]},"properties":{"name":"Power infrastructure","category":"substation","osm_type":"way","osm_id":"1416072077","addr:city":"Grimsby"}},{"type":"Feature","geometry":{"type":"Point","coordinates":[-0.22655,53.61775]},"properties":{"name":"Power infrastructure","category":"substation","osm_type":"way","osm_id":"1417608112","addr:city":"Immingham","addr:postcode":"DN40 2RS"}},{"type":"Feature","geometry":{"type":"Point","coordinates":[-0.42243,53.81119]},"properties":{"name":"Dogger Bank B Wind Farm Converter station","category":"substation","osm_type":"way","osm_id":"1417956644"}},{"type":"Feature","geometry":{"type":"Point","coordinates":[-0.20698,53.61262]},"properties":{"name":"Power infrastructure","category":"substation","osm_type":"way","osm_id":"1421323441"}},{"type":"Feature","geometry":{"type":"Point","coordinates":[-0.07721,53.55934]},"properties":{"name":"Power infrastructure","category":"substation","osm_type":"way","osm_id":"1421559372"}},{"type":"Feature","geometry":{"type":"Point","coordinates":[-0.04607,53.54649]},"properties":{"name":"Power infrastructure","category":"substation","osm_type":"way","osm_id":"1421911068","addr:city":"Cleethorpes"}},{"type":"Feature","geometry":{"type":"Point","coordinates":[-0.36172,53.69931]},"properties":{"name":"Power infrastructure","category":"substation","osm_type":"way","osm_id":"1421927963","addr:city":"Barrow-upon-Humber","addr:postcode":"DN19 7SB"}},{"type":"Feature","geometry":{"type":"Point","coordinates":[-0.0181,53.54409]},"properties":{"name":"Power infrastructure","category":"substation","osm_type":"way","osm_id":"1422453841","addr:city":"Cleethorpes"}},{"type":"Feature","geometry":{"type":"Point","coordinates":[-0.01592,53.54474]},"properties":{"name":"Power infrastructure","category":"substation","osm_type":"way","osm_id":"1422455455","addr:city":"Cleethorpes"}},{"type":"Feature","geometry":{"type":"Point","coordinates":[-0.01641,53.53701]},"properties":{"name":"Power infrastructure","category":"substation","osm_type":"way","osm_id":"1422455900","addr:city":"Cleethorpes","addr:postcode":"DN35 0ND"}},{"type":"Feature","geometry":{"type":"Point","coordinates":[-0.26836,53.63011]},"properties":{"name":"Power infrastructure","category":"substation","osm_type":"way","osm_id":"1422481542","addr:city":"Immingham","addr:postcode":"DN40 3HL"}},{"type":"Feature","geometry":{"type":"Point","coordinates":[-0.44396,53.68869]},"properties":{"name":"Power infrastructure","category":"substation","osm_type":"way","osm_id":"1423421308","addr:city":"Barton-upon-Humber","addr:postcode":"DN18 5QD"}},{"type":"Feature","geometry":{"type":"Point","coordinates":[-0.36619,53.76267]},"properties":{"name":"Power infrastructure","category":"substation","osm_type":"way","osm_id":"1431164780","addr:city":"Hull","addr:postcode":"HU5 2BN"}},{"type":"Feature","geometry":{"type":"Point","coordinates":[-0.51178,53.7245]},"properties":{"name":"Power infrastructure","category":"substation","osm_type":"way","osm_id":"1431810585","addr:city":"North Ferriby","addr:postcode":"HU14 3EX"}},{"type":"Feature","geometry":{"type":"Point","coordinates":[-0.02907,53.53119]},"properties":{"name":"Power infrastructure","category":"substation","osm_type":"way","osm_id":"1433907457"}},{"type":"Feature","geometry":{"type":"Point","coordinates":[-0.03081,53.53432]},"properties":{"name":"Power infrastructure","category":"substation","osm_type":"way","osm_id":"1433907458"}},{"type":"Feature","geometry":{"type":"Point","coordinates":[-0.62824,53.5598]},"properties":{"name":"Power infrastructure","category":"substation","osm_type":"way","osm_id":"1436571085"}},{"type":"Feature","geometry":{"type":"Point","coordinates":[-0.54579,53.57254]},"properties":{"name":"Power infrastructure","category":"substation","osm_type":"way","osm_id":"1454516386","addr:city":"Brigg"}},{"type":"Feature","geometry":{"type":"Point","coordinates":[-0.55132,53.57324]},"properties":{"name":"Power infrastructure","category":"substation","osm_type":"way","osm_id":"1454516399","addr:city":"Brigg"}},{"type":"Feature","geometry":{"type":"Point","coordinates":[-0.15572,53.84599]},"properties":{"name":"Power infrastructure","category":"substation","osm_type":"way","osm_id":"1459945937"}},{"type":"Feature","geometry":{"type":"Point","coordinates":[-0.15672,53.84831]},"properties":{"name":"Power infrastructure","category":"substation","osm_type":"way","osm_id":"1459945938"}}]}