{"type":"FeatureCollection","features":[{"type":"Feature","geometry":{"type":"Point","coordinates":[-0.40332,51.69171]},"properties":{"name":"Power infrastructure","category":"generator","osm_type":"node","osm_id":"8174664718"}},{"type":"Feature","geometry":{"type":"Point","coordinates":[-0.47635,51.73338]},"properties":{"name":"Power infrastructure","category":"generator","osm_type":"node","osm_id":"8176225747"}},{"type":"Feature","geometry":{"type":"Point","coordinates":[-0.4764,51.73341]},"properties":{"name":"Power infrastructure","category":"generator","osm_type":"node","osm_id":"8176225748"}},{"type":"Feature","geometry":{"type":"Point","coordinates":[-0.47313,51.73273]},"properties":{"name":"Power infrastructure","category":"generator","osm_type":"node","osm_id":"8176232012"}},{"type":"Feature","geometry":{"type":"Point","coordinates":[-0.47323,51.73216]},"properties":{"name":"Power infrastructure","category":"generator","osm_type":"node","osm_id":"8176232013"}},{"type":"Feature","geometry":{"type":"Point","coordinates":[-0.47013,51.73501]},"properties":{"name":"Power infrastructure","category":"generator","osm_type":"node","osm_id":"8176232015"}},{"type":"Feature","geometry":{"type":"Point","coordinates":[-0.47293,51.73514]},"properties":{"name":"Power infrastructure","category":"generator","osm_type":"node","osm_id":"8176232016"}},{"type":"Feature","geometry":{"type":"Point","coordinates":[-0.47447,51.73564]},"properties":{"name":"Power infrastructure","category":"generator","osm_type":"node","osm_id":"8176278820"}},{"type":"Feature","geometry":{"type":"Point","coordinates":[-0.47411,51.73591]},"properties":{"name":"Power infrastructure","category":"generator","osm_type":"node","osm_id":"8176278821"}},{"type":"Feature","geometry":{"type":"Point","coordinates":[-0.47663,51.73468]},"properties":{"name":"Power infrastructure","category":"generator","osm_type":"node","osm_id":"8176278824"}},{"type":"Feature","geometry":{"type":"Point","coordinates":[-0.46783,51.72355]},"properties":{"name":"Power infrastructure","category":"generator","osm_type":"node","osm_id":"8176699776"}},{"type":"Feature","geometry":{"type":"Point","coordinates":[-0.45685,51.72584]},"properties":{"name":"Power infrastructure","category":"generator","osm_type":"node","osm_id":"8176699784"}},{"type":"Feature","geometry":{"type":"Point","coordinates":[-0.45443,51.72679]},"properties":{"name":"Power infrastructure","category":"generator","osm_type":"node","osm_id":"8176699789"}},{"type":"Feature","geometry":{"type":"Point","coordinates":[-0.45613,51.72476]},"properties":{"name":"Power infrastructure","category":"generator","osm_type":"node","osm_id":"8176699790"}},{"type":"Feature","geometry":{"type":"Point","coordinates":[-0.45208,51.73057]},"properties":{"name":"Power infrastructure","category":"generator","osm_type":"node","osm_id":"8176699791"}},{"type":"Feature","geometry":{"type":"Point","coordinates":[-0.45439,51.73043]},"properties":{"name":"Power infrastructure","category":"generator","osm_type":"node","osm_id":"8176699808"}},{"type":"Feature","geometry":{"type":"Point","coordinates":[-0.45474,51.73135]},"properties":{"name":"Power infrastructure","category":"generator","osm_type":"node","osm_id":"8176699811"}},{"type":"Feature","geometry":{"type":"Point","coordinates":[-0.44494,51.70666]},"properties":{"name":"Power infrastructure","category":"generator","osm_type":"node","osm_id":"8177643453"}},{"type":"Feature","geometry":{"type":"Point","coordinates":[-0.44477,51.7072]},"properties":{"name":"Power infrastructure","category":"generator","osm_type":"node","osm_id":"8177643454"}},{"type":"Feature","geometry":{"type":"Point","coordinates":[-0.44495,51.70715]},"properties":{"name":"Power infrastructure","category":"generator","osm_type":"node","osm_id":"8177643455"}},{"type":"Feature","geometry":{"type":"Point","coordinates":[-0.44513,51.70712]},"properties":{"name":"Power infrastructure","category":"generator","osm_type":"node","osm_id":"8177643456"}},{"type":"Feature","geometry":{"type":"Point","coordinates":[-0.44495,51.70746]},"properties":{"name":"Power infrastructure","category":"generator","osm_type":"node","osm_id":"8177643457"}},{"type":"Feature","geometry":{"type":"Point","coordinates":[-0.44513,51.70743]},"properties":{"name":"Power infrastructure","category":"generator","osm_type":"node","osm_id":"8177643458"}},{"type":"Feature","geometry":{"type":"Point","coordinates":[-0.44532,51.70738]},"properties":{"name":"Power infrastructure","category":"generator","osm_type":"node","osm_id":"8177643459"}},{"type":"Feature","geometry":{"type":"Point","coordinates":[-0.44532,51.70761]},"properties":{"name":"Power infrastructure","category":"generator","osm_type":"node","osm_id":"8177643460"}},{"type":"Feature","geometry":{"type":"Point","coordinates":[-0.4454,51.70772]},"properties":{"name":"Power infrastructure","category":"generator","osm_type":"node","osm_id":"8177643461"}},{"type":"Feature","geometry":{"type":"Point","coordinates":[-0.44548,51.70782]},"properties":{"name":"Power infrastructure","category":"generator","osm_type":"node","osm_id":"8177643462"}},{"type":"Feature","geometry":{"type":"Point","coordinates":[-0.44554,51.70791]},"properties":{"name":"Power infrastructure","category":"generator","osm_type":"node","osm_id":"8177643463"}},{"type":"Feature","geometry":{"type":"Point","coordinates":[-0.44558,51.70796]},"properties":{"name":"Power infrastructure","category":"generator","osm_type":"node","osm_id":"8177643464"}},{"type":"Feature","geometry":{"type":"Point","coordinates":[-0.44577,51.70808]},"properties":{"name":"Power infrastructure","category":"generator","osm_type":"node","osm_id":"8177643465"}},{"type":"Feature","geometry":{"type":"Point","coordinates":[-0.4458,51.70811]},"properties":{"name":"Power infrastructure","category":"generator","osm_type":"node","osm_id":"8177643466"}},{"type":"Feature","geometry":{"type":"Point","coordinates":[-0.44567,51.70813]},"properties":{"name":"Power infrastructure","category":"generator","osm_type":"node","osm_id":"8177643467"}},{"type":"Feature","geometry":{"type":"Point","coordinates":[-0.44559,51.70815]},"properties":{"name":"Power infrastructure","category":"generator","osm_type":"node","osm_id":"8177643468"}},{"type":"Feature","geometry":{"type":"Point","coordinates":[-0.44552,51.70816]},"properties":{"name":"Power infrastructure","category":"generator","osm_type":"node","osm_id":"8177643469"}},{"type":"Feature","geometry":{"type":"Point","coordinates":[-0.44588,51.70829]},"properties":{"name":"Power infrastructure","category":"generator","osm_type":"node","osm_id":"8177643470"}},{"type":"Feature","geometry":{"type":"Point","coordinates":[-0.44591,51.70833]},"properties":{"name":"Power infrastructure","category":"generator","osm_type":"node","osm_id":"8177643471"}},{"type":"Feature","geometry":{"type":"Point","coordinates":[-0.44621,51.70824]},"properties":{"name":"Power infrastructure","category":"generator","osm_type":"node","osm_id":"8177643472"}},{"type":"Feature","geometry":{"type":"Point","coordinates":[-0.44619,51.70818]},"properties":{"name":"Power infrastructure","category":"generator","osm_type":"node","osm_id":"8177643473"}},{"type":"Feature","geometry":{"type":"Point","coordinates":[-0.44617,51.70814]},"properties":{"name":"Power infrastructure","category":"generator","osm_type":"node","osm_id":"8177643474"}},{"type":"Feature","geometry":{"type":"Point","coordinates":[-0.4461,51.70796]},"properties":{"name":"Power infrastructure","category":"generator","osm_type":"node","osm_id":"8177643475"}},{"type":"Feature","geometry":{"type":"Point","coordinates":[-0.44595,51.70778]},"properties":{"name":"Power infrastructure","category":"generator","osm_type":"node","osm_id":"8177643476"}},{"type":"Feature","geometry":{"type":"Point","coordinates":[-0.44583,51.70764]},"properties":{"name":"Power infrastructure","category":"generator","osm_type":"node","osm_id":"8177643477"}},{"type":"Feature","geometry":{"type":"Point","coordinates":[-0.44579,51.70757]},"properties":{"name":"Power infrastructure","category":"generator","osm_type":"node","osm_id":"8177643478"}},{"type":"Feature","geometry":{"type":"Point","coordinates":[-0.44573,51.7075]},"properties":{"name":"Power infrastructure","category":"generator","osm_type":"node","osm_id":"8177643479"}},{"type":"Feature","geometry":{"type":"Point","coordinates":[-0.44571,51.70744]},"properties":{"name":"Power infrastructure","category":"generator","osm_type":"node","osm_id":"8177643480"}},{"type":"Feature","geometry":{"type":"Point","coordinates":[-0.44566,51.70734]},"properties":{"name":"Power infrastructure","category":"generator","osm_type":"node","osm_id":"8177643481"}},{"type":"Feature","geometry":{"type":"Point","coordinates":[-0.44803,51.70858]},"properties":{"name":"Power infrastructure","category":"generator","osm_type":"node","osm_id":"8177643482"}},{"type":"Feature","geometry":{"type":"Point","coordinates":[-0.4499,51.70963]},"properties":{"name":"Power infrastructure","category":"generator","osm_type":"node","osm_id":"8177643483"}},{"type":"Feature","geometry":{"type":"Point","coordinates":[-0.4528,51.70943]},"properties":{"name":"Power infrastructure","category":"generator","osm_type":"node","osm_id":"8177643486"}},{"type":"Feature","geometry":{"type":"Point","coordinates":[-0.4476,51.71494]},"properties":{"name":"Power infrastructure","category":"generator","osm_type":"node","osm_id":"8177643493"}},{"type":"Feature","geometry":{"type":"Point","coordinates":[-0.44578,51.71338]},"properties":{"name":"Power infrastructure","category":"generator","osm_type":"node","osm_id":"8177643494"}},{"type":"Feature","geometry":{"type":"Point","coordinates":[-0.45172,51.72041]},"properties":{"name":"Power infrastructure","category":"generator","osm_type":"node","osm_id":"8178753721"}},{"type":"Feature","geometry":{"type":"Point","coordinates":[-0.4517,51.72038]},"properties":{"name":"Power infrastructure","category":"generator","osm_type":"node","osm_id":"8178753722"}},{"type":"Feature","geometry":{"type":"Point","coordinates":[-0.45428,51.71888]},"properties":{"name":"Power infrastructure","category":"generator","osm_type":"node","osm_id":"8178753723"}},{"type":"Feature","geometry":{"type":"Point","coordinates":[-0.45504,51.71831]},"properties":{"name":"Power infrastructure","category":"generator","osm_type":"node","osm_id":"8178753725"}},{"type":"Feature","geometry":{"type":"Point","coordinates":[-0.45512,51.71827]},"properties":{"name":"Power infrastructure","category":"generator","osm_type":"node","osm_id":"8178753726"}},{"type":"Feature","geometry":{"type":"Point","coordinates":[-0.45516,51.71826]},"properties":{"name":"Power infrastructure","category":"generator","osm_type":"node","osm_id":"8178753727"}},{"type":"Feature","geometry":{"type":"Point","coordinates":[-0.45695,51.71785]},"properties":{"name":"Power infrastructure","category":"generator","osm_type":"node","osm_id":"8178753760"}},{"type":"Feature","geometry":{"type":"Point","coordinates":[-0.46098,51.71717]},"properties":{"name":"Power infrastructure","category":"generator","osm_type":"node","osm_id":"8178753795"}},{"type":"Feature","geometry":{"type":"Point","coordinates":[-0.46041,51.71573]},"properties":{"name":"Power infrastructure","category":"generator","osm_type":"node","osm_id":"8178753797"}},{"type":"Feature","geometry":{"type":"Point","coordinates":[-0.46024,51.71575]},"properties":{"name":"Power infrastructure","category":"generator","osm_type":"node","osm_id":"8178753798"}},{"type":"Feature","geometry":{"type":"Point","coordinates":[-0.45953,51.7155]},"properties":{"name":"Power infrastructure","category":"generator","osm_type":"node","osm_id":"8178753799"}},{"type":"Feature","geometry":{"type":"Point","coordinates":[-0.45919,51.71567]},"properties":{"name":"Power infrastructure","category":"generator","osm_type":"node","osm_id":"8178753800"}},{"type":"Feature","geometry":{"type":"Point","coordinates":[-0.46019,51.71489]},"properties":{"name":"Power infrastructure","category":"generator","osm_type":"node","osm_id":"8178753801"}},{"type":"Feature","geometry":{"type":"Point","coordinates":[-0.4603,51.71394]},"properties":{"name":"Power infrastructure","category":"generator","osm_type":"node","osm_id":"8178753807"}},{"type":"Feature","geometry":{"type":"Point","coordinates":[-0.45998,51.71183]},"properties":{"name":"Power infrastructure","category":"generator","osm_type":"node","osm_id":"8178753809"}},{"type":"Feature","geometry":{"type":"Point","coordinates":[-0.45988,51.7119]},"properties":{"name":"Power infrastructure","category":"generator","osm_type":"node","osm_id":"8178753810"}},{"type":"Feature","geometry":{"type":"Point","coordinates":[-0.45954,51.71209]},"properties":{"name":"Power infrastructure","category":"generator","osm_type":"node","osm_id":"8178753811"}},{"type":"Feature","geometry":{"type":"Point","coordinates":[-0.45939,51.71169]},"properties":{"name":"Power infrastructure","category":"generator","osm_type":"node","osm_id":"8178753813"}},{"type":"Feature","geometry":{"type":"Point","coordinates":[-0.45914,51.71236]},"properties":{"name":"Power infrastructure","category":"generator","osm_type":"node","osm_id":"8178753814"}},{"type":"Feature","geometry":{"type":"Point","coordinates":[-0.46287,51.71332]},"properties":{"name":"Power infrastructure","category":"generator","osm_type":"node","osm_id":"8178753815"}},{"type":"Feature","geometry":{"type":"Point","coordinates":[-0.46293,51.71327]},"properties":{"name":"Power infrastructure","category":"generator","osm_type":"node","osm_id":"8178753816"}},{"type":"Feature","geometry":{"type":"Point","coordinates":[-0.47305,51.71177]},"properties":{"name":"Power infrastructure","category":"generator","osm_type":"node","osm_id":"8178753824"}},{"type":"Feature","geometry":{"type":"Point","coordinates":[-0.47828,51.71074]},"properties":{"name":"Power infrastructure","category":"generator","osm_type":"node","osm_id":"8178753836"}},{"type":"Feature","geometry":{"type":"Point","coordinates":[-0.45353,51.71194]},"properties":{"name":"Power infrastructure","category":"generator","osm_type":"node","osm_id":"8178815118"}},{"type":"Feature","geometry":{"type":"Point","coordinates":[-0.45282,51.71198]},"properties":{"name":"Power infrastructure","category":"generator","osm_type":"node","osm_id":"8178815125"}},{"type":"Feature","geometry":{"type":"Point","coordinates":[-0.4513,51.71301]},"properties":{"name":"Power infrastructure","category":"generator","osm_type":"node","osm_id":"8178815126"}},{"type":"Feature","geometry":{"type":"Point","coordinates":[-0.45204,51.71324]},"properties":{"name":"Power infrastructure","category":"generator","osm_type":"node","osm_id":"8178815127"}},{"type":"Feature","geometry":{"type":"Point","coordinates":[-0.45235,51.71351]},"properties":{"name":"Power infrastructure","category":"generator","osm_type":"node","osm_id":"8178815128"}},{"type":"Feature","geometry":{"type":"Point","coordinates":[-0.45768,51.7136]},"properties":{"name":"Power infrastructure","category":"generator","osm_type":"node","osm_id":"8178815131"}},{"type":"Feature","geometry":{"type":"Point","coordinates":[-0.4575,51.71362]},"properties":{"name":"Power infrastructure","category":"generator","osm_type":"node","osm_id":"8178815132"}},{"type":"Feature","geometry":{"type":"Point","coordinates":[-0.45726,51.71339]},"properties":{"name":"Power infrastructure","category":"generator","osm_type":"node","osm_id":"8178815133"}},{"type":"Feature","geometry":{"type":"Point","coordinates":[-0.45723,51.71327]},"properties":{"name":"Power infrastructure","category":"generator","osm_type":"node","osm_id":"8178815134"}},{"type":"Feature","geometry":{"type":"Point","coordinates":[-0.45517,51.71324]},"properties":{"name":"Power infrastructure","category":"generator","osm_type":"node","osm_id":"8178815136"}},{"type":"Feature","geometry":{"type":"Point","coordinates":[-0.45512,51.71322]},"properties":{"name":"Power infrastructure","category":"generator","osm_type":"node","osm_id":"8178815137"}},{"type":"Feature","geometry":{"type":"Point","coordinates":[-0.45496,51.71322]},"properties":{"name":"Power infrastructure","category":"generator","osm_type":"node","osm_id":"8178815138"}},{"type":"Feature","geometry":{"type":"Point","coordinates":[-0.44426,51.73486]},"properties":{"name":"Power infrastructure","category":"generator","osm_type":"node","osm_id":"8179980043"}},{"type":"Feature","geometry":{"type":"Point","coordinates":[-0.44308,51.73579]},"properties":{"name":"Power infrastructure","category":"generator","osm_type":"node","osm_id":"8179980050"}},{"type":"Feature","geometry":{"type":"Point","coordinates":[-0.44009,51.73881]},"properties":{"name":"Power infrastructure","category":"generator","osm_type":"node","osm_id":"8179980051"}},{"type":"Feature","geometry":{"type":"Point","coordinates":[-0.44606,51.73711]},"properties":{"name":"Power infrastructure","category":"generator","osm_type":"node","osm_id":"8179980052"}},{"type":"Feature","geometry":{"type":"Point","coordinates":[-0.4461,51.73709]},"properties":{"name":"Power infrastructure","category":"generator","osm_type":"node","osm_id":"8179980053"}},{"type":"Feature","geometry":{"type":"Point","coordinates":[-0.45076,51.73424]},"properties":{"name":"Power infrastructure","category":"generator","osm_type":"node","osm_id":"8179980078"}},{"type":"Feature","geometry":{"type":"Point","coordinates":[-0.44398,51.73658]},"properties":{"name":"Power infrastructure","category":"generator","osm_type":"node","osm_id":"8179980086"}},{"type":"Feature","geometry":{"type":"Point","coordinates":[-0.44406,51.7371]},"properties":{"name":"Power infrastructure","category":"generator","osm_type":"node","osm_id":"8179980090"}},{"type":"Feature","geometry":{"type":"Point","coordinates":[-0.42981,51.74369]},"properties":{"name":"Power infrastructure","category":"generator","osm_type":"node","osm_id":"8179980091"}},{"type":"Feature","geometry":{"type":"Point","coordinates":[-0.42665,51.74619]},"properties":{"name":"Power infrastructure","category":"generator","osm_type":"node","osm_id":"8179980092"}},{"type":"Feature","geometry":{"type":"Point","coordinates":[-0.42685,51.74601]},"properties":{"name":"Power infrastructure","category":"generator","osm_type":"node","osm_id":"8179980093"}},{"type":"Feature","geometry":{"type":"Point","coordinates":[-0.42976,51.74446]},"properties":{"name":"Power infrastructure","category":"generator","osm_type":"node","osm_id":"8179980094"}},{"type":"Feature","geometry":{"type":"Point","coordinates":[-0.43368,51.74568]},"properties":{"name":"Power infrastructure","category":"generator","osm_type":"node","osm_id":"8179986194"}},{"type":"Feature","geometry":{"type":"Point","coordinates":[-0.43331,51.74584]},"properties":{"name":"Power infrastructure","category":"generator","osm_type":"node","osm_id":"8179986195"}},{"type":"Feature","geometry":{"type":"Point","coordinates":[-0.4328,51.74477]},"properties":{"name":"Power infrastructure","category":"generator","osm_type":"node","osm_id":"8179986196"}},{"type":"Feature","geometry":{"type":"Point","coordinates":[-0.43129,51.74602]},"properties":{"name":"Power infrastructure","category":"generator","osm_type":"node","osm_id":"8179986197"}},{"type":"Feature","geometry":{"type":"Point","coordinates":[-0.43123,51.74603]},"properties":{"name":"Power infrastructure","category":"generator","osm_type":"node","osm_id":"8179986198"}},{"type":"Feature","geometry":{"type":"Point","coordinates":[-0.43572,51.74712]},"properties":{"name":"Power infrastructure","category":"generator","osm_type":"node","osm_id":"8179986199"}},{"type":"Feature","geometry":{"type":"Point","coordinates":[-0.43661,51.74705]},"properties":{"name":"Power infrastructure","category":"generator","osm_type":"node","osm_id":"8179986200"}},{"type":"Feature","geometry":{"type":"Point","coordinates":[-0.43497,51.74618]},"properties":{"name":"Power infrastructure","category":"generator","osm_type":"node","osm_id":"8179986201"}},{"type":"Feature","geometry":{"type":"Point","coordinates":[-0.42497,51.74675]},"properties":{"name":"Power infrastructure","category":"generator","osm_type":"node","osm_id":"8180281459"}},{"type":"Feature","geometry":{"type":"Point","coordinates":[-0.42714,51.74727]},"properties":{"name":"Power infrastructure","category":"generator","osm_type":"node","osm_id":"8180281460"}},{"type":"Feature","geometry":{"type":"Point","coordinates":[-0.42551,51.74794]},"properties":{"name":"Power infrastructure","category":"generator","osm_type":"node","osm_id":"8180281461"}},{"type":"Feature","geometry":{"type":"Point","coordinates":[-0.42545,51.74797]},"properties":{"name":"Power infrastructure","category":"generator","osm_type":"node","osm_id":"8180281462"}},{"type":"Feature","geometry":{"type":"Point","coordinates":[-0.42457,51.74991]},"properties":{"name":"Power infrastructure","category":"generator","osm_type":"node","osm_id":"8180281463"}},{"type":"Feature","geometry":{"type":"Point","coordinates":[-0.4317,51.75001]},"properties":{"name":"Power infrastructure","category":"generator","osm_type":"node","osm_id":"8180281473"}},{"type":"Feature","geometry":{"type":"Point","coordinates":[-0.43605,51.75146]},"properties":{"name":"Power infrastructure","category":"generator","osm_type":"node","osm_id":"8180835299"}},{"type":"Feature","geometry":{"type":"Point","coordinates":[-0.44114,51.75043]},"properties":{"name":"Power infrastructure","category":"generator","osm_type":"node","osm_id":"8180835300"}},{"type":"Feature","geometry":{"type":"Point","coordinates":[-0.4412,51.7499]},"properties":{"name":"Power infrastructure","category":"generator","osm_type":"node","osm_id":"8180835301"}},{"type":"Feature","geometry":{"type":"Point","coordinates":[-0.44444,51.74864]},"properties":{"name":"Power infrastructure","category":"generator","osm_type":"node","osm_id":"8180835302"}},{"type":"Feature","geometry":{"type":"Point","coordinates":[-0.44392,51.74778]},"properties":{"name":"Power infrastructure","category":"generator","osm_type":"node","osm_id":"8180835303"}},{"type":"Feature","geometry":{"type":"Point","coordinates":[-0.4442,51.74647]},"properties":{"name":"Power infrastructure","category":"generator","osm_type":"node","osm_id":"8180835313"}},{"type":"Feature","geometry":{"type":"Point","coordinates":[-0.44554,51.74585]},"properties":{"name":"Power infrastructure","category":"generator","osm_type":"node","osm_id":"8180835316"}},{"type":"Feature","geometry":{"type":"Point","coordinates":[-0.44431,51.74581]},"properties":{"name":"Power infrastructure","category":"generator","osm_type":"node","osm_id":"8181035518"}},{"type":"Feature","geometry":{"type":"Point","coordinates":[-0.44374,51.74557]},"properties":{"name":"Power infrastructure","category":"generator","osm_type":"node","osm_id":"8181035519"}},{"type":"Feature","geometry":{"type":"Point","coordinates":[-0.44162,51.74541]},"properties":{"name":"Power infrastructure","category":"generator","osm_type":"node","osm_id":"8181035520"}},{"type":"Feature","geometry":{"type":"Point","coordinates":[-0.4411,51.74561]},"properties":{"name":"Power infrastructure","category":"generator","osm_type":"node","osm_id":"8181035521"}},{"type":"Feature","geometry":{"type":"Point","coordinates":[-0.4405,51.74576]},"properties":{"name":"Power infrastructure","category":"generator","osm_type":"node","osm_id":"8181035522"}},{"type":"Feature","geometry":{"type":"Point","coordinates":[-0.38016,51.53189]},"properties":{"name":"Power infrastructure","category":"generator","osm_type":"node","osm_id":"8181910701"}},{"type":"Feature","geometry":{"type":"Point","coordinates":[-0.39212,51.53843]},"properties":{"name":"Power infrastructure","category":"generator","osm_type":"node","osm_id":"8181910702"}},{"type":"Feature","geometry":{"type":"Point","coordinates":[-0.38752,51.53771]},"properties":{"name":"Power infrastructure","category":"generator","osm_type":"node","osm_id":"8181910703"}},{"type":"Feature","geometry":{"type":"Point","coordinates":[-0.38733,51.54276]},"properties":{"name":"Power infrastructure","category":"generator","osm_type":"node","osm_id":"8181910704"}},{"type":"Feature","geometry":{"type":"Point","coordinates":[-0.39965,51.5344]},"properties":{"name":"Power infrastructure","category":"generator","osm_type":"node","osm_id":"8181910705"}},{"type":"Feature","geometry":{"type":"Point","coordinates":[-0.40357,51.53585]},"properties":{"name":"Power infrastructure","category":"generator","osm_type":"node","osm_id":"8181910706"}},{"type":"Feature","geometry":{"type":"Point","coordinates":[-0.40771,51.53532]},"properties":{"name":"Power infrastructure","category":"generator","osm_type":"node","osm_id":"8181910707"}},{"type":"Feature","geometry":{"type":"Point","coordinates":[-0.40763,51.53531]},"properties":{"name":"Power infrastructure","category":"generator","osm_type":"node","osm_id":"8181910708"}},{"type":"Feature","geometry":{"type":"Point","coordinates":[-0.40632,51.53455]},"properties":{"name":"Power infrastructure","category":"generator","osm_type":"node","osm_id":"8181910709"}},{"type":"Feature","geometry":{"type":"Point","coordinates":[-0.40789,51.53533]},"properties":{"name":"Power infrastructure","category":"generator","osm_type":"node","osm_id":"8181910710"}},{"type":"Feature","geometry":{"type":"Point","coordinates":[-0.40101,51.53417]},"properties":{"name":"Power infrastructure","category":"generator","osm_type":"node","osm_id":"8181910711"}},{"type":"Feature","geometry":{"type":"Point","coordinates":[-0.39885,51.53455]},"properties":{"name":"Power infrastructure","category":"generator","osm_type":"node","osm_id":"8181910712"}},{"type":"Feature","geometry":{"type":"Point","coordinates":[-0.38229,51.53137]},"properties":{"name":"Power infrastructure","category":"generator","osm_type":"node","osm_id":"8181910713"}},{"type":"Feature","geometry":{"type":"Point","coordinates":[-0.36873,51.53513]},"properties":{"name":"Power infrastructure","category":"generator","osm_type":"node","osm_id":"8181910714"}},{"type":"Feature","geometry":{"type":"Point","coordinates":[-0.38229,51.54337]},"properties":{"name":"Power infrastructure","category":"generator","osm_type":"node","osm_id":"8181910715"}},{"type":"Feature","geometry":{"type":"Point","coordinates":[-0.40645,51.53456]},"properties":{"name":"Power infrastructure","category":"generator","osm_type":"node","osm_id":"8181910716"}},{"type":"Feature","geometry":{"type":"Point","coordinates":[-0.40103,51.53529]},"properties":{"name":"Power infrastructure","category":"generator","osm_type":"node","osm_id":"8181914817"}},{"type":"Feature","geometry":{"type":"Point","coordinates":[-0.38182,51.53171]},"properties":{"name":"Power infrastructure","category":"generator","osm_type":"node","osm_id":"8181914818"}},{"type":"Feature","geometry":{"type":"Point","coordinates":[-0.38153,51.53129]},"properties":{"name":"Power infrastructure","category":"generator","osm_type":"node","osm_id":"8181914819"}},{"type":"Feature","geometry":{"type":"Point","coordinates":[-0.38641,51.54164]},"properties":{"name":"Power infrastructure","category":"generator","osm_type":"node","osm_id":"8181914820"}},{"type":"Feature","geometry":{"type":"Point","coordinates":[-0.38217,51.54327]},"properties":{"name":"Power infrastructure","category":"generator","osm_type":"node","osm_id":"8181914821"}},{"type":"Feature","geometry":{"type":"Point","coordinates":[-0.40119,51.53445]},"properties":{"name":"Power infrastructure","category":"generator","osm_type":"node","osm_id":"8181914822"}},{"type":"Feature","geometry":{"type":"Point","coordinates":[-0.39427,51.53983]},"properties":{"name":"Power infrastructure","category":"generator","osm_type":"node","osm_id":"8181914823"}},{"type":"Feature","geometry":{"type":"Point","coordinates":[-0.38206,51.54318]},"properties":{"name":"Power infrastructure","category":"generator","osm_type":"node","osm_id":"8181914824"}},{"type":"Feature","geometry":{"type":"Point","coordinates":[-0.37002,51.54621]},"properties":{"name":"Power infrastructure","category":"generator","osm_type":"node","osm_id":"8181914825"}},{"type":"Feature","geometry":{"type":"Point","coordinates":[-0.38429,51.54065]},"properties":{"name":"Power infrastructure","category":"generator","osm_type":"node","osm_id":"8181914826"}},{"type":"Feature","geometry":{"type":"Point","coordinates":[-0.38254,51.54354]},"properties":{"name":"Power infrastructure","category":"generator","osm_type":"node","osm_id":"8181914827"}},{"type":"Feature","geometry":{"type":"Point","coordinates":[-0.38197,51.532]},"properties":{"name":"Power infrastructure","category":"generator","osm_type":"node","osm_id":"8181914828"}},{"type":"Feature","geometry":{"type":"Point","coordinates":[-0.39447,51.53978]},"properties":{"name":"Power infrastructure","category":"generator","osm_type":"node","osm_id":"8181914829"}},{"type":"Feature","geometry":{"type":"Point","coordinates":[-0.38127,51.53136]},"properties":{"name":"Power infrastructure","category":"generator","osm_type":"node","osm_id":"8181914830"}},{"type":"Feature","geometry":{"type":"Point","coordinates":[-0.38394,51.54409]},"properties":{"name":"Power infrastructure","category":"generator","osm_type":"node","osm_id":"8181914831"}},{"type":"Feature","geometry":{"type":"Point","coordinates":[-0.38893,51.54237]},"properties":{"name":"Power infrastructure","category":"generator","osm_type":"node","osm_id":"8181914832"}},{"type":"Feature","geometry":{"type":"Point","coordinates":[-0.40286,51.53495]},"properties":{"name":"Power infrastructure","category":"generator","osm_type":"node","osm_id":"8181914833"}},{"type":"Feature","geometry":{"type":"Point","coordinates":[-0.37996,51.54868]},"properties":{"name":"Power infrastructure","category":"generator","osm_type":"node","osm_id":"8181914834"}},{"type":"Feature","geometry":{"type":"Point","coordinates":[-0.39911,51.53506]},"properties":{"name":"Power infrastructure","category":"generator","osm_type":"node","osm_id":"8181914835"}},{"type":"Feature","geometry":{"type":"Point","coordinates":[-0.36555,51.54643]},"properties":{"name":"Power infrastructure","category":"generator","osm_type":"node","osm_id":"8181914836"}},{"type":"Feature","geometry":{"type":"Point","coordinates":[-0.40733,51.53468]},"properties":{"name":"Power infrastructure","category":"generator","osm_type":"node","osm_id":"8181914837"}},{"type":"Feature","geometry":{"type":"Point","coordinates":[-0.38167,51.53206]},"properties":{"name":"Power infrastructure","category":"generator","osm_type":"node","osm_id":"8181914838"}},{"type":"Feature","geometry":{"type":"Point","coordinates":[-0.40259,51.53593]},"properties":{"name":"Power infrastructure","category":"generator","osm_type":"node","osm_id":"8181914839"}},{"type":"Feature","geometry":{"type":"Point","coordinates":[-0.36568,51.53391]},"properties":{"name":"Power infrastructure","category":"generator","osm_type":"node","osm_id":"8181914840"}},{"type":"Feature","geometry":{"type":"Point","coordinates":[-0.39852,51.53498]},"properties":{"name":"Power infrastructure","category":"generator","osm_type":"node","osm_id":"8181914841"}},{"type":"Feature","geometry":{"type":"Point","coordinates":[-0.40073,51.5342]},"properties":{"name":"Power infrastructure","category":"generator","osm_type":"node","osm_id":"8181914842"}},{"type":"Feature","geometry":{"type":"Point","coordinates":[-0.36922,51.53486]},"properties":{"name":"Power infrastructure","category":"generator","osm_type":"node","osm_id":"8181914843"}},{"type":"Feature","geometry":{"type":"Point","coordinates":[-0.39947,51.5345]},"properties":{"name":"Power infrastructure","category":"generator","osm_type":"node","osm_id":"8181914844"}},{"type":"Feature","geometry":{"type":"Point","coordinates":[-0.38707,51.54394]},"properties":{"name":"Power infrastructure","category":"generator","osm_type":"node","osm_id":"8181914845"}},{"type":"Feature","geometry":{"type":"Point","coordinates":[-0.38384,51.54086]},"properties":{"name":"Power infrastructure","category":"generator","osm_type":"node","osm_id":"8181914846"}},{"type":"Feature","geometry":{"type":"Point","coordinates":[-0.39974,51.53439]},"properties":{"name":"Power infrastructure","category":"generator","osm_type":"node","osm_id":"8181914847"}},{"type":"Feature","geometry":{"type":"Point","coordinates":[-0.3835,51.54147]},"properties":{"name":"Power infrastructure","category":"generator","osm_type":"node","osm_id":"8181914848"}},{"type":"Feature","geometry":{"type":"Point","coordinates":[-0.38318,51.53134]},"properties":{"name":"Power infrastructure","category":"generator","osm_type":"node","osm_id":"8181914849"}},{"type":"Feature","geometry":{"type":"Point","coordinates":[-0.39445,51.54064]},"properties":{"name":"Power infrastructure","category":"generator","osm_type":"node","osm_id":"8181914850"}},{"type":"Feature","geometry":{"type":"Point","coordinates":[-0.40138,51.53505]},"properties":{"name":"Power infrastructure","category":"generator","osm_type":"node","osm_id":"8181914851"}},{"type":"Feature","geometry":{"type":"Point","coordinates":[-0.38755,51.54307]},"properties":{"name":"Power infrastructure","category":"generator","osm_type":"node","osm_id":"8181914852"}},{"type":"Feature","geometry":{"type":"Point","coordinates":[-0.36854,51.53486]},"properties":{"name":"Power infrastructure","category":"generator","osm_type":"node","osm_id":"8181914853"}},{"type":"Feature","geometry":{"type":"Point","coordinates":[-0.38368,51.54138]},"properties":{"name":"Power infrastructure","category":"generator","osm_type":"node","osm_id":"8181914854"}},{"type":"Feature","geometry":{"type":"Point","coordinates":[-0.36868,51.53471]},"properties":{"name":"Power infrastructure","category":"generator","osm_type":"node","osm_id":"8181914855"}},{"type":"Feature","geometry":{"type":"Point","coordinates":[-0.39909,51.53501]},"properties":{"name":"Power infrastructure","category":"generator","osm_type":"node","osm_id":"8181914856"}},{"type":"Feature","geometry":{"type":"Point","coordinates":[-0.38032,51.53165]},"properties":{"name":"Power infrastructure","category":"generator","osm_type":"node","osm_id":"8181914857"}},{"type":"Feature","geometry":{"type":"Point","coordinates":[-0.3879,51.54275]},"properties":{"name":"Power infrastructure","category":"generator","osm_type":"node","osm_id":"8181914858"}},{"type":"Feature","geometry":{"type":"Point","coordinates":[-0.40128,51.53624]},"properties":{"name":"Power infrastructure","category":"generator","osm_type":"node","osm_id":"8181914859"}},{"type":"Feature","geometry":{"type":"Point","coordinates":[-0.36907,51.53498]},"properties":{"name":"Power infrastructure","category":"generator","osm_type":"node","osm_id":"8181914860"}},{"type":"Feature","geometry":{"type":"Point","coordinates":[-0.40251,51.53593]},"properties":{"name":"Power infrastructure","category":"generator","osm_type":"node","osm_id":"8181914861"}},{"type":"Feature","geometry":{"type":"Point","coordinates":[-0.38199,51.53195]},"properties":{"name":"Power infrastructure","category":"generator","osm_type":"node","osm_id":"8181914862"}},{"type":"Feature","geometry":{"type":"Point","coordinates":[-0.38032,51.54866]},"properties":{"name":"Power infrastructure","category":"generator","osm_type":"node","osm_id":"8181914863"}},{"type":"Feature","geometry":{"type":"Point","coordinates":[-0.40116,51.53607]},"properties":{"name":"Power infrastructure","category":"generator","osm_type":"node","osm_id":"8181914864"}},{"type":"Feature","geometry":{"type":"Point","coordinates":[-0.38145,51.53088]},"properties":{"name":"Power infrastructure","category":"generator","osm_type":"node","osm_id":"8181914865"}},{"type":"Feature","geometry":{"type":"Point","coordinates":[-0.4012,51.53624]},"properties":{"name":"Power infrastructure","category":"generator","osm_type":"node","osm_id":"8181914866"}},{"type":"Feature","geometry":{"type":"Point","coordinates":[-0.36926,51.53481]},"properties":{"name":"Power infrastructure","category":"generator","osm_type":"node","osm_id":"8181914867"}},{"type":"Feature","geometry":{"type":"Point","coordinates":[-0.39967,51.53602]},"properties":{"name":"Power infrastructure","category":"generator","osm_type":"node","osm_id":"8181914868"}},{"type":"Feature","geometry":{"type":"Point","coordinates":[-0.38296,51.53152]},"properties":{"name":"Power infrastructure","category":"generator","osm_type":"node","osm_id":"8181914869"}},{"type":"Feature","geometry":{"type":"Point","coordinates":[-0.38716,51.54383]},"properties":{"name":"Power infrastructure","category":"generator","osm_type":"node","osm_id":"8181914870"}},{"type":"Feature","geometry":{"type":"Point","coordinates":[-0.40048,51.53354]},"properties":{"name":"Power infrastructure","category":"generator","osm_type":"node","osm_id":"8181914871"}},{"type":"Feature","geometry":{"type":"Point","coordinates":[-0.39506,51.54133]},"properties":{"name":"Power infrastructure","category":"generator","osm_type":"node","osm_id":"8181914872"}},{"type":"Feature","geometry":{"type":"Point","coordinates":[-0.40275,51.53551]},"properties":{"name":"Power infrastructure","category":"generator","osm_type":"node","osm_id":"8181914873"}},{"type":"Feature","geometry":{"type":"Point","coordinates":[-0.40145,51.53537]},"properties":{"name":"Power infrastructure","category":"generator","osm_type":"node","osm_id":"8181914874"}},{"type":"Feature","geometry":{"type":"Point","coordinates":[-0.3892,51.5417]},"properties":{"name":"Power infrastructure","category":"generator","osm_type":"node","osm_id":"8181914875"}},{"type":"Feature","geometry":{"type":"Point","coordinates":[-0.38004,51.54848]},"properties":{"name":"Power infrastructure","category":"generator","osm_type":"node","osm_id":"8181914876"}},{"type":"Feature","geometry":{"type":"Point","coordinates":[-0.39312,51.53856]},"properties":{"name":"Power infrastructure","category":"generator","osm_type":"node","osm_id":"8181914877"}},{"type":"Feature","geometry":{"type":"Point","coordinates":[-0.40653,51.53456]},"properties":{"name":"Power infrastructure","category":"generator","osm_type":"node","osm_id":"8181914878"}},{"type":"Feature","geometry":{"type":"Point","coordinates":[-0.36877,51.53466]},"properties":{"name":"Power infrastructure","category":"generator","osm_type":"node","osm_id":"8181914879"}},{"type":"Feature","geometry":{"type":"Point","coordinates":[-0.40099,51.53541]},"properties":{"name":"Power infrastructure","category":"generator","osm_type":"node","osm_id":"8181914880"}},{"type":"Feature","geometry":{"type":"Point","coordinates":[-0.38858,51.54251]},"properties":{"name":"Power infrastructure","category":"generator","osm_type":"node","osm_id":"8181914881"}},{"type":"Feature","geometry":{"type":"Point","coordinates":[-0.38785,51.54295]},"properties":{"name":"Power infrastructure","category":"generator","osm_type":"node","osm_id":"8181914882"}},{"type":"Feature","geometry":{"type":"Point","coordinates":[-0.38715,51.5438]},"properties":{"name":"Power infrastructure","category":"generator","osm_type":"node","osm_id":"8181914883"}},{"type":"Feature","geometry":{"type":"Point","coordinates":[-0.39473,51.54137]},"properties":{"name":"Power infrastructure","category":"generator","osm_type":"node","osm_id":"8181914884"}},{"type":"Feature","geometry":{"type":"Point","coordinates":[-0.40013,51.5356]},"properties":{"name":"Power infrastructure","category":"generator","osm_type":"node","osm_id":"8181914885"}},{"type":"Feature","geometry":{"type":"Point","coordinates":[-0.40797,51.53507]},"properties":{"name":"Power infrastructure","category":"generator","osm_type":"node","osm_id":"8181914886"}},{"type":"Feature","geometry":{"type":"Point","coordinates":[-0.38307,51.53096]},"properties":{"name":"Power infrastructure","category":"generator","osm_type":"node","osm_id":"8181914887"}},{"type":"Feature","geometry":{"type":"Point","coordinates":[-0.38223,51.53097]},"properties":{"name":"Power infrastructure","category":"generator","osm_type":"node","osm_id":"8181914888"}},{"type":"Feature","geometry":{"type":"Point","coordinates":[-0.38617,51.54283]},"properties":{"name":"Power infrastructure","category":"generator","osm_type":"node","osm_id":"8181914889"}},{"type":"Feature","geometry":{"type":"Point","coordinates":[-0.36913,51.53494]},"properties":{"name":"Power infrastructure","category":"generator","osm_type":"node","osm_id":"8181914890"}},{"type":"Feature","geometry":{"type":"Point","coordinates":[-0.39866,51.53457]},"properties":{"name":"Power infrastructure","category":"generator","osm_type":"node","osm_id":"8181914891"}},{"type":"Feature","geometry":{"type":"Point","coordinates":[-0.3655,51.54644]},"properties":{"name":"Power infrastructure","category":"generator","osm_type":"node","osm_id":"8181914892"}},{"type":"Feature","geometry":{"type":"Point","coordinates":[-0.38089,51.53071]},"properties":{"name":"Power infrastructure","category":"generator","osm_type":"node","osm_id":"8181914893"}},{"type":"Feature","geometry":{"type":"Point","coordinates":[-0.39535,51.5396]},"properties":{"name":"Power infrastructure","category":"generator","osm_type":"node","osm_id":"8181914894"}},{"type":"Feature","geometry":{"type":"Point","coordinates":[-0.38589,51.54175]},"properties":{"name":"Power infrastructure","category":"generator","osm_type":"node","osm_id":"8181914895"}},{"type":"Feature","geometry":{"type":"Point","coordinates":[-0.36864,51.53515]},"properties":{"name":"Power infrastructure","category":"generator","osm_type":"node","osm_id":"8181914896"}},{"type":"Feature","geometry":{"type":"Point","coordinates":[-0.38068,51.53121]},"properties":{"name":"Power infrastructure","category":"generator","osm_type":"node","osm_id":"8181914897"}},{"type":"Feature","geometry":{"type":"Point","coordinates":[-0.38141,51.53098]},"properties":{"name":"Power infrastructure","category":"generator","osm_type":"node","osm_id":"8181914898"}},{"type":"Feature","geometry":{"type":"Point","coordinates":[-0.3822,51.53103]},"properties":{"name":"Power infrastructure","category":"generator","osm_type":"node","osm_id":"8181914899"}},{"type":"Feature","geometry":{"type":"Point","coordinates":[-0.39424,51.54066]},"properties":{"name":"Power infrastructure","category":"generator","osm_type":"node","osm_id":"8181914900"}},{"type":"Feature","geometry":{"type":"Point","coordinates":[-0.38031,51.5317]},"properties":{"name":"Power infrastructure","category":"generator","osm_type":"node","osm_id":"8181914901"}},{"type":"Feature","geometry":{"type":"Point","coordinates":[-0.40113,51.5343]},"properties":{"name":"Power infrastructure","category":"generator","osm_type":"node","osm_id":"8181914902"}},{"type":"Feature","geometry":{"type":"Point","coordinates":[-0.39968,51.535]},"properties":{"name":"Power infrastructure","category":"generator","osm_type":"node","osm_id":"8181914903"}},{"type":"Feature","geometry":{"type":"Point","coordinates":[-0.40119,51.5345]},"properties":{"name":"Power infrastructure","category":"generator","osm_type":"node","osm_id":"8181914904"}},{"type":"Feature","geometry":{"type":"Point","coordinates":[-0.38242,51.54345]},"properties":{"name":"Power infrastructure","category":"generator","osm_type":"node","osm_id":"8181914905"}},{"type":"Feature","geometry":{"type":"Point","coordinates":[-0.39961,51.5351]},"properties":{"name":"Power infrastructure","category":"generator","osm_type":"node","osm_id":"8181914906"}},{"type":"Feature","geometry":{"type":"Point","coordinates":[-0.38876,51.54229]},"properties":{"name":"Power infrastructure","category":"generator","osm_type":"node","osm_id":"8181914907"}},{"type":"Feature","geometry":{"type":"Point","coordinates":[-0.38788,51.54269]},"properties":{"name":"Power infrastructure","category":"generator","osm_type":"node","osm_id":"8181914908"}},{"type":"Feature","geometry":{"type":"Point","coordinates":[-0.39412,51.54035]},"properties":{"name":"Power infrastructure","category":"generator","osm_type":"node","osm_id":"8181914909"}},{"type":"Feature","geometry":{"type":"Point","coordinates":[-0.48754,51.73249]},"properties":{"name":"Power infrastructure","category":"generator","osm_type":"node","osm_id":"8185162153"}},{"type":"Feature","geometry":{"type":"Point","coordinates":[-0.49179,51.73673]},"properties":{"name":"Power infrastructure","category":"generator","osm_type":"node","osm_id":"8185162159"}},{"type":"Feature","geometry":{"type":"Point","coordinates":[-0.49244,51.73725]},"properties":{"name":"Power infrastructure","category":"generator","osm_type":"node","osm_id":"8185162160"}},{"type":"Feature","geometry":{"type":"Point","coordinates":[-0.49409,51.73895]},"properties":{"name":"Power infrastructure","category":"generator","osm_type":"node","osm_id":"8185162162"}},{"type":"Feature","geometry":{"type":"Point","coordinates":[-0.51199,51.73132]},"properties":{"name":"Power infrastructure","category":"generator","osm_type":"node","osm_id":"8185162163"}},{"type":"Feature","geometry":{"type":"Point","coordinates":[-0.51097,51.73205]},"properties":{"name":"Power infrastructure","category":"generator","osm_type":"node","osm_id":"8185162164"}},{"type":"Feature","geometry":{"type":"Point","coordinates":[-0.51105,51.73207]},"properties":{"name":"Power infrastructure","category":"generator","osm_type":"node","osm_id":"8185162165"}},{"type":"Feature","geometry":{"type":"Point","coordinates":[-0.5027,51.73831]},"properties":{"name":"Power infrastructure","category":"generator","osm_type":"node","osm_id":"8185162166"}},{"type":"Feature","geometry":{"type":"Point","coordinates":[-0.5,51.74019]},"properties":{"name":"Power infrastructure","category":"generator","osm_type":"node","osm_id":"8185162167"}},{"type":"Feature","geometry":{"type":"Point","coordinates":[-0.49874,51.74193]},"properties":{"name":"Power infrastructure","category":"generator","osm_type":"node","osm_id":"8185162169"}},{"type":"Feature","geometry":{"type":"Point","coordinates":[-0.49577,51.73952]},"properties":{"name":"Power infrastructure","category":"generator","osm_type":"node","osm_id":"8185162176"}},{"type":"Feature","geometry":{"type":"Point","coordinates":[-0.50661,51.74329]},"properties":{"name":"Power infrastructure","category":"generator","osm_type":"node","osm_id":"8185162177"}},{"type":"Feature","geometry":{"type":"Point","coordinates":[-0.52368,51.74444]},"properties":{"name":"Power infrastructure","category":"generator","osm_type":"node","osm_id":"8185162183"}},{"type":"Feature","geometry":{"type":"Point","coordinates":[-0.4704,51.7358]},"properties":{"name":"Power infrastructure","category":"generator","osm_type":"node","osm_id":"8185414331"}},{"type":"Feature","geometry":{"type":"Point","coordinates":[-0.46994,51.73555]},"properties":{"name":"Power infrastructure","category":"generator","osm_type":"node","osm_id":"8185414332"}},{"type":"Feature","geometry":{"type":"Point","coordinates":[-0.46996,51.73556]},"properties":{"name":"Power infrastructure","category":"generator","osm_type":"node","osm_id":"8185414333"}},{"type":"Feature","geometry":{"type":"Point","coordinates":[-0.46617,51.73865]},"properties":{"name":"Power infrastructure","category":"generator","osm_type":"node","osm_id":"8185462367"}},{"type":"Feature","geometry":{"type":"Point","coordinates":[-0.46476,51.73765]},"properties":{"name":"Power infrastructure","category":"generator","osm_type":"node","osm_id":"8185462404"}},{"type":"Feature","geometry":{"type":"Point","coordinates":[-0.46456,51.73747]},"properties":{"name":"Power infrastructure","category":"generator","osm_type":"node","osm_id":"8185462405"}},{"type":"Feature","geometry":{"type":"Point","coordinates":[-0.46439,51.73787]},"properties":{"name":"Power infrastructure","category":"generator","osm_type":"node","osm_id":"8185462406"}},{"type":"Feature","geometry":{"type":"Point","coordinates":[-0.46435,51.73784]},"properties":{"name":"Power infrastructure","category":"generator","osm_type":"node","osm_id":"8185462407"}},{"type":"Feature","geometry":{"type":"Point","coordinates":[-0.46432,51.7378]},"properties":{"name":"Power infrastructure","category":"generator","osm_type":"node","osm_id":"8185462408"}},{"type":"Feature","geometry":{"type":"Point","coordinates":[-0.46427,51.73775]},"properties":{"name":"Power infrastructure","category":"generator","osm_type":"node","osm_id":"8185462409"}},{"type":"Feature","geometry":{"type":"Point","coordinates":[-0.46424,51.73773]},"properties":{"name":"Power infrastructure","category":"generator","osm_type":"node","osm_id":"8185462410"}},{"type":"Feature","geometry":{"type":"Point","coordinates":[-0.46419,51.73769]},"properties":{"name":"Power infrastructure","category":"generator","osm_type":"node","osm_id":"8185462411"}},{"type":"Feature","geometry":{"type":"Point","coordinates":[-0.46416,51.73765]},"properties":{"name":"Power infrastructure","category":"generator","osm_type":"node","osm_id":"8185462412"}},{"type":"Feature","geometry":{"type":"Point","coordinates":[-0.46411,51.7376]},"properties":{"name":"Power infrastructure","category":"generator","osm_type":"node","osm_id":"8185462413"}},{"type":"Feature","geometry":{"type":"Point","coordinates":[-0.46409,51.73758]},"properties":{"name":"Power infrastructure","category":"generator","osm_type":"node","osm_id":"8185462414"}},{"type":"Feature","geometry":{"type":"Point","coordinates":[-0.46349,51.73866]},"properties":{"name":"Power infrastructure","category":"generator","osm_type":"node","osm_id":"8185465417"}},{"type":"Feature","geometry":{"type":"Point","coordinates":[-0.46298,51.74299]},"properties":{"name":"Power infrastructure","category":"generator","osm_type":"node","osm_id":"8185591487"}},{"type":"Feature","geometry":{"type":"Point","coordinates":[-0.41015,51.53383]},"properties":{"name":"Power infrastructure","category":"generator","osm_type":"node","osm_id":"8186413168"}},{"type":"Feature","geometry":{"type":"Point","coordinates":[-0.40045,51.52882]},"properties":{"name":"Power infrastructure","category":"generator","osm_type":"node","osm_id":"8186413169"}},{"type":"Feature","geometry":{"type":"Point","coordinates":[-0.36755,51.55504]},"properties":{"name":"Power infrastructure","category":"generator","osm_type":"node","osm_id":"8186413170"}},{"type":"Feature","geometry":{"type":"Point","coordinates":[-0.36815,51.54952]},"properties":{"name":"Power infrastructure","category":"generator","osm_type":"node","osm_id":"8186413172"}},{"type":"Feature","geometry":{"type":"Point","coordinates":[-0.37362,51.55316]},"properties":{"name":"Power infrastructure","category":"generator","osm_type":"node","osm_id":"8186413173"}},{"type":"Feature","geometry":{"type":"Point","coordinates":[-0.37415,51.55352]},"properties":{"name":"Power infrastructure","category":"generator","osm_type":"node","osm_id":"8186413176"}},{"type":"Feature","geometry":{"type":"Point","coordinates":[-0.37031,51.54922]},"properties":{"name":"Power infrastructure","category":"generator","osm_type":"node","osm_id":"8186413177"}},{"type":"Feature","geometry":{"type":"Point","coordinates":[-0.37095,51.54998]},"properties":{"name":"Power infrastructure","category":"generator","osm_type":"node","osm_id":"8186413179"}},{"type":"Feature","geometry":{"type":"Point","coordinates":[-0.37157,51.54973]},"properties":{"name":"Power infrastructure","category":"generator","osm_type":"node","osm_id":"8186413180"}},{"type":"Feature","geometry":{"type":"Point","coordinates":[-0.36807,51.555]},"properties":{"name":"Power infrastructure","category":"generator","osm_type":"node","osm_id":"8186413182"}},{"type":"Feature","geometry":{"type":"Point","coordinates":[-0.36705,51.55512]},"properties":{"name":"Power infrastructure","category":"generator","osm_type":"node","osm_id":"8186413184"}},{"type":"Feature","geometry":{"type":"Point","coordinates":[-0.37228,51.54689]},"properties":{"name":"Power infrastructure","category":"generator","osm_type":"node","osm_id":"8186413189"}},{"type":"Feature","geometry":{"type":"Point","coordinates":[-0.36133,51.55295]},"properties":{"name":"Power infrastructure","category":"generator","osm_type":"node","osm_id":"8186413190"}},{"type":"Feature","geometry":{"type":"Point","coordinates":[-0.39394,51.53406]},"properties":{"name":"Power infrastructure","category":"generator","osm_type":"node","osm_id":"8186413191"}},{"type":"Feature","geometry":{"type":"Point","coordinates":[-0.36743,51.55505]},"properties":{"name":"Power infrastructure","category":"generator","osm_type":"node","osm_id":"8186413192"}},{"type":"Feature","geometry":{"type":"Point","coordinates":[-0.36341,51.55264]},"properties":{"name":"Power infrastructure","category":"generator","osm_type":"node","osm_id":"8186413193"}},{"type":"Feature","geometry":{"type":"Point","coordinates":[-0.40269,51.53265]},"properties":{"name":"Power infrastructure","category":"generator","osm_type":"node","osm_id":"8186413194"}},{"type":"Feature","geometry":{"type":"Point","coordinates":[-0.36658,51.55521]},"properties":{"name":"Power infrastructure","category":"generator","osm_type":"node","osm_id":"8186413195"}},{"type":"Feature","geometry":{"type":"Point","coordinates":[-0.37077,51.55357]},"properties":{"name":"Power infrastructure","category":"generator","osm_type":"node","osm_id":"8186413196"}},{"type":"Feature","geometry":{"type":"Point","coordinates":[-0.36561,51.55252]},"properties":{"name":"Power infrastructure","category":"generator","osm_type":"node","osm_id":"8186413197"}},{"type":"Feature","geometry":{"type":"Point","coordinates":[-0.36709,51.55158]},"properties":{"name":"Power infrastructure","category":"generator","osm_type":"node","osm_id":"8186413198"}},{"type":"Feature","geometry":{"type":"Point","coordinates":[-0.37115,51.54949]},"properties":{"name":"Power infrastructure","category":"generator","osm_type":"node","osm_id":"8186413199"}},{"type":"Feature","geometry":{"type":"Point","coordinates":[-0.37148,51.54965]},"properties":{"name":"Power infrastructure","category":"generator","osm_type":"node","osm_id":"8186413200"}},{"type":"Feature","geometry":{"type":"Point","coordinates":[-0.36991,51.5513]},"properties":{"name":"Power infrastructure","category":"generator","osm_type":"node","osm_id":"8186413201"}},{"type":"Feature","geometry":{"type":"Point","coordinates":[-0.39867,51.52605]},"properties":{"name":"Power infrastructure","category":"generator","osm_type":"node","osm_id":"8186413203"}},{"type":"Feature","geometry":{"type":"Point","coordinates":[-0.39467,51.53339]},"properties":{"name":"Power infrastructure","category":"generator","osm_type":"node","osm_id":"8186413204"}},{"type":"Feature","geometry":{"type":"Point","coordinates":[-0.39882,51.52569]},"properties":{"name":"Power infrastructure","category":"generator","osm_type":"node","osm_id":"8186413205"}},{"type":"Feature","geometry":{"type":"Point","coordinates":[-0.36696,51.55514]},"properties":{"name":"Power infrastructure","category":"generator","osm_type":"node","osm_id":"8186413206"}},{"type":"Feature","geometry":{"type":"Point","coordinates":[-0.37003,51.55377]},"properties":{"name":"Power infrastructure","category":"generator","osm_type":"node","osm_id":"8186413207"}},{"type":"Feature","geometry":{"type":"Point","coordinates":[-0.3739,51.55337]},"properties":{"name":"Power infrastructure","category":"generator","osm_type":"node","osm_id":"8186413208"}},{"type":"Feature","geometry":{"type":"Point","coordinates":[-0.36775,51.55502]},"properties":{"name":"Power infrastructure","category":"generator","osm_type":"node","osm_id":"8186413209"}},{"type":"Feature","geometry":{"type":"Point","coordinates":[-0.39416,51.53384]},"properties":{"name":"Power infrastructure","category":"generator","osm_type":"node","osm_id":"8186413211"}},{"type":"Feature","geometry":{"type":"Point","coordinates":[-0.39382,51.53435]},"properties":{"name":"Power infrastructure","category":"generator","osm_type":"node","osm_id":"8186413212"}},{"type":"Feature","geometry":{"type":"Point","coordinates":[-0.39433,51.53395]},"properties":{"name":"Power infrastructure","category":"generator","osm_type":"node","osm_id":"8186413213"}},{"type":"Feature","geometry":{"type":"Point","coordinates":[-0.39801,51.52721]},"properties":{"name":"Power infrastructure","category":"generator","osm_type":"node","osm_id":"8186413214"}},{"type":"Feature","geometry":{"type":"Point","coordinates":[-0.36715,51.55188]},"properties":{"name":"Power infrastructure","category":"generator","osm_type":"node","osm_id":"8186413215"}},{"type":"Feature","geometry":{"type":"Point","coordinates":[-0.39399,51.5347]},"properties":{"name":"Power infrastructure","category":"generator","osm_type":"node","osm_id":"8186413216"}},{"type":"Feature","geometry":{"type":"Point","coordinates":[-0.36376,51.55288]},"properties":{"name":"Power infrastructure","category":"generator","osm_type":"node","osm_id":"8186438118"}},{"type":"Feature","geometry":{"type":"Point","coordinates":[-0.37042,51.54922]},"properties":{"name":"Power infrastructure","category":"generator","osm_type":"node","osm_id":"8186438120"}},{"type":"Feature","geometry":{"type":"Point","coordinates":[-0.37432,51.55353]},"properties":{"name":"Power infrastructure","category":"generator","osm_type":"node","osm_id":"8186438122"}},{"type":"Feature","geometry":{"type":"Point","coordinates":[-0.39469,51.53443]},"properties":{"name":"Power infrastructure","category":"generator","osm_type":"node","osm_id":"8186438125"}},{"type":"Feature","geometry":{"type":"Point","coordinates":[-0.37355,51.55147]},"properties":{"name":"Power infrastructure","category":"generator","osm_type":"node","osm_id":"8186438126"}},{"type":"Feature","geometry":{"type":"Point","coordinates":[-0.40423,51.5303]},"properties":{"name":"Power infrastructure","category":"generator","osm_type":"node","osm_id":"8186438131"}},{"type":"Feature","geometry":{"type":"Point","coordinates":[-0.36818,51.55539]},"properties":{"name":"Power infrastructure","category":"generator","osm_type":"node","osm_id":"8186438132"}},{"type":"Feature","geometry":{"type":"Point","coordinates":[-0.36309,51.5524]},"properties":{"name":"Power infrastructure","category":"generator","osm_type":"node","osm_id":"8186438135"}},{"type":"Feature","geometry":{"type":"Point","coordinates":[-0.36807,51.54949]},"properties":{"name":"Power infrastructure","category":"generator","osm_type":"node","osm_id":"8186438136"}},{"type":"Feature","geometry":{"type":"Point","coordinates":[-0.37102,51.54941]},"properties":{"name":"Power infrastructure","category":"generator","osm_type":"node","osm_id":"8186438139"}},{"type":"Feature","geometry":{"type":"Point","coordinates":[-0.39404,51.53441]},"properties":{"name":"Power infrastructure","category":"generator","osm_type":"node","osm_id":"8186438140"}},{"type":"Feature","geometry":{"type":"Point","coordinates":[-0.39392,51.53438]},"properties":{"name":"Power infrastructure","category":"generator","osm_type":"node","osm_id":"8186438141"}},{"type":"Feature","geometry":{"type":"Point","coordinates":[-0.37001,51.54918]},"properties":{"name":"Power infrastructure","category":"generator","osm_type":"node","osm_id":"8186438144"}},{"type":"Feature","geometry":{"type":"Point","coordinates":[-0.36348,51.55308]},"properties":{"name":"Power infrastructure","category":"generator","osm_type":"node","osm_id":"8186438145"}},{"type":"Feature","geometry":{"type":"Point","coordinates":[-0.36158,51.55297]},"properties":{"name":"Power infrastructure","category":"generator","osm_type":"node","osm_id":"8186438146"}},{"type":"Feature","geometry":{"type":"Point","coordinates":[-0.40769,51.53306]},"properties":{"name":"Power infrastructure","category":"generator","osm_type":"node","osm_id":"8186438147"}},{"type":"Feature","geometry":{"type":"Point","coordinates":[-0.36998,51.55379]},"properties":{"name":"Power infrastructure","category":"generator","osm_type":"node","osm_id":"8186438150"}},{"type":"Feature","geometry":{"type":"Point","coordinates":[-0.37484,51.55422]},"properties":{"name":"Power infrastructure","category":"generator","osm_type":"node","osm_id":"8186438152"}},{"type":"Feature","geometry":{"type":"Point","coordinates":[-0.37379,51.55328]},"properties":{"name":"Power infrastructure","category":"generator","osm_type":"node","osm_id":"8186438154"}},{"type":"Feature","geometry":{"type":"Point","coordinates":[-0.37377,51.55155]},"properties":{"name":"Power infrastructure","category":"generator","osm_type":"node","osm_id":"8186438155"}},{"type":"Feature","geometry":{"type":"Point","coordinates":[-0.37355,51.5532]},"properties":{"name":"Power infrastructure","category":"generator","osm_type":"node","osm_id":"8186438159"}},{"type":"Feature","geometry":{"type":"Point","coordinates":[-0.37038,51.55368]},"properties":{"name":"Power infrastructure","category":"generator","osm_type":"node","osm_id":"8186438161"}},{"type":"Feature","geometry":{"type":"Point","coordinates":[-0.36737,51.55159]},"properties":{"name":"Power infrastructure","category":"generator","osm_type":"node","osm_id":"8186438163"}},{"type":"Feature","geometry":{"type":"Point","coordinates":[-0.36817,51.55498]},"properties":{"name":"Power infrastructure","category":"generator","osm_type":"node","osm_id":"8186438164"}},{"type":"Feature","geometry":{"type":"Point","coordinates":[-0.36366,51.55314]},"properties":{"name":"Power infrastructure","category":"generator","osm_type":"node","osm_id":"8186438165"}},{"type":"Feature","geometry":{"type":"Point","coordinates":[-0.36372,51.55196]},"properties":{"name":"Power infrastructure","category":"generator","osm_type":"node","osm_id":"8186438166"}},{"type":"Feature","geometry":{"type":"Point","coordinates":[-0.37091,51.55352]},"properties":{"name":"Power infrastructure","category":"generator","osm_type":"node","osm_id":"8186438167"}},{"type":"Feature","geometry":{"type":"Point","coordinates":[-0.37061,51.55361]},"properties":{"name":"Power infrastructure","category":"generator","osm_type":"node","osm_id":"8186438169"}},{"type":"Feature","geometry":{"type":"Point","coordinates":[-0.3694,51.54906]},"properties":{"name":"Power infrastructure","category":"generator","osm_type":"node","osm_id":"8186438172"}},{"type":"Feature","geometry":{"type":"Point","coordinates":[-0.37038,51.5545]},"properties":{"name":"Power infrastructure","category":"generator","osm_type":"node","osm_id":"8186438173"}},{"type":"Feature","geometry":{"type":"Point","coordinates":[-0.37366,51.55154]},"properties":{"name":"Power infrastructure","category":"generator","osm_type":"node","osm_id":"8186438175"}},{"type":"Feature","geometry":{"type":"Point","coordinates":[-0.39413,51.53417]},"properties":{"name":"Power infrastructure","category":"generator","osm_type":"node","osm_id":"8186438176"}},{"type":"Feature","geometry":{"type":"Point","coordinates":[-0.37187,51.54992]},"properties":{"name":"Power infrastructure","category":"generator","osm_type":"node","osm_id":"8186438177"}},{"type":"Feature","geometry":{"type":"Point","coordinates":[-0.37366,51.55147]},"properties":{"name":"Power infrastructure","category":"generator","osm_type":"node","osm_id":"8186438178"}},{"type":"Feature","geometry":{"type":"Point","coordinates":[-0.37163,51.54968]},"properties":{"name":"Power infrastructure","category":"generator","osm_type":"node","osm_id":"8186438179"}},{"type":"Feature","geometry":{"type":"Point","coordinates":[-0.40418,51.53032]},"properties":{"name":"Power infrastructure","category":"generator","osm_type":"node","osm_id":"8186438180"}},{"type":"Feature","geometry":{"type":"Point","coordinates":[-0.37094,51.5494]},"properties":{"name":"Power infrastructure","category":"generator","osm_type":"node","osm_id":"8186438182"}},{"type":"Feature","geometry":{"type":"Point","coordinates":[-0.37121,51.54953]},"properties":{"name":"Power infrastructure","category":"generator","osm_type":"node","osm_id":"8186438183"}},{"type":"Feature","geometry":{"type":"Point","coordinates":[-0.36749,51.55032]},"properties":{"name":"Power infrastructure","category":"generator","osm_type":"node","osm_id":"8186438186"}},{"type":"Feature","geometry":{"type":"Point","coordinates":[-0.36779,51.55424]},"properties":{"name":"Power infrastructure","category":"generator","osm_type":"node","osm_id":"8186438189"}},{"type":"Feature","geometry":{"type":"Point","coordinates":[-0.37373,51.55158]},"properties":{"name":"Power infrastructure","category":"generator","osm_type":"node","osm_id":"8186438190"}},{"type":"Feature","geometry":{"type":"Point","coordinates":[-0.37202,51.54991]},"properties":{"name":"Power infrastructure","category":"generator","osm_type":"node","osm_id":"8186438192"}},{"type":"Feature","geometry":{"type":"Point","coordinates":[-0.37525,51.55331]},"properties":{"name":"Power infrastructure","category":"generator","osm_type":"node","osm_id":"8186438194"}},{"type":"Feature","geometry":{"type":"Point","coordinates":[-0.36816,51.55163]},"properties":{"name":"Power infrastructure","category":"generator","osm_type":"node","osm_id":"8186438196"}},{"type":"Feature","geometry":{"type":"Point","coordinates":[-0.37082,51.54937]},"properties":{"name":"Power infrastructure","category":"generator","osm_type":"node","osm_id":"8186438198"}},{"type":"Feature","geometry":{"type":"Point","coordinates":[-0.36109,51.5529]},"properties":{"name":"Power infrastructure","category":"generator","osm_type":"node","osm_id":"8186438200"}},{"type":"Feature","geometry":{"type":"Point","coordinates":[-0.36807,51.54953]},"properties":{"name":"Power infrastructure","category":"generator","osm_type":"node","osm_id":"8186438201"}},{"type":"Feature","geometry":{"type":"Point","coordinates":[-0.36815,51.55191]},"properties":{"name":"Power infrastructure","category":"generator","osm_type":"node","osm_id":"8186438202"}},{"type":"Feature","geometry":{"type":"Point","coordinates":[-0.36357,51.55311]},"properties":{"name":"Power infrastructure","category":"generator","osm_type":"node","osm_id":"8186438203"}},{"type":"Feature","geometry":{"type":"Point","coordinates":[-0.37086,51.55354]},"properties":{"name":"Power infrastructure","category":"generator","osm_type":"node","osm_id":"8186438204"}},{"type":"Feature","geometry":{"type":"Point","coordinates":[-0.37372,51.55151]},"properties":{"name":"Power infrastructure","category":"generator","osm_type":"node","osm_id":"8186438205"}},{"type":"Feature","geometry":{"type":"Point","coordinates":[-0.40617,51.53214]},"properties":{"name":"Power infrastructure","category":"generator","osm_type":"node","osm_id":"8186438208"}},{"type":"Feature","geometry":{"type":"Point","coordinates":[-0.37353,51.5514]},"properties":{"name":"Power infrastructure","category":"generator","osm_type":"node","osm_id":"8186438209"}},{"type":"Feature","geometry":{"type":"Point","coordinates":[-0.36158,51.55293]},"properties":{"name":"Power infrastructure","category":"generator","osm_type":"node","osm_id":"8186438211"}},{"type":"Feature","geometry":{"type":"Point","coordinates":[-0.40471,51.52822]},"properties":{"name":"Power infrastructure","category":"generator","osm_type":"node","osm_id":"8186438214"}},{"type":"Feature","geometry":{"type":"Point","coordinates":[-0.36714,51.55184]},"properties":{"name":"Power infrastructure","category":"generator","osm_type":"node","osm_id":"8186438215"}},{"type":"Feature","geometry":{"type":"Point","coordinates":[-0.37069,51.5493]},"properties":{"name":"Power infrastructure","category":"generator","osm_type":"node","osm_id":"8186438216"}},{"type":"Feature","geometry":{"type":"Point","coordinates":[-0.36788,51.55502]},"properties":{"name":"Power infrastructure","category":"generator","osm_type":"node","osm_id":"8186438218"}},{"type":"Feature","geometry":{"type":"Point","coordinates":[-0.36929,51.54911]},"properties":{"name":"Power infrastructure","category":"generator","osm_type":"node","osm_id":"8186438220"}},{"type":"Feature","geometry":{"type":"Point","coordinates":[-0.37159,51.54956]},"properties":{"name":"Power infrastructure","category":"generator","osm_type":"node","osm_id":"8186438223"}},{"type":"Feature","geometry":{"type":"Point","coordinates":[-0.37202,51.54981]},"properties":{"name":"Power infrastructure","category":"generator","osm_type":"node","osm_id":"8186438224"}},{"type":"Feature","geometry":{"type":"Point","coordinates":[-0.40404,51.5282]},"properties":{"name":"Power infrastructure","category":"generator","osm_type":"node","osm_id":"8186438227"}},{"type":"Feature","geometry":{"type":"Point","coordinates":[-0.37031,51.55369]},"properties":{"name":"Power infrastructure","category":"generator","osm_type":"node","osm_id":"8186438228"}},{"type":"Feature","geometry":{"type":"Point","coordinates":[-0.37278,51.55159]},"properties":{"name":"Power infrastructure","category":"generator","osm_type":"node","osm_id":"8186438229"}},{"type":"Feature","geometry":{"type":"Point","coordinates":[-0.36718,51.55159]},"properties":{"name":"Power infrastructure","category":"generator","osm_type":"node","osm_id":"8186438230"}},{"type":"Feature","geometry":{"type":"Point","coordinates":[-0.3719,51.54993]},"properties":{"name":"Power infrastructure","category":"generator","osm_type":"node","osm_id":"8186438231"}},{"type":"Feature","geometry":{"type":"Point","coordinates":[-0.39407,51.53414]},"properties":{"name":"Power infrastructure","category":"generator","osm_type":"node","osm_id":"8186438232"}},{"type":"Feature","geometry":{"type":"Point","coordinates":[-0.37073,51.55133]},"properties":{"name":"Power infrastructure","category":"generator","osm_type":"node","osm_id":"8186438233"}},{"type":"Feature","geometry":{"type":"Point","coordinates":[-0.39166,51.53109]},"properties":{"name":"Power infrastructure","category":"generator","osm_type":"node","osm_id":"8186438234"}},{"type":"Feature","geometry":{"type":"Point","coordinates":[-0.37076,51.54935]},"properties":{"name":"Power infrastructure","category":"generator","osm_type":"node","osm_id":"8186438235"}},{"type":"Feature","geometry":{"type":"Point","coordinates":[-0.37361,51.5515]},"properties":{"name":"Power infrastructure","category":"generator","osm_type":"node","osm_id":"8186438236"}},{"type":"Feature","geometry":{"type":"Point","coordinates":[-0.40248,51.53263]},"properties":{"name":"Power infrastructure","category":"generator","osm_type":"node","osm_id":"8186438237"}},{"type":"Feature","geometry":{"type":"Point","coordinates":[-0.3736,51.55144]},"properties":{"name":"Power infrastructure","category":"generator","osm_type":"node","osm_id":"8186438239"}},{"type":"Feature","geometry":{"type":"Point","coordinates":[-0.36523,51.54926]},"properties":{"name":"Power infrastructure","category":"generator","osm_type":"node","osm_id":"8186438240"}},{"type":"Feature","geometry":{"type":"Point","coordinates":[-0.37109,51.54945]},"properties":{"name":"Power infrastructure","category":"generator","osm_type":"node","osm_id":"8186438244"}},{"type":"Feature","geometry":{"type":"Point","coordinates":[-0.36816,51.55537]},"properties":{"name":"Power infrastructure","category":"generator","osm_type":"node","osm_id":"8186438245"}},{"type":"Feature","geometry":{"type":"Point","coordinates":[-0.36295,51.55251]},"properties":{"name":"Power infrastructure","category":"generator","osm_type":"node","osm_id":"8186438247"}},{"type":"Feature","geometry":{"type":"Point","coordinates":[-0.36813,51.5495]},"properties":{"name":"Power infrastructure","category":"generator","osm_type":"node","osm_id":"8186438248"}},{"type":"Feature","geometry":{"type":"Point","coordinates":[-0.39357,51.5348]},"properties":{"name":"Power infrastructure","category":"generator","osm_type":"node","osm_id":"8186438252"}},{"type":"Feature","geometry":{"type":"Point","coordinates":[-0.3699,51.55381]},"properties":{"name":"Power infrastructure","category":"generator","osm_type":"node","osm_id":"8186438253"}},{"type":"Feature","geometry":{"type":"Point","coordinates":[-0.36512,51.54929]},"properties":{"name":"Power infrastructure","category":"generator","osm_type":"node","osm_id":"8186438254"}},{"type":"Feature","geometry":{"type":"Point","coordinates":[-0.40421,51.53036]},"properties":{"name":"Power infrastructure","category":"generator","osm_type":"node","osm_id":"8186438256"}},{"type":"Feature","geometry":{"type":"Point","coordinates":[-0.4061,51.53211]},"properties":{"name":"Power infrastructure","category":"generator","osm_type":"node","osm_id":"8186438257"}},{"type":"Feature","geometry":{"type":"Point","coordinates":[-0.37384,51.55333]},"properties":{"name":"Power infrastructure","category":"generator","osm_type":"node","osm_id":"8186438260"}},{"type":"Feature","geometry":{"type":"Point","coordinates":[-0.37026,51.54921]},"properties":{"name":"Power infrastructure","category":"generator","osm_type":"node","osm_id":"8186438261"}},{"type":"Feature","geometry":{"type":"Point","coordinates":[-0.36109,51.55294]},"properties":{"name":"Power infrastructure","category":"generator","osm_type":"node","osm_id":"8186438263"}},{"type":"Feature","geometry":{"type":"Point","coordinates":[-0.39173,51.53102]},"properties":{"name":"Power infrastructure","category":"generator","osm_type":"node","osm_id":"8186438264"}},{"type":"Feature","geometry":{"type":"Point","coordinates":[-0.36401,51.55183]},"properties":{"name":"Power infrastructure","category":"generator","osm_type":"node","osm_id":"8186438266"}},{"type":"Feature","geometry":{"type":"Point","coordinates":[-0.36764,51.5516]},"properties":{"name":"Power infrastructure","category":"generator","osm_type":"node","osm_id":"8186438267"}},{"type":"Feature","geometry":{"type":"Point","coordinates":[-0.39287,51.53524]},"properties":{"name":"Power infrastructure","category":"generator","osm_type":"node","osm_id":"8186438269"}},{"type":"Feature","geometry":{"type":"Point","coordinates":[-0.36133,51.55292]},"properties":{"name":"Power infrastructure","category":"generator","osm_type":"node","osm_id":"8186438271"}},{"type":"Feature","geometry":{"type":"Point","coordinates":[-0.39463,51.53439]},"properties":{"name":"Power infrastructure","category":"generator","osm_type":"node","osm_id":"8186438272"}},{"type":"Feature","geometry":{"type":"Point","coordinates":[-0.40148,51.53026]},"properties":{"name":"Power infrastructure","category":"generator","osm_type":"node","osm_id":"8186438274"}},{"type":"Feature","geometry":{"type":"Point","coordinates":[-0.36993,51.54912]},"properties":{"name":"Power infrastructure","category":"generator","osm_type":"node","osm_id":"8186438275"}},{"type":"Feature","geometry":{"type":"Point","coordinates":[-0.37346,51.55145]},"properties":{"name":"Power infrastructure","category":"generator","osm_type":"node","osm_id":"8186438277"}},{"type":"Feature","geometry":{"type":"Point","coordinates":[-0.37052,51.55363]},"properties":{"name":"Power infrastructure","category":"generator","osm_type":"node","osm_id":"8186438279"}},{"type":"Feature","geometry":{"type":"Point","coordinates":[-0.43547,51.74635]},"properties":{"name":"Power infrastructure","category":"generator","osm_type":"node","osm_id":"8186892192"}},{"type":"Feature","geometry":{"type":"Point","coordinates":[-0.43721,51.74408]},"properties":{"name":"Power infrastructure","category":"generator","osm_type":"node","osm_id":"8186892194"}},{"type":"Feature","geometry":{"type":"Point","coordinates":[-0.43863,51.74187]},"properties":{"name":"Power infrastructure","category":"generator","osm_type":"node","osm_id":"8186892197"}},{"type":"Feature","geometry":{"type":"Point","coordinates":[-0.43864,51.74189]},"properties":{"name":"Power infrastructure","category":"generator","osm_type":"node","osm_id":"8186892198"}},{"type":"Feature","geometry":{"type":"Point","coordinates":[-0.43598,51.7425]},"properties":{"name":"Power infrastructure","category":"generator","osm_type":"node","osm_id":"8186892202"}},{"type":"Feature","geometry":{"type":"Point","coordinates":[-0.43551,51.74262]},"properties":{"name":"Power infrastructure","category":"generator","osm_type":"node","osm_id":"8186892205"}},{"type":"Feature","geometry":{"type":"Point","coordinates":[-0.43425,51.74309]},"properties":{"name":"Power infrastructure","category":"generator","osm_type":"node","osm_id":"8186892209"}},{"type":"Feature","geometry":{"type":"Point","coordinates":[-0.43444,51.74321]},"properties":{"name":"Power infrastructure","category":"generator","osm_type":"node","osm_id":"8186892210"}},{"type":"Feature","geometry":{"type":"Point","coordinates":[-0.43741,51.74395]},"properties":{"name":"Power infrastructure","category":"generator","osm_type":"node","osm_id":"8186892216"}},{"type":"Feature","geometry":{"type":"Point","coordinates":[-0.43664,51.74303]},"properties":{"name":"Power infrastructure","category":"generator","osm_type":"node","osm_id":"8186936217"}},{"type":"Feature","geometry":{"type":"Point","coordinates":[-0.43194,51.74379]},"properties":{"name":"Power infrastructure","category":"generator","osm_type":"node","osm_id":"8186949949"}},{"type":"Feature","geometry":{"type":"Point","coordinates":[-0.43218,51.74408]},"properties":{"name":"Power infrastructure","category":"generator","osm_type":"node","osm_id":"8186949950"}},{"type":"Feature","geometry":{"type":"Point","coordinates":[-0.43218,51.7441]},"properties":{"name":"Power infrastructure","category":"generator","osm_type":"node","osm_id":"8186949951"}},{"type":"Feature","geometry":{"type":"Point","coordinates":[-0.43134,51.74416]},"properties":{"name":"Power infrastructure","category":"generator","osm_type":"node","osm_id":"8186949952"}},{"type":"Feature","geometry":{"type":"Point","coordinates":[-0.43126,51.74418]},"properties":{"name":"Power infrastructure","category":"generator","osm_type":"node","osm_id":"8186949953"}},{"type":"Feature","geometry":{"type":"Point","coordinates":[-0.43266,51.74388]},"properties":{"name":"Power infrastructure","category":"generator","osm_type":"node","osm_id":"8186949954"}},{"type":"Feature","geometry":{"type":"Point","coordinates":[-0.44938,51.73826]},"properties":{"name":"Power infrastructure","category":"generator","osm_type":"node","osm_id":"8187699083"}},{"type":"Feature","geometry":{"type":"Point","coordinates":[-0.45115,51.73888]},"properties":{"name":"Power infrastructure","category":"generator","osm_type":"node","osm_id":"8187699087"}},{"type":"Feature","geometry":{"type":"Point","coordinates":[-0.45009,51.74013]},"properties":{"name":"Power infrastructure","category":"generator","osm_type":"node","osm_id":"8187699090"}},{"type":"Feature","geometry":{"type":"Point","coordinates":[-0.44567,51.74006]},"properties":{"name":"Power infrastructure","category":"generator","osm_type":"node","osm_id":"8187699094"}},{"type":"Feature","geometry":{"type":"Point","coordinates":[-0.44549,51.74118]},"properties":{"name":"Power infrastructure","category":"generator","osm_type":"node","osm_id":"8187699095"}},{"type":"Feature","geometry":{"type":"Point","coordinates":[-0.4464,51.74193]},"properties":{"name":"Power infrastructure","category":"generator","osm_type":"node","osm_id":"8187699096"}},{"type":"Feature","geometry":{"type":"Point","coordinates":[-0.35583,51.54285]},"properties":{"name":"Power infrastructure","category":"generator","osm_type":"node","osm_id":"8187891148"}},{"type":"Feature","geometry":{"type":"Point","coordinates":[-0.34359,51.53271]},"properties":{"name":"Power infrastructure","category":"generator","osm_type":"node","osm_id":"8187891149"}},{"type":"Feature","geometry":{"type":"Point","coordinates":[-0.34385,51.53431]},"properties":{"name":"Power infrastructure","category":"generator","osm_type":"node","osm_id":"8187891150"}},{"type":"Feature","geometry":{"type":"Point","coordinates":[-0.34253,51.5328]},"properties":{"name":"Power infrastructure","category":"generator","osm_type":"node","osm_id":"8187891151"}},{"type":"Feature","geometry":{"type":"Point","coordinates":[-0.34419,51.53356]},"properties":{"name":"Power infrastructure","category":"generator","osm_type":"node","osm_id":"8187891152"}},{"type":"Feature","geometry":{"type":"Point","coordinates":[-0.34188,51.53304]},"properties":{"name":"Power infrastructure","category":"generator","osm_type":"node","osm_id":"8187891153"}},{"type":"Feature","geometry":{"type":"Point","coordinates":[-0.34437,51.53352]},"properties":{"name":"Power infrastructure","category":"generator","osm_type":"node","osm_id":"8187891154"}},{"type":"Feature","geometry":{"type":"Point","coordinates":[-0.34407,51.53342]},"properties":{"name":"Power infrastructure","category":"generator","osm_type":"node","osm_id":"8187891155"}},{"type":"Feature","geometry":{"type":"Point","coordinates":[-0.34967,51.53724]},"properties":{"name":"Power infrastructure","category":"generator","osm_type":"node","osm_id":"8187891156"}},{"type":"Feature","geometry":{"type":"Point","coordinates":[-0.35726,51.54463]},"properties":{"name":"Power infrastructure","category":"generator","osm_type":"node","osm_id":"8187891157"}},{"type":"Feature","geometry":{"type":"Point","coordinates":[-0.34937,51.53721]},"properties":{"name":"Power infrastructure","category":"generator","osm_type":"node","osm_id":"8187891158"}},{"type":"Feature","geometry":{"type":"Point","coordinates":[-0.34925,51.53719]},"properties":{"name":"Power infrastructure","category":"generator","osm_type":"node","osm_id":"8187891159"}},{"type":"Feature","geometry":{"type":"Point","coordinates":[-0.35736,51.54475]},"properties":{"name":"Power infrastructure","category":"generator","osm_type":"node","osm_id":"8187891160"}},{"type":"Feature","geometry":{"type":"Point","coordinates":[-0.34373,51.53265]},"properties":{"name":"Power infrastructure","category":"generator","osm_type":"node","osm_id":"8187891161"}},{"type":"Feature","geometry":{"type":"Point","coordinates":[-0.34384,51.53315]},"properties":{"name":"Power infrastructure","category":"generator","osm_type":"node","osm_id":"8187891162"}},{"type":"Feature","geometry":{"type":"Point","coordinates":[-0.34182,51.53302]},"properties":{"name":"Power infrastructure","category":"generator","osm_type":"node","osm_id":"8187891163"}},{"type":"Feature","geometry":{"type":"Point","coordinates":[-0.34935,51.53712]},"properties":{"name":"Power infrastructure","category":"generator","osm_type":"node","osm_id":"8187891164"}},{"type":"Feature","geometry":{"type":"Point","coordinates":[-0.33937,51.53418]},"properties":{"name":"Power infrastructure","category":"generator","osm_type":"node","osm_id":"8187891165"}},{"type":"Feature","geometry":{"type":"Point","coordinates":[-0.3504,51.53737]},"properties":{"name":"Power infrastructure","category":"generator","osm_type":"node","osm_id":"8187891166"}},{"type":"Feature","geometry":{"type":"Point","coordinates":[-0.34456,51.53252]},"properties":{"name":"Power infrastructure","category":"generator","osm_type":"node","osm_id":"8187891167"}},{"type":"Feature","geometry":{"type":"Point","coordinates":[-0.35733,51.54472]},"properties":{"name":"Power infrastructure","category":"generator","osm_type":"node","osm_id":"8187891168"}},{"type":"Feature","geometry":{"type":"Point","coordinates":[-0.34913,51.53716]},"properties":{"name":"Power infrastructure","category":"generator","osm_type":"node","osm_id":"8187891169"}},{"type":"Feature","geometry":{"type":"Point","coordinates":[-0.34449,51.5338]},"properties":{"name":"Power infrastructure","category":"generator","osm_type":"node","osm_id":"8187891170"}},{"type":"Feature","geometry":{"type":"Point","coordinates":[-0.34946,51.53723]},"properties":{"name":"Power infrastructure","category":"generator","osm_type":"node","osm_id":"8187891171"}},{"type":"Feature","geometry":{"type":"Point","coordinates":[-0.34392,51.53312]},"properties":{"name":"Power infrastructure","category":"generator","osm_type":"node","osm_id":"8187891172"}},{"type":"Feature","geometry":{"type":"Point","coordinates":[-0.34449,51.53255]},"properties":{"name":"Power infrastructure","category":"generator","osm_type":"node","osm_id":"8187891173"}},{"type":"Feature","geometry":{"type":"Point","coordinates":[-0.34361,51.53287]},"properties":{"name":"Power infrastructure","category":"generator","osm_type":"node","osm_id":"8187891174"}},{"type":"Feature","geometry":{"type":"Point","coordinates":[-0.35738,51.54478]},"properties":{"name":"Power infrastructure","category":"generator","osm_type":"node","osm_id":"8187891175"}},{"type":"Feature","geometry":{"type":"Point","coordinates":[-0.35741,51.54456]},"properties":{"name":"Power infrastructure","category":"generator","osm_type":"node","osm_id":"8187891176"}},{"type":"Feature","geometry":{"type":"Point","coordinates":[-0.34458,51.53379]},"properties":{"name":"Power infrastructure","category":"generator","osm_type":"node","osm_id":"8187891177"}},{"type":"Feature","geometry":{"type":"Point","coordinates":[-0.34385,51.53279]},"properties":{"name":"Power infrastructure","category":"generator","osm_type":"node","osm_id":"8187891178"}},{"type":"Feature","geometry":{"type":"Point","coordinates":[-0.34901,51.52912]},"properties":{"name":"Power infrastructure","category":"generator","osm_type":"node","osm_id":"8187891179"}},{"type":"Feature","geometry":{"type":"Point","coordinates":[-0.35732,51.54471]},"properties":{"name":"Power infrastructure","category":"generator","osm_type":"node","osm_id":"8187891180"}},{"type":"Feature","geometry":{"type":"Point","coordinates":[-0.33989,51.53444]},"properties":{"name":"Power infrastructure","category":"generator","osm_type":"node","osm_id":"8187891181"}},{"type":"Feature","geometry":{"type":"Point","coordinates":[-0.34444,51.53864]},"properties":{"name":"Power infrastructure","category":"generator","osm_type":"node","osm_id":"8187891182"}},{"type":"Feature","geometry":{"type":"Point","coordinates":[-0.35724,51.54461]},"properties":{"name":"Power infrastructure","category":"generator","osm_type":"node","osm_id":"8187891183"}},{"type":"Feature","geometry":{"type":"Point","coordinates":[-0.34851,51.53851]},"properties":{"name":"Power infrastructure","category":"generator","osm_type":"node","osm_id":"8187891184"}},{"type":"Feature","geometry":{"type":"Point","coordinates":[-0.35718,51.54483]},"properties":{"name":"Power infrastructure","category":"generator","osm_type":"node","osm_id":"8187891185"}},{"type":"Feature","geometry":{"type":"Point","coordinates":[-0.3573,51.54468]},"properties":{"name":"Power infrastructure","category":"generator","osm_type":"node","osm_id":"8187891186"}},{"type":"Feature","geometry":{"type":"Point","coordinates":[-0.35,51.53277]},"properties":{"name":"Power infrastructure","category":"generator","osm_type":"node","osm_id":"8187891187"}},{"type":"Feature","geometry":{"type":"Point","coordinates":[-0.35007,51.53894]},"properties":{"name":"Power infrastructure","category":"generator","osm_type":"node","osm_id":"8187891188"}},{"type":"Feature","geometry":{"type":"Point","coordinates":[-0.3571,51.54471]},"properties":{"name":"Power infrastructure","category":"generator","osm_type":"node","osm_id":"8187891189"}},{"type":"Feature","geometry":{"type":"Point","coordinates":[-0.34697,51.52877]},"properties":{"name":"Power infrastructure","category":"generator","osm_type":"node","osm_id":"8187891190"}},{"type":"Feature","geometry":{"type":"Point","coordinates":[-0.34505,51.53423]},"properties":{"name":"Power infrastructure","category":"generator","osm_type":"node","osm_id":"8187891191"}},{"type":"Feature","geometry":{"type":"Point","coordinates":[-0.3443,51.53369]},"properties":{"name":"Power infrastructure","category":"generator","osm_type":"node","osm_id":"8187891192"}},{"type":"Feature","geometry":{"type":"Point","coordinates":[-0.35706,51.54466]},"properties":{"name":"Power infrastructure","category":"generator","osm_type":"node","osm_id":"8187891193"}},{"type":"Feature","geometry":{"type":"Point","coordinates":[-0.35746,51.54463]},"properties":{"name":"Power infrastructure","category":"generator","osm_type":"node","osm_id":"8187891194"}},{"type":"Feature","geometry":{"type":"Point","coordinates":[-0.35745,51.54461]},"properties":{"name":"Power infrastructure","category":"generator","osm_type":"node","osm_id":"8187891195"}},{"type":"Feature","geometry":{"type":"Point","coordinates":[-0.35328,51.53161]},"properties":{"name":"Power infrastructure","category":"generator","osm_type":"node","osm_id":"8187891197"}},{"type":"Feature","geometry":{"type":"Point","coordinates":[-0.34415,51.53339]},"properties":{"name":"Power infrastructure","category":"generator","osm_type":"node","osm_id":"8187891198"}},{"type":"Feature","geometry":{"type":"Point","coordinates":[-0.35757,51.54477]},"properties":{"name":"Power infrastructure","category":"generator","osm_type":"node","osm_id":"8187891199"}},{"type":"Feature","geometry":{"type":"Point","coordinates":[-0.3576,51.54451]},"properties":{"name":"Power infrastructure","category":"generator","osm_type":"node","osm_id":"8187891200"}},{"type":"Feature","geometry":{"type":"Point","coordinates":[-0.33784,51.53417]},"properties":{"name":"Power infrastructure","category":"generator","osm_type":"node","osm_id":"8187891201"}},{"type":"Feature","geometry":{"type":"Point","coordinates":[-0.35756,51.54476]},"properties":{"name":"Power infrastructure","category":"generator","osm_type":"node","osm_id":"8187891203"}},{"type":"Feature","geometry":{"type":"Point","coordinates":[-0.34434,51.53336]},"properties":{"name":"Power infrastructure","category":"generator","osm_type":"node","osm_id":"8187891204"}},{"type":"Feature","geometry":{"type":"Point","coordinates":[-0.3576,51.54456]},"properties":{"name":"Power infrastructure","category":"generator","osm_type":"node","osm_id":"8187891205"}},{"type":"Feature","geometry":{"type":"Point","coordinates":[-0.34594,51.53141]},"properties":{"name":"Power infrastructure","category":"generator","osm_type":"node","osm_id":"8187891206"}},{"type":"Feature","geometry":{"type":"Point","coordinates":[-0.35753,51.54471]},"properties":{"name":"Power infrastructure","category":"generator","osm_type":"node","osm_id":"8187891207"}},{"type":"Feature","geometry":{"type":"Point","coordinates":[-0.34373,51.53301]},"properties":{"name":"Power infrastructure","category":"generator","osm_type":"node","osm_id":"8187891208"}},{"type":"Feature","geometry":{"type":"Point","coordinates":[-0.3438,51.53298]},"properties":{"name":"Power infrastructure","category":"generator","osm_type":"node","osm_id":"8187891209"}},{"type":"Feature","geometry":{"type":"Point","coordinates":[-0.34518,51.5345]},"properties":{"name":"Power infrastructure","category":"generator","osm_type":"node","osm_id":"8187891210"}},{"type":"Feature","geometry":{"type":"Point","coordinates":[-0.34388,51.53294]},"properties":{"name":"Power infrastructure","category":"generator","osm_type":"node","osm_id":"8187891211"}},{"type":"Feature","geometry":{"type":"Point","coordinates":[-0.34624,51.53397]},"properties":{"name":"Power infrastructure","category":"generator","osm_type":"node","osm_id":"8187891212"}},{"type":"Feature","geometry":{"type":"Point","coordinates":[-0.34599,51.53141]},"properties":{"name":"Power infrastructure","category":"generator","osm_type":"node","osm_id":"8187891213"}},{"type":"Feature","geometry":{"type":"Point","coordinates":[-0.35748,51.54466]},"properties":{"name":"Power infrastructure","category":"generator","osm_type":"node","osm_id":"8187891214"}},{"type":"Feature","geometry":{"type":"Point","coordinates":[-0.34473,51.53337]},"properties":{"name":"Power infrastructure","category":"generator","osm_type":"node","osm_id":"8187891215"}},{"type":"Feature","geometry":{"type":"Point","coordinates":[-0.35743,51.54458]},"properties":{"name":"Power infrastructure","category":"generator","osm_type":"node","osm_id":"8187891216"}},{"type":"Feature","geometry":{"type":"Point","coordinates":[-0.35761,51.54453]},"properties":{"name":"Power infrastructure","category":"generator","osm_type":"node","osm_id":"8187906317"}},{"type":"Feature","geometry":{"type":"Point","coordinates":[-0.34351,51.53273]},"properties":{"name":"Power infrastructure","category":"generator","osm_type":"node","osm_id":"8187906318"}},{"type":"Feature","geometry":{"type":"Point","coordinates":[-0.33926,51.53435]},"properties":{"name":"Power infrastructure","category":"generator","osm_type":"node","osm_id":"8187906319"}},{"type":"Feature","geometry":{"type":"Point","coordinates":[-0.3411,51.53327]},"properties":{"name":"Power infrastructure","category":"generator","osm_type":"node","osm_id":"8187906320"}},{"type":"Feature","geometry":{"type":"Point","coordinates":[-0.34096,51.53368]},"properties":{"name":"Power infrastructure","category":"generator","osm_type":"node","osm_id":"8187906321"}},{"type":"Feature","geometry":{"type":"Point","coordinates":[-0.33767,51.53481]},"properties":{"name":"Power infrastructure","category":"generator","osm_type":"node","osm_id":"8187906322"}},{"type":"Feature","geometry":{"type":"Point","coordinates":[-0.35751,51.54468]},"properties":{"name":"Power infrastructure","category":"generator","osm_type":"node","osm_id":"8187906323"}},{"type":"Feature","geometry":{"type":"Point","coordinates":[-0.35715,51.54478]},"properties":{"name":"Power infrastructure","category":"generator","osm_type":"node","osm_id":"8187906324"}},{"type":"Feature","geometry":{"type":"Point","coordinates":[-0.34377,51.53281]},"properties":{"name":"Power infrastructure","category":"generator","osm_type":"node","osm_id":"8187906325"}},{"type":"Feature","geometry":{"type":"Point","coordinates":[-0.35717,51.54481]},"properties":{"name":"Power infrastructure","category":"generator","osm_type":"node","osm_id":"8187906326"}},{"type":"Feature","geometry":{"type":"Point","coordinates":[-0.35714,51.54476]},"properties":{"name":"Power infrastructure","category":"generator","osm_type":"node","osm_id":"8187906327"}},{"type":"Feature","geometry":{"type":"Point","coordinates":[-0.33765,51.53477]},"properties":{"name":"Power infrastructure","category":"generator","osm_type":"node","osm_id":"8187906328"}},{"type":"Feature","geometry":{"type":"Point","coordinates":[-0.34425,51.53338]},"properties":{"name":"Power infrastructure","category":"generator","osm_type":"node","osm_id":"8187906329"}},{"type":"Feature","geometry":{"type":"Point","coordinates":[-0.35885,51.53956]},"properties":{"name":"Power infrastructure","category":"generator","osm_type":"node","osm_id":"8187906330"}},{"type":"Feature","geometry":{"type":"Point","coordinates":[-0.35581,51.54289]},"properties":{"name":"Power infrastructure","category":"generator","osm_type":"node","osm_id":"8187906331"}},{"type":"Feature","geometry":{"type":"Point","coordinates":[-0.34394,51.53292]},"properties":{"name":"Power infrastructure","category":"generator","osm_type":"node","osm_id":"8187906332"}},{"type":"Feature","geometry":{"type":"Point","coordinates":[-0.35754,51.54473]},"properties":{"name":"Power infrastructure","category":"generator","osm_type":"node","osm_id":"8187906333"}},{"type":"Feature","geometry":{"type":"Point","coordinates":[-0.34443,51.53349]},"properties":{"name":"Power infrastructure","category":"generator","osm_type":"node","osm_id":"8187906334"}},{"type":"Feature","geometry":{"type":"Point","coordinates":[-0.34446,51.53365]},"properties":{"name":"Power infrastructure","category":"generator","osm_type":"node","osm_id":"8187906335"}},{"type":"Feature","geometry":{"type":"Point","coordinates":[-0.34391,51.53431]},"properties":{"name":"Power infrastructure","category":"generator","osm_type":"node","osm_id":"8187906336"}},{"type":"Feature","geometry":{"type":"Point","coordinates":[-0.33911,51.53395]},"properties":{"name":"Power infrastructure","category":"generator","osm_type":"node","osm_id":"8187906337"}},{"type":"Feature","geometry":{"type":"Point","coordinates":[-0.35712,51.54473]},"properties":{"name":"Power infrastructure","category":"generator","osm_type":"node","osm_id":"8187906338"}},{"type":"Feature","geometry":{"type":"Point","coordinates":[-0.35728,51.54466]},"properties":{"name":"Power infrastructure","category":"generator","osm_type":"node","osm_id":"8187906339"}},{"type":"Feature","geometry":{"type":"Point","coordinates":[-0.34999,51.53272]},"properties":{"name":"Power infrastructure","category":"generator","osm_type":"node","osm_id":"8187906340"}},{"type":"Feature","geometry":{"type":"Point","coordinates":[-0.34467,51.53376]},"properties":{"name":"Power infrastructure","category":"generator","osm_type":"node","osm_id":"8187906341"}},{"type":"Feature","geometry":{"type":"Point","coordinates":[-0.35708,51.54468]},"properties":{"name":"Power infrastructure","category":"generator","osm_type":"node","osm_id":"8187906342"}},{"type":"Feature","geometry":{"type":"Point","coordinates":[-0.34225,51.53325]},"properties":{"name":"Power infrastructure","category":"generator","osm_type":"node","osm_id":"8187906343"}},{"type":"Feature","geometry":{"type":"Point","coordinates":[-0.46452,51.7407]},"properties":{"name":"Power infrastructure","category":"generator","osm_type":"node","osm_id":"8188169505"}},{"type":"Feature","geometry":{"type":"Point","coordinates":[-0.45783,51.74126]},"properties":{"name":"Power infrastructure","category":"generator","osm_type":"node","osm_id":"8188169515"}},{"type":"Feature","geometry":{"type":"Point","coordinates":[-0.45784,51.7413]},"properties":{"name":"Power infrastructure","category":"generator","osm_type":"node","osm_id":"8188169516"}},{"type":"Feature","geometry":{"type":"Point","coordinates":[-0.45779,51.74129]},"properties":{"name":"Power infrastructure","category":"generator","osm_type":"node","osm_id":"8188199917"}},{"type":"Feature","geometry":{"type":"Point","coordinates":[-0.46051,51.73788]},"properties":{"name":"Power infrastructure","category":"generator","osm_type":"node","osm_id":"8188199919"}},{"type":"Feature","geometry":{"type":"Point","coordinates":[-0.45998,51.73888]},"properties":{"name":"Power infrastructure","category":"generator","osm_type":"node","osm_id":"8188199920"}},{"type":"Feature","geometry":{"type":"Point","coordinates":[-0.46002,51.73886]},"properties":{"name":"Power infrastructure","category":"generator","osm_type":"node","osm_id":"8188199921"}},{"type":"Feature","geometry":{"type":"Point","coordinates":[-0.4592,51.73654]},"properties":{"name":"Power infrastructure","category":"generator","osm_type":"node","osm_id":"8188405894"}},{"type":"Feature","geometry":{"type":"Point","coordinates":[-0.45783,51.73629]},"properties":{"name":"Power infrastructure","category":"generator","osm_type":"node","osm_id":"8188405895"}},{"type":"Feature","geometry":{"type":"Point","coordinates":[-0.45758,51.7351]},"properties":{"name":"Power infrastructure","category":"generator","osm_type":"node","osm_id":"8188405896"}},{"type":"Feature","geometry":{"type":"Point","coordinates":[-0.45734,51.73561]},"properties":{"name":"Power infrastructure","category":"generator","osm_type":"node","osm_id":"8188405897"}},{"type":"Feature","geometry":{"type":"Point","coordinates":[-0.45736,51.73563]},"properties":{"name":"Power infrastructure","category":"generator","osm_type":"node","osm_id":"8188405898"}},{"type":"Feature","geometry":{"type":"Point","coordinates":[-0.45603,51.7354]},"properties":{"name":"Power infrastructure","category":"generator","osm_type":"node","osm_id":"8188405903"}},{"type":"Feature","geometry":{"type":"Point","coordinates":[-0.45588,51.73532]},"properties":{"name":"Power infrastructure","category":"generator","osm_type":"node","osm_id":"8188405904"}},{"type":"Feature","geometry":{"type":"Point","coordinates":[-0.45595,51.73532]},"properties":{"name":"Power infrastructure","category":"generator","osm_type":"node","osm_id":"8188405905"}},{"type":"Feature","geometry":{"type":"Point","coordinates":[-0.45488,51.73505]},"properties":{"name":"Power infrastructure","category":"generator","osm_type":"node","osm_id":"8188405906"}},{"type":"Feature","geometry":{"type":"Point","coordinates":[-0.45482,51.73504]},"properties":{"name":"Power infrastructure","category":"generator","osm_type":"node","osm_id":"8188405907"}},{"type":"Feature","geometry":{"type":"Point","coordinates":[-0.45417,51.73474]},"properties":{"name":"Power infrastructure","category":"generator","osm_type":"node","osm_id":"8188405908"}},{"type":"Feature","geometry":{"type":"Point","coordinates":[-0.45414,51.73475]},"properties":{"name":"Power infrastructure","category":"generator","osm_type":"node","osm_id":"8188405909"}},{"type":"Feature","geometry":{"type":"Point","coordinates":[-0.45403,51.73485]},"properties":{"name":"Power infrastructure","category":"generator","osm_type":"node","osm_id":"8188405910"}},{"type":"Feature","geometry":{"type":"Point","coordinates":[-0.45397,51.73486]},"properties":{"name":"Power infrastructure","category":"generator","osm_type":"node","osm_id":"8188405911"}},{"type":"Feature","geometry":{"type":"Point","coordinates":[-0.45334,51.73625]},"properties":{"name":"Power infrastructure","category":"generator","osm_type":"node","osm_id":"8188405915"}},{"type":"Feature","geometry":{"type":"Point","coordinates":[-0.45402,51.73519]},"properties":{"name":"Power infrastructure","category":"generator","osm_type":"node","osm_id":"8188405916"}},{"type":"Feature","geometry":{"type":"Point","coordinates":[-0.33356,51.5237]},"properties":{"name":"Power infrastructure","category":"generator","osm_type":"node","osm_id":"8188408364"}},{"type":"Feature","geometry":{"type":"Point","coordinates":[-0.37296,51.52415]},"properties":{"name":"Power infrastructure","category":"generator","osm_type":"node","osm_id":"8188408365"}},{"type":"Feature","geometry":{"type":"Point","coordinates":[-0.33356,51.51971]},"properties":{"name":"Power infrastructure","category":"generator","osm_type":"node","osm_id":"8188408366"}},{"type":"Feature","geometry":{"type":"Point","coordinates":[-0.3321,51.51984]},"properties":{"name":"Power infrastructure","category":"generator","osm_type":"node","osm_id":"8188408367"}},{"type":"Feature","geometry":{"type":"Point","coordinates":[-0.33865,51.52471]},"properties":{"name":"Power infrastructure","category":"generator","osm_type":"node","osm_id":"8188408368"}},{"type":"Feature","geometry":{"type":"Point","coordinates":[-0.35185,51.52339]},"properties":{"name":"Power infrastructure","category":"generator","osm_type":"node","osm_id":"8188408369"}},{"type":"Feature","geometry":{"type":"Point","coordinates":[-0.35102,51.5096]},"properties":{"name":"Power infrastructure","category":"generator","osm_type":"node","osm_id":"8188408370"}},{"type":"Feature","geometry":{"type":"Point","coordinates":[-0.35392,51.52683]},"properties":{"name":"Power infrastructure","category":"generator","osm_type":"node","osm_id":"8188408371"}},{"type":"Feature","geometry":{"type":"Point","coordinates":[-0.3633,51.5183]},"properties":{"name":"Power infrastructure","category":"generator","osm_type":"node","osm_id":"8188408372"}},{"type":"Feature","geometry":{"type":"Point","coordinates":[-0.35407,51.52337]},"properties":{"name":"Power infrastructure","category":"generator","osm_type":"node","osm_id":"8188408373"}},{"type":"Feature","geometry":{"type":"Point","coordinates":[-0.34171,51.52042]},"properties":{"name":"Power infrastructure","category":"generator","osm_type":"node","osm_id":"8188408376"}},{"type":"Feature","geometry":{"type":"Point","coordinates":[-0.34014,51.52387]},"properties":{"name":"Power infrastructure","category":"generator","osm_type":"node","osm_id":"8188408377"}},{"type":"Feature","geometry":{"type":"Point","coordinates":[-0.34072,51.52286]},"properties":{"name":"Power infrastructure","category":"generator","osm_type":"node","osm_id":"8188408378"}},{"type":"Feature","geometry":{"type":"Point","coordinates":[-0.37465,51.52073]},"properties":{"name":"Power infrastructure","category":"generator","osm_type":"node","osm_id":"8188408379"}},{"type":"Feature","geometry":{"type":"Point","coordinates":[-0.33888,51.52405]},"properties":{"name":"Power infrastructure","category":"generator","osm_type":"node","osm_id":"8188408380"}},{"type":"Feature","geometry":{"type":"Point","coordinates":[-0.36365,51.51841]},"properties":{"name":"Power infrastructure","category":"generator","osm_type":"node","osm_id":"8188408381"}},{"type":"Feature","geometry":{"type":"Point","coordinates":[-0.33603,51.52412]},"properties":{"name":"Power infrastructure","category":"generator","osm_type":"node","osm_id":"8188408382"}},{"type":"Feature","geometry":{"type":"Point","coordinates":[-0.35551,51.52479]},"properties":{"name":"Power infrastructure","category":"generator","osm_type":"node","osm_id":"8188408383"}},{"type":"Feature","geometry":{"type":"Point","coordinates":[-0.35515,51.52495]},"properties":{"name":"Power infrastructure","category":"generator","osm_type":"node","osm_id":"8188408384"}},{"type":"Feature","geometry":{"type":"Point","coordinates":[-0.35117,51.50958]},"properties":{"name":"Power infrastructure","category":"generator","osm_type":"node","osm_id":"8188408385"}},{"type":"Feature","geometry":{"type":"Point","coordinates":[-0.35094,51.50967]},"properties":{"name":"Power infrastructure","category":"generator","osm_type":"node","osm_id":"8188408386"}},{"type":"Feature","geometry":{"type":"Point","coordinates":[-0.3374,51.51817]},"properties":{"name":"Power infrastructure","category":"generator","osm_type":"node","osm_id":"8188408387"}},{"type":"Feature","geometry":{"type":"Point","coordinates":[-0.3565,51.51808]},"properties":{"name":"Power infrastructure","category":"generator","osm_type":"node","osm_id":"8188408388"}},{"type":"Feature","geometry":{"type":"Point","coordinates":[-0.35283,51.52725]},"properties":{"name":"Power infrastructure","category":"generator","osm_type":"node","osm_id":"8188408389"}},{"type":"Feature","geometry":{"type":"Point","coordinates":[-0.37032,51.52422]},"properties":{"name":"Power infrastructure","category":"generator","osm_type":"node","osm_id":"8188408390"}},{"type":"Feature","geometry":{"type":"Point","coordinates":[-0.35653,51.51904]},"properties":{"name":"Power infrastructure","category":"generator","osm_type":"node","osm_id":"8188408391"}},{"type":"Feature","geometry":{"type":"Point","coordinates":[-0.35647,51.5182]},"properties":{"name":"Power infrastructure","category":"generator","osm_type":"node","osm_id":"8188408392"}},{"type":"Feature","geometry":{"type":"Point","coordinates":[-0.35345,51.52862]},"properties":{"name":"Power infrastructure","category":"generator","osm_type":"node","osm_id":"8188408393"}},{"type":"Feature","geometry":{"type":"Point","coordinates":[-0.36319,51.51968]},"properties":{"name":"Power infrastructure","category":"generator","osm_type":"node","osm_id":"8188408394"}},{"type":"Feature","geometry":{"type":"Point","coordinates":[-0.3417,51.52037]},"properties":{"name":"Power infrastructure","category":"generator","osm_type":"node","osm_id":"8188408395"}},{"type":"Feature","geometry":{"type":"Point","coordinates":[-0.35399,51.52338]},"properties":{"name":"Power infrastructure","category":"generator","osm_type":"node","osm_id":"8188408396"}},{"type":"Feature","geometry":{"type":"Point","coordinates":[-0.34575,51.50977]},"properties":{"name":"Power infrastructure","category":"generator","osm_type":"node","osm_id":"8188408397"}},{"type":"Feature","geometry":{"type":"Point","coordinates":[-0.37455,51.52038]},"properties":{"name":"Power infrastructure","category":"generator","osm_type":"node","osm_id":"8188408398"}},{"type":"Feature","geometry":{"type":"Point","coordinates":[-0.35516,51.52506]},"properties":{"name":"Power infrastructure","category":"generator","osm_type":"node","osm_id":"8188408399"}},{"type":"Feature","geometry":{"type":"Point","coordinates":[-0.35515,51.525]},"properties":{"name":"Power infrastructure","category":"generator","osm_type":"node","osm_id":"8188408400"}},{"type":"Feature","geometry":{"type":"Point","coordinates":[-0.3407,51.52281]},"properties":{"name":"Power infrastructure","category":"generator","osm_type":"node","osm_id":"8188408401"}},{"type":"Feature","geometry":{"type":"Point","coordinates":[-0.33569,51.52326]},"properties":{"name":"Power infrastructure","category":"generator","osm_type":"node","osm_id":"8188408402"}},{"type":"Feature","geometry":{"type":"Point","coordinates":[-0.34056,51.50873]},"properties":{"name":"Power infrastructure","category":"generator","osm_type":"node","osm_id":"8188408403"}},{"type":"Feature","geometry":{"type":"Point","coordinates":[-0.35122,51.50968]},"properties":{"name":"Power infrastructure","category":"generator","osm_type":"node","osm_id":"8188408404"}},{"type":"Feature","geometry":{"type":"Point","coordinates":[-0.36358,51.5184]},"properties":{"name":"Power infrastructure","category":"generator","osm_type":"node","osm_id":"8188408405"}},{"type":"Feature","geometry":{"type":"Point","coordinates":[-0.34168,51.52032]},"properties":{"name":"Power infrastructure","category":"generator","osm_type":"node","osm_id":"8188408406"}},{"type":"Feature","geometry":{"type":"Point","coordinates":[-0.35309,51.52742]},"properties":{"name":"Power infrastructure","category":"generator","osm_type":"node","osm_id":"8188408407"}},{"type":"Feature","geometry":{"type":"Point","coordinates":[-0.35074,51.50975]},"properties":{"name":"Power infrastructure","category":"generator","osm_type":"node","osm_id":"8188408408"}},{"type":"Feature","geometry":{"type":"Point","coordinates":[-0.35192,51.5233]},"properties":{"name":"Power infrastructure","category":"generator","osm_type":"node","osm_id":"8188408409"}},{"type":"Feature","geometry":{"type":"Point","coordinates":[-0.35073,51.5097]},"properties":{"name":"Power infrastructure","category":"generator","osm_type":"node","osm_id":"8188408410"}},{"type":"Feature","geometry":{"type":"Point","coordinates":[-0.3432,51.52127]},"properties":{"name":"Power infrastructure","category":"generator","osm_type":"node","osm_id":"8188408411"}},{"type":"Feature","geometry":{"type":"Point","coordinates":[-0.37397,51.52132]},"properties":{"name":"Power infrastructure","category":"generator","osm_type":"node","osm_id":"8188408412"}},{"type":"Feature","geometry":{"type":"Point","coordinates":[-0.36319,51.51843]},"properties":{"name":"Power infrastructure","category":"generator","osm_type":"node","osm_id":"8188408413"}},{"type":"Feature","geometry":{"type":"Point","coordinates":[-0.36327,51.51834]},"properties":{"name":"Power infrastructure","category":"generator","osm_type":"node","osm_id":"8188408414"}},{"type":"Feature","geometry":{"type":"Point","coordinates":[-0.36316,51.51847]},"properties":{"name":"Power infrastructure","category":"generator","osm_type":"node","osm_id":"8188408415"}},{"type":"Feature","geometry":{"type":"Point","coordinates":[-0.35467,51.52561]},"properties":{"name":"Power infrastructure","category":"generator","osm_type":"node","osm_id":"8188408416"}},{"type":"Feature","geometry":{"type":"Point","coordinates":[-0.36529,51.52821]},"properties":{"name":"Power infrastructure","category":"generator","osm_type":"node","osm_id":"8188418017"}},{"type":"Feature","geometry":{"type":"Point","coordinates":[-0.36247,51.51947]},"properties":{"name":"Power infrastructure","category":"generator","osm_type":"node","osm_id":"8188418018"}},{"type":"Feature","geometry":{"type":"Point","coordinates":[-0.35659,51.51789]},"properties":{"name":"Power infrastructure","category":"generator","osm_type":"node","osm_id":"8188418019"}},{"type":"Feature","geometry":{"type":"Point","coordinates":[-0.35169,51.5237]},"properties":{"name":"Power infrastructure","category":"generator","osm_type":"node","osm_id":"8188418020"}},{"type":"Feature","geometry":{"type":"Point","coordinates":[-0.35274,51.52723]},"properties":{"name":"Power infrastructure","category":"generator","osm_type":"node","osm_id":"8188418021"}},{"type":"Feature","geometry":{"type":"Point","coordinates":[-0.37414,51.52131]},"properties":{"name":"Power infrastructure","category":"generator","osm_type":"node","osm_id":"8188418022"}},{"type":"Feature","geometry":{"type":"Point","coordinates":[-0.35657,51.51797]},"properties":{"name":"Power infrastructure","category":"generator","osm_type":"node","osm_id":"8188418023"}},{"type":"Feature","geometry":{"type":"Point","coordinates":[-0.3408,51.52285]},"properties":{"name":"Power infrastructure","category":"generator","osm_type":"node","osm_id":"8188418024"}},{"type":"Feature","geometry":{"type":"Point","coordinates":[-0.37254,51.52392]},"properties":{"name":"Power infrastructure","category":"generator","osm_type":"node","osm_id":"8188418025"}},{"type":"Feature","geometry":{"type":"Point","coordinates":[-0.34058,51.50867]},"properties":{"name":"Power infrastructure","category":"generator","osm_type":"node","osm_id":"8188418026"}},{"type":"Feature","geometry":{"type":"Point","coordinates":[-0.33863,51.52383]},"properties":{"name":"Power infrastructure","category":"generator","osm_type":"node","osm_id":"8188418027"}},{"type":"Feature","geometry":{"type":"Point","coordinates":[-0.34032,51.52339]},"properties":{"name":"Power infrastructure","category":"generator","osm_type":"node","osm_id":"8188418028"}},{"type":"Feature","geometry":{"type":"Point","coordinates":[-0.33255,51.52121]},"properties":{"name":"Power infrastructure","category":"generator","osm_type":"node","osm_id":"8188418029"}},{"type":"Feature","geometry":{"type":"Point","coordinates":[-0.35597,51.51865]},"properties":{"name":"Power infrastructure","category":"generator","osm_type":"node","osm_id":"8188418030"}},{"type":"Feature","geometry":{"type":"Point","coordinates":[-0.35278,51.52737]},"properties":{"name":"Power infrastructure","category":"generator","osm_type":"node","osm_id":"8188418031"}},{"type":"Feature","geometry":{"type":"Point","coordinates":[-0.34317,51.5213]},"properties":{"name":"Power infrastructure","category":"generator","osm_type":"node","osm_id":"8188418032"}},{"type":"Feature","geometry":{"type":"Point","coordinates":[-0.35141,51.5096]},"properties":{"name":"Power infrastructure","category":"generator","osm_type":"node","osm_id":"8188418033"}},{"type":"Feature","geometry":{"type":"Point","coordinates":[-0.35148,51.52436]},"properties":{"name":"Power infrastructure","category":"generator","osm_type":"node","osm_id":"8188418034"}},{"type":"Feature","geometry":{"type":"Point","coordinates":[-0.36089,51.51934]},"properties":{"name":"Power infrastructure","category":"generator","osm_type":"node","osm_id":"8188418035"}},{"type":"Feature","geometry":{"type":"Point","coordinates":[-0.35139,51.50955]},"properties":{"name":"Power infrastructure","category":"generator","osm_type":"node","osm_id":"8188418036"}},{"type":"Feature","geometry":{"type":"Point","coordinates":[-0.33246,51.52114]},"properties":{"name":"Power infrastructure","category":"generator","osm_type":"node","osm_id":"8188418037"}},{"type":"Feature","geometry":{"type":"Point","coordinates":[-0.35145,51.50965]},"properties":{"name":"Power infrastructure","category":"generator","osm_type":"node","osm_id":"8188418038"}},{"type":"Feature","geometry":{"type":"Point","coordinates":[-0.34034,51.52345]},"properties":{"name":"Power infrastructure","category":"generator","osm_type":"node","osm_id":"8188418039"}},{"type":"Feature","geometry":{"type":"Point","coordinates":[-0.33518,51.5185]},"properties":{"name":"Power infrastructure","category":"generator","osm_type":"node","osm_id":"8188418040"}},{"type":"Feature","geometry":{"type":"Point","coordinates":[-0.35293,51.52499]},"properties":{"name":"Power infrastructure","category":"generator","osm_type":"node","osm_id":"8188418041"}},{"type":"Feature","geometry":{"type":"Point","coordinates":[-0.36298,51.51961]},"properties":{"name":"Power infrastructure","category":"generator","osm_type":"node","osm_id":"8188418042"}},{"type":"Feature","geometry":{"type":"Point","coordinates":[-0.35315,51.52748]},"properties":{"name":"Power infrastructure","category":"generator","osm_type":"node","osm_id":"8188418043"}},{"type":"Feature","geometry":{"type":"Point","coordinates":[-0.35191,51.52383]},"properties":{"name":"Power infrastructure","category":"generator","osm_type":"node","osm_id":"8188418044"}},{"type":"Feature","geometry":{"type":"Point","coordinates":[-0.34174,51.5205]},"properties":{"name":"Power infrastructure","category":"generator","osm_type":"node","osm_id":"8188418045"}},{"type":"Feature","geometry":{"type":"Point","coordinates":[-0.33314,51.51945]},"properties":{"name":"Power infrastructure","category":"generator","osm_type":"node","osm_id":"8188418046"}},{"type":"Feature","geometry":{"type":"Point","coordinates":[-0.36333,51.51827]},"properties":{"name":"Power infrastructure","category":"generator","osm_type":"node","osm_id":"8188418047"}},{"type":"Feature","geometry":{"type":"Point","coordinates":[-0.37296,51.52412]},"properties":{"name":"Power infrastructure","category":"generator","osm_type":"node","osm_id":"8188418048"}},{"type":"Feature","geometry":{"type":"Point","coordinates":[-0.33414,51.51931]},"properties":{"name":"Power infrastructure","category":"generator","osm_type":"node","osm_id":"8188418049"}},{"type":"Feature","geometry":{"type":"Point","coordinates":[-0.36378,51.51845]},"properties":{"name":"Power infrastructure","category":"generator","osm_type":"node","osm_id":"8188418050"}},{"type":"Feature","geometry":{"type":"Point","coordinates":[-0.3689,51.51939]},"properties":{"name":"Power infrastructure","category":"generator","osm_type":"node","osm_id":"8188418051"}},{"type":"Feature","geometry":{"type":"Point","coordinates":[-0.33414,51.51905]},"properties":{"name":"Power infrastructure","category":"generator","osm_type":"node","osm_id":"8188418052"}},{"type":"Feature","geometry":{"type":"Point","coordinates":[-0.35097,51.50971]},"properties":{"name":"Power infrastructure","category":"generator","osm_type":"node","osm_id":"8188418053"}},{"type":"Feature","geometry":{"type":"Point","coordinates":[-0.35182,51.52376]},"properties":{"name":"Power infrastructure","category":"generator","osm_type":"node","osm_id":"8188418055"}},{"type":"Feature","geometry":{"type":"Point","coordinates":[-0.36346,51.51979]},"properties":{"name":"Power infrastructure","category":"generator","osm_type":"node","osm_id":"8188418056"}},{"type":"Feature","geometry":{"type":"Point","coordinates":[-0.34173,51.52046]},"properties":{"name":"Power infrastructure","category":"generator","osm_type":"node","osm_id":"8188418057"}},{"type":"Feature","geometry":{"type":"Point","coordinates":[-0.37215,51.52688]},"properties":{"name":"Power infrastructure","category":"generator","osm_type":"node","osm_id":"8188418058"}},{"type":"Feature","geometry":{"type":"Point","coordinates":[-0.35452,51.52553]},"properties":{"name":"Power infrastructure","category":"generator","osm_type":"node","osm_id":"8188418059"}},{"type":"Feature","geometry":{"type":"Point","coordinates":[-0.33213,51.51988]},"properties":{"name":"Power infrastructure","category":"generator","osm_type":"node","osm_id":"8188418060"}},{"type":"Feature","geometry":{"type":"Point","coordinates":[-0.37038,51.52423]},"properties":{"name":"Power infrastructure","category":"generator","osm_type":"node","osm_id":"8188418061"}},{"type":"Feature","geometry":{"type":"Point","coordinates":[-0.36371,51.51844]},"properties":{"name":"Power infrastructure","category":"generator","osm_type":"node","osm_id":"8188418062"}},{"type":"Feature","geometry":{"type":"Point","coordinates":[-0.33351,51.5236]},"properties":{"name":"Power infrastructure","category":"generator","osm_type":"node","osm_id":"8188418063"}},{"type":"Feature","geometry":{"type":"Point","coordinates":[-0.33325,51.52176]},"properties":{"name":"Power infrastructure","category":"generator","osm_type":"node","osm_id":"8188418065"}},{"type":"Feature","geometry":{"type":"Point","coordinates":[-0.3512,51.50963]},"properties":{"name":"Power infrastructure","category":"generator","osm_type":"node","osm_id":"8188418066"}},{"type":"Feature","geometry":{"type":"Point","coordinates":[-0.45405,51.73524]},"properties":{"name":"Power infrastructure","category":"generator","osm_type":"node","osm_id":"8188448717"}},{"type":"Feature","geometry":{"type":"Point","coordinates":[-0.45411,51.73523]},"properties":{"name":"Power infrastructure","category":"generator","osm_type":"node","osm_id":"8188448718"}},{"type":"Feature","geometry":{"type":"Point","coordinates":[-0.45426,51.73779]},"properties":{"name":"Power infrastructure","category":"generator","osm_type":"node","osm_id":"8188448720"}},{"type":"Feature","geometry":{"type":"Point","coordinates":[-0.45404,51.7377]},"properties":{"name":"Power infrastructure","category":"generator","osm_type":"node","osm_id":"8188448721"}},{"type":"Feature","geometry":{"type":"Point","coordinates":[-0.45655,51.73865]},"properties":{"name":"Power infrastructure","category":"generator","osm_type":"node","osm_id":"8188448725"}},{"type":"Feature","geometry":{"type":"Point","coordinates":[-0.45406,51.74232]},"properties":{"name":"Power infrastructure","category":"generator","osm_type":"node","osm_id":"8188453816"}},{"type":"Feature","geometry":{"type":"Point","coordinates":[-0.45404,51.74225]},"properties":{"name":"Power infrastructure","category":"generator","osm_type":"node","osm_id":"8188570717"}},{"type":"Feature","geometry":{"type":"Point","coordinates":[-0.45396,51.74226]},"properties":{"name":"Power infrastructure","category":"generator","osm_type":"node","osm_id":"8188570718"}},{"type":"Feature","geometry":{"type":"Point","coordinates":[-0.45312,51.74279]},"properties":{"name":"Power infrastructure","category":"generator","osm_type":"node","osm_id":"8188570720"}},{"type":"Feature","geometry":{"type":"Point","coordinates":[-0.45319,51.7428]},"properties":{"name":"Power infrastructure","category":"generator","osm_type":"node","osm_id":"8188570721"}},{"type":"Feature","geometry":{"type":"Point","coordinates":[-0.45114,51.7429]},"properties":{"name":"Power infrastructure","category":"generator","osm_type":"node","osm_id":"8188570728"}},{"type":"Feature","geometry":{"type":"Point","coordinates":[-0.45324,51.74472]},"properties":{"name":"Power infrastructure","category":"generator","osm_type":"node","osm_id":"8188570729"}},{"type":"Feature","geometry":{"type":"Point","coordinates":[-0.4542,51.74463]},"properties":{"name":"Power infrastructure","category":"generator","osm_type":"node","osm_id":"8188570730"}},{"type":"Feature","geometry":{"type":"Point","coordinates":[-0.45457,51.74496]},"properties":{"name":"Power infrastructure","category":"generator","osm_type":"node","osm_id":"8188570743"}},{"type":"Feature","geometry":{"type":"Point","coordinates":[-0.48571,51.74286]},"properties":{"name":"Power infrastructure","category":"generator","osm_type":"node","osm_id":"8188938736"}},{"type":"Feature","geometry":{"type":"Point","coordinates":[-0.46365,51.74303]},"properties":{"name":"Power infrastructure","category":"generator","osm_type":"node","osm_id":"8191238194"}},{"type":"Feature","geometry":{"type":"Point","coordinates":[-0.46707,51.74274]},"properties":{"name":"Power infrastructure","category":"generator","osm_type":"node","osm_id":"8191238206"}},{"type":"Feature","geometry":{"type":"Point","coordinates":[-0.46701,51.74275]},"properties":{"name":"Power infrastructure","category":"generator","osm_type":"node","osm_id":"8191238207"}},{"type":"Feature","geometry":{"type":"Point","coordinates":[-0.46645,51.74532]},"properties":{"name":"Power infrastructure","category":"generator","osm_type":"node","osm_id":"8191256931"}},{"type":"Feature","geometry":{"type":"Point","coordinates":[-0.46591,51.74546]},"properties":{"name":"Power infrastructure","category":"generator","osm_type":"node","osm_id":"8191256932"}},{"type":"Feature","geometry":{"type":"Point","coordinates":[-0.46584,51.74537]},"properties":{"name":"Power infrastructure","category":"generator","osm_type":"node","osm_id":"8191256933"}},{"type":"Feature","geometry":{"type":"Point","coordinates":[-0.46579,51.74539]},"properties":{"name":"Power infrastructure","category":"generator","osm_type":"node","osm_id":"8191256934"}},{"type":"Feature","geometry":{"type":"Point","coordinates":[-0.46843,51.74441]},"properties":{"name":"Power infrastructure","category":"generator","osm_type":"node","osm_id":"8191256935"}},{"type":"Feature","geometry":{"type":"Point","coordinates":[-0.46852,51.74406]},"properties":{"name":"Power infrastructure","category":"generator","osm_type":"node","osm_id":"8191256937"}},{"type":"Feature","geometry":{"type":"Point","coordinates":[-0.46775,51.74419]},"properties":{"name":"Power infrastructure","category":"generator","osm_type":"node","osm_id":"8191256950"}},{"type":"Feature","geometry":{"type":"Point","coordinates":[-0.46912,51.74429]},"properties":{"name":"Power infrastructure","category":"generator","osm_type":"node","osm_id":"8191256951"}},{"type":"Feature","geometry":{"type":"Point","coordinates":[-0.4691,51.74433]},"properties":{"name":"Power infrastructure","category":"generator","osm_type":"node","osm_id":"8191256952"}},{"type":"Feature","geometry":{"type":"Point","coordinates":[-0.4629,51.74774]},"properties":{"name":"Power infrastructure","category":"generator","osm_type":"node","osm_id":"8191336588"}},{"type":"Feature","geometry":{"type":"Point","coordinates":[-0.36712,51.50238]},"properties":{"name":"Power infrastructure","category":"generator","osm_type":"node","osm_id":"8191858879"}},{"type":"Feature","geometry":{"type":"Point","coordinates":[-0.36757,51.50286]},"properties":{"name":"Power infrastructure","category":"generator","osm_type":"node","osm_id":"8191858880"}},{"type":"Feature","geometry":{"type":"Point","coordinates":[-0.36831,51.5022]},"properties":{"name":"Power infrastructure","category":"generator","osm_type":"node","osm_id":"8191858881"}},{"type":"Feature","geometry":{"type":"Point","coordinates":[-0.36878,51.50148]},"properties":{"name":"Power infrastructure","category":"generator","osm_type":"node","osm_id":"8191858882"}},{"type":"Feature","geometry":{"type":"Point","coordinates":[-0.36742,51.50286]},"properties":{"name":"Power infrastructure","category":"generator","osm_type":"node","osm_id":"8191858885"}},{"type":"Feature","geometry":{"type":"Point","coordinates":[-0.36771,51.50148]},"properties":{"name":"Power infrastructure","category":"generator","osm_type":"node","osm_id":"8191858886"}},{"type":"Feature","geometry":{"type":"Point","coordinates":[-0.36876,51.5014]},"properties":{"name":"Power infrastructure","category":"generator","osm_type":"node","osm_id":"8191858887"}},{"type":"Feature","geometry":{"type":"Point","coordinates":[-0.36903,51.50039]},"properties":{"name":"Power infrastructure","category":"generator","osm_type":"node","osm_id":"8191858889"}},{"type":"Feature","geometry":{"type":"Point","coordinates":[-0.36936,51.5007]},"properties":{"name":"Power infrastructure","category":"generator","osm_type":"node","osm_id":"8191858890"}},{"type":"Feature","geometry":{"type":"Point","coordinates":[-0.36878,51.5007]},"properties":{"name":"Power infrastructure","category":"generator","osm_type":"node","osm_id":"8191858891"}},{"type":"Feature","geometry":{"type":"Point","coordinates":[-0.36706,51.50222]},"properties":{"name":"Power infrastructure","category":"generator","osm_type":"node","osm_id":"8191858892"}},{"type":"Feature","geometry":{"type":"Point","coordinates":[-0.36927,51.5004]},"properties":{"name":"Power infrastructure","category":"generator","osm_type":"node","osm_id":"8191858893"}},{"type":"Feature","geometry":{"type":"Point","coordinates":[-0.36876,51.50134]},"properties":{"name":"Power infrastructure","category":"generator","osm_type":"node","osm_id":"8191858894"}},{"type":"Feature","geometry":{"type":"Point","coordinates":[-0.36847,51.50277]},"properties":{"name":"Power infrastructure","category":"generator","osm_type":"node","osm_id":"8191858895"}},{"type":"Feature","geometry":{"type":"Point","coordinates":[-0.36714,51.50242]},"properties":{"name":"Power infrastructure","category":"generator","osm_type":"node","osm_id":"8191858896"}},{"type":"Feature","geometry":{"type":"Point","coordinates":[-0.36937,51.50058]},"properties":{"name":"Power infrastructure","category":"generator","osm_type":"node","osm_id":"8191858897"}},{"type":"Feature","geometry":{"type":"Point","coordinates":[-0.36713,51.50084]},"properties":{"name":"Power infrastructure","category":"generator","osm_type":"node","osm_id":"8191858898"}},{"type":"Feature","geometry":{"type":"Point","coordinates":[-0.36476,51.50049]},"properties":{"name":"Power infrastructure","category":"generator","osm_type":"node","osm_id":"8191858899"}},{"type":"Feature","geometry":{"type":"Point","coordinates":[-0.36795,51.50127]},"properties":{"name":"Power infrastructure","category":"generator","osm_type":"node","osm_id":"8191858900"}},{"type":"Feature","geometry":{"type":"Point","coordinates":[-0.36817,51.50284]},"properties":{"name":"Power infrastructure","category":"generator","osm_type":"node","osm_id":"8191858901"}},{"type":"Feature","geometry":{"type":"Point","coordinates":[-0.36936,51.50074]},"properties":{"name":"Power infrastructure","category":"generator","osm_type":"node","osm_id":"8191858902"}},{"type":"Feature","geometry":{"type":"Point","coordinates":[-0.3688,51.50152]},"properties":{"name":"Power infrastructure","category":"generator","osm_type":"node","osm_id":"8191858903"}},{"type":"Feature","geometry":{"type":"Point","coordinates":[-0.36789,51.50284]},"properties":{"name":"Power infrastructure","category":"generator","osm_type":"node","osm_id":"8191858904"}},{"type":"Feature","geometry":{"type":"Point","coordinates":[-0.36735,51.50104]},"properties":{"name":"Power infrastructure","category":"generator","osm_type":"node","osm_id":"8191858907"}},{"type":"Feature","geometry":{"type":"Point","coordinates":[-0.36809,51.50175]},"properties":{"name":"Power infrastructure","category":"generator","osm_type":"node","osm_id":"8191858908"}},{"type":"Feature","geometry":{"type":"Point","coordinates":[-0.36881,51.50156]},"properties":{"name":"Power infrastructure","category":"generator","osm_type":"node","osm_id":"8191858909"}},{"type":"Feature","geometry":{"type":"Point","coordinates":[-0.36852,51.50273]},"properties":{"name":"Power infrastructure","category":"generator","osm_type":"node","osm_id":"8191858910"}},{"type":"Feature","geometry":{"type":"Point","coordinates":[-0.36739,51.50152]},"properties":{"name":"Power infrastructure","category":"generator","osm_type":"node","osm_id":"8191858911"}},{"type":"Feature","geometry":{"type":"Point","coordinates":[-0.36885,51.50172]},"properties":{"name":"Power infrastructure","category":"generator","osm_type":"node","osm_id":"8191858912"}},{"type":"Feature","geometry":{"type":"Point","coordinates":[-0.36818,51.50245]},"properties":{"name":"Power infrastructure","category":"generator","osm_type":"node","osm_id":"8191858913"}},{"type":"Feature","geometry":{"type":"Point","coordinates":[-0.36764,51.50149]},"properties":{"name":"Power infrastructure","category":"generator","osm_type":"node","osm_id":"8191858914"}},{"type":"Feature","geometry":{"type":"Point","coordinates":[-0.36777,51.5019]},"properties":{"name":"Power infrastructure","category":"generator","osm_type":"node","osm_id":"8191858915"}},{"type":"Feature","geometry":{"type":"Point","coordinates":[-0.36821,51.50242]},"properties":{"name":"Power infrastructure","category":"generator","osm_type":"node","osm_id":"8191858916"}},{"type":"Feature","geometry":{"type":"Point","coordinates":[-0.36936,51.50087]},"properties":{"name":"Power infrastructure","category":"generator","osm_type":"node","osm_id":"8191876317"}},{"type":"Feature","geometry":{"type":"Point","coordinates":[-0.36881,51.50063]},"properties":{"name":"Power infrastructure","category":"generator","osm_type":"node","osm_id":"8191876318"}},{"type":"Feature","geometry":{"type":"Point","coordinates":[-0.36746,51.50124]},"properties":{"name":"Power infrastructure","category":"generator","osm_type":"node","osm_id":"8191876319"}},{"type":"Feature","geometry":{"type":"Point","coordinates":[-0.36753,51.50123]},"properties":{"name":"Power infrastructure","category":"generator","osm_type":"node","osm_id":"8191876320"}},{"type":"Feature","geometry":{"type":"Point","coordinates":[-0.3677,51.5019]},"properties":{"name":"Power infrastructure","category":"generator","osm_type":"node","osm_id":"8191876321"}},{"type":"Feature","geometry":{"type":"Point","coordinates":[-0.3674,51.50254]},"properties":{"name":"Power infrastructure","category":"generator","osm_type":"node","osm_id":"8191876322"}},{"type":"Feature","geometry":{"type":"Point","coordinates":[-0.37315,51.50093]},"properties":{"name":"Power infrastructure","category":"generator","osm_type":"node","osm_id":"8191876323"}},{"type":"Feature","geometry":{"type":"Point","coordinates":[-0.36806,51.50163]},"properties":{"name":"Power infrastructure","category":"generator","osm_type":"node","osm_id":"8191876324"}},{"type":"Feature","geometry":{"type":"Point","coordinates":[-0.36886,51.5018]},"properties":{"name":"Power infrastructure","category":"generator","osm_type":"node","osm_id":"8191876325"}},{"type":"Feature","geometry":{"type":"Point","coordinates":[-0.36812,51.50187]},"properties":{"name":"Power infrastructure","category":"generator","osm_type":"node","osm_id":"8191876326"}},{"type":"Feature","geometry":{"type":"Point","coordinates":[-0.36779,51.50092]},"properties":{"name":"Power infrastructure","category":"generator","osm_type":"node","osm_id":"8191876327"}},{"type":"Feature","geometry":{"type":"Point","coordinates":[-0.36825,51.50213]},"properties":{"name":"Power infrastructure","category":"generator","osm_type":"node","osm_id":"8191876328"}},{"type":"Feature","geometry":{"type":"Point","coordinates":[-0.36798,51.50142]},"properties":{"name":"Power infrastructure","category":"generator","osm_type":"node","osm_id":"8191876329"}},{"type":"Feature","geometry":{"type":"Point","coordinates":[-0.36936,51.50079]},"properties":{"name":"Power infrastructure","category":"generator","osm_type":"node","osm_id":"8191876330"}},{"type":"Feature","geometry":{"type":"Point","coordinates":[-0.36809,51.50251]},"properties":{"name":"Power infrastructure","category":"generator","osm_type":"node","osm_id":"8191876332"}},{"type":"Feature","geometry":{"type":"Point","coordinates":[-0.36828,51.50217]},"properties":{"name":"Power infrastructure","category":"generator","osm_type":"node","osm_id":"8191876333"}},{"type":"Feature","geometry":{"type":"Point","coordinates":[-0.36803,51.50283]},"properties":{"name":"Power infrastructure","category":"generator","osm_type":"node","osm_id":"8191876334"}},{"type":"Feature","geometry":{"type":"Point","coordinates":[-0.36745,51.50151]},"properties":{"name":"Power infrastructure","category":"generator","osm_type":"node","osm_id":"8191876335"}},{"type":"Feature","geometry":{"type":"Point","coordinates":[-0.36752,51.50172]},"properties":{"name":"Power infrastructure","category":"generator","osm_type":"node","osm_id":"8191876337"}},{"type":"Feature","geometry":{"type":"Point","coordinates":[-0.36758,51.50149]},"properties":{"name":"Power infrastructure","category":"generator","osm_type":"node","osm_id":"8191876338"}},{"type":"Feature","geometry":{"type":"Point","coordinates":[-0.36665,51.50097]},"properties":{"name":"Power infrastructure","category":"generator","osm_type":"node","osm_id":"8191876339"}},{"type":"Feature","geometry":{"type":"Point","coordinates":[-0.36895,51.50285]},"properties":{"name":"Power infrastructure","category":"generator","osm_type":"node","osm_id":"8191876340"}},{"type":"Feature","geometry":{"type":"Point","coordinates":[-0.36811,51.50183]},"properties":{"name":"Power infrastructure","category":"generator","osm_type":"node","osm_id":"8191876341"}},{"type":"Feature","geometry":{"type":"Point","coordinates":[-0.36764,51.50285]},"properties":{"name":"Power infrastructure","category":"generator","osm_type":"node","osm_id":"8191876342"}},{"type":"Feature","geometry":{"type":"Point","coordinates":[-0.36765,51.50191]},"properties":{"name":"Power infrastructure","category":"generator","osm_type":"node","osm_id":"8191876343"}},{"type":"Feature","geometry":{"type":"Point","coordinates":[-0.36843,51.5028]},"properties":{"name":"Power infrastructure","category":"generator","osm_type":"node","osm_id":"8191876344"}},{"type":"Feature","geometry":{"type":"Point","coordinates":[-0.36843,51.50229]},"properties":{"name":"Power infrastructure","category":"generator","osm_type":"node","osm_id":"8191876345"}},{"type":"Feature","geometry":{"type":"Point","coordinates":[-0.36759,51.50122]},"properties":{"name":"Power infrastructure","category":"generator","osm_type":"node","osm_id":"8191876346"}},{"type":"Feature","geometry":{"type":"Point","coordinates":[-0.36847,51.50232]},"properties":{"name":"Power infrastructure","category":"generator","osm_type":"node","osm_id":"8191876347"}},{"type":"Feature","geometry":{"type":"Point","coordinates":[-0.36719,51.50262]},"properties":{"name":"Power infrastructure","category":"generator","osm_type":"node","osm_id":"8191876348"}},{"type":"Feature","geometry":{"type":"Point","coordinates":[-0.36882,51.50161]},"properties":{"name":"Power infrastructure","category":"generator","osm_type":"node","osm_id":"8191876349"}},{"type":"Feature","geometry":{"type":"Point","coordinates":[-0.3671,51.50234]},"properties":{"name":"Power infrastructure","category":"generator","osm_type":"node","osm_id":"8191876350"}},{"type":"Feature","geometry":{"type":"Point","coordinates":[-0.36752,51.50254]},"properties":{"name":"Power infrastructure","category":"generator","osm_type":"node","osm_id":"8191876352"}},{"type":"Feature","geometry":{"type":"Point","coordinates":[-0.36729,51.50282]},"properties":{"name":"Power infrastructure","category":"generator","osm_type":"node","osm_id":"8191876354"}},{"type":"Feature","geometry":{"type":"Point","coordinates":[-0.36733,51.501]},"properties":{"name":"Power infrastructure","category":"generator","osm_type":"node","osm_id":"8191876356"}},{"type":"Feature","geometry":{"type":"Point","coordinates":[-0.36894,51.50288]},"properties":{"name":"Power infrastructure","category":"generator","osm_type":"node","osm_id":"8191876357"}},{"type":"Feature","geometry":{"type":"Point","coordinates":[-0.36812,51.50191]},"properties":{"name":"Power infrastructure","category":"generator","osm_type":"node","osm_id":"8191876358"}},{"type":"Feature","geometry":{"type":"Point","coordinates":[-0.36728,51.50079]},"properties":{"name":"Power infrastructure","category":"generator","osm_type":"node","osm_id":"8191876359"}},{"type":"Feature","geometry":{"type":"Point","coordinates":[-0.36736,51.50112]},"properties":{"name":"Power infrastructure","category":"generator","osm_type":"node","osm_id":"8191876360"}},{"type":"Feature","geometry":{"type":"Point","coordinates":[-0.36813,51.50249]},"properties":{"name":"Power infrastructure","category":"generator","osm_type":"node","osm_id":"8191876361"}},{"type":"Feature","geometry":{"type":"Point","coordinates":[-0.36721,51.50266]},"properties":{"name":"Power infrastructure","category":"generator","osm_type":"node","osm_id":"8191876362"}},{"type":"Feature","geometry":{"type":"Point","coordinates":[-0.36759,51.50253]},"properties":{"name":"Power infrastructure","category":"generator","osm_type":"node","osm_id":"8191876363"}},{"type":"Feature","geometry":{"type":"Point","coordinates":[-0.36739,51.50124]},"properties":{"name":"Power infrastructure","category":"generator","osm_type":"node","osm_id":"8191876364"}},{"type":"Feature","geometry":{"type":"Point","coordinates":[-0.3681,51.5018]},"properties":{"name":"Power infrastructure","category":"generator","osm_type":"node","osm_id":"8191876365"}},{"type":"Feature","geometry":{"type":"Point","coordinates":[-0.36753,51.50176]},"properties":{"name":"Power infrastructure","category":"generator","osm_type":"node","osm_id":"8191876366"}},{"type":"Feature","geometry":{"type":"Point","coordinates":[-0.36649,51.50102]},"properties":{"name":"Power infrastructure","category":"generator","osm_type":"node","osm_id":"8191876367"}},{"type":"Feature","geometry":{"type":"Point","coordinates":[-0.36124,51.5018]},"properties":{"name":"Power infrastructure","category":"generator","osm_type":"node","osm_id":"8191876368"}},{"type":"Feature","geometry":{"type":"Point","coordinates":[-0.36764,51.50122]},"properties":{"name":"Power infrastructure","category":"generator","osm_type":"node","osm_id":"8191876369"}},{"type":"Feature","geometry":{"type":"Point","coordinates":[-0.36803,51.50151]},"properties":{"name":"Power infrastructure","category":"generator","osm_type":"node","osm_id":"8191876370"}},{"type":"Feature","geometry":{"type":"Point","coordinates":[-0.36896,51.5028]},"properties":{"name":"Power infrastructure","category":"generator","osm_type":"node","osm_id":"8191876371"}},{"type":"Feature","geometry":{"type":"Point","coordinates":[-0.3671,51.5023]},"properties":{"name":"Power infrastructure","category":"generator","osm_type":"node","osm_id":"8191876372"}},{"type":"Feature","geometry":{"type":"Point","coordinates":[-0.36746,51.50254]},"properties":{"name":"Power infrastructure","category":"generator","osm_type":"node","osm_id":"8191876373"}},{"type":"Feature","geometry":{"type":"Point","coordinates":[-0.36751,51.50168]},"properties":{"name":"Power infrastructure","category":"generator","osm_type":"node","osm_id":"8191876374"}},{"type":"Feature","geometry":{"type":"Point","coordinates":[-0.36873,51.50115]},"properties":{"name":"Power infrastructure","category":"generator","osm_type":"node","osm_id":"8191876375"}},{"type":"Feature","geometry":{"type":"Point","coordinates":[-0.36839,51.50227]},"properties":{"name":"Power infrastructure","category":"generator","osm_type":"node","osm_id":"8191876376"}},{"type":"Feature","geometry":{"type":"Point","coordinates":[-0.36887,51.50184]},"properties":{"name":"Power infrastructure","category":"generator","osm_type":"node","osm_id":"8191876377"}},{"type":"Feature","geometry":{"type":"Point","coordinates":[-0.36785,51.50099]},"properties":{"name":"Power infrastructure","category":"generator","osm_type":"node","osm_id":"8191876378"}},{"type":"Feature","geometry":{"type":"Point","coordinates":[-0.36808,51.50171]},"properties":{"name":"Power infrastructure","category":"generator","osm_type":"node","osm_id":"8191876379"}},{"type":"Feature","geometry":{"type":"Point","coordinates":[-0.36873,51.5012]},"properties":{"name":"Power infrastructure","category":"generator","osm_type":"node","osm_id":"8191876380"}},{"type":"Feature","geometry":{"type":"Point","coordinates":[-0.36757,51.5007]},"properties":{"name":"Power infrastructure","category":"generator","osm_type":"node","osm_id":"8191876381"}},{"type":"Feature","geometry":{"type":"Point","coordinates":[-0.36805,51.50159]},"properties":{"name":"Power infrastructure","category":"generator","osm_type":"node","osm_id":"8191876382"}},{"type":"Feature","geometry":{"type":"Point","coordinates":[-0.36758,51.50191]},"properties":{"name":"Power infrastructure","category":"generator","osm_type":"node","osm_id":"8191876384"}},{"type":"Feature","geometry":{"type":"Point","coordinates":[-0.36936,51.50082]},"properties":{"name":"Power infrastructure","category":"generator","osm_type":"node","osm_id":"8191876385"}},{"type":"Feature","geometry":{"type":"Point","coordinates":[-0.36783,51.50285]},"properties":{"name":"Power infrastructure","category":"generator","osm_type":"node","osm_id":"8191876386"}},{"type":"Feature","geometry":{"type":"Point","coordinates":[-0.36769,51.50081]},"properties":{"name":"Power infrastructure","category":"generator","osm_type":"node","osm_id":"8191876388"}},{"type":"Feature","geometry":{"type":"Point","coordinates":[-0.36937,51.50062]},"properties":{"name":"Power infrastructure","category":"generator","osm_type":"node","osm_id":"8191876389"}},{"type":"Feature","geometry":{"type":"Point","coordinates":[-0.36736,51.50108]},"properties":{"name":"Power infrastructure","category":"generator","osm_type":"node","osm_id":"8191876390"}},{"type":"Feature","geometry":{"type":"Point","coordinates":[-0.36769,51.50285]},"properties":{"name":"Power infrastructure","category":"generator","osm_type":"node","osm_id":"8191876391"}},{"type":"Feature","geometry":{"type":"Point","coordinates":[-0.36786,51.50252]},"properties":{"name":"Power infrastructure","category":"generator","osm_type":"node","osm_id":"8191876392"}},{"type":"Feature","geometry":{"type":"Point","coordinates":[-0.36751,51.50192]},"properties":{"name":"Power infrastructure","category":"generator","osm_type":"node","osm_id":"8191876393"}},{"type":"Feature","geometry":{"type":"Point","coordinates":[-0.36751,51.50286]},"properties":{"name":"Power infrastructure","category":"generator","osm_type":"node","osm_id":"8191876394"}},{"type":"Feature","geometry":{"type":"Point","coordinates":[-0.36883,51.50164]},"properties":{"name":"Power infrastructure","category":"generator","osm_type":"node","osm_id":"8191876396"}},{"type":"Feature","geometry":{"type":"Point","coordinates":[-0.36792,51.50252]},"properties":{"name":"Power infrastructure","category":"generator","osm_type":"node","osm_id":"8191876397"}},{"type":"Feature","geometry":{"type":"Point","coordinates":[-0.36795,51.50119]},"properties":{"name":"Power infrastructure","category":"generator","osm_type":"node","osm_id":"8191876398"}},{"type":"Feature","geometry":{"type":"Point","coordinates":[-0.36809,51.50284]},"properties":{"name":"Power infrastructure","category":"generator","osm_type":"node","osm_id":"8191876399"}},{"type":"Feature","geometry":{"type":"Point","coordinates":[-0.36832,51.50283]},"properties":{"name":"Power infrastructure","category":"generator","osm_type":"node","osm_id":"8191876400"}},{"type":"Feature","geometry":{"type":"Point","coordinates":[-0.36779,51.50252]},"properties":{"name":"Power infrastructure","category":"generator","osm_type":"node","osm_id":"8191876401"}},{"type":"Feature","geometry":{"type":"Point","coordinates":[-0.36076,51.50195]},"properties":{"name":"Power infrastructure","category":"generator","osm_type":"node","osm_id":"8191876402"}},{"type":"Feature","geometry":{"type":"Point","coordinates":[-0.36791,51.50106]},"properties":{"name":"Power infrastructure","category":"generator","osm_type":"node","osm_id":"8191876403"}},{"type":"Feature","geometry":{"type":"Point","coordinates":[-0.36889,51.5004]},"properties":{"name":"Power infrastructure","category":"generator","osm_type":"node","osm_id":"8191876404"}},{"type":"Feature","geometry":{"type":"Point","coordinates":[-0.36671,51.50095]},"properties":{"name":"Power infrastructure","category":"generator","osm_type":"node","osm_id":"8191876405"}},{"type":"Feature","geometry":{"type":"Point","coordinates":[-0.36937,51.50066]},"properties":{"name":"Power infrastructure","category":"generator","osm_type":"node","osm_id":"8191876406"}},{"type":"Feature","geometry":{"type":"Point","coordinates":[-0.36781,51.50096]},"properties":{"name":"Power infrastructure","category":"generator","osm_type":"node","osm_id":"8191876407"}},{"type":"Feature","geometry":{"type":"Point","coordinates":[-0.36884,51.50168]},"properties":{"name":"Power infrastructure","category":"generator","osm_type":"node","osm_id":"8191876408"}},{"type":"Feature","geometry":{"type":"Point","coordinates":[-0.36804,51.50155]},"properties":{"name":"Power infrastructure","category":"generator","osm_type":"node","osm_id":"8191876409"}},{"type":"Feature","geometry":{"type":"Point","coordinates":[-0.36685,51.5009]},"properties":{"name":"Power infrastructure","category":"generator","osm_type":"node","osm_id":"8191876410"}},{"type":"Feature","geometry":{"type":"Point","coordinates":[-0.36877,51.50144]},"properties":{"name":"Power infrastructure","category":"generator","osm_type":"node","osm_id":"8191876411"}},{"type":"Feature","geometry":{"type":"Point","coordinates":[-0.36796,51.50284]},"properties":{"name":"Power infrastructure","category":"generator","osm_type":"node","osm_id":"8191876412"}},{"type":"Feature","geometry":{"type":"Point","coordinates":[-0.36873,51.50125]},"properties":{"name":"Power infrastructure","category":"generator","osm_type":"node","osm_id":"8191876413"}},{"type":"Feature","geometry":{"type":"Point","coordinates":[-0.3682,51.5021]},"properties":{"name":"Power infrastructure","category":"generator","osm_type":"node","osm_id":"8191876414"}},{"type":"Feature","geometry":{"type":"Point","coordinates":[-0.36772,51.50085]},"properties":{"name":"Power infrastructure","category":"generator","osm_type":"node","osm_id":"8191876416"}},{"type":"Feature","geometry":{"type":"Point","coordinates":[-0.36784,51.5019]},"properties":{"name":"Power infrastructure","category":"generator","osm_type":"node","osm_id":"8191876417"}},{"type":"Feature","geometry":{"type":"Point","coordinates":[-0.36775,51.50089]},"properties":{"name":"Power infrastructure","category":"generator","osm_type":"node","osm_id":"8191876418"}},{"type":"Feature","geometry":{"type":"Point","coordinates":[-0.36882,51.50059]},"properties":{"name":"Power infrastructure","category":"generator","osm_type":"node","osm_id":"8191876419"}},{"type":"Feature","geometry":{"type":"Point","coordinates":[-0.36874,51.50129]},"properties":{"name":"Power infrastructure","category":"generator","osm_type":"node","osm_id":"8191876420"}},{"type":"Feature","geometry":{"type":"Point","coordinates":[-0.36732,51.50126]},"properties":{"name":"Power infrastructure","category":"generator","osm_type":"node","osm_id":"8191876421"}},{"type":"Feature","geometry":{"type":"Point","coordinates":[-0.36741,51.50075]},"properties":{"name":"Power infrastructure","category":"generator","osm_type":"node","osm_id":"8191876423"}},{"type":"Feature","geometry":{"type":"Point","coordinates":[-0.36679,51.50093]},"properties":{"name":"Power infrastructure","category":"generator","osm_type":"node","osm_id":"8191876425"}},{"type":"Feature","geometry":{"type":"Point","coordinates":[-0.36875,51.50107]},"properties":{"name":"Power infrastructure","category":"generator","osm_type":"node","osm_id":"8191876426"}},{"type":"Feature","geometry":{"type":"Point","coordinates":[-0.36709,51.50226]},"properties":{"name":"Power infrastructure","category":"generator","osm_type":"node","osm_id":"8191876427"}},{"type":"Feature","geometry":{"type":"Point","coordinates":[-0.36802,51.50147]},"properties":{"name":"Power infrastructure","category":"generator","osm_type":"node","osm_id":"8191876428"}},{"type":"Feature","geometry":{"type":"Point","coordinates":[-0.36715,51.50246]},"properties":{"name":"Power infrastructure","category":"generator","osm_type":"node","osm_id":"8191876429"}},{"type":"Feature","geometry":{"type":"Point","coordinates":[-0.36858,51.50269]},"properties":{"name":"Power infrastructure","category":"generator","osm_type":"node","osm_id":"8191876430"}},{"type":"Feature","geometry":{"type":"Point","coordinates":[-0.37057,51.50176]},"properties":{"name":"Power infrastructure","category":"generator","osm_type":"node","osm_id":"8191876431"}},{"type":"Feature","geometry":{"type":"Point","coordinates":[-0.36793,51.50115]},"properties":{"name":"Power infrastructure","category":"generator","osm_type":"node","osm_id":"8191876432"}},{"type":"Feature","geometry":{"type":"Point","coordinates":[-0.36722,51.50283]},"properties":{"name":"Power infrastructure","category":"generator","osm_type":"node","osm_id":"8191876433"}},{"type":"Feature","geometry":{"type":"Point","coordinates":[-0.36877,51.50074]},"properties":{"name":"Power infrastructure","category":"generator","osm_type":"node","osm_id":"8191876434"}},{"type":"Feature","geometry":{"type":"Point","coordinates":[-0.36773,51.50253]},"properties":{"name":"Power infrastructure","category":"generator","osm_type":"node","osm_id":"8191876435"}},{"type":"Feature","geometry":{"type":"Point","coordinates":[-0.36715,51.50249]},"properties":{"name":"Power infrastructure","category":"generator","osm_type":"node","osm_id":"8191876436"}},{"type":"Feature","geometry":{"type":"Point","coordinates":[-0.3688,51.50067]},"properties":{"name":"Power infrastructure","category":"generator","osm_type":"node","osm_id":"8191876437"}},{"type":"Feature","geometry":{"type":"Point","coordinates":[-0.36823,51.50284]},"properties":{"name":"Power infrastructure","category":"generator","osm_type":"node","osm_id":"8191876438"}},{"type":"Feature","geometry":{"type":"Point","coordinates":[-0.36875,51.50103]},"properties":{"name":"Power infrastructure","category":"generator","osm_type":"node","osm_id":"8191876439"}},{"type":"Feature","geometry":{"type":"Point","coordinates":[-0.36792,51.5011]},"properties":{"name":"Power infrastructure","category":"generator","osm_type":"node","osm_id":"8191876440"}},{"type":"Feature","geometry":{"type":"Point","coordinates":[-0.36795,51.50122]},"properties":{"name":"Power infrastructure","category":"generator","osm_type":"node","osm_id":"8191876441"}},{"type":"Feature","geometry":{"type":"Point","coordinates":[-0.36807,51.50168]},"properties":{"name":"Power infrastructure","category":"generator","osm_type":"node","osm_id":"8191876442"}},{"type":"Feature","geometry":{"type":"Point","coordinates":[-0.36799,51.50251]},"properties":{"name":"Power infrastructure","category":"generator","osm_type":"node","osm_id":"8191876443"}},{"type":"Feature","geometry":{"type":"Point","coordinates":[-0.36875,51.50111]},"properties":{"name":"Power infrastructure","category":"generator","osm_type":"node","osm_id":"8191876444"}},{"type":"Feature","geometry":{"type":"Point","coordinates":[-0.36886,51.50176]},"properties":{"name":"Power infrastructure","category":"generator","osm_type":"node","osm_id":"8191876445"}},{"type":"Feature","geometry":{"type":"Point","coordinates":[-0.36766,51.50253]},"properties":{"name":"Power infrastructure","category":"generator","osm_type":"node","osm_id":"8191876446"}},{"type":"Feature","geometry":{"type":"Point","coordinates":[-0.36718,51.50258]},"properties":{"name":"Power infrastructure","category":"generator","osm_type":"node","osm_id":"8191876447"}},{"type":"Feature","geometry":{"type":"Point","coordinates":[-0.36777,51.50284]},"properties":{"name":"Power infrastructure","category":"generator","osm_type":"node","osm_id":"8191876448"}},{"type":"Feature","geometry":{"type":"Point","coordinates":[-0.36655,51.501]},"properties":{"name":"Power infrastructure","category":"generator","osm_type":"node","osm_id":"8191876449"}},{"type":"Feature","geometry":{"type":"Point","coordinates":[-0.36752,51.5015]},"properties":{"name":"Power infrastructure","category":"generator","osm_type":"node","osm_id":"8191876450"}},{"type":"Feature","geometry":{"type":"Point","coordinates":[-0.36717,51.50254]},"properties":{"name":"Power infrastructure","category":"generator","osm_type":"node","osm_id":"8191876451"}},{"type":"Feature","geometry":{"type":"Point","coordinates":[-0.3612,51.50183]},"properties":{"name":"Power infrastructure","category":"generator","osm_type":"node","osm_id":"8191876452"}},{"type":"Feature","geometry":{"type":"Point","coordinates":[-0.45984,51.74762]},"properties":{"name":"Power infrastructure","category":"generator","osm_type":"node","osm_id":"8191883418"}},{"type":"Feature","geometry":{"type":"Point","coordinates":[-0.39591,51.50117]},"properties":{"name":"Power infrastructure","category":"generator","osm_type":"node","osm_id":"8193135623"}},{"type":"Feature","geometry":{"type":"Point","coordinates":[-0.38433,51.50428]},"properties":{"name":"Power infrastructure","category":"generator","osm_type":"node","osm_id":"8193135624"}},{"type":"Feature","geometry":{"type":"Point","coordinates":[-0.38449,51.50039]},"properties":{"name":"Power infrastructure","category":"generator","osm_type":"node","osm_id":"8193135625"}},{"type":"Feature","geometry":{"type":"Point","coordinates":[-0.36056,51.50783]},"properties":{"name":"Power infrastructure","category":"generator","osm_type":"node","osm_id":"8193135626"}},{"type":"Feature","geometry":{"type":"Point","coordinates":[-0.36051,51.50809]},"properties":{"name":"Power infrastructure","category":"generator","osm_type":"node","osm_id":"8193135628"}},{"type":"Feature","geometry":{"type":"Point","coordinates":[-0.39791,51.50178]},"properties":{"name":"Power infrastructure","category":"generator","osm_type":"node","osm_id":"8193135633"}},{"type":"Feature","geometry":{"type":"Point","coordinates":[-0.36298,51.50631]},"properties":{"name":"Power infrastructure","category":"generator","osm_type":"node","osm_id":"8193135634"}},{"type":"Feature","geometry":{"type":"Point","coordinates":[-0.36315,51.50633]},"properties":{"name":"Power infrastructure","category":"generator","osm_type":"node","osm_id":"8193135635"}},{"type":"Feature","geometry":{"type":"Point","coordinates":[-0.37847,51.504]},"properties":{"name":"Power infrastructure","category":"generator","osm_type":"node","osm_id":"8193135637"}},{"type":"Feature","geometry":{"type":"Point","coordinates":[-0.37847,51.50413]},"properties":{"name":"Power infrastructure","category":"generator","osm_type":"node","osm_id":"8193135638"}},{"type":"Feature","geometry":{"type":"Point","coordinates":[-0.37899,51.504]},"properties":{"name":"Power infrastructure","category":"generator","osm_type":"node","osm_id":"8193135639"}},{"type":"Feature","geometry":{"type":"Point","coordinates":[-0.37847,51.50407]},"properties":{"name":"Power infrastructure","category":"generator","osm_type":"node","osm_id":"8193135640"}},{"type":"Feature","geometry":{"type":"Point","coordinates":[-0.379,51.50404]},"properties":{"name":"Power infrastructure","category":"generator","osm_type":"node","osm_id":"8193135642"}},{"type":"Feature","geometry":{"type":"Point","coordinates":[-0.379,51.50416]},"properties":{"name":"Power infrastructure","category":"generator","osm_type":"node","osm_id":"8193135643"}},{"type":"Feature","geometry":{"type":"Point","coordinates":[-0.37892,51.50425]},"properties":{"name":"Power infrastructure","category":"generator","osm_type":"node","osm_id":"8193135644"}},{"type":"Feature","geometry":{"type":"Point","coordinates":[-0.37864,51.50426]},"properties":{"name":"Power infrastructure","category":"generator","osm_type":"node","osm_id":"8193135645"}},{"type":"Feature","geometry":{"type":"Point","coordinates":[-0.37848,51.50417]},"properties":{"name":"Power infrastructure","category":"generator","osm_type":"node","osm_id":"8193135650"}},{"type":"Feature","geometry":{"type":"Point","coordinates":[-0.37884,51.50425]},"properties":{"name":"Power infrastructure","category":"generator","osm_type":"node","osm_id":"8193135653"}},{"type":"Feature","geometry":{"type":"Point","coordinates":[-0.37873,51.50425]},"properties":{"name":"Power infrastructure","category":"generator","osm_type":"node","osm_id":"8193135656"}},{"type":"Feature","geometry":{"type":"Point","coordinates":[-0.379,51.50412]},"properties":{"name":"Power infrastructure","category":"generator","osm_type":"node","osm_id":"8193135657"}},{"type":"Feature","geometry":{"type":"Point","coordinates":[-0.36062,51.50756]},"properties":{"name":"Power infrastructure","category":"generator","osm_type":"node","osm_id":"8193135658"}},{"type":"Feature","geometry":{"type":"Point","coordinates":[-0.45747,51.75055]},"properties":{"name":"Power infrastructure","category":"generator","osm_type":"node","osm_id":"8193913497"}},{"type":"Feature","geometry":{"type":"Point","coordinates":[-0.4576,51.75053]},"properties":{"name":"Power infrastructure","category":"generator","osm_type":"node","osm_id":"8193913498"}},{"type":"Feature","geometry":{"type":"Point","coordinates":[-0.45812,51.75048]},"properties":{"name":"Power infrastructure","category":"generator","osm_type":"node","osm_id":"8193913499"}},{"type":"Feature","geometry":{"type":"Point","coordinates":[-0.45813,51.75053]},"properties":{"name":"Power infrastructure","category":"generator","osm_type":"node","osm_id":"8193913500"}},{"type":"Feature","geometry":{"type":"Point","coordinates":[-0.45242,51.75117]},"properties":{"name":"Power infrastructure","category":"generator","osm_type":"node","osm_id":"8193913501"}},{"type":"Feature","geometry":{"type":"Point","coordinates":[-0.45128,51.75148]},"properties":{"name":"Power infrastructure","category":"generator","osm_type":"node","osm_id":"8193913508"}},{"type":"Feature","geometry":{"type":"Point","coordinates":[-0.45158,51.75117]},"properties":{"name":"Power infrastructure","category":"generator","osm_type":"node","osm_id":"8193913509"}},{"type":"Feature","geometry":{"type":"Point","coordinates":[-0.44621,51.75173]},"properties":{"name":"Power infrastructure","category":"generator","osm_type":"node","osm_id":"8194044927"}},{"type":"Feature","geometry":{"type":"Point","coordinates":[-0.44627,51.75178]},"properties":{"name":"Power infrastructure","category":"generator","osm_type":"node","osm_id":"8194044928"}},{"type":"Feature","geometry":{"type":"Point","coordinates":[-0.45215,51.75298]},"properties":{"name":"Power infrastructure","category":"generator","osm_type":"node","osm_id":"8194044938"}},{"type":"Feature","geometry":{"type":"Point","coordinates":[-0.4536,51.75375]},"properties":{"name":"Power infrastructure","category":"generator","osm_type":"node","osm_id":"8194044939"}},{"type":"Feature","geometry":{"type":"Point","coordinates":[-0.45498,51.75445]},"properties":{"name":"Power infrastructure","category":"generator","osm_type":"node","osm_id":"8194044966"}},{"type":"Feature","geometry":{"type":"Point","coordinates":[-0.45561,51.7546]},"properties":{"name":"Power infrastructure","category":"generator","osm_type":"node","osm_id":"8194044967"}},{"type":"Feature","geometry":{"type":"Point","coordinates":[-0.45549,51.75457]},"properties":{"name":"Power infrastructure","category":"generator","osm_type":"node","osm_id":"8194044968"}},{"type":"Feature","geometry":{"type":"Point","coordinates":[-0.45537,51.75455]},"properties":{"name":"Power infrastructure","category":"generator","osm_type":"node","osm_id":"8194044969"}},{"type":"Feature","geometry":{"type":"Point","coordinates":[-0.45659,51.75484]},"properties":{"name":"Power infrastructure","category":"generator","osm_type":"node","osm_id":"8194044970"}},{"type":"Feature","geometry":{"type":"Point","coordinates":[-0.45637,51.75478]},"properties":{"name":"Power infrastructure","category":"generator","osm_type":"node","osm_id":"8194044971"}},{"type":"Feature","geometry":{"type":"Point","coordinates":[-0.45596,51.75426]},"properties":{"name":"Power infrastructure","category":"generator","osm_type":"node","osm_id":"8194044972"}},{"type":"Feature","geometry":{"type":"Point","coordinates":[-0.45068,51.75159]},"properties":{"name":"Power infrastructure","category":"generator","osm_type":"node","osm_id":"8194044991"}},{"type":"Feature","geometry":{"type":"Point","coordinates":[-0.46356,51.75169]},"properties":{"name":"Power infrastructure","category":"generator","osm_type":"node","osm_id":"8194434761"}},{"type":"Feature","geometry":{"type":"Point","coordinates":[-0.45693,51.75174]},"properties":{"name":"Power infrastructure","category":"generator","osm_type":"node","osm_id":"8194434772"}},{"type":"Feature","geometry":{"type":"Point","coordinates":[-0.34988,51.55342]},"properties":{"name":"Power infrastructure","category":"generator","osm_type":"node","osm_id":"8194487576"}},{"type":"Feature","geometry":{"type":"Point","coordinates":[-0.33296,51.55587]},"properties":{"name":"Power infrastructure","category":"generator","osm_type":"node","osm_id":"8194487577"}},{"type":"Feature","geometry":{"type":"Point","coordinates":[-0.33111,51.55564]},"properties":{"name":"Power infrastructure","category":"generator","osm_type":"node","osm_id":"8194487578"}},{"type":"Feature","geometry":{"type":"Point","coordinates":[-0.3348,51.55204]},"properties":{"name":"Power infrastructure","category":"generator","osm_type":"node","osm_id":"8194487579"}},{"type":"Feature","geometry":{"type":"Point","coordinates":[-0.34897,51.55519]},"properties":{"name":"Power infrastructure","category":"generator","osm_type":"node","osm_id":"8194487580"}},{"type":"Feature","geometry":{"type":"Point","coordinates":[-0.34844,51.5555]},"properties":{"name":"Power infrastructure","category":"generator","osm_type":"node","osm_id":"8194487581"}},{"type":"Feature","geometry":{"type":"Point","coordinates":[-0.3474,51.55562]},"properties":{"name":"Power infrastructure","category":"generator","osm_type":"node","osm_id":"8194487582"}},{"type":"Feature","geometry":{"type":"Point","coordinates":[-0.34961,51.55347]},"properties":{"name":"Power infrastructure","category":"generator","osm_type":"node","osm_id":"8194487583"}},{"type":"Feature","geometry":{"type":"Point","coordinates":[-0.3341,51.55574]},"properties":{"name":"Power infrastructure","category":"generator","osm_type":"node","osm_id":"8194487584"}},{"type":"Feature","geometry":{"type":"Point","coordinates":[-0.33301,51.55322]},"properties":{"name":"Power infrastructure","category":"generator","osm_type":"node","osm_id":"8194487585"}},{"type":"Feature","geometry":{"type":"Point","coordinates":[-0.33161,51.55572]},"properties":{"name":"Power infrastructure","category":"generator","osm_type":"node","osm_id":"8194487586"}},{"type":"Feature","geometry":{"type":"Point","coordinates":[-0.32421,51.55512]},"properties":{"name":"Power infrastructure","category":"generator","osm_type":"node","osm_id":"8194487587"}},{"type":"Feature","geometry":{"type":"Point","coordinates":[-0.33214,51.55083]},"properties":{"name":"Power infrastructure","category":"generator","osm_type":"node","osm_id":"8194487588"}},{"type":"Feature","geometry":{"type":"Point","coordinates":[-0.33119,51.55566]},"properties":{"name":"Power infrastructure","category":"generator","osm_type":"node","osm_id":"8194487589"}},{"type":"Feature","geometry":{"type":"Point","coordinates":[-0.33425,51.55733]},"properties":{"name":"Power infrastructure","category":"generator","osm_type":"node","osm_id":"8194487590"}},{"type":"Feature","geometry":{"type":"Point","coordinates":[-0.33186,51.55101]},"properties":{"name":"Power infrastructure","category":"generator","osm_type":"node","osm_id":"8194487591"}},{"type":"Feature","geometry":{"type":"Point","coordinates":[-0.33144,51.5557]},"properties":{"name":"Power infrastructure","category":"generator","osm_type":"node","osm_id":"8194487592"}},{"type":"Feature","geometry":{"type":"Point","coordinates":[-0.33626,51.54919]},"properties":{"name":"Power infrastructure","category":"generator","osm_type":"node","osm_id":"8194487594"}},{"type":"Feature","geometry":{"type":"Point","coordinates":[-0.33153,51.55571]},"properties":{"name":"Power infrastructure","category":"generator","osm_type":"node","osm_id":"8194487595"}},{"type":"Feature","geometry":{"type":"Point","coordinates":[-0.35148,51.55631]},"properties":{"name":"Power infrastructure","category":"generator","osm_type":"node","osm_id":"8194487596"}},{"type":"Feature","geometry":{"type":"Point","coordinates":[-0.34695,51.55526]},"properties":{"name":"Power infrastructure","category":"generator","osm_type":"node","osm_id":"8194487597"}},{"type":"Feature","geometry":{"type":"Point","coordinates":[-0.33136,51.55569]},"properties":{"name":"Power infrastructure","category":"generator","osm_type":"node","osm_id":"8194487598"}},{"type":"Feature","geometry":{"type":"Point","coordinates":[-0.34527,51.55427]},"properties":{"name":"Power infrastructure","category":"generator","osm_type":"node","osm_id":"8194487599"}},{"type":"Feature","geometry":{"type":"Point","coordinates":[-0.3298,51.55538]},"properties":{"name":"Power infrastructure","category":"generator","osm_type":"node","osm_id":"8194487600"}},{"type":"Feature","geometry":{"type":"Point","coordinates":[-0.3322,51.55083]},"properties":{"name":"Power infrastructure","category":"generator","osm_type":"node","osm_id":"8194487601"}},{"type":"Feature","geometry":{"type":"Point","coordinates":[-0.3325,51.55577]},"properties":{"name":"Power infrastructure","category":"generator","osm_type":"node","osm_id":"8194487602"}},{"type":"Feature","geometry":{"type":"Point","coordinates":[-0.33128,51.55568]},"properties":{"name":"Power infrastructure","category":"generator","osm_type":"node","osm_id":"8194487603"}},{"type":"Feature","geometry":{"type":"Point","coordinates":[-0.33114,51.54985]},"properties":{"name":"Power infrastructure","category":"generator","osm_type":"node","osm_id":"8194487604"}},{"type":"Feature","geometry":{"type":"Point","coordinates":[-0.35632,51.55512]},"properties":{"name":"Power infrastructure","category":"generator","osm_type":"node","osm_id":"8194487605"}},{"type":"Feature","geometry":{"type":"Point","coordinates":[-0.34722,51.55409]},"properties":{"name":"Power infrastructure","category":"generator","osm_type":"node","osm_id":"8194487606"}},{"type":"Feature","geometry":{"type":"Point","coordinates":[-0.33058,51.55102]},"properties":{"name":"Power infrastructure","category":"generator","osm_type":"node","osm_id":"8194487607"}},{"type":"Feature","geometry":{"type":"Point","coordinates":[-0.33103,51.55562]},"properties":{"name":"Power infrastructure","category":"generator","osm_type":"node","osm_id":"8194487608"}},{"type":"Feature","geometry":{"type":"Point","coordinates":[-0.34648,51.55509]},"properties":{"name":"Power infrastructure","category":"generator","osm_type":"node","osm_id":"8194487610"}},{"type":"Feature","geometry":{"type":"Point","coordinates":[-0.33211,51.55573]},"properties":{"name":"Power infrastructure","category":"generator","osm_type":"node","osm_id":"8194487611"}},{"type":"Feature","geometry":{"type":"Point","coordinates":[-0.33116,51.54992]},"properties":{"name":"Power infrastructure","category":"generator","osm_type":"node","osm_id":"8194487612"}},{"type":"Feature","geometry":{"type":"Point","coordinates":[-0.34708,51.55464]},"properties":{"name":"Power infrastructure","category":"generator","osm_type":"node","osm_id":"8194487613"}},{"type":"Feature","geometry":{"type":"Point","coordinates":[-0.34689,51.55525]},"properties":{"name":"Power infrastructure","category":"generator","osm_type":"node","osm_id":"8194487614"}},{"type":"Feature","geometry":{"type":"Point","coordinates":[-0.34775,51.55629]},"properties":{"name":"Power infrastructure","category":"generator","osm_type":"node","osm_id":"8194487615"}},{"type":"Feature","geometry":{"type":"Point","coordinates":[-0.33065,51.55096]},"properties":{"name":"Power infrastructure","category":"generator","osm_type":"node","osm_id":"8194487616"}},{"type":"Feature","geometry":{"type":"Point","coordinates":[-0.3332,51.55591]},"properties":{"name":"Power infrastructure","category":"generator","osm_type":"node","osm_id":"8194504517"}},{"type":"Feature","geometry":{"type":"Point","coordinates":[-0.3473,51.55651]},"properties":{"name":"Power infrastructure","category":"generator","osm_type":"node","osm_id":"8194504518"}},{"type":"Feature","geometry":{"type":"Point","coordinates":[-0.34923,51.55348]},"properties":{"name":"Power infrastructure","category":"generator","osm_type":"node","osm_id":"8194504519"}},{"type":"Feature","geometry":{"type":"Point","coordinates":[-0.34907,51.55346]},"properties":{"name":"Power infrastructure","category":"generator","osm_type":"node","osm_id":"8194504520"}},{"type":"Feature","geometry":{"type":"Point","coordinates":[-0.32854,51.55083]},"properties":{"name":"Power infrastructure","category":"generator","osm_type":"node","osm_id":"8194504521"}},{"type":"Feature","geometry":{"type":"Point","coordinates":[-0.34976,51.55438]},"properties":{"name":"Power infrastructure","category":"generator","osm_type":"node","osm_id":"8194504522"}},{"type":"Feature","geometry":{"type":"Point","coordinates":[-0.33141,51.55019]},"properties":{"name":"Power infrastructure","category":"generator","osm_type":"node","osm_id":"8194504523"}},{"type":"Feature","geometry":{"type":"Point","coordinates":[-0.3474,51.55424]},"properties":{"name":"Power infrastructure","category":"generator","osm_type":"node","osm_id":"8194504524"}},{"type":"Feature","geometry":{"type":"Point","coordinates":[-0.34663,51.55485]},"properties":{"name":"Power infrastructure","category":"generator","osm_type":"node","osm_id":"8194504525"}},{"type":"Feature","geometry":{"type":"Point","coordinates":[-0.34829,51.55601]},"properties":{"name":"Power infrastructure","category":"generator","osm_type":"node","osm_id":"8194504526"}},{"type":"Feature","geometry":{"type":"Point","coordinates":[-0.33188,51.55571]},"properties":{"name":"Power infrastructure","category":"generator","osm_type":"node","osm_id":"8194504527"}},{"type":"Feature","geometry":{"type":"Point","coordinates":[-0.34483,51.55429]},"properties":{"name":"Power infrastructure","category":"generator","osm_type":"node","osm_id":"8194504528"}},{"type":"Feature","geometry":{"type":"Point","coordinates":[-0.33511,51.55041]},"properties":{"name":"Power infrastructure","category":"generator","osm_type":"node","osm_id":"8194504529"}},{"type":"Feature","geometry":{"type":"Point","coordinates":[-0.34799,51.55492]},"properties":{"name":"Power infrastructure","category":"generator","osm_type":"node","osm_id":"8194504530"}},{"type":"Feature","geometry":{"type":"Point","coordinates":[-0.34656,51.55621]},"properties":{"name":"Power infrastructure","category":"generator","osm_type":"node","osm_id":"8194504531"}},{"type":"Feature","geometry":{"type":"Point","coordinates":[-0.3465,51.55505]},"properties":{"name":"Power infrastructure","category":"generator","osm_type":"node","osm_id":"8194504532"}},{"type":"Feature","geometry":{"type":"Point","coordinates":[-0.34596,51.55316]},"properties":{"name":"Power infrastructure","category":"generator","osm_type":"node","osm_id":"8194504533"}},{"type":"Feature","geometry":{"type":"Point","coordinates":[-0.34856,51.55493]},"properties":{"name":"Power infrastructure","category":"generator","osm_type":"node","osm_id":"8194504534"}},{"type":"Feature","geometry":{"type":"Point","coordinates":[-0.34726,51.55438]},"properties":{"name":"Power infrastructure","category":"generator","osm_type":"node","osm_id":"8194504535"}},{"type":"Feature","geometry":{"type":"Point","coordinates":[-0.34525,51.55414]},"properties":{"name":"Power infrastructure","category":"generator","osm_type":"node","osm_id":"8194504536"}},{"type":"Feature","geometry":{"type":"Point","coordinates":[-0.34604,51.55367]},"properties":{"name":"Power infrastructure","category":"generator","osm_type":"node","osm_id":"8194504537"}},{"type":"Feature","geometry":{"type":"Point","coordinates":[-0.33228,51.55575]},"properties":{"name":"Power infrastructure","category":"generator","osm_type":"node","osm_id":"8194504538"}},{"type":"Feature","geometry":{"type":"Point","coordinates":[-0.33056,51.551]},"properties":{"name":"Power infrastructure","category":"generator","osm_type":"node","osm_id":"8194504539"}},{"type":"Feature","geometry":{"type":"Point","coordinates":[-0.33278,51.55588]},"properties":{"name":"Power infrastructure","category":"generator","osm_type":"node","osm_id":"8194504540"}},{"type":"Feature","geometry":{"type":"Point","coordinates":[-0.33644,51.54935]},"properties":{"name":"Power infrastructure","category":"generator","osm_type":"node","osm_id":"8194504541"}},{"type":"Feature","geometry":{"type":"Point","coordinates":[-0.34645,51.55653]},"properties":{"name":"Power infrastructure","category":"generator","osm_type":"node","osm_id":"8194504542"}},{"type":"Feature","geometry":{"type":"Point","coordinates":[-0.34623,51.55439]},"properties":{"name":"Power infrastructure","category":"generator","osm_type":"node","osm_id":"8194504543"}},{"type":"Feature","geometry":{"type":"Point","coordinates":[-0.33176,51.55101]},"properties":{"name":"Power infrastructure","category":"generator","osm_type":"node","osm_id":"8194504544"}},{"type":"Feature","geometry":{"type":"Point","coordinates":[-0.32812,51.55091]},"properties":{"name":"Power infrastructure","category":"generator","osm_type":"node","osm_id":"8194504545"}},{"type":"Feature","geometry":{"type":"Point","coordinates":[-0.3488,51.55573]},"properties":{"name":"Power infrastructure","category":"generator","osm_type":"node","osm_id":"8194504546"}},{"type":"Feature","geometry":{"type":"Point","coordinates":[-0.33695,51.54968]},"properties":{"name":"Power infrastructure","category":"generator","osm_type":"node","osm_id":"8194504547"}},{"type":"Feature","geometry":{"type":"Point","coordinates":[-0.34632,51.55537]},"properties":{"name":"Power infrastructure","category":"generator","osm_type":"node","osm_id":"8194504548"}},{"type":"Feature","geometry":{"type":"Point","coordinates":[-0.33315,51.55601]},"properties":{"name":"Power infrastructure","category":"generator","osm_type":"node","osm_id":"8194504549"}},{"type":"Feature","geometry":{"type":"Point","coordinates":[-0.34445,51.55331]},"properties":{"name":"Power infrastructure","category":"generator","osm_type":"node","osm_id":"8194504550"}},{"type":"Feature","geometry":{"type":"Point","coordinates":[-0.33427,51.55729]},"properties":{"name":"Power infrastructure","category":"generator","osm_type":"node","osm_id":"8194504551"}},{"type":"Feature","geometry":{"type":"Point","coordinates":[-0.33813,51.55157]},"properties":{"name":"Power infrastructure","category":"generator","osm_type":"node","osm_id":"8194504552"}},{"type":"Feature","geometry":{"type":"Point","coordinates":[-0.33289,51.55582]},"properties":{"name":"Power infrastructure","category":"generator","osm_type":"node","osm_id":"8194504553"}},{"type":"Feature","geometry":{"type":"Point","coordinates":[-0.46037,51.7557]},"properties":{"name":"Power infrastructure","category":"generator","osm_type":"node","osm_id":"8194525014"}},{"type":"Feature","geometry":{"type":"Point","coordinates":[-0.46036,51.75573]},"properties":{"name":"Power infrastructure","category":"generator","osm_type":"node","osm_id":"8194525015"}},{"type":"Feature","geometry":{"type":"Point","coordinates":[-0.46022,51.75565]},"properties":{"name":"Power infrastructure","category":"generator","osm_type":"node","osm_id":"8194525016"}},{"type":"Feature","geometry":{"type":"Point","coordinates":[-0.44263,51.75169]},"properties":{"name":"Power infrastructure","category":"generator","osm_type":"node","osm_id":"8194526695"}},{"type":"Feature","geometry":{"type":"Point","coordinates":[-0.44167,51.75497]},"properties":{"name":"Power infrastructure","category":"generator","osm_type":"node","osm_id":"8194526696"}},{"type":"Feature","geometry":{"type":"Point","coordinates":[-0.45965,51.75554]},"properties":{"name":"Power infrastructure","category":"generator","osm_type":"node","osm_id":"8194527217"}},{"type":"Feature","geometry":{"type":"Point","coordinates":[-0.45852,51.75547]},"properties":{"name":"Power infrastructure","category":"generator","osm_type":"node","osm_id":"8194527218"}},{"type":"Feature","geometry":{"type":"Point","coordinates":[-0.45932,51.75643]},"properties":{"name":"Power infrastructure","category":"generator","osm_type":"node","osm_id":"8194527219"}},{"type":"Feature","geometry":{"type":"Point","coordinates":[-0.4578,51.75902]},"properties":{"name":"Power infrastructure","category":"generator","osm_type":"node","osm_id":"8194527228"}},{"type":"Feature","geometry":{"type":"Point","coordinates":[-0.45543,51.75694]},"properties":{"name":"Power infrastructure","category":"generator","osm_type":"node","osm_id":"8194527232"}},{"type":"Feature","geometry":{"type":"Point","coordinates":[-0.44285,51.75268]},"properties":{"name":"Power infrastructure","category":"generator","osm_type":"node","osm_id":"8194603242"}},{"type":"Feature","geometry":{"type":"Point","coordinates":[-0.4429,51.75265]},"properties":{"name":"Power infrastructure","category":"generator","osm_type":"node","osm_id":"8194603243"}},{"type":"Feature","geometry":{"type":"Point","coordinates":[-0.44064,51.75255]},"properties":{"name":"Power infrastructure","category":"generator","osm_type":"node","osm_id":"8194603244"}},{"type":"Feature","geometry":{"type":"Point","coordinates":[-0.35034,51.55229]},"properties":{"name":"Power infrastructure","category":"generator","osm_type":"node","osm_id":"8194722458"}},{"type":"Feature","geometry":{"type":"Point","coordinates":[-0.35007,51.55233]},"properties":{"name":"Power infrastructure","category":"generator","osm_type":"node","osm_id":"8194722459"}},{"type":"Feature","geometry":{"type":"Point","coordinates":[-0.35386,51.55092]},"properties":{"name":"Power infrastructure","category":"generator","osm_type":"node","osm_id":"8194722460"}},{"type":"Feature","geometry":{"type":"Point","coordinates":[-0.35561,51.54792]},"properties":{"name":"Power infrastructure","category":"generator","osm_type":"node","osm_id":"8194722461"}},{"type":"Feature","geometry":{"type":"Point","coordinates":[-0.3563,51.55001]},"properties":{"name":"Power infrastructure","category":"generator","osm_type":"node","osm_id":"8194722462"}},{"type":"Feature","geometry":{"type":"Point","coordinates":[-0.34986,51.55228]},"properties":{"name":"Power infrastructure","category":"generator","osm_type":"node","osm_id":"8194722463"}},{"type":"Feature","geometry":{"type":"Point","coordinates":[-0.35525,51.55217]},"properties":{"name":"Power infrastructure","category":"generator","osm_type":"node","osm_id":"8194722464"}},{"type":"Feature","geometry":{"type":"Point","coordinates":[-0.34998,51.5523]},"properties":{"name":"Power infrastructure","category":"generator","osm_type":"node","osm_id":"8194722465"}},{"type":"Feature","geometry":{"type":"Point","coordinates":[-0.3539,51.55092]},"properties":{"name":"Power infrastructure","category":"generator","osm_type":"node","osm_id":"8194722466"}},{"type":"Feature","geometry":{"type":"Point","coordinates":[-0.35503,51.54887]},"properties":{"name":"Power infrastructure","category":"generator","osm_type":"node","osm_id":"8194722467"}},{"type":"Feature","geometry":{"type":"Point","coordinates":[-0.34992,51.55233]},"properties":{"name":"Power infrastructure","category":"generator","osm_type":"node","osm_id":"8194722468"}},{"type":"Feature","geometry":{"type":"Point","coordinates":[-0.35023,51.55232]},"properties":{"name":"Power infrastructure","category":"generator","osm_type":"node","osm_id":"8194722469"}},{"type":"Feature","geometry":{"type":"Point","coordinates":[-0.3554,51.55287]},"properties":{"name":"Power infrastructure","category":"generator","osm_type":"node","osm_id":"8194722470"}},{"type":"Feature","geometry":{"type":"Point","coordinates":[-0.35361,51.547]},"properties":{"name":"Power infrastructure","category":"generator","osm_type":"node","osm_id":"8194722471"}},{"type":"Feature","geometry":{"type":"Point","coordinates":[-0.35374,51.54692]},"properties":{"name":"Power infrastructure","category":"generator","osm_type":"node","osm_id":"8194722472"}},{"type":"Feature","geometry":{"type":"Point","coordinates":[-0.35508,51.55166]},"properties":{"name":"Power infrastructure","category":"generator","osm_type":"node","osm_id":"8194722473"}},{"type":"Feature","geometry":{"type":"Point","coordinates":[-0.35831,51.55003]},"properties":{"name":"Power infrastructure","category":"generator","osm_type":"node","osm_id":"8194722474"}},{"type":"Feature","geometry":{"type":"Point","coordinates":[-0.35588,51.55182]},"properties":{"name":"Power infrastructure","category":"generator","osm_type":"node","osm_id":"8194722475"}},{"type":"Feature","geometry":{"type":"Point","coordinates":[-0.35347,51.54705]},"properties":{"name":"Power infrastructure","category":"generator","osm_type":"node","osm_id":"8194722476"}},{"type":"Feature","geometry":{"type":"Point","coordinates":[-0.35576,51.54908]},"properties":{"name":"Power infrastructure","category":"generator","osm_type":"node","osm_id":"8194722477"}},{"type":"Feature","geometry":{"type":"Point","coordinates":[-0.35368,51.54696]},"properties":{"name":"Power infrastructure","category":"generator","osm_type":"node","osm_id":"8194722478"}},{"type":"Feature","geometry":{"type":"Point","coordinates":[-0.35529,51.55238]},"properties":{"name":"Power infrastructure","category":"generator","osm_type":"node","osm_id":"8194722479"}},{"type":"Feature","geometry":{"type":"Point","coordinates":[-0.35906,51.55099]},"properties":{"name":"Power infrastructure","category":"generator","osm_type":"node","osm_id":"8194722480"}},{"type":"Feature","geometry":{"type":"Point","coordinates":[-0.35515,51.55243]},"properties":{"name":"Power infrastructure","category":"generator","osm_type":"node","osm_id":"8194722481"}},{"type":"Feature","geometry":{"type":"Point","coordinates":[-0.34824,51.55124]},"properties":{"name":"Power infrastructure","category":"generator","osm_type":"node","osm_id":"8194722482"}},{"type":"Feature","geometry":{"type":"Point","coordinates":[-0.35468,51.54988]},"properties":{"name":"Power infrastructure","category":"generator","osm_type":"node","osm_id":"8194722483"}},{"type":"Feature","geometry":{"type":"Point","coordinates":[-0.35355,51.54703]},"properties":{"name":"Power infrastructure","category":"generator","osm_type":"node","osm_id":"8194722484"}},{"type":"Feature","geometry":{"type":"Point","coordinates":[-0.3502,51.55237]},"properties":{"name":"Power infrastructure","category":"generator","osm_type":"node","osm_id":"8194722485"}},{"type":"Feature","geometry":{"type":"Point","coordinates":[-0.35924,51.55188]},"properties":{"name":"Power infrastructure","category":"generator","osm_type":"node","osm_id":"8194722486"}},{"type":"Feature","geometry":{"type":"Point","coordinates":[-0.35894,51.55033]},"properties":{"name":"Power infrastructure","category":"generator","osm_type":"node","osm_id":"8194722487"}},{"type":"Feature","geometry":{"type":"Point","coordinates":[-0.44282,51.75525]},"properties":{"name":"Power infrastructure","category":"generator","osm_type":"node","osm_id":"8194765964"}},{"type":"Feature","geometry":{"type":"Point","coordinates":[-0.44327,51.75563]},"properties":{"name":"Power infrastructure","category":"generator","osm_type":"node","osm_id":"8194765965"}},{"type":"Feature","geometry":{"type":"Point","coordinates":[-0.44323,51.75561]},"properties":{"name":"Power infrastructure","category":"generator","osm_type":"node","osm_id":"8194765966"}},{"type":"Feature","geometry":{"type":"Point","coordinates":[-0.44444,51.75823]},"properties":{"name":"Power infrastructure","category":"generator","osm_type":"node","osm_id":"8194893209"}},{"type":"Feature","geometry":{"type":"Point","coordinates":[-0.44462,51.75929]},"properties":{"name":"Power infrastructure","category":"generator","osm_type":"node","osm_id":"8194896322"}},{"type":"Feature","geometry":{"type":"Point","coordinates":[-0.44475,51.75958]},"properties":{"name":"Power infrastructure","category":"generator","osm_type":"node","osm_id":"8194896323"}},{"type":"Feature","geometry":{"type":"Point","coordinates":[-0.4493,51.76015]},"properties":{"name":"Power infrastructure","category":"generator","osm_type":"node","osm_id":"8194896330"}},{"type":"Feature","geometry":{"type":"Point","coordinates":[-0.44848,51.76026]},"properties":{"name":"Power infrastructure","category":"generator","osm_type":"node","osm_id":"8194896331"}},{"type":"Feature","geometry":{"type":"Point","coordinates":[-0.45367,51.75992]},"properties":{"name":"Power infrastructure","category":"generator","osm_type":"node","osm_id":"8194896345"}},{"type":"Feature","geometry":{"type":"Point","coordinates":[-0.45429,51.75989]},"properties":{"name":"Power infrastructure","category":"generator","osm_type":"node","osm_id":"8194896346"}},{"type":"Feature","geometry":{"type":"Point","coordinates":[-0.45762,51.76333]},"properties":{"name":"Power infrastructure","category":"generator","osm_type":"node","osm_id":"8194896442"}},{"type":"Feature","geometry":{"type":"Point","coordinates":[-0.45399,51.76598]},"properties":{"name":"Power infrastructure","category":"generator","osm_type":"node","osm_id":"8194976376"}},{"type":"Feature","geometry":{"type":"Point","coordinates":[-0.33027,51.50203]},"properties":{"name":"Power infrastructure","category":"generator","osm_type":"node","osm_id":"8194998366"}},{"type":"Feature","geometry":{"type":"Point","coordinates":[-0.32094,51.50854]},"properties":{"name":"Power infrastructure","category":"generator","osm_type":"node","osm_id":"8194998367"}},{"type":"Feature","geometry":{"type":"Point","coordinates":[-0.32606,51.50833]},"properties":{"name":"Power infrastructure","category":"generator","osm_type":"node","osm_id":"8194998368"}},{"type":"Feature","geometry":{"type":"Point","coordinates":[-0.32107,51.50885]},"properties":{"name":"Power infrastructure","category":"generator","osm_type":"node","osm_id":"8194998369"}},{"type":"Feature","geometry":{"type":"Point","coordinates":[-0.33448,51.50221]},"properties":{"name":"Power infrastructure","category":"generator","osm_type":"node","osm_id":"8194998370"}},{"type":"Feature","geometry":{"type":"Point","coordinates":[-0.34298,51.50557]},"properties":{"name":"Power infrastructure","category":"generator","osm_type":"node","osm_id":"8194998371"}},{"type":"Feature","geometry":{"type":"Point","coordinates":[-0.32056,51.50877]},"properties":{"name":"Power infrastructure","category":"generator","osm_type":"node","osm_id":"8194998372"}},{"type":"Feature","geometry":{"type":"Point","coordinates":[-0.31298,51.50769]},"properties":{"name":"Power infrastructure","category":"generator","osm_type":"node","osm_id":"8194998373"}},{"type":"Feature","geometry":{"type":"Point","coordinates":[-0.32121,51.50904]},"properties":{"name":"Power infrastructure","category":"generator","osm_type":"node","osm_id":"8194998374"}},{"type":"Feature","geometry":{"type":"Point","coordinates":[-0.32873,51.50431]},"properties":{"name":"Power infrastructure","category":"generator","osm_type":"node","osm_id":"8194998375"}},{"type":"Feature","geometry":{"type":"Point","coordinates":[-0.33325,51.50365]},"properties":{"name":"Power infrastructure","category":"generator","osm_type":"node","osm_id":"8194998376"}},{"type":"Feature","geometry":{"type":"Point","coordinates":[-0.33501,51.50149]},"properties":{"name":"Power infrastructure","category":"generator","osm_type":"node","osm_id":"8194998377"}},{"type":"Feature","geometry":{"type":"Point","coordinates":[-0.33957,51.50319]},"properties":{"name":"Power infrastructure","category":"generator","osm_type":"node","osm_id":"8194998378"}},{"type":"Feature","geometry":{"type":"Point","coordinates":[-0.33849,51.50311]},"properties":{"name":"Power infrastructure","category":"generator","osm_type":"node","osm_id":"8194998379"}},{"type":"Feature","geometry":{"type":"Point","coordinates":[-0.32595,51.50719]},"properties":{"name":"Power infrastructure","category":"generator","osm_type":"node","osm_id":"8194998380"}},{"type":"Feature","geometry":{"type":"Point","coordinates":[-0.32108,51.5088]},"properties":{"name":"Power infrastructure","category":"generator","osm_type":"node","osm_id":"8194998381"}},{"type":"Feature","geometry":{"type":"Point","coordinates":[-0.34321,51.5055]},"properties":{"name":"Power infrastructure","category":"generator","osm_type":"node","osm_id":"8194998382"}},{"type":"Feature","geometry":{"type":"Point","coordinates":[-0.34303,51.50563]},"properties":{"name":"Power infrastructure","category":"generator","osm_type":"node","osm_id":"8194998383"}},{"type":"Feature","geometry":{"type":"Point","coordinates":[-0.31341,51.50984]},"properties":{"name":"Power infrastructure","category":"generator","osm_type":"node","osm_id":"8194998384"}},{"type":"Feature","geometry":{"type":"Point","coordinates":[-0.32675,51.50307]},"properties":{"name":"Power infrastructure","category":"generator","osm_type":"node","osm_id":"8194998385"}},{"type":"Feature","geometry":{"type":"Point","coordinates":[-0.32096,51.50864]},"properties":{"name":"Power infrastructure","category":"generator","osm_type":"node","osm_id":"8194998386"}},{"type":"Feature","geometry":{"type":"Point","coordinates":[-0.34314,51.50553]},"properties":{"name":"Power infrastructure","category":"generator","osm_type":"node","osm_id":"8194998387"}},{"type":"Feature","geometry":{"type":"Point","coordinates":[-0.33133,51.50103]},"properties":{"name":"Power infrastructure","category":"generator","osm_type":"node","osm_id":"8194998388"}},{"type":"Feature","geometry":{"type":"Point","coordinates":[-0.32621,51.50859]},"properties":{"name":"Power infrastructure","category":"generator","osm_type":"node","osm_id":"8194998389"}},{"type":"Feature","geometry":{"type":"Point","coordinates":[-0.33853,51.50313]},"properties":{"name":"Power infrastructure","category":"generator","osm_type":"node","osm_id":"8194998390"}},{"type":"Feature","geometry":{"type":"Point","coordinates":[-0.31344,51.50992]},"properties":{"name":"Power infrastructure","category":"generator","osm_type":"node","osm_id":"8194998391"}},{"type":"Feature","geometry":{"type":"Point","coordinates":[-0.33793,51.50164]},"properties":{"name":"Power infrastructure","category":"generator","osm_type":"node","osm_id":"8194998392"}},{"type":"Feature","geometry":{"type":"Point","coordinates":[-0.3206,51.50887]},"properties":{"name":"Power infrastructure","category":"generator","osm_type":"node","osm_id":"8194998393"}},{"type":"Feature","geometry":{"type":"Point","coordinates":[-0.33128,51.5009]},"properties":{"name":"Power infrastructure","category":"generator","osm_type":"node","osm_id":"8194998394"}},{"type":"Feature","geometry":{"type":"Point","coordinates":[-0.32095,51.5086]},"properties":{"name":"Power infrastructure","category":"generator","osm_type":"node","osm_id":"8194998395"}},{"type":"Feature","geometry":{"type":"Point","coordinates":[-0.33,51.5026]},"properties":{"name":"Power infrastructure","category":"generator","osm_type":"node","osm_id":"8194998396"}},{"type":"Feature","geometry":{"type":"Point","coordinates":[-0.32072,51.50907]},"properties":{"name":"Power infrastructure","category":"generator","osm_type":"node","osm_id":"8194998397"}},{"type":"Feature","geometry":{"type":"Point","coordinates":[-0.33328,51.50379]},"properties":{"name":"Power infrastructure","category":"generator","osm_type":"node","osm_id":"8194998398"}},{"type":"Feature","geometry":{"type":"Point","coordinates":[-0.3432,51.50562]},"properties":{"name":"Power infrastructure","category":"generator","osm_type":"node","osm_id":"8194998399"}},{"type":"Feature","geometry":{"type":"Point","coordinates":[-0.32841,51.50273]},"properties":{"name":"Power infrastructure","category":"generator","osm_type":"node","osm_id":"8194998400"}},{"type":"Feature","geometry":{"type":"Point","coordinates":[-0.34006,51.50821]},"properties":{"name":"Power infrastructure","category":"generator","osm_type":"node","osm_id":"8194998401"}},{"type":"Feature","geometry":{"type":"Point","coordinates":[-0.33783,51.50111]},"properties":{"name":"Power infrastructure","category":"generator","osm_type":"node","osm_id":"8194998402"}},{"type":"Feature","geometry":{"type":"Point","coordinates":[-0.33158,51.50073]},"properties":{"name":"Power infrastructure","category":"generator","osm_type":"node","osm_id":"8194998403"}},{"type":"Feature","geometry":{"type":"Point","coordinates":[-0.33634,51.50467]},"properties":{"name":"Power infrastructure","category":"generator","osm_type":"node","osm_id":"8194998404"}},{"type":"Feature","geometry":{"type":"Point","coordinates":[-0.33319,51.50366]},"properties":{"name":"Power infrastructure","category":"generator","osm_type":"node","osm_id":"8194998405"}},{"type":"Feature","geometry":{"type":"Point","coordinates":[-0.31711,51.51112]},"properties":{"name":"Power infrastructure","category":"generator","osm_type":"node","osm_id":"8194998407"}},{"type":"Feature","geometry":{"type":"Point","coordinates":[-0.33365,51.5018]},"properties":{"name":"Power infrastructure","category":"generator","osm_type":"node","osm_id":"8194998408"}},{"type":"Feature","geometry":{"type":"Point","coordinates":[-0.33452,51.50135]},"properties":{"name":"Power infrastructure","category":"generator","osm_type":"node","osm_id":"8194998409"}},{"type":"Feature","geometry":{"type":"Point","coordinates":[-0.32102,51.50874]},"properties":{"name":"Power infrastructure","category":"generator","osm_type":"node","osm_id":"8194998410"}},{"type":"Feature","geometry":{"type":"Point","coordinates":[-0.33313,51.50362]},"properties":{"name":"Power infrastructure","category":"generator","osm_type":"node","osm_id":"8194998411"}},{"type":"Feature","geometry":{"type":"Point","coordinates":[-0.33347,51.50377]},"properties":{"name":"Power infrastructure","category":"generator","osm_type":"node","osm_id":"8194998412"}},{"type":"Feature","geometry":{"type":"Point","coordinates":[-0.32102,51.5087]},"properties":{"name":"Power infrastructure","category":"generator","osm_type":"node","osm_id":"8194998413"}},{"type":"Feature","geometry":{"type":"Point","coordinates":[-0.33327,51.50375]},"properties":{"name":"Power infrastructure","category":"generator","osm_type":"node","osm_id":"8194998414"}},{"type":"Feature","geometry":{"type":"Point","coordinates":[-0.33338,51.50197]},"properties":{"name":"Power infrastructure","category":"generator","osm_type":"node","osm_id":"8194998415"}},{"type":"Feature","geometry":{"type":"Point","coordinates":[-0.32112,51.50891]},"properties":{"name":"Power infrastructure","category":"generator","osm_type":"node","osm_id":"8194998416"}},{"type":"Feature","geometry":{"type":"Point","coordinates":[-0.33332,51.50382]},"properties":{"name":"Power infrastructure","category":"generator","osm_type":"node","osm_id":"8195011217"}},{"type":"Feature","geometry":{"type":"Point","coordinates":[-0.34315,51.50564]},"properties":{"name":"Power infrastructure","category":"generator","osm_type":"node","osm_id":"8195011218"}},{"type":"Feature","geometry":{"type":"Point","coordinates":[-0.33359,51.50319]},"properties":{"name":"Power infrastructure","category":"generator","osm_type":"node","osm_id":"8195011219"}},{"type":"Feature","geometry":{"type":"Point","coordinates":[-0.29961,51.50118]},"properties":{"name":"Power infrastructure","category":"generator","osm_type":"node","osm_id":"8195049404"}},{"type":"Feature","geometry":{"type":"Point","coordinates":[-0.30046,51.50167]},"properties":{"name":"Power infrastructure","category":"generator","osm_type":"node","osm_id":"8195049408"}},{"type":"Feature","geometry":{"type":"Point","coordinates":[-0.27682,51.50089]},"properties":{"name":"Power infrastructure","category":"generator","osm_type":"node","osm_id":"8195049410"}},{"type":"Feature","geometry":{"type":"Point","coordinates":[-0.30846,51.5003]},"properties":{"name":"Power infrastructure","category":"generator","osm_type":"node","osm_id":"8195049413"}},{"type":"Feature","geometry":{"type":"Point","coordinates":[-0.30038,51.50169]},"properties":{"name":"Power infrastructure","category":"generator","osm_type":"node","osm_id":"8195049415"}},{"type":"Feature","geometry":{"type":"Point","coordinates":[-0.29533,51.50299]},"properties":{"name":"Power infrastructure","category":"generator","osm_type":"node","osm_id":"8195049416"}},{"type":"Feature","geometry":{"type":"Point","coordinates":[-0.275,51.50129]},"properties":{"name":"Power infrastructure","category":"generator","osm_type":"node","osm_id":"8195066617"}},{"type":"Feature","geometry":{"type":"Point","coordinates":[-0.27561,51.50127]},"properties":{"name":"Power infrastructure","category":"generator","osm_type":"node","osm_id":"8195066618"}},{"type":"Feature","geometry":{"type":"Point","coordinates":[-0.30182,51.50087]},"properties":{"name":"Power infrastructure","category":"generator","osm_type":"node","osm_id":"8195066621"}},{"type":"Feature","geometry":{"type":"Point","coordinates":[-0.30176,51.50082]},"properties":{"name":"Power infrastructure","category":"generator","osm_type":"node","osm_id":"8195066622"}},{"type":"Feature","geometry":{"type":"Point","coordinates":[-0.30517,51.50133]},"properties":{"name":"Power infrastructure","category":"generator","osm_type":"node","osm_id":"8195066623"}},{"type":"Feature","geometry":{"type":"Point","coordinates":[-0.28652,51.50093]},"properties":{"name":"Power infrastructure","category":"generator","osm_type":"node","osm_id":"8195066624"}},{"type":"Feature","geometry":{"type":"Point","coordinates":[-0.27699,51.50161]},"properties":{"name":"Power infrastructure","category":"generator","osm_type":"node","osm_id":"8195066625"}},{"type":"Feature","geometry":{"type":"Point","coordinates":[-0.27585,51.50182]},"properties":{"name":"Power infrastructure","category":"generator","osm_type":"node","osm_id":"8195066627"}},{"type":"Feature","geometry":{"type":"Point","coordinates":[-0.31492,51.50003]},"properties":{"name":"Power infrastructure","category":"generator","osm_type":"node","osm_id":"8195066628"}},{"type":"Feature","geometry":{"type":"Point","coordinates":[-0.27676,51.501]},"properties":{"name":"Power infrastructure","category":"generator","osm_type":"node","osm_id":"8195066629"}},{"type":"Feature","geometry":{"type":"Point","coordinates":[-0.27555,51.50115]},"properties":{"name":"Power infrastructure","category":"generator","osm_type":"node","osm_id":"8195066630"}},{"type":"Feature","geometry":{"type":"Point","coordinates":[-0.28674,51.5009]},"properties":{"name":"Power infrastructure","category":"generator","osm_type":"node","osm_id":"8195066631"}},{"type":"Feature","geometry":{"type":"Point","coordinates":[-0.2779,51.5015]},"properties":{"name":"Power infrastructure","category":"generator","osm_type":"node","osm_id":"8195066632"}},{"type":"Feature","geometry":{"type":"Point","coordinates":[-0.29521,51.50276]},"properties":{"name":"Power infrastructure","category":"generator","osm_type":"node","osm_id":"8195066636"}},{"type":"Feature","geometry":{"type":"Point","coordinates":[-0.27436,51.50002]},"properties":{"name":"Power infrastructure","category":"generator","osm_type":"node","osm_id":"8195066637"}},{"type":"Feature","geometry":{"type":"Point","coordinates":[-0.27408,51.50021]},"properties":{"name":"Power infrastructure","category":"generator","osm_type":"node","osm_id":"8195066638"}},{"type":"Feature","geometry":{"type":"Point","coordinates":[-0.27364,51.50028]},"properties":{"name":"Power infrastructure","category":"generator","osm_type":"node","osm_id":"8195066641"}},{"type":"Feature","geometry":{"type":"Point","coordinates":[-0.27687,51.50135]},"properties":{"name":"Power infrastructure","category":"generator","osm_type":"node","osm_id":"8195066642"}},{"type":"Feature","geometry":{"type":"Point","coordinates":[-0.28672,51.50095]},"properties":{"name":"Power infrastructure","category":"generator","osm_type":"node","osm_id":"8195066643"}},{"type":"Feature","geometry":{"type":"Point","coordinates":[-0.27578,51.50168]},"properties":{"name":"Power infrastructure","category":"generator","osm_type":"node","osm_id":"8195066644"}},{"type":"Feature","geometry":{"type":"Point","coordinates":[-0.30077,51.50183]},"properties":{"name":"Power infrastructure","category":"generator","osm_type":"node","osm_id":"8195066648"}},{"type":"Feature","geometry":{"type":"Point","coordinates":[-0.3041,51.50032]},"properties":{"name":"Power infrastructure","category":"generator","osm_type":"node","osm_id":"8195066649","addr:city":"London","addr:postcode":"W5 4LD"}},{"type":"Feature","geometry":{"type":"Point","coordinates":[-0.30401,51.50034]},"properties":{"name":"Power infrastructure","category":"generator","osm_type":"node","osm_id":"8195066650"}},{"type":"Feature","geometry":{"type":"Point","coordinates":[-0.28663,51.50092]},"properties":{"name":"Power infrastructure","category":"generator","osm_type":"node","osm_id":"8195066655"}},{"type":"Feature","geometry":{"type":"Point","coordinates":[-0.27508,51.50153]},"properties":{"name":"Power infrastructure","category":"generator","osm_type":"node","osm_id":"8195066657"}},{"type":"Feature","geometry":{"type":"Point","coordinates":[-0.27567,51.50142]},"properties":{"name":"Power infrastructure","category":"generator","osm_type":"node","osm_id":"8195066658"}},{"type":"Feature","geometry":{"type":"Point","coordinates":[-0.27573,51.50155]},"properties":{"name":"Power infrastructure","category":"generator","osm_type":"node","osm_id":"8195066659"}},{"type":"Feature","geometry":{"type":"Point","coordinates":[-0.27721,51.5016]},"properties":{"name":"Power infrastructure","category":"generator","osm_type":"node","osm_id":"8195066663"}},{"type":"Feature","geometry":{"type":"Point","coordinates":[-0.27522,51.50187]},"properties":{"name":"Power infrastructure","category":"generator","osm_type":"node","osm_id":"8195066664"}},{"type":"Feature","geometry":{"type":"Point","coordinates":[-0.27786,51.50139]},"properties":{"name":"Power infrastructure","category":"generator","osm_type":"node","osm_id":"8195066666"}},{"type":"Feature","geometry":{"type":"Point","coordinates":[-0.30297,51.50188]},"properties":{"name":"Power infrastructure","category":"generator","osm_type":"node","osm_id":"8195066668"}},{"type":"Feature","geometry":{"type":"Point","coordinates":[-0.27686,51.50124]},"properties":{"name":"Power infrastructure","category":"generator","osm_type":"node","osm_id":"8195066669"}},{"type":"Feature","geometry":{"type":"Point","coordinates":[-0.27755,51.50087]},"properties":{"name":"Power infrastructure","category":"generator","osm_type":"node","osm_id":"8195066670"}},{"type":"Feature","geometry":{"type":"Point","coordinates":[-0.27372,51.50026]},"properties":{"name":"Power infrastructure","category":"generator","osm_type":"node","osm_id":"8195066671"}},{"type":"Feature","geometry":{"type":"Point","coordinates":[-0.30345,51.50177]},"properties":{"name":"Power infrastructure","category":"generator","osm_type":"node","osm_id":"8195066672"}},{"type":"Feature","geometry":{"type":"Point","coordinates":[-0.30354,51.50175]},"properties":{"name":"Power infrastructure","category":"generator","osm_type":"node","osm_id":"8195066673"}},{"type":"Feature","geometry":{"type":"Point","coordinates":[-0.30249,51.501]},"properties":{"name":"Power infrastructure","category":"generator","osm_type":"node","osm_id":"8195066674"}},{"type":"Feature","geometry":{"type":"Point","coordinates":[-0.30066,51.52915]},"properties":{"name":"Power infrastructure","category":"generator","osm_type":"node","osm_id":"8195850420"}},{"type":"Feature","geometry":{"type":"Point","coordinates":[-0.34819,51.50795]},"properties":{"name":"Power infrastructure","category":"generator","osm_type":"node","osm_id":"8195850422"}},{"type":"Feature","geometry":{"type":"Point","coordinates":[-0.27402,51.52209]},"properties":{"name":"Power infrastructure","category":"generator","osm_type":"node","osm_id":"8195850423"}},{"type":"Feature","geometry":{"type":"Point","coordinates":[-0.27178,51.52695]},"properties":{"name":"Power infrastructure","category":"generator","osm_type":"node","osm_id":"8195850424"}},{"type":"Feature","geometry":{"type":"Point","coordinates":[-0.37792,51.51988]},"properties":{"name":"Power infrastructure","category":"generator","osm_type":"node","osm_id":"8195850425"}},{"type":"Feature","geometry":{"type":"Point","coordinates":[-0.35691,51.50378]},"properties":{"name":"Power infrastructure","category":"generator","osm_type":"node","osm_id":"8195850427"}},{"type":"Feature","geometry":{"type":"Point","coordinates":[-0.26161,51.51907]},"properties":{"name":"Power infrastructure","category":"generator","osm_type":"node","osm_id":"8195850428"}},{"type":"Feature","geometry":{"type":"Point","coordinates":[-0.37857,51.5195]},"properties":{"name":"Power infrastructure","category":"generator","osm_type":"node","osm_id":"8195850429"}},{"type":"Feature","geometry":{"type":"Point","coordinates":[-0.3563,51.50381]},"properties":{"name":"Power infrastructure","category":"generator","osm_type":"node","osm_id":"8195850430"}},{"type":"Feature","geometry":{"type":"Point","coordinates":[-0.38383,51.51199]},"properties":{"name":"Power infrastructure","category":"generator","osm_type":"node","osm_id":"8195850433"}},{"type":"Feature","geometry":{"type":"Point","coordinates":[-0.29961,51.52866]},"properties":{"name":"Power infrastructure","category":"generator","osm_type":"node","osm_id":"8195850435"}},{"type":"Feature","geometry":{"type":"Point","coordinates":[-0.37121,51.52226]},"properties":{"name":"Power infrastructure","category":"generator","osm_type":"node","osm_id":"8195850438"}},{"type":"Feature","geometry":{"type":"Point","coordinates":[-0.26174,51.51921]},"properties":{"name":"Power infrastructure","category":"generator","osm_type":"node","osm_id":"8195850440"}},{"type":"Feature","geometry":{"type":"Point","coordinates":[-0.29961,51.5323]},"properties":{"name":"Power infrastructure","category":"generator","osm_type":"node","osm_id":"8195850441"}},{"type":"Feature","geometry":{"type":"Point","coordinates":[-0.37051,51.51832]},"properties":{"name":"Power infrastructure","category":"generator","osm_type":"node","osm_id":"8195850443"}},{"type":"Feature","geometry":{"type":"Point","coordinates":[-0.29981,51.53234]},"properties":{"name":"Power infrastructure","category":"generator","osm_type":"node","osm_id":"8195850444"}},{"type":"Feature","geometry":{"type":"Point","coordinates":[-0.26981,51.50591]},"properties":{"name":"Power infrastructure","category":"generator","osm_type":"node","osm_id":"8195850445"}},{"type":"Feature","geometry":{"type":"Point","coordinates":[-0.37125,51.52223]},"properties":{"name":"Power infrastructure","category":"generator","osm_type":"node","osm_id":"8195850446"}},{"type":"Feature","geometry":{"type":"Point","coordinates":[-0.26958,51.5061]},"properties":{"name":"Power infrastructure","category":"generator","osm_type":"node","osm_id":"8195850448"}},{"type":"Feature","geometry":{"type":"Point","coordinates":[-0.28197,51.52233]},"properties":{"name":"Power infrastructure","category":"generator","osm_type":"node","osm_id":"8195850451"}},{"type":"Feature","geometry":{"type":"Point","coordinates":[-0.29952,51.53227]},"properties":{"name":"Power infrastructure","category":"generator","osm_type":"node","osm_id":"8195850452"}},{"type":"Feature","geometry":{"type":"Point","coordinates":[-0.38727,51.50109]},"properties":{"name":"Power infrastructure","category":"generator","osm_type":"node","osm_id":"8195850455"}},{"type":"Feature","geometry":{"type":"Point","coordinates":[-0.3705,51.51806]},"properties":{"name":"Power infrastructure","category":"generator","osm_type":"node","osm_id":"8195850456"}},{"type":"Feature","geometry":{"type":"Point","coordinates":[-0.37186,51.51781]},"properties":{"name":"Power infrastructure","category":"generator","osm_type":"node","osm_id":"8195850459"}},{"type":"Feature","geometry":{"type":"Point","coordinates":[-0.37081,51.5181]},"properties":{"name":"Power infrastructure","category":"generator","osm_type":"node","osm_id":"8195850460"}},{"type":"Feature","geometry":{"type":"Point","coordinates":[-0.29977,51.53259]},"properties":{"name":"Power infrastructure","category":"generator","osm_type":"node","osm_id":"8195850462"}},{"type":"Feature","geometry":{"type":"Point","coordinates":[-0.26781,51.51055]},"properties":{"name":"Power infrastructure","category":"generator","osm_type":"node","osm_id":"8195850463"}},{"type":"Feature","geometry":{"type":"Point","coordinates":[-0.2917,51.51782]},"properties":{"name":"Power infrastructure","category":"generator","osm_type":"node","osm_id":"8195850464"}},{"type":"Feature","geometry":{"type":"Point","coordinates":[-0.33897,51.51775]},"properties":{"name":"Power infrastructure","category":"generator","osm_type":"node","osm_id":"8195850465"}},{"type":"Feature","geometry":{"type":"Point","coordinates":[-0.37419,51.51483]},"properties":{"name":"Power infrastructure","category":"generator","osm_type":"node","osm_id":"8195850466"}},{"type":"Feature","geometry":{"type":"Point","coordinates":[-0.32943,51.52809]},"properties":{"name":"Power infrastructure","category":"generator","osm_type":"node","osm_id":"8195850467"}},{"type":"Feature","geometry":{"type":"Point","coordinates":[-0.34931,51.50803]},"properties":{"name":"Power infrastructure","category":"generator","osm_type":"node","osm_id":"8195850470"}},{"type":"Feature","geometry":{"type":"Point","coordinates":[-0.34827,51.50777]},"properties":{"name":"Power infrastructure","category":"generator","osm_type":"node","osm_id":"8195850471"}},{"type":"Feature","geometry":{"type":"Point","coordinates":[-0.36571,51.51569]},"properties":{"name":"Power infrastructure","category":"generator","osm_type":"node","osm_id":"8195850473"}},{"type":"Feature","geometry":{"type":"Point","coordinates":[-0.29905,51.53295]},"properties":{"name":"Power infrastructure","category":"generator","osm_type":"node","osm_id":"8195850474"}},{"type":"Feature","geometry":{"type":"Point","coordinates":[-0.37076,51.51823]},"properties":{"name":"Power infrastructure","category":"generator","osm_type":"node","osm_id":"8195850476"}},{"type":"Feature","geometry":{"type":"Point","coordinates":[-0.33907,51.51774]},"properties":{"name":"Power infrastructure","category":"generator","osm_type":"node","osm_id":"8195850477"}},{"type":"Feature","geometry":{"type":"Point","coordinates":[-0.34883,51.508]},"properties":{"name":"Power infrastructure","category":"generator","osm_type":"node","osm_id":"8195850479"}},{"type":"Feature","geometry":{"type":"Point","coordinates":[-0.29973,51.53232]},"properties":{"name":"Power infrastructure","category":"generator","osm_type":"node","osm_id":"8195850480"}},{"type":"Feature","geometry":{"type":"Point","coordinates":[-0.38878,51.50861]},"properties":{"name":"Power infrastructure","category":"generator","osm_type":"node","osm_id":"8195850482"}},{"type":"Feature","geometry":{"type":"Point","coordinates":[-0.37176,51.52015]},"properties":{"name":"Power infrastructure","category":"generator","osm_type":"node","osm_id":"8195850488"}},{"type":"Feature","geometry":{"type":"Point","coordinates":[-0.38714,51.50164]},"properties":{"name":"Power infrastructure","category":"generator","osm_type":"node","osm_id":"8195850489"}},{"type":"Feature","geometry":{"type":"Point","coordinates":[-0.36448,51.50939]},"properties":{"name":"Power infrastructure","category":"generator","osm_type":"node","osm_id":"8195850490"}},{"type":"Feature","geometry":{"type":"Point","coordinates":[-0.36792,51.51662]},"properties":{"name":"Power infrastructure","category":"generator","osm_type":"node","osm_id":"8195850494"}},{"type":"Feature","geometry":{"type":"Point","coordinates":[-0.26142,51.51979]},"properties":{"name":"Power infrastructure","category":"generator","osm_type":"node","osm_id":"8195850495"}},{"type":"Feature","geometry":{"type":"Point","coordinates":[-0.37128,51.51826]},"properties":{"name":"Power infrastructure","category":"generator","osm_type":"node","osm_id":"8195850496"}},{"type":"Feature","geometry":{"type":"Point","coordinates":[-0.37178,51.518]},"properties":{"name":"Power infrastructure","category":"generator","osm_type":"node","osm_id":"8195850500"}},{"type":"Feature","geometry":{"type":"Point","coordinates":[-0.27883,51.51723]},"properties":{"name":"Power infrastructure","category":"generator","osm_type":"node","osm_id":"8195850503"}},{"type":"Feature","geometry":{"type":"Point","coordinates":[-0.37066,51.51814]},"properties":{"name":"Power infrastructure","category":"generator","osm_type":"node","osm_id":"8195850505"}},{"type":"Feature","geometry":{"type":"Point","coordinates":[-0.34381,51.51516]},"properties":{"name":"Power infrastructure","category":"generator","osm_type":"node","osm_id":"8195850510"}},{"type":"Feature","geometry":{"type":"Point","coordinates":[-0.29172,51.51758]},"properties":{"name":"Power infrastructure","category":"generator","osm_type":"node","osm_id":"8195850511"}},{"type":"Feature","geometry":{"type":"Point","coordinates":[-0.27134,51.52351]},"properties":{"name":"Power infrastructure","category":"generator","osm_type":"node","osm_id":"8195850512"}},{"type":"Feature","geometry":{"type":"Point","coordinates":[-0.36802,51.51664]},"properties":{"name":"Power infrastructure","category":"generator","osm_type":"node","osm_id":"8195850516"}},{"type":"Feature","geometry":{"type":"Point","coordinates":[-0.36864,51.51677]},"properties":{"name":"Power infrastructure","category":"generator","osm_type":"node","osm_id":"8195851418"}},{"type":"Feature","geometry":{"type":"Point","coordinates":[-0.2917,51.51791]},"properties":{"name":"Power infrastructure","category":"generator","osm_type":"node","osm_id":"8195851419"}},{"type":"Feature","geometry":{"type":"Point","coordinates":[-0.35681,51.5037]},"properties":{"name":"Power infrastructure","category":"generator","osm_type":"node","osm_id":"8195851421"}},{"type":"Feature","geometry":{"type":"Point","coordinates":[-0.38701,51.50177]},"properties":{"name":"Power infrastructure","category":"generator","osm_type":"node","osm_id":"8195851422"}},{"type":"Feature","geometry":{"type":"Point","coordinates":[-0.36433,51.51374]},"properties":{"name":"Power infrastructure","category":"generator","osm_type":"node","osm_id":"8195851423"}},{"type":"Feature","geometry":{"type":"Point","coordinates":[-0.29171,51.51765]},"properties":{"name":"Power infrastructure","category":"generator","osm_type":"node","osm_id":"8195851424"}},{"type":"Feature","geometry":{"type":"Point","coordinates":[-0.26862,51.50942]},"properties":{"name":"Power infrastructure","category":"generator","osm_type":"node","osm_id":"8195851427"}},{"type":"Feature","geometry":{"type":"Point","coordinates":[-0.27868,51.51726]},"properties":{"name":"Power infrastructure","category":"generator","osm_type":"node","osm_id":"8195851430"}},{"type":"Feature","geometry":{"type":"Point","coordinates":[-0.38693,51.50141]},"properties":{"name":"Power infrastructure","category":"generator","osm_type":"node","osm_id":"8195851433"}},{"type":"Feature","geometry":{"type":"Point","coordinates":[-0.29957,51.53298]},"properties":{"name":"Power infrastructure","category":"generator","osm_type":"node","osm_id":"8195851434"}},{"type":"Feature","geometry":{"type":"Point","coordinates":[-0.33159,51.51907]},"properties":{"name":"Power infrastructure","category":"generator","osm_type":"node","osm_id":"8195851435"}},{"type":"Feature","geometry":{"type":"Point","coordinates":[-0.3716,51.5183]},"properties":{"name":"Power infrastructure","category":"generator","osm_type":"node","osm_id":"8195851437"}},{"type":"Feature","geometry":{"type":"Point","coordinates":[-0.3717,51.51803]},"properties":{"name":"Power infrastructure","category":"generator","osm_type":"node","osm_id":"8195851440"}},{"type":"Feature","geometry":{"type":"Point","coordinates":[-0.29971,51.53271]},"properties":{"name":"Power infrastructure","category":"generator","osm_type":"node","osm_id":"8195851448"}},{"type":"Feature","geometry":{"type":"Point","coordinates":[-0.26147,51.51967]},"properties":{"name":"Power infrastructure","category":"generator","osm_type":"node","osm_id":"8195851450"}},{"type":"Feature","geometry":{"type":"Point","coordinates":[-0.37155,51.51842]},"properties":{"name":"Power infrastructure","category":"generator","osm_type":"node","osm_id":"8195851451"}},{"type":"Feature","geometry":{"type":"Point","coordinates":[-0.34812,51.50815]},"properties":{"name":"Power infrastructure","category":"generator","osm_type":"node","osm_id":"8195851452"}},{"type":"Feature","geometry":{"type":"Point","coordinates":[-0.33157,51.51903]},"properties":{"name":"Power infrastructure","category":"generator","osm_type":"node","osm_id":"8195851453"}},{"type":"Feature","geometry":{"type":"Point","coordinates":[-0.29171,51.51752]},"properties":{"name":"Power infrastructure","category":"generator","osm_type":"node","osm_id":"8195851455"}},{"type":"Feature","geometry":{"type":"Point","coordinates":[-0.37169,51.52018]},"properties":{"name":"Power infrastructure","category":"generator","osm_type":"node","osm_id":"8195851457"}},{"type":"Feature","geometry":{"type":"Point","coordinates":[-0.3492,51.50822]},"properties":{"name":"Power infrastructure","category":"generator","osm_type":"node","osm_id":"8195851459"}},{"type":"Feature","geometry":{"type":"Point","coordinates":[-0.27968,51.51697]},"properties":{"name":"Power infrastructure","category":"generator","osm_type":"node","osm_id":"8195851461"}},{"type":"Feature","geometry":{"type":"Point","coordinates":[-0.36438,51.51368]},"properties":{"name":"Power infrastructure","category":"generator","osm_type":"node","osm_id":"8195851465"}},{"type":"Feature","geometry":{"type":"Point","coordinates":[-0.37061,51.51992]},"properties":{"name":"Power infrastructure","category":"generator","osm_type":"node","osm_id":"8195851466"}},{"type":"Feature","geometry":{"type":"Point","coordinates":[-0.34928,51.50782]},"properties":{"name":"Power infrastructure","category":"generator","osm_type":"node","osm_id":"8195851468"}},{"type":"Feature","geometry":{"type":"Point","coordinates":[-0.35648,51.50379]},"properties":{"name":"Power infrastructure","category":"generator","osm_type":"node","osm_id":"8195851472"}},{"type":"Feature","geometry":{"type":"Point","coordinates":[-0.29169,51.51796]},"properties":{"name":"Power infrastructure","category":"generator","osm_type":"node","osm_id":"8195851473"}},{"type":"Feature","geometry":{"type":"Point","coordinates":[-0.34923,51.508]},"properties":{"name":"Power infrastructure","category":"generator","osm_type":"node","osm_id":"8195851474"}},{"type":"Feature","geometry":{"type":"Point","coordinates":[-0.28197,51.52236]},"properties":{"name":"Power infrastructure","category":"generator","osm_type":"node","osm_id":"8195851476"}},{"type":"Feature","geometry":{"type":"Point","coordinates":[-0.38721,51.50114]},"properties":{"name":"Power infrastructure","category":"generator","osm_type":"node","osm_id":"8195851477"}},{"type":"Feature","geometry":{"type":"Point","coordinates":[-0.36843,51.51672]},"properties":{"name":"Power infrastructure","category":"generator","osm_type":"node","osm_id":"8195851478"}},{"type":"Feature","geometry":{"type":"Point","coordinates":[-0.3713,51.52224]},"properties":{"name":"Power infrastructure","category":"generator","osm_type":"node","osm_id":"8195851479"}},{"type":"Feature","geometry":{"type":"Point","coordinates":[-0.33904,51.51774]},"properties":{"name":"Power infrastructure","category":"generator","osm_type":"node","osm_id":"8195851485"}},{"type":"Feature","geometry":{"type":"Point","coordinates":[-0.31309,51.52454]},"properties":{"name":"Power infrastructure","category":"generator","osm_type":"node","osm_id":"8195851490"}},{"type":"Feature","geometry":{"type":"Point","coordinates":[-0.38362,51.51197]},"properties":{"name":"Power infrastructure","category":"generator","osm_type":"node","osm_id":"8195851493"}},{"type":"Feature","geometry":{"type":"Point","coordinates":[-0.37179,51.51788]},"properties":{"name":"Power infrastructure","category":"generator","osm_type":"node","osm_id":"8195851495"}},{"type":"Feature","geometry":{"type":"Point","coordinates":[-0.32601,51.52328]},"properties":{"name":"Power infrastructure","category":"generator","osm_type":"node","osm_id":"8195851497"}},{"type":"Feature","geometry":{"type":"Point","coordinates":[-0.34816,51.50807]},"properties":{"name":"Power infrastructure","category":"generator","osm_type":"node","osm_id":"8195851498"}},{"type":"Feature","geometry":{"type":"Point","coordinates":[-0.34744,51.50811]},"properties":{"name":"Power infrastructure","category":"generator","osm_type":"node","osm_id":"8195851502"}},{"type":"Feature","geometry":{"type":"Point","coordinates":[-0.38706,51.5013]},"properties":{"name":"Power infrastructure","category":"generator","osm_type":"node","osm_id":"8195851504"}},{"type":"Feature","geometry":{"type":"Point","coordinates":[-0.36447,51.50943]},"properties":{"name":"Power infrastructure","category":"generator","osm_type":"node","osm_id":"8195851507"}},{"type":"Feature","geometry":{"type":"Point","coordinates":[-0.29964,51.53285]},"properties":{"name":"Power infrastructure","category":"generator","osm_type":"node","osm_id":"8195851510"}},{"type":"Feature","geometry":{"type":"Point","coordinates":[-0.30921,51.52553]},"properties":{"name":"Power infrastructure","category":"generator","osm_type":"node","osm_id":"8195851511"}},{"type":"Feature","geometry":{"type":"Point","coordinates":[-0.34873,51.508]},"properties":{"name":"Power infrastructure","category":"generator","osm_type":"node","osm_id":"8195851512"}},{"type":"Feature","geometry":{"type":"Point","coordinates":[-0.32431,51.52255]},"properties":{"name":"Power infrastructure","category":"generator","osm_type":"node","osm_id":"8195851516"}},{"type":"Feature","geometry":{"type":"Point","coordinates":[-0.34889,51.50781]},"properties":{"name":"Power infrastructure","category":"generator","osm_type":"node","osm_id":"8195851517"}},{"type":"Feature","geometry":{"type":"Point","coordinates":[-0.38362,51.5119]},"properties":{"name":"Power infrastructure","category":"generator","osm_type":"node","osm_id":"8195851519"}},{"type":"Feature","geometry":{"type":"Point","coordinates":[-0.35675,51.50366]},"properties":{"name":"Power infrastructure","category":"generator","osm_type":"node","osm_id":"8195851521"}},{"type":"Feature","geometry":{"type":"Point","coordinates":[-0.27128,51.52347]},"properties":{"name":"Power infrastructure","category":"generator","osm_type":"node","osm_id":"8195851522"}},{"type":"Feature","geometry":{"type":"Point","coordinates":[-0.37076,51.51996]},"properties":{"name":"Power infrastructure","category":"generator","osm_type":"node","osm_id":"8195851524"}},{"type":"Feature","geometry":{"type":"Point","coordinates":[-0.3092,51.52552]},"properties":{"name":"Power infrastructure","category":"generator","osm_type":"node","osm_id":"8195851527"}},{"type":"Feature","geometry":{"type":"Point","coordinates":[-0.2686,51.50947]},"properties":{"name":"Power infrastructure","category":"generator","osm_type":"node","osm_id":"8195851528"}},{"type":"Feature","geometry":{"type":"Point","coordinates":[-0.27028,51.50507]},"properties":{"name":"Power infrastructure","category":"generator","osm_type":"node","osm_id":"8195851529"}},{"type":"Feature","geometry":{"type":"Point","coordinates":[-0.35686,51.50374]},"properties":{"name":"Power infrastructure","category":"generator","osm_type":"node","osm_id":"8195851530"}},{"type":"Feature","geometry":{"type":"Point","coordinates":[-0.29946,51.53156]},"properties":{"name":"Power infrastructure","category":"generator","osm_type":"node","osm_id":"8195851531"}},{"type":"Feature","geometry":{"type":"Point","coordinates":[-0.2917,51.51777]},"properties":{"name":"Power infrastructure","category":"generator","osm_type":"node","osm_id":"8195851532"}},{"type":"Feature","geometry":{"type":"Point","coordinates":[-0.2996,51.53291]},"properties":{"name":"Power infrastructure","category":"generator","osm_type":"node","osm_id":"8195851533"}}]}