{"type":"FeatureCollection","features":[{"type":"Feature","geometry":{"type":"Point","coordinates":[-0.88843,51.4499]},"properties":{"name":"Power infrastructure","category":"generator","osm_type":"node","osm_id":"8130395307"}},{"type":"Feature","geometry":{"type":"Point","coordinates":[-0.88868,51.44982]},"properties":{"name":"Power infrastructure","category":"generator","osm_type":"node","osm_id":"8130395308"}},{"type":"Feature","geometry":{"type":"Point","coordinates":[-0.88872,51.4498]},"properties":{"name":"Power infrastructure","category":"generator","osm_type":"node","osm_id":"8130395309"}},{"type":"Feature","geometry":{"type":"Point","coordinates":[-0.8892,51.44854]},"properties":{"name":"Power infrastructure","category":"generator","osm_type":"node","osm_id":"8130395310"}},{"type":"Feature","geometry":{"type":"Point","coordinates":[-0.88586,51.44856]},"properties":{"name":"Power infrastructure","category":"generator","osm_type":"node","osm_id":"8130395311"}},{"type":"Feature","geometry":{"type":"Point","coordinates":[-0.88544,51.44786]},"properties":{"name":"Power infrastructure","category":"generator","osm_type":"node","osm_id":"8130395312"}},{"type":"Feature","geometry":{"type":"Point","coordinates":[-0.88558,51.4477]},"properties":{"name":"Power infrastructure","category":"generator","osm_type":"node","osm_id":"8130395313"}},{"type":"Feature","geometry":{"type":"Point","coordinates":[-0.88572,51.44752]},"properties":{"name":"Power infrastructure","category":"generator","osm_type":"node","osm_id":"8130395314"}},{"type":"Feature","geometry":{"type":"Point","coordinates":[-0.88589,51.44725]},"properties":{"name":"Power infrastructure","category":"generator","osm_type":"node","osm_id":"8130395315"}},{"type":"Feature","geometry":{"type":"Point","coordinates":[-0.88692,51.44692]},"properties":{"name":"Power infrastructure","category":"generator","osm_type":"node","osm_id":"8130395316"}},{"type":"Feature","geometry":{"type":"Point","coordinates":[-0.88756,51.44713]},"properties":{"name":"Power infrastructure","category":"generator","osm_type":"node","osm_id":"8130407017"}},{"type":"Feature","geometry":{"type":"Point","coordinates":[-0.88779,51.4468]},"properties":{"name":"Power infrastructure","category":"generator","osm_type":"node","osm_id":"8130407018"}},{"type":"Feature","geometry":{"type":"Point","coordinates":[-0.88765,51.44626]},"properties":{"name":"Power infrastructure","category":"generator","osm_type":"node","osm_id":"8130407019"}},{"type":"Feature","geometry":{"type":"Point","coordinates":[-0.88928,51.44569]},"properties":{"name":"Power infrastructure","category":"generator","osm_type":"node","osm_id":"8130407020"}},{"type":"Feature","geometry":{"type":"Point","coordinates":[-0.88958,51.44552]},"properties":{"name":"Power infrastructure","category":"generator","osm_type":"node","osm_id":"8130407021"}},{"type":"Feature","geometry":{"type":"Point","coordinates":[-0.88962,51.44552]},"properties":{"name":"Power infrastructure","category":"generator","osm_type":"node","osm_id":"8130407022"}},{"type":"Feature","geometry":{"type":"Point","coordinates":[-0.88826,51.44769]},"properties":{"name":"Power infrastructure","category":"generator","osm_type":"node","osm_id":"8130407023"}},{"type":"Feature","geometry":{"type":"Point","coordinates":[-0.89015,51.4476]},"properties":{"name":"Power infrastructure","category":"generator","osm_type":"node","osm_id":"8130407024"}},{"type":"Feature","geometry":{"type":"Point","coordinates":[-0.89115,51.44815]},"properties":{"name":"Power infrastructure","category":"generator","osm_type":"node","osm_id":"8130407025"}},{"type":"Feature","geometry":{"type":"Point","coordinates":[-0.89034,51.45074]},"properties":{"name":"Power infrastructure","category":"generator","osm_type":"node","osm_id":"8130407026"}},{"type":"Feature","geometry":{"type":"Point","coordinates":[-0.88913,51.45112]},"properties":{"name":"Power infrastructure","category":"generator","osm_type":"node","osm_id":"8130407027"}},{"type":"Feature","geometry":{"type":"Point","coordinates":[-0.89083,51.45207]},"properties":{"name":"Power infrastructure","category":"generator","osm_type":"node","osm_id":"8130407028"}},{"type":"Feature","geometry":{"type":"Point","coordinates":[-0.89085,51.45197]},"properties":{"name":"Power infrastructure","category":"generator","osm_type":"node","osm_id":"8130407029"}},{"type":"Feature","geometry":{"type":"Point","coordinates":[-0.8908,51.45187]},"properties":{"name":"Power infrastructure","category":"generator","osm_type":"node","osm_id":"8130407030"}},{"type":"Feature","geometry":{"type":"Point","coordinates":[-0.89116,51.45219]},"properties":{"name":"Power infrastructure","category":"generator","osm_type":"node","osm_id":"8130407031"}},{"type":"Feature","geometry":{"type":"Point","coordinates":[-0.89136,51.45219]},"properties":{"name":"Power infrastructure","category":"generator","osm_type":"node","osm_id":"8130407032"}},{"type":"Feature","geometry":{"type":"Point","coordinates":[-0.89088,51.45229]},"properties":{"name":"Power infrastructure","category":"generator","osm_type":"node","osm_id":"8130407033"}},{"type":"Feature","geometry":{"type":"Point","coordinates":[-0.89121,51.45235]},"properties":{"name":"Power infrastructure","category":"generator","osm_type":"node","osm_id":"8130407034"}},{"type":"Feature","geometry":{"type":"Point","coordinates":[-0.89121,51.45247]},"properties":{"name":"Power infrastructure","category":"generator","osm_type":"node","osm_id":"8130407035"}},{"type":"Feature","geometry":{"type":"Point","coordinates":[-0.89122,51.45252]},"properties":{"name":"Power infrastructure","category":"generator","osm_type":"node","osm_id":"8130407036"}},{"type":"Feature","geometry":{"type":"Point","coordinates":[-0.89123,51.45262]},"properties":{"name":"Power infrastructure","category":"generator","osm_type":"node","osm_id":"8130407037"}},{"type":"Feature","geometry":{"type":"Point","coordinates":[-0.89124,51.45269]},"properties":{"name":"Power infrastructure","category":"generator","osm_type":"node","osm_id":"8130407038"}},{"type":"Feature","geometry":{"type":"Point","coordinates":[-0.89089,51.45267]},"properties":{"name":"Power infrastructure","category":"generator","osm_type":"node","osm_id":"8130407039"}},{"type":"Feature","geometry":{"type":"Point","coordinates":[-0.89087,51.45257]},"properties":{"name":"Power infrastructure","category":"generator","osm_type":"node","osm_id":"8130407040"}},{"type":"Feature","geometry":{"type":"Point","coordinates":[-0.89045,51.45254]},"properties":{"name":"Power infrastructure","category":"generator","osm_type":"node","osm_id":"8130407041"}},{"type":"Feature","geometry":{"type":"Point","coordinates":[-0.89046,51.45273]},"properties":{"name":"Power infrastructure","category":"generator","osm_type":"node","osm_id":"8130407042"}},{"type":"Feature","geometry":{"type":"Point","coordinates":[-0.89053,51.45285]},"properties":{"name":"Power infrastructure","category":"generator","osm_type":"node","osm_id":"8130407043"}},{"type":"Feature","geometry":{"type":"Point","coordinates":[-0.89082,51.45247]},"properties":{"name":"Power infrastructure","category":"generator","osm_type":"node","osm_id":"8130407044"}},{"type":"Feature","geometry":{"type":"Point","coordinates":[-0.8904,51.45244]},"properties":{"name":"Power infrastructure","category":"generator","osm_type":"node","osm_id":"8130407045"}},{"type":"Feature","geometry":{"type":"Point","coordinates":[-0.89041,51.45262]},"properties":{"name":"Power infrastructure","category":"generator","osm_type":"node","osm_id":"8130407046"}},{"type":"Feature","geometry":{"type":"Point","coordinates":[-0.89049,51.45293]},"properties":{"name":"Power infrastructure","category":"generator","osm_type":"node","osm_id":"8130407047"}},{"type":"Feature","geometry":{"type":"Point","coordinates":[-0.89054,51.45334]},"properties":{"name":"Power infrastructure","category":"generator","osm_type":"node","osm_id":"8130407048"}},{"type":"Feature","geometry":{"type":"Point","coordinates":[-0.89055,51.45344]},"properties":{"name":"Power infrastructure","category":"generator","osm_type":"node","osm_id":"8130407049"}},{"type":"Feature","geometry":{"type":"Point","coordinates":[-0.89056,51.45352]},"properties":{"name":"Power infrastructure","category":"generator","osm_type":"node","osm_id":"8130407050"}},{"type":"Feature","geometry":{"type":"Point","coordinates":[-0.89136,51.45361]},"properties":{"name":"Power infrastructure","category":"generator","osm_type":"node","osm_id":"8130407051"}},{"type":"Feature","geometry":{"type":"Point","coordinates":[-0.89136,51.45356]},"properties":{"name":"Power infrastructure","category":"generator","osm_type":"node","osm_id":"8130407052"}},{"type":"Feature","geometry":{"type":"Point","coordinates":[-0.89098,51.45321]},"properties":{"name":"Power infrastructure","category":"generator","osm_type":"node","osm_id":"8130407053"}},{"type":"Feature","geometry":{"type":"Point","coordinates":[-0.89059,51.45321]},"properties":{"name":"Power infrastructure","category":"generator","osm_type":"node","osm_id":"8130407054"}},{"type":"Feature","geometry":{"type":"Point","coordinates":[-0.89095,51.4533]},"properties":{"name":"Power infrastructure","category":"generator","osm_type":"node","osm_id":"8130407055"}},{"type":"Feature","geometry":{"type":"Point","coordinates":[-0.89096,51.45339]},"properties":{"name":"Power infrastructure","category":"generator","osm_type":"node","osm_id":"8130407056"}},{"type":"Feature","geometry":{"type":"Point","coordinates":[-0.89098,51.45351]},"properties":{"name":"Power infrastructure","category":"generator","osm_type":"node","osm_id":"8130407057"}},{"type":"Feature","geometry":{"type":"Point","coordinates":[-0.891,51.4536]},"properties":{"name":"Power infrastructure","category":"generator","osm_type":"node","osm_id":"8130407058"}},{"type":"Feature","geometry":{"type":"Point","coordinates":[-0.89133,51.45378]},"properties":{"name":"Power infrastructure","category":"generator","osm_type":"node","osm_id":"8130407059"}},{"type":"Feature","geometry":{"type":"Point","coordinates":[-0.89147,51.45376]},"properties":{"name":"Power infrastructure","category":"generator","osm_type":"node","osm_id":"8130407060"}},{"type":"Feature","geometry":{"type":"Point","coordinates":[-0.89189,51.45331]},"properties":{"name":"Power infrastructure","category":"generator","osm_type":"node","osm_id":"8130407061"}},{"type":"Feature","geometry":{"type":"Point","coordinates":[-0.89183,51.45295]},"properties":{"name":"Power infrastructure","category":"generator","osm_type":"node","osm_id":"8130407062"}},{"type":"Feature","geometry":{"type":"Point","coordinates":[-0.89281,51.4495]},"properties":{"name":"Power infrastructure","category":"generator","osm_type":"node","osm_id":"8130407063"}},{"type":"Feature","geometry":{"type":"Point","coordinates":[-0.8924,51.44927]},"properties":{"name":"Power infrastructure","category":"generator","osm_type":"node","osm_id":"8130407064"}},{"type":"Feature","geometry":{"type":"Point","coordinates":[-0.89141,51.44888]},"properties":{"name":"Power infrastructure","category":"generator","osm_type":"node","osm_id":"8130407065"}},{"type":"Feature","geometry":{"type":"Point","coordinates":[-0.89286,51.44839]},"properties":{"name":"Power infrastructure","category":"generator","osm_type":"node","osm_id":"8130407066"}},{"type":"Feature","geometry":{"type":"Point","coordinates":[-0.89217,51.44714]},"properties":{"name":"Power infrastructure","category":"generator","osm_type":"node","osm_id":"8130407067"}},{"type":"Feature","geometry":{"type":"Point","coordinates":[-0.88917,51.44646]},"properties":{"name":"Power infrastructure","category":"generator","osm_type":"node","osm_id":"8130407068"}},{"type":"Feature","geometry":{"type":"Point","coordinates":[-0.88848,51.44636]},"properties":{"name":"Power infrastructure","category":"generator","osm_type":"node","osm_id":"8130407069"}},{"type":"Feature","geometry":{"type":"Point","coordinates":[-0.89467,51.44699]},"properties":{"name":"Power infrastructure","category":"generator","osm_type":"node","osm_id":"8130407070"}},{"type":"Feature","geometry":{"type":"Point","coordinates":[-0.89415,51.44469]},"properties":{"name":"Power infrastructure","category":"generator","osm_type":"node","osm_id":"8130407071"}},{"type":"Feature","geometry":{"type":"Point","coordinates":[-0.89419,51.4447]},"properties":{"name":"Power infrastructure","category":"generator","osm_type":"node","osm_id":"8130407072"}},{"type":"Feature","geometry":{"type":"Point","coordinates":[-0.89425,51.44451]},"properties":{"name":"Power infrastructure","category":"generator","osm_type":"node","osm_id":"8130407073"}},{"type":"Feature","geometry":{"type":"Point","coordinates":[-0.89432,51.4445]},"properties":{"name":"Power infrastructure","category":"generator","osm_type":"node","osm_id":"8130407074"}},{"type":"Feature","geometry":{"type":"Point","coordinates":[-0.89671,51.4414]},"properties":{"name":"Power infrastructure","category":"generator","osm_type":"node","osm_id":"8130407075"}},{"type":"Feature","geometry":{"type":"Point","coordinates":[-0.89323,51.44666]},"properties":{"name":"Power infrastructure","category":"generator","osm_type":"node","osm_id":"8130580570"}},{"type":"Feature","geometry":{"type":"Point","coordinates":[-0.89488,51.44504]},"properties":{"name":"Power infrastructure","category":"generator","osm_type":"node","osm_id":"8130580571"}},{"type":"Feature","geometry":{"type":"Point","coordinates":[-0.89518,51.4473]},"properties":{"name":"Power infrastructure","category":"generator","osm_type":"node","osm_id":"8130580572"}},{"type":"Feature","geometry":{"type":"Point","coordinates":[-0.89624,51.44892]},"properties":{"name":"Power infrastructure","category":"generator","osm_type":"node","osm_id":"8130580573"}},{"type":"Feature","geometry":{"type":"Point","coordinates":[-0.89663,51.44889]},"properties":{"name":"Power infrastructure","category":"generator","osm_type":"node","osm_id":"8130580574"}},{"type":"Feature","geometry":{"type":"Point","coordinates":[-0.89668,51.44873]},"properties":{"name":"Power infrastructure","category":"generator","osm_type":"node","osm_id":"8130580575"}},{"type":"Feature","geometry":{"type":"Point","coordinates":[-0.89858,51.44829]},"properties":{"name":"Power infrastructure","category":"generator","osm_type":"node","osm_id":"8130580576"}},{"type":"Feature","geometry":{"type":"Point","coordinates":[-0.90001,51.44985]},"properties":{"name":"Power infrastructure","category":"generator","osm_type":"node","osm_id":"8130580577"}},{"type":"Feature","geometry":{"type":"Point","coordinates":[-0.89969,51.44983]},"properties":{"name":"Power infrastructure","category":"generator","osm_type":"node","osm_id":"8130580578"}},{"type":"Feature","geometry":{"type":"Point","coordinates":[-0.89519,51.45161]},"properties":{"name":"Power infrastructure","category":"generator","osm_type":"node","osm_id":"8130580579"}},{"type":"Feature","geometry":{"type":"Point","coordinates":[-0.89855,51.45572]},"properties":{"name":"Power infrastructure","category":"generator","osm_type":"node","osm_id":"8130580580"}},{"type":"Feature","geometry":{"type":"Point","coordinates":[-0.89863,51.45572]},"properties":{"name":"Power infrastructure","category":"generator","osm_type":"node","osm_id":"8130580581"}},{"type":"Feature","geometry":{"type":"Point","coordinates":[-0.89924,51.45601]},"properties":{"name":"Power infrastructure","category":"generator","osm_type":"node","osm_id":"8130580582"}},{"type":"Feature","geometry":{"type":"Point","coordinates":[-0.90087,51.45657]},"properties":{"name":"Power infrastructure","category":"generator","osm_type":"node","osm_id":"8130580583"}},{"type":"Feature","geometry":{"type":"Point","coordinates":[-0.90095,51.45664]},"properties":{"name":"Power infrastructure","category":"generator","osm_type":"node","osm_id":"8130580584"}},{"type":"Feature","geometry":{"type":"Point","coordinates":[-0.90069,51.45672]},"properties":{"name":"Power infrastructure","category":"generator","osm_type":"node","osm_id":"8130580585"}},{"type":"Feature","geometry":{"type":"Point","coordinates":[-0.90785,51.45866]},"properties":{"name":"Power infrastructure","category":"generator","osm_type":"node","osm_id":"8130580586"}},{"type":"Feature","geometry":{"type":"Point","coordinates":[-0.90831,51.45841]},"properties":{"name":"Power infrastructure","category":"generator","osm_type":"node","osm_id":"8130580587"}},{"type":"Feature","geometry":{"type":"Point","coordinates":[-0.90832,51.45838]},"properties":{"name":"Power infrastructure","category":"generator","osm_type":"node","osm_id":"8130580588"}},{"type":"Feature","geometry":{"type":"Point","coordinates":[-0.90386,51.45354]},"properties":{"name":"Power infrastructure","category":"generator","osm_type":"node","osm_id":"8130580589"}},{"type":"Feature","geometry":{"type":"Point","coordinates":[-0.9039,51.45354]},"properties":{"name":"Power infrastructure","category":"generator","osm_type":"node","osm_id":"8130580590"}},{"type":"Feature","geometry":{"type":"Point","coordinates":[-0.90295,51.45363]},"properties":{"name":"Power infrastructure","category":"generator","osm_type":"node","osm_id":"8130580591"}},{"type":"Feature","geometry":{"type":"Point","coordinates":[-0.89911,51.45343]},"properties":{"name":"Power infrastructure","category":"generator","osm_type":"node","osm_id":"8130580592"}},{"type":"Feature","geometry":{"type":"Point","coordinates":[-0.89917,51.45335]},"properties":{"name":"Power infrastructure","category":"generator","osm_type":"node","osm_id":"8130580593"}},{"type":"Feature","geometry":{"type":"Point","coordinates":[-0.89917,51.45203]},"properties":{"name":"Power infrastructure","category":"generator","osm_type":"node","osm_id":"8130580594"}},{"type":"Feature","geometry":{"type":"Point","coordinates":[-0.90001,51.45116]},"properties":{"name":"Power infrastructure","category":"generator","osm_type":"node","osm_id":"8130580595"}},{"type":"Feature","geometry":{"type":"Point","coordinates":[-0.90146,51.45242]},"properties":{"name":"Power infrastructure","category":"generator","osm_type":"node","osm_id":"8130580596"}},{"type":"Feature","geometry":{"type":"Point","coordinates":[-0.90033,51.45335]},"properties":{"name":"Power infrastructure","category":"generator","osm_type":"node","osm_id":"8130580597"}},{"type":"Feature","geometry":{"type":"Point","coordinates":[-0.90061,51.45332]},"properties":{"name":"Power infrastructure","category":"generator","osm_type":"node","osm_id":"8130580598"}},{"type":"Feature","geometry":{"type":"Point","coordinates":[-0.90056,51.45241]},"properties":{"name":"Power infrastructure","category":"generator","osm_type":"node","osm_id":"8130580599"}},{"type":"Feature","geometry":{"type":"Point","coordinates":[-0.90059,51.45239]},"properties":{"name":"Power infrastructure","category":"generator","osm_type":"node","osm_id":"8130580600"}},{"type":"Feature","geometry":{"type":"Point","coordinates":[-0.90069,51.45203]},"properties":{"name":"Power infrastructure","category":"generator","osm_type":"node","osm_id":"8130580601"}},{"type":"Feature","geometry":{"type":"Point","coordinates":[-0.90365,51.45186]},"properties":{"name":"Power infrastructure","category":"generator","osm_type":"node","osm_id":"8130580602"}},{"type":"Feature","geometry":{"type":"Point","coordinates":[-0.90395,51.45179]},"properties":{"name":"Power infrastructure","category":"generator","osm_type":"node","osm_id":"8130580603"}},{"type":"Feature","geometry":{"type":"Point","coordinates":[-0.90355,51.4521]},"properties":{"name":"Power infrastructure","category":"generator","osm_type":"node","osm_id":"8130580604"}},{"type":"Feature","geometry":{"type":"Point","coordinates":[-0.90359,51.45231]},"properties":{"name":"Power infrastructure","category":"generator","osm_type":"node","osm_id":"8130580605"}},{"type":"Feature","geometry":{"type":"Point","coordinates":[-0.90361,51.45238]},"properties":{"name":"Power infrastructure","category":"generator","osm_type":"node","osm_id":"8130580606"}},{"type":"Feature","geometry":{"type":"Point","coordinates":[-0.9037,51.45224]},"properties":{"name":"Power infrastructure","category":"generator","osm_type":"node","osm_id":"8130580607"}},{"type":"Feature","geometry":{"type":"Point","coordinates":[-0.90375,51.45292]},"properties":{"name":"Power infrastructure","category":"generator","osm_type":"node","osm_id":"8130580610"}},{"type":"Feature","geometry":{"type":"Point","coordinates":[-0.90533,51.45009]},"properties":{"name":"Power infrastructure","category":"generator","osm_type":"node","osm_id":"8130580611"}},{"type":"Feature","geometry":{"type":"Point","coordinates":[-0.90536,51.45013]},"properties":{"name":"Power infrastructure","category":"generator","osm_type":"node","osm_id":"8130580612"}},{"type":"Feature","geometry":{"type":"Point","coordinates":[-0.90324,51.45057]},"properties":{"name":"Power infrastructure","category":"generator","osm_type":"node","osm_id":"8130580613"}},{"type":"Feature","geometry":{"type":"Point","coordinates":[-0.90427,51.44795]},"properties":{"name":"Power infrastructure","category":"generator","osm_type":"node","osm_id":"8130580614"}},{"type":"Feature","geometry":{"type":"Point","coordinates":[-0.90089,51.44334]},"properties":{"name":"Power infrastructure","category":"generator","osm_type":"node","osm_id":"8130580615"}},{"type":"Feature","geometry":{"type":"Point","coordinates":[-0.90137,51.44245]},"properties":{"name":"Power infrastructure","category":"generator","osm_type":"node","osm_id":"8130580616"}},{"type":"Feature","geometry":{"type":"Point","coordinates":[-0.89976,51.4418]},"properties":{"name":"Power infrastructure","category":"generator","osm_type":"node","osm_id":"8130630417"}},{"type":"Feature","geometry":{"type":"Point","coordinates":[-0.90158,51.44149]},"properties":{"name":"Power infrastructure","category":"generator","osm_type":"node","osm_id":"8130630418"}},{"type":"Feature","geometry":{"type":"Point","coordinates":[-0.90234,51.44136]},"properties":{"name":"Power infrastructure","category":"generator","osm_type":"node","osm_id":"8130630419"}},{"type":"Feature","geometry":{"type":"Point","coordinates":[-0.9,51.44008]},"properties":{"name":"Power infrastructure","category":"generator","osm_type":"node","osm_id":"8130630420"}},{"type":"Feature","geometry":{"type":"Point","coordinates":[-0.90012,51.44012]},"properties":{"name":"Power infrastructure","category":"generator","osm_type":"node","osm_id":"8130630421"}},{"type":"Feature","geometry":{"type":"Point","coordinates":[-0.89974,51.43986]},"properties":{"name":"Power infrastructure","category":"generator","osm_type":"node","osm_id":"8130630422"}},{"type":"Feature","geometry":{"type":"Point","coordinates":[-0.8985,51.43979]},"properties":{"name":"Power infrastructure","category":"generator","osm_type":"node","osm_id":"8130630423"}},{"type":"Feature","geometry":{"type":"Point","coordinates":[-0.90081,51.43948]},"properties":{"name":"Power infrastructure","category":"generator","osm_type":"node","osm_id":"8130630424"}},{"type":"Feature","geometry":{"type":"Point","coordinates":[-0.90401,51.44052]},"properties":{"name":"Power infrastructure","category":"generator","osm_type":"node","osm_id":"8130630425"}},{"type":"Feature","geometry":{"type":"Point","coordinates":[-0.90532,51.44124]},"properties":{"name":"Power infrastructure","category":"generator","osm_type":"node","osm_id":"8130630426"}},{"type":"Feature","geometry":{"type":"Point","coordinates":[-0.90578,51.44119]},"properties":{"name":"Power infrastructure","category":"generator","osm_type":"node","osm_id":"8130630427"}},{"type":"Feature","geometry":{"type":"Point","coordinates":[-0.90607,51.44119]},"properties":{"name":"Power infrastructure","category":"generator","osm_type":"node","osm_id":"8130630428"}},{"type":"Feature","geometry":{"type":"Point","coordinates":[-0.90814,51.4408]},"properties":{"name":"Power infrastructure","category":"generator","osm_type":"node","osm_id":"8130630429"}},{"type":"Feature","geometry":{"type":"Point","coordinates":[-0.91293,51.44112]},"properties":{"name":"Power infrastructure","category":"generator","osm_type":"node","osm_id":"8131455108"}},{"type":"Feature","geometry":{"type":"Point","coordinates":[-0.91545,51.4424]},"properties":{"name":"Power infrastructure","category":"generator","osm_type":"node","osm_id":"8131455110"}},{"type":"Feature","geometry":{"type":"Point","coordinates":[-0.91557,51.44231]},"properties":{"name":"Power infrastructure","category":"generator","osm_type":"node","osm_id":"8131455111"}},{"type":"Feature","geometry":{"type":"Point","coordinates":[-0.91777,51.44254]},"properties":{"name":"Power infrastructure","category":"generator","osm_type":"node","osm_id":"8131455112"}},{"type":"Feature","geometry":{"type":"Point","coordinates":[-0.91732,51.44372]},"properties":{"name":"Power infrastructure","category":"generator","osm_type":"node","osm_id":"8131455113"}},{"type":"Feature","geometry":{"type":"Point","coordinates":[-0.91732,51.4441]},"properties":{"name":"Power infrastructure","category":"generator","osm_type":"node","osm_id":"8131455114"}},{"type":"Feature","geometry":{"type":"Point","coordinates":[-0.91711,51.4448]},"properties":{"name":"Power infrastructure","category":"generator","osm_type":"node","osm_id":"8131455115"}},{"type":"Feature","geometry":{"type":"Point","coordinates":[-0.91701,51.44782]},"properties":{"name":"Power infrastructure","category":"generator","osm_type":"node","osm_id":"8131455116"}},{"type":"Feature","geometry":{"type":"Point","coordinates":[-0.91658,51.4478]},"properties":{"name":"Power infrastructure","category":"generator","osm_type":"node","osm_id":"8131549617"}},{"type":"Feature","geometry":{"type":"Point","coordinates":[-0.91504,51.44769]},"properties":{"name":"Power infrastructure","category":"generator","osm_type":"node","osm_id":"8131549618"}},{"type":"Feature","geometry":{"type":"Point","coordinates":[-0.90712,51.44564]},"properties":{"name":"Power infrastructure","category":"generator","osm_type":"node","osm_id":"8131549619"}},{"type":"Feature","geometry":{"type":"Point","coordinates":[-0.90099,51.44438]},"properties":{"name":"Power infrastructure","category":"generator","osm_type":"node","osm_id":"8131549620"}},{"type":"Feature","geometry":{"type":"Point","coordinates":[-0.9011,51.44441]},"properties":{"name":"Power infrastructure","category":"generator","osm_type":"node","osm_id":"8131549621"}},{"type":"Feature","geometry":{"type":"Point","coordinates":[-0.90109,51.44437]},"properties":{"name":"Power infrastructure","category":"generator","osm_type":"node","osm_id":"8131549622"}},{"type":"Feature","geometry":{"type":"Point","coordinates":[-0.8992,51.44242]},"properties":{"name":"Power infrastructure","category":"generator","osm_type":"node","osm_id":"8131549623"}},{"type":"Feature","geometry":{"type":"Point","coordinates":[-0.89719,51.4439]},"properties":{"name":"Power infrastructure","category":"generator","osm_type":"node","osm_id":"8131549624"}},{"type":"Feature","geometry":{"type":"Point","coordinates":[-0.90035,51.44624]},"properties":{"name":"Power infrastructure","category":"generator","osm_type":"node","osm_id":"8131549625"}},{"type":"Feature","geometry":{"type":"Point","coordinates":[-0.90038,51.44626]},"properties":{"name":"Power infrastructure","category":"generator","osm_type":"node","osm_id":"8131549626"}},{"type":"Feature","geometry":{"type":"Point","coordinates":[-0.90137,51.44634]},"properties":{"name":"Power infrastructure","category":"generator","osm_type":"node","osm_id":"8131549627"}},{"type":"Feature","geometry":{"type":"Point","coordinates":[-0.90829,51.44687]},"properties":{"name":"Power infrastructure","category":"generator","osm_type":"node","osm_id":"8131809751"}},{"type":"Feature","geometry":{"type":"Point","coordinates":[-0.91466,51.44848]},"properties":{"name":"Power infrastructure","category":"generator","osm_type":"node","osm_id":"8131809752"}},{"type":"Feature","geometry":{"type":"Point","coordinates":[-0.91466,51.44851]},"properties":{"name":"Power infrastructure","category":"generator","osm_type":"node","osm_id":"8131809753"}},{"type":"Feature","geometry":{"type":"Point","coordinates":[-0.91459,51.44849]},"properties":{"name":"Power infrastructure","category":"generator","osm_type":"node","osm_id":"8131809754"}},{"type":"Feature","geometry":{"type":"Point","coordinates":[-0.91502,51.45037]},"properties":{"name":"Power infrastructure","category":"generator","osm_type":"node","osm_id":"8131809755"}},{"type":"Feature","geometry":{"type":"Point","coordinates":[-0.91496,51.45037]},"properties":{"name":"Power infrastructure","category":"generator","osm_type":"node","osm_id":"8131809756"}},{"type":"Feature","geometry":{"type":"Point","coordinates":[-0.91481,51.45123]},"properties":{"name":"Power infrastructure","category":"generator","osm_type":"node","osm_id":"8131809757"}},{"type":"Feature","geometry":{"type":"Point","coordinates":[-0.91489,51.45123]},"properties":{"name":"Power infrastructure","category":"generator","osm_type":"node","osm_id":"8131809758"}},{"type":"Feature","geometry":{"type":"Point","coordinates":[-0.91747,51.45424]},"properties":{"name":"Power infrastructure","category":"generator","osm_type":"node","osm_id":"8131809759"}},{"type":"Feature","geometry":{"type":"Point","coordinates":[-0.91621,51.4534]},"properties":{"name":"Power infrastructure","category":"generator","osm_type":"node","osm_id":"8131809760"}},{"type":"Feature","geometry":{"type":"Point","coordinates":[-0.91631,51.45347]},"properties":{"name":"Power infrastructure","category":"generator","osm_type":"node","osm_id":"8131809761"}},{"type":"Feature","geometry":{"type":"Point","coordinates":[-0.91158,51.45718]},"properties":{"name":"Power infrastructure","category":"generator","osm_type":"node","osm_id":"8131809762"}},{"type":"Feature","geometry":{"type":"Point","coordinates":[-0.91047,51.45442]},"properties":{"name":"Power infrastructure","category":"generator","osm_type":"node","osm_id":"8131809763"}},{"type":"Feature","geometry":{"type":"Point","coordinates":[-0.91194,51.45791]},"properties":{"name":"Power infrastructure","category":"generator","osm_type":"node","osm_id":"8131809765"}},{"type":"Feature","geometry":{"type":"Point","coordinates":[-0.912,51.45791]},"properties":{"name":"Power infrastructure","category":"generator","osm_type":"node","osm_id":"8131809766"}},{"type":"Feature","geometry":{"type":"Point","coordinates":[-0.90902,51.45936]},"properties":{"name":"Power infrastructure","category":"generator","osm_type":"node","osm_id":"8131809767"}},{"type":"Feature","geometry":{"type":"Point","coordinates":[-0.90216,51.46184]},"properties":{"name":"Power infrastructure","category":"generator","osm_type":"node","osm_id":"8131809768"}},{"type":"Feature","geometry":{"type":"Point","coordinates":[-0.93519,51.45796]},"properties":{"name":"Power infrastructure","category":"generator","osm_type":"node","osm_id":"8131826709"}},{"type":"Feature","geometry":{"type":"Point","coordinates":[-0.93506,51.45796]},"properties":{"name":"Power infrastructure","category":"generator","osm_type":"node","osm_id":"8131826710"}},{"type":"Feature","geometry":{"type":"Point","coordinates":[-0.93494,51.45797]},"properties":{"name":"Power infrastructure","category":"generator","osm_type":"node","osm_id":"8131826711"}},{"type":"Feature","geometry":{"type":"Point","coordinates":[-0.93483,51.45797]},"properties":{"name":"Power infrastructure","category":"generator","osm_type":"node","osm_id":"8131826712"}},{"type":"Feature","geometry":{"type":"Point","coordinates":[-0.93414,51.45685]},"properties":{"name":"Power infrastructure","category":"generator","osm_type":"node","osm_id":"8131882820"}},{"type":"Feature","geometry":{"type":"Point","coordinates":[-0.93409,51.45681]},"properties":{"name":"Power infrastructure","category":"generator","osm_type":"node","osm_id":"8131882821"}},{"type":"Feature","geometry":{"type":"Point","coordinates":[-0.93423,51.4568]},"properties":{"name":"Power infrastructure","category":"generator","osm_type":"node","osm_id":"8131882822"}},{"type":"Feature","geometry":{"type":"Point","coordinates":[-0.93417,51.45676]},"properties":{"name":"Power infrastructure","category":"generator","osm_type":"node","osm_id":"8131882823"}},{"type":"Feature","geometry":{"type":"Point","coordinates":[-0.93426,51.45671]},"properties":{"name":"Power infrastructure","category":"generator","osm_type":"node","osm_id":"8131882824"}},{"type":"Feature","geometry":{"type":"Point","coordinates":[-0.93431,51.45675]},"properties":{"name":"Power infrastructure","category":"generator","osm_type":"node","osm_id":"8131882825"}},{"type":"Feature","geometry":{"type":"Point","coordinates":[-0.93439,51.4567]},"properties":{"name":"Power infrastructure","category":"generator","osm_type":"node","osm_id":"8131882826"}},{"type":"Feature","geometry":{"type":"Point","coordinates":[-0.93433,51.45667]},"properties":{"name":"Power infrastructure","category":"generator","osm_type":"node","osm_id":"8131882827"}},{"type":"Feature","geometry":{"type":"Point","coordinates":[-0.93403,51.45685]},"properties":{"name":"Power infrastructure","category":"generator","osm_type":"node","osm_id":"8131882828"}},{"type":"Feature","geometry":{"type":"Point","coordinates":[-0.93408,51.45689]},"properties":{"name":"Power infrastructure","category":"generator","osm_type":"node","osm_id":"8131882829"}},{"type":"Feature","geometry":{"type":"Point","coordinates":[-0.93408,51.45853]},"properties":{"name":"Power infrastructure","category":"generator","osm_type":"node","osm_id":"8131882830"}},{"type":"Feature","geometry":{"type":"Point","coordinates":[-0.93403,51.45849]},"properties":{"name":"Power infrastructure","category":"generator","osm_type":"node","osm_id":"8131882831"}},{"type":"Feature","geometry":{"type":"Point","coordinates":[-0.93609,51.45527]},"properties":{"name":"Power infrastructure","category":"generator","osm_type":"node","osm_id":"8131882832"}},{"type":"Feature","geometry":{"type":"Point","coordinates":[-0.93606,51.4553]},"properties":{"name":"Power infrastructure","category":"generator","osm_type":"node","osm_id":"8131882833"}},{"type":"Feature","geometry":{"type":"Point","coordinates":[-0.93382,51.45342]},"properties":{"name":"Power infrastructure","category":"generator","osm_type":"node","osm_id":"8131882834"}},{"type":"Feature","geometry":{"type":"Point","coordinates":[-0.9336,51.45329]},"properties":{"name":"Power infrastructure","category":"generator","osm_type":"node","osm_id":"8131882835"}},{"type":"Feature","geometry":{"type":"Point","coordinates":[-0.93262,51.45247]},"properties":{"name":"Power infrastructure","category":"generator","osm_type":"node","osm_id":"8131882836"}},{"type":"Feature","geometry":{"type":"Point","coordinates":[-0.93172,51.45195]},"properties":{"name":"Power infrastructure","category":"generator","osm_type":"node","osm_id":"8131882837"}},{"type":"Feature","geometry":{"type":"Point","coordinates":[-0.93134,51.44889]},"properties":{"name":"Power infrastructure","category":"generator","osm_type":"node","osm_id":"8131882838"}},{"type":"Feature","geometry":{"type":"Point","coordinates":[-0.93127,51.44885]},"properties":{"name":"Power infrastructure","category":"generator","osm_type":"node","osm_id":"8131882839"}},{"type":"Feature","geometry":{"type":"Point","coordinates":[-0.92837,51.44654]},"properties":{"name":"Power infrastructure","category":"generator","osm_type":"node","osm_id":"8131882840"}},{"type":"Feature","geometry":{"type":"Point","coordinates":[-0.93213,51.45222]},"properties":{"name":"Power infrastructure","category":"generator","osm_type":"node","osm_id":"8131882841"}},{"type":"Feature","geometry":{"type":"Point","coordinates":[-0.93219,51.45223]},"properties":{"name":"Power infrastructure","category":"generator","osm_type":"node","osm_id":"8131882842"}},{"type":"Feature","geometry":{"type":"Point","coordinates":[-0.92894,51.45844]},"properties":{"name":"Power infrastructure","category":"generator","osm_type":"node","osm_id":"8131913545"}},{"type":"Feature","geometry":{"type":"Point","coordinates":[-0.93067,51.45795]},"properties":{"name":"Power infrastructure","category":"generator","osm_type":"node","osm_id":"8131913546"}},{"type":"Feature","geometry":{"type":"Point","coordinates":[-0.92083,51.45855]},"properties":{"name":"Power infrastructure","category":"generator","osm_type":"node","osm_id":"8131913547"}},{"type":"Feature","geometry":{"type":"Point","coordinates":[-0.92079,51.45853]},"properties":{"name":"Power infrastructure","category":"generator","osm_type":"node","osm_id":"8131913548"}},{"type":"Feature","geometry":{"type":"Point","coordinates":[-0.92278,51.45829]},"properties":{"name":"Power infrastructure","category":"generator","osm_type":"node","osm_id":"8131913549"}},{"type":"Feature","geometry":{"type":"Point","coordinates":[-0.92272,51.45829]},"properties":{"name":"Power infrastructure","category":"generator","osm_type":"node","osm_id":"8131913550"}},{"type":"Feature","geometry":{"type":"Point","coordinates":[-0.92556,51.45529]},"properties":{"name":"Power infrastructure","category":"generator","osm_type":"node","osm_id":"8131913551"}},{"type":"Feature","geometry":{"type":"Point","coordinates":[-0.92615,51.45539]},"properties":{"name":"Power infrastructure","category":"generator","osm_type":"node","osm_id":"8131913552"}},{"type":"Feature","geometry":{"type":"Point","coordinates":[-0.92723,51.45528]},"properties":{"name":"Power infrastructure","category":"generator","osm_type":"node","osm_id":"8131913553"}},{"type":"Feature","geometry":{"type":"Point","coordinates":[-0.92743,51.45504]},"properties":{"name":"Power infrastructure","category":"generator","osm_type":"node","osm_id":"8131913554"}},{"type":"Feature","geometry":{"type":"Point","coordinates":[-0.9283,51.45455]},"properties":{"name":"Power infrastructure","category":"generator","osm_type":"node","osm_id":"8131913555"}},{"type":"Feature","geometry":{"type":"Point","coordinates":[-0.92847,51.45457]},"properties":{"name":"Power infrastructure","category":"generator","osm_type":"node","osm_id":"8131913556"}},{"type":"Feature","geometry":{"type":"Point","coordinates":[-0.92578,51.45332]},"properties":{"name":"Power infrastructure","category":"generator","osm_type":"node","osm_id":"8131913557"}},{"type":"Feature","geometry":{"type":"Point","coordinates":[-0.92877,51.45241]},"properties":{"name":"Power infrastructure","category":"generator","osm_type":"node","osm_id":"8131913559"}},{"type":"Feature","geometry":{"type":"Point","coordinates":[-0.92874,51.45241]},"properties":{"name":"Power infrastructure","category":"generator","osm_type":"node","osm_id":"8131913560"}},{"type":"Feature","geometry":{"type":"Point","coordinates":[-0.92962,51.45157]},"properties":{"name":"Power infrastructure","category":"generator","osm_type":"node","osm_id":"8131913561"}},{"type":"Feature","geometry":{"type":"Point","coordinates":[-0.92957,51.45153]},"properties":{"name":"Power infrastructure","category":"generator","osm_type":"node","osm_id":"8131913562"}},{"type":"Feature","geometry":{"type":"Point","coordinates":[-0.9295,51.45147]},"properties":{"name":"Power infrastructure","category":"generator","osm_type":"node","osm_id":"8131913563"}},{"type":"Feature","geometry":{"type":"Point","coordinates":[-0.92945,51.45143]},"properties":{"name":"Power infrastructure","category":"generator","osm_type":"node","osm_id":"8131913564"}},{"type":"Feature","geometry":{"type":"Point","coordinates":[-0.92938,51.45138]},"properties":{"name":"Power infrastructure","category":"generator","osm_type":"node","osm_id":"8131913565"}},{"type":"Feature","geometry":{"type":"Point","coordinates":[-0.92933,51.45134]},"properties":{"name":"Power infrastructure","category":"generator","osm_type":"node","osm_id":"8131913566"}},{"type":"Feature","geometry":{"type":"Point","coordinates":[-0.92816,51.45175]},"properties":{"name":"Power infrastructure","category":"generator","osm_type":"node","osm_id":"8131913567"}},{"type":"Feature","geometry":{"type":"Point","coordinates":[-0.92825,51.45175]},"properties":{"name":"Power infrastructure","category":"generator","osm_type":"node","osm_id":"8131913568"}},{"type":"Feature","geometry":{"type":"Point","coordinates":[-0.9284,51.45177]},"properties":{"name":"Power infrastructure","category":"generator","osm_type":"node","osm_id":"8131913569"}},{"type":"Feature","geometry":{"type":"Point","coordinates":[-0.92847,51.45177]},"properties":{"name":"Power infrastructure","category":"generator","osm_type":"node","osm_id":"8131913570"}},{"type":"Feature","geometry":{"type":"Point","coordinates":[-0.92859,51.45176]},"properties":{"name":"Power infrastructure","category":"generator","osm_type":"node","osm_id":"8131913571"}},{"type":"Feature","geometry":{"type":"Point","coordinates":[-0.92867,51.45174]},"properties":{"name":"Power infrastructure","category":"generator","osm_type":"node","osm_id":"8131913572"}},{"type":"Feature","geometry":{"type":"Point","coordinates":[-0.92874,51.45167]},"properties":{"name":"Power infrastructure","category":"generator","osm_type":"node","osm_id":"8131913573"}},{"type":"Feature","geometry":{"type":"Point","coordinates":[-0.92882,51.45165]},"properties":{"name":"Power infrastructure","category":"generator","osm_type":"node","osm_id":"8131913574"}},{"type":"Feature","geometry":{"type":"Point","coordinates":[-0.92891,51.45158]},"properties":{"name":"Power infrastructure","category":"generator","osm_type":"node","osm_id":"8131913575"}},{"type":"Feature","geometry":{"type":"Point","coordinates":[-0.92896,51.45155]},"properties":{"name":"Power infrastructure","category":"generator","osm_type":"node","osm_id":"8131913576"}},{"type":"Feature","geometry":{"type":"Point","coordinates":[-0.92906,51.45154]},"properties":{"name":"Power infrastructure","category":"generator","osm_type":"node","osm_id":"8131913577"}},{"type":"Feature","geometry":{"type":"Point","coordinates":[-0.92911,51.45149]},"properties":{"name":"Power infrastructure","category":"generator","osm_type":"node","osm_id":"8131913578"}},{"type":"Feature","geometry":{"type":"Point","coordinates":[-0.92816,51.45196]},"properties":{"name":"Power infrastructure","category":"generator","osm_type":"node","osm_id":"8131913579"}},{"type":"Feature","geometry":{"type":"Point","coordinates":[-0.9281,51.45217]},"properties":{"name":"Power infrastructure","category":"generator","osm_type":"node","osm_id":"8131913580"}},{"type":"Feature","geometry":{"type":"Point","coordinates":[-0.9165,51.46053]},"properties":{"name":"Power infrastructure","category":"generator","osm_type":"node","osm_id":"8131939122"}},{"type":"Feature","geometry":{"type":"Point","coordinates":[-0.91589,51.4607]},"properties":{"name":"Power infrastructure","category":"generator","osm_type":"node","osm_id":"8131939129"}},{"type":"Feature","geometry":{"type":"Point","coordinates":[-0.91572,51.45866]},"properties":{"name":"Power infrastructure","category":"generator","osm_type":"node","osm_id":"8131939130"}},{"type":"Feature","geometry":{"type":"Point","coordinates":[-0.90565,51.46208]},"properties":{"name":"Power infrastructure","category":"generator","osm_type":"node","osm_id":"8131939131"}},{"type":"Feature","geometry":{"type":"Point","coordinates":[-0.90249,51.46106]},"properties":{"name":"Power infrastructure","category":"generator","osm_type":"node","osm_id":"8131939132"}},{"type":"Feature","geometry":{"type":"Point","coordinates":[-0.90076,51.45802]},"properties":{"name":"Power infrastructure","category":"generator","osm_type":"node","osm_id":"8131939133"}},{"type":"Feature","geometry":{"type":"Point","coordinates":[-0.89838,51.45599]},"properties":{"name":"Power infrastructure","category":"generator","osm_type":"node","osm_id":"8131939135"}},{"type":"Feature","geometry":{"type":"Point","coordinates":[-0.89852,51.45596]},"properties":{"name":"Power infrastructure","category":"generator","osm_type":"node","osm_id":"8131939136"}},{"type":"Feature","geometry":{"type":"Point","coordinates":[-0.90209,51.45492]},"properties":{"name":"Power infrastructure","category":"generator","osm_type":"node","osm_id":"8131939137"}},{"type":"Feature","geometry":{"type":"Point","coordinates":[-0.90245,51.45455]},"properties":{"name":"Power infrastructure","category":"generator","osm_type":"node","osm_id":"8131939138"}},{"type":"Feature","geometry":{"type":"Point","coordinates":[-0.90077,51.45396]},"properties":{"name":"Power infrastructure","category":"generator","osm_type":"node","osm_id":"8131939139"}},{"type":"Feature","geometry":{"type":"Point","coordinates":[-0.90085,51.45383]},"properties":{"name":"Power infrastructure","category":"generator","osm_type":"node","osm_id":"8131939140"}},{"type":"Feature","geometry":{"type":"Point","coordinates":[-0.90085,51.45375]},"properties":{"name":"Power infrastructure","category":"generator","osm_type":"node","osm_id":"8131939141"}},{"type":"Feature","geometry":{"type":"Point","coordinates":[-0.90079,51.45375]},"properties":{"name":"Power infrastructure","category":"generator","osm_type":"node","osm_id":"8131939142"}},{"type":"Feature","geometry":{"type":"Point","coordinates":[-0.90078,51.45382]},"properties":{"name":"Power infrastructure","category":"generator","osm_type":"node","osm_id":"8131939143"}},{"type":"Feature","geometry":{"type":"Point","coordinates":[-0.90738,51.45286]},"properties":{"name":"Power infrastructure","category":"generator","osm_type":"node","osm_id":"8131961150"}},{"type":"Feature","geometry":{"type":"Point","coordinates":[-0.90733,51.45289]},"properties":{"name":"Power infrastructure","category":"generator","osm_type":"node","osm_id":"8131961151"}},{"type":"Feature","geometry":{"type":"Point","coordinates":[-0.91427,51.45175]},"properties":{"name":"Power infrastructure","category":"generator","osm_type":"node","osm_id":"8131961152"}},{"type":"Feature","geometry":{"type":"Point","coordinates":[-0.91184,51.45072]},"properties":{"name":"Power infrastructure","category":"generator","osm_type":"node","osm_id":"8131961153"}},{"type":"Feature","geometry":{"type":"Point","coordinates":[-0.9119,51.45069]},"properties":{"name":"Power infrastructure","category":"generator","osm_type":"node","osm_id":"8131961154"}},{"type":"Feature","geometry":{"type":"Point","coordinates":[-0.91076,51.44894]},"properties":{"name":"Power infrastructure","category":"generator","osm_type":"node","osm_id":"8131961155"}},{"type":"Feature","geometry":{"type":"Point","coordinates":[-0.91071,51.44895]},"properties":{"name":"Power infrastructure","category":"generator","osm_type":"node","osm_id":"8131961156"}},{"type":"Feature","geometry":{"type":"Point","coordinates":[-0.91062,51.44892]},"properties":{"name":"Power infrastructure","category":"generator","osm_type":"node","osm_id":"8131961157"}},{"type":"Feature","geometry":{"type":"Point","coordinates":[-0.91056,51.44894]},"properties":{"name":"Power infrastructure","category":"generator","osm_type":"node","osm_id":"8131961158"}},{"type":"Feature","geometry":{"type":"Point","coordinates":[-0.90906,51.44781]},"properties":{"name":"Power infrastructure","category":"generator","osm_type":"node","osm_id":"8131961159"}},{"type":"Feature","geometry":{"type":"Point","coordinates":[-0.91701,51.4476]},"properties":{"name":"Power infrastructure","category":"generator","osm_type":"node","osm_id":"8131961160"}},{"type":"Feature","geometry":{"type":"Point","coordinates":[-0.92582,51.44935]},"properties":{"name":"Power infrastructure","category":"generator","osm_type":"node","osm_id":"8131961161"}},{"type":"Feature","geometry":{"type":"Point","coordinates":[-0.93365,51.44277]},"properties":{"name":"Power infrastructure","category":"generator","osm_type":"node","osm_id":"8131965341"}},{"type":"Feature","geometry":{"type":"Point","coordinates":[-0.94602,51.44111]},"properties":{"name":"Power infrastructure","category":"generator","osm_type":"node","osm_id":"8131965342"}},{"type":"Feature","geometry":{"type":"Point","coordinates":[-0.94557,51.44125]},"properties":{"name":"Power infrastructure","category":"generator","osm_type":"node","osm_id":"8131965343"}},{"type":"Feature","geometry":{"type":"Point","coordinates":[-0.94596,51.44071]},"properties":{"name":"Power infrastructure","category":"generator","osm_type":"node","osm_id":"8131965344"}},{"type":"Feature","geometry":{"type":"Point","coordinates":[-0.94626,51.43683]},"properties":{"name":"Power infrastructure","category":"generator","osm_type":"node","osm_id":"8131965345"}},{"type":"Feature","geometry":{"type":"Point","coordinates":[-0.94593,51.43604]},"properties":{"name":"Power infrastructure","category":"generator","osm_type":"node","osm_id":"8131965346"}},{"type":"Feature","geometry":{"type":"Point","coordinates":[-0.92673,51.43776]},"properties":{"name":"Power infrastructure","category":"generator","osm_type":"node","osm_id":"8131965347"}},{"type":"Feature","geometry":{"type":"Point","coordinates":[-0.92665,51.43779]},"properties":{"name":"Power infrastructure","category":"generator","osm_type":"node","osm_id":"8131965348"}},{"type":"Feature","geometry":{"type":"Point","coordinates":[-0.92676,51.43785]},"properties":{"name":"Power infrastructure","category":"generator","osm_type":"node","osm_id":"8131965349"}},{"type":"Feature","geometry":{"type":"Point","coordinates":[-0.92696,51.4379]},"properties":{"name":"Power infrastructure","category":"generator","osm_type":"node","osm_id":"8131965350"}},{"type":"Feature","geometry":{"type":"Point","coordinates":[-0.92702,51.43799]},"properties":{"name":"Power infrastructure","category":"generator","osm_type":"node","osm_id":"8131965351"}},{"type":"Feature","geometry":{"type":"Point","coordinates":[-0.92643,51.43804]},"properties":{"name":"Power infrastructure","category":"generator","osm_type":"node","osm_id":"8131965352"}},{"type":"Feature","geometry":{"type":"Point","coordinates":[-0.92656,51.43546]},"properties":{"name":"Power infrastructure","category":"generator","osm_type":"node","osm_id":"8131965353"}},{"type":"Feature","geometry":{"type":"Point","coordinates":[-0.92521,51.43425]},"properties":{"name":"Power infrastructure","category":"generator","osm_type":"node","osm_id":"8131965354"}},{"type":"Feature","geometry":{"type":"Point","coordinates":[-0.8775,51.4589]},"properties":{"name":"Power infrastructure","category":"generator","osm_type":"node","osm_id":"8133810913"}},{"type":"Feature","geometry":{"type":"Point","coordinates":[-0.87737,51.45894]},"properties":{"name":"Power infrastructure","category":"generator","osm_type":"node","osm_id":"8133810914"}},{"type":"Feature","geometry":{"type":"Point","coordinates":[-0.88035,51.45857]},"properties":{"name":"Power infrastructure","category":"generator","osm_type":"node","osm_id":"8133810915"}},{"type":"Feature","geometry":{"type":"Point","coordinates":[-0.8773,51.45896]},"properties":{"name":"Power infrastructure","category":"generator","osm_type":"node","osm_id":"8133810916"}},{"type":"Feature","geometry":{"type":"Point","coordinates":[-0.88043,51.45859]},"properties":{"name":"Power infrastructure","category":"generator","osm_type":"node","osm_id":"8133818217"}},{"type":"Feature","geometry":{"type":"Point","coordinates":[-0.87744,51.45892]},"properties":{"name":"Power infrastructure","category":"generator","osm_type":"node","osm_id":"8133818218"}},{"type":"Feature","geometry":{"type":"Point","coordinates":[-0.93037,51.44586]},"properties":{"name":"Power infrastructure","category":"generator","osm_type":"node","osm_id":"8134091398"}},{"type":"Feature","geometry":{"type":"Point","coordinates":[-0.9255,51.44431]},"properties":{"name":"Power infrastructure","category":"generator","osm_type":"node","osm_id":"8134091399"}},{"type":"Feature","geometry":{"type":"Point","coordinates":[-0.93149,51.4445]},"properties":{"name":"Power infrastructure","category":"generator","osm_type":"node","osm_id":"8134091400"}},{"type":"Feature","geometry":{"type":"Point","coordinates":[-0.93795,51.44979]},"properties":{"name":"Power infrastructure","category":"generator","osm_type":"node","osm_id":"8134091401"}},{"type":"Feature","geometry":{"type":"Point","coordinates":[-0.93352,51.45003]},"properties":{"name":"Power infrastructure","category":"generator","osm_type":"node","osm_id":"8134091402"}},{"type":"Feature","geometry":{"type":"Point","coordinates":[-0.93098,51.44416]},"properties":{"name":"Power infrastructure","category":"generator","osm_type":"node","osm_id":"8134091403"}},{"type":"Feature","geometry":{"type":"Point","coordinates":[-0.93839,51.44966]},"properties":{"name":"Power infrastructure","category":"generator","osm_type":"node","osm_id":"8134091404"}},{"type":"Feature","geometry":{"type":"Point","coordinates":[-0.93108,51.44416]},"properties":{"name":"Power infrastructure","category":"generator","osm_type":"node","osm_id":"8134091405"}},{"type":"Feature","geometry":{"type":"Point","coordinates":[-0.93818,51.44975]},"properties":{"name":"Power infrastructure","category":"generator","osm_type":"node","osm_id":"8134091406"}},{"type":"Feature","geometry":{"type":"Point","coordinates":[-0.93191,51.44491]},"properties":{"name":"Power infrastructure","category":"generator","osm_type":"node","osm_id":"8134091407"}},{"type":"Feature","geometry":{"type":"Point","coordinates":[-0.91192,51.43524]},"properties":{"name":"Power infrastructure","category":"generator","osm_type":"node","osm_id":"8134127674"}},{"type":"Feature","geometry":{"type":"Point","coordinates":[-0.90776,51.43412]},"properties":{"name":"Power infrastructure","category":"generator","osm_type":"node","osm_id":"8134127675"}},{"type":"Feature","geometry":{"type":"Point","coordinates":[-0.91329,51.43991]},"properties":{"name":"Power infrastructure","category":"generator","osm_type":"node","osm_id":"8134127676"}},{"type":"Feature","geometry":{"type":"Point","coordinates":[-0.91156,51.43417]},"properties":{"name":"Power infrastructure","category":"generator","osm_type":"node","osm_id":"8134127677"}},{"type":"Feature","geometry":{"type":"Point","coordinates":[-0.90864,51.43725]},"properties":{"name":"Power infrastructure","category":"generator","osm_type":"node","osm_id":"8134127678"}},{"type":"Feature","geometry":{"type":"Point","coordinates":[-0.91306,51.43537]},"properties":{"name":"Power infrastructure","category":"generator","osm_type":"node","osm_id":"8134127679"}},{"type":"Feature","geometry":{"type":"Point","coordinates":[-0.91034,51.43627]},"properties":{"name":"Power infrastructure","category":"generator","osm_type":"node","osm_id":"8134127680"}},{"type":"Feature","geometry":{"type":"Point","coordinates":[-0.90731,51.43602]},"properties":{"name":"Power infrastructure","category":"generator","osm_type":"node","osm_id":"8134127681"}},{"type":"Feature","geometry":{"type":"Point","coordinates":[-0.91169,51.43464]},"properties":{"name":"Power infrastructure","category":"generator","osm_type":"node","osm_id":"8134127682"}},{"type":"Feature","geometry":{"type":"Point","coordinates":[-0.91167,51.43503]},"properties":{"name":"Power infrastructure","category":"generator","osm_type":"node","osm_id":"8134127683"}},{"type":"Feature","geometry":{"type":"Point","coordinates":[-0.90726,51.436]},"properties":{"name":"Power infrastructure","category":"generator","osm_type":"node","osm_id":"8134127684"}},{"type":"Feature","geometry":{"type":"Point","coordinates":[-0.91209,51.43511]},"properties":{"name":"Power infrastructure","category":"generator","osm_type":"node","osm_id":"8134127685"}},{"type":"Feature","geometry":{"type":"Point","coordinates":[-0.90451,51.43805]},"properties":{"name":"Power infrastructure","category":"generator","osm_type":"node","osm_id":"8134127686"}},{"type":"Feature","geometry":{"type":"Point","coordinates":[-0.90604,51.43566]},"properties":{"name":"Power infrastructure","category":"generator","osm_type":"node","osm_id":"8134127687"}},{"type":"Feature","geometry":{"type":"Point","coordinates":[-0.9116,51.43484]},"properties":{"name":"Power infrastructure","category":"generator","osm_type":"node","osm_id":"8134127688"}},{"type":"Feature","geometry":{"type":"Point","coordinates":[-0.90426,51.43502]},"properties":{"name":"Power infrastructure","category":"generator","osm_type":"node","osm_id":"8134127689"}},{"type":"Feature","geometry":{"type":"Point","coordinates":[-0.90513,51.43662]},"properties":{"name":"Power infrastructure","category":"generator","osm_type":"node","osm_id":"8134127690"}},{"type":"Feature","geometry":{"type":"Point","coordinates":[-0.91301,51.43539]},"properties":{"name":"Power infrastructure","category":"generator","osm_type":"node","osm_id":"8134127691"}},{"type":"Feature","geometry":{"type":"Point","coordinates":[-0.91173,51.43528]},"properties":{"name":"Power infrastructure","category":"generator","osm_type":"node","osm_id":"8134127692"}},{"type":"Feature","geometry":{"type":"Point","coordinates":[-0.9037,51.43808]},"properties":{"name":"Power infrastructure","category":"generator","osm_type":"node","osm_id":"8134127693"}},{"type":"Feature","geometry":{"type":"Point","coordinates":[-0.91134,51.43412]},"properties":{"name":"Power infrastructure","category":"generator","osm_type":"node","osm_id":"8134127694"}},{"type":"Feature","geometry":{"type":"Point","coordinates":[-0.91178,51.43511]},"properties":{"name":"Power infrastructure","category":"generator","osm_type":"node","osm_id":"8134127695"}},{"type":"Feature","geometry":{"type":"Point","coordinates":[-0.91027,51.43631]},"properties":{"name":"Power infrastructure","category":"generator","osm_type":"node","osm_id":"8134127696"}},{"type":"Feature","geometry":{"type":"Point","coordinates":[-0.90866,51.43722]},"properties":{"name":"Power infrastructure","category":"generator","osm_type":"node","osm_id":"8134127697"}},{"type":"Feature","geometry":{"type":"Point","coordinates":[-0.90724,51.43486]},"properties":{"name":"Power infrastructure","category":"generator","osm_type":"node","osm_id":"8134127698"}},{"type":"Feature","geometry":{"type":"Point","coordinates":[-0.9118,51.43489]},"properties":{"name":"Power infrastructure","category":"generator","osm_type":"node","osm_id":"8134127699"}},{"type":"Feature","geometry":{"type":"Point","coordinates":[-0.90363,51.4381]},"properties":{"name":"Power infrastructure","category":"generator","osm_type":"node","osm_id":"8134127700"}},{"type":"Feature","geometry":{"type":"Point","coordinates":[-0.90729,51.43487]},"properties":{"name":"Power infrastructure","category":"generator","osm_type":"node","osm_id":"8134127701"}},{"type":"Feature","geometry":{"type":"Point","coordinates":[-0.90874,51.43457]},"properties":{"name":"Power infrastructure","category":"generator","osm_type":"node","osm_id":"8134127702"}},{"type":"Feature","geometry":{"type":"Point","coordinates":[-0.91389,51.43458]},"properties":{"name":"Power infrastructure","category":"generator","osm_type":"node","osm_id":"8135076483"}},{"type":"Feature","geometry":{"type":"Point","coordinates":[-0.91911,51.43834]},"properties":{"name":"Power infrastructure","category":"generator","osm_type":"node","osm_id":"8135076484"}},{"type":"Feature","geometry":{"type":"Point","coordinates":[-0.91388,51.43463]},"properties":{"name":"Power infrastructure","category":"generator","osm_type":"node","osm_id":"8135076485"}},{"type":"Feature","geometry":{"type":"Point","coordinates":[-0.91494,51.43815]},"properties":{"name":"Power infrastructure","category":"generator","osm_type":"node","osm_id":"8135076486"}},{"type":"Feature","geometry":{"type":"Point","coordinates":[-0.91904,51.43828]},"properties":{"name":"Power infrastructure","category":"generator","osm_type":"node","osm_id":"8135076487"}},{"type":"Feature","geometry":{"type":"Point","coordinates":[-0.91908,51.4383]},"properties":{"name":"Power infrastructure","category":"generator","osm_type":"node","osm_id":"8135076488"}},{"type":"Feature","geometry":{"type":"Point","coordinates":[-0.91287,51.43422]},"properties":{"name":"Power infrastructure","category":"generator","osm_type":"node","osm_id":"8135076489"}},{"type":"Feature","geometry":{"type":"Point","coordinates":[-0.91436,51.4352]},"properties":{"name":"Power infrastructure","category":"generator","osm_type":"node","osm_id":"8135076490"}},{"type":"Feature","geometry":{"type":"Point","coordinates":[-0.91612,51.43746]},"properties":{"name":"Power infrastructure","category":"generator","osm_type":"node","osm_id":"8135076491"}},{"type":"Feature","geometry":{"type":"Point","coordinates":[-0.91702,51.43847]},"properties":{"name":"Power infrastructure","category":"generator","osm_type":"node","osm_id":"8135076492"}},{"type":"Feature","geometry":{"type":"Point","coordinates":[-0.91304,51.43897]},"properties":{"name":"Power infrastructure","category":"generator","osm_type":"node","osm_id":"8135076493"}},{"type":"Feature","geometry":{"type":"Point","coordinates":[-0.9131,51.43898]},"properties":{"name":"Power infrastructure","category":"generator","osm_type":"node","osm_id":"8135076494"}},{"type":"Feature","geometry":{"type":"Point","coordinates":[-0.91833,51.4352]},"properties":{"name":"Power infrastructure","category":"generator","osm_type":"node","osm_id":"8135076495"}},{"type":"Feature","geometry":{"type":"Point","coordinates":[-0.91986,51.43519]},"properties":{"name":"Power infrastructure","category":"generator","osm_type":"node","osm_id":"8135076496"}},{"type":"Feature","geometry":{"type":"Point","coordinates":[-0.92393,51.43915]},"properties":{"name":"Power infrastructure","category":"generator","osm_type":"node","osm_id":"8135076497"}},{"type":"Feature","geometry":{"type":"Point","coordinates":[-0.9244,51.43935]},"properties":{"name":"Power infrastructure","category":"generator","osm_type":"node","osm_id":"8135076498"}},{"type":"Feature","geometry":{"type":"Point","coordinates":[-0.91648,51.43541]},"properties":{"name":"Power infrastructure","category":"generator","osm_type":"node","osm_id":"8135076499"}},{"type":"Feature","geometry":{"type":"Point","coordinates":[-0.91783,51.43945]},"properties":{"name":"Power infrastructure","category":"generator","osm_type":"node","osm_id":"8135076500"}},{"type":"Feature","geometry":{"type":"Point","coordinates":[-0.9148,51.43755]},"properties":{"name":"Power infrastructure","category":"generator","osm_type":"node","osm_id":"8135076501"}},{"type":"Feature","geometry":{"type":"Point","coordinates":[-0.91457,51.43765]},"properties":{"name":"Power infrastructure","category":"generator","osm_type":"node","osm_id":"8135076502"}},{"type":"Feature","geometry":{"type":"Point","coordinates":[-0.92434,51.43934]},"properties":{"name":"Power infrastructure","category":"generator","osm_type":"node","osm_id":"8135076503"}},{"type":"Feature","geometry":{"type":"Point","coordinates":[-0.91282,51.43421]},"properties":{"name":"Power infrastructure","category":"generator","osm_type":"node","osm_id":"8135076504"}},{"type":"Feature","geometry":{"type":"Point","coordinates":[-0.92397,51.43999]},"properties":{"name":"Power infrastructure","category":"generator","osm_type":"node","osm_id":"8135076505"}},{"type":"Feature","geometry":{"type":"Point","coordinates":[-0.91919,51.43757]},"properties":{"name":"Power infrastructure","category":"generator","osm_type":"node","osm_id":"8135076506"}},{"type":"Feature","geometry":{"type":"Point","coordinates":[-0.91789,51.43947]},"properties":{"name":"Power infrastructure","category":"generator","osm_type":"node","osm_id":"8135076507"}},{"type":"Feature","geometry":{"type":"Point","coordinates":[-0.92299,51.4392]},"properties":{"name":"Power infrastructure","category":"generator","osm_type":"node","osm_id":"8135076508"}},{"type":"Feature","geometry":{"type":"Point","coordinates":[-0.92405,51.44003]},"properties":{"name":"Power infrastructure","category":"generator","osm_type":"node","osm_id":"8135076509"}},{"type":"Feature","geometry":{"type":"Point","coordinates":[-0.9191,51.43832]},"properties":{"name":"Power infrastructure","category":"generator","osm_type":"node","osm_id":"8135076510"}},{"type":"Feature","geometry":{"type":"Point","coordinates":[-0.91832,51.43549]},"properties":{"name":"Power infrastructure","category":"generator","osm_type":"node","osm_id":"8135076511"}},{"type":"Feature","geometry":{"type":"Point","coordinates":[-0.91915,51.43758]},"properties":{"name":"Power infrastructure","category":"generator","osm_type":"node","osm_id":"8135076512"}},{"type":"Feature","geometry":{"type":"Point","coordinates":[-0.91488,51.43814]},"properties":{"name":"Power infrastructure","category":"generator","osm_type":"node","osm_id":"8135076513"}},{"type":"Feature","geometry":{"type":"Point","coordinates":[-0.91475,51.43756]},"properties":{"name":"Power infrastructure","category":"generator","osm_type":"node","osm_id":"8135076514"}},{"type":"Feature","geometry":{"type":"Point","coordinates":[-0.92325,51.43913]},"properties":{"name":"Power infrastructure","category":"generator","osm_type":"node","osm_id":"8135076515"}},{"type":"Feature","geometry":{"type":"Point","coordinates":[-0.91816,51.43523]},"properties":{"name":"Power infrastructure","category":"generator","osm_type":"node","osm_id":"8135076516"}},{"type":"Feature","geometry":{"type":"Point","coordinates":[-0.88661,51.43932]},"properties":{"name":"Power infrastructure","category":"generator","osm_type":"node","osm_id":"8137385569"}},{"type":"Feature","geometry":{"type":"Point","coordinates":[-0.86879,51.43921]},"properties":{"name":"Power infrastructure","category":"generator","osm_type":"node","osm_id":"8137385570"}},{"type":"Feature","geometry":{"type":"Point","coordinates":[-0.87718,51.43658]},"properties":{"name":"Power infrastructure","category":"generator","osm_type":"node","osm_id":"8137385571"}},{"type":"Feature","geometry":{"type":"Point","coordinates":[-0.87699,51.43656]},"properties":{"name":"Power infrastructure","category":"generator","osm_type":"node","osm_id":"8137385572"}},{"type":"Feature","geometry":{"type":"Point","coordinates":[-0.87649,51.43471]},"properties":{"name":"Power infrastructure","category":"generator","osm_type":"node","osm_id":"8137385573"}},{"type":"Feature","geometry":{"type":"Point","coordinates":[-0.87274,51.43418]},"properties":{"name":"Power infrastructure","category":"generator","osm_type":"node","osm_id":"8137385574"}},{"type":"Feature","geometry":{"type":"Point","coordinates":[-0.87002,51.43434]},"properties":{"name":"Power infrastructure","category":"generator","osm_type":"node","osm_id":"8137385575"}},{"type":"Feature","geometry":{"type":"Point","coordinates":[-0.86837,51.43555]},"properties":{"name":"Power infrastructure","category":"generator","osm_type":"node","osm_id":"8137385576"}},{"type":"Feature","geometry":{"type":"Point","coordinates":[-0.86872,51.43503]},"properties":{"name":"Power infrastructure","category":"generator","osm_type":"node","osm_id":"8137385577"}},{"type":"Feature","geometry":{"type":"Point","coordinates":[-0.86811,51.43412]},"properties":{"name":"Power infrastructure","category":"generator","osm_type":"node","osm_id":"8137385578"}},{"type":"Feature","geometry":{"type":"Point","coordinates":[-0.87255,51.43321]},"properties":{"name":"Power infrastructure","category":"generator","osm_type":"node","osm_id":"8137385579"}},{"type":"Feature","geometry":{"type":"Point","coordinates":[-0.87316,51.43319]},"properties":{"name":"Power infrastructure","category":"generator","osm_type":"node","osm_id":"8137385580"}},{"type":"Feature","geometry":{"type":"Point","coordinates":[-0.87317,51.43317]},"properties":{"name":"Power infrastructure","category":"generator","osm_type":"node","osm_id":"8137385581"}},{"type":"Feature","geometry":{"type":"Point","coordinates":[-0.87297,51.43226]},"properties":{"name":"Power infrastructure","category":"generator","osm_type":"node","osm_id":"8137385582"}},{"type":"Feature","geometry":{"type":"Point","coordinates":[-0.87291,51.43228]},"properties":{"name":"Power infrastructure","category":"generator","osm_type":"node","osm_id":"8137385583"}},{"type":"Feature","geometry":{"type":"Point","coordinates":[-0.87258,51.4318]},"properties":{"name":"Power infrastructure","category":"generator","osm_type":"node","osm_id":"8137385584"}},{"type":"Feature","geometry":{"type":"Point","coordinates":[-0.87349,51.43035]},"properties":{"name":"Power infrastructure","category":"generator","osm_type":"node","osm_id":"8137385585"}},{"type":"Feature","geometry":{"type":"Point","coordinates":[-0.87342,51.43023]},"properties":{"name":"Power infrastructure","category":"generator","osm_type":"node","osm_id":"8137385586"}},{"type":"Feature","geometry":{"type":"Point","coordinates":[-0.87397,51.43]},"properties":{"name":"Power infrastructure","category":"generator","osm_type":"node","osm_id":"8137385587"}},{"type":"Feature","geometry":{"type":"Point","coordinates":[-0.87265,51.42908]},"properties":{"name":"Power infrastructure","category":"generator","osm_type":"node","osm_id":"8137385588"}},{"type":"Feature","geometry":{"type":"Point","coordinates":[-0.87271,51.42908]},"properties":{"name":"Power infrastructure","category":"generator","osm_type":"node","osm_id":"8137385589"}},{"type":"Feature","geometry":{"type":"Point","coordinates":[-0.87155,51.42903]},"properties":{"name":"Power infrastructure","category":"generator","osm_type":"node","osm_id":"8137385590"}},{"type":"Feature","geometry":{"type":"Point","coordinates":[-0.87204,51.42846]},"properties":{"name":"Power infrastructure","category":"generator","osm_type":"node","osm_id":"8137385591"}},{"type":"Feature","geometry":{"type":"Point","coordinates":[-0.86934,51.428]},"properties":{"name":"Power infrastructure","category":"generator","osm_type":"node","osm_id":"8137385592"}},{"type":"Feature","geometry":{"type":"Point","coordinates":[-0.86879,51.42818]},"properties":{"name":"Power infrastructure","category":"generator","osm_type":"node","osm_id":"8137385593"}},{"type":"Feature","geometry":{"type":"Point","coordinates":[-0.86764,51.4282]},"properties":{"name":"Power infrastructure","category":"generator","osm_type":"node","osm_id":"8137385594"}},{"type":"Feature","geometry":{"type":"Point","coordinates":[-0.86754,51.42788]},"properties":{"name":"Power infrastructure","category":"generator","osm_type":"node","osm_id":"8137385595"}},{"type":"Feature","geometry":{"type":"Point","coordinates":[-0.86758,51.42806]},"properties":{"name":"Power infrastructure","category":"generator","osm_type":"node","osm_id":"8137385596"}},{"type":"Feature","geometry":{"type":"Point","coordinates":[-0.87744,51.43155]},"properties":{"name":"Power infrastructure","category":"generator","osm_type":"node","osm_id":"8137385597"}},{"type":"Feature","geometry":{"type":"Point","coordinates":[-0.87696,51.43249]},"properties":{"name":"Power infrastructure","category":"generator","osm_type":"node","osm_id":"8137385598"}},{"type":"Feature","geometry":{"type":"Point","coordinates":[-0.87794,51.433]},"properties":{"name":"Power infrastructure","category":"generator","osm_type":"node","osm_id":"8137385599"}},{"type":"Feature","geometry":{"type":"Point","coordinates":[-0.87683,51.43343]},"properties":{"name":"Power infrastructure","category":"generator","osm_type":"node","osm_id":"8137385600"}},{"type":"Feature","geometry":{"type":"Point","coordinates":[-0.88855,51.43477]},"properties":{"name":"Power infrastructure","category":"generator","osm_type":"node","osm_id":"8137678624"}},{"type":"Feature","geometry":{"type":"Point","coordinates":[-0.89236,51.43623]},"properties":{"name":"Power infrastructure","category":"generator","osm_type":"node","osm_id":"8137678625"}},{"type":"Feature","geometry":{"type":"Point","coordinates":[-0.89224,51.43618]},"properties":{"name":"Power infrastructure","category":"generator","osm_type":"node","osm_id":"8137678626"}},{"type":"Feature","geometry":{"type":"Point","coordinates":[-0.8869,51.43353]},"properties":{"name":"Power infrastructure","category":"generator","osm_type":"node","osm_id":"8137678627"}},{"type":"Feature","geometry":{"type":"Point","coordinates":[-0.88697,51.43355]},"properties":{"name":"Power infrastructure","category":"generator","osm_type":"node","osm_id":"8137678628"}},{"type":"Feature","geometry":{"type":"Point","coordinates":[-0.88266,51.43243]},"properties":{"name":"Power infrastructure","category":"generator","osm_type":"node","osm_id":"8137678629"}},{"type":"Feature","geometry":{"type":"Point","coordinates":[-0.87833,51.43043]},"properties":{"name":"Power infrastructure","category":"generator","osm_type":"node","osm_id":"8137678630"}},{"type":"Feature","geometry":{"type":"Point","coordinates":[-0.88173,51.43105]},"properties":{"name":"Power infrastructure","category":"generator","osm_type":"node","osm_id":"8137678631"}},{"type":"Feature","geometry":{"type":"Point","coordinates":[-0.89134,51.43366]},"properties":{"name":"Power infrastructure","category":"generator","osm_type":"node","osm_id":"8137678632"}},{"type":"Feature","geometry":{"type":"Point","coordinates":[-0.88964,51.43305]},"properties":{"name":"Power infrastructure","category":"generator","osm_type":"node","osm_id":"8137678633"}},{"type":"Feature","geometry":{"type":"Point","coordinates":[-0.88607,51.43127]},"properties":{"name":"Power infrastructure","category":"generator","osm_type":"node","osm_id":"8137678635"}},{"type":"Feature","geometry":{"type":"Point","coordinates":[-0.8864,51.43104]},"properties":{"name":"Power infrastructure","category":"generator","osm_type":"node","osm_id":"8137678636"}},{"type":"Feature","geometry":{"type":"Point","coordinates":[-0.88652,51.43103]},"properties":{"name":"Power infrastructure","category":"generator","osm_type":"node","osm_id":"8137678637"}},{"type":"Feature","geometry":{"type":"Point","coordinates":[-0.88415,51.4296]},"properties":{"name":"Power infrastructure","category":"generator","osm_type":"node","osm_id":"8137678638"}},{"type":"Feature","geometry":{"type":"Point","coordinates":[-0.88131,51.42661]},"properties":{"name":"Power infrastructure","category":"generator","osm_type":"node","osm_id":"8137678639"}},{"type":"Feature","geometry":{"type":"Point","coordinates":[-0.88175,51.42728]},"properties":{"name":"Power infrastructure","category":"generator","osm_type":"node","osm_id":"8137678640"}},{"type":"Feature","geometry":{"type":"Point","coordinates":[-0.88263,51.42756]},"properties":{"name":"Power infrastructure","category":"generator","osm_type":"node","osm_id":"8137678641"}},{"type":"Feature","geometry":{"type":"Point","coordinates":[-0.88336,51.4278]},"properties":{"name":"Power infrastructure","category":"generator","osm_type":"node","osm_id":"8137678642"}},{"type":"Feature","geometry":{"type":"Point","coordinates":[-0.88417,51.42814]},"properties":{"name":"Power infrastructure","category":"generator","osm_type":"node","osm_id":"8137678643"}},{"type":"Feature","geometry":{"type":"Point","coordinates":[-0.8845,51.42805]},"properties":{"name":"Power infrastructure","category":"generator","osm_type":"node","osm_id":"8137678644"}},{"type":"Feature","geometry":{"type":"Point","coordinates":[-0.88542,51.42793]},"properties":{"name":"Power infrastructure","category":"generator","osm_type":"node","osm_id":"8137678645"}},{"type":"Feature","geometry":{"type":"Point","coordinates":[-0.88234,51.42682]},"properties":{"name":"Power infrastructure","category":"generator","osm_type":"node","osm_id":"8137678647"}},{"type":"Feature","geometry":{"type":"Point","coordinates":[-0.88158,51.42587]},"properties":{"name":"Power infrastructure","category":"generator","osm_type":"node","osm_id":"8137678648"}},{"type":"Feature","geometry":{"type":"Point","coordinates":[-0.88152,51.42589]},"properties":{"name":"Power infrastructure","category":"generator","osm_type":"node","osm_id":"8137678649"}},{"type":"Feature","geometry":{"type":"Point","coordinates":[-0.87272,51.42791]},"properties":{"name":"Power infrastructure","category":"generator","osm_type":"node","osm_id":"8138777444"}},{"type":"Feature","geometry":{"type":"Point","coordinates":[-0.87268,51.42796]},"properties":{"name":"Power infrastructure","category":"generator","osm_type":"node","osm_id":"8138777445"}},{"type":"Feature","geometry":{"type":"Point","coordinates":[-0.87532,51.42885]},"properties":{"name":"Power infrastructure","category":"generator","osm_type":"node","osm_id":"8138777446"}},{"type":"Feature","geometry":{"type":"Point","coordinates":[-0.87504,51.42513]},"properties":{"name":"Power infrastructure","category":"generator","osm_type":"node","osm_id":"8138777447"}},{"type":"Feature","geometry":{"type":"Point","coordinates":[-0.87581,51.42513]},"properties":{"name":"Power infrastructure","category":"generator","osm_type":"node","osm_id":"8138777448"}},{"type":"Feature","geometry":{"type":"Point","coordinates":[-0.87507,51.42678]},"properties":{"name":"Power infrastructure","category":"generator","osm_type":"node","osm_id":"8138777449"}},{"type":"Feature","geometry":{"type":"Point","coordinates":[-0.87926,51.4251]},"properties":{"name":"Power infrastructure","category":"generator","osm_type":"node","osm_id":"8138777450"}},{"type":"Feature","geometry":{"type":"Point","coordinates":[-0.87825,51.4272]},"properties":{"name":"Power infrastructure","category":"generator","osm_type":"node","osm_id":"8138777451"}},{"type":"Feature","geometry":{"type":"Point","coordinates":[-0.85366,51.4551]},"properties":{"name":"Power infrastructure","category":"generator","osm_type":"node","osm_id":"8138777453"}},{"type":"Feature","geometry":{"type":"Point","coordinates":[-0.85201,51.45445]},"properties":{"name":"Power infrastructure","category":"generator","osm_type":"node","osm_id":"8138777454"}},{"type":"Feature","geometry":{"type":"Point","coordinates":[-0.85197,51.45447]},"properties":{"name":"Power infrastructure","category":"generator","osm_type":"node","osm_id":"8138777455"}},{"type":"Feature","geometry":{"type":"Point","coordinates":[-0.85003,51.45907]},"properties":{"name":"Power infrastructure","category":"generator","osm_type":"node","osm_id":"8138777456"}},{"type":"Feature","geometry":{"type":"Point","coordinates":[-0.85793,51.46028]},"properties":{"name":"Power infrastructure","category":"generator","osm_type":"node","osm_id":"8138777457"}},{"type":"Feature","geometry":{"type":"Point","coordinates":[-0.8592,51.46055]},"properties":{"name":"Power infrastructure","category":"generator","osm_type":"node","osm_id":"8138777459"}},{"type":"Feature","geometry":{"type":"Point","coordinates":[-0.86009,51.46047]},"properties":{"name":"Power infrastructure","category":"generator","osm_type":"node","osm_id":"8138777460"}},{"type":"Feature","geometry":{"type":"Point","coordinates":[-0.86002,51.45933]},"properties":{"name":"Power infrastructure","category":"generator","osm_type":"node","osm_id":"8138777461"}},{"type":"Feature","geometry":{"type":"Point","coordinates":[-0.86159,51.46096]},"properties":{"name":"Power infrastructure","category":"generator","osm_type":"node","osm_id":"8138777462"}},{"type":"Feature","geometry":{"type":"Point","coordinates":[-0.8615,51.46092]},"properties":{"name":"Power infrastructure","category":"generator","osm_type":"node","osm_id":"8138777463"}},{"type":"Feature","geometry":{"type":"Point","coordinates":[-0.8615,51.461]},"properties":{"name":"Power infrastructure","category":"generator","osm_type":"node","osm_id":"8138777464"}},{"type":"Feature","geometry":{"type":"Point","coordinates":[-0.86097,51.46273]},"properties":{"name":"Power infrastructure","category":"generator","osm_type":"node","osm_id":"8138777465"}},{"type":"Feature","geometry":{"type":"Point","coordinates":[-0.85868,51.46704]},"properties":{"name":"Power infrastructure","category":"generator","osm_type":"node","osm_id":"8138950674"}},{"type":"Feature","geometry":{"type":"Point","coordinates":[-0.85985,51.46737]},"properties":{"name":"Power infrastructure","category":"generator","osm_type":"node","osm_id":"8138950675"}},{"type":"Feature","geometry":{"type":"Point","coordinates":[-0.86017,51.46757]},"properties":{"name":"Power infrastructure","category":"generator","osm_type":"node","osm_id":"8138950676"}},{"type":"Feature","geometry":{"type":"Point","coordinates":[-0.86042,51.46762]},"properties":{"name":"Power infrastructure","category":"generator","osm_type":"node","osm_id":"8138950677"}},{"type":"Feature","geometry":{"type":"Point","coordinates":[-0.85909,51.4685]},"properties":{"name":"Power infrastructure","category":"generator","osm_type":"node","osm_id":"8138950678"}},{"type":"Feature","geometry":{"type":"Point","coordinates":[-0.85916,51.4684]},"properties":{"name":"Power infrastructure","category":"generator","osm_type":"node","osm_id":"8138950679"}},{"type":"Feature","geometry":{"type":"Point","coordinates":[-0.85634,51.46739]},"properties":{"name":"Power infrastructure","category":"generator","osm_type":"node","osm_id":"8138950680"}},{"type":"Feature","geometry":{"type":"Point","coordinates":[-0.8544,51.46884]},"properties":{"name":"Power infrastructure","category":"generator","osm_type":"node","osm_id":"8138950681"}},{"type":"Feature","geometry":{"type":"Point","coordinates":[-0.85291,51.47013]},"properties":{"name":"Power infrastructure","category":"generator","osm_type":"node","osm_id":"8138950682"}},{"type":"Feature","geometry":{"type":"Point","coordinates":[-0.85333,51.47029]},"properties":{"name":"Power infrastructure","category":"generator","osm_type":"node","osm_id":"8138950683"}},{"type":"Feature","geometry":{"type":"Point","coordinates":[-0.85413,51.4701]},"properties":{"name":"Power infrastructure","category":"generator","osm_type":"node","osm_id":"8138950684"}},{"type":"Feature","geometry":{"type":"Point","coordinates":[-0.85556,51.46882]},"properties":{"name":"Power infrastructure","category":"generator","osm_type":"node","osm_id":"8138950685"}},{"type":"Feature","geometry":{"type":"Point","coordinates":[-0.85835,51.46808]},"properties":{"name":"Power infrastructure","category":"generator","osm_type":"node","osm_id":"8138950686"}},{"type":"Feature","geometry":{"type":"Point","coordinates":[-0.85786,51.46917]},"properties":{"name":"Power infrastructure","category":"generator","osm_type":"node","osm_id":"8138950687"}},{"type":"Feature","geometry":{"type":"Point","coordinates":[-0.86112,51.46879]},"properties":{"name":"Power infrastructure","category":"generator","osm_type":"node","osm_id":"8138950688"}},{"type":"Feature","geometry":{"type":"Point","coordinates":[-0.85698,51.46955]},"properties":{"name":"Power infrastructure","category":"generator","osm_type":"node","osm_id":"8138950689"}},{"type":"Feature","geometry":{"type":"Point","coordinates":[-0.85649,51.46941]},"properties":{"name":"Power infrastructure","category":"generator","osm_type":"node","osm_id":"8138950690"}},{"type":"Feature","geometry":{"type":"Point","coordinates":[-0.85702,51.47016]},"properties":{"name":"Power infrastructure","category":"generator","osm_type":"node","osm_id":"8138950691"}},{"type":"Feature","geometry":{"type":"Point","coordinates":[-0.85688,51.47013]},"properties":{"name":"Power infrastructure","category":"generator","osm_type":"node","osm_id":"8138950692"}},{"type":"Feature","geometry":{"type":"Point","coordinates":[-0.85682,51.47013]},"properties":{"name":"Power infrastructure","category":"generator","osm_type":"node","osm_id":"8138950693"}},{"type":"Feature","geometry":{"type":"Point","coordinates":[-0.85843,51.47018]},"properties":{"name":"Power infrastructure","category":"generator","osm_type":"node","osm_id":"8138950694"}},{"type":"Feature","geometry":{"type":"Point","coordinates":[-0.86154,51.47009]},"properties":{"name":"Power infrastructure","category":"generator","osm_type":"node","osm_id":"8138950695"}},{"type":"Feature","geometry":{"type":"Point","coordinates":[-0.8616,51.47009]},"properties":{"name":"Power infrastructure","category":"generator","osm_type":"node","osm_id":"8138950696"}},{"type":"Feature","geometry":{"type":"Point","coordinates":[-0.85813,51.47108]},"properties":{"name":"Power infrastructure","category":"generator","osm_type":"node","osm_id":"8138950697"}},{"type":"Feature","geometry":{"type":"Point","coordinates":[-0.85733,51.47113]},"properties":{"name":"Power infrastructure","category":"generator","osm_type":"node","osm_id":"8138950698"}},{"type":"Feature","geometry":{"type":"Point","coordinates":[-0.85736,51.47113]},"properties":{"name":"Power infrastructure","category":"generator","osm_type":"node","osm_id":"8138950699"}},{"type":"Feature","geometry":{"type":"Point","coordinates":[-0.85652,51.47042]},"properties":{"name":"Power infrastructure","category":"generator","osm_type":"node","osm_id":"8138950702"}},{"type":"Feature","geometry":{"type":"Point","coordinates":[-0.85592,51.47048]},"properties":{"name":"Power infrastructure","category":"generator","osm_type":"node","osm_id":"8138950703"}},{"type":"Feature","geometry":{"type":"Point","coordinates":[-0.85597,51.47048]},"properties":{"name":"Power infrastructure","category":"generator","osm_type":"node","osm_id":"8138950704"}},{"type":"Feature","geometry":{"type":"Point","coordinates":[-0.85395,51.47112]},"properties":{"name":"Power infrastructure","category":"generator","osm_type":"node","osm_id":"8138950705"}},{"type":"Feature","geometry":{"type":"Point","coordinates":[-0.85375,51.47133]},"properties":{"name":"Power infrastructure","category":"generator","osm_type":"node","osm_id":"8138950706"}},{"type":"Feature","geometry":{"type":"Point","coordinates":[-0.85408,51.4711]},"properties":{"name":"Power infrastructure","category":"generator","osm_type":"node","osm_id":"8138950707"}},{"type":"Feature","geometry":{"type":"Point","coordinates":[-0.85858,51.47121]},"properties":{"name":"Power infrastructure","category":"generator","osm_type":"node","osm_id":"8138950708"}},{"type":"Feature","geometry":{"type":"Point","coordinates":[-0.86031,51.47271]},"properties":{"name":"Power infrastructure","category":"generator","osm_type":"node","osm_id":"8138950709"}},{"type":"Feature","geometry":{"type":"Point","coordinates":[-0.86058,51.4726]},"properties":{"name":"Power infrastructure","category":"generator","osm_type":"node","osm_id":"8138950710"}},{"type":"Feature","geometry":{"type":"Point","coordinates":[-0.86137,51.47234]},"properties":{"name":"Power infrastructure","category":"generator","osm_type":"node","osm_id":"8138950711"}},{"type":"Feature","geometry":{"type":"Point","coordinates":[-0.86052,51.47301]},"properties":{"name":"Power infrastructure","category":"generator","osm_type":"node","osm_id":"8138950713"}},{"type":"Feature","geometry":{"type":"Point","coordinates":[-0.85405,51.47282]},"properties":{"name":"Power infrastructure","category":"generator","osm_type":"node","osm_id":"8138950714"}},{"type":"Feature","geometry":{"type":"Point","coordinates":[-0.85411,51.47282]},"properties":{"name":"Power infrastructure","category":"generator","osm_type":"node","osm_id":"8138950715"}},{"type":"Feature","geometry":{"type":"Point","coordinates":[-0.85381,51.47221]},"properties":{"name":"Power infrastructure","category":"generator","osm_type":"node","osm_id":"8138950716"}},{"type":"Feature","geometry":{"type":"Point","coordinates":[-0.85358,51.47204]},"properties":{"name":"Power infrastructure","category":"generator","osm_type":"node","osm_id":"8139066117"}},{"type":"Feature","geometry":{"type":"Point","coordinates":[-0.85362,51.47205]},"properties":{"name":"Power infrastructure","category":"generator","osm_type":"node","osm_id":"8139066118"}},{"type":"Feature","geometry":{"type":"Point","coordinates":[-0.85397,51.4716]},"properties":{"name":"Power infrastructure","category":"generator","osm_type":"node","osm_id":"8139066120"}},{"type":"Feature","geometry":{"type":"Point","coordinates":[-0.85346,51.47166]},"properties":{"name":"Power infrastructure","category":"generator","osm_type":"node","osm_id":"8139066121"}},{"type":"Feature","geometry":{"type":"Point","coordinates":[-0.85811,51.472]},"properties":{"name":"Power infrastructure","category":"generator","osm_type":"node","osm_id":"8139066122"}},{"type":"Feature","geometry":{"type":"Point","coordinates":[-0.8582,51.472]},"properties":{"name":"Power infrastructure","category":"generator","osm_type":"node","osm_id":"8139066123"}},{"type":"Feature","geometry":{"type":"Point","coordinates":[-0.85733,51.47172]},"properties":{"name":"Power infrastructure","category":"generator","osm_type":"node","osm_id":"8139066124"}},{"type":"Feature","geometry":{"type":"Point","coordinates":[-0.85738,51.47152]},"properties":{"name":"Power infrastructure","category":"generator","osm_type":"node","osm_id":"8139066125"}},{"type":"Feature","geometry":{"type":"Point","coordinates":[-0.85767,51.47155]},"properties":{"name":"Power infrastructure","category":"generator","osm_type":"node","osm_id":"8139066126"}},{"type":"Feature","geometry":{"type":"Point","coordinates":[-0.85766,51.47162]},"properties":{"name":"Power infrastructure","category":"generator","osm_type":"node","osm_id":"8139066127"}},{"type":"Feature","geometry":{"type":"Point","coordinates":[-0.85708,51.47137]},"properties":{"name":"Power infrastructure","category":"generator","osm_type":"node","osm_id":"8139066128"}},{"type":"Feature","geometry":{"type":"Point","coordinates":[-0.85774,51.47148]},"properties":{"name":"Power infrastructure","category":"generator","osm_type":"node","osm_id":"8139066129"}},{"type":"Feature","geometry":{"type":"Point","coordinates":[-0.85759,51.47143]},"properties":{"name":"Power infrastructure","category":"generator","osm_type":"node","osm_id":"8139066130"}},{"type":"Feature","geometry":{"type":"Point","coordinates":[-0.85762,51.47173]},"properties":{"name":"Power infrastructure","category":"generator","osm_type":"node","osm_id":"8139066131"}},{"type":"Feature","geometry":{"type":"Point","coordinates":[-0.85744,51.47172]},"properties":{"name":"Power infrastructure","category":"generator","osm_type":"node","osm_id":"8139066132"}},{"type":"Feature","geometry":{"type":"Point","coordinates":[-0.8623,51.47449]},"properties":{"name":"Power infrastructure","category":"generator","osm_type":"node","osm_id":"8139066133"}},{"type":"Feature","geometry":{"type":"Point","coordinates":[-0.86065,51.47486]},"properties":{"name":"Power infrastructure","category":"generator","osm_type":"node","osm_id":"8139066134"}},{"type":"Feature","geometry":{"type":"Point","coordinates":[-0.86079,51.47177]},"properties":{"name":"Power infrastructure","category":"generator","osm_type":"node","osm_id":"8139066135"}},{"type":"Feature","geometry":{"type":"Point","coordinates":[-0.85982,51.47426]},"properties":{"name":"Power infrastructure","category":"generator","osm_type":"node","osm_id":"8139066136"}},{"type":"Feature","geometry":{"type":"Point","coordinates":[-0.85938,51.47425]},"properties":{"name":"Power infrastructure","category":"generator","osm_type":"node","osm_id":"8139066137"}},{"type":"Feature","geometry":{"type":"Point","coordinates":[-0.85936,51.47423]},"properties":{"name":"Power infrastructure","category":"generator","osm_type":"node","osm_id":"8139066138"}},{"type":"Feature","geometry":{"type":"Point","coordinates":[-0.86009,51.47362]},"properties":{"name":"Power infrastructure","category":"generator","osm_type":"node","osm_id":"8139066139"}},{"type":"Feature","geometry":{"type":"Point","coordinates":[-0.92675,51.43662]},"properties":{"name":"Power infrastructure","category":"generator","osm_type":"node","osm_id":"8139111900"}},{"type":"Feature","geometry":{"type":"Point","coordinates":[-0.93661,51.43187]},"properties":{"name":"Power infrastructure","category":"generator","osm_type":"node","osm_id":"8139111901"}},{"type":"Feature","geometry":{"type":"Point","coordinates":[-0.93706,51.4311]},"properties":{"name":"Power infrastructure","category":"generator","osm_type":"node","osm_id":"8139111902"}},{"type":"Feature","geometry":{"type":"Point","coordinates":[-0.92952,51.43476]},"properties":{"name":"Power infrastructure","category":"generator","osm_type":"node","osm_id":"8139111903"}},{"type":"Feature","geometry":{"type":"Point","coordinates":[-0.92733,51.43633]},"properties":{"name":"Power infrastructure","category":"generator","osm_type":"node","osm_id":"8139111904"}},{"type":"Feature","geometry":{"type":"Point","coordinates":[-0.92994,51.43655]},"properties":{"name":"Power infrastructure","category":"generator","osm_type":"node","osm_id":"8139111905"}},{"type":"Feature","geometry":{"type":"Point","coordinates":[-0.93544,51.4361]},"properties":{"name":"Power infrastructure","category":"generator","osm_type":"node","osm_id":"8139111906"}},{"type":"Feature","geometry":{"type":"Point","coordinates":[-0.93203,51.43374]},"properties":{"name":"Power infrastructure","category":"generator","osm_type":"node","osm_id":"8139111907"}},{"type":"Feature","geometry":{"type":"Point","coordinates":[-0.93592,51.4341]},"properties":{"name":"Power infrastructure","category":"generator","osm_type":"node","osm_id":"8139111908"}},{"type":"Feature","geometry":{"type":"Point","coordinates":[-0.9277,51.43509]},"properties":{"name":"Power infrastructure","category":"generator","osm_type":"node","osm_id":"8139111909"}},{"type":"Feature","geometry":{"type":"Point","coordinates":[-0.93641,51.4333]},"properties":{"name":"Power infrastructure","category":"generator","osm_type":"node","osm_id":"8139111910"}},{"type":"Feature","geometry":{"type":"Point","coordinates":[-0.93629,51.43325]},"properties":{"name":"Power infrastructure","category":"generator","osm_type":"node","osm_id":"8139111911"}},{"type":"Feature","geometry":{"type":"Point","coordinates":[-0.92938,51.43397]},"properties":{"name":"Power infrastructure","category":"generator","osm_type":"node","osm_id":"8139111912"}},{"type":"Feature","geometry":{"type":"Point","coordinates":[-0.9388,51.43454]},"properties":{"name":"Power infrastructure","category":"generator","osm_type":"node","osm_id":"8139111913"}},{"type":"Feature","geometry":{"type":"Point","coordinates":[-0.93205,51.43337]},"properties":{"name":"Power infrastructure","category":"generator","osm_type":"node","osm_id":"8139111914"}},{"type":"Feature","geometry":{"type":"Point","coordinates":[-0.93324,51.43215]},"properties":{"name":"Power infrastructure","category":"generator","osm_type":"node","osm_id":"8139111915"}},{"type":"Feature","geometry":{"type":"Point","coordinates":[-0.93761,51.431]},"properties":{"name":"Power infrastructure","category":"generator","osm_type":"node","osm_id":"8139111916"}},{"type":"Feature","geometry":{"type":"Point","coordinates":[-0.92851,51.43506]},"properties":{"name":"Power infrastructure","category":"generator","osm_type":"node","osm_id":"8139454917"}},{"type":"Feature","geometry":{"type":"Point","coordinates":[-0.93634,51.43319]},"properties":{"name":"Power infrastructure","category":"generator","osm_type":"node","osm_id":"8139454918"}},{"type":"Feature","geometry":{"type":"Point","coordinates":[-0.9367,51.4336]},"properties":{"name":"Power infrastructure","category":"generator","osm_type":"node","osm_id":"8139454919"}},{"type":"Feature","geometry":{"type":"Point","coordinates":[-0.93182,51.43447]},"properties":{"name":"Power infrastructure","category":"generator","osm_type":"node","osm_id":"8139454920"}},{"type":"Feature","geometry":{"type":"Point","coordinates":[-0.93733,51.43397]},"properties":{"name":"Power infrastructure","category":"generator","osm_type":"node","osm_id":"8139454921"}},{"type":"Feature","geometry":{"type":"Point","coordinates":[-0.92875,51.43859]},"properties":{"name":"Power infrastructure","category":"generator","osm_type":"node","osm_id":"8139454922"}},{"type":"Feature","geometry":{"type":"Point","coordinates":[-0.9392,51.43114]},"properties":{"name":"Power infrastructure","category":"generator","osm_type":"node","osm_id":"8139454923"}},{"type":"Feature","geometry":{"type":"Point","coordinates":[-0.93709,51.4312]},"properties":{"name":"Power infrastructure","category":"generator","osm_type":"node","osm_id":"8139454924"}},{"type":"Feature","geometry":{"type":"Point","coordinates":[-0.93814,51.43083]},"properties":{"name":"Power infrastructure","category":"generator","osm_type":"node","osm_id":"8139454925"}},{"type":"Feature","geometry":{"type":"Point","coordinates":[-0.93706,51.43104]},"properties":{"name":"Power infrastructure","category":"generator","osm_type":"node","osm_id":"8139454926"}},{"type":"Feature","geometry":{"type":"Point","coordinates":[-0.93705,51.43119]},"properties":{"name":"Power infrastructure","category":"generator","osm_type":"node","osm_id":"8139454927"}},{"type":"Feature","geometry":{"type":"Point","coordinates":[-0.93929,51.43112]},"properties":{"name":"Power infrastructure","category":"generator","osm_type":"node","osm_id":"8139454928"}},{"type":"Feature","geometry":{"type":"Point","coordinates":[-0.93094,51.43675]},"properties":{"name":"Power infrastructure","category":"generator","osm_type":"node","osm_id":"8139454929"}},{"type":"Feature","geometry":{"type":"Point","coordinates":[-0.93638,51.43235]},"properties":{"name":"Power infrastructure","category":"generator","osm_type":"node","osm_id":"8139454930"}},{"type":"Feature","geometry":{"type":"Point","coordinates":[-0.93139,51.43938]},"properties":{"name":"Power infrastructure","category":"generator","osm_type":"node","osm_id":"8139454931"}},{"type":"Feature","geometry":{"type":"Point","coordinates":[-0.93629,51.43318]},"properties":{"name":"Power infrastructure","category":"generator","osm_type":"node","osm_id":"8139454932"}},{"type":"Feature","geometry":{"type":"Point","coordinates":[-0.93768,51.43114]},"properties":{"name":"Power infrastructure","category":"generator","osm_type":"node","osm_id":"8139454933"}},{"type":"Feature","geometry":{"type":"Point","coordinates":[-0.93368,51.42961]},"properties":{"name":"Power infrastructure","category":"generator","osm_type":"node","osm_id":"8141280919"}},{"type":"Feature","geometry":{"type":"Point","coordinates":[-0.92606,51.42877]},"properties":{"name":"Power infrastructure","category":"generator","osm_type":"node","osm_id":"8141280920"}},{"type":"Feature","geometry":{"type":"Point","coordinates":[-0.92428,51.43215]},"properties":{"name":"Power infrastructure","category":"generator","osm_type":"node","osm_id":"8141280921"}},{"type":"Feature","geometry":{"type":"Point","coordinates":[-0.93518,51.42827]},"properties":{"name":"Power infrastructure","category":"generator","osm_type":"node","osm_id":"8141280922"}},{"type":"Feature","geometry":{"type":"Point","coordinates":[-0.92673,51.42905]},"properties":{"name":"Power infrastructure","category":"generator","osm_type":"node","osm_id":"8141280923"}},{"type":"Feature","geometry":{"type":"Point","coordinates":[-0.92973,51.42716]},"properties":{"name":"Power infrastructure","category":"generator","osm_type":"node","osm_id":"8141280924"}},{"type":"Feature","geometry":{"type":"Point","coordinates":[-0.9302,51.43159]},"properties":{"name":"Power infrastructure","category":"generator","osm_type":"node","osm_id":"8141280925"}},{"type":"Feature","geometry":{"type":"Point","coordinates":[-0.91891,51.42986]},"properties":{"name":"Power infrastructure","category":"generator","osm_type":"node","osm_id":"8141280926"}},{"type":"Feature","geometry":{"type":"Point","coordinates":[-0.92088,51.42971]},"properties":{"name":"Power infrastructure","category":"generator","osm_type":"node","osm_id":"8141280927"}},{"type":"Feature","geometry":{"type":"Point","coordinates":[-0.9204,51.43023]},"properties":{"name":"Power infrastructure","category":"generator","osm_type":"node","osm_id":"8141280928"}},{"type":"Feature","geometry":{"type":"Point","coordinates":[-0.92848,51.43158]},"properties":{"name":"Power infrastructure","category":"generator","osm_type":"node","osm_id":"8141280929"}},{"type":"Feature","geometry":{"type":"Point","coordinates":[-0.93634,51.43027]},"properties":{"name":"Power infrastructure","category":"generator","osm_type":"node","osm_id":"8141280930"}},{"type":"Feature","geometry":{"type":"Point","coordinates":[-0.93443,51.43]},"properties":{"name":"Power infrastructure","category":"generator","osm_type":"node","osm_id":"8141280931"}},{"type":"Feature","geometry":{"type":"Point","coordinates":[-0.92853,51.43051]},"properties":{"name":"Power infrastructure","category":"generator","osm_type":"node","osm_id":"8141280932"}},{"type":"Feature","geometry":{"type":"Point","coordinates":[-0.92572,51.42875]},"properties":{"name":"Power infrastructure","category":"generator","osm_type":"node","osm_id":"8141280933"}},{"type":"Feature","geometry":{"type":"Point","coordinates":[-0.93019,51.42721]},"properties":{"name":"Power infrastructure","category":"generator","osm_type":"node","osm_id":"8141280934"}},{"type":"Feature","geometry":{"type":"Point","coordinates":[-0.93188,51.42862]},"properties":{"name":"Power infrastructure","category":"generator","osm_type":"node","osm_id":"8141280935"}},{"type":"Feature","geometry":{"type":"Point","coordinates":[-0.92976,51.43115]},"properties":{"name":"Power infrastructure","category":"generator","osm_type":"node","osm_id":"8141280936"}},{"type":"Feature","geometry":{"type":"Point","coordinates":[-0.92028,51.42965]},"properties":{"name":"Power infrastructure","category":"generator","osm_type":"node","osm_id":"8141280937"}},{"type":"Feature","geometry":{"type":"Point","coordinates":[-0.92866,51.43195]},"properties":{"name":"Power infrastructure","category":"generator","osm_type":"node","osm_id":"8141280938"}},{"type":"Feature","geometry":{"type":"Point","coordinates":[-0.92982,51.43115]},"properties":{"name":"Power infrastructure","category":"generator","osm_type":"node","osm_id":"8141280939"}},{"type":"Feature","geometry":{"type":"Point","coordinates":[-0.91936,51.43135]},"properties":{"name":"Power infrastructure","category":"generator","osm_type":"node","osm_id":"8141280940"}},{"type":"Feature","geometry":{"type":"Point","coordinates":[-0.93539,51.4287]},"properties":{"name":"Power infrastructure","category":"generator","osm_type":"node","osm_id":"8141280941"}},{"type":"Feature","geometry":{"type":"Point","coordinates":[-0.92676,51.43244]},"properties":{"name":"Power infrastructure","category":"generator","osm_type":"node","osm_id":"8141280942"}},{"type":"Feature","geometry":{"type":"Point","coordinates":[-0.92474,51.43161]},"properties":{"name":"Power infrastructure","category":"generator","osm_type":"node","osm_id":"8141280943"}},{"type":"Feature","geometry":{"type":"Point","coordinates":[-0.9212,51.42908]},"properties":{"name":"Power infrastructure","category":"generator","osm_type":"node","osm_id":"8141280944"}},{"type":"Feature","geometry":{"type":"Point","coordinates":[-0.93278,51.42783]},"properties":{"name":"Power infrastructure","category":"generator","osm_type":"node","osm_id":"8141280945"}},{"type":"Feature","geometry":{"type":"Point","coordinates":[-0.92471,51.43131]},"properties":{"name":"Power infrastructure","category":"generator","osm_type":"node","osm_id":"8141280946"}},{"type":"Feature","geometry":{"type":"Point","coordinates":[-0.92677,51.42904]},"properties":{"name":"Power infrastructure","category":"generator","osm_type":"node","osm_id":"8141280947"}},{"type":"Feature","geometry":{"type":"Point","coordinates":[-0.92197,51.43165]},"properties":{"name":"Power infrastructure","category":"generator","osm_type":"node","osm_id":"8141280948"}},{"type":"Feature","geometry":{"type":"Point","coordinates":[-0.93154,51.42834]},"properties":{"name":"Power infrastructure","category":"generator","osm_type":"node","osm_id":"8141280949"}},{"type":"Feature","geometry":{"type":"Point","coordinates":[-0.93381,51.42971]},"properties":{"name":"Power infrastructure","category":"generator","osm_type":"node","osm_id":"8141280950"}},{"type":"Feature","geometry":{"type":"Point","coordinates":[-0.9298,51.42715]},"properties":{"name":"Power infrastructure","category":"generator","osm_type":"node","osm_id":"8141280951"}},{"type":"Feature","geometry":{"type":"Point","coordinates":[-0.92198,51.42968]},"properties":{"name":"Power infrastructure","category":"generator","osm_type":"node","osm_id":"8141280952"}},{"type":"Feature","geometry":{"type":"Point","coordinates":[-0.93402,51.42892]},"properties":{"name":"Power infrastructure","category":"generator","osm_type":"node","osm_id":"8141280953"}},{"type":"Feature","geometry":{"type":"Point","coordinates":[-0.93013,51.43159]},"properties":{"name":"Power infrastructure","category":"generator","osm_type":"node","osm_id":"8141280954"}},{"type":"Feature","geometry":{"type":"Point","coordinates":[-0.92108,51.42989]},"properties":{"name":"Power infrastructure","category":"generator","osm_type":"node","osm_id":"8141280955"}},{"type":"Feature","geometry":{"type":"Point","coordinates":[-0.92872,51.42906]},"properties":{"name":"Power infrastructure","category":"generator","osm_type":"node","osm_id":"8141280956"}},{"type":"Feature","geometry":{"type":"Point","coordinates":[-0.9237,51.43219]},"properties":{"name":"Power infrastructure","category":"generator","osm_type":"node","osm_id":"8141280957"}},{"type":"Feature","geometry":{"type":"Point","coordinates":[-0.92859,51.43191]},"properties":{"name":"Power infrastructure","category":"generator","osm_type":"node","osm_id":"8141280958"}},{"type":"Feature","geometry":{"type":"Point","coordinates":[-0.92476,51.43165]},"properties":{"name":"Power infrastructure","category":"generator","osm_type":"node","osm_id":"8141280959"}},{"type":"Feature","geometry":{"type":"Point","coordinates":[-0.92804,51.43137]},"properties":{"name":"Power infrastructure","category":"generator","osm_type":"node","osm_id":"8141280960"}},{"type":"Feature","geometry":{"type":"Point","coordinates":[-0.92571,51.43093]},"properties":{"name":"Power infrastructure","category":"generator","osm_type":"node","osm_id":"8141280961"}},{"type":"Feature","geometry":{"type":"Point","coordinates":[-0.92682,51.43242]},"properties":{"name":"Power infrastructure","category":"generator","osm_type":"node","osm_id":"8141280962"}},{"type":"Feature","geometry":{"type":"Point","coordinates":[-0.93452,51.43005]},"properties":{"name":"Power infrastructure","category":"generator","osm_type":"node","osm_id":"8141280963"}},{"type":"Feature","geometry":{"type":"Point","coordinates":[-0.92334,51.43192]},"properties":{"name":"Power infrastructure","category":"generator","osm_type":"node","osm_id":"8141280964"}},{"type":"Feature","geometry":{"type":"Point","coordinates":[-0.92568,51.43094]},"properties":{"name":"Power infrastructure","category":"generator","osm_type":"node","osm_id":"8141280965"}},{"type":"Feature","geometry":{"type":"Point","coordinates":[-0.9263,51.42864]},"properties":{"name":"Power infrastructure","category":"generator","osm_type":"node","osm_id":"8141280966"}},{"type":"Feature","geometry":{"type":"Point","coordinates":[-0.92758,51.4284]},"properties":{"name":"Power infrastructure","category":"generator","osm_type":"node","osm_id":"8141280967"}},{"type":"Feature","geometry":{"type":"Point","coordinates":[-0.9272,51.43268]},"properties":{"name":"Power infrastructure","category":"generator","osm_type":"node","osm_id":"8141280968"}},{"type":"Feature","geometry":{"type":"Point","coordinates":[-0.92409,51.43216]},"properties":{"name":"Power infrastructure","category":"generator","osm_type":"node","osm_id":"8141280969"}},{"type":"Feature","geometry":{"type":"Point","coordinates":[-0.93072,51.42902]},"properties":{"name":"Power infrastructure","category":"generator","osm_type":"node","osm_id":"8141280970"}},{"type":"Feature","geometry":{"type":"Point","coordinates":[-0.9277,51.42932]},"properties":{"name":"Power infrastructure","category":"generator","osm_type":"node","osm_id":"8141280971"}},{"type":"Feature","geometry":{"type":"Point","coordinates":[-0.92668,51.42961]},"properties":{"name":"Power infrastructure","category":"generator","osm_type":"node","osm_id":"8141280972"}},{"type":"Feature","geometry":{"type":"Point","coordinates":[-0.93141,51.42795]},"properties":{"name":"Power infrastructure","category":"generator","osm_type":"node","osm_id":"8141280973"}},{"type":"Feature","geometry":{"type":"Point","coordinates":[-0.9316,51.42836]},"properties":{"name":"Power infrastructure","category":"generator","osm_type":"node","osm_id":"8141280974"}},{"type":"Feature","geometry":{"type":"Point","coordinates":[-0.93455,51.43003]},"properties":{"name":"Power infrastructure","category":"generator","osm_type":"node","osm_id":"8141280975"}},{"type":"Feature","geometry":{"type":"Point","coordinates":[-0.92992,51.42715]},"properties":{"name":"Power infrastructure","category":"generator","osm_type":"node","osm_id":"8141280976"}},{"type":"Feature","geometry":{"type":"Point","coordinates":[-0.92544,51.43063]},"properties":{"name":"Power infrastructure","category":"generator","osm_type":"node","osm_id":"8141280977"}},{"type":"Feature","geometry":{"type":"Point","coordinates":[-0.93226,51.42826]},"properties":{"name":"Power infrastructure","category":"generator","osm_type":"node","osm_id":"8141280978"}},{"type":"Feature","geometry":{"type":"Point","coordinates":[-0.85981,51.47746]},"properties":{"name":"Power infrastructure","category":"generator","osm_type":"node","osm_id":"8141993100"}},{"type":"Feature","geometry":{"type":"Point","coordinates":[-0.85871,51.47747]},"properties":{"name":"Power infrastructure","category":"generator","osm_type":"node","osm_id":"8141993101"}},{"type":"Feature","geometry":{"type":"Point","coordinates":[-0.85877,51.47746]},"properties":{"name":"Power infrastructure","category":"generator","osm_type":"node","osm_id":"8141993102"}},{"type":"Feature","geometry":{"type":"Point","coordinates":[-0.86015,51.47691]},"properties":{"name":"Power infrastructure","category":"generator","osm_type":"node","osm_id":"8141993103"}},{"type":"Feature","geometry":{"type":"Point","coordinates":[-0.86123,51.47705]},"properties":{"name":"Power infrastructure","category":"generator","osm_type":"node","osm_id":"8141993104"}},{"type":"Feature","geometry":{"type":"Point","coordinates":[-0.86138,51.47712]},"properties":{"name":"Power infrastructure","category":"generator","osm_type":"node","osm_id":"8141993105"}},{"type":"Feature","geometry":{"type":"Point","coordinates":[-0.86387,51.47661]},"properties":{"name":"Power infrastructure","category":"generator","osm_type":"node","osm_id":"8141993106"}},{"type":"Feature","geometry":{"type":"Point","coordinates":[-0.86393,51.4766]},"properties":{"name":"Power infrastructure","category":"generator","osm_type":"node","osm_id":"8141993107"}},{"type":"Feature","geometry":{"type":"Point","coordinates":[-0.8639,51.47661]},"properties":{"name":"Power infrastructure","category":"generator","osm_type":"node","osm_id":"8141993108"}},{"type":"Feature","geometry":{"type":"Point","coordinates":[-0.86841,51.47669]},"properties":{"name":"Power infrastructure","category":"generator","osm_type":"node","osm_id":"8141993109"}},{"type":"Feature","geometry":{"type":"Point","coordinates":[-0.86843,51.47983]},"properties":{"name":"Power infrastructure","category":"generator","osm_type":"node","osm_id":"8141993110"}},{"type":"Feature","geometry":{"type":"Point","coordinates":[-0.86837,51.4798]},"properties":{"name":"Power infrastructure","category":"generator","osm_type":"node","osm_id":"8141993111"}},{"type":"Feature","geometry":{"type":"Point","coordinates":[-0.87062,51.48476]},"properties":{"name":"Power infrastructure","category":"generator","osm_type":"node","osm_id":"8141993112"}},{"type":"Feature","geometry":{"type":"Point","coordinates":[-0.87068,51.48476]},"properties":{"name":"Power infrastructure","category":"generator","osm_type":"node","osm_id":"8141993113"}},{"type":"Feature","geometry":{"type":"Point","coordinates":[-0.87074,51.48475]},"properties":{"name":"Power infrastructure","category":"generator","osm_type":"node","osm_id":"8141993114"}},{"type":"Feature","geometry":{"type":"Point","coordinates":[-0.87065,51.48483]},"properties":{"name":"Power infrastructure","category":"generator","osm_type":"node","osm_id":"8141993115"}},{"type":"Feature","geometry":{"type":"Point","coordinates":[-0.87073,51.48603]},"properties":{"name":"Power infrastructure","category":"generator","osm_type":"node","osm_id":"8141993116"}},{"type":"Feature","geometry":{"type":"Point","coordinates":[-0.869,51.48421]},"properties":{"name":"Power infrastructure","category":"generator","osm_type":"node","osm_id":"8142008317"}},{"type":"Feature","geometry":{"type":"Point","coordinates":[-0.86685,51.48033]},"properties":{"name":"Power infrastructure","category":"generator","osm_type":"node","osm_id":"8142008318"}},{"type":"Feature","geometry":{"type":"Point","coordinates":[-0.86511,51.48038]},"properties":{"name":"Power infrastructure","category":"generator","osm_type":"node","osm_id":"8142008319"}},{"type":"Feature","geometry":{"type":"Point","coordinates":[-0.8664,51.48089]},"properties":{"name":"Power infrastructure","category":"generator","osm_type":"node","osm_id":"8142008320"}},{"type":"Feature","geometry":{"type":"Point","coordinates":[-0.86681,51.48082]},"properties":{"name":"Power infrastructure","category":"generator","osm_type":"node","osm_id":"8142008321"}},{"type":"Feature","geometry":{"type":"Point","coordinates":[-0.8638,51.48322]},"properties":{"name":"Power infrastructure","category":"generator","osm_type":"node","osm_id":"8142008322"}},{"type":"Feature","geometry":{"type":"Point","coordinates":[-0.86359,51.48324]},"properties":{"name":"Power infrastructure","category":"generator","osm_type":"node","osm_id":"8142008323"}},{"type":"Feature","geometry":{"type":"Point","coordinates":[-0.86205,51.48354]},"properties":{"name":"Power infrastructure","category":"generator","osm_type":"node","osm_id":"8142008324"}},{"type":"Feature","geometry":{"type":"Point","coordinates":[-0.86454,51.48396]},"properties":{"name":"Power infrastructure","category":"generator","osm_type":"node","osm_id":"8142370703"}},{"type":"Feature","geometry":{"type":"Point","coordinates":[-0.8671,51.48656]},"properties":{"name":"Power infrastructure","category":"generator","osm_type":"node","osm_id":"8142370704"}},{"type":"Feature","geometry":{"type":"Point","coordinates":[-0.86705,51.48657]},"properties":{"name":"Power infrastructure","category":"generator","osm_type":"node","osm_id":"8142370705"}},{"type":"Feature","geometry":{"type":"Point","coordinates":[-0.86704,51.48654]},"properties":{"name":"Power infrastructure","category":"generator","osm_type":"node","osm_id":"8142370706"}},{"type":"Feature","geometry":{"type":"Point","coordinates":[-0.8662,51.48686]},"properties":{"name":"Power infrastructure","category":"generator","osm_type":"node","osm_id":"8142370707"}},{"type":"Feature","geometry":{"type":"Point","coordinates":[-0.86575,51.48836]},"properties":{"name":"Power infrastructure","category":"generator","osm_type":"node","osm_id":"8142370712"}},{"type":"Feature","geometry":{"type":"Point","coordinates":[-0.86518,51.48844]},"properties":{"name":"Power infrastructure","category":"generator","osm_type":"node","osm_id":"8142370713"}},{"type":"Feature","geometry":{"type":"Point","coordinates":[-0.86393,51.48794]},"properties":{"name":"Power infrastructure","category":"generator","osm_type":"node","osm_id":"8142370714"}},{"type":"Feature","geometry":{"type":"Point","coordinates":[-0.86467,51.48817]},"properties":{"name":"Power infrastructure","category":"generator","osm_type":"node","osm_id":"8142370715"}},{"type":"Feature","geometry":{"type":"Point","coordinates":[-0.86399,51.48711]},"properties":{"name":"Power infrastructure","category":"generator","osm_type":"node","osm_id":"8142370716"}},{"type":"Feature","geometry":{"type":"Point","coordinates":[-0.86437,51.4864]},"properties":{"name":"Power infrastructure","category":"generator","osm_type":"node","osm_id":"8142375517"}},{"type":"Feature","geometry":{"type":"Point","coordinates":[-0.86436,51.48634]},"properties":{"name":"Power infrastructure","category":"generator","osm_type":"node","osm_id":"8142375518"}},{"type":"Feature","geometry":{"type":"Point","coordinates":[-0.86785,51.48552]},"properties":{"name":"Power infrastructure","category":"generator","osm_type":"node","osm_id":"8142375519"}},{"type":"Feature","geometry":{"type":"Point","coordinates":[-0.86806,51.48551]},"properties":{"name":"Power infrastructure","category":"generator","osm_type":"node","osm_id":"8142375520"}},{"type":"Feature","geometry":{"type":"Point","coordinates":[-0.86805,51.4855]},"properties":{"name":"Power infrastructure","category":"generator","osm_type":"node","osm_id":"8142375521"}},{"type":"Feature","geometry":{"type":"Point","coordinates":[-0.86312,51.48595]},"properties":{"name":"Power infrastructure","category":"generator","osm_type":"node","osm_id":"8142375522"}},{"type":"Feature","geometry":{"type":"Point","coordinates":[-0.86306,51.48595]},"properties":{"name":"Power infrastructure","category":"generator","osm_type":"node","osm_id":"8142375523"}},{"type":"Feature","geometry":{"type":"Point","coordinates":[-0.86423,51.48475]},"properties":{"name":"Power infrastructure","category":"generator","osm_type":"node","osm_id":"8142375524"}},{"type":"Feature","geometry":{"type":"Point","coordinates":[-0.86659,51.48393]},"properties":{"name":"Power infrastructure","category":"generator","osm_type":"node","osm_id":"8142375525"}},{"type":"Feature","geometry":{"type":"Point","coordinates":[-0.86666,51.48392]},"properties":{"name":"Power infrastructure","category":"generator","osm_type":"node","osm_id":"8142375526"}},{"type":"Feature","geometry":{"type":"Point","coordinates":[-0.86906,51.48349]},"properties":{"name":"Power infrastructure","category":"generator","osm_type":"node","osm_id":"8142375527"}},{"type":"Feature","geometry":{"type":"Point","coordinates":[-0.86903,51.48346]},"properties":{"name":"Power infrastructure","category":"generator","osm_type":"node","osm_id":"8142375528"}},{"type":"Feature","geometry":{"type":"Point","coordinates":[-0.86781,51.4849]},"properties":{"name":"Power infrastructure","category":"generator","osm_type":"node","osm_id":"8142375529"}},{"type":"Feature","geometry":{"type":"Point","coordinates":[-0.86776,51.48487]},"properties":{"name":"Power infrastructure","category":"generator","osm_type":"node","osm_id":"8142375530"}},{"type":"Feature","geometry":{"type":"Point","coordinates":[-0.86716,51.48515]},"properties":{"name":"Power infrastructure","category":"generator","osm_type":"node","osm_id":"8142375531"}},{"type":"Feature","geometry":{"type":"Point","coordinates":[-0.86786,51.48586]},"properties":{"name":"Power infrastructure","category":"generator","osm_type":"node","osm_id":"8142375532"}},{"type":"Feature","geometry":{"type":"Point","coordinates":[-0.86142,51.48418]},"properties":{"name":"Power infrastructure","category":"generator","osm_type":"node","osm_id":"8142375533"}},{"type":"Feature","geometry":{"type":"Point","coordinates":[-0.86251,51.48716]},"properties":{"name":"Power infrastructure","category":"generator","osm_type":"node","osm_id":"8142375534"}},{"type":"Feature","geometry":{"type":"Point","coordinates":[-0.86046,51.48554]},"properties":{"name":"Power infrastructure","category":"generator","osm_type":"node","osm_id":"8142375540"}},{"type":"Feature","geometry":{"type":"Point","coordinates":[-0.8615,51.48027]},"properties":{"name":"Power infrastructure","category":"generator","osm_type":"node","osm_id":"8142375553"}},{"type":"Feature","geometry":{"type":"Point","coordinates":[-0.86304,51.48058]},"properties":{"name":"Power infrastructure","category":"generator","osm_type":"node","osm_id":"8142375554"}},{"type":"Feature","geometry":{"type":"Point","coordinates":[-0.86307,51.48058]},"properties":{"name":"Power infrastructure","category":"generator","osm_type":"node","osm_id":"8142375555"}},{"type":"Feature","geometry":{"type":"Point","coordinates":[-0.86434,51.47827]},"properties":{"name":"Power infrastructure","category":"generator","osm_type":"node","osm_id":"8142375556"}},{"type":"Feature","geometry":{"type":"Point","coordinates":[-0.857,51.48263]},"properties":{"name":"Power infrastructure","category":"generator","osm_type":"node","osm_id":"8142375557"}},{"type":"Feature","geometry":{"type":"Point","coordinates":[-0.85686,51.48203]},"properties":{"name":"Power infrastructure","category":"generator","osm_type":"node","osm_id":"8142375558"}},{"type":"Feature","geometry":{"type":"Point","coordinates":[-0.8562,51.48208]},"properties":{"name":"Power infrastructure","category":"generator","osm_type":"node","osm_id":"8142375559"}},{"type":"Feature","geometry":{"type":"Point","coordinates":[-0.85812,51.48141]},"properties":{"name":"Power infrastructure","category":"generator","osm_type":"node","osm_id":"8142375560"}},{"type":"Feature","geometry":{"type":"Point","coordinates":[-0.85939,51.48091]},"properties":{"name":"Power infrastructure","category":"generator","osm_type":"node","osm_id":"8142375561"}},{"type":"Feature","geometry":{"type":"Point","coordinates":[-0.91563,51.43169]},"properties":{"name":"Power infrastructure","category":"generator","osm_type":"node","osm_id":"8143000076"}},{"type":"Feature","geometry":{"type":"Point","coordinates":[-0.90401,51.43675]},"properties":{"name":"Power infrastructure","category":"generator","osm_type":"node","osm_id":"8143000077"}},{"type":"Feature","geometry":{"type":"Point","coordinates":[-0.91483,51.43261]},"properties":{"name":"Power infrastructure","category":"generator","osm_type":"node","osm_id":"8143000078"}},{"type":"Feature","geometry":{"type":"Point","coordinates":[-0.90554,51.43393]},"properties":{"name":"Power infrastructure","category":"generator","osm_type":"node","osm_id":"8143000079"}},{"type":"Feature","geometry":{"type":"Point","coordinates":[-0.90396,51.43675]},"properties":{"name":"Power infrastructure","category":"generator","osm_type":"node","osm_id":"8143000080"}},{"type":"Feature","geometry":{"type":"Point","coordinates":[-0.90107,51.43115]},"properties":{"name":"Power infrastructure","category":"generator","osm_type":"node","osm_id":"8143000081"}},{"type":"Feature","geometry":{"type":"Point","coordinates":[-0.90088,51.43113]},"properties":{"name":"Power infrastructure","category":"generator","osm_type":"node","osm_id":"8143000082"}},{"type":"Feature","geometry":{"type":"Point","coordinates":[-0.9213,51.43174]},"properties":{"name":"Power infrastructure","category":"generator","osm_type":"node","osm_id":"8143000083"}},{"type":"Feature","geometry":{"type":"Point","coordinates":[-0.91586,51.43329]},"properties":{"name":"Power infrastructure","category":"generator","osm_type":"node","osm_id":"8143000084"}},{"type":"Feature","geometry":{"type":"Point","coordinates":[-0.91143,51.43292]},"properties":{"name":"Power infrastructure","category":"generator","osm_type":"node","osm_id":"8143000085"}},{"type":"Feature","geometry":{"type":"Point","coordinates":[-0.90756,51.43258]},"properties":{"name":"Power infrastructure","category":"generator","osm_type":"node","osm_id":"8143000086"}},{"type":"Feature","geometry":{"type":"Point","coordinates":[-0.9151,51.43341]},"properties":{"name":"Power infrastructure","category":"generator","osm_type":"node","osm_id":"8143000087"}},{"type":"Feature","geometry":{"type":"Point","coordinates":[-0.90288,51.4307]},"properties":{"name":"Power infrastructure","category":"generator","osm_type":"node","osm_id":"8143000088"}},{"type":"Feature","geometry":{"type":"Point","coordinates":[-0.9041,51.43422]},"properties":{"name":"Power infrastructure","category":"generator","osm_type":"node","osm_id":"8143000089"}},{"type":"Feature","geometry":{"type":"Point","coordinates":[-0.9159,51.43328]},"properties":{"name":"Power infrastructure","category":"generator","osm_type":"node","osm_id":"8143000090"}},{"type":"Feature","geometry":{"type":"Point","coordinates":[-0.90106,51.43144]},"properties":{"name":"Power infrastructure","category":"generator","osm_type":"node","osm_id":"8143000091"}},{"type":"Feature","geometry":{"type":"Point","coordinates":[-0.90762,51.43257]},"properties":{"name":"Power infrastructure","category":"generator","osm_type":"node","osm_id":"8143000092"}},{"type":"Feature","geometry":{"type":"Point","coordinates":[-0.904,51.43246]},"properties":{"name":"Power infrastructure","category":"generator","osm_type":"node","osm_id":"8143000093"}},{"type":"Feature","geometry":{"type":"Point","coordinates":[-0.91268,51.43354]},"properties":{"name":"Power infrastructure","category":"generator","osm_type":"node","osm_id":"8143000094"}},{"type":"Feature","geometry":{"type":"Point","coordinates":[-0.90237,51.43185]},"properties":{"name":"Power infrastructure","category":"generator","osm_type":"node","osm_id":"8143000095"}},{"type":"Feature","geometry":{"type":"Point","coordinates":[-0.91273,51.43174]},"properties":{"name":"Power infrastructure","category":"generator","osm_type":"node","osm_id":"8143000096"}},{"type":"Feature","geometry":{"type":"Point","coordinates":[-0.91141,51.43297]},"properties":{"name":"Power infrastructure","category":"generator","osm_type":"node","osm_id":"8143000097"}},{"type":"Feature","geometry":{"type":"Point","coordinates":[-0.90343,51.43248]},"properties":{"name":"Power infrastructure","category":"generator","osm_type":"node","osm_id":"8143000098"}},{"type":"Feature","geometry":{"type":"Point","coordinates":[-0.90418,51.43367]},"properties":{"name":"Power infrastructure","category":"generator","osm_type":"node","osm_id":"8143000099"}},{"type":"Feature","geometry":{"type":"Point","coordinates":[-0.90171,51.43239]},"properties":{"name":"Power infrastructure","category":"generator","osm_type":"node","osm_id":"8143000100"}},{"type":"Feature","geometry":{"type":"Point","coordinates":[-0.91544,51.43172]},"properties":{"name":"Power infrastructure","category":"generator","osm_type":"node","osm_id":"8143000101"}},{"type":"Feature","geometry":{"type":"Point","coordinates":[-0.90451,51.42843]},"properties":{"name":"Power infrastructure","category":"generator","osm_type":"node","osm_id":"8143302930"}},{"type":"Feature","geometry":{"type":"Point","coordinates":[-0.91072,51.42814]},"properties":{"name":"Power infrastructure","category":"generator","osm_type":"node","osm_id":"8143302931"}},{"type":"Feature","geometry":{"type":"Point","coordinates":[-0.90441,51.42882]},"properties":{"name":"Power infrastructure","category":"generator","osm_type":"node","osm_id":"8143302932"}},{"type":"Feature","geometry":{"type":"Point","coordinates":[-0.90762,51.42746]},"properties":{"name":"Power infrastructure","category":"generator","osm_type":"node","osm_id":"8143302933"}},{"type":"Feature","geometry":{"type":"Point","coordinates":[-0.90455,51.42729]},"properties":{"name":"Power infrastructure","category":"generator","osm_type":"node","osm_id":"8143302934"}},{"type":"Feature","geometry":{"type":"Point","coordinates":[-0.90448,51.4288]},"properties":{"name":"Power infrastructure","category":"generator","osm_type":"node","osm_id":"8143302935"}},{"type":"Feature","geometry":{"type":"Point","coordinates":[-0.91109,51.43058]},"properties":{"name":"Power infrastructure","category":"generator","osm_type":"node","osm_id":"8143302936"}},{"type":"Feature","geometry":{"type":"Point","coordinates":[-0.91101,51.42572]},"properties":{"name":"Power infrastructure","category":"generator","osm_type":"node","osm_id":"8143302937"}},{"type":"Feature","geometry":{"type":"Point","coordinates":[-0.90563,51.42765]},"properties":{"name":"Power infrastructure","category":"generator","osm_type":"node","osm_id":"8143302938"}},{"type":"Feature","geometry":{"type":"Point","coordinates":[-0.90678,51.42873]},"properties":{"name":"Power infrastructure","category":"generator","osm_type":"node","osm_id":"8143302939"}},{"type":"Feature","geometry":{"type":"Point","coordinates":[-0.90255,51.42873]},"properties":{"name":"Power infrastructure","category":"generator","osm_type":"node","osm_id":"8143302940"}},{"type":"Feature","geometry":{"type":"Point","coordinates":[-0.9029,51.42909]},"properties":{"name":"Power infrastructure","category":"generator","osm_type":"node","osm_id":"8143302941"}},{"type":"Feature","geometry":{"type":"Point","coordinates":[-0.90704,51.43003]},"properties":{"name":"Power infrastructure","category":"generator","osm_type":"node","osm_id":"8143302942"}},{"type":"Feature","geometry":{"type":"Point","coordinates":[-0.91346,51.43007]},"properties":{"name":"Power infrastructure","category":"generator","osm_type":"node","osm_id":"8143302943"}},{"type":"Feature","geometry":{"type":"Point","coordinates":[-0.90892,51.43006]},"properties":{"name":"Power infrastructure","category":"generator","osm_type":"node","osm_id":"8143302944"}},{"type":"Feature","geometry":{"type":"Point","coordinates":[-0.90683,51.42941]},"properties":{"name":"Power infrastructure","category":"generator","osm_type":"node","osm_id":"8143302945"}},{"type":"Feature","geometry":{"type":"Point","coordinates":[-0.90262,51.4282]},"properties":{"name":"Power infrastructure","category":"generator","osm_type":"node","osm_id":"8143302946"}},{"type":"Feature","geometry":{"type":"Point","coordinates":[-0.90274,51.43014]},"properties":{"name":"Power infrastructure","category":"generator","osm_type":"node","osm_id":"8143302947"}},{"type":"Feature","geometry":{"type":"Point","coordinates":[-0.90575,51.42783]},"properties":{"name":"Power infrastructure","category":"generator","osm_type":"node","osm_id":"8143302948"}},{"type":"Feature","geometry":{"type":"Point","coordinates":[-0.90794,51.42728]},"properties":{"name":"Power infrastructure","category":"generator","osm_type":"node","osm_id":"8143302949"}},{"type":"Feature","geometry":{"type":"Point","coordinates":[-0.90824,51.42953]},"properties":{"name":"Power infrastructure","category":"generator","osm_type":"node","osm_id":"8143302950"}},{"type":"Feature","geometry":{"type":"Point","coordinates":[-0.90959,51.42913]},"properties":{"name":"Power infrastructure","category":"generator","osm_type":"node","osm_id":"8143302951"}},{"type":"Feature","geometry":{"type":"Point","coordinates":[-0.90698,51.42936]},"properties":{"name":"Power infrastructure","category":"generator","osm_type":"node","osm_id":"8143302952"}},{"type":"Feature","geometry":{"type":"Point","coordinates":[-0.90754,51.42747]},"properties":{"name":"Power infrastructure","category":"generator","osm_type":"node","osm_id":"8143302953"}},{"type":"Feature","geometry":{"type":"Point","coordinates":[-0.90815,51.42951]},"properties":{"name":"Power infrastructure","category":"generator","osm_type":"node","osm_id":"8143302954"}},{"type":"Feature","geometry":{"type":"Point","coordinates":[-0.90521,51.42697]},"properties":{"name":"Power infrastructure","category":"generator","osm_type":"node","osm_id":"8143302955"}},{"type":"Feature","geometry":{"type":"Point","coordinates":[-0.90787,51.42731]},"properties":{"name":"Power infrastructure","category":"generator","osm_type":"node","osm_id":"8143302956"}},{"type":"Feature","geometry":{"type":"Point","coordinates":[-0.91295,51.42681]},"properties":{"name":"Power infrastructure","category":"generator","osm_type":"node","osm_id":"8143302957"}},{"type":"Feature","geometry":{"type":"Point","coordinates":[-0.90453,51.42843]},"properties":{"name":"Power infrastructure","category":"generator","osm_type":"node","osm_id":"8143302958"}},{"type":"Feature","geometry":{"type":"Point","coordinates":[-0.909,51.43007]},"properties":{"name":"Power infrastructure","category":"generator","osm_type":"node","osm_id":"8143302959"}},{"type":"Feature","geometry":{"type":"Point","coordinates":[-0.91081,51.42537]},"properties":{"name":"Power infrastructure","category":"generator","osm_type":"node","osm_id":"8143302960"}},{"type":"Feature","geometry":{"type":"Point","coordinates":[-0.90883,51.42811]},"properties":{"name":"Power infrastructure","category":"generator","osm_type":"node","osm_id":"8143302961"}},{"type":"Feature","geometry":{"type":"Point","coordinates":[-0.9054,51.42694]},"properties":{"name":"Power infrastructure","category":"generator","osm_type":"node","osm_id":"8143302962"}},{"type":"Feature","geometry":{"type":"Point","coordinates":[-0.90491,51.42827]},"properties":{"name":"Power infrastructure","category":"generator","osm_type":"node","osm_id":"8143302963"}},{"type":"Feature","geometry":{"type":"Point","coordinates":[-0.90401,51.42766]},"properties":{"name":"Power infrastructure","category":"generator","osm_type":"node","osm_id":"8143302964"}},{"type":"Feature","geometry":{"type":"Point","coordinates":[-0.91217,51.42644]},"properties":{"name":"Power infrastructure","category":"generator","osm_type":"node","osm_id":"8143302965"}},{"type":"Feature","geometry":{"type":"Point","coordinates":[-0.90534,51.43075]},"properties":{"name":"Power infrastructure","category":"generator","osm_type":"node","osm_id":"8143302966"}},{"type":"Feature","geometry":{"type":"Point","coordinates":[-0.90969,51.42835]},"properties":{"name":"Power infrastructure","category":"generator","osm_type":"node","osm_id":"8143302967"}},{"type":"Feature","geometry":{"type":"Point","coordinates":[-0.91093,51.43011]},"properties":{"name":"Power infrastructure","category":"generator","osm_type":"node","osm_id":"8143302968"}},{"type":"Feature","geometry":{"type":"Point","coordinates":[-0.90567,51.42769]},"properties":{"name":"Power infrastructure","category":"generator","osm_type":"node","osm_id":"8143302969"}},{"type":"Feature","geometry":{"type":"Point","coordinates":[-0.92647,51.4265]},"properties":{"name":"Power infrastructure","category":"generator","osm_type":"node","osm_id":"8143369739"}},{"type":"Feature","geometry":{"type":"Point","coordinates":[-0.91323,51.42369]},"properties":{"name":"Power infrastructure","category":"generator","osm_type":"node","osm_id":"8143369740"}},{"type":"Feature","geometry":{"type":"Point","coordinates":[-0.91838,51.42289]},"properties":{"name":"Power infrastructure","category":"generator","osm_type":"node","osm_id":"8143369741"}},{"type":"Feature","geometry":{"type":"Point","coordinates":[-0.9218,51.42529]},"properties":{"name":"Power infrastructure","category":"generator","osm_type":"node","osm_id":"8143369742"}},{"type":"Feature","geometry":{"type":"Point","coordinates":[-0.92169,51.42376]},"properties":{"name":"Power infrastructure","category":"generator","osm_type":"node","osm_id":"8143369743"}},{"type":"Feature","geometry":{"type":"Point","coordinates":[-0.91684,51.42641]},"properties":{"name":"Power infrastructure","category":"generator","osm_type":"node","osm_id":"8143369744"}},{"type":"Feature","geometry":{"type":"Point","coordinates":[-0.91359,51.42364]},"properties":{"name":"Power infrastructure","category":"generator","osm_type":"node","osm_id":"8143369745"}},{"type":"Feature","geometry":{"type":"Point","coordinates":[-0.92358,51.42354]},"properties":{"name":"Power infrastructure","category":"generator","osm_type":"node","osm_id":"8143369746"}},{"type":"Feature","geometry":{"type":"Point","coordinates":[-0.92363,51.42354]},"properties":{"name":"Power infrastructure","category":"generator","osm_type":"node","osm_id":"8143369747"}},{"type":"Feature","geometry":{"type":"Point","coordinates":[-0.92645,51.42418]},"properties":{"name":"Power infrastructure","category":"generator","osm_type":"node","osm_id":"8143369748"}},{"type":"Feature","geometry":{"type":"Point","coordinates":[-0.92223,51.42689]},"properties":{"name":"Power infrastructure","category":"generator","osm_type":"node","osm_id":"8143369749"}},{"type":"Feature","geometry":{"type":"Point","coordinates":[-0.91291,51.4238]},"properties":{"name":"Power infrastructure","category":"generator","osm_type":"node","osm_id":"8143369750"}},{"type":"Feature","geometry":{"type":"Point","coordinates":[-0.9228,51.42578]},"properties":{"name":"Power infrastructure","category":"generator","osm_type":"node","osm_id":"8143369751"}},{"type":"Feature","geometry":{"type":"Point","coordinates":[-0.91731,51.42487]},"properties":{"name":"Power infrastructure","category":"generator","osm_type":"node","osm_id":"8143369752"}},{"type":"Feature","geometry":{"type":"Point","coordinates":[-0.91719,51.4249]},"properties":{"name":"Power infrastructure","category":"generator","osm_type":"node","osm_id":"8143369753"}},{"type":"Feature","geometry":{"type":"Point","coordinates":[-0.91428,51.42289]},"properties":{"name":"Power infrastructure","category":"generator","osm_type":"node","osm_id":"8143369754"}},{"type":"Feature","geometry":{"type":"Point","coordinates":[-0.91327,51.42368]},"properties":{"name":"Power infrastructure","category":"generator","osm_type":"node","osm_id":"8143369755"}},{"type":"Feature","geometry":{"type":"Point","coordinates":[-0.92124,51.42543]},"properties":{"name":"Power infrastructure","category":"generator","osm_type":"node","osm_id":"8143369756"}},{"type":"Feature","geometry":{"type":"Point","coordinates":[-0.9182,51.42431]},"properties":{"name":"Power infrastructure","category":"generator","osm_type":"node","osm_id":"8143369757"}},{"type":"Feature","geometry":{"type":"Point","coordinates":[-0.91814,51.42435]},"properties":{"name":"Power infrastructure","category":"generator","osm_type":"node","osm_id":"8143369758"}},{"type":"Feature","geometry":{"type":"Point","coordinates":[-0.91585,51.42359]},"properties":{"name":"Power infrastructure","category":"generator","osm_type":"node","osm_id":"8143369759"}},{"type":"Feature","geometry":{"type":"Point","coordinates":[-0.92269,51.42732]},"properties":{"name":"Power infrastructure","category":"generator","osm_type":"node","osm_id":"8143369760"}},{"type":"Feature","geometry":{"type":"Point","coordinates":[-0.91733,51.42396]},"properties":{"name":"Power infrastructure","category":"generator","osm_type":"node","osm_id":"8143369761"}},{"type":"Feature","geometry":{"type":"Point","coordinates":[-0.91409,51.42515]},"properties":{"name":"Power infrastructure","category":"generator","osm_type":"node","osm_id":"8143369762"}},{"type":"Feature","geometry":{"type":"Point","coordinates":[-0.92104,51.42617]},"properties":{"name":"Power infrastructure","category":"generator","osm_type":"node","osm_id":"8143369763"}},{"type":"Feature","geometry":{"type":"Point","coordinates":[-0.9212,51.42537]},"properties":{"name":"Power infrastructure","category":"generator","osm_type":"node","osm_id":"8143369764"}},{"type":"Feature","geometry":{"type":"Point","coordinates":[-0.92174,51.42377]},"properties":{"name":"Power infrastructure","category":"generator","osm_type":"node","osm_id":"8143369765"}},{"type":"Feature","geometry":{"type":"Point","coordinates":[-0.91405,51.42511]},"properties":{"name":"Power infrastructure","category":"generator","osm_type":"node","osm_id":"8143369766"}},{"type":"Feature","geometry":{"type":"Point","coordinates":[-0.92643,51.42655]},"properties":{"name":"Power infrastructure","category":"generator","osm_type":"node","osm_id":"8143369767"}},{"type":"Feature","geometry":{"type":"Point","coordinates":[-0.92266,51.42436]},"properties":{"name":"Power infrastructure","category":"generator","osm_type":"node","osm_id":"8143369768"}},{"type":"Feature","geometry":{"type":"Point","coordinates":[-0.928,51.42224]},"properties":{"name":"Power infrastructure","category":"generator","osm_type":"node","osm_id":"8143369769"}},{"type":"Feature","geometry":{"type":"Point","coordinates":[-0.91469,51.4231]},"properties":{"name":"Power infrastructure","category":"generator","osm_type":"node","osm_id":"8143369770"}},{"type":"Feature","geometry":{"type":"Point","coordinates":[-0.92745,51.42402]},"properties":{"name":"Power infrastructure","category":"generator","osm_type":"node","osm_id":"8143939354"}},{"type":"Feature","geometry":{"type":"Point","coordinates":[-0.93059,51.42199]},"properties":{"name":"Power infrastructure","category":"generator","osm_type":"node","osm_id":"8143939355"}},{"type":"Feature","geometry":{"type":"Point","coordinates":[-0.93065,51.42199]},"properties":{"name":"Power infrastructure","category":"generator","osm_type":"node","osm_id":"8143939356"}},{"type":"Feature","geometry":{"type":"Point","coordinates":[-0.93049,51.4231]},"properties":{"name":"Power infrastructure","category":"generator","osm_type":"node","osm_id":"8143939357"}},{"type":"Feature","geometry":{"type":"Point","coordinates":[-0.93332,51.42135]},"properties":{"name":"Power infrastructure","category":"generator","osm_type":"node","osm_id":"8143939358"}},{"type":"Feature","geometry":{"type":"Point","coordinates":[-0.9338,51.42225]},"properties":{"name":"Power infrastructure","category":"generator","osm_type":"node","osm_id":"8143939359"}},{"type":"Feature","geometry":{"type":"Point","coordinates":[-0.93351,51.42227]},"properties":{"name":"Power infrastructure","category":"generator","osm_type":"node","osm_id":"8143939360"}},{"type":"Feature","geometry":{"type":"Point","coordinates":[-0.93441,51.42097]},"properties":{"name":"Power infrastructure","category":"generator","osm_type":"node","osm_id":"8143939361"}},{"type":"Feature","geometry":{"type":"Point","coordinates":[-0.93939,51.42044]},"properties":{"name":"Power infrastructure","category":"generator","osm_type":"node","osm_id":"8143939362"}},{"type":"Feature","geometry":{"type":"Point","coordinates":[-0.93878,51.42014]},"properties":{"name":"Power infrastructure","category":"generator","osm_type":"node","osm_id":"8143939363"}},{"type":"Feature","geometry":{"type":"Point","coordinates":[-0.93999,51.42131]},"properties":{"name":"Power infrastructure","category":"generator","osm_type":"node","osm_id":"8143939364"}},{"type":"Feature","geometry":{"type":"Point","coordinates":[-0.9409,51.42026]},"properties":{"name":"Power infrastructure","category":"generator","osm_type":"node","osm_id":"8143939365"}},{"type":"Feature","geometry":{"type":"Point","coordinates":[-0.94185,51.42117]},"properties":{"name":"Power infrastructure","category":"generator","osm_type":"node","osm_id":"8143939366"}},{"type":"Feature","geometry":{"type":"Point","coordinates":[-0.94201,51.42147]},"properties":{"name":"Power infrastructure","category":"generator","osm_type":"node","osm_id":"8143939367"}},{"type":"Feature","geometry":{"type":"Point","coordinates":[-0.94128,51.42161]},"properties":{"name":"Power infrastructure","category":"generator","osm_type":"node","osm_id":"8143939368"}},{"type":"Feature","geometry":{"type":"Point","coordinates":[-0.93936,51.42207]},"properties":{"name":"Power infrastructure","category":"generator","osm_type":"node","osm_id":"8143939369"}},{"type":"Feature","geometry":{"type":"Point","coordinates":[-0.94659,51.41843]},"properties":{"name":"Power infrastructure","category":"generator","osm_type":"node","osm_id":"8143939370"}},{"type":"Feature","geometry":{"type":"Point","coordinates":[-0.94677,51.41785]},"properties":{"name":"Power infrastructure","category":"generator","osm_type":"node","osm_id":"8143939371"}},{"type":"Feature","geometry":{"type":"Point","coordinates":[-0.94676,51.4178]},"properties":{"name":"Power infrastructure","category":"generator","osm_type":"node","osm_id":"8143939372"}},{"type":"Feature","geometry":{"type":"Point","coordinates":[-0.94467,51.4236]},"properties":{"name":"Power infrastructure","category":"generator","osm_type":"node","osm_id":"8143939373"}},{"type":"Feature","geometry":{"type":"Point","coordinates":[-0.94414,51.42858]},"properties":{"name":"Power infrastructure","category":"generator","osm_type":"node","osm_id":"8143939374"}},{"type":"Feature","geometry":{"type":"Point","coordinates":[-0.94156,51.42925]},"properties":{"name":"Power infrastructure","category":"generator","osm_type":"node","osm_id":"8143939375"}},{"type":"Feature","geometry":{"type":"Point","coordinates":[-0.94338,51.42753]},"properties":{"name":"Power infrastructure","category":"generator","osm_type":"node","osm_id":"8143939376"}},{"type":"Feature","geometry":{"type":"Point","coordinates":[-0.93989,51.42422]},"properties":{"name":"Power infrastructure","category":"generator","osm_type":"node","osm_id":"8143939377"}},{"type":"Feature","geometry":{"type":"Point","coordinates":[-0.93891,51.42279]},"properties":{"name":"Power infrastructure","category":"generator","osm_type":"node","osm_id":"8143939378"}},{"type":"Feature","geometry":{"type":"Point","coordinates":[-0.93855,51.42349]},"properties":{"name":"Power infrastructure","category":"generator","osm_type":"node","osm_id":"8143939379"}},{"type":"Feature","geometry":{"type":"Point","coordinates":[-0.93505,51.42453]},"properties":{"name":"Power infrastructure","category":"generator","osm_type":"node","osm_id":"8143939380"}},{"type":"Feature","geometry":{"type":"Point","coordinates":[-0.92999,51.42518]},"properties":{"name":"Power infrastructure","category":"generator","osm_type":"node","osm_id":"8143939381"}},{"type":"Feature","geometry":{"type":"Point","coordinates":[-0.93321,51.42558]},"properties":{"name":"Power infrastructure","category":"generator","osm_type":"node","osm_id":"8143939382"}},{"type":"Feature","geometry":{"type":"Point","coordinates":[-0.93311,51.42569]},"properties":{"name":"Power infrastructure","category":"generator","osm_type":"node","osm_id":"8143939383"}},{"type":"Feature","geometry":{"type":"Point","coordinates":[-0.933,51.42569]},"properties":{"name":"Power infrastructure","category":"generator","osm_type":"node","osm_id":"8143939384"}},{"type":"Feature","geometry":{"type":"Point","coordinates":[-0.93267,51.42618]},"properties":{"name":"Power infrastructure","category":"generator","osm_type":"node","osm_id":"8143939386"}},{"type":"Feature","geometry":{"type":"Point","coordinates":[-0.94001,51.42487]},"properties":{"name":"Power infrastructure","category":"generator","osm_type":"node","osm_id":"8143939387"}},{"type":"Feature","geometry":{"type":"Point","coordinates":[-0.94026,51.42534]},"properties":{"name":"Power infrastructure","category":"generator","osm_type":"node","osm_id":"8143939388"}},{"type":"Feature","geometry":{"type":"Point","coordinates":[-0.9403,51.42538]},"properties":{"name":"Power infrastructure","category":"generator","osm_type":"node","osm_id":"8143939389"}},{"type":"Feature","geometry":{"type":"Point","coordinates":[-0.93675,51.42611]},"properties":{"name":"Power infrastructure","category":"generator","osm_type":"node","osm_id":"8143939390"}},{"type":"Feature","geometry":{"type":"Point","coordinates":[-0.93623,51.42636]},"properties":{"name":"Power infrastructure","category":"generator","osm_type":"node","osm_id":"8143939391"}},{"type":"Feature","geometry":{"type":"Point","coordinates":[-0.93761,51.42617]},"properties":{"name":"Power infrastructure","category":"generator","osm_type":"node","osm_id":"8143939392"}},{"type":"Feature","geometry":{"type":"Point","coordinates":[-0.93755,51.42616]},"properties":{"name":"Power infrastructure","category":"generator","osm_type":"node","osm_id":"8143939393"}},{"type":"Feature","geometry":{"type":"Point","coordinates":[-0.93802,51.42657]},"properties":{"name":"Power infrastructure","category":"generator","osm_type":"node","osm_id":"8143939394"}},{"type":"Feature","geometry":{"type":"Point","coordinates":[-0.93881,51.42612]},"properties":{"name":"Power infrastructure","category":"generator","osm_type":"node","osm_id":"8143939395"}},{"type":"Feature","geometry":{"type":"Point","coordinates":[-0.94157,51.42731]},"properties":{"name":"Power infrastructure","category":"generator","osm_type":"node","osm_id":"8143939396"}},{"type":"Feature","geometry":{"type":"Point","coordinates":[-0.94375,51.42666]},"properties":{"name":"Power infrastructure","category":"generator","osm_type":"node","osm_id":"8143939397"}},{"type":"Feature","geometry":{"type":"Point","coordinates":[-0.94373,51.42708]},"properties":{"name":"Power infrastructure","category":"generator","osm_type":"node","osm_id":"8143939398"}},{"type":"Feature","geometry":{"type":"Point","coordinates":[-0.95069,51.41767]},"properties":{"name":"Power infrastructure","category":"generator","osm_type":"node","osm_id":"8143939399"}},{"type":"Feature","geometry":{"type":"Point","coordinates":[-0.95341,51.42085]},"properties":{"name":"Power infrastructure","category":"generator","osm_type":"node","osm_id":"8143939400"}},{"type":"Feature","geometry":{"type":"Point","coordinates":[-0.95297,51.42112]},"properties":{"name":"Power infrastructure","category":"generator","osm_type":"node","osm_id":"8143939401"}},{"type":"Feature","geometry":{"type":"Point","coordinates":[-0.95296,51.42117]},"properties":{"name":"Power infrastructure","category":"generator","osm_type":"node","osm_id":"8143939402"}},{"type":"Feature","geometry":{"type":"Point","coordinates":[-0.95301,51.42118]},"properties":{"name":"Power infrastructure","category":"generator","osm_type":"node","osm_id":"8143939403"}},{"type":"Feature","geometry":{"type":"Point","coordinates":[-0.95302,51.42112]},"properties":{"name":"Power infrastructure","category":"generator","osm_type":"node","osm_id":"8143939404"}},{"type":"Feature","geometry":{"type":"Point","coordinates":[-0.95497,51.42063]},"properties":{"name":"Power infrastructure","category":"generator","osm_type":"node","osm_id":"8143939405"}},{"type":"Feature","geometry":{"type":"Point","coordinates":[-0.95484,51.42069]},"properties":{"name":"Power infrastructure","category":"generator","osm_type":"node","osm_id":"8143939406"}},{"type":"Feature","geometry":{"type":"Point","coordinates":[-0.95484,51.42029]},"properties":{"name":"Power infrastructure","category":"generator","osm_type":"node","osm_id":"8143939407"}},{"type":"Feature","geometry":{"type":"Point","coordinates":[-0.95718,51.41779]},"properties":{"name":"Power infrastructure","category":"generator","osm_type":"node","osm_id":"8143939408"}},{"type":"Feature","geometry":{"type":"Point","coordinates":[-0.95764,51.41326]},"properties":{"name":"Power infrastructure","category":"generator","osm_type":"node","osm_id":"8143939409"}},{"type":"Feature","geometry":{"type":"Point","coordinates":[-0.95722,51.41801]},"properties":{"name":"Power infrastructure","category":"generator","osm_type":"node","osm_id":"8143939410"}},{"type":"Feature","geometry":{"type":"Point","coordinates":[-0.95726,51.41803]},"properties":{"name":"Power infrastructure","category":"generator","osm_type":"node","osm_id":"8143939411"}},{"type":"Feature","geometry":{"type":"Point","coordinates":[-0.94734,51.42502]},"properties":{"name":"Power infrastructure","category":"generator","osm_type":"node","osm_id":"8143939412"}},{"type":"Feature","geometry":{"type":"Point","coordinates":[-0.94738,51.42507]},"properties":{"name":"Power infrastructure","category":"generator","osm_type":"node","osm_id":"8143939414"}},{"type":"Feature","geometry":{"type":"Point","coordinates":[-0.94731,51.42507]},"properties":{"name":"Power infrastructure","category":"generator","osm_type":"node","osm_id":"8143939415"}},{"type":"Feature","geometry":{"type":"Point","coordinates":[-0.97369,51.15938]},"properties":{"name":"Power infrastructure","category":"generator","osm_type":"node","osm_id":"8145159685"}},{"type":"Feature","geometry":{"type":"Point","coordinates":[-0.96893,51.15654]},"properties":{"name":"Power infrastructure","category":"generator","osm_type":"node","osm_id":"8145159686"}},{"type":"Feature","geometry":{"type":"Point","coordinates":[-0.98278,51.15297]},"properties":{"name":"Power infrastructure","category":"generator","osm_type":"node","osm_id":"8145159687"}},{"type":"Feature","geometry":{"type":"Point","coordinates":[-0.96971,51.15679]},"properties":{"name":"Power infrastructure","category":"generator","osm_type":"node","osm_id":"8145159688"}},{"type":"Feature","geometry":{"type":"Point","coordinates":[-0.96756,51.1588]},"properties":{"name":"Power infrastructure","category":"generator","osm_type":"node","osm_id":"8145159689"}},{"type":"Feature","geometry":{"type":"Point","coordinates":[-0.98036,51.15544]},"properties":{"name":"Power infrastructure","category":"generator","osm_type":"node","osm_id":"8145159690"}},{"type":"Feature","geometry":{"type":"Point","coordinates":[-0.97523,51.16116]},"properties":{"name":"Power infrastructure","category":"generator","osm_type":"node","osm_id":"8145159691"}},{"type":"Feature","geometry":{"type":"Point","coordinates":[-0.97751,51.16056]},"properties":{"name":"Power infrastructure","category":"generator","osm_type":"node","osm_id":"8145159692"}},{"type":"Feature","geometry":{"type":"Point","coordinates":[-0.98711,51.15181]},"properties":{"name":"Power infrastructure","category":"generator","osm_type":"node","osm_id":"8145159693"}},{"type":"Feature","geometry":{"type":"Point","coordinates":[-0.97103,51.16322]},"properties":{"name":"Power infrastructure","category":"generator","osm_type":"node","osm_id":"8145159694"}},{"type":"Feature","geometry":{"type":"Point","coordinates":[-0.98721,51.15207]},"properties":{"name":"Power infrastructure","category":"generator","osm_type":"node","osm_id":"8145159695"}},{"type":"Feature","geometry":{"type":"Point","coordinates":[-0.97206,51.1573]},"properties":{"name":"Power infrastructure","category":"generator","osm_type":"node","osm_id":"8145159696"}},{"type":"Feature","geometry":{"type":"Point","coordinates":[-0.97076,51.16313]},"properties":{"name":"Power infrastructure","category":"generator","osm_type":"node","osm_id":"8145159697"}},{"type":"Feature","geometry":{"type":"Point","coordinates":[-0.96765,51.15889]},"properties":{"name":"Power infrastructure","category":"generator","osm_type":"node","osm_id":"8145159698"}},{"type":"Feature","geometry":{"type":"Point","coordinates":[-0.97097,51.16261]},"properties":{"name":"Power infrastructure","category":"generator","osm_type":"node","osm_id":"8145159699"}},{"type":"Feature","geometry":{"type":"Point","coordinates":[-0.97888,51.15862]},"properties":{"name":"Power infrastructure","category":"generator","osm_type":"node","osm_id":"8145159700"}},{"type":"Feature","geometry":{"type":"Point","coordinates":[-0.97134,51.16302]},"properties":{"name":"Power infrastructure","category":"generator","osm_type":"node","osm_id":"8145159701"}},{"type":"Feature","geometry":{"type":"Point","coordinates":[-0.97294,51.15708]},"properties":{"name":"Power infrastructure","category":"generator","osm_type":"node","osm_id":"8145159702"}},{"type":"Feature","geometry":{"type":"Point","coordinates":[-0.96815,51.15875]},"properties":{"name":"Power infrastructure","category":"generator","osm_type":"node","osm_id":"8145159703"}},{"type":"Feature","geometry":{"type":"Point","coordinates":[-0.97088,51.16251]},"properties":{"name":"Power infrastructure","category":"generator","osm_type":"node","osm_id":"8145159704"}},{"type":"Feature","geometry":{"type":"Point","coordinates":[-0.97174,51.15578]},"properties":{"name":"Power infrastructure","category":"generator","osm_type":"node","osm_id":"8145159705"}},{"type":"Feature","geometry":{"type":"Point","coordinates":[-0.96916,51.1552]},"properties":{"name":"Power infrastructure","category":"generator","osm_type":"node","osm_id":"8145159706"}},{"type":"Feature","geometry":{"type":"Point","coordinates":[-0.96984,51.15526]},"properties":{"name":"Power infrastructure","category":"generator","osm_type":"node","osm_id":"8145159707"}},{"type":"Feature","geometry":{"type":"Point","coordinates":[-0.96991,51.15702]},"properties":{"name":"Power infrastructure","category":"generator","osm_type":"node","osm_id":"8145159708"}},{"type":"Feature","geometry":{"type":"Point","coordinates":[-0.97906,51.15919]},"properties":{"name":"Power infrastructure","category":"generator","osm_type":"node","osm_id":"8145159709"}},{"type":"Feature","geometry":{"type":"Point","coordinates":[-0.97126,51.16312]},"properties":{"name":"Power infrastructure","category":"generator","osm_type":"node","osm_id":"8145159710"}},{"type":"Feature","geometry":{"type":"Point","coordinates":[-0.97144,51.15873]},"properties":{"name":"Power infrastructure","category":"generator","osm_type":"node","osm_id":"8145159711"}},{"type":"Feature","geometry":{"type":"Point","coordinates":[-0.97091,51.1618]},"properties":{"name":"Power infrastructure","category":"generator","osm_type":"node","osm_id":"8145159712"}},{"type":"Feature","geometry":{"type":"Point","coordinates":[-0.97267,51.16236]},"properties":{"name":"Power infrastructure","category":"generator","osm_type":"node","osm_id":"8145159713"}},{"type":"Feature","geometry":{"type":"Point","coordinates":[-0.9826,51.15156]},"properties":{"name":"Power infrastructure","category":"generator","osm_type":"node","osm_id":"8145159714"}},{"type":"Feature","geometry":{"type":"Point","coordinates":[-0.97817,51.15825]},"properties":{"name":"Power infrastructure","category":"generator","osm_type":"node","osm_id":"8145159715"}},{"type":"Feature","geometry":{"type":"Point","coordinates":[-0.96746,51.15856]},"properties":{"name":"Power infrastructure","category":"generator","osm_type":"node","osm_id":"8145159716"}},{"type":"Feature","geometry":{"type":"Point","coordinates":[-0.97351,51.15522]},"properties":{"name":"Power infrastructure","category":"generator","osm_type":"node","osm_id":"8145175117"}},{"type":"Feature","geometry":{"type":"Point","coordinates":[-0.96863,51.15659]},"properties":{"name":"Power infrastructure","category":"generator","osm_type":"node","osm_id":"8145175118"}},{"type":"Feature","geometry":{"type":"Point","coordinates":[-0.96929,51.1601]},"properties":{"name":"Power infrastructure","category":"generator","osm_type":"node","osm_id":"8145175119"}},{"type":"Feature","geometry":{"type":"Point","coordinates":[-0.96979,51.15717]},"properties":{"name":"Power infrastructure","category":"generator","osm_type":"node","osm_id":"8145175120"}},{"type":"Feature","geometry":{"type":"Point","coordinates":[-0.97125,51.16293]},"properties":{"name":"Power infrastructure","category":"generator","osm_type":"node","osm_id":"8145175121"}},{"type":"Feature","geometry":{"type":"Point","coordinates":[-0.97058,51.16271]},"properties":{"name":"Power infrastructure","category":"generator","osm_type":"node","osm_id":"8145175122"}},{"type":"Feature","geometry":{"type":"Point","coordinates":[-0.97841,51.15614]},"properties":{"name":"Power infrastructure","category":"generator","osm_type":"node","osm_id":"8145175123"}},{"type":"Feature","geometry":{"type":"Point","coordinates":[-0.98089,51.15395]},"properties":{"name":"Power infrastructure","category":"generator","osm_type":"node","osm_id":"8145175124"}},{"type":"Feature","geometry":{"type":"Point","coordinates":[-0.97062,51.1624]},"properties":{"name":"Power infrastructure","category":"generator","osm_type":"node","osm_id":"8145175126"}},{"type":"Feature","geometry":{"type":"Point","coordinates":[-0.9848,51.15075]},"properties":{"name":"Power infrastructure","category":"generator","osm_type":"node","osm_id":"8145175127"}},{"type":"Feature","geometry":{"type":"Point","coordinates":[-0.98014,51.15826]},"properties":{"name":"Power infrastructure","category":"generator","osm_type":"node","osm_id":"8145175128"}},{"type":"Feature","geometry":{"type":"Point","coordinates":[-0.97026,51.15554]},"properties":{"name":"Power infrastructure","category":"generator","osm_type":"node","osm_id":"8145175129"}},{"type":"Feature","geometry":{"type":"Point","coordinates":[-0.98419,51.15281]},"properties":{"name":"Power infrastructure","category":"generator","osm_type":"node","osm_id":"8145175130"}},{"type":"Feature","geometry":{"type":"Point","coordinates":[-0.96868,51.15544]},"properties":{"name":"Power infrastructure","category":"generator","osm_type":"node","osm_id":"8145175131"}},{"type":"Feature","geometry":{"type":"Point","coordinates":[-0.97087,51.16331]},"properties":{"name":"Power infrastructure","category":"generator","osm_type":"node","osm_id":"8145175132"}},{"type":"Feature","geometry":{"type":"Point","coordinates":[-0.98161,51.15556]},"properties":{"name":"Power infrastructure","category":"generator","osm_type":"node","osm_id":"8145175133"}},{"type":"Feature","geometry":{"type":"Point","coordinates":[-0.96866,51.15618]},"properties":{"name":"Power infrastructure","category":"generator","osm_type":"node","osm_id":"8145175134"}},{"type":"Feature","geometry":{"type":"Point","coordinates":[-0.97102,51.16265]},"properties":{"name":"Power infrastructure","category":"generator","osm_type":"node","osm_id":"8145175135"}},{"type":"Feature","geometry":{"type":"Point","coordinates":[-0.98042,51.15626]},"properties":{"name":"Power infrastructure","category":"generator","osm_type":"node","osm_id":"8145175136"}},{"type":"Feature","geometry":{"type":"Point","coordinates":[-0.97862,51.15639]},"properties":{"name":"Power infrastructure","category":"generator","osm_type":"node","osm_id":"8145175137"}},{"type":"Feature","geometry":{"type":"Point","coordinates":[-0.96859,51.15573]},"properties":{"name":"Power infrastructure","category":"generator","osm_type":"node","osm_id":"8145175138"}},{"type":"Feature","geometry":{"type":"Point","coordinates":[-0.98178,51.15635]},"properties":{"name":"Power infrastructure","category":"generator","osm_type":"node","osm_id":"8145175139"}},{"type":"Feature","geometry":{"type":"Point","coordinates":[-0.9796,51.15619]},"properties":{"name":"Power infrastructure","category":"generator","osm_type":"node","osm_id":"8145175140"}},{"type":"Feature","geometry":{"type":"Point","coordinates":[-0.98715,51.15192]},"properties":{"name":"Power infrastructure","category":"generator","osm_type":"node","osm_id":"8145175141"}},{"type":"Feature","geometry":{"type":"Point","coordinates":[-0.9708,51.16318]},"properties":{"name":"Power infrastructure","category":"generator","osm_type":"node","osm_id":"8145175142"}},{"type":"Feature","geometry":{"type":"Point","coordinates":[-0.96964,51.15683]},"properties":{"name":"Power infrastructure","category":"generator","osm_type":"node","osm_id":"8145175143"}},{"type":"Feature","geometry":{"type":"Point","coordinates":[-0.97088,51.16295]},"properties":{"name":"Power infrastructure","category":"generator","osm_type":"node","osm_id":"8145175144"}},{"type":"Feature","geometry":{"type":"Point","coordinates":[-0.98729,51.15221]},"properties":{"name":"Power infrastructure","category":"generator","osm_type":"node","osm_id":"8145175145"}},{"type":"Feature","geometry":{"type":"Point","coordinates":[-0.98141,51.15378]},"properties":{"name":"Power infrastructure","category":"generator","osm_type":"node","osm_id":"8145175146"}},{"type":"Feature","geometry":{"type":"Point","coordinates":[-0.96942,51.15502]},"properties":{"name":"Power infrastructure","category":"generator","osm_type":"node","osm_id":"8145175147"}},{"type":"Feature","geometry":{"type":"Point","coordinates":[-0.97258,51.15577]},"properties":{"name":"Power infrastructure","category":"generator","osm_type":"node","osm_id":"8145175148"}},{"type":"Feature","geometry":{"type":"Point","coordinates":[-0.98535,51.15026]},"properties":{"name":"Power infrastructure","category":"generator","osm_type":"node","osm_id":"8145175149"}},{"type":"Feature","geometry":{"type":"Point","coordinates":[-0.9713,51.16298]},"properties":{"name":"Power infrastructure","category":"generator","osm_type":"node","osm_id":"8145175150"}},{"type":"Feature","geometry":{"type":"Point","coordinates":[-0.97111,51.16319]},"properties":{"name":"Power infrastructure","category":"generator","osm_type":"node","osm_id":"8145175151"}},{"type":"Feature","geometry":{"type":"Point","coordinates":[-0.96979,51.15757]},"properties":{"name":"Power infrastructure","category":"generator","osm_type":"node","osm_id":"8145175152"}},{"type":"Feature","geometry":{"type":"Point","coordinates":[-0.97191,51.15985]},"properties":{"name":"Power infrastructure","category":"generator","osm_type":"node","osm_id":"8145175153"}},{"type":"Feature","geometry":{"type":"Point","coordinates":[-0.97406,51.15972]},"properties":{"name":"Power infrastructure","category":"generator","osm_type":"node","osm_id":"8145175154"}},{"type":"Feature","geometry":{"type":"Point","coordinates":[-0.97375,51.15935]},"properties":{"name":"Power infrastructure","category":"generator","osm_type":"node","osm_id":"8145175155"}},{"type":"Feature","geometry":{"type":"Point","coordinates":[-0.9705,51.16256]},"properties":{"name":"Power infrastructure","category":"generator","osm_type":"node","osm_id":"8145175156"}},{"type":"Feature","geometry":{"type":"Point","coordinates":[-0.98048,51.15623]},"properties":{"name":"Power infrastructure","category":"generator","osm_type":"node","osm_id":"8145175157"}},{"type":"Feature","geometry":{"type":"Point","coordinates":[-0.97069,51.16283]},"properties":{"name":"Power infrastructure","category":"generator","osm_type":"node","osm_id":"8145175158"}},{"type":"Feature","geometry":{"type":"Point","coordinates":[-0.97357,51.15883]},"properties":{"name":"Power infrastructure","category":"generator","osm_type":"node","osm_id":"8145175159"}},{"type":"Feature","geometry":{"type":"Point","coordinates":[-0.97575,51.16081]},"properties":{"name":"Power infrastructure","category":"generator","osm_type":"node","osm_id":"8145175160"}},{"type":"Feature","geometry":{"type":"Point","coordinates":[-0.97219,51.16006]},"properties":{"name":"Power infrastructure","category":"generator","osm_type":"node","osm_id":"8145175161"}},{"type":"Feature","geometry":{"type":"Point","coordinates":[-0.96909,51.15515]},"properties":{"name":"Power infrastructure","category":"generator","osm_type":"node","osm_id":"8145175162"}},{"type":"Feature","geometry":{"type":"Point","coordinates":[-0.97056,51.16262]},"properties":{"name":"Power infrastructure","category":"generator","osm_type":"node","osm_id":"8145175163"}},{"type":"Feature","geometry":{"type":"Point","coordinates":[-0.97119,51.16025]},"properties":{"name":"Power infrastructure","category":"generator","osm_type":"node","osm_id":"8145175164"}},{"type":"Feature","geometry":{"type":"Point","coordinates":[-0.97225,51.156]},"properties":{"name":"Power infrastructure","category":"generator","osm_type":"node","osm_id":"8145175165"}},{"type":"Feature","geometry":{"type":"Point","coordinates":[-0.96958,51.15509]},"properties":{"name":"Power infrastructure","category":"generator","osm_type":"node","osm_id":"8145175166"}},{"type":"Feature","geometry":{"type":"Point","coordinates":[-0.98223,51.15169]},"properties":{"name":"Power infrastructure","category":"generator","osm_type":"node","osm_id":"8145175167"}},{"type":"Feature","geometry":{"type":"Point","coordinates":[-0.97919,51.15335]},"properties":{"name":"Power infrastructure","category":"generator","osm_type":"node","osm_id":"8145175168"}},{"type":"Feature","geometry":{"type":"Point","coordinates":[-0.97088,51.16177]},"properties":{"name":"Power infrastructure","category":"generator","osm_type":"node","osm_id":"8145175169"}},{"type":"Feature","geometry":{"type":"Point","coordinates":[-0.97053,51.16243]},"properties":{"name":"Power infrastructure","category":"generator","osm_type":"node","osm_id":"8145175170"}},{"type":"Feature","geometry":{"type":"Point","coordinates":[-0.97989,51.15841]},"properties":{"name":"Power infrastructure","category":"generator","osm_type":"node","osm_id":"8145175171"}},{"type":"Feature","geometry":{"type":"Point","coordinates":[-0.97822,51.15571]},"properties":{"name":"Power infrastructure","category":"generator","osm_type":"node","osm_id":"8145175172"}},{"type":"Feature","geometry":{"type":"Point","coordinates":[-0.9754,51.1613]},"properties":{"name":"Power infrastructure","category":"generator","osm_type":"node","osm_id":"8145175173"}},{"type":"Feature","geometry":{"type":"Point","coordinates":[-0.98184,51.15379]},"properties":{"name":"Power infrastructure","category":"generator","osm_type":"node","osm_id":"8145175174"}},{"type":"Feature","geometry":{"type":"Point","coordinates":[-0.96973,51.1576]},"properties":{"name":"Power infrastructure","category":"generator","osm_type":"node","osm_id":"8145175175"}},{"type":"Feature","geometry":{"type":"Point","coordinates":[-0.97198,51.15724]},"properties":{"name":"Power infrastructure","category":"generator","osm_type":"node","osm_id":"8145175176"}},{"type":"Feature","geometry":{"type":"Point","coordinates":[-0.96986,51.15691]},"properties":{"name":"Power infrastructure","category":"generator","osm_type":"node","osm_id":"8145175177"}},{"type":"Feature","geometry":{"type":"Point","coordinates":[-0.97092,51.16256]},"properties":{"name":"Power infrastructure","category":"generator","osm_type":"node","osm_id":"8145175178"}},{"type":"Feature","geometry":{"type":"Point","coordinates":[-0.97115,51.15696]},"properties":{"name":"Power infrastructure","category":"generator","osm_type":"node","osm_id":"8145175179"}},{"type":"Feature","geometry":{"type":"Point","coordinates":[-0.97223,51.1601]},"properties":{"name":"Power infrastructure","category":"generator","osm_type":"node","osm_id":"8145175180"}},{"type":"Feature","geometry":{"type":"Point","coordinates":[-0.96938,51.15499]},"properties":{"name":"Power infrastructure","category":"generator","osm_type":"node","osm_id":"8145175181"}},{"type":"Feature","geometry":{"type":"Point","coordinates":[-0.96882,51.15655]},"properties":{"name":"Power infrastructure","category":"generator","osm_type":"node","osm_id":"8145175182"}},{"type":"Feature","geometry":{"type":"Point","coordinates":[-0.98203,51.15211]},"properties":{"name":"Power infrastructure","category":"generator","osm_type":"node","osm_id":"8145175183"}},{"type":"Feature","geometry":{"type":"Point","coordinates":[-0.98092,51.15482]},"properties":{"name":"Power infrastructure","category":"generator","osm_type":"node","osm_id":"8145175184"}},{"type":"Feature","geometry":{"type":"Point","coordinates":[-0.97163,51.16147]},"properties":{"name":"Power infrastructure","category":"generator","osm_type":"node","osm_id":"8145175185"}},{"type":"Feature","geometry":{"type":"Point","coordinates":[-0.97118,51.16314]},"properties":{"name":"Power infrastructure","category":"generator","osm_type":"node","osm_id":"8145175186"}},{"type":"Feature","geometry":{"type":"Point","coordinates":[-0.9791,51.15918]},"properties":{"name":"Power infrastructure","category":"generator","osm_type":"node","osm_id":"8145175187"}},{"type":"Feature","geometry":{"type":"Point","coordinates":[-0.96997,51.1557]},"properties":{"name":"Power infrastructure","category":"generator","osm_type":"node","osm_id":"8145175188"}},{"type":"Feature","geometry":{"type":"Point","coordinates":[-0.97081,51.16325]},"properties":{"name":"Power infrastructure","category":"generator","osm_type":"node","osm_id":"8145175189"}},{"type":"Feature","geometry":{"type":"Point","coordinates":[-0.9712,51.16286]},"properties":{"name":"Power infrastructure","category":"generator","osm_type":"node","osm_id":"8145175190"}},{"type":"Feature","geometry":{"type":"Point","coordinates":[-0.96935,51.15786]},"properties":{"name":"Power infrastructure","category":"generator","osm_type":"node","osm_id":"8145175191"}},{"type":"Feature","geometry":{"type":"Point","coordinates":[-0.97917,51.1534]},"properties":{"name":"Power infrastructure","category":"generator","osm_type":"node","osm_id":"8145175192"}},{"type":"Feature","geometry":{"type":"Point","coordinates":[-0.98036,51.1561]},"properties":{"name":"Power infrastructure","category":"generator","osm_type":"node","osm_id":"8145175194"}},{"type":"Feature","geometry":{"type":"Point","coordinates":[-0.97832,51.15354]},"properties":{"name":"Power infrastructure","category":"generator","osm_type":"node","osm_id":"8145175195"}},{"type":"Feature","geometry":{"type":"Point","coordinates":[-0.97855,51.15642]},"properties":{"name":"Power infrastructure","category":"generator","osm_type":"node","osm_id":"8145175196"}},{"type":"Feature","geometry":{"type":"Point","coordinates":[-0.97813,51.15351]},"properties":{"name":"Power infrastructure","category":"generator","osm_type":"node","osm_id":"8145175197"}},{"type":"Feature","geometry":{"type":"Point","coordinates":[-0.97391,51.15806]},"properties":{"name":"Power infrastructure","category":"generator","osm_type":"node","osm_id":"8145175198"}},{"type":"Feature","geometry":{"type":"Point","coordinates":[-0.97264,51.15574]},"properties":{"name":"Power infrastructure","category":"generator","osm_type":"node","osm_id":"8145175199"}},{"type":"Feature","geometry":{"type":"Point","coordinates":[-0.96953,51.15731]},"properties":{"name":"Power infrastructure","category":"generator","osm_type":"node","osm_id":"8145175200"}},{"type":"Feature","geometry":{"type":"Point","coordinates":[-0.97069,51.16237]},"properties":{"name":"Power infrastructure","category":"generator","osm_type":"node","osm_id":"8145175201"}},{"type":"Feature","geometry":{"type":"Point","coordinates":[-0.97114,51.16279]},"properties":{"name":"Power infrastructure","category":"generator","osm_type":"node","osm_id":"8145175202"}},{"type":"Feature","geometry":{"type":"Point","coordinates":[-0.97078,51.1577]},"properties":{"name":"Power infrastructure","category":"generator","osm_type":"node","osm_id":"8145175203"}},{"type":"Feature","geometry":{"type":"Point","coordinates":[-0.97039,51.15858]},"properties":{"name":"Power infrastructure","category":"generator","osm_type":"node","osm_id":"8145175204"}},{"type":"Feature","geometry":{"type":"Point","coordinates":[-0.96959,51.15728]},"properties":{"name":"Power infrastructure","category":"generator","osm_type":"node","osm_id":"8145175205"}},{"type":"Feature","geometry":{"type":"Point","coordinates":[-0.98221,51.15362]},"properties":{"name":"Power infrastructure","category":"generator","osm_type":"node","osm_id":"8145175206"}},{"type":"Feature","geometry":{"type":"Point","coordinates":[-0.98339,51.15348]},"properties":{"name":"Power infrastructure","category":"generator","osm_type":"node","osm_id":"8145175207"}},{"type":"Feature","geometry":{"type":"Point","coordinates":[-0.96888,51.15554]},"properties":{"name":"Power infrastructure","category":"generator","osm_type":"node","osm_id":"8145175208"}},{"type":"Feature","geometry":{"type":"Point","coordinates":[-0.97581,51.15845]},"properties":{"name":"Power infrastructure","category":"generator","osm_type":"node","osm_id":"8145175209"}},{"type":"Feature","geometry":{"type":"Point","coordinates":[-0.97824,51.15356]},"properties":{"name":"Power infrastructure","category":"generator","osm_type":"node","osm_id":"8145175210"}},{"type":"Feature","geometry":{"type":"Point","coordinates":[-0.96962,51.15512]},"properties":{"name":"Power infrastructure","category":"generator","osm_type":"node","osm_id":"8145175211"}},{"type":"Feature","geometry":{"type":"Point","coordinates":[-0.96797,51.15886]},"properties":{"name":"Power infrastructure","category":"generator","osm_type":"node","osm_id":"8145175212"}},{"type":"Feature","geometry":{"type":"Point","coordinates":[-0.97064,51.16278]},"properties":{"name":"Power infrastructure","category":"generator","osm_type":"node","osm_id":"8145175213"}},{"type":"Feature","geometry":{"type":"Point","coordinates":[-0.97308,51.15982]},"properties":{"name":"Power infrastructure","category":"generator","osm_type":"node","osm_id":"8145175214"}},{"type":"Feature","geometry":{"type":"Point","coordinates":[-0.97107,51.16271]},"properties":{"name":"Power infrastructure","category":"generator","osm_type":"node","osm_id":"8145175215"}},{"type":"Feature","geometry":{"type":"Point","coordinates":[-0.96776,51.15901]},"properties":{"name":"Power infrastructure","category":"generator","osm_type":"node","osm_id":"8145175216"}},{"type":"Feature","geometry":{"type":"Point","coordinates":[-0.9803,51.15612]},"properties":{"name":"Power infrastructure","category":"generator","osm_type":"node","osm_id":"8145175217"}},{"type":"Feature","geometry":{"type":"Point","coordinates":[-0.96871,51.15838]},"properties":{"name":"Power infrastructure","category":"generator","osm_type":"node","osm_id":"8145175218"}},{"type":"Feature","geometry":{"type":"Point","coordinates":[-0.97966,51.15618]},"properties":{"name":"Power infrastructure","category":"generator","osm_type":"node","osm_id":"8145175219"}},{"type":"Feature","geometry":{"type":"Point","coordinates":[-0.97082,51.15711]},"properties":{"name":"Power infrastructure","category":"generator","osm_type":"node","osm_id":"8145175220"}},{"type":"Feature","geometry":{"type":"Point","coordinates":[-0.9784,51.1535]},"properties":{"name":"Power infrastructure","category":"generator","osm_type":"node","osm_id":"8145175221"}},{"type":"Feature","geometry":{"type":"Point","coordinates":[-0.96992,51.15696]},"properties":{"name":"Power infrastructure","category":"generator","osm_type":"node","osm_id":"8145175222"}},{"type":"Feature","geometry":{"type":"Point","coordinates":[-0.97075,51.15484]},"properties":{"name":"Power infrastructure","category":"generator","osm_type":"node","osm_id":"8145175223"}},{"type":"Feature","geometry":{"type":"Point","coordinates":[-0.96973,51.15721]},"properties":{"name":"Power infrastructure","category":"generator","osm_type":"node","osm_id":"8145175224"}},{"type":"Feature","geometry":{"type":"Point","coordinates":[-0.97299,51.15843]},"properties":{"name":"Power infrastructure","category":"generator","osm_type":"node","osm_id":"8145175225"}},{"type":"Feature","geometry":{"type":"Point","coordinates":[-0.96967,51.15724]},"properties":{"name":"Power infrastructure","category":"generator","osm_type":"node","osm_id":"8145175226"}},{"type":"Feature","geometry":{"type":"Point","coordinates":[-0.9936,51.14524]},"properties":{"name":"Power infrastructure","category":"generator","osm_type":"node","osm_id":"8146372390"}},{"type":"Feature","geometry":{"type":"Point","coordinates":[-0.99314,51.14521]},"properties":{"name":"Power infrastructure","category":"generator","osm_type":"node","osm_id":"8146372391"}},{"type":"Feature","geometry":{"type":"Point","coordinates":[-0.99116,51.14548]},"properties":{"name":"Power infrastructure","category":"generator","osm_type":"node","osm_id":"8146372392"}},{"type":"Feature","geometry":{"type":"Point","coordinates":[-0.99,51.14618]},"properties":{"name":"Power infrastructure","category":"generator","osm_type":"node","osm_id":"8146372393"}},{"type":"Feature","geometry":{"type":"Point","coordinates":[-0.99008,51.14617]},"properties":{"name":"Power infrastructure","category":"generator","osm_type":"node","osm_id":"8146372394"}},{"type":"Feature","geometry":{"type":"Point","coordinates":[-0.99013,51.14617]},"properties":{"name":"Power infrastructure","category":"generator","osm_type":"node","osm_id":"8146372395"}},{"type":"Feature","geometry":{"type":"Point","coordinates":[-0.98995,51.14625]},"properties":{"name":"Power infrastructure","category":"generator","osm_type":"node","osm_id":"8146372396"}},{"type":"Feature","geometry":{"type":"Point","coordinates":[-0.98989,51.14625]},"properties":{"name":"Power infrastructure","category":"generator","osm_type":"node","osm_id":"8146372397"}},{"type":"Feature","geometry":{"type":"Point","coordinates":[-0.99414,51.14531]},"properties":{"name":"Power infrastructure","category":"generator","osm_type":"node","osm_id":"8146372398"}},{"type":"Feature","geometry":{"type":"Point","coordinates":[-0.99293,51.1461]},"properties":{"name":"Power infrastructure","category":"generator","osm_type":"node","osm_id":"8146372399"}},{"type":"Feature","geometry":{"type":"Point","coordinates":[-0.99139,51.14598]},"properties":{"name":"Power infrastructure","category":"generator","osm_type":"node","osm_id":"8146372400"}},{"type":"Feature","geometry":{"type":"Point","coordinates":[-0.99107,51.14694]},"properties":{"name":"Power infrastructure","category":"generator","osm_type":"node","osm_id":"8146372401"}},{"type":"Feature","geometry":{"type":"Point","coordinates":[-0.991,51.14614]},"properties":{"name":"Power infrastructure","category":"generator","osm_type":"node","osm_id":"8146372402"}},{"type":"Feature","geometry":{"type":"Point","coordinates":[-0.98935,51.14683]},"properties":{"name":"Power infrastructure","category":"generator","osm_type":"node","osm_id":"8146372403"}},{"type":"Feature","geometry":{"type":"Point","coordinates":[-0.98909,51.14704]},"properties":{"name":"Power infrastructure","category":"generator","osm_type":"node","osm_id":"8146372404"}},{"type":"Feature","geometry":{"type":"Point","coordinates":[-0.98691,51.14732]},"properties":{"name":"Power infrastructure","category":"generator","osm_type":"node","osm_id":"8146372405"}},{"type":"Feature","geometry":{"type":"Point","coordinates":[-0.98864,51.14778]},"properties":{"name":"Power infrastructure","category":"generator","osm_type":"node","osm_id":"8146372406"}},{"type":"Feature","geometry":{"type":"Point","coordinates":[-0.98854,51.14775]},"properties":{"name":"Power infrastructure","category":"generator","osm_type":"node","osm_id":"8146372407"}},{"type":"Feature","geometry":{"type":"Point","coordinates":[-0.98859,51.14775]},"properties":{"name":"Power infrastructure","category":"generator","osm_type":"node","osm_id":"8146372408"}},{"type":"Feature","geometry":{"type":"Point","coordinates":[-0.98861,51.14776]},"properties":{"name":"Power infrastructure","category":"generator","osm_type":"node","osm_id":"8146372409"}},{"type":"Feature","geometry":{"type":"Point","coordinates":[-0.9888,51.1483]},"properties":{"name":"Power infrastructure","category":"generator","osm_type":"node","osm_id":"8146372410"}},{"type":"Feature","geometry":{"type":"Point","coordinates":[-0.98789,51.1481]},"properties":{"name":"Power infrastructure","category":"generator","osm_type":"node","osm_id":"8146372411"}},{"type":"Feature","geometry":{"type":"Point","coordinates":[-0.98606,51.14808]},"properties":{"name":"Power infrastructure","category":"generator","osm_type":"node","osm_id":"8146372412"}},{"type":"Feature","geometry":{"type":"Point","coordinates":[-0.98504,51.14801]},"properties":{"name":"Power infrastructure","category":"generator","osm_type":"node","osm_id":"8146372413"}},{"type":"Feature","geometry":{"type":"Point","coordinates":[-0.98474,51.14809]},"properties":{"name":"Power infrastructure","category":"generator","osm_type":"node","osm_id":"8146372414"}},{"type":"Feature","geometry":{"type":"Point","coordinates":[-0.98477,51.14876]},"properties":{"name":"Power infrastructure","category":"generator","osm_type":"node","osm_id":"8146372415"}},{"type":"Feature","geometry":{"type":"Point","coordinates":[-0.9848,51.14873]},"properties":{"name":"Power infrastructure","category":"generator","osm_type":"node","osm_id":"8146372416"}},{"type":"Feature","geometry":{"type":"Point","coordinates":[-0.98446,51.14794]},"properties":{"name":"Power infrastructure","category":"generator","osm_type":"node","osm_id":"8146407017"}},{"type":"Feature","geometry":{"type":"Point","coordinates":[-0.98451,51.1479]},"properties":{"name":"Power infrastructure","category":"generator","osm_type":"node","osm_id":"8146407018"}},{"type":"Feature","geometry":{"type":"Point","coordinates":[-0.9849,51.1469]},"properties":{"name":"Power infrastructure","category":"generator","osm_type":"node","osm_id":"8146407019"}},{"type":"Feature","geometry":{"type":"Point","coordinates":[-0.98498,51.14688]},"properties":{"name":"Power infrastructure","category":"generator","osm_type":"node","osm_id":"8146407020"}},{"type":"Feature","geometry":{"type":"Point","coordinates":[-0.98492,51.14694]},"properties":{"name":"Power infrastructure","category":"generator","osm_type":"node","osm_id":"8146407021"}},{"type":"Feature","geometry":{"type":"Point","coordinates":[-0.98534,51.14679]},"properties":{"name":"Power infrastructure","category":"generator","osm_type":"node","osm_id":"8146407022"}},{"type":"Feature","geometry":{"type":"Point","coordinates":[-0.98536,51.14678]},"properties":{"name":"Power infrastructure","category":"generator","osm_type":"node","osm_id":"8146407023"}},{"type":"Feature","geometry":{"type":"Point","coordinates":[-0.98658,51.14659]},"properties":{"name":"Power infrastructure","category":"generator","osm_type":"node","osm_id":"8146407024"}},{"type":"Feature","geometry":{"type":"Point","coordinates":[-0.98909,51.14558]},"properties":{"name":"Power infrastructure","category":"generator","osm_type":"node","osm_id":"8146407025"}},{"type":"Feature","geometry":{"type":"Point","coordinates":[-0.98792,51.1444]},"properties":{"name":"Power infrastructure","category":"generator","osm_type":"node","osm_id":"8146407026"}},{"type":"Feature","geometry":{"type":"Point","coordinates":[-0.98758,51.14418]},"properties":{"name":"Power infrastructure","category":"generator","osm_type":"node","osm_id":"8146407027"}},{"type":"Feature","geometry":{"type":"Point","coordinates":[-0.98653,51.14179]},"properties":{"name":"Power infrastructure","category":"generator","osm_type":"node","osm_id":"8146407028"}},{"type":"Feature","geometry":{"type":"Point","coordinates":[-0.98861,51.14223]},"properties":{"name":"Power infrastructure","category":"generator","osm_type":"node","osm_id":"8146407029"}},{"type":"Feature","geometry":{"type":"Point","coordinates":[-0.98778,51.14062]},"properties":{"name":"Power infrastructure","category":"generator","osm_type":"node","osm_id":"8146407030"}},{"type":"Feature","geometry":{"type":"Point","coordinates":[-0.98686,51.14027]},"properties":{"name":"Power infrastructure","category":"generator","osm_type":"node","osm_id":"8146407031"}},{"type":"Feature","geometry":{"type":"Point","coordinates":[-0.98694,51.14026]},"properties":{"name":"Power infrastructure","category":"generator","osm_type":"node","osm_id":"8146407032"}},{"type":"Feature","geometry":{"type":"Point","coordinates":[-0.98602,51.14446]},"properties":{"name":"Power infrastructure","category":"generator","osm_type":"node","osm_id":"8146407033"}},{"type":"Feature","geometry":{"type":"Point","coordinates":[-0.98494,51.14477]},"properties":{"name":"Power infrastructure","category":"generator","osm_type":"node","osm_id":"8146407034"}},{"type":"Feature","geometry":{"type":"Point","coordinates":[-0.98519,51.14514]},"properties":{"name":"Power infrastructure","category":"generator","osm_type":"node","osm_id":"8146407035"}},{"type":"Feature","geometry":{"type":"Point","coordinates":[-0.98524,51.14392]},"properties":{"name":"Power infrastructure","category":"generator","osm_type":"node","osm_id":"8146407036"}},{"type":"Feature","geometry":{"type":"Point","coordinates":[-0.98533,51.14335]},"properties":{"name":"Power infrastructure","category":"generator","osm_type":"node","osm_id":"8146407037"}},{"type":"Feature","geometry":{"type":"Point","coordinates":[-0.98528,51.14333]},"properties":{"name":"Power infrastructure","category":"generator","osm_type":"node","osm_id":"8146407038"}},{"type":"Feature","geometry":{"type":"Point","coordinates":[-0.98522,51.1433]},"properties":{"name":"Power infrastructure","category":"generator","osm_type":"node","osm_id":"8146407039"}},{"type":"Feature","geometry":{"type":"Point","coordinates":[-0.98176,51.14568]},"properties":{"name":"Power infrastructure","category":"generator","osm_type":"node","osm_id":"8146407040"}},{"type":"Feature","geometry":{"type":"Point","coordinates":[-0.98173,51.14554]},"properties":{"name":"Power infrastructure","category":"generator","osm_type":"node","osm_id":"8146407041"}},{"type":"Feature","geometry":{"type":"Point","coordinates":[-0.9817,51.14547]},"properties":{"name":"Power infrastructure","category":"generator","osm_type":"node","osm_id":"8146407042"}},{"type":"Feature","geometry":{"type":"Point","coordinates":[-0.98171,51.1454]},"properties":{"name":"Power infrastructure","category":"generator","osm_type":"node","osm_id":"8146407043"}},{"type":"Feature","geometry":{"type":"Point","coordinates":[-0.98163,51.14534]},"properties":{"name":"Power infrastructure","category":"generator","osm_type":"node","osm_id":"8146407044"}},{"type":"Feature","geometry":{"type":"Point","coordinates":[-0.9816,51.14528]},"properties":{"name":"Power infrastructure","category":"generator","osm_type":"node","osm_id":"8146407045"}},{"type":"Feature","geometry":{"type":"Point","coordinates":[-0.9814,51.14543]},"properties":{"name":"Power infrastructure","category":"generator","osm_type":"node","osm_id":"8146407046"}},{"type":"Feature","geometry":{"type":"Point","coordinates":[-0.98138,51.14551]},"properties":{"name":"Power infrastructure","category":"generator","osm_type":"node","osm_id":"8146407047"}},{"type":"Feature","geometry":{"type":"Point","coordinates":[-0.98141,51.14556]},"properties":{"name":"Power infrastructure","category":"generator","osm_type":"node","osm_id":"8146407048"}},{"type":"Feature","geometry":{"type":"Point","coordinates":[-0.98202,51.14549]},"properties":{"name":"Power infrastructure","category":"generator","osm_type":"node","osm_id":"8146407049"}},{"type":"Feature","geometry":{"type":"Point","coordinates":[-0.98205,51.14556]},"properties":{"name":"Power infrastructure","category":"generator","osm_type":"node","osm_id":"8146407050"}},{"type":"Feature","geometry":{"type":"Point","coordinates":[-0.98208,51.14562]},"properties":{"name":"Power infrastructure","category":"generator","osm_type":"node","osm_id":"8146407051"}},{"type":"Feature","geometry":{"type":"Point","coordinates":[-0.98351,51.14378]},"properties":{"name":"Power infrastructure","category":"generator","osm_type":"node","osm_id":"8146407052"}},{"type":"Feature","geometry":{"type":"Point","coordinates":[-0.98343,51.14374]},"properties":{"name":"Power infrastructure","category":"generator","osm_type":"node","osm_id":"8146407053"}},{"type":"Feature","geometry":{"type":"Point","coordinates":[-0.98339,51.1435]},"properties":{"name":"Power infrastructure","category":"generator","osm_type":"node","osm_id":"8146407054"}},{"type":"Feature","geometry":{"type":"Point","coordinates":[-0.98342,51.14351]},"properties":{"name":"Power infrastructure","category":"generator","osm_type":"node","osm_id":"8146407055"}},{"type":"Feature","geometry":{"type":"Point","coordinates":[-0.9913,51.13977]},"properties":{"name":"Power infrastructure","category":"generator","osm_type":"node","osm_id":"8146407056"}},{"type":"Feature","geometry":{"type":"Point","coordinates":[-0.99238,51.14029]},"properties":{"name":"Power infrastructure","category":"generator","osm_type":"node","osm_id":"8146407057"}},{"type":"Feature","geometry":{"type":"Point","coordinates":[-0.99245,51.14028]},"properties":{"name":"Power infrastructure","category":"generator","osm_type":"node","osm_id":"8146407058"}},{"type":"Feature","geometry":{"type":"Point","coordinates":[-0.99252,51.14026]},"properties":{"name":"Power infrastructure","category":"generator","osm_type":"node","osm_id":"8146407059"}},{"type":"Feature","geometry":{"type":"Point","coordinates":[-0.99286,51.13904]},"properties":{"name":"Power infrastructure","category":"generator","osm_type":"node","osm_id":"8146407060"}},{"type":"Feature","geometry":{"type":"Point","coordinates":[-0.99268,51.13907]},"properties":{"name":"Power infrastructure","category":"generator","osm_type":"node","osm_id":"8146407061"}},{"type":"Feature","geometry":{"type":"Point","coordinates":[-0.9926,51.13908]},"properties":{"name":"Power infrastructure","category":"generator","osm_type":"node","osm_id":"8146407062"}},{"type":"Feature","geometry":{"type":"Point","coordinates":[-0.98776,51.13954]},"properties":{"name":"Power infrastructure","category":"generator","osm_type":"node","osm_id":"8146407063"}},{"type":"Feature","geometry":{"type":"Point","coordinates":[-0.988,51.13972]},"properties":{"name":"Power infrastructure","category":"generator","osm_type":"node","osm_id":"8146407064"}},{"type":"Feature","geometry":{"type":"Point","coordinates":[-0.98604,51.1401]},"properties":{"name":"Power infrastructure","category":"generator","osm_type":"node","osm_id":"8146407065"}},{"type":"Feature","geometry":{"type":"Point","coordinates":[-0.98248,51.142]},"properties":{"name":"Power infrastructure","category":"generator","osm_type":"node","osm_id":"8146407066"}},{"type":"Feature","geometry":{"type":"Point","coordinates":[-0.97822,51.14273]},"properties":{"name":"Power infrastructure","category":"generator","osm_type":"node","osm_id":"8146407067"}},{"type":"Feature","geometry":{"type":"Point","coordinates":[-0.97746,51.14234]},"properties":{"name":"Power infrastructure","category":"generator","osm_type":"node","osm_id":"8146407068"}},{"type":"Feature","geometry":{"type":"Point","coordinates":[-0.97459,51.14184]},"properties":{"name":"Power infrastructure","category":"generator","osm_type":"node","osm_id":"8146407069"}},{"type":"Feature","geometry":{"type":"Point","coordinates":[-0.97463,51.14184]},"properties":{"name":"Power infrastructure","category":"generator","osm_type":"node","osm_id":"8146407070"}},{"type":"Feature","geometry":{"type":"Point","coordinates":[-0.97148,51.14301]},"properties":{"name":"Power infrastructure","category":"generator","osm_type":"node","osm_id":"8146407071"}},{"type":"Feature","geometry":{"type":"Point","coordinates":[-0.97083,51.14292]},"properties":{"name":"Power infrastructure","category":"generator","osm_type":"node","osm_id":"8146407072"}},{"type":"Feature","geometry":{"type":"Point","coordinates":[-0.97015,51.14376]},"properties":{"name":"Power infrastructure","category":"generator","osm_type":"node","osm_id":"8146747240"}},{"type":"Feature","geometry":{"type":"Point","coordinates":[-0.97031,51.14416]},"properties":{"name":"Power infrastructure","category":"generator","osm_type":"node","osm_id":"8146747241"}},{"type":"Feature","geometry":{"type":"Point","coordinates":[-0.9675,51.14361]},"properties":{"name":"Power infrastructure","category":"generator","osm_type":"node","osm_id":"8146747242"}},{"type":"Feature","geometry":{"type":"Point","coordinates":[-0.96732,51.14353]},"properties":{"name":"Power infrastructure","category":"generator","osm_type":"node","osm_id":"8146747243"}},{"type":"Feature","geometry":{"type":"Point","coordinates":[-0.96647,51.14407]},"properties":{"name":"Power infrastructure","category":"generator","osm_type":"node","osm_id":"8146747244"}},{"type":"Feature","geometry":{"type":"Point","coordinates":[-0.96603,51.14389]},"properties":{"name":"Power infrastructure","category":"generator","osm_type":"node","osm_id":"8146747245"}},{"type":"Feature","geometry":{"type":"Point","coordinates":[-0.96694,51.14433]},"properties":{"name":"Power infrastructure","category":"generator","osm_type":"node","osm_id":"8146747246"}},{"type":"Feature","geometry":{"type":"Point","coordinates":[-0.96803,51.14481]},"properties":{"name":"Power infrastructure","category":"generator","osm_type":"node","osm_id":"8146747247"}},{"type":"Feature","geometry":{"type":"Point","coordinates":[-0.96813,51.14481]},"properties":{"name":"Power infrastructure","category":"generator","osm_type":"node","osm_id":"8146747248"}},{"type":"Feature","geometry":{"type":"Point","coordinates":[-0.96858,51.14502]},"properties":{"name":"Power infrastructure","category":"generator","osm_type":"node","osm_id":"8146747249"}},{"type":"Feature","geometry":{"type":"Point","coordinates":[-0.97315,51.14359]},"properties":{"name":"Power infrastructure","category":"generator","osm_type":"node","osm_id":"8146747250"}},{"type":"Feature","geometry":{"type":"Point","coordinates":[-0.97271,51.14381]},"properties":{"name":"Power infrastructure","category":"generator","osm_type":"node","osm_id":"8146747251"}},{"type":"Feature","geometry":{"type":"Point","coordinates":[-0.97305,51.14407]},"properties":{"name":"Power infrastructure","category":"generator","osm_type":"node","osm_id":"8146747252"}},{"type":"Feature","geometry":{"type":"Point","coordinates":[-0.97487,51.14325]},"properties":{"name":"Power infrastructure","category":"generator","osm_type":"node","osm_id":"8146747253"}},{"type":"Feature","geometry":{"type":"Point","coordinates":[-0.97688,51.14315]},"properties":{"name":"Power infrastructure","category":"generator","osm_type":"node","osm_id":"8146747254"}},{"type":"Feature","geometry":{"type":"Point","coordinates":[-0.97695,51.14326]},"properties":{"name":"Power infrastructure","category":"generator","osm_type":"node","osm_id":"8146747255"}},{"type":"Feature","geometry":{"type":"Point","coordinates":[-0.97603,51.14386]},"properties":{"name":"Power infrastructure","category":"generator","osm_type":"node","osm_id":"8146747256"}},{"type":"Feature","geometry":{"type":"Point","coordinates":[-0.9745,51.14443]},"properties":{"name":"Power infrastructure","category":"generator","osm_type":"node","osm_id":"8146747257"}},{"type":"Feature","geometry":{"type":"Point","coordinates":[-0.97309,51.14525]},"properties":{"name":"Power infrastructure","category":"generator","osm_type":"node","osm_id":"8146747258"}},{"type":"Feature","geometry":{"type":"Point","coordinates":[-0.97314,51.14527]},"properties":{"name":"Power infrastructure","category":"generator","osm_type":"node","osm_id":"8146747259"}},{"type":"Feature","geometry":{"type":"Point","coordinates":[-0.97179,51.14635]},"properties":{"name":"Power infrastructure","category":"generator","osm_type":"node","osm_id":"8146747260"}},{"type":"Feature","geometry":{"type":"Point","coordinates":[-0.97079,51.14566]},"properties":{"name":"Power infrastructure","category":"generator","osm_type":"node","osm_id":"8146747261"}},{"type":"Feature","geometry":{"type":"Point","coordinates":[-0.96949,51.146]},"properties":{"name":"Power infrastructure","category":"generator","osm_type":"node","osm_id":"8146747262"}},{"type":"Feature","geometry":{"type":"Point","coordinates":[-0.97036,51.14668]},"properties":{"name":"Power infrastructure","category":"generator","osm_type":"node","osm_id":"8146747263"}},{"type":"Feature","geometry":{"type":"Point","coordinates":[-0.97086,51.14677]},"properties":{"name":"Power infrastructure","category":"generator","osm_type":"node","osm_id":"8146747264"}},{"type":"Feature","geometry":{"type":"Point","coordinates":[-0.97003,51.1471]},"properties":{"name":"Power infrastructure","category":"generator","osm_type":"node","osm_id":"8146747265"}},{"type":"Feature","geometry":{"type":"Point","coordinates":[-0.97,51.14705]},"properties":{"name":"Power infrastructure","category":"generator","osm_type":"node","osm_id":"8146747266"}},{"type":"Feature","geometry":{"type":"Point","coordinates":[-0.96993,51.14707]},"properties":{"name":"Power infrastructure","category":"generator","osm_type":"node","osm_id":"8146747267"}},{"type":"Feature","geometry":{"type":"Point","coordinates":[-0.96996,51.14712]},"properties":{"name":"Power infrastructure","category":"generator","osm_type":"node","osm_id":"8146747268"}},{"type":"Feature","geometry":{"type":"Point","coordinates":[-0.96813,51.14671]},"properties":{"name":"Power infrastructure","category":"generator","osm_type":"node","osm_id":"8146747269"}},{"type":"Feature","geometry":{"type":"Point","coordinates":[-0.96819,51.14667]},"properties":{"name":"Power infrastructure","category":"generator","osm_type":"node","osm_id":"8146747270"}},{"type":"Feature","geometry":{"type":"Point","coordinates":[-0.96824,51.1467]},"properties":{"name":"Power infrastructure","category":"generator","osm_type":"node","osm_id":"8146747271"}},{"type":"Feature","geometry":{"type":"Point","coordinates":[-0.96765,51.14785]},"properties":{"name":"Power infrastructure","category":"generator","osm_type":"node","osm_id":"8146747272"}},{"type":"Feature","geometry":{"type":"Point","coordinates":[-0.9677,51.14782]},"properties":{"name":"Power infrastructure","category":"generator","osm_type":"node","osm_id":"8146747273"}},{"type":"Feature","geometry":{"type":"Point","coordinates":[-0.96735,51.14691]},"properties":{"name":"Power infrastructure","category":"generator","osm_type":"node","osm_id":"8146747274"}},{"type":"Feature","geometry":{"type":"Point","coordinates":[-0.96731,51.14691]},"properties":{"name":"Power infrastructure","category":"generator","osm_type":"node","osm_id":"8146747275"}},{"type":"Feature","geometry":{"type":"Point","coordinates":[-0.9672,51.14654]},"properties":{"name":"Power infrastructure","category":"generator","osm_type":"node","osm_id":"8146747276"}},{"type":"Feature","geometry":{"type":"Point","coordinates":[-0.96729,51.14649]},"properties":{"name":"Power infrastructure","category":"generator","osm_type":"node","osm_id":"8146747277"}},{"type":"Feature","geometry":{"type":"Point","coordinates":[-0.9666,51.14671]},"properties":{"name":"Power infrastructure","category":"generator","osm_type":"node","osm_id":"8146747278"}},{"type":"Feature","geometry":{"type":"Point","coordinates":[-0.96667,51.14672]},"properties":{"name":"Power infrastructure","category":"generator","osm_type":"node","osm_id":"8146747279"}},{"type":"Feature","geometry":{"type":"Point","coordinates":[-0.9638,51.14806]},"properties":{"name":"Power infrastructure","category":"generator","osm_type":"node","osm_id":"8146747280"}},{"type":"Feature","geometry":{"type":"Point","coordinates":[-0.96385,51.14805]},"properties":{"name":"Power infrastructure","category":"generator","osm_type":"node","osm_id":"8146747281"}},{"type":"Feature","geometry":{"type":"Point","coordinates":[-0.95979,51.14785]},"properties":{"name":"Power infrastructure","category":"generator","osm_type":"node","osm_id":"8146747282"}},{"type":"Feature","geometry":{"type":"Point","coordinates":[-0.95985,51.14792]},"properties":{"name":"Power infrastructure","category":"generator","osm_type":"node","osm_id":"8146747283"}},{"type":"Feature","geometry":{"type":"Point","coordinates":[-0.96296,51.15163]},"properties":{"name":"Power infrastructure","category":"generator","osm_type":"node","osm_id":"8146747284"}},{"type":"Feature","geometry":{"type":"Point","coordinates":[-0.96315,51.1517]},"properties":{"name":"Power infrastructure","category":"generator","osm_type":"node","osm_id":"8146747285"}},{"type":"Feature","geometry":{"type":"Point","coordinates":[-0.96462,51.15076]},"properties":{"name":"Power infrastructure","category":"generator","osm_type":"node","osm_id":"8146747286"}},{"type":"Feature","geometry":{"type":"Point","coordinates":[-0.96547,51.15085]},"properties":{"name":"Power infrastructure","category":"generator","osm_type":"node","osm_id":"8146747287"}},{"type":"Feature","geometry":{"type":"Point","coordinates":[-0.96287,51.15405]},"properties":{"name":"Power infrastructure","category":"generator","osm_type":"node","osm_id":"8146747288"}},{"type":"Feature","geometry":{"type":"Point","coordinates":[-0.96283,51.15413]},"properties":{"name":"Power infrastructure","category":"generator","osm_type":"node","osm_id":"8146747289"}},{"type":"Feature","geometry":{"type":"Point","coordinates":[-0.97289,51.14713]},"properties":{"name":"Power infrastructure","category":"generator","osm_type":"node","osm_id":"8146747290"}},{"type":"Feature","geometry":{"type":"Point","coordinates":[-0.97431,51.14739]},"properties":{"name":"Power infrastructure","category":"generator","osm_type":"node","osm_id":"8146747291"}},{"type":"Feature","geometry":{"type":"Point","coordinates":[-0.97513,51.14968]},"properties":{"name":"Power infrastructure","category":"generator","osm_type":"node","osm_id":"8146747292"}},{"type":"Feature","geometry":{"type":"Point","coordinates":[-0.97622,51.14988]},"properties":{"name":"Power infrastructure","category":"generator","osm_type":"node","osm_id":"8146747293"}},{"type":"Feature","geometry":{"type":"Point","coordinates":[-0.97401,51.15147]},"properties":{"name":"Power infrastructure","category":"generator","osm_type":"node","osm_id":"8146747294"}},{"type":"Feature","geometry":{"type":"Point","coordinates":[-0.97264,51.15159]},"properties":{"name":"Power infrastructure","category":"generator","osm_type":"node","osm_id":"8146747295"}},{"type":"Feature","geometry":{"type":"Point","coordinates":[-0.97305,51.15151]},"properties":{"name":"Power infrastructure","category":"generator","osm_type":"node","osm_id":"8146747296"}},{"type":"Feature","geometry":{"type":"Point","coordinates":[-0.98316,51.14754]},"properties":{"name":"Power infrastructure","category":"generator","osm_type":"node","osm_id":"8146747297"}},{"type":"Feature","geometry":{"type":"Point","coordinates":[-0.98274,51.14756]},"properties":{"name":"Power infrastructure","category":"generator","osm_type":"node","osm_id":"8146747298"}},{"type":"Feature","geometry":{"type":"Point","coordinates":[-0.98271,51.14755]},"properties":{"name":"Power infrastructure","category":"generator","osm_type":"node","osm_id":"8146747299"}},{"type":"Feature","geometry":{"type":"Point","coordinates":[-0.98403,51.14745]},"properties":{"name":"Power infrastructure","category":"generator","osm_type":"node","osm_id":"8146747300"}},{"type":"Feature","geometry":{"type":"Point","coordinates":[-0.98406,51.14743]},"properties":{"name":"Power infrastructure","category":"generator","osm_type":"node","osm_id":"8146747301"}},{"type":"Feature","geometry":{"type":"Point","coordinates":[-0.98168,51.14701]},"properties":{"name":"Power infrastructure","category":"generator","osm_type":"node","osm_id":"8146747302"}},{"type":"Feature","geometry":{"type":"Point","coordinates":[-0.98172,51.14703]},"properties":{"name":"Power infrastructure","category":"generator","osm_type":"node","osm_id":"8146747303"}},{"type":"Feature","geometry":{"type":"Point","coordinates":[-0.98175,51.14704]},"properties":{"name":"Power infrastructure","category":"generator","osm_type":"node","osm_id":"8146747304"}},{"type":"Feature","geometry":{"type":"Point","coordinates":[-0.98177,51.14705]},"properties":{"name":"Power infrastructure","category":"generator","osm_type":"node","osm_id":"8146747305"}},{"type":"Feature","geometry":{"type":"Point","coordinates":[-0.98199,51.14701]},"properties":{"name":"Power infrastructure","category":"generator","osm_type":"node","osm_id":"8146747306"}},{"type":"Feature","geometry":{"type":"Point","coordinates":[-0.98217,51.14662]},"properties":{"name":"Power infrastructure","category":"generator","osm_type":"node","osm_id":"8146747307"}},{"type":"Feature","geometry":{"type":"Point","coordinates":[-0.98212,51.14664]},"properties":{"name":"Power infrastructure","category":"generator","osm_type":"node","osm_id":"8146747308"}},{"type":"Feature","geometry":{"type":"Point","coordinates":[-0.98219,51.1466]},"properties":{"name":"Power infrastructure","category":"generator","osm_type":"node","osm_id":"8146747309"}},{"type":"Feature","geometry":{"type":"Point","coordinates":[-0.97961,51.14524]},"properties":{"name":"Power infrastructure","category":"generator","osm_type":"node","osm_id":"8146747310"}},{"type":"Feature","geometry":{"type":"Point","coordinates":[-0.97951,51.14533]},"properties":{"name":"Power infrastructure","category":"generator","osm_type":"node","osm_id":"8146747311"}},{"type":"Feature","geometry":{"type":"Point","coordinates":[-0.97951,51.14542]},"properties":{"name":"Power infrastructure","category":"generator","osm_type":"node","osm_id":"8146747312"}},{"type":"Feature","geometry":{"type":"Point","coordinates":[-0.97968,51.14395]},"properties":{"name":"Power infrastructure","category":"generator","osm_type":"node","osm_id":"8146747313"}},{"type":"Feature","geometry":{"type":"Point","coordinates":[-0.97667,51.14463]},"properties":{"name":"Power infrastructure","category":"generator","osm_type":"node","osm_id":"8146747314"}},{"type":"Feature","geometry":{"type":"Point","coordinates":[-0.97513,51.15257]},"properties":{"name":"Power infrastructure","category":"generator","osm_type":"node","osm_id":"8146747315"}},{"type":"Feature","geometry":{"type":"Point","coordinates":[-0.97731,51.15485]},"properties":{"name":"Power infrastructure","category":"generator","osm_type":"node","osm_id":"8146747316"}},{"type":"Feature","geometry":{"type":"Point","coordinates":[-0.97702,51.15487]},"properties":{"name":"Power infrastructure","category":"generator","osm_type":"node","osm_id":"8146751117"}},{"type":"Feature","geometry":{"type":"Point","coordinates":[-0.97765,51.15591]},"properties":{"name":"Power infrastructure","category":"generator","osm_type":"node","osm_id":"8146751118"}},{"type":"Feature","geometry":{"type":"Point","coordinates":[-0.96914,51.16142]},"properties":{"name":"Power infrastructure","category":"generator","osm_type":"node","osm_id":"8146751119"}},{"type":"Feature","geometry":{"type":"Point","coordinates":[-0.96865,51.16346]},"properties":{"name":"Power infrastructure","category":"generator","osm_type":"node","osm_id":"8146751120"}},{"type":"Feature","geometry":{"type":"Point","coordinates":[-0.96733,51.16355]},"properties":{"name":"Power infrastructure","category":"generator","osm_type":"node","osm_id":"8146751121"}},{"type":"Feature","geometry":{"type":"Point","coordinates":[-0.96732,51.16353]},"properties":{"name":"Power infrastructure","category":"generator","osm_type":"node","osm_id":"8146751122"}},{"type":"Feature","geometry":{"type":"Point","coordinates":[-0.96703,51.1634]},"properties":{"name":"Power infrastructure","category":"generator","osm_type":"node","osm_id":"8146751123"}},{"type":"Feature","geometry":{"type":"Point","coordinates":[-0.96614,51.16137]},"properties":{"name":"Power infrastructure","category":"generator","osm_type":"node","osm_id":"8146751124"}},{"type":"Feature","geometry":{"type":"Point","coordinates":[-0.96608,51.16141]},"properties":{"name":"Power infrastructure","category":"generator","osm_type":"node","osm_id":"8146751125"}},{"type":"Feature","geometry":{"type":"Point","coordinates":[-0.96595,51.16151]},"properties":{"name":"Power infrastructure","category":"generator","osm_type":"node","osm_id":"8146751126"}},{"type":"Feature","geometry":{"type":"Point","coordinates":[-0.96585,51.16156]},"properties":{"name":"Power infrastructure","category":"generator","osm_type":"node","osm_id":"8146751127"}},{"type":"Feature","geometry":{"type":"Point","coordinates":[-0.96566,51.16166]},"properties":{"name":"Power infrastructure","category":"generator","osm_type":"node","osm_id":"8146751128"}},{"type":"Feature","geometry":{"type":"Point","coordinates":[-0.96559,51.16169]},"properties":{"name":"Power infrastructure","category":"generator","osm_type":"node","osm_id":"8146751129"}},{"type":"Feature","geometry":{"type":"Point","coordinates":[-0.96573,51.16162]},"properties":{"name":"Power infrastructure","category":"generator","osm_type":"node","osm_id":"8146751130"}},{"type":"Feature","geometry":{"type":"Point","coordinates":[-0.96625,51.1613]},"properties":{"name":"Power infrastructure","category":"generator","osm_type":"node","osm_id":"8146751131"}},{"type":"Feature","geometry":{"type":"Point","coordinates":[-0.96635,51.16125]},"properties":{"name":"Power infrastructure","category":"generator","osm_type":"node","osm_id":"8146751132"}},{"type":"Feature","geometry":{"type":"Point","coordinates":[-0.96548,51.1619]},"properties":{"name":"Power infrastructure","category":"generator","osm_type":"node","osm_id":"8146751133"}},{"type":"Feature","geometry":{"type":"Point","coordinates":[-0.96545,51.16186]},"properties":{"name":"Power infrastructure","category":"generator","osm_type":"node","osm_id":"8146751134"}},{"type":"Feature","geometry":{"type":"Point","coordinates":[-0.96563,51.16196]},"properties":{"name":"Power infrastructure","category":"generator","osm_type":"node","osm_id":"8146751135"}},{"type":"Feature","geometry":{"type":"Point","coordinates":[-0.96571,51.16197]},"properties":{"name":"Power infrastructure","category":"generator","osm_type":"node","osm_id":"8146751136"}},{"type":"Feature","geometry":{"type":"Point","coordinates":[-0.96581,51.16197]},"properties":{"name":"Power infrastructure","category":"generator","osm_type":"node","osm_id":"8146751137"}},{"type":"Feature","geometry":{"type":"Point","coordinates":[-0.96589,51.16198]},"properties":{"name":"Power infrastructure","category":"generator","osm_type":"node","osm_id":"8146751138"}},{"type":"Feature","geometry":{"type":"Point","coordinates":[-0.96595,51.16217]},"properties":{"name":"Power infrastructure","category":"generator","osm_type":"node","osm_id":"8146751139"}},{"type":"Feature","geometry":{"type":"Point","coordinates":[-0.95938,51.1567]},"properties":{"name":"Power infrastructure","category":"generator","osm_type":"node","osm_id":"8146751140"}},{"type":"Feature","geometry":{"type":"Point","coordinates":[-0.95927,51.15676]},"properties":{"name":"Power infrastructure","category":"generator","osm_type":"node","osm_id":"8146751141"}},{"type":"Feature","geometry":{"type":"Point","coordinates":[-0.95957,51.15656]},"properties":{"name":"Power infrastructure","category":"generator","osm_type":"node","osm_id":"8146751142"}},{"type":"Feature","geometry":{"type":"Point","coordinates":[-0.95962,51.1565]},"properties":{"name":"Power infrastructure","category":"generator","osm_type":"node","osm_id":"8146751143"}},{"type":"Feature","geometry":{"type":"Point","coordinates":[-0.95989,51.15647]},"properties":{"name":"Power infrastructure","category":"generator","osm_type":"node","osm_id":"8146751144"}},{"type":"Feature","geometry":{"type":"Point","coordinates":[-0.96,51.15656]},"properties":{"name":"Power infrastructure","category":"generator","osm_type":"node","osm_id":"8146751145"}},{"type":"Feature","geometry":{"type":"Point","coordinates":[-0.95994,51.1565]},"properties":{"name":"Power infrastructure","category":"generator","osm_type":"node","osm_id":"8146751146"}},{"type":"Feature","geometry":{"type":"Point","coordinates":[-0.9598,51.15642]},"properties":{"name":"Power infrastructure","category":"generator","osm_type":"node","osm_id":"8146751147"}},{"type":"Feature","geometry":{"type":"Point","coordinates":[-0.95986,51.15688]},"properties":{"name":"Power infrastructure","category":"generator","osm_type":"node","osm_id":"8146751148"}},{"type":"Feature","geometry":{"type":"Point","coordinates":[-0.95981,51.15684]},"properties":{"name":"Power infrastructure","category":"generator","osm_type":"node","osm_id":"8146751149"}},{"type":"Feature","geometry":{"type":"Point","coordinates":[-0.96027,51.15722]},"properties":{"name":"Power infrastructure","category":"generator","osm_type":"node","osm_id":"8146751150"}},{"type":"Feature","geometry":{"type":"Point","coordinates":[-0.96021,51.15716]},"properties":{"name":"Power infrastructure","category":"generator","osm_type":"node","osm_id":"8146751151"}},{"type":"Feature","geometry":{"type":"Point","coordinates":[-0.96015,51.15712]},"properties":{"name":"Power infrastructure","category":"generator","osm_type":"node","osm_id":"8146751152"}},{"type":"Feature","geometry":{"type":"Point","coordinates":[-0.9599,51.15766]},"properties":{"name":"Power infrastructure","category":"generator","osm_type":"node","osm_id":"8146751153"}},{"type":"Feature","geometry":{"type":"Point","coordinates":[-0.95932,51.15793]},"properties":{"name":"Power infrastructure","category":"generator","osm_type":"node","osm_id":"8146751154"}},{"type":"Feature","geometry":{"type":"Point","coordinates":[-0.95927,51.1579]},"properties":{"name":"Power infrastructure","category":"generator","osm_type":"node","osm_id":"8146751155"}},{"type":"Feature","geometry":{"type":"Point","coordinates":[-0.95922,51.15787]},"properties":{"name":"Power infrastructure","category":"generator","osm_type":"node","osm_id":"8146751156"}},{"type":"Feature","geometry":{"type":"Point","coordinates":[-0.95918,51.15784]},"properties":{"name":"Power infrastructure","category":"generator","osm_type":"node","osm_id":"8146751157"}},{"type":"Feature","geometry":{"type":"Point","coordinates":[-0.95919,51.15818]},"properties":{"name":"Power infrastructure","category":"generator","osm_type":"node","osm_id":"8146751158"}},{"type":"Feature","geometry":{"type":"Point","coordinates":[-0.95914,51.15814]},"properties":{"name":"Power infrastructure","category":"generator","osm_type":"node","osm_id":"8146751159"}},{"type":"Feature","geometry":{"type":"Point","coordinates":[-0.95848,51.15822]},"properties":{"name":"Power infrastructure","category":"generator","osm_type":"node","osm_id":"8146751160"}},{"type":"Feature","geometry":{"type":"Point","coordinates":[-0.95838,51.15815]},"properties":{"name":"Power infrastructure","category":"generator","osm_type":"node","osm_id":"8146751161"}},{"type":"Feature","geometry":{"type":"Point","coordinates":[-0.95835,51.1581]},"properties":{"name":"Power infrastructure","category":"generator","osm_type":"node","osm_id":"8146751162"}},{"type":"Feature","geometry":{"type":"Point","coordinates":[-0.95829,51.15806]},"properties":{"name":"Power infrastructure","category":"generator","osm_type":"node","osm_id":"8146751163"}},{"type":"Feature","geometry":{"type":"Point","coordinates":[-0.95824,51.15803]},"properties":{"name":"Power infrastructure","category":"generator","osm_type":"node","osm_id":"8146751164"}},{"type":"Feature","geometry":{"type":"Point","coordinates":[-0.95757,51.15802]},"properties":{"name":"Power infrastructure","category":"generator","osm_type":"node","osm_id":"8146751165"}},{"type":"Feature","geometry":{"type":"Point","coordinates":[-0.95856,51.1575]},"properties":{"name":"Power infrastructure","category":"generator","osm_type":"node","osm_id":"8146751166"}},{"type":"Feature","geometry":{"type":"Point","coordinates":[-0.95862,51.15753]},"properties":{"name":"Power infrastructure","category":"generator","osm_type":"node","osm_id":"8146751167"}},{"type":"Feature","geometry":{"type":"Point","coordinates":[-0.95847,51.15725]},"properties":{"name":"Power infrastructure","category":"generator","osm_type":"node","osm_id":"8146751168"}},{"type":"Feature","geometry":{"type":"Point","coordinates":[-0.95838,51.15731]},"properties":{"name":"Power infrastructure","category":"generator","osm_type":"node","osm_id":"8146751169"}},{"type":"Feature","geometry":{"type":"Point","coordinates":[-0.95809,51.15742]},"properties":{"name":"Power infrastructure","category":"generator","osm_type":"node","osm_id":"8146751170"}},{"type":"Feature","geometry":{"type":"Point","coordinates":[-0.95804,51.15744]},"properties":{"name":"Power infrastructure","category":"generator","osm_type":"node","osm_id":"8146751171"}},{"type":"Feature","geometry":{"type":"Point","coordinates":[-0.95797,51.15751]},"properties":{"name":"Power infrastructure","category":"generator","osm_type":"node","osm_id":"8146751172"}},{"type":"Feature","geometry":{"type":"Point","coordinates":[-0.95787,51.15754]},"properties":{"name":"Power infrastructure","category":"generator","osm_type":"node","osm_id":"8146751173"}},{"type":"Feature","geometry":{"type":"Point","coordinates":[-0.95745,51.1578]},"properties":{"name":"Power infrastructure","category":"generator","osm_type":"node","osm_id":"8146751174"}},{"type":"Feature","geometry":{"type":"Point","coordinates":[-0.95738,51.15783]},"properties":{"name":"Power infrastructure","category":"generator","osm_type":"node","osm_id":"8146751175"}},{"type":"Feature","geometry":{"type":"Point","coordinates":[-0.95726,51.1579]},"properties":{"name":"Power infrastructure","category":"generator","osm_type":"node","osm_id":"8146751176"}},{"type":"Feature","geometry":{"type":"Point","coordinates":[-0.95721,51.15795]},"properties":{"name":"Power infrastructure","category":"generator","osm_type":"node","osm_id":"8146751177"}},{"type":"Feature","geometry":{"type":"Point","coordinates":[-0.95936,51.1582]},"properties":{"name":"Power infrastructure","category":"generator","osm_type":"node","osm_id":"8146751178"}},{"type":"Feature","geometry":{"type":"Point","coordinates":[-0.95944,51.15815]},"properties":{"name":"Power infrastructure","category":"generator","osm_type":"node","osm_id":"8146751179"}},{"type":"Feature","geometry":{"type":"Point","coordinates":[-0.95954,51.15809]},"properties":{"name":"Power infrastructure","category":"generator","osm_type":"node","osm_id":"8146751180"}},{"type":"Feature","geometry":{"type":"Point","coordinates":[-0.95933,51.15823]},"properties":{"name":"Power infrastructure","category":"generator","osm_type":"node","osm_id":"8146751181"}},{"type":"Feature","geometry":{"type":"Point","coordinates":[-0.9604,51.15757]},"properties":{"name":"Power infrastructure","category":"generator","osm_type":"node","osm_id":"8146751182"}},{"type":"Feature","geometry":{"type":"Point","coordinates":[-0.96034,51.1576]},"properties":{"name":"Power infrastructure","category":"generator","osm_type":"node","osm_id":"8146751183"}},{"type":"Feature","geometry":{"type":"Point","coordinates":[-0.96029,51.15763]},"properties":{"name":"Power infrastructure","category":"generator","osm_type":"node","osm_id":"8146751184"}},{"type":"Feature","geometry":{"type":"Point","coordinates":[-0.95923,51.15824]},"properties":{"name":"Power infrastructure","category":"generator","osm_type":"node","osm_id":"8146751185"}},{"type":"Feature","geometry":{"type":"Point","coordinates":[-0.9587,51.15884]},"properties":{"name":"Power infrastructure","category":"generator","osm_type":"node","osm_id":"8146751186"}},{"type":"Feature","geometry":{"type":"Point","coordinates":[-0.95865,51.15876]},"properties":{"name":"Power infrastructure","category":"generator","osm_type":"node","osm_id":"8146751187"}},{"type":"Feature","geometry":{"type":"Point","coordinates":[-0.95857,51.15856]},"properties":{"name":"Power infrastructure","category":"generator","osm_type":"node","osm_id":"8146751188"}},{"type":"Feature","geometry":{"type":"Point","coordinates":[-0.95852,51.15855]},"properties":{"name":"Power infrastructure","category":"generator","osm_type":"node","osm_id":"8146751189"}},{"type":"Feature","geometry":{"type":"Point","coordinates":[-0.95858,51.15852]},"properties":{"name":"Power infrastructure","category":"generator","osm_type":"node","osm_id":"8146751190"}},{"type":"Feature","geometry":{"type":"Point","coordinates":[-0.95843,51.1586]},"properties":{"name":"Power infrastructure","category":"generator","osm_type":"node","osm_id":"8146751191"}},{"type":"Feature","geometry":{"type":"Point","coordinates":[-0.95822,51.15883]},"properties":{"name":"Power infrastructure","category":"generator","osm_type":"node","osm_id":"8146751192"}},{"type":"Feature","geometry":{"type":"Point","coordinates":[-0.95815,51.15877]},"properties":{"name":"Power infrastructure","category":"generator","osm_type":"node","osm_id":"8146751193"}},{"type":"Feature","geometry":{"type":"Point","coordinates":[-0.95803,51.1587]},"properties":{"name":"Power infrastructure","category":"generator","osm_type":"node","osm_id":"8146751194"}},{"type":"Feature","geometry":{"type":"Point","coordinates":[-0.95851,51.16126]},"properties":{"name":"Power infrastructure","category":"generator","osm_type":"node","osm_id":"8146751195"}},{"type":"Feature","geometry":{"type":"Point","coordinates":[-0.95861,51.16127]},"properties":{"name":"Power infrastructure","category":"generator","osm_type":"node","osm_id":"8146751196"}},{"type":"Feature","geometry":{"type":"Point","coordinates":[-0.95826,51.16094]},"properties":{"name":"Power infrastructure","category":"generator","osm_type":"node","osm_id":"8146751197"}},{"type":"Feature","geometry":{"type":"Point","coordinates":[-0.95676,51.16122]},"properties":{"name":"Power infrastructure","category":"generator","osm_type":"node","osm_id":"8146751198"}},{"type":"Feature","geometry":{"type":"Point","coordinates":[-0.95681,51.16117]},"properties":{"name":"Power infrastructure","category":"generator","osm_type":"node","osm_id":"8146751199"}},{"type":"Feature","geometry":{"type":"Point","coordinates":[-0.95638,51.15999]},"properties":{"name":"Power infrastructure","category":"generator","osm_type":"node","osm_id":"8146751200"}},{"type":"Feature","geometry":{"type":"Point","coordinates":[-0.95158,51.16108]},"properties":{"name":"Power infrastructure","category":"generator","osm_type":"node","osm_id":"8146751201"}},{"type":"Feature","geometry":{"type":"Point","coordinates":[-0.95178,51.16098]},"properties":{"name":"Power infrastructure","category":"generator","osm_type":"node","osm_id":"8146751202"}},{"type":"Feature","geometry":{"type":"Point","coordinates":[-0.95177,51.16546]},"properties":{"name":"Power infrastructure","category":"generator","osm_type":"node","osm_id":"8146751203"}},{"type":"Feature","geometry":{"type":"Point","coordinates":[-0.9502,51.16443]},"properties":{"name":"Power infrastructure","category":"generator","osm_type":"node","osm_id":"8146751204"}},{"type":"Feature","geometry":{"type":"Point","coordinates":[-0.94451,51.16369]},"properties":{"name":"Power infrastructure","category":"generator","osm_type":"node","osm_id":"8146751205"}},{"type":"Feature","geometry":{"type":"Point","coordinates":[-0.94446,51.16372]},"properties":{"name":"Power infrastructure","category":"generator","osm_type":"node","osm_id":"8146751206"}},{"type":"Feature","geometry":{"type":"Point","coordinates":[-0.9444,51.16374]},"properties":{"name":"Power infrastructure","category":"generator","osm_type":"node","osm_id":"8146751207"}},{"type":"Feature","geometry":{"type":"Point","coordinates":[-0.94435,51.16378]},"properties":{"name":"Power infrastructure","category":"generator","osm_type":"node","osm_id":"8146751208"}},{"type":"Feature","geometry":{"type":"Point","coordinates":[-0.94472,51.16436]},"properties":{"name":"Power infrastructure","category":"generator","osm_type":"node","osm_id":"8146751209"}},{"type":"Feature","geometry":{"type":"Point","coordinates":[-0.94476,51.1644]},"properties":{"name":"Power infrastructure","category":"generator","osm_type":"node","osm_id":"8146751210"}},{"type":"Feature","geometry":{"type":"Point","coordinates":[-0.9448,51.16445]},"properties":{"name":"Power infrastructure","category":"generator","osm_type":"node","osm_id":"8146751211"}},{"type":"Feature","geometry":{"type":"Point","coordinates":[-0.94358,51.16486]},"properties":{"name":"Power infrastructure","category":"generator","osm_type":"node","osm_id":"8146751212"}},{"type":"Feature","geometry":{"type":"Point","coordinates":[-0.94365,51.16503]},"properties":{"name":"Power infrastructure","category":"generator","osm_type":"node","osm_id":"8146751213"}},{"type":"Feature","geometry":{"type":"Point","coordinates":[-0.94142,51.16594]},"properties":{"name":"Power infrastructure","category":"generator","osm_type":"node","osm_id":"8146751214"}},{"type":"Feature","geometry":{"type":"Point","coordinates":[-0.91259,51.00092]},"properties":{"name":"Power infrastructure","category":"generator","osm_type":"node","osm_id":"8146770642"}},{"type":"Feature","geometry":{"type":"Point","coordinates":[-0.91148,51.0011]},"properties":{"name":"Power infrastructure","category":"generator","osm_type":"node","osm_id":"8146770643"}},{"type":"Feature","geometry":{"type":"Point","coordinates":[-0.91341,51.00054]},"properties":{"name":"Power infrastructure","category":"generator","osm_type":"node","osm_id":"8146770644"}},{"type":"Feature","geometry":{"type":"Point","coordinates":[-0.91487,51.00041]},"properties":{"name":"Power infrastructure","category":"generator","osm_type":"node","osm_id":"8146770645"}}]}