{"type":"FeatureCollection","features":[{"type":"Feature","geometry":{"type":"Point","coordinates":[-0.38665,51.50166]},"properties":{"name":"Power infrastructure","category":"generator","osm_type":"node","osm_id":"8195851534"}},{"type":"Feature","geometry":{"type":"Point","coordinates":[-0.37971,51.50689]},"properties":{"name":"Power infrastructure","category":"generator","osm_type":"node","osm_id":"8195851536"}},{"type":"Feature","geometry":{"type":"Point","coordinates":[-0.3134,51.52234]},"properties":{"name":"Power infrastructure","category":"generator","osm_type":"node","osm_id":"8195851539"}},{"type":"Feature","geometry":{"type":"Point","coordinates":[-0.29172,51.5177]},"properties":{"name":"Power infrastructure","category":"generator","osm_type":"node","osm_id":"8195851540"}},{"type":"Feature","geometry":{"type":"Point","coordinates":[-0.34876,51.50845]},"properties":{"name":"Power infrastructure","category":"generator","osm_type":"node","osm_id":"8195851541"}},{"type":"Feature","geometry":{"type":"Point","coordinates":[-0.30924,51.52605]},"properties":{"name":"Power infrastructure","category":"generator","osm_type":"node","osm_id":"8195851543"}},{"type":"Feature","geometry":{"type":"Point","coordinates":[-0.38878,51.50859]},"properties":{"name":"Power infrastructure","category":"generator","osm_type":"node","osm_id":"8195851546"}},{"type":"Feature","geometry":{"type":"Point","coordinates":[-0.26984,51.50596]},"properties":{"name":"Power infrastructure","category":"generator","osm_type":"node","osm_id":"8195851547"}},{"type":"Feature","geometry":{"type":"Point","coordinates":[-0.34829,51.50794]},"properties":{"name":"Power infrastructure","category":"generator","osm_type":"node","osm_id":"8195851548"}},{"type":"Feature","geometry":{"type":"Point","coordinates":[-0.37116,51.51863]},"properties":{"name":"Power infrastructure","category":"generator","osm_type":"node","osm_id":"8195851549"}},{"type":"Feature","geometry":{"type":"Point","coordinates":[-0.26782,51.51061]},"properties":{"name":"Power infrastructure","category":"generator","osm_type":"node","osm_id":"8195851550"}},{"type":"Feature","geometry":{"type":"Point","coordinates":[-0.34922,51.50749]},"properties":{"name":"Power infrastructure","category":"generator","osm_type":"node","osm_id":"8195851552"}},{"type":"Feature","geometry":{"type":"Point","coordinates":[-0.34725,51.50809]},"properties":{"name":"Power infrastructure","category":"generator","osm_type":"node","osm_id":"8195851553"}},{"type":"Feature","geometry":{"type":"Point","coordinates":[-0.37144,51.51834]},"properties":{"name":"Power infrastructure","category":"generator","osm_type":"node","osm_id":"8195851554"}},{"type":"Feature","geometry":{"type":"Point","coordinates":[-0.29959,51.53258]},"properties":{"name":"Power infrastructure","category":"generator","osm_type":"node","osm_id":"8195851556"}},{"type":"Feature","geometry":{"type":"Point","coordinates":[-0.37117,51.5186]},"properties":{"name":"Power infrastructure","category":"generator","osm_type":"node","osm_id":"8195851557"}},{"type":"Feature","geometry":{"type":"Point","coordinates":[-0.3707,51.51992]},"properties":{"name":"Power infrastructure","category":"generator","osm_type":"node","osm_id":"8195851560"}},{"type":"Feature","geometry":{"type":"Point","coordinates":[-0.3757,51.50896]},"properties":{"name":"Power infrastructure","category":"generator","osm_type":"node","osm_id":"8195851561"}},{"type":"Feature","geometry":{"type":"Point","coordinates":[-0.36856,51.51676]},"properties":{"name":"Power infrastructure","category":"generator","osm_type":"node","osm_id":"8195851566"}},{"type":"Feature","geometry":{"type":"Point","coordinates":[-0.35642,51.50388]},"properties":{"name":"Power infrastructure","category":"generator","osm_type":"node","osm_id":"8195851568"}},{"type":"Feature","geometry":{"type":"Point","coordinates":[-0.38683,51.50175]},"properties":{"name":"Power infrastructure","category":"generator","osm_type":"node","osm_id":"8195851569"}},{"type":"Feature","geometry":{"type":"Point","coordinates":[-0.36444,51.5094]},"properties":{"name":"Power infrastructure","category":"generator","osm_type":"node","osm_id":"8195851570"}},{"type":"Feature","geometry":{"type":"Point","coordinates":[-0.29974,51.53265]},"properties":{"name":"Power infrastructure","category":"generator","osm_type":"node","osm_id":"8195851571"}},{"type":"Feature","geometry":{"type":"Point","coordinates":[-0.38723,51.50151]},"properties":{"name":"Power infrastructure","category":"generator","osm_type":"node","osm_id":"8195851573"}},{"type":"Feature","geometry":{"type":"Point","coordinates":[-0.37085,51.51999]},"properties":{"name":"Power infrastructure","category":"generator","osm_type":"node","osm_id":"8195851574"}},{"type":"Feature","geometry":{"type":"Point","coordinates":[-0.29991,51.53236]},"properties":{"name":"Power infrastructure","category":"generator","osm_type":"node","osm_id":"8195851577"}},{"type":"Feature","geometry":{"type":"Point","coordinates":[-0.29967,51.53278]},"properties":{"name":"Power infrastructure","category":"generator","osm_type":"node","osm_id":"8195851582"}},{"type":"Feature","geometry":{"type":"Point","coordinates":[-0.28173,51.55111]},"properties":{"name":"Power infrastructure","category":"generator","osm_type":"node","osm_id":"8195950311"}},{"type":"Feature","geometry":{"type":"Point","coordinates":[-0.26879,51.55864]},"properties":{"name":"Power infrastructure","category":"generator","osm_type":"node","osm_id":"8195950312"}},{"type":"Feature","geometry":{"type":"Point","coordinates":[-0.28454,51.55409]},"properties":{"name":"Power infrastructure","category":"generator","osm_type":"node","osm_id":"8195950313"}},{"type":"Feature","geometry":{"type":"Point","coordinates":[-0.28338,51.53205]},"properties":{"name":"Power infrastructure","category":"generator","osm_type":"node","osm_id":"8195950315"}},{"type":"Feature","geometry":{"type":"Point","coordinates":[-0.28438,51.55404]},"properties":{"name":"Power infrastructure","category":"generator","osm_type":"node","osm_id":"8195950316"}},{"type":"Feature","geometry":{"type":"Point","coordinates":[-0.28431,51.55404]},"properties":{"name":"Power infrastructure","category":"generator","osm_type":"node","osm_id":"8195989617"}},{"type":"Feature","geometry":{"type":"Point","coordinates":[-0.27895,51.55873]},"properties":{"name":"Power infrastructure","category":"generator","osm_type":"node","osm_id":"8195989618"}},{"type":"Feature","geometry":{"type":"Point","coordinates":[-0.26901,51.55853]},"properties":{"name":"Power infrastructure","category":"generator","osm_type":"node","osm_id":"8195989620"}},{"type":"Feature","geometry":{"type":"Point","coordinates":[-0.28462,51.55408]},"properties":{"name":"Power infrastructure","category":"generator","osm_type":"node","osm_id":"8195989621"}},{"type":"Feature","geometry":{"type":"Point","coordinates":[-0.28494,51.55406]},"properties":{"name":"Power infrastructure","category":"generator","osm_type":"node","osm_id":"8195989622"}},{"type":"Feature","geometry":{"type":"Point","coordinates":[-0.28116,51.55076]},"properties":{"name":"Power infrastructure","category":"generator","osm_type":"node","osm_id":"8195989625"}},{"type":"Feature","geometry":{"type":"Point","coordinates":[-0.29041,51.54017]},"properties":{"name":"Power infrastructure","category":"generator","osm_type":"node","osm_id":"8195989626"}},{"type":"Feature","geometry":{"type":"Point","coordinates":[-0.28816,51.54338]},"properties":{"name":"Power infrastructure","category":"generator","osm_type":"node","osm_id":"8195989627"}},{"type":"Feature","geometry":{"type":"Point","coordinates":[-0.2851,51.55407]},"properties":{"name":"Power infrastructure","category":"generator","osm_type":"node","osm_id":"8195989628"}},{"type":"Feature","geometry":{"type":"Point","coordinates":[-0.26902,51.55422]},"properties":{"name":"Power infrastructure","category":"generator","osm_type":"node","osm_id":"8195989631"}},{"type":"Feature","geometry":{"type":"Point","coordinates":[-0.28392,51.55403]},"properties":{"name":"Power infrastructure","category":"generator","osm_type":"node","osm_id":"8195989632"}},{"type":"Feature","geometry":{"type":"Point","coordinates":[-0.28184,51.55104]},"properties":{"name":"Power infrastructure","category":"generator","osm_type":"node","osm_id":"8195989634"}},{"type":"Feature","geometry":{"type":"Point","coordinates":[-0.28525,51.55407]},"properties":{"name":"Power infrastructure","category":"generator","osm_type":"node","osm_id":"8195989635"}},{"type":"Feature","geometry":{"type":"Point","coordinates":[-0.28508,51.54908]},"properties":{"name":"Power infrastructure","category":"generator","osm_type":"node","osm_id":"8195989636"}},{"type":"Feature","geometry":{"type":"Point","coordinates":[-0.28478,51.55405]},"properties":{"name":"Power infrastructure","category":"generator","osm_type":"node","osm_id":"8195989638"}},{"type":"Feature","geometry":{"type":"Point","coordinates":[-0.28518,51.55407]},"properties":{"name":"Power infrastructure","category":"generator","osm_type":"node","osm_id":"8195989639"}},{"type":"Feature","geometry":{"type":"Point","coordinates":[-0.40094,51.51833]},"properties":{"name":"Power infrastructure","category":"generator","osm_type":"node","osm_id":"8195989640"}},{"type":"Feature","geometry":{"type":"Point","coordinates":[-0.27897,51.55902]},"properties":{"name":"Power infrastructure","category":"generator","osm_type":"node","osm_id":"8195989641"}},{"type":"Feature","geometry":{"type":"Point","coordinates":[-0.28502,51.55407]},"properties":{"name":"Power infrastructure","category":"generator","osm_type":"node","osm_id":"8195989642"}},{"type":"Feature","geometry":{"type":"Point","coordinates":[-0.28983,51.54029]},"properties":{"name":"Power infrastructure","category":"generator","osm_type":"node","osm_id":"8195989643"}},{"type":"Feature","geometry":{"type":"Point","coordinates":[-0.28357,51.53191]},"properties":{"name":"Power infrastructure","category":"generator","osm_type":"node","osm_id":"8195989644"}},{"type":"Feature","geometry":{"type":"Point","coordinates":[-0.28545,51.54875]},"properties":{"name":"Power infrastructure","category":"generator","osm_type":"node","osm_id":"8195989645"}},{"type":"Feature","geometry":{"type":"Point","coordinates":[-0.28358,51.53182]},"properties":{"name":"Power infrastructure","category":"generator","osm_type":"node","osm_id":"8195989646"}},{"type":"Feature","geometry":{"type":"Point","coordinates":[-0.28486,51.55406]},"properties":{"name":"Power infrastructure","category":"generator","osm_type":"node","osm_id":"8195989647"}},{"type":"Feature","geometry":{"type":"Point","coordinates":[-0.26739,51.55446]},"properties":{"name":"Power infrastructure","category":"generator","osm_type":"node","osm_id":"8195989648"}},{"type":"Feature","geometry":{"type":"Point","coordinates":[-0.2847,51.55405]},"properties":{"name":"Power infrastructure","category":"generator","osm_type":"node","osm_id":"8195989649"}},{"type":"Feature","geometry":{"type":"Point","coordinates":[-0.28769,51.54328]},"properties":{"name":"Power infrastructure","category":"generator","osm_type":"node","osm_id":"8195989651"}},{"type":"Feature","geometry":{"type":"Point","coordinates":[-0.28132,51.55078]},"properties":{"name":"Power infrastructure","category":"generator","osm_type":"node","osm_id":"8195989652"}},{"type":"Feature","geometry":{"type":"Point","coordinates":[-0.27896,51.55894]},"properties":{"name":"Power infrastructure","category":"generator","osm_type":"node","osm_id":"8195989653"}},{"type":"Feature","geometry":{"type":"Point","coordinates":[-0.26923,51.55845]},"properties":{"name":"Power infrastructure","category":"generator","osm_type":"node","osm_id":"8195989654"}},{"type":"Feature","geometry":{"type":"Point","coordinates":[-0.28368,51.53174]},"properties":{"name":"Power infrastructure","category":"generator","osm_type":"node","osm_id":"8195989655"}},{"type":"Feature","geometry":{"type":"Point","coordinates":[-0.2854,51.55408]},"properties":{"name":"Power infrastructure","category":"generator","osm_type":"node","osm_id":"8195989656"}},{"type":"Feature","geometry":{"type":"Point","coordinates":[-0.26853,51.55837]},"properties":{"name":"Power infrastructure","category":"generator","osm_type":"node","osm_id":"8195989658"}},{"type":"Feature","geometry":{"type":"Point","coordinates":[-0.26867,51.55849]},"properties":{"name":"Power infrastructure","category":"generator","osm_type":"node","osm_id":"8195989659"}},{"type":"Feature","geometry":{"type":"Point","coordinates":[-0.28446,51.55409]},"properties":{"name":"Power infrastructure","category":"generator","osm_type":"node","osm_id":"8195989660"}},{"type":"Feature","geometry":{"type":"Point","coordinates":[-0.28794,51.54344]},"properties":{"name":"Power infrastructure","category":"generator","osm_type":"node","osm_id":"8195989661"}},{"type":"Feature","geometry":{"type":"Point","coordinates":[-0.27886,51.55889]},"properties":{"name":"Power infrastructure","category":"generator","osm_type":"node","osm_id":"8195989663"}},{"type":"Feature","geometry":{"type":"Point","coordinates":[-0.28532,51.55407]},"properties":{"name":"Power infrastructure","category":"generator","osm_type":"node","osm_id":"8195989664"}},{"type":"Feature","geometry":{"type":"Point","coordinates":[-0.27894,51.55923]},"properties":{"name":"Power infrastructure","category":"generator","osm_type":"node","osm_id":"8195989665"}},{"type":"Feature","geometry":{"type":"Point","coordinates":[-0.2834,51.53194]},"properties":{"name":"Power infrastructure","category":"generator","osm_type":"node","osm_id":"8195989666"}},{"type":"Feature","geometry":{"type":"Point","coordinates":[-0.45538,51.75876]},"properties":{"name":"Power infrastructure","category":"generator","osm_type":"node","osm_id":"8196552648"}},{"type":"Feature","geometry":{"type":"Point","coordinates":[-0.45536,51.7587]},"properties":{"name":"Power infrastructure","category":"generator","osm_type":"node","osm_id":"8196552649"}},{"type":"Feature","geometry":{"type":"Point","coordinates":[-0.45226,51.7611]},"properties":{"name":"Power infrastructure","category":"generator","osm_type":"node","osm_id":"8196552650"}},{"type":"Feature","geometry":{"type":"Point","coordinates":[-0.45218,51.7611]},"properties":{"name":"Power infrastructure","category":"generator","osm_type":"node","osm_id":"8196552651"}},{"type":"Feature","geometry":{"type":"Point","coordinates":[-0.45072,51.76181]},"properties":{"name":"Power infrastructure","category":"generator","osm_type":"node","osm_id":"8196552652"}},{"type":"Feature","geometry":{"type":"Point","coordinates":[-0.44752,51.76601]},"properties":{"name":"Power infrastructure","category":"generator","osm_type":"node","osm_id":"8196643577"}},{"type":"Feature","geometry":{"type":"Point","coordinates":[-0.4475,51.76602]},"properties":{"name":"Power infrastructure","category":"generator","osm_type":"node","osm_id":"8196643578"}},{"type":"Feature","geometry":{"type":"Point","coordinates":[-0.45705,51.76516]},"properties":{"name":"Power infrastructure","category":"generator","osm_type":"node","osm_id":"8196643599"}},{"type":"Feature","geometry":{"type":"Point","coordinates":[-0.45695,51.76523]},"properties":{"name":"Power infrastructure","category":"generator","osm_type":"node","osm_id":"8196643600"}},{"type":"Feature","geometry":{"type":"Point","coordinates":[-0.45907,51.76563]},"properties":{"name":"Power infrastructure","category":"generator","osm_type":"node","osm_id":"8196643614"}},{"type":"Feature","geometry":{"type":"Point","coordinates":[-0.46065,51.76527]},"properties":{"name":"Power infrastructure","category":"generator","osm_type":"node","osm_id":"8196655623"}},{"type":"Feature","geometry":{"type":"Point","coordinates":[-0.45848,51.76548]},"properties":{"name":"Power infrastructure","category":"generator","osm_type":"node","osm_id":"8196655653"}},{"type":"Feature","geometry":{"type":"Point","coordinates":[-0.45752,51.76579]},"properties":{"name":"Power infrastructure","category":"generator","osm_type":"node","osm_id":"8196655654"}},{"type":"Feature","geometry":{"type":"Point","coordinates":[-0.4589,51.7671]},"properties":{"name":"Power infrastructure","category":"generator","osm_type":"node","osm_id":"8196671092"}},{"type":"Feature","geometry":{"type":"Point","coordinates":[-0.46969,51.76245]},"properties":{"name":"Power infrastructure","category":"generator","osm_type":"node","osm_id":"8196773144"}},{"type":"Feature","geometry":{"type":"Point","coordinates":[-0.46929,51.76234]},"properties":{"name":"Power infrastructure","category":"generator","osm_type":"node","osm_id":"8196773145"}},{"type":"Feature","geometry":{"type":"Point","coordinates":[-0.46924,51.76218]},"properties":{"name":"Power infrastructure","category":"generator","osm_type":"node","osm_id":"8196773146"}},{"type":"Feature","geometry":{"type":"Point","coordinates":[-0.46978,51.76215]},"properties":{"name":"Power infrastructure","category":"generator","osm_type":"node","osm_id":"8196773147"}},{"type":"Feature","geometry":{"type":"Point","coordinates":[-0.4694,51.76004]},"properties":{"name":"Power infrastructure","category":"generator","osm_type":"node","osm_id":"8197386773"}},{"type":"Feature","geometry":{"type":"Point","coordinates":[-0.46084,51.76255]},"properties":{"name":"Power infrastructure","category":"generator","osm_type":"node","osm_id":"8197408118"}},{"type":"Feature","geometry":{"type":"Point","coordinates":[-0.46492,51.76137]},"properties":{"name":"Power infrastructure","category":"generator","osm_type":"node","osm_id":"8197408137"}},{"type":"Feature","geometry":{"type":"Point","coordinates":[-0.44032,51.77405]},"properties":{"name":"Power infrastructure","category":"generator","osm_type":"node","osm_id":"8197631440"}},{"type":"Feature","geometry":{"type":"Point","coordinates":[-0.43932,51.77508]},"properties":{"name":"Power infrastructure","category":"generator","osm_type":"node","osm_id":"8197631460"}},{"type":"Feature","geometry":{"type":"Point","coordinates":[-0.43925,51.77509]},"properties":{"name":"Power infrastructure","category":"generator","osm_type":"node","osm_id":"8197631461"}},{"type":"Feature","geometry":{"type":"Point","coordinates":[-0.4391,51.77512]},"properties":{"name":"Power infrastructure","category":"generator","osm_type":"node","osm_id":"8197631462"}},{"type":"Feature","geometry":{"type":"Point","coordinates":[-0.43901,51.77514]},"properties":{"name":"Power infrastructure","category":"generator","osm_type":"node","osm_id":"8197631463"}},{"type":"Feature","geometry":{"type":"Point","coordinates":[-0.43607,51.77613]},"properties":{"name":"Power infrastructure","category":"generator","osm_type":"node","osm_id":"8197631474"}},{"type":"Feature","geometry":{"type":"Point","coordinates":[-0.4464,51.7791]},"properties":{"name":"Power infrastructure","category":"generator","osm_type":"node","osm_id":"8197631497"}},{"type":"Feature","geometry":{"type":"Point","coordinates":[-0.44796,51.78064]},"properties":{"name":"Power infrastructure","category":"generator","osm_type":"node","osm_id":"8197631498"}},{"type":"Feature","geometry":{"type":"Point","coordinates":[-0.44794,51.7806]},"properties":{"name":"Power infrastructure","category":"generator","osm_type":"node","osm_id":"8197631499"}},{"type":"Feature","geometry":{"type":"Point","coordinates":[-0.44675,51.78049]},"properties":{"name":"Power infrastructure","category":"generator","osm_type":"node","osm_id":"8197631500"}},{"type":"Feature","geometry":{"type":"Point","coordinates":[-0.44563,51.78045]},"properties":{"name":"Power infrastructure","category":"generator","osm_type":"node","osm_id":"8197631501"}},{"type":"Feature","geometry":{"type":"Point","coordinates":[-0.44561,51.78065]},"properties":{"name":"Power infrastructure","category":"generator","osm_type":"node","osm_id":"8197631502"}},{"type":"Feature","geometry":{"type":"Point","coordinates":[-0.44332,51.77962]},"properties":{"name":"Power infrastructure","category":"generator","osm_type":"node","osm_id":"8197631511"}},{"type":"Feature","geometry":{"type":"Point","coordinates":[-0.44274,51.78033]},"properties":{"name":"Power infrastructure","category":"generator","osm_type":"node","osm_id":"8197631512"}},{"type":"Feature","geometry":{"type":"Point","coordinates":[-0.44196,51.78054]},"properties":{"name":"Power infrastructure","category":"generator","osm_type":"node","osm_id":"8197631513"}},{"type":"Feature","geometry":{"type":"Point","coordinates":[-0.44895,51.7792]},"properties":{"name":"Power infrastructure","category":"generator","osm_type":"node","osm_id":"8197769569"}},{"type":"Feature","geometry":{"type":"Point","coordinates":[-0.44929,51.77892]},"properties":{"name":"Power infrastructure","category":"generator","osm_type":"node","osm_id":"8197769570"}},{"type":"Feature","geometry":{"type":"Point","coordinates":[-0.4505,51.78023]},"properties":{"name":"Power infrastructure","category":"generator","osm_type":"node","osm_id":"8197769571"}},{"type":"Feature","geometry":{"type":"Point","coordinates":[-0.45065,51.78009]},"properties":{"name":"Power infrastructure","category":"generator","osm_type":"node","osm_id":"8197769572"}},{"type":"Feature","geometry":{"type":"Point","coordinates":[-0.45121,51.77982]},"properties":{"name":"Power infrastructure","category":"generator","osm_type":"node","osm_id":"8197769573"}},{"type":"Feature","geometry":{"type":"Point","coordinates":[-0.45056,51.77764]},"properties":{"name":"Power infrastructure","category":"generator","osm_type":"node","osm_id":"8197769574"}},{"type":"Feature","geometry":{"type":"Point","coordinates":[-0.45159,51.77747]},"properties":{"name":"Power infrastructure","category":"generator","osm_type":"node","osm_id":"8197769575"}},{"type":"Feature","geometry":{"type":"Point","coordinates":[-0.45365,51.77765]},"properties":{"name":"Power infrastructure","category":"generator","osm_type":"node","osm_id":"8197769576"}},{"type":"Feature","geometry":{"type":"Point","coordinates":[-0.45319,51.77761]},"properties":{"name":"Power infrastructure","category":"generator","osm_type":"node","osm_id":"8197769577"}},{"type":"Feature","geometry":{"type":"Point","coordinates":[-0.45291,51.77717]},"properties":{"name":"Power infrastructure","category":"generator","osm_type":"node","osm_id":"8197769578"}},{"type":"Feature","geometry":{"type":"Point","coordinates":[-0.45294,51.77685]},"properties":{"name":"Power infrastructure","category":"generator","osm_type":"node","osm_id":"8197769579"}},{"type":"Feature","geometry":{"type":"Point","coordinates":[-0.45387,51.77546]},"properties":{"name":"Power infrastructure","category":"generator","osm_type":"node","osm_id":"8197769590"}},{"type":"Feature","geometry":{"type":"Point","coordinates":[-0.45383,51.77546]},"properties":{"name":"Power infrastructure","category":"generator","osm_type":"node","osm_id":"8197769591"}},{"type":"Feature","geometry":{"type":"Point","coordinates":[-0.28064,51.53018]},"properties":{"name":"Power infrastructure","category":"generator","osm_type":"node","osm_id":"8198170499"}},{"type":"Feature","geometry":{"type":"Point","coordinates":[-0.27926,51.53233]},"properties":{"name":"Power infrastructure","category":"generator","osm_type":"node","osm_id":"8198170500"}},{"type":"Feature","geometry":{"type":"Point","coordinates":[-0.28049,51.52996]},"properties":{"name":"Power infrastructure","category":"generator","osm_type":"node","osm_id":"8198170501"}},{"type":"Feature","geometry":{"type":"Point","coordinates":[-0.27964,51.53164]},"properties":{"name":"Power infrastructure","category":"generator","osm_type":"node","osm_id":"8198170502"}},{"type":"Feature","geometry":{"type":"Point","coordinates":[-0.28047,51.52994]},"properties":{"name":"Power infrastructure","category":"generator","osm_type":"node","osm_id":"8198170503"}},{"type":"Feature","geometry":{"type":"Point","coordinates":[-0.28785,51.55336]},"properties":{"name":"Power infrastructure","category":"generator","osm_type":"node","osm_id":"8198170505"}},{"type":"Feature","geometry":{"type":"Point","coordinates":[-0.27914,51.53237]},"properties":{"name":"Power infrastructure","category":"generator","osm_type":"node","osm_id":"8198170506"}},{"type":"Feature","geometry":{"type":"Point","coordinates":[-0.2801,51.53254]},"properties":{"name":"Power infrastructure","category":"generator","osm_type":"node","osm_id":"8198170507"}},{"type":"Feature","geometry":{"type":"Point","coordinates":[-0.26566,51.52238]},"properties":{"name":"Power infrastructure","category":"generator","osm_type":"node","osm_id":"8198170508"}},{"type":"Feature","geometry":{"type":"Point","coordinates":[-0.28076,51.53037]},"properties":{"name":"Power infrastructure","category":"generator","osm_type":"node","osm_id":"8198170510"}},{"type":"Feature","geometry":{"type":"Point","coordinates":[-0.281,51.53176]},"properties":{"name":"Power infrastructure","category":"generator","osm_type":"node","osm_id":"8198170511"}},{"type":"Feature","geometry":{"type":"Point","coordinates":[-0.3204,51.55154]},"properties":{"name":"Power infrastructure","category":"generator","osm_type":"node","osm_id":"8198170512"}},{"type":"Feature","geometry":{"type":"Point","coordinates":[-0.28208,51.53236]},"properties":{"name":"Power infrastructure","category":"generator","osm_type":"node","osm_id":"8198170513"}},{"type":"Feature","geometry":{"type":"Point","coordinates":[-0.27994,51.53234]},"properties":{"name":"Power infrastructure","category":"generator","osm_type":"node","osm_id":"8198170514"}},{"type":"Feature","geometry":{"type":"Point","coordinates":[-0.28052,51.52999]},"properties":{"name":"Power infrastructure","category":"generator","osm_type":"node","osm_id":"8198170515"}},{"type":"Feature","geometry":{"type":"Point","coordinates":[-0.2796,51.53158]},"properties":{"name":"Power infrastructure","category":"generator","osm_type":"node","osm_id":"8198170516"}},{"type":"Feature","geometry":{"type":"Point","coordinates":[-0.32009,51.55149]},"properties":{"name":"Power infrastructure","category":"generator","osm_type":"node","osm_id":"8198193217"}},{"type":"Feature","geometry":{"type":"Point","coordinates":[-0.28567,51.5305]},"properties":{"name":"Power infrastructure","category":"generator","osm_type":"node","osm_id":"8198193218"}},{"type":"Feature","geometry":{"type":"Point","coordinates":[-0.28176,51.53246]},"properties":{"name":"Power infrastructure","category":"generator","osm_type":"node","osm_id":"8198193219"}},{"type":"Feature","geometry":{"type":"Point","coordinates":[-0.28111,51.53173]},"properties":{"name":"Power infrastructure","category":"generator","osm_type":"node","osm_id":"8198193222"}},{"type":"Feature","geometry":{"type":"Point","coordinates":[-0.28081,51.53043]},"properties":{"name":"Power infrastructure","category":"generator","osm_type":"node","osm_id":"8198193223"}},{"type":"Feature","geometry":{"type":"Point","coordinates":[-0.2818,51.53244]},"properties":{"name":"Power infrastructure","category":"generator","osm_type":"node","osm_id":"8198193224"}},{"type":"Feature","geometry":{"type":"Point","coordinates":[-0.28784,51.55556]},"properties":{"name":"Power infrastructure","category":"generator","osm_type":"node","osm_id":"8198193225"}},{"type":"Feature","geometry":{"type":"Point","coordinates":[-0.27955,51.53152]},"properties":{"name":"Power infrastructure","category":"generator","osm_type":"node","osm_id":"8198193226"}},{"type":"Feature","geometry":{"type":"Point","coordinates":[-0.28789,51.55211]},"properties":{"name":"Power infrastructure","category":"generator","osm_type":"node","osm_id":"8198193228"}},{"type":"Feature","geometry":{"type":"Point","coordinates":[-0.28043,51.52983]},"properties":{"name":"Power infrastructure","category":"generator","osm_type":"node","osm_id":"8198193229"}},{"type":"Feature","geometry":{"type":"Point","coordinates":[-0.27947,51.53143]},"properties":{"name":"Power infrastructure","category":"generator","osm_type":"node","osm_id":"8198193231"}},{"type":"Feature","geometry":{"type":"Point","coordinates":[-0.27762,51.53553]},"properties":{"name":"Power infrastructure","category":"generator","osm_type":"node","osm_id":"8198193233"}},{"type":"Feature","geometry":{"type":"Point","coordinates":[-0.3226,51.5487]},"properties":{"name":"Power infrastructure","category":"generator","osm_type":"node","osm_id":"8198193234"}},{"type":"Feature","geometry":{"type":"Point","coordinates":[-0.32036,51.55156]},"properties":{"name":"Power infrastructure","category":"generator","osm_type":"node","osm_id":"8198193235"}},{"type":"Feature","geometry":{"type":"Point","coordinates":[-0.27771,51.53586]},"properties":{"name":"Power infrastructure","category":"generator","osm_type":"node","osm_id":"8198193236"}},{"type":"Feature","geometry":{"type":"Point","coordinates":[-0.27952,51.53149]},"properties":{"name":"Power infrastructure","category":"generator","osm_type":"node","osm_id":"8198193237"}},{"type":"Feature","geometry":{"type":"Point","coordinates":[-0.27946,51.53141]},"properties":{"name":"Power infrastructure","category":"generator","osm_type":"node","osm_id":"8198193240"}},{"type":"Feature","geometry":{"type":"Point","coordinates":[-0.28777,51.55555]},"properties":{"name":"Power infrastructure","category":"generator","osm_type":"node","osm_id":"8198193242"}},{"type":"Feature","geometry":{"type":"Point","coordinates":[-0.28043,51.52987]},"properties":{"name":"Power infrastructure","category":"generator","osm_type":"node","osm_id":"8198193243"}},{"type":"Feature","geometry":{"type":"Point","coordinates":[-0.26533,51.52278]},"properties":{"name":"Power infrastructure","category":"generator","osm_type":"node","osm_id":"8198193245"}},{"type":"Feature","geometry":{"type":"Point","coordinates":[-0.32025,51.55148]},"properties":{"name":"Power infrastructure","category":"generator","osm_type":"node","osm_id":"8198193246"}},{"type":"Feature","geometry":{"type":"Point","coordinates":[-0.28121,51.5317]},"properties":{"name":"Power infrastructure","category":"generator","osm_type":"node","osm_id":"8198193247"}},{"type":"Feature","geometry":{"type":"Point","coordinates":[-0.28066,51.53021]},"properties":{"name":"Power infrastructure","category":"generator","osm_type":"node","osm_id":"8198193248"}},{"type":"Feature","geometry":{"type":"Point","coordinates":[-0.31367,51.54243]},"properties":{"name":"Power infrastructure","category":"generator","osm_type":"node","osm_id":"8198193249"}},{"type":"Feature","geometry":{"type":"Point","coordinates":[-0.27941,51.53136]},"properties":{"name":"Power infrastructure","category":"generator","osm_type":"node","osm_id":"8198193250"}},{"type":"Feature","geometry":{"type":"Point","coordinates":[-0.32024,51.55152]},"properties":{"name":"Power infrastructure","category":"generator","osm_type":"node","osm_id":"8198193251"}},{"type":"Feature","geometry":{"type":"Point","coordinates":[-0.32008,51.55151]},"properties":{"name":"Power infrastructure","category":"generator","osm_type":"node","osm_id":"8198193253"}},{"type":"Feature","geometry":{"type":"Point","coordinates":[-0.28132,51.53167]},"properties":{"name":"Power infrastructure","category":"generator","osm_type":"node","osm_id":"8198193254"}},{"type":"Feature","geometry":{"type":"Point","coordinates":[-0.28578,51.53055]},"properties":{"name":"Power infrastructure","category":"generator","osm_type":"node","osm_id":"8198193255"}},{"type":"Feature","geometry":{"type":"Point","coordinates":[-0.28053,51.53002]},"properties":{"name":"Power infrastructure","category":"generator","osm_type":"node","osm_id":"8198193257"}},{"type":"Feature","geometry":{"type":"Point","coordinates":[-0.27939,51.53133]},"properties":{"name":"Power infrastructure","category":"generator","osm_type":"node","osm_id":"8198193258"}},{"type":"Feature","geometry":{"type":"Point","coordinates":[-0.3136,51.54241]},"properties":{"name":"Power infrastructure","category":"generator","osm_type":"node","osm_id":"8198193259"}},{"type":"Feature","geometry":{"type":"Point","coordinates":[-0.32417,51.55362]},"properties":{"name":"Power infrastructure","category":"generator","osm_type":"node","osm_id":"8198193261"}},{"type":"Feature","geometry":{"type":"Point","coordinates":[-0.28148,51.53162]},"properties":{"name":"Power infrastructure","category":"generator","osm_type":"node","osm_id":"8198193263"}},{"type":"Feature","geometry":{"type":"Point","coordinates":[-0.28057,51.53009]},"properties":{"name":"Power infrastructure","category":"generator","osm_type":"node","osm_id":"8198193264"}},{"type":"Feature","geometry":{"type":"Point","coordinates":[-0.28056,51.53006]},"properties":{"name":"Power infrastructure","category":"generator","osm_type":"node","osm_id":"8198193265"}},{"type":"Feature","geometry":{"type":"Point","coordinates":[-0.28083,51.53046]},"properties":{"name":"Power infrastructure","category":"generator","osm_type":"node","osm_id":"8198193266"}},{"type":"Feature","geometry":{"type":"Point","coordinates":[-0.27777,51.5355]},"properties":{"name":"Power infrastructure","category":"generator","osm_type":"node","osm_id":"8198193267"}},{"type":"Feature","geometry":{"type":"Point","coordinates":[-0.28012,51.53229]},"properties":{"name":"Power infrastructure","category":"generator","osm_type":"node","osm_id":"8198193268"}},{"type":"Feature","geometry":{"type":"Point","coordinates":[-0.2914,51.55686]},"properties":{"name":"Power infrastructure","category":"generator","osm_type":"node","osm_id":"8198193270"}},{"type":"Feature","geometry":{"type":"Point","coordinates":[-0.27922,51.53234]},"properties":{"name":"Power infrastructure","category":"generator","osm_type":"node","osm_id":"8198193271"}},{"type":"Feature","geometry":{"type":"Point","coordinates":[-0.28156,51.53157]},"properties":{"name":"Power infrastructure","category":"generator","osm_type":"node","osm_id":"8198193272"}},{"type":"Feature","geometry":{"type":"Point","coordinates":[-0.28153,51.53161]},"properties":{"name":"Power infrastructure","category":"generator","osm_type":"node","osm_id":"8198193274"}},{"type":"Feature","geometry":{"type":"Point","coordinates":[-0.28062,51.53015]},"properties":{"name":"Power infrastructure","category":"generator","osm_type":"node","osm_id":"8198193275"}},{"type":"Feature","geometry":{"type":"Point","coordinates":[-0.27957,51.53155]},"properties":{"name":"Power infrastructure","category":"generator","osm_type":"node","osm_id":"8198193276"}},{"type":"Feature","geometry":{"type":"Point","coordinates":[-0.27785,51.53558]},"properties":{"name":"Power infrastructure","category":"generator","osm_type":"node","osm_id":"8198193277"}},{"type":"Feature","geometry":{"type":"Point","coordinates":[-0.2807,51.53027]},"properties":{"name":"Power infrastructure","category":"generator","osm_type":"node","osm_id":"8198193278"}},{"type":"Feature","geometry":{"type":"Point","coordinates":[-0.28068,51.53024]},"properties":{"name":"Power infrastructure","category":"generator","osm_type":"node","osm_id":"8198193279"}},{"type":"Feature","geometry":{"type":"Point","coordinates":[-0.28137,51.53165]},"properties":{"name":"Power infrastructure","category":"generator","osm_type":"node","osm_id":"8198193280"}},{"type":"Feature","geometry":{"type":"Point","coordinates":[-0.28142,51.53164]},"properties":{"name":"Power infrastructure","category":"generator","osm_type":"node","osm_id":"8198193281"}},{"type":"Feature","geometry":{"type":"Point","coordinates":[-0.28196,51.53239]},"properties":{"name":"Power infrastructure","category":"generator","osm_type":"node","osm_id":"8198193282"}},{"type":"Feature","geometry":{"type":"Point","coordinates":[-0.28095,51.53177]},"properties":{"name":"Power infrastructure","category":"generator","osm_type":"node","osm_id":"8198193283"}},{"type":"Feature","geometry":{"type":"Point","coordinates":[-0.28079,51.5304]},"properties":{"name":"Power infrastructure","category":"generator","osm_type":"node","osm_id":"8198193284"}},{"type":"Feature","geometry":{"type":"Point","coordinates":[-0.27999,51.53233]},"properties":{"name":"Power infrastructure","category":"generator","osm_type":"node","osm_id":"8198193285"}},{"type":"Feature","geometry":{"type":"Point","coordinates":[-0.26523,51.52272]},"properties":{"name":"Power infrastructure","category":"generator","osm_type":"node","osm_id":"8198193286"}},{"type":"Feature","geometry":{"type":"Point","coordinates":[-0.28115,51.53503]},"properties":{"name":"Power infrastructure","category":"generator","osm_type":"node","osm_id":"8198193288"}},{"type":"Feature","geometry":{"type":"Point","coordinates":[-0.28037,51.53246]},"properties":{"name":"Power infrastructure","category":"generator","osm_type":"node","osm_id":"8198193292"}},{"type":"Feature","geometry":{"type":"Point","coordinates":[-0.27962,51.53161]},"properties":{"name":"Power infrastructure","category":"generator","osm_type":"node","osm_id":"8198193293"}},{"type":"Feature","geometry":{"type":"Point","coordinates":[-0.28007,51.5323]},"properties":{"name":"Power infrastructure","category":"generator","osm_type":"node","osm_id":"8198193294"}},{"type":"Feature","geometry":{"type":"Point","coordinates":[-0.27756,51.53555]},"properties":{"name":"Power infrastructure","category":"generator","osm_type":"node","osm_id":"8198193295"}},{"type":"Feature","geometry":{"type":"Point","coordinates":[-0.28014,51.53253]},"properties":{"name":"Power infrastructure","category":"generator","osm_type":"node","osm_id":"8198193296"}},{"type":"Feature","geometry":{"type":"Point","coordinates":[-0.32508,51.55199]},"properties":{"name":"Power infrastructure","category":"generator","osm_type":"node","osm_id":"8198193298"}},{"type":"Feature","geometry":{"type":"Point","coordinates":[-0.28596,51.53048]},"properties":{"name":"Power infrastructure","category":"generator","osm_type":"node","osm_id":"8198193299"}},{"type":"Feature","geometry":{"type":"Point","coordinates":[-0.28003,51.53258]},"properties":{"name":"Power infrastructure","category":"generator","osm_type":"node","osm_id":"8198193300"}},{"type":"Feature","geometry":{"type":"Point","coordinates":[-0.26656,51.52254]},"properties":{"name":"Power infrastructure","category":"generator","osm_type":"node","osm_id":"8198193301"}},{"type":"Feature","geometry":{"type":"Point","coordinates":[-0.27903,51.5324]},"properties":{"name":"Power infrastructure","category":"generator","osm_type":"node","osm_id":"8198193302"}},{"type":"Feature","geometry":{"type":"Point","coordinates":[-0.28005,51.53256]},"properties":{"name":"Power infrastructure","category":"generator","osm_type":"node","osm_id":"8198193303"}},{"type":"Feature","geometry":{"type":"Point","coordinates":[-0.28105,51.53174]},"properties":{"name":"Power infrastructure","category":"generator","osm_type":"node","osm_id":"8198193304"}},{"type":"Feature","geometry":{"type":"Point","coordinates":[-0.2795,51.53146]},"properties":{"name":"Power infrastructure","category":"generator","osm_type":"node","osm_id":"8198193305"}},{"type":"Feature","geometry":{"type":"Point","coordinates":[-0.26658,51.52252]},"properties":{"name":"Power infrastructure","category":"generator","osm_type":"node","osm_id":"8198193307"}},{"type":"Feature","geometry":{"type":"Point","coordinates":[-0.28032,51.53247]},"properties":{"name":"Power infrastructure","category":"generator","osm_type":"node","osm_id":"8198193314"}},{"type":"Feature","geometry":{"type":"Point","coordinates":[-0.32267,51.54871]},"properties":{"name":"Power infrastructure","category":"generator","osm_type":"node","osm_id":"8198193316"}},{"type":"Feature","geometry":{"type":"Point","coordinates":[-0.28687,51.55637]},"properties":{"name":"Power infrastructure","category":"generator","osm_type":"node","osm_id":"8198193317"}},{"type":"Feature","geometry":{"type":"Point","coordinates":[-0.2854,51.55203]},"properties":{"name":"Power infrastructure","category":"generator","osm_type":"node","osm_id":"8198193318"}},{"type":"Feature","geometry":{"type":"Point","coordinates":[-0.28072,51.5303]},"properties":{"name":"Power infrastructure","category":"generator","osm_type":"node","osm_id":"8198193319"}},{"type":"Feature","geometry":{"type":"Point","coordinates":[-0.32002,51.55178]},"properties":{"name":"Power infrastructure","category":"generator","osm_type":"node","osm_id":"8198193322"}},{"type":"Feature","geometry":{"type":"Point","coordinates":[-0.28017,51.53228]},"properties":{"name":"Power infrastructure","category":"generator","osm_type":"node","osm_id":"8198193326"}},{"type":"Feature","geometry":{"type":"Point","coordinates":[-0.28127,51.53168]},"properties":{"name":"Power infrastructure","category":"generator","osm_type":"node","osm_id":"8198193328"}},{"type":"Feature","geometry":{"type":"Point","coordinates":[-0.31364,51.54239]},"properties":{"name":"Power infrastructure","category":"generator","osm_type":"node","osm_id":"8198193330"}},{"type":"Feature","geometry":{"type":"Point","coordinates":[-0.28602,51.53119]},"properties":{"name":"Power infrastructure","category":"generator","osm_type":"node","osm_id":"8198193333"}},{"type":"Feature","geometry":{"type":"Point","coordinates":[-0.28022,51.5325]},"properties":{"name":"Power infrastructure","category":"generator","osm_type":"node","osm_id":"8198193334"}},{"type":"Feature","geometry":{"type":"Point","coordinates":[-0.28089,51.53179]},"properties":{"name":"Power infrastructure","category":"generator","osm_type":"node","osm_id":"8198193335"}},{"type":"Feature","geometry":{"type":"Point","coordinates":[-0.28002,51.53232]},"properties":{"name":"Power infrastructure","category":"generator","osm_type":"node","osm_id":"8198193336"}},{"type":"Feature","geometry":{"type":"Point","coordinates":[-0.27771,51.53552]},"properties":{"name":"Power infrastructure","category":"generator","osm_type":"node","osm_id":"8198193337"}},{"type":"Feature","geometry":{"type":"Point","coordinates":[-0.27918,51.53235]},"properties":{"name":"Power infrastructure","category":"generator","osm_type":"node","osm_id":"8198193338"}},{"type":"Feature","geometry":{"type":"Point","coordinates":[-0.26536,51.52269]},"properties":{"name":"Power infrastructure","category":"generator","osm_type":"node","osm_id":"8198193339"}},{"type":"Feature","geometry":{"type":"Point","coordinates":[-0.28059,51.53012]},"properties":{"name":"Power infrastructure","category":"generator","osm_type":"node","osm_id":"8198193340"}},{"type":"Feature","geometry":{"type":"Point","coordinates":[-0.27931,51.53234]},"properties":{"name":"Power infrastructure","category":"generator","osm_type":"node","osm_id":"8198193341"}},{"type":"Feature","geometry":{"type":"Point","coordinates":[-0.27966,51.53166]},"properties":{"name":"Power infrastructure","category":"generator","osm_type":"node","osm_id":"8198193342"}},{"type":"Feature","geometry":{"type":"Point","coordinates":[-0.28116,51.53172]},"properties":{"name":"Power infrastructure","category":"generator","osm_type":"node","osm_id":"8198193343"}},{"type":"Feature","geometry":{"type":"Point","coordinates":[-0.27764,51.53578]},"properties":{"name":"Power infrastructure","category":"generator","osm_type":"node","osm_id":"8198193344"}},{"type":"Feature","geometry":{"type":"Point","coordinates":[-0.28186,51.53242]},"properties":{"name":"Power infrastructure","category":"generator","osm_type":"node","osm_id":"8198193345"}},{"type":"Feature","geometry":{"type":"Point","coordinates":[-0.28028,51.53249]},"properties":{"name":"Power infrastructure","category":"generator","osm_type":"node","osm_id":"8198193346"}},{"type":"Feature","geometry":{"type":"Point","coordinates":[-0.28619,51.53109]},"properties":{"name":"Power infrastructure","category":"generator","osm_type":"node","osm_id":"8198193347"}},{"type":"Feature","geometry":{"type":"Point","coordinates":[-0.28021,51.53226]},"properties":{"name":"Power infrastructure","category":"generator","osm_type":"node","osm_id":"8198193350"}},{"type":"Feature","geometry":{"type":"Point","coordinates":[-0.28045,51.5299]},"properties":{"name":"Power infrastructure","category":"generator","osm_type":"node","osm_id":"8198193353"}},{"type":"Feature","geometry":{"type":"Point","coordinates":[-0.28018,51.53252]},"properties":{"name":"Power infrastructure","category":"generator","osm_type":"node","osm_id":"8198193355"}},{"type":"Feature","geometry":{"type":"Point","coordinates":[-0.28399,51.53439]},"properties":{"name":"Power infrastructure","category":"generator","osm_type":"node","osm_id":"8198193356"}},{"type":"Feature","geometry":{"type":"Point","coordinates":[-0.28625,51.53116]},"properties":{"name":"Power infrastructure","category":"generator","osm_type":"node","osm_id":"8198193357"}},{"type":"Feature","geometry":{"type":"Point","coordinates":[-0.28648,51.53111]},"properties":{"name":"Power infrastructure","category":"generator","osm_type":"node","osm_id":"8198193358"}},{"type":"Feature","geometry":{"type":"Point","coordinates":[-0.28074,51.53033]},"properties":{"name":"Power infrastructure","category":"generator","osm_type":"node","osm_id":"8198193361"}},{"type":"Feature","geometry":{"type":"Point","coordinates":[-0.27943,51.53138]},"properties":{"name":"Power infrastructure","category":"generator","osm_type":"node","osm_id":"8198193362"}},{"type":"Feature","geometry":{"type":"Point","coordinates":[-0.45056,51.77801]},"properties":{"name":"Power infrastructure","category":"generator","osm_type":"node","osm_id":"8198518329"}},{"type":"Feature","geometry":{"type":"Point","coordinates":[-0.44262,51.77501]},"properties":{"name":"Power infrastructure","category":"generator","osm_type":"node","osm_id":"8198518330"}},{"type":"Feature","geometry":{"type":"Point","coordinates":[-0.44256,51.78146]},"properties":{"name":"Power infrastructure","category":"generator","osm_type":"node","osm_id":"8198518347"}},{"type":"Feature","geometry":{"type":"Point","coordinates":[-0.44249,51.78148]},"properties":{"name":"Power infrastructure","category":"generator","osm_type":"node","osm_id":"8198518348"}},{"type":"Feature","geometry":{"type":"Point","coordinates":[-0.44011,51.78145]},"properties":{"name":"Power infrastructure","category":"generator","osm_type":"node","osm_id":"8198518361"}},{"type":"Feature","geometry":{"type":"Point","coordinates":[-0.4367,51.77747]},"properties":{"name":"Power infrastructure","category":"generator","osm_type":"node","osm_id":"8198518402"}},{"type":"Feature","geometry":{"type":"Point","coordinates":[-0.45255,51.77082]},"properties":{"name":"Power infrastructure","category":"generator","osm_type":"node","osm_id":"8198815769"}},{"type":"Feature","geometry":{"type":"Point","coordinates":[-0.45272,51.77082]},"properties":{"name":"Power infrastructure","category":"generator","osm_type":"node","osm_id":"8198815770"}},{"type":"Feature","geometry":{"type":"Point","coordinates":[-0.45525,51.77115]},"properties":{"name":"Power infrastructure","category":"generator","osm_type":"node","osm_id":"8198815771"}},{"type":"Feature","geometry":{"type":"Point","coordinates":[-0.45516,51.77115]},"properties":{"name":"Power infrastructure","category":"generator","osm_type":"node","osm_id":"8198815772"}},{"type":"Feature","geometry":{"type":"Point","coordinates":[-0.46207,51.77499]},"properties":{"name":"Power infrastructure","category":"generator","osm_type":"node","osm_id":"8198815786"}},{"type":"Feature","geometry":{"type":"Point","coordinates":[-0.46152,51.77524]},"properties":{"name":"Power infrastructure","category":"generator","osm_type":"node","osm_id":"8198815787"}},{"type":"Feature","geometry":{"type":"Point","coordinates":[-0.46329,51.7761]},"properties":{"name":"Power infrastructure","category":"generator","osm_type":"node","osm_id":"8198815788"}},{"type":"Feature","geometry":{"type":"Point","coordinates":[-0.46335,51.77613]},"properties":{"name":"Power infrastructure","category":"generator","osm_type":"node","osm_id":"8198815789"}},{"type":"Feature","geometry":{"type":"Point","coordinates":[-0.46744,51.77508]},"properties":{"name":"Power infrastructure","category":"generator","osm_type":"node","osm_id":"8198815794"}},{"type":"Feature","geometry":{"type":"Point","coordinates":[-0.46725,51.77502]},"properties":{"name":"Power infrastructure","category":"generator","osm_type":"node","osm_id":"8198815795"}},{"type":"Feature","geometry":{"type":"Point","coordinates":[-0.4672,51.77505]},"properties":{"name":"Power infrastructure","category":"generator","osm_type":"node","osm_id":"8198815796"}},{"type":"Feature","geometry":{"type":"Point","coordinates":[-0.46903,51.77376]},"properties":{"name":"Power infrastructure","category":"generator","osm_type":"node","osm_id":"8198815797"}},{"type":"Feature","geometry":{"type":"Point","coordinates":[-0.46872,51.77312]},"properties":{"name":"Power infrastructure","category":"generator","osm_type":"node","osm_id":"8198815798"}},{"type":"Feature","geometry":{"type":"Point","coordinates":[-0.46798,51.77286]},"properties":{"name":"Power infrastructure","category":"generator","osm_type":"node","osm_id":"8198815799"}},{"type":"Feature","geometry":{"type":"Point","coordinates":[-0.45875,51.77456]},"properties":{"name":"Power infrastructure","category":"generator","osm_type":"node","osm_id":"8198815806"}},{"type":"Feature","geometry":{"type":"Point","coordinates":[-0.4615,51.77304]},"properties":{"name":"Power infrastructure","category":"generator","osm_type":"node","osm_id":"8198818007"}},{"type":"Feature","geometry":{"type":"Point","coordinates":[-0.46157,51.77302]},"properties":{"name":"Power infrastructure","category":"generator","osm_type":"node","osm_id":"8198818008"}},{"type":"Feature","geometry":{"type":"Point","coordinates":[-0.46164,51.773]},"properties":{"name":"Power infrastructure","category":"generator","osm_type":"node","osm_id":"8198818009"}},{"type":"Feature","geometry":{"type":"Point","coordinates":[-0.46178,51.77298]},"properties":{"name":"Power infrastructure","category":"generator","osm_type":"node","osm_id":"8198818010"}},{"type":"Feature","geometry":{"type":"Point","coordinates":[-0.46185,51.77296]},"properties":{"name":"Power infrastructure","category":"generator","osm_type":"node","osm_id":"8198818011"}},{"type":"Feature","geometry":{"type":"Point","coordinates":[-0.46201,51.77293]},"properties":{"name":"Power infrastructure","category":"generator","osm_type":"node","osm_id":"8198818012"}},{"type":"Feature","geometry":{"type":"Point","coordinates":[-0.46222,51.7731]},"properties":{"name":"Power infrastructure","category":"generator","osm_type":"node","osm_id":"8198818013"}},{"type":"Feature","geometry":{"type":"Point","coordinates":[-0.46216,51.77312]},"properties":{"name":"Power infrastructure","category":"generator","osm_type":"node","osm_id":"8198818014"}},{"type":"Feature","geometry":{"type":"Point","coordinates":[-0.4621,51.77314]},"properties":{"name":"Power infrastructure","category":"generator","osm_type":"node","osm_id":"8198818015"}},{"type":"Feature","geometry":{"type":"Point","coordinates":[-0.46198,51.7732]},"properties":{"name":"Power infrastructure","category":"generator","osm_type":"node","osm_id":"8198818016"}},{"type":"Feature","geometry":{"type":"Point","coordinates":[-0.4619,51.77323]},"properties":{"name":"Power infrastructure","category":"generator","osm_type":"node","osm_id":"8198837517"}},{"type":"Feature","geometry":{"type":"Point","coordinates":[-0.46184,51.77325]},"properties":{"name":"Power infrastructure","category":"generator","osm_type":"node","osm_id":"8198837518"}},{"type":"Feature","geometry":{"type":"Point","coordinates":[-0.46231,51.77308]},"properties":{"name":"Power infrastructure","category":"generator","osm_type":"node","osm_id":"8198837519"}},{"type":"Feature","geometry":{"type":"Point","coordinates":[-0.46211,51.77292]},"properties":{"name":"Power infrastructure","category":"generator","osm_type":"node","osm_id":"8198837520"}},{"type":"Feature","geometry":{"type":"Point","coordinates":[-0.45499,51.77754]},"properties":{"name":"Power infrastructure","category":"generator","osm_type":"node","osm_id":"8198870499"}},{"type":"Feature","geometry":{"type":"Point","coordinates":[-0.45356,51.77709]},"properties":{"name":"Power infrastructure","category":"generator","osm_type":"node","osm_id":"8198870500"}},{"type":"Feature","geometry":{"type":"Point","coordinates":[-0.44878,51.77368]},"properties":{"name":"Power infrastructure","category":"generator","osm_type":"node","osm_id":"8198881678"}},{"type":"Feature","geometry":{"type":"Point","coordinates":[-0.45751,51.76977]},"properties":{"name":"Power infrastructure","category":"generator","osm_type":"node","osm_id":"8198904606"}},{"type":"Feature","geometry":{"type":"Point","coordinates":[-0.45911,51.76946]},"properties":{"name":"Power infrastructure","category":"generator","osm_type":"node","osm_id":"8198904607"}},{"type":"Feature","geometry":{"type":"Point","coordinates":[-0.45997,51.76966]},"properties":{"name":"Power infrastructure","category":"generator","osm_type":"node","osm_id":"8198904608"}},{"type":"Feature","geometry":{"type":"Point","coordinates":[-0.46069,51.76949]},"properties":{"name":"Power infrastructure","category":"generator","osm_type":"node","osm_id":"8198904609"}},{"type":"Feature","geometry":{"type":"Point","coordinates":[-0.46021,51.76913]},"properties":{"name":"Power infrastructure","category":"generator","osm_type":"node","osm_id":"8198904610"}},{"type":"Feature","geometry":{"type":"Point","coordinates":[-0.46133,51.76901]},"properties":{"name":"Power infrastructure","category":"generator","osm_type":"node","osm_id":"8198904611"}},{"type":"Feature","geometry":{"type":"Point","coordinates":[-0.46157,51.7702]},"properties":{"name":"Power infrastructure","category":"generator","osm_type":"node","osm_id":"8198913858"}},{"type":"Feature","geometry":{"type":"Point","coordinates":[-0.461,51.77121]},"properties":{"name":"Power infrastructure","category":"generator","osm_type":"node","osm_id":"8198913859"}},{"type":"Feature","geometry":{"type":"Point","coordinates":[-0.48047,51.77254]},"properties":{"name":"Power infrastructure","category":"generator","osm_type":"node","osm_id":"8198940842"}},{"type":"Feature","geometry":{"type":"Point","coordinates":[-0.27296,51.51926]},"properties":{"name":"Power infrastructure","category":"generator","osm_type":"node","osm_id":"8199857139"}},{"type":"Feature","geometry":{"type":"Point","coordinates":[-0.27287,51.51927]},"properties":{"name":"Power infrastructure","category":"generator","osm_type":"node","osm_id":"8199857141"}},{"type":"Feature","geometry":{"type":"Point","coordinates":[-0.265,51.52244]},"properties":{"name":"Power infrastructure","category":"generator","osm_type":"node","osm_id":"8199857142"}},{"type":"Feature","geometry":{"type":"Point","coordinates":[-0.27034,51.52412]},"properties":{"name":"Power infrastructure","category":"generator","osm_type":"node","osm_id":"8199857143"}},{"type":"Feature","geometry":{"type":"Point","coordinates":[-0.26717,51.52384]},"properties":{"name":"Power infrastructure","category":"generator","osm_type":"node","osm_id":"8199857144"}},{"type":"Feature","geometry":{"type":"Point","coordinates":[-0.26461,51.5221]},"properties":{"name":"Power infrastructure","category":"generator","osm_type":"node","osm_id":"8199857146"}},{"type":"Feature","geometry":{"type":"Point","coordinates":[-0.26641,51.52338]},"properties":{"name":"Power infrastructure","category":"generator","osm_type":"node","osm_id":"8199857148"}},{"type":"Feature","geometry":{"type":"Point","coordinates":[-0.26665,51.52352]},"properties":{"name":"Power infrastructure","category":"generator","osm_type":"node","osm_id":"8199857149"}},{"type":"Feature","geometry":{"type":"Point","coordinates":[-0.2669,51.52365]},"properties":{"name":"Power infrastructure","category":"generator","osm_type":"node","osm_id":"8199857152"}},{"type":"Feature","geometry":{"type":"Point","coordinates":[-0.26571,51.523]},"properties":{"name":"Power infrastructure","category":"generator","osm_type":"node","osm_id":"8199857153"}},{"type":"Feature","geometry":{"type":"Point","coordinates":[-0.26645,51.52341]},"properties":{"name":"Power infrastructure","category":"generator","osm_type":"node","osm_id":"8199857154"}},{"type":"Feature","geometry":{"type":"Point","coordinates":[-0.26495,51.52238]},"properties":{"name":"Power infrastructure","category":"generator","osm_type":"node","osm_id":"8199857155"}},{"type":"Feature","geometry":{"type":"Point","coordinates":[-0.26483,51.52226]},"properties":{"name":"Power infrastructure","category":"generator","osm_type":"node","osm_id":"8199857157"}},{"type":"Feature","geometry":{"type":"Point","coordinates":[-0.27534,51.52127]},"properties":{"name":"Power infrastructure","category":"generator","osm_type":"node","osm_id":"8199857159"}},{"type":"Feature","geometry":{"type":"Point","coordinates":[-0.27308,51.5198]},"properties":{"name":"Power infrastructure","category":"generator","osm_type":"node","osm_id":"8199857161"}},{"type":"Feature","geometry":{"type":"Point","coordinates":[-0.26653,51.52345]},"properties":{"name":"Power infrastructure","category":"generator","osm_type":"node","osm_id":"8199857162"}},{"type":"Feature","geometry":{"type":"Point","coordinates":[-0.27092,51.52417]},"properties":{"name":"Power infrastructure","category":"generator","osm_type":"node","osm_id":"8199857167"}},{"type":"Feature","geometry":{"type":"Point","coordinates":[-0.26472,51.52222]},"properties":{"name":"Power infrastructure","category":"generator","osm_type":"node","osm_id":"8199857168"}},{"type":"Feature","geometry":{"type":"Point","coordinates":[-0.26561,51.52292]},"properties":{"name":"Power infrastructure","category":"generator","osm_type":"node","osm_id":"8199857170"}},{"type":"Feature","geometry":{"type":"Point","coordinates":[-0.26503,51.52247]},"properties":{"name":"Power infrastructure","category":"generator","osm_type":"node","osm_id":"8199857171"}},{"type":"Feature","geometry":{"type":"Point","coordinates":[-0.26486,51.52229]},"properties":{"name":"Power infrastructure","category":"generator","osm_type":"node","osm_id":"8199857172"}},{"type":"Feature","geometry":{"type":"Point","coordinates":[-0.26677,51.52359]},"properties":{"name":"Power infrastructure","category":"generator","osm_type":"node","osm_id":"8199857177"}},{"type":"Feature","geometry":{"type":"Point","coordinates":[-0.27029,51.52414]},"properties":{"name":"Power infrastructure","category":"generator","osm_type":"node","osm_id":"8199857181"}},{"type":"Feature","geometry":{"type":"Point","coordinates":[-0.26695,51.52368]},"properties":{"name":"Power infrastructure","category":"generator","osm_type":"node","osm_id":"8199857182"}},{"type":"Feature","geometry":{"type":"Point","coordinates":[-0.26547,51.52281]},"properties":{"name":"Power infrastructure","category":"generator","osm_type":"node","osm_id":"8199857183"}},{"type":"Feature","geometry":{"type":"Point","coordinates":[-0.26492,51.52235]},"properties":{"name":"Power infrastructure","category":"generator","osm_type":"node","osm_id":"8199857184"}},{"type":"Feature","geometry":{"type":"Point","coordinates":[-0.26578,51.52306]},"properties":{"name":"Power infrastructure","category":"generator","osm_type":"node","osm_id":"8199857185"}},{"type":"Feature","geometry":{"type":"Point","coordinates":[-0.26682,51.52361]},"properties":{"name":"Power infrastructure","category":"generator","osm_type":"node","osm_id":"8199857186"}},{"type":"Feature","geometry":{"type":"Point","coordinates":[-0.26347,51.52022]},"properties":{"name":"Power infrastructure","category":"generator","osm_type":"node","osm_id":"8199857187"}},{"type":"Feature","geometry":{"type":"Point","coordinates":[-0.2655,51.52284]},"properties":{"name":"Power infrastructure","category":"generator","osm_type":"node","osm_id":"8199857188"}},{"type":"Feature","geometry":{"type":"Point","coordinates":[-0.26669,51.52355]},"properties":{"name":"Power infrastructure","category":"generator","osm_type":"node","osm_id":"8199857190"}},{"type":"Feature","geometry":{"type":"Point","coordinates":[-0.2754,51.52123]},"properties":{"name":"Power infrastructure","category":"generator","osm_type":"node","osm_id":"8199857192"}},{"type":"Feature","geometry":{"type":"Point","coordinates":[-0.27529,51.51877]},"properties":{"name":"Power infrastructure","category":"generator","osm_type":"node","osm_id":"8199857198"}},{"type":"Feature","geometry":{"type":"Point","coordinates":[-0.26705,51.52379]},"properties":{"name":"Power infrastructure","category":"generator","osm_type":"node","osm_id":"8199857203"}},{"type":"Feature","geometry":{"type":"Point","coordinates":[-0.26557,51.52289]},"properties":{"name":"Power infrastructure","category":"generator","osm_type":"node","osm_id":"8199857204"}},{"type":"Feature","geometry":{"type":"Point","coordinates":[-0.26568,51.52297]},"properties":{"name":"Power infrastructure","category":"generator","osm_type":"node","osm_id":"8199857207"}},{"type":"Feature","geometry":{"type":"Point","coordinates":[-0.26657,51.52348]},"properties":{"name":"Power infrastructure","category":"generator","osm_type":"node","osm_id":"8199857211"}},{"type":"Feature","geometry":{"type":"Point","coordinates":[-0.46833,51.76302]},"properties":{"name":"Power infrastructure","category":"generator","osm_type":"node","osm_id":"8199987070"}},{"type":"Feature","geometry":{"type":"Point","coordinates":[-0.22617,51.55861]},"properties":{"name":"Power infrastructure","category":"generator","osm_type":"node","osm_id":"8200058315"}},{"type":"Feature","geometry":{"type":"Point","coordinates":[-0.22614,51.55867]},"properties":{"name":"Power infrastructure","category":"generator","osm_type":"node","osm_id":"8200058316"}},{"type":"Feature","geometry":{"type":"Point","coordinates":[-0.22609,51.55876]},"properties":{"name":"Power infrastructure","category":"generator","osm_type":"node","osm_id":"8200083217"}},{"type":"Feature","geometry":{"type":"Point","coordinates":[-0.22463,51.55898]},"properties":{"name":"Power infrastructure","category":"generator","osm_type":"node","osm_id":"8200083248"}},{"type":"Feature","geometry":{"type":"Point","coordinates":[-0.35911,51.51637]},"properties":{"name":"Power infrastructure","category":"generator","osm_type":"node","osm_id":"8200245928"}},{"type":"Feature","geometry":{"type":"Point","coordinates":[-0.33516,51.51472]},"properties":{"name":"Power infrastructure","category":"generator","osm_type":"node","osm_id":"8200245930"}},{"type":"Feature","geometry":{"type":"Point","coordinates":[-0.35833,51.51634]},"properties":{"name":"Power infrastructure","category":"generator","osm_type":"node","osm_id":"8200245932"}},{"type":"Feature","geometry":{"type":"Point","coordinates":[-0.35827,51.51654]},"properties":{"name":"Power infrastructure","category":"generator","osm_type":"node","osm_id":"8200245933"}},{"type":"Feature","geometry":{"type":"Point","coordinates":[-0.33643,51.51383]},"properties":{"name":"Power infrastructure","category":"generator","osm_type":"node","osm_id":"8200245941"}},{"type":"Feature","geometry":{"type":"Point","coordinates":[-0.3585,51.51682]},"properties":{"name":"Power infrastructure","category":"generator","osm_type":"node","osm_id":"8200245944"}},{"type":"Feature","geometry":{"type":"Point","coordinates":[-0.35851,51.51698]},"properties":{"name":"Power infrastructure","category":"generator","osm_type":"node","osm_id":"8200245947"}},{"type":"Feature","geometry":{"type":"Point","coordinates":[-0.35908,51.51647]},"properties":{"name":"Power infrastructure","category":"generator","osm_type":"node","osm_id":"8200245951"}},{"type":"Feature","geometry":{"type":"Point","coordinates":[-0.35853,51.51635]},"properties":{"name":"Power infrastructure","category":"generator","osm_type":"node","osm_id":"8200245952"}},{"type":"Feature","geometry":{"type":"Point","coordinates":[-0.3583,51.51643]},"properties":{"name":"Power infrastructure","category":"generator","osm_type":"node","osm_id":"8200245954"}},{"type":"Feature","geometry":{"type":"Point","coordinates":[-0.35828,51.51647]},"properties":{"name":"Power infrastructure","category":"generator","osm_type":"node","osm_id":"8200245957"}},{"type":"Feature","geometry":{"type":"Point","coordinates":[-0.35818,51.51674]},"properties":{"name":"Power infrastructure","category":"generator","osm_type":"node","osm_id":"8200245958"}},{"type":"Feature","geometry":{"type":"Point","coordinates":[-0.35907,51.51652]},"properties":{"name":"Power infrastructure","category":"generator","osm_type":"node","osm_id":"8200245960"}},{"type":"Feature","geometry":{"type":"Point","coordinates":[-0.35877,51.51667]},"properties":{"name":"Power infrastructure","category":"generator","osm_type":"node","osm_id":"8200245961"}},{"type":"Feature","geometry":{"type":"Point","coordinates":[-0.35848,51.51664]},"properties":{"name":"Power infrastructure","category":"generator","osm_type":"node","osm_id":"8200245965"}},{"type":"Feature","geometry":{"type":"Point","coordinates":[-0.35842,51.5163]},"properties":{"name":"Power infrastructure","category":"generator","osm_type":"node","osm_id":"8200245968"}},{"type":"Feature","geometry":{"type":"Point","coordinates":[-0.35825,51.51659]},"properties":{"name":"Power infrastructure","category":"generator","osm_type":"node","osm_id":"8200245969"}},{"type":"Feature","geometry":{"type":"Point","coordinates":[-0.35899,51.51691]},"properties":{"name":"Power infrastructure","category":"generator","osm_type":"node","osm_id":"8200245972"}},{"type":"Feature","geometry":{"type":"Point","coordinates":[-0.35827,51.51651]},"properties":{"name":"Power infrastructure","category":"generator","osm_type":"node","osm_id":"8200245973"}},{"type":"Feature","geometry":{"type":"Point","coordinates":[-0.35825,51.51657]},"properties":{"name":"Power infrastructure","category":"generator","osm_type":"node","osm_id":"8200245974"}},{"type":"Feature","geometry":{"type":"Point","coordinates":[-0.35863,51.51665]},"properties":{"name":"Power infrastructure","category":"generator","osm_type":"node","osm_id":"8200245978"}},{"type":"Feature","geometry":{"type":"Point","coordinates":[-0.35818,51.5168]},"properties":{"name":"Power infrastructure","category":"generator","osm_type":"node","osm_id":"8200245981"}},{"type":"Feature","geometry":{"type":"Point","coordinates":[-0.35818,51.51677]},"properties":{"name":"Power infrastructure","category":"generator","osm_type":"node","osm_id":"8200245987"}},{"type":"Feature","geometry":{"type":"Point","coordinates":[-0.35867,51.51636]},"properties":{"name":"Power infrastructure","category":"generator","osm_type":"node","osm_id":"8200245988"}},{"type":"Feature","geometry":{"type":"Point","coordinates":[-0.35866,51.517]},"properties":{"name":"Power infrastructure","category":"generator","osm_type":"node","osm_id":"8200245989"}},{"type":"Feature","geometry":{"type":"Point","coordinates":[-0.35824,51.51662]},"properties":{"name":"Power infrastructure","category":"generator","osm_type":"node","osm_id":"8200245991"}},{"type":"Feature","geometry":{"type":"Point","coordinates":[-0.35871,51.51666]},"properties":{"name":"Power infrastructure","category":"generator","osm_type":"node","osm_id":"8200245993"}},{"type":"Feature","geometry":{"type":"Point","coordinates":[-0.359,51.51702]},"properties":{"name":"Power infrastructure","category":"generator","osm_type":"node","osm_id":"8200245996"}},{"type":"Feature","geometry":{"type":"Point","coordinates":[-0.35901,51.51672]},"properties":{"name":"Power infrastructure","category":"generator","osm_type":"node","osm_id":"8200245997"}},{"type":"Feature","geometry":{"type":"Point","coordinates":[-0.35884,51.51636]},"properties":{"name":"Power infrastructure","category":"generator","osm_type":"node","osm_id":"8200245998"}},{"type":"Feature","geometry":{"type":"Point","coordinates":[-0.35855,51.51665]},"properties":{"name":"Power infrastructure","category":"generator","osm_type":"node","osm_id":"8200246000"}},{"type":"Feature","geometry":{"type":"Point","coordinates":[-0.35904,51.51662]},"properties":{"name":"Power infrastructure","category":"generator","osm_type":"node","osm_id":"8200246001"}},{"type":"Feature","geometry":{"type":"Point","coordinates":[-0.3591,51.51642]},"properties":{"name":"Power infrastructure","category":"generator","osm_type":"node","osm_id":"8200246002"}},{"type":"Feature","geometry":{"type":"Point","coordinates":[-0.33602,51.51388]},"properties":{"name":"Power infrastructure","category":"generator","osm_type":"node","osm_id":"8200246003"}},{"type":"Feature","geometry":{"type":"Point","coordinates":[-0.35874,51.51637]},"properties":{"name":"Power infrastructure","category":"generator","osm_type":"node","osm_id":"8200246006"}},{"type":"Feature","geometry":{"type":"Point","coordinates":[-0.35865,51.51683]},"properties":{"name":"Power infrastructure","category":"generator","osm_type":"node","osm_id":"8200246010"}},{"type":"Feature","geometry":{"type":"Point","coordinates":[-0.33646,51.52175]},"properties":{"name":"Power infrastructure","category":"generator","osm_type":"node","osm_id":"8200246011"}},{"type":"Feature","geometry":{"type":"Point","coordinates":[-0.359,51.51696]},"properties":{"name":"Power infrastructure","category":"generator","osm_type":"node","osm_id":"8200246012"}},{"type":"Feature","geometry":{"type":"Point","coordinates":[-0.35902,51.51667]},"properties":{"name":"Power infrastructure","category":"generator","osm_type":"node","osm_id":"8200246013"}},{"type":"Feature","geometry":{"type":"Point","coordinates":[-0.35906,51.51657]},"properties":{"name":"Power infrastructure","category":"generator","osm_type":"node","osm_id":"8200266018"}},{"type":"Feature","geometry":{"type":"Point","coordinates":[-0.35861,51.51636]},"properties":{"name":"Power infrastructure","category":"generator","osm_type":"node","osm_id":"8200266023"}},{"type":"Feature","geometry":{"type":"Point","coordinates":[-0.35899,51.51686]},"properties":{"name":"Power infrastructure","category":"generator","osm_type":"node","osm_id":"8200266024"}},{"type":"Feature","geometry":{"type":"Point","coordinates":[-0.42498,51.50129]},"properties":{"name":"Power infrastructure","category":"generator","osm_type":"node","osm_id":"8201279093"}},{"type":"Feature","geometry":{"type":"Point","coordinates":[-0.42513,51.50103]},"properties":{"name":"Power infrastructure","category":"generator","osm_type":"node","osm_id":"8201279094"}},{"type":"Feature","geometry":{"type":"Point","coordinates":[-0.43513,51.50294]},"properties":{"name":"Power infrastructure","category":"generator","osm_type":"node","osm_id":"8201279095"}},{"type":"Feature","geometry":{"type":"Point","coordinates":[-0.42877,51.50596]},"properties":{"name":"Power infrastructure","category":"generator","osm_type":"node","osm_id":"8201279096"}},{"type":"Feature","geometry":{"type":"Point","coordinates":[-0.42854,51.50589]},"properties":{"name":"Power infrastructure","category":"generator","osm_type":"node","osm_id":"8201279097"}},{"type":"Feature","geometry":{"type":"Point","coordinates":[-0.42906,51.50744]},"properties":{"name":"Power infrastructure","category":"generator","osm_type":"node","osm_id":"8201279098"}},{"type":"Feature","geometry":{"type":"Point","coordinates":[-0.42824,51.50613]},"properties":{"name":"Power infrastructure","category":"generator","osm_type":"node","osm_id":"8201279099"}},{"type":"Feature","geometry":{"type":"Point","coordinates":[-0.42877,51.5063]},"properties":{"name":"Power infrastructure","category":"generator","osm_type":"node","osm_id":"8201279100"}},{"type":"Feature","geometry":{"type":"Point","coordinates":[-0.4287,51.50594]},"properties":{"name":"Power infrastructure","category":"generator","osm_type":"node","osm_id":"8201279103"}},{"type":"Feature","geometry":{"type":"Point","coordinates":[-0.42693,51.50124]},"properties":{"name":"Power infrastructure","category":"generator","osm_type":"node","osm_id":"8201279104"}},{"type":"Feature","geometry":{"type":"Point","coordinates":[-0.42903,51.50716]},"properties":{"name":"Power infrastructure","category":"generator","osm_type":"node","osm_id":"8201279105"}},{"type":"Feature","geometry":{"type":"Point","coordinates":[-0.42512,51.50104]},"properties":{"name":"Power infrastructure","category":"generator","osm_type":"node","osm_id":"8201279106"}},{"type":"Feature","geometry":{"type":"Point","coordinates":[-0.42804,51.50603]},"properties":{"name":"Power infrastructure","category":"generator","osm_type":"node","osm_id":"8201279110"}},{"type":"Feature","geometry":{"type":"Point","coordinates":[-0.42831,51.50615]},"properties":{"name":"Power infrastructure","category":"generator","osm_type":"node","osm_id":"8201279111"}},{"type":"Feature","geometry":{"type":"Point","coordinates":[-0.42502,51.50119]},"properties":{"name":"Power infrastructure","category":"generator","osm_type":"node","osm_id":"8201279114"}},{"type":"Feature","geometry":{"type":"Point","coordinates":[-0.4287,51.50755]},"properties":{"name":"Power infrastructure","category":"generator","osm_type":"node","osm_id":"8201279115"}},{"type":"Feature","geometry":{"type":"Point","coordinates":[-0.4288,51.50779]},"properties":{"name":"Power infrastructure","category":"generator","osm_type":"node","osm_id":"8201279116"}},{"type":"Feature","geometry":{"type":"Point","coordinates":[-0.42332,51.50352]},"properties":{"name":"Power infrastructure","category":"generator","osm_type":"node","osm_id":"8201286417"}},{"type":"Feature","geometry":{"type":"Point","coordinates":[-0.42885,51.50599]},"properties":{"name":"Power infrastructure","category":"generator","osm_type":"node","osm_id":"8201286418"}},{"type":"Feature","geometry":{"type":"Point","coordinates":[-0.42501,51.50122]},"properties":{"name":"Power infrastructure","category":"generator","osm_type":"node","osm_id":"8201286419"}},{"type":"Feature","geometry":{"type":"Point","coordinates":[-0.42888,51.50766]},"properties":{"name":"Power infrastructure","category":"generator","osm_type":"node","osm_id":"8201286420"}},{"type":"Feature","geometry":{"type":"Point","coordinates":[-0.42924,51.50611]},"properties":{"name":"Power infrastructure","category":"generator","osm_type":"node","osm_id":"8201286421"}},{"type":"Feature","geometry":{"type":"Point","coordinates":[-0.42892,51.50729]},"properties":{"name":"Power infrastructure","category":"generator","osm_type":"node","osm_id":"8201286422"}},{"type":"Feature","geometry":{"type":"Point","coordinates":[-0.4293,51.50717]},"properties":{"name":"Power infrastructure","category":"generator","osm_type":"node","osm_id":"8201286424"}},{"type":"Feature","geometry":{"type":"Point","coordinates":[-0.42884,51.50771]},"properties":{"name":"Power infrastructure","category":"generator","osm_type":"node","osm_id":"8201286426"}},{"type":"Feature","geometry":{"type":"Point","coordinates":[-0.42908,51.50607]},"properties":{"name":"Power infrastructure","category":"generator","osm_type":"node","osm_id":"8201286428"}},{"type":"Feature","geometry":{"type":"Point","coordinates":[-0.42874,51.5075]},"properties":{"name":"Power infrastructure","category":"generator","osm_type":"node","osm_id":"8201286430"}},{"type":"Feature","geometry":{"type":"Point","coordinates":[-0.42847,51.50586]},"properties":{"name":"Power infrastructure","category":"generator","osm_type":"node","osm_id":"8201286431"}},{"type":"Feature","geometry":{"type":"Point","coordinates":[-0.42925,51.50723]},"properties":{"name":"Power infrastructure","category":"generator","osm_type":"node","osm_id":"8201286432"}},{"type":"Feature","geometry":{"type":"Point","coordinates":[-0.42892,51.50601]},"properties":{"name":"Power infrastructure","category":"generator","osm_type":"node","osm_id":"8201286433"}},{"type":"Feature","geometry":{"type":"Point","coordinates":[-0.42499,51.50127]},"properties":{"name":"Power infrastructure","category":"generator","osm_type":"node","osm_id":"8201286434"}},{"type":"Feature","geometry":{"type":"Point","coordinates":[-0.4287,51.50628]},"properties":{"name":"Power infrastructure","category":"generator","osm_type":"node","osm_id":"8201286435"}},{"type":"Feature","geometry":{"type":"Point","coordinates":[-0.43321,51.50303]},"properties":{"name":"Power infrastructure","category":"generator","osm_type":"node","osm_id":"8201286437"}},{"type":"Feature","geometry":{"type":"Point","coordinates":[-0.42816,51.5061]},"properties":{"name":"Power infrastructure","category":"generator","osm_type":"node","osm_id":"8201286439"}},{"type":"Feature","geometry":{"type":"Point","coordinates":[-0.4291,51.5074]},"properties":{"name":"Power infrastructure","category":"generator","osm_type":"node","osm_id":"8201286440"}},{"type":"Feature","geometry":{"type":"Point","coordinates":[-0.42522,51.50084]},"properties":{"name":"Power infrastructure","category":"generator","osm_type":"node","osm_id":"8201286441"}},{"type":"Feature","geometry":{"type":"Point","coordinates":[-0.42895,51.50757]},"properties":{"name":"Power infrastructure","category":"generator","osm_type":"node","osm_id":"8201286442"}},{"type":"Feature","geometry":{"type":"Point","coordinates":[-0.43073,51.50775]},"properties":{"name":"Power infrastructure","category":"generator","osm_type":"node","osm_id":"8201286444"}},{"type":"Feature","geometry":{"type":"Point","coordinates":[-0.42335,51.50348]},"properties":{"name":"Power infrastructure","category":"generator","osm_type":"node","osm_id":"8201286446"}},{"type":"Feature","geometry":{"type":"Point","coordinates":[-0.42854,51.50623]},"properties":{"name":"Power infrastructure","category":"generator","osm_type":"node","osm_id":"8201286447"}},{"type":"Feature","geometry":{"type":"Point","coordinates":[-0.43131,51.50802]},"properties":{"name":"Power infrastructure","category":"generator","osm_type":"node","osm_id":"8201286448"}},{"type":"Feature","geometry":{"type":"Point","coordinates":[-0.42917,51.50732]},"properties":{"name":"Power infrastructure","category":"generator","osm_type":"node","osm_id":"8201286450"}},{"type":"Feature","geometry":{"type":"Point","coordinates":[-0.42938,51.50616]},"properties":{"name":"Power infrastructure","category":"generator","osm_type":"node","osm_id":"8201286452"}},{"type":"Feature","geometry":{"type":"Point","coordinates":[-0.42862,51.50625]},"properties":{"name":"Power infrastructure","category":"generator","osm_type":"node","osm_id":"8201286453"}},{"type":"Feature","geometry":{"type":"Point","coordinates":[-0.42881,51.50742]},"properties":{"name":"Power infrastructure","category":"generator","osm_type":"node","osm_id":"8201286454"}},{"type":"Feature","geometry":{"type":"Point","coordinates":[-0.42954,51.50621]},"properties":{"name":"Power infrastructure","category":"generator","osm_type":"node","osm_id":"8201286455"}},{"type":"Feature","geometry":{"type":"Point","coordinates":[-0.42931,51.50614]},"properties":{"name":"Power infrastructure","category":"generator","osm_type":"node","osm_id":"8201286456"}},{"type":"Feature","geometry":{"type":"Point","coordinates":[-0.42879,51.50774]},"properties":{"name":"Power infrastructure","category":"generator","osm_type":"node","osm_id":"8201286457"}},{"type":"Feature","geometry":{"type":"Point","coordinates":[-0.42883,51.50776]},"properties":{"name":"Power infrastructure","category":"generator","osm_type":"node","osm_id":"8201286458"}},{"type":"Feature","geometry":{"type":"Point","coordinates":[-0.42524,51.50082]},"properties":{"name":"Power infrastructure","category":"generator","osm_type":"node","osm_id":"8201286459"}},{"type":"Feature","geometry":{"type":"Point","coordinates":[-0.43517,51.50289]},"properties":{"name":"Power infrastructure","category":"generator","osm_type":"node","osm_id":"8201286460"}},{"type":"Feature","geometry":{"type":"Point","coordinates":[-0.42517,51.50096]},"properties":{"name":"Power infrastructure","category":"generator","osm_type":"node","osm_id":"8201286461"}},{"type":"Feature","geometry":{"type":"Point","coordinates":[-0.42862,51.5059]},"properties":{"name":"Power infrastructure","category":"generator","osm_type":"node","osm_id":"8201286462"}},{"type":"Feature","geometry":{"type":"Point","coordinates":[-0.43018,51.50768]},"properties":{"name":"Power infrastructure","category":"generator","osm_type":"node","osm_id":"8201286463"}},{"type":"Feature","geometry":{"type":"Point","coordinates":[-0.42899,51.50753]},"properties":{"name":"Power infrastructure","category":"generator","osm_type":"node","osm_id":"8201286465"}},{"type":"Feature","geometry":{"type":"Point","coordinates":[-0.42915,51.50609]},"properties":{"name":"Power infrastructure","category":"generator","osm_type":"node","osm_id":"8201286467"}},{"type":"Feature","geometry":{"type":"Point","coordinates":[-0.429,51.50604]},"properties":{"name":"Power infrastructure","category":"generator","osm_type":"node","osm_id":"8201286468"}},{"type":"Feature","geometry":{"type":"Point","coordinates":[-0.42809,51.50608]},"properties":{"name":"Power infrastructure","category":"generator","osm_type":"node","osm_id":"8201286469"}},{"type":"Feature","geometry":{"type":"Point","coordinates":[-0.42945,51.50618]},"properties":{"name":"Power infrastructure","category":"generator","osm_type":"node","osm_id":"8201286470"}},{"type":"Feature","geometry":{"type":"Point","coordinates":[-0.42532,51.50074]},"properties":{"name":"Power infrastructure","category":"generator","osm_type":"node","osm_id":"8201286471"}},{"type":"Feature","geometry":{"type":"Point","coordinates":[-0.42921,51.50727]},"properties":{"name":"Power infrastructure","category":"generator","osm_type":"node","osm_id":"8201286472"}},{"type":"Feature","geometry":{"type":"Point","coordinates":[-0.42518,51.50091]},"properties":{"name":"Power infrastructure","category":"generator","osm_type":"node","osm_id":"8201286473"}},{"type":"Feature","geometry":{"type":"Point","coordinates":[-0.42892,51.50762]},"properties":{"name":"Power infrastructure","category":"generator","osm_type":"node","osm_id":"8201286474"}},{"type":"Feature","geometry":{"type":"Point","coordinates":[-0.42511,51.50107]},"properties":{"name":"Power infrastructure","category":"generator","osm_type":"node","osm_id":"8201286477"}},{"type":"Feature","geometry":{"type":"Point","coordinates":[-0.42893,51.50635]},"properties":{"name":"Power infrastructure","category":"generator","osm_type":"node","osm_id":"8201286478"}},{"type":"Feature","geometry":{"type":"Point","coordinates":[-0.42863,51.50763]},"properties":{"name":"Power infrastructure","category":"generator","osm_type":"node","osm_id":"8201286479"}},{"type":"Feature","geometry":{"type":"Point","coordinates":[-0.42343,51.50355]},"properties":{"name":"Power infrastructure","category":"generator","osm_type":"node","osm_id":"8201286480"}},{"type":"Feature","geometry":{"type":"Point","coordinates":[-0.42519,51.50089]},"properties":{"name":"Power infrastructure","category":"generator","osm_type":"node","osm_id":"8201286481"}},{"type":"Feature","geometry":{"type":"Point","coordinates":[-0.42914,51.50736]},"properties":{"name":"Power infrastructure","category":"generator","osm_type":"node","osm_id":"8201286482"}},{"type":"Feature","geometry":{"type":"Point","coordinates":[-0.42508,51.50111]},"properties":{"name":"Power infrastructure","category":"generator","osm_type":"node","osm_id":"8201286484"}},{"type":"Feature","geometry":{"type":"Point","coordinates":[-0.42496,51.50132]},"properties":{"name":"Power infrastructure","category":"generator","osm_type":"node","osm_id":"8201286485"}},{"type":"Feature","geometry":{"type":"Point","coordinates":[-0.42931,51.50714]},"properties":{"name":"Power infrastructure","category":"generator","osm_type":"node","osm_id":"8201286486"}},{"type":"Feature","geometry":{"type":"Point","coordinates":[-0.42896,51.50724]},"properties":{"name":"Power infrastructure","category":"generator","osm_type":"node","osm_id":"8201286487"}},{"type":"Feature","geometry":{"type":"Point","coordinates":[-0.42888,51.50733]},"properties":{"name":"Power infrastructure","category":"generator","osm_type":"node","osm_id":"8201286488"}},{"type":"Feature","geometry":{"type":"Point","coordinates":[-0.42877,51.50746]},"properties":{"name":"Power infrastructure","category":"generator","osm_type":"node","osm_id":"8201286490"}},{"type":"Feature","geometry":{"type":"Point","coordinates":[-0.42679,51.50467]},"properties":{"name":"Power infrastructure","category":"generator","osm_type":"node","osm_id":"8201286492"}},{"type":"Feature","geometry":{"type":"Point","coordinates":[-0.4284,51.50583]},"properties":{"name":"Power infrastructure","category":"generator","osm_type":"node","osm_id":"8201286493"}},{"type":"Feature","geometry":{"type":"Point","coordinates":[-0.42902,51.50749]},"properties":{"name":"Power infrastructure","category":"generator","osm_type":"node","osm_id":"8201286494"}},{"type":"Feature","geometry":{"type":"Point","coordinates":[-0.42867,51.50759]},"properties":{"name":"Power infrastructure","category":"generator","osm_type":"node","osm_id":"8201286495"}},{"type":"Feature","geometry":{"type":"Point","coordinates":[-0.4253,51.50076]},"properties":{"name":"Power infrastructure","category":"generator","osm_type":"node","osm_id":"8201286496"}},{"type":"Feature","geometry":{"type":"Point","coordinates":[-0.429,51.5072]},"properties":{"name":"Power infrastructure","category":"generator","osm_type":"node","osm_id":"8201286497"}},{"type":"Feature","geometry":{"type":"Point","coordinates":[-0.42519,51.50087]},"properties":{"name":"Power infrastructure","category":"generator","osm_type":"node","osm_id":"8201286498"}},{"type":"Feature","geometry":{"type":"Point","coordinates":[-0.42885,51.50633]},"properties":{"name":"Power infrastructure","category":"generator","osm_type":"node","osm_id":"8201286499"}},{"type":"Feature","geometry":{"type":"Point","coordinates":[-0.42346,51.50351]},"properties":{"name":"Power infrastructure","category":"generator","osm_type":"node","osm_id":"8201286501"}},{"type":"Feature","geometry":{"type":"Point","coordinates":[-0.42515,51.50099]},"properties":{"name":"Power infrastructure","category":"generator","osm_type":"node","osm_id":"8201286502"}},{"type":"Feature","geometry":{"type":"Point","coordinates":[-0.42504,51.50117]},"properties":{"name":"Power infrastructure","category":"generator","osm_type":"node","osm_id":"8201286504"}},{"type":"Feature","geometry":{"type":"Point","coordinates":[-0.43315,51.50303]},"properties":{"name":"Power infrastructure","category":"generator","osm_type":"node","osm_id":"8201286505"}},{"type":"Feature","geometry":{"type":"Point","coordinates":[-0.42847,51.5062]},"properties":{"name":"Power infrastructure","category":"generator","osm_type":"node","osm_id":"8201286507"}},{"type":"Feature","geometry":{"type":"Point","coordinates":[-0.42885,51.50737]},"properties":{"name":"Power infrastructure","category":"generator","osm_type":"node","osm_id":"8201286508"}},{"type":"Feature","geometry":{"type":"Point","coordinates":[-0.42506,51.50114]},"properties":{"name":"Power infrastructure","category":"generator","osm_type":"node","osm_id":"8201286509"}},{"type":"Feature","geometry":{"type":"Point","coordinates":[-0.4284,51.50617]},"properties":{"name":"Power infrastructure","category":"generator","osm_type":"node","osm_id":"8201286511"}},{"type":"Feature","geometry":{"type":"Point","coordinates":[-0.42704,51.50126]},"properties":{"name":"Power infrastructure","category":"generator","osm_type":"node","osm_id":"8201286513"}},{"type":"Feature","geometry":{"type":"Point","coordinates":[-0.40614,51.50786]},"properties":{"name":"Power infrastructure","category":"generator","osm_type":"node","osm_id":"8202479936"}},{"type":"Feature","geometry":{"type":"Point","coordinates":[-0.40696,51.50813]},"properties":{"name":"Power infrastructure","category":"generator","osm_type":"node","osm_id":"8202479937"}},{"type":"Feature","geometry":{"type":"Point","coordinates":[-0.4213,51.51369]},"properties":{"name":"Power infrastructure","category":"generator","osm_type":"node","osm_id":"8202479938"}},{"type":"Feature","geometry":{"type":"Point","coordinates":[-0.40702,51.50753]},"properties":{"name":"Power infrastructure","category":"generator","osm_type":"node","osm_id":"8202479939"}},{"type":"Feature","geometry":{"type":"Point","coordinates":[-0.40712,51.50782]},"properties":{"name":"Power infrastructure","category":"generator","osm_type":"node","osm_id":"8202479940"}},{"type":"Feature","geometry":{"type":"Point","coordinates":[-0.4077,51.50783]},"properties":{"name":"Power infrastructure","category":"generator","osm_type":"node","osm_id":"8202479941"}},{"type":"Feature","geometry":{"type":"Point","coordinates":[-0.41884,51.51489]},"properties":{"name":"Power infrastructure","category":"generator","osm_type":"node","osm_id":"8202479942"}},{"type":"Feature","geometry":{"type":"Point","coordinates":[-0.42636,51.51125]},"properties":{"name":"Power infrastructure","category":"generator","osm_type":"node","osm_id":"8202479943"}},{"type":"Feature","geometry":{"type":"Point","coordinates":[-0.42237,51.51415]},"properties":{"name":"Power infrastructure","category":"generator","osm_type":"node","osm_id":"8202479944"}},{"type":"Feature","geometry":{"type":"Point","coordinates":[-0.42372,51.51]},"properties":{"name":"Power infrastructure","category":"generator","osm_type":"node","osm_id":"8202479945"}},{"type":"Feature","geometry":{"type":"Point","coordinates":[-0.40626,51.50775]},"properties":{"name":"Power infrastructure","category":"generator","osm_type":"node","osm_id":"8202479946"}},{"type":"Feature","geometry":{"type":"Point","coordinates":[-0.41176,51.51025]},"properties":{"name":"Power infrastructure","category":"generator","osm_type":"node","osm_id":"8202479947"}},{"type":"Feature","geometry":{"type":"Point","coordinates":[-0.42205,51.51476]},"properties":{"name":"Power infrastructure","category":"generator","osm_type":"node","osm_id":"8202479948"}},{"type":"Feature","geometry":{"type":"Point","coordinates":[-0.4116,51.51148]},"properties":{"name":"Power infrastructure","category":"generator","osm_type":"node","osm_id":"8202479949"}},{"type":"Feature","geometry":{"type":"Point","coordinates":[-0.41061,51.50998]},"properties":{"name":"Power infrastructure","category":"generator","osm_type":"node","osm_id":"8202479950"}},{"type":"Feature","geometry":{"type":"Point","coordinates":[-0.41255,51.51073]},"properties":{"name":"Power infrastructure","category":"generator","osm_type":"node","osm_id":"8202479951"}},{"type":"Feature","geometry":{"type":"Point","coordinates":[-0.42154,51.51378]},"properties":{"name":"Power infrastructure","category":"generator","osm_type":"node","osm_id":"8202479952"}},{"type":"Feature","geometry":{"type":"Point","coordinates":[-0.42236,51.51506]},"properties":{"name":"Power infrastructure","category":"generator","osm_type":"node","osm_id":"8202479953"}},{"type":"Feature","geometry":{"type":"Point","coordinates":[-0.40724,51.50762]},"properties":{"name":"Power infrastructure","category":"generator","osm_type":"node","osm_id":"8202479954"}},{"type":"Feature","geometry":{"type":"Point","coordinates":[-0.40837,51.50817]},"properties":{"name":"Power infrastructure","category":"generator","osm_type":"node","osm_id":"8202479955"}},{"type":"Feature","geometry":{"type":"Point","coordinates":[-0.41202,51.51057]},"properties":{"name":"Power infrastructure","category":"generator","osm_type":"node","osm_id":"8202479956"}},{"type":"Feature","geometry":{"type":"Point","coordinates":[-0.41476,51.51255]},"properties":{"name":"Power infrastructure","category":"generator","osm_type":"node","osm_id":"8202479957"}},{"type":"Feature","geometry":{"type":"Point","coordinates":[-0.40689,51.5081]},"properties":{"name":"Power infrastructure","category":"generator","osm_type":"node","osm_id":"8202479958"}},{"type":"Feature","geometry":{"type":"Point","coordinates":[-0.42192,51.51367]},"properties":{"name":"Power infrastructure","category":"generator","osm_type":"node","osm_id":"8202479959"}},{"type":"Feature","geometry":{"type":"Point","coordinates":[-0.42122,51.51369]},"properties":{"name":"Power infrastructure","category":"generator","osm_type":"node","osm_id":"8202479960"}},{"type":"Feature","geometry":{"type":"Point","coordinates":[-0.41286,51.51015]},"properties":{"name":"Power infrastructure","category":"generator","osm_type":"node","osm_id":"8202479961"}},{"type":"Feature","geometry":{"type":"Point","coordinates":[-0.42162,51.51379]},"properties":{"name":"Power infrastructure","category":"generator","osm_type":"node","osm_id":"8202479962"}},{"type":"Feature","geometry":{"type":"Point","coordinates":[-0.42192,51.51472]},"properties":{"name":"Power infrastructure","category":"generator","osm_type":"node","osm_id":"8202479963"}},{"type":"Feature","geometry":{"type":"Point","coordinates":[-0.4073,51.50759]},"properties":{"name":"Power infrastructure","category":"generator","osm_type":"node","osm_id":"8202479964"}},{"type":"Feature","geometry":{"type":"Point","coordinates":[-0.42195,51.51383]},"properties":{"name":"Power infrastructure","category":"generator","osm_type":"node","osm_id":"8202479965"}},{"type":"Feature","geometry":{"type":"Point","coordinates":[-0.42365,51.50994]},"properties":{"name":"Power infrastructure","category":"generator","osm_type":"node","osm_id":"8202479966"}},{"type":"Feature","geometry":{"type":"Point","coordinates":[-0.41106,51.51]},"properties":{"name":"Power infrastructure","category":"generator","osm_type":"node","osm_id":"8202479967"}},{"type":"Feature","geometry":{"type":"Point","coordinates":[-0.42093,51.5149]},"properties":{"name":"Power infrastructure","category":"generator","osm_type":"node","osm_id":"8202479968"}},{"type":"Feature","geometry":{"type":"Point","coordinates":[-0.41151,51.5115]},"properties":{"name":"Power infrastructure","category":"generator","osm_type":"node","osm_id":"8202479969"}},{"type":"Feature","geometry":{"type":"Point","coordinates":[-0.42196,51.51374]},"properties":{"name":"Power infrastructure","category":"generator","osm_type":"node","osm_id":"8202479970"}},{"type":"Feature","geometry":{"type":"Point","coordinates":[-0.40804,51.50797]},"properties":{"name":"Power infrastructure","category":"generator","osm_type":"node","osm_id":"8202479971"}},{"type":"Feature","geometry":{"type":"Point","coordinates":[-0.40808,51.50794]},"properties":{"name":"Power infrastructure","category":"generator","osm_type":"node","osm_id":"8202479972"}},{"type":"Feature","geometry":{"type":"Point","coordinates":[-0.4068,51.50734]},"properties":{"name":"Power infrastructure","category":"generator","osm_type":"node","osm_id":"8202479973"}},{"type":"Feature","geometry":{"type":"Point","coordinates":[-0.41118,51.51126]},"properties":{"name":"Power infrastructure","category":"generator","osm_type":"node","osm_id":"8202479974"}},{"type":"Feature","geometry":{"type":"Point","coordinates":[-0.40642,51.5076]},"properties":{"name":"Power infrastructure","category":"generator","osm_type":"node","osm_id":"8202479975"}},{"type":"Feature","geometry":{"type":"Point","coordinates":[-0.41153,51.5104]},"properties":{"name":"Power infrastructure","category":"generator","osm_type":"node","osm_id":"8202479976"}},{"type":"Feature","geometry":{"type":"Point","coordinates":[-0.41468,51.51255]},"properties":{"name":"Power infrastructure","category":"generator","osm_type":"node","osm_id":"8202479977"}},{"type":"Feature","geometry":{"type":"Point","coordinates":[-0.42353,51.50993]},"properties":{"name":"Power infrastructure","category":"generator","osm_type":"node","osm_id":"8202479978"}},{"type":"Feature","geometry":{"type":"Point","coordinates":[-0.42262,51.51549]},"properties":{"name":"Power infrastructure","category":"generator","osm_type":"node","osm_id":"8202479979"}},{"type":"Feature","geometry":{"type":"Point","coordinates":[-0.40705,51.50858]},"properties":{"name":"Power infrastructure","category":"generator","osm_type":"node","osm_id":"8202479980"}},{"type":"Feature","geometry":{"type":"Point","coordinates":[-0.40666,51.50829]},"properties":{"name":"Power infrastructure","category":"generator","osm_type":"node","osm_id":"8202479981"}},{"type":"Feature","geometry":{"type":"Point","coordinates":[-0.42144,51.51374]},"properties":{"name":"Power infrastructure","category":"generator","osm_type":"node","osm_id":"8202479982"}},{"type":"Feature","geometry":{"type":"Point","coordinates":[-0.41111,51.51]},"properties":{"name":"Power infrastructure","category":"generator","osm_type":"node","osm_id":"8202479983"}},{"type":"Feature","geometry":{"type":"Point","coordinates":[-0.40692,51.50742]},"properties":{"name":"Power infrastructure","category":"generator","osm_type":"node","osm_id":"8202479984"}},{"type":"Feature","geometry":{"type":"Point","coordinates":[-0.42089,51.51463]},"properties":{"name":"Power infrastructure","category":"generator","osm_type":"node","osm_id":"8202479985"}},{"type":"Feature","geometry":{"type":"Point","coordinates":[-0.41068,51.50994]},"properties":{"name":"Power infrastructure","category":"generator","osm_type":"node","osm_id":"8202479986"}},{"type":"Feature","geometry":{"type":"Point","coordinates":[-0.42098,51.51496]},"properties":{"name":"Power infrastructure","category":"generator","osm_type":"node","osm_id":"8202479987"}},{"type":"Feature","geometry":{"type":"Point","coordinates":[-0.42249,51.51501]},"properties":{"name":"Power infrastructure","category":"generator","osm_type":"node","osm_id":"8202479988"}},{"type":"Feature","geometry":{"type":"Point","coordinates":[-0.40697,51.50746]},"properties":{"name":"Power infrastructure","category":"generator","osm_type":"node","osm_id":"8202479989"}},{"type":"Feature","geometry":{"type":"Point","coordinates":[-0.4128,51.51073]},"properties":{"name":"Power infrastructure","category":"generator","osm_type":"node","osm_id":"8202479990"}},{"type":"Feature","geometry":{"type":"Point","coordinates":[-0.42318,51.50985]},"properties":{"name":"Power infrastructure","category":"generator","osm_type":"node","osm_id":"8202479991"}},{"type":"Feature","geometry":{"type":"Point","coordinates":[-0.40724,51.50786]},"properties":{"name":"Power infrastructure","category":"generator","osm_type":"node","osm_id":"8202479992"}},{"type":"Feature","geometry":{"type":"Point","coordinates":[-0.41142,51.51158]},"properties":{"name":"Power infrastructure","category":"generator","osm_type":"node","osm_id":"8202479993"}},{"type":"Feature","geometry":{"type":"Point","coordinates":[-0.4228,51.51505]},"properties":{"name":"Power infrastructure","category":"generator","osm_type":"node","osm_id":"8202479994"}},{"type":"Feature","geometry":{"type":"Point","coordinates":[-0.40638,51.50764]},"properties":{"name":"Power infrastructure","category":"generator","osm_type":"node","osm_id":"8202479995"}},{"type":"Feature","geometry":{"type":"Point","coordinates":[-0.42373,51.50995]},"properties":{"name":"Power infrastructure","category":"generator","osm_type":"node","osm_id":"8202479996"}},{"type":"Feature","geometry":{"type":"Point","coordinates":[-0.42262,51.51418]},"properties":{"name":"Power infrastructure","category":"generator","osm_type":"node","osm_id":"8202479997"}},{"type":"Feature","geometry":{"type":"Point","coordinates":[-0.4115,51.51138]},"properties":{"name":"Power infrastructure","category":"generator","osm_type":"node","osm_id":"8202479998"}},{"type":"Feature","geometry":{"type":"Point","coordinates":[-0.41679,51.5141]},"properties":{"name":"Power infrastructure","category":"generator","osm_type":"node","osm_id":"8202479999"}},{"type":"Feature","geometry":{"type":"Point","coordinates":[-0.42254,51.51551]},"properties":{"name":"Power infrastructure","category":"generator","osm_type":"node","osm_id":"8202480000"}},{"type":"Feature","geometry":{"type":"Point","coordinates":[-0.42136,51.51374]},"properties":{"name":"Power infrastructure","category":"generator","osm_type":"node","osm_id":"8202480001"}},{"type":"Feature","geometry":{"type":"Point","coordinates":[-0.40777,51.50783]},"properties":{"name":"Power infrastructure","category":"generator","osm_type":"node","osm_id":"8202480002"}},{"type":"Feature","geometry":{"type":"Point","coordinates":[-0.41099,51.51023]},"properties":{"name":"Power infrastructure","category":"generator","osm_type":"node","osm_id":"8202480003"}},{"type":"Feature","geometry":{"type":"Point","coordinates":[-0.40659,51.50827]},"properties":{"name":"Power infrastructure","category":"generator","osm_type":"node","osm_id":"8202480004"}},{"type":"Feature","geometry":{"type":"Point","coordinates":[-0.40845,51.50809]},"properties":{"name":"Power infrastructure","category":"generator","osm_type":"node","osm_id":"8202480005"}},{"type":"Feature","geometry":{"type":"Point","coordinates":[-0.40702,51.50816]},"properties":{"name":"Power infrastructure","category":"generator","osm_type":"node","osm_id":"8202480006"}},{"type":"Feature","geometry":{"type":"Point","coordinates":[-0.40608,51.50811]},"properties":{"name":"Power infrastructure","category":"generator","osm_type":"node","osm_id":"8202480007"}},{"type":"Feature","geometry":{"type":"Point","coordinates":[-0.42194,51.51388]},"properties":{"name":"Power infrastructure","category":"generator","osm_type":"node","osm_id":"8202480008"}},{"type":"Feature","geometry":{"type":"Point","coordinates":[-0.42144,51.51498]},"properties":{"name":"Power infrastructure","category":"generator","osm_type":"node","osm_id":"8202480009"}},{"type":"Feature","geometry":{"type":"Point","coordinates":[-0.42108,51.51462]},"properties":{"name":"Power infrastructure","category":"generator","osm_type":"node","osm_id":"8202480010"}},{"type":"Feature","geometry":{"type":"Point","coordinates":[-0.42186,51.51506]},"properties":{"name":"Power infrastructure","category":"generator","osm_type":"node","osm_id":"8202480011"}},{"type":"Feature","geometry":{"type":"Point","coordinates":[-0.407,51.50863]},"properties":{"name":"Power infrastructure","category":"generator","osm_type":"node","osm_id":"8202480012"}},{"type":"Feature","geometry":{"type":"Point","coordinates":[-0.40501,51.51167]},"properties":{"name":"Power infrastructure","category":"generator","osm_type":"node","osm_id":"8202480013"}},{"type":"Feature","geometry":{"type":"Point","coordinates":[-0.40763,51.50784]},"properties":{"name":"Power infrastructure","category":"generator","osm_type":"node","osm_id":"8202480014"}},{"type":"Feature","geometry":{"type":"Point","coordinates":[-0.40649,51.50721]},"properties":{"name":"Power infrastructure","category":"generator","osm_type":"node","osm_id":"8202480015"}},{"type":"Feature","geometry":{"type":"Point","coordinates":[-0.4062,51.50806]},"properties":{"name":"Power infrastructure","category":"generator","osm_type":"node","osm_id":"8202480016"}},{"type":"Feature","geometry":{"type":"Point","coordinates":[-0.40653,51.50824]},"properties":{"name":"Power infrastructure","category":"generator","osm_type":"node","osm_id":"8202504017"}},{"type":"Feature","geometry":{"type":"Point","coordinates":[-0.40666,51.50728]},"properties":{"name":"Power infrastructure","category":"generator","osm_type":"node","osm_id":"8202504018"}},{"type":"Feature","geometry":{"type":"Point","coordinates":[-0.40683,51.50807]},"properties":{"name":"Power infrastructure","category":"generator","osm_type":"node","osm_id":"8202504019"}},{"type":"Feature","geometry":{"type":"Point","coordinates":[-0.4066,51.50726]},"properties":{"name":"Power infrastructure","category":"generator","osm_type":"node","osm_id":"8202504020"}},{"type":"Feature","geometry":{"type":"Point","coordinates":[-0.4064,51.50818]},"properties":{"name":"Power infrastructure","category":"generator","osm_type":"node","osm_id":"8202504021"}},{"type":"Feature","geometry":{"type":"Point","coordinates":[-0.42273,51.515]},"properties":{"name":"Power infrastructure","category":"generator","osm_type":"node","osm_id":"8202504022"}},{"type":"Feature","geometry":{"type":"Point","coordinates":[-0.40672,51.50832]},"properties":{"name":"Power infrastructure","category":"generator","osm_type":"node","osm_id":"8202504023"}},{"type":"Feature","geometry":{"type":"Point","coordinates":[-0.40717,51.50784]},"properties":{"name":"Power infrastructure","category":"generator","osm_type":"node","osm_id":"8202504024"}},{"type":"Feature","geometry":{"type":"Point","coordinates":[-0.42315,51.50981]},"properties":{"name":"Power infrastructure","category":"generator","osm_type":"node","osm_id":"8202504025"}},{"type":"Feature","geometry":{"type":"Point","coordinates":[-0.40646,51.50821]},"properties":{"name":"Power infrastructure","category":"generator","osm_type":"node","osm_id":"8202504026"}},{"type":"Feature","geometry":{"type":"Point","coordinates":[-0.42193,51.51358]},"properties":{"name":"Power infrastructure","category":"generator","osm_type":"node","osm_id":"8202504027"}},{"type":"Feature","geometry":{"type":"Point","coordinates":[-0.42363,51.51004]},"properties":{"name":"Power infrastructure","category":"generator","osm_type":"node","osm_id":"8202504028"}},{"type":"Feature","geometry":{"type":"Point","coordinates":[-0.41115,51.51137]},"properties":{"name":"Power infrastructure","category":"generator","osm_type":"node","osm_id":"8202504029"}},{"type":"Feature","geometry":{"type":"Point","coordinates":[-0.4218,51.51499]},"properties":{"name":"Power infrastructure","category":"generator","osm_type":"node","osm_id":"8202504030"}},{"type":"Feature","geometry":{"type":"Point","coordinates":[-0.40687,51.50739]},"properties":{"name":"Power infrastructure","category":"generator","osm_type":"node","osm_id":"8202504031"}},{"type":"Feature","geometry":{"type":"Point","coordinates":[-0.42269,51.51548]},"properties":{"name":"Power infrastructure","category":"generator","osm_type":"node","osm_id":"8202504032"}},{"type":"Feature","geometry":{"type":"Point","coordinates":[-0.41192,51.51035]},"properties":{"name":"Power infrastructure","category":"generator","osm_type":"node","osm_id":"8202504033"}},{"type":"Feature","geometry":{"type":"Point","coordinates":[-0.40674,51.50732]},"properties":{"name":"Power infrastructure","category":"generator","osm_type":"node","osm_id":"8202504034"}},{"type":"Feature","geometry":{"type":"Point","coordinates":[-0.40738,51.50757]},"properties":{"name":"Power infrastructure","category":"generator","osm_type":"node","osm_id":"8202504035"}},{"type":"Feature","geometry":{"type":"Point","coordinates":[-0.41195,51.51031]},"properties":{"name":"Power infrastructure","category":"generator","osm_type":"node","osm_id":"8202504036"}},{"type":"Feature","geometry":{"type":"Point","coordinates":[-0.40755,51.50784]},"properties":{"name":"Power infrastructure","category":"generator","osm_type":"node","osm_id":"8202504037"}},{"type":"Feature","geometry":{"type":"Point","coordinates":[-0.42193,51.51362]},"properties":{"name":"Power infrastructure","category":"generator","osm_type":"node","osm_id":"8202504038"}},{"type":"Feature","geometry":{"type":"Point","coordinates":[-0.41061,51.50894]},"properties":{"name":"Power infrastructure","category":"generator","osm_type":"node","osm_id":"8202504039"}},{"type":"Feature","geometry":{"type":"Point","coordinates":[-0.40647,51.50756]},"properties":{"name":"Power infrastructure","category":"generator","osm_type":"node","osm_id":"8202504040"}},{"type":"Feature","geometry":{"type":"Point","coordinates":[-0.40633,51.50816]},"properties":{"name":"Power infrastructure","category":"generator","osm_type":"node","osm_id":"8202504041"}},{"type":"Feature","geometry":{"type":"Point","coordinates":[-0.42195,51.51379]},"properties":{"name":"Power infrastructure","category":"generator","osm_type":"node","osm_id":"8202504042"}},{"type":"Feature","geometry":{"type":"Point","coordinates":[-0.40634,51.50767]},"properties":{"name":"Power infrastructure","category":"generator","osm_type":"node","osm_id":"8202504043"}},{"type":"Feature","geometry":{"type":"Point","coordinates":[-0.4217,51.51498]},"properties":{"name":"Power infrastructure","category":"generator","osm_type":"node","osm_id":"8202504044"}},{"type":"Feature","geometry":{"type":"Point","coordinates":[-0.42119,51.50331]},"properties":{"name":"Power infrastructure","category":"generator","osm_type":"node","osm_id":"8202504045"}},{"type":"Feature","geometry":{"type":"Point","coordinates":[-0.42064,51.51458]},"properties":{"name":"Power infrastructure","category":"generator","osm_type":"node","osm_id":"8202504046"}},{"type":"Feature","geometry":{"type":"Point","coordinates":[-0.41682,51.51411]},"properties":{"name":"Power infrastructure","category":"generator","osm_type":"node","osm_id":"8202504047"}},{"type":"Feature","geometry":{"type":"Point","coordinates":[-0.42056,51.5149]},"properties":{"name":"Power infrastructure","category":"generator","osm_type":"node","osm_id":"8202504048"}},{"type":"Feature","geometry":{"type":"Point","coordinates":[-0.40895,51.50892]},"properties":{"name":"Power infrastructure","category":"generator","osm_type":"node","osm_id":"8202504049"}},{"type":"Feature","geometry":{"type":"Point","coordinates":[-0.40622,51.50779]},"properties":{"name":"Power infrastructure","category":"generator","osm_type":"node","osm_id":"8202504050"}},{"type":"Feature","geometry":{"type":"Point","coordinates":[-0.40841,51.50813]},"properties":{"name":"Power infrastructure","category":"generator","osm_type":"node","osm_id":"8202504051"}},{"type":"Feature","geometry":{"type":"Point","coordinates":[-0.42463,51.51492]},"properties":{"name":"Power infrastructure","category":"generator","osm_type":"node","osm_id":"8202504052"}},{"type":"Feature","geometry":{"type":"Point","coordinates":[-0.40658,51.50792]},"properties":{"name":"Power infrastructure","category":"generator","osm_type":"node","osm_id":"8202504053"}},{"type":"Feature","geometry":{"type":"Point","coordinates":[-0.42364,51.50998]},"properties":{"name":"Power infrastructure","category":"generator","osm_type":"node","osm_id":"8202504054"}},{"type":"Feature","geometry":{"type":"Point","coordinates":[-0.42158,51.51497]},"properties":{"name":"Power infrastructure","category":"generator","osm_type":"node","osm_id":"8202504055"}},{"type":"Feature","geometry":{"type":"Point","coordinates":[-0.42116,51.51369]},"properties":{"name":"Power infrastructure","category":"generator","osm_type":"node","osm_id":"8202504056"}},{"type":"Feature","geometry":{"type":"Point","coordinates":[-0.40745,51.50753]},"properties":{"name":"Power infrastructure","category":"generator","osm_type":"node","osm_id":"8202504057"}},{"type":"Feature","geometry":{"type":"Point","coordinates":[-0.42277,51.51546]},"properties":{"name":"Power infrastructure","category":"generator","osm_type":"node","osm_id":"8202504058"}},{"type":"Feature","geometry":{"type":"Point","coordinates":[-0.40618,51.50783]},"properties":{"name":"Power infrastructure","category":"generator","osm_type":"node","osm_id":"8202504059"}},{"type":"Feature","geometry":{"type":"Point","coordinates":[-0.42069,51.51487]},"properties":{"name":"Power infrastructure","category":"generator","osm_type":"node","osm_id":"8202504060"}},{"type":"Feature","geometry":{"type":"Point","coordinates":[-0.4063,51.50771]},"properties":{"name":"Power infrastructure","category":"generator","osm_type":"node","osm_id":"8202504061"}},{"type":"Feature","geometry":{"type":"Point","coordinates":[-0.413,51.50994]},"properties":{"name":"Power infrastructure","category":"generator","osm_type":"node","osm_id":"8202504062"}},{"type":"Feature","geometry":{"type":"Point","coordinates":[-0.40643,51.50719]},"properties":{"name":"Power infrastructure","category":"generator","osm_type":"node","osm_id":"8202504063"}},{"type":"Feature","geometry":{"type":"Point","coordinates":[-0.40891,51.50896]},"properties":{"name":"Power infrastructure","category":"generator","osm_type":"node","osm_id":"8202504064"}},{"type":"Feature","geometry":{"type":"Point","coordinates":[-0.40097,51.5183]},"properties":{"name":"Power infrastructure","category":"generator","osm_type":"node","osm_id":"8204269059"}},{"type":"Feature","geometry":{"type":"Point","coordinates":[-0.42938,51.51677]},"properties":{"name":"Power infrastructure","category":"generator","osm_type":"node","osm_id":"8204269060"}},{"type":"Feature","geometry":{"type":"Point","coordinates":[-0.42967,51.52043]},"properties":{"name":"Power infrastructure","category":"generator","osm_type":"node","osm_id":"8204269061"}},{"type":"Feature","geometry":{"type":"Point","coordinates":[-0.43228,51.51856]},"properties":{"name":"Power infrastructure","category":"generator","osm_type":"node","osm_id":"8204269062"}},{"type":"Feature","geometry":{"type":"Point","coordinates":[-0.43388,51.51839]},"properties":{"name":"Power infrastructure","category":"generator","osm_type":"node","osm_id":"8204269064"}},{"type":"Feature","geometry":{"type":"Point","coordinates":[-0.44733,51.52786]},"properties":{"name":"Power infrastructure","category":"generator","osm_type":"node","osm_id":"8204269066"}},{"type":"Feature","geometry":{"type":"Point","coordinates":[-0.43257,51.51871]},"properties":{"name":"Power infrastructure","category":"generator","osm_type":"node","osm_id":"8204269067"}},{"type":"Feature","geometry":{"type":"Point","coordinates":[-0.40809,51.52311]},"properties":{"name":"Power infrastructure","category":"generator","osm_type":"node","osm_id":"8204269068"}},{"type":"Feature","geometry":{"type":"Point","coordinates":[-0.43812,51.51576]},"properties":{"name":"Power infrastructure","category":"generator","osm_type":"node","osm_id":"8204269069"}},{"type":"Feature","geometry":{"type":"Point","coordinates":[-0.42227,51.52224]},"properties":{"name":"Power infrastructure","category":"generator","osm_type":"node","osm_id":"8204269071"}},{"type":"Feature","geometry":{"type":"Point","coordinates":[-0.41981,51.52125]},"properties":{"name":"Power infrastructure","category":"generator","osm_type":"node","osm_id":"8204269072"}},{"type":"Feature","geometry":{"type":"Point","coordinates":[-0.43228,51.51898]},"properties":{"name":"Power infrastructure","category":"generator","osm_type":"node","osm_id":"8204269074"}},{"type":"Feature","geometry":{"type":"Point","coordinates":[-0.43401,51.51913]},"properties":{"name":"Power infrastructure","category":"generator","osm_type":"node","osm_id":"8204269075"}},{"type":"Feature","geometry":{"type":"Point","coordinates":[-0.4323,51.518]},"properties":{"name":"Power infrastructure","category":"generator","osm_type":"node","osm_id":"8204269076"}},{"type":"Feature","geometry":{"type":"Point","coordinates":[-0.40208,51.51876]},"properties":{"name":"Power infrastructure","category":"generator","osm_type":"node","osm_id":"8204269077"}},{"type":"Feature","geometry":{"type":"Point","coordinates":[-0.44624,51.51848]},"properties":{"name":"Power infrastructure","category":"generator","osm_type":"node","osm_id":"8204269078"}},{"type":"Feature","geometry":{"type":"Point","coordinates":[-0.41186,51.52561]},"properties":{"name":"Power infrastructure","category":"generator","osm_type":"node","osm_id":"8204269079"}},{"type":"Feature","geometry":{"type":"Point","coordinates":[-0.42964,51.52047]},"properties":{"name":"Power infrastructure","category":"generator","osm_type":"node","osm_id":"8204269081"}},{"type":"Feature","geometry":{"type":"Point","coordinates":[-0.43279,51.51833]},"properties":{"name":"Power infrastructure","category":"generator","osm_type":"node","osm_id":"8204269082"}},{"type":"Feature","geometry":{"type":"Point","coordinates":[-0.4297,51.52039]},"properties":{"name":"Power infrastructure","category":"generator","osm_type":"node","osm_id":"8204269083"}},{"type":"Feature","geometry":{"type":"Point","coordinates":[-0.42212,51.52256]},"properties":{"name":"Power infrastructure","category":"generator","osm_type":"node","osm_id":"8204269084"}},{"type":"Feature","geometry":{"type":"Point","coordinates":[-0.42938,51.51671]},"properties":{"name":"Power infrastructure","category":"generator","osm_type":"node","osm_id":"8204269086"}},{"type":"Feature","geometry":{"type":"Point","coordinates":[-0.42246,51.52222]},"properties":{"name":"Power infrastructure","category":"generator","osm_type":"node","osm_id":"8204269087"}},{"type":"Feature","geometry":{"type":"Point","coordinates":[-0.43669,51.51623]},"properties":{"name":"Power infrastructure","category":"generator","osm_type":"node","osm_id":"8204269088"}},{"type":"Feature","geometry":{"type":"Point","coordinates":[-0.43526,51.52146]},"properties":{"name":"Power infrastructure","category":"generator","osm_type":"node","osm_id":"8204269089"}},{"type":"Feature","geometry":{"type":"Point","coordinates":[-0.433,51.51805]},"properties":{"name":"Power infrastructure","category":"generator","osm_type":"node","osm_id":"8204269092"}},{"type":"Feature","geometry":{"type":"Point","coordinates":[-0.4334,51.51835]},"properties":{"name":"Power infrastructure","category":"generator","osm_type":"node","osm_id":"8204269095"}},{"type":"Feature","geometry":{"type":"Point","coordinates":[-0.42233,51.52231]},"properties":{"name":"Power infrastructure","category":"generator","osm_type":"node","osm_id":"8204269098"}},{"type":"Feature","geometry":{"type":"Point","coordinates":[-0.40625,51.52448]},"properties":{"name":"Power infrastructure","category":"generator","osm_type":"node","osm_id":"8204269100"}},{"type":"Feature","geometry":{"type":"Point","coordinates":[-0.42198,51.52257]},"properties":{"name":"Power infrastructure","category":"generator","osm_type":"node","osm_id":"8204269102"}},{"type":"Feature","geometry":{"type":"Point","coordinates":[-0.43251,51.51868]},"properties":{"name":"Power infrastructure","category":"generator","osm_type":"node","osm_id":"8204269103"}},{"type":"Feature","geometry":{"type":"Point","coordinates":[-0.43647,51.52278]},"properties":{"name":"Power infrastructure","category":"generator","osm_type":"node","osm_id":"8204269107"}},{"type":"Feature","geometry":{"type":"Point","coordinates":[-0.4201,51.52123]},"properties":{"name":"Power infrastructure","category":"generator","osm_type":"node","osm_id":"8204269108"}},{"type":"Feature","geometry":{"type":"Point","coordinates":[-0.40228,51.5179]},"properties":{"name":"Power infrastructure","category":"generator","osm_type":"node","osm_id":"8204269109"}},{"type":"Feature","geometry":{"type":"Point","coordinates":[-0.4326,51.51915]},"properties":{"name":"Power infrastructure","category":"generator","osm_type":"node","osm_id":"8204269112"}},{"type":"Feature","geometry":{"type":"Point","coordinates":[-0.43239,51.5183]},"properties":{"name":"Power infrastructure","category":"generator","osm_type":"node","osm_id":"8204269113"}},{"type":"Feature","geometry":{"type":"Point","coordinates":[-0.42244,51.52263]},"properties":{"name":"Power infrastructure","category":"generator","osm_type":"node","osm_id":"8204269114"}},{"type":"Feature","geometry":{"type":"Point","coordinates":[-0.41189,51.52566]},"properties":{"name":"Power infrastructure","category":"generator","osm_type":"node","osm_id":"8204269115"}},{"type":"Feature","geometry":{"type":"Point","coordinates":[-0.42883,51.51683]},"properties":{"name":"Power infrastructure","category":"generator","osm_type":"node","osm_id":"8204269116"}},{"type":"Feature","geometry":{"type":"Point","coordinates":[-0.422,51.5225]},"properties":{"name":"Power infrastructure","category":"generator","osm_type":"node","osm_id":"8204273317"}},{"type":"Feature","geometry":{"type":"Point","coordinates":[-0.43251,51.51801]},"properties":{"name":"Power infrastructure","category":"generator","osm_type":"node","osm_id":"8204273319"}},{"type":"Feature","geometry":{"type":"Point","coordinates":[-0.42274,51.52228]},"properties":{"name":"Power infrastructure","category":"generator","osm_type":"node","osm_id":"8204273321"}},{"type":"Feature","geometry":{"type":"Point","coordinates":[-0.4335,51.51922]},"properties":{"name":"Power infrastructure","category":"generator","osm_type":"node","osm_id":"8204273322"}},{"type":"Feature","geometry":{"type":"Point","coordinates":[-0.43379,51.52069]},"properties":{"name":"Power infrastructure","category":"generator","osm_type":"node","osm_id":"8204273323"}},{"type":"Feature","geometry":{"type":"Point","coordinates":[-0.43933,51.5176]},"properties":{"name":"Power infrastructure","category":"generator","osm_type":"node","osm_id":"8204273324"}},{"type":"Feature","geometry":{"type":"Point","coordinates":[-0.43476,51.51822]},"properties":{"name":"Power infrastructure","category":"generator","osm_type":"node","osm_id":"8204273325"}},{"type":"Feature","geometry":{"type":"Point","coordinates":[-0.43671,51.51626]},"properties":{"name":"Power infrastructure","category":"generator","osm_type":"node","osm_id":"8204273326"}},{"type":"Feature","geometry":{"type":"Point","coordinates":[-0.42222,51.52255]},"properties":{"name":"Power infrastructure","category":"generator","osm_type":"node","osm_id":"8204273329"}},{"type":"Feature","geometry":{"type":"Point","coordinates":[-0.43237,51.51877]},"properties":{"name":"Power infrastructure","category":"generator","osm_type":"node","osm_id":"8204273330"}},{"type":"Feature","geometry":{"type":"Point","coordinates":[-0.42281,51.52227]},"properties":{"name":"Power infrastructure","category":"generator","osm_type":"node","osm_id":"8204273331"}},{"type":"Feature","geometry":{"type":"Point","coordinates":[-0.43424,51.51886]},"properties":{"name":"Power infrastructure","category":"generator","osm_type":"node","osm_id":"8204273333"}},{"type":"Feature","geometry":{"type":"Point","coordinates":[-0.43297,51.51903]},"properties":{"name":"Power infrastructure","category":"generator","osm_type":"node","osm_id":"8204273334"}},{"type":"Feature","geometry":{"type":"Point","coordinates":[-0.43277,51.51804]},"properties":{"name":"Power infrastructure","category":"generator","osm_type":"node","osm_id":"8204273335"}},{"type":"Feature","geometry":{"type":"Point","coordinates":[-0.40619,51.52449]},"properties":{"name":"Power infrastructure","category":"generator","osm_type":"node","osm_id":"8204273336"}},{"type":"Feature","geometry":{"type":"Point","coordinates":[-0.43235,51.52187]},"properties":{"name":"Power infrastructure","category":"generator","osm_type":"node","osm_id":"8204273337"}},{"type":"Feature","geometry":{"type":"Point","coordinates":[-0.42973,51.52035]},"properties":{"name":"Power infrastructure","category":"generator","osm_type":"node","osm_id":"8204273338"}},{"type":"Feature","geometry":{"type":"Point","coordinates":[-0.40203,51.5188]},"properties":{"name":"Power infrastructure","category":"generator","osm_type":"node","osm_id":"8204273339"}},{"type":"Feature","geometry":{"type":"Point","coordinates":[-0.42195,51.53146]},"properties":{"name":"Power infrastructure","category":"generator","osm_type":"node","osm_id":"8204273340"}},{"type":"Feature","geometry":{"type":"Point","coordinates":[-0.42243,51.52213]},"properties":{"name":"Power infrastructure","category":"generator","osm_type":"node","osm_id":"8204273341"}},{"type":"Feature","geometry":{"type":"Point","coordinates":[-0.43269,51.51844]},"properties":{"name":"Power infrastructure","category":"generator","osm_type":"node","osm_id":"8204273342"}},{"type":"Feature","geometry":{"type":"Point","coordinates":[-0.40224,51.51787]},"properties":{"name":"Power infrastructure","category":"generator","osm_type":"node","osm_id":"8204273343"}},{"type":"Feature","geometry":{"type":"Point","coordinates":[-0.40555,51.52087]},"properties":{"name":"Power infrastructure","category":"generator","osm_type":"node","osm_id":"8204273344"}},{"type":"Feature","geometry":{"type":"Point","coordinates":[-0.40364,51.5183]},"properties":{"name":"Power infrastructure","category":"generator","osm_type":"node","osm_id":"8204273346"}},{"type":"Feature","geometry":{"type":"Point","coordinates":[-0.43665,51.51625]},"properties":{"name":"Power infrastructure","category":"generator","osm_type":"node","osm_id":"8204273347"}},{"type":"Feature","geometry":{"type":"Point","coordinates":[-0.40461,51.52181]},"properties":{"name":"Power infrastructure","category":"generator","osm_type":"node","osm_id":"8204273348"}},{"type":"Feature","geometry":{"type":"Point","coordinates":[-0.43272,51.51832]},"properties":{"name":"Power infrastructure","category":"generator","osm_type":"node","osm_id":"8204273351"}},{"type":"Feature","geometry":{"type":"Point","coordinates":[-0.40814,51.52313]},"properties":{"name":"Power infrastructure","category":"generator","osm_type":"node","osm_id":"8204273353"}},{"type":"Feature","geometry":{"type":"Point","coordinates":[-0.42881,51.51678]},"properties":{"name":"Power infrastructure","category":"generator","osm_type":"node","osm_id":"8204273354"}},{"type":"Feature","geometry":{"type":"Point","coordinates":[-0.43231,51.52186]},"properties":{"name":"Power infrastructure","category":"generator","osm_type":"node","osm_id":"8204273355"}},{"type":"Feature","geometry":{"type":"Point","coordinates":[-0.43328,51.51953]},"properties":{"name":"Power infrastructure","category":"generator","osm_type":"node","osm_id":"8204273356"}},{"type":"Feature","geometry":{"type":"Point","coordinates":[-0.40205,51.51879]},"properties":{"name":"Power infrastructure","category":"generator","osm_type":"node","osm_id":"8204273357"}},{"type":"Feature","geometry":{"type":"Point","coordinates":[-0.42877,51.51682]},"properties":{"name":"Power infrastructure","category":"generator","osm_type":"node","osm_id":"8204273358"}},{"type":"Feature","geometry":{"type":"Point","coordinates":[-0.42247,51.52268]},"properties":{"name":"Power infrastructure","category":"generator","osm_type":"node","osm_id":"8204273360"}},{"type":"Feature","geometry":{"type":"Point","coordinates":[-0.38914,51.51703]},"properties":{"name":"Power infrastructure","category":"generator","osm_type":"node","osm_id":"8208875028"}},{"type":"Feature","geometry":{"type":"Point","coordinates":[-0.39277,51.51238]},"properties":{"name":"Power infrastructure","category":"generator","osm_type":"node","osm_id":"8208875029"}},{"type":"Feature","geometry":{"type":"Point","coordinates":[-0.38381,51.55511]},"properties":{"name":"Power infrastructure","category":"generator","osm_type":"node","osm_id":"8208875030"}},{"type":"Feature","geometry":{"type":"Point","coordinates":[-0.39637,51.51582]},"properties":{"name":"Power infrastructure","category":"generator","osm_type":"node","osm_id":"8208875031"}},{"type":"Feature","geometry":{"type":"Point","coordinates":[-0.39957,51.55147]},"properties":{"name":"Power infrastructure","category":"generator","osm_type":"node","osm_id":"8208875032"}},{"type":"Feature","geometry":{"type":"Point","coordinates":[-0.39832,51.54969]},"properties":{"name":"Power infrastructure","category":"generator","osm_type":"node","osm_id":"8208875033"}},{"type":"Feature","geometry":{"type":"Point","coordinates":[-0.39806,51.54977]},"properties":{"name":"Power infrastructure","category":"generator","osm_type":"node","osm_id":"8208875035"}},{"type":"Feature","geometry":{"type":"Point","coordinates":[-0.39246,51.5098]},"properties":{"name":"Power infrastructure","category":"generator","osm_type":"node","osm_id":"8208875036"}},{"type":"Feature","geometry":{"type":"Point","coordinates":[-0.39977,51.55419]},"properties":{"name":"Power infrastructure","category":"generator","osm_type":"node","osm_id":"8208875037"}},{"type":"Feature","geometry":{"type":"Point","coordinates":[-0.43648,51.52605]},"properties":{"name":"Power infrastructure","category":"generator","osm_type":"node","osm_id":"8208875038"}},{"type":"Feature","geometry":{"type":"Point","coordinates":[-0.39232,51.51154]},"properties":{"name":"Power infrastructure","category":"generator","osm_type":"node","osm_id":"8208875039"}},{"type":"Feature","geometry":{"type":"Point","coordinates":[-0.42411,51.53687]},"properties":{"name":"Power infrastructure","category":"generator","osm_type":"node","osm_id":"8208875040"}},{"type":"Feature","geometry":{"type":"Point","coordinates":[-0.38456,51.55589]},"properties":{"name":"Power infrastructure","category":"generator","osm_type":"node","osm_id":"8208875041"}},{"type":"Feature","geometry":{"type":"Point","coordinates":[-0.39763,51.54991]},"properties":{"name":"Power infrastructure","category":"generator","osm_type":"node","osm_id":"8208875042"}},{"type":"Feature","geometry":{"type":"Point","coordinates":[-0.4501,51.53099]},"properties":{"name":"Power infrastructure","category":"generator","osm_type":"node","osm_id":"8208875043"}},{"type":"Feature","geometry":{"type":"Point","coordinates":[-0.39275,51.51252]},"properties":{"name":"Power infrastructure","category":"generator","osm_type":"node","osm_id":"8208875044"}},{"type":"Feature","geometry":{"type":"Point","coordinates":[-0.39963,51.55144]},"properties":{"name":"Power infrastructure","category":"generator","osm_type":"node","osm_id":"8208875045"}},{"type":"Feature","geometry":{"type":"Point","coordinates":[-0.38432,51.55596]},"properties":{"name":"Power infrastructure","category":"generator","osm_type":"node","osm_id":"8208875046"}},{"type":"Feature","geometry":{"type":"Point","coordinates":[-0.39824,51.54972]},"properties":{"name":"Power infrastructure","category":"generator","osm_type":"node","osm_id":"8208875047"}},{"type":"Feature","geometry":{"type":"Point","coordinates":[-0.39794,51.54981]},"properties":{"name":"Power infrastructure","category":"generator","osm_type":"node","osm_id":"8208875048"}},{"type":"Feature","geometry":{"type":"Point","coordinates":[-0.39814,51.54975]},"properties":{"name":"Power infrastructure","category":"generator","osm_type":"node","osm_id":"8208875049"}},{"type":"Feature","geometry":{"type":"Point","coordinates":[-0.42403,51.53746]},"properties":{"name":"Power infrastructure","category":"generator","osm_type":"node","osm_id":"8208875050"}},{"type":"Feature","geometry":{"type":"Point","coordinates":[-0.39142,51.51496]},"properties":{"name":"Power infrastructure","category":"generator","osm_type":"node","osm_id":"8208875051"}},{"type":"Feature","geometry":{"type":"Point","coordinates":[-0.41118,51.52188]},"properties":{"name":"Power infrastructure","category":"generator","osm_type":"node","osm_id":"8208875053"}},{"type":"Feature","geometry":{"type":"Point","coordinates":[-0.39748,51.54996]},"properties":{"name":"Power infrastructure","category":"generator","osm_type":"node","osm_id":"8208875054"}},{"type":"Feature","geometry":{"type":"Point","coordinates":[-0.39601,51.51377]},"properties":{"name":"Power infrastructure","category":"generator","osm_type":"node","osm_id":"8208875055"}},{"type":"Feature","geometry":{"type":"Point","coordinates":[-0.43605,51.52608]},"properties":{"name":"Power infrastructure","category":"generator","osm_type":"node","osm_id":"8208875056"}},{"type":"Feature","geometry":{"type":"Point","coordinates":[-0.38085,51.55357]},"properties":{"name":"Power infrastructure","category":"generator","osm_type":"node","osm_id":"8208875057"}},{"type":"Feature","geometry":{"type":"Point","coordinates":[-0.43675,51.5261]},"properties":{"name":"Power infrastructure","category":"generator","osm_type":"node","osm_id":"8208875058"}},{"type":"Feature","geometry":{"type":"Point","coordinates":[-0.41113,51.52189]},"properties":{"name":"Power infrastructure","category":"generator","osm_type":"node","osm_id":"8208875060"}},{"type":"Feature","geometry":{"type":"Point","coordinates":[-0.42235,51.5244]},"properties":{"name":"Power infrastructure","category":"generator","osm_type":"node","osm_id":"8208875061"}},{"type":"Feature","geometry":{"type":"Point","coordinates":[-0.39541,51.51902]},"properties":{"name":"Power infrastructure","category":"generator","osm_type":"node","osm_id":"8208875062"}},{"type":"Feature","geometry":{"type":"Point","coordinates":[-0.39212,51.51074]},"properties":{"name":"Power infrastructure","category":"generator","osm_type":"node","osm_id":"8208875063"}},{"type":"Feature","geometry":{"type":"Point","coordinates":[-0.38464,51.55587]},"properties":{"name":"Power infrastructure","category":"generator","osm_type":"node","osm_id":"8208875065"}},{"type":"Feature","geometry":{"type":"Point","coordinates":[-0.39782,51.54984]},"properties":{"name":"Power infrastructure","category":"generator","osm_type":"node","osm_id":"8208875066"}},{"type":"Feature","geometry":{"type":"Point","coordinates":[-0.38418,51.55601]},"properties":{"name":"Power infrastructure","category":"generator","osm_type":"node","osm_id":"8208875067"}},{"type":"Feature","geometry":{"type":"Point","coordinates":[-0.398,51.54979]},"properties":{"name":"Power infrastructure","category":"generator","osm_type":"node","osm_id":"8208875068"}},{"type":"Feature","geometry":{"type":"Point","coordinates":[-0.38894,51.51571]},"properties":{"name":"Power infrastructure","category":"generator","osm_type":"node","osm_id":"8208875070"}},{"type":"Feature","geometry":{"type":"Point","coordinates":[-0.42667,51.53802]},"properties":{"name":"Power infrastructure","category":"generator","osm_type":"node","osm_id":"8208875071"}},{"type":"Feature","geometry":{"type":"Point","coordinates":[-0.42458,51.53721]},"properties":{"name":"Power infrastructure","category":"generator","osm_type":"node","osm_id":"8208875072"}},{"type":"Feature","geometry":{"type":"Point","coordinates":[-0.43605,51.52586]},"properties":{"name":"Power infrastructure","category":"generator","osm_type":"node","osm_id":"8208875073"}},{"type":"Feature","geometry":{"type":"Point","coordinates":[-0.39433,51.58126]},"properties":{"name":"Power infrastructure","category":"generator","osm_type":"node","osm_id":"8208875074"}},{"type":"Feature","geometry":{"type":"Point","coordinates":[-0.38171,51.55551]},"properties":{"name":"Power infrastructure","category":"generator","osm_type":"node","osm_id":"8208875075"}},{"type":"Feature","geometry":{"type":"Point","coordinates":[-0.38909,51.51703]},"properties":{"name":"Power infrastructure","category":"generator","osm_type":"node","osm_id":"8208875076"}},{"type":"Feature","geometry":{"type":"Point","coordinates":[-0.38425,51.55598]},"properties":{"name":"Power infrastructure","category":"generator","osm_type":"node","osm_id":"8208875077"}},{"type":"Feature","geometry":{"type":"Point","coordinates":[-0.39843,51.54966]},"properties":{"name":"Power infrastructure","category":"generator","osm_type":"node","osm_id":"8208875078"}},{"type":"Feature","geometry":{"type":"Point","coordinates":[-0.38448,51.55591]},"properties":{"name":"Power infrastructure","category":"generator","osm_type":"node","osm_id":"8208875079"}},{"type":"Feature","geometry":{"type":"Point","coordinates":[-0.3952,51.58217]},"properties":{"name":"Power infrastructure","category":"generator","osm_type":"node","osm_id":"8208875080"}},{"type":"Feature","geometry":{"type":"Point","coordinates":[-0.4334,51.53826]},"properties":{"name":"Power infrastructure","category":"generator","osm_type":"node","osm_id":"8208875081"}},{"type":"Feature","geometry":{"type":"Point","coordinates":[-0.39958,51.55144]},"properties":{"name":"Power infrastructure","category":"generator","osm_type":"node","osm_id":"8208875082"}},{"type":"Feature","geometry":{"type":"Point","coordinates":[-0.43613,51.52598]},"properties":{"name":"Power infrastructure","category":"generator","osm_type":"node","osm_id":"8208875083"}},{"type":"Feature","geometry":{"type":"Point","coordinates":[-0.42413,51.53741]},"properties":{"name":"Power infrastructure","category":"generator","osm_type":"node","osm_id":"8208875084"}},{"type":"Feature","geometry":{"type":"Point","coordinates":[-0.38441,51.55594]},"properties":{"name":"Power infrastructure","category":"generator","osm_type":"node","osm_id":"8208875085"}},{"type":"Feature","geometry":{"type":"Point","coordinates":[-0.39267,51.51149]},"properties":{"name":"Power infrastructure","category":"generator","osm_type":"node","osm_id":"8208875086"}},{"type":"Feature","geometry":{"type":"Point","coordinates":[-0.39776,51.54987]},"properties":{"name":"Power infrastructure","category":"generator","osm_type":"node","osm_id":"8208875087"}},{"type":"Feature","geometry":{"type":"Point","coordinates":[-0.39433,51.58122]},"properties":{"name":"Power infrastructure","category":"generator","osm_type":"node","osm_id":"8208875088"}},{"type":"Feature","geometry":{"type":"Point","coordinates":[-0.43333,51.53864]},"properties":{"name":"Power infrastructure","category":"generator","osm_type":"node","osm_id":"8208875089"}},{"type":"Feature","geometry":{"type":"Point","coordinates":[-0.39808,51.55769]},"properties":{"name":"Power infrastructure","category":"generator","osm_type":"node","osm_id":"8208875090"}},{"type":"Feature","geometry":{"type":"Point","coordinates":[-0.42399,51.53747]},"properties":{"name":"Power infrastructure","category":"generator","osm_type":"node","osm_id":"8208875091"}},{"type":"Feature","geometry":{"type":"Point","coordinates":[-0.39513,51.58216]},"properties":{"name":"Power infrastructure","category":"generator","osm_type":"node","osm_id":"8208875092"}},{"type":"Feature","geometry":{"type":"Point","coordinates":[-0.38807,51.51687]},"properties":{"name":"Power infrastructure","category":"generator","osm_type":"node","osm_id":"8208875093"}},{"type":"Feature","geometry":{"type":"Point","coordinates":[-0.43437,51.53597]},"properties":{"name":"Power infrastructure","category":"generator","osm_type":"node","osm_id":"8208875094"}},{"type":"Feature","geometry":{"type":"Point","coordinates":[-0.40511,51.55285]},"properties":{"name":"Power infrastructure","category":"generator","osm_type":"node","osm_id":"8208875095"}},{"type":"Feature","geometry":{"type":"Point","coordinates":[-0.38167,51.55553]},"properties":{"name":"Power infrastructure","category":"generator","osm_type":"node","osm_id":"8208875096"}},{"type":"Feature","geometry":{"type":"Point","coordinates":[-0.39793,51.55775]},"properties":{"name":"Power infrastructure","category":"generator","osm_type":"node","osm_id":"8208875098"}},{"type":"Feature","geometry":{"type":"Point","coordinates":[-0.41957,51.52319]},"properties":{"name":"Power infrastructure","category":"generator","osm_type":"node","osm_id":"8208875099"}},{"type":"Feature","geometry":{"type":"Point","coordinates":[-0.39859,51.54961]},"properties":{"name":"Power infrastructure","category":"generator","osm_type":"node","osm_id":"8208875100"}},{"type":"Feature","geometry":{"type":"Point","coordinates":[-0.39991,51.55545]},"properties":{"name":"Power infrastructure","category":"generator","osm_type":"node","osm_id":"8208875102"}},{"type":"Feature","geometry":{"type":"Point","coordinates":[-0.41995,51.61244]},"properties":{"name":"Power infrastructure","category":"generator","osm_type":"node","osm_id":"8209021036"}},{"type":"Feature","geometry":{"type":"Point","coordinates":[-0.42009,51.61232]},"properties":{"name":"Power infrastructure","category":"generator","osm_type":"node","osm_id":"8209021037"}},{"type":"Feature","geometry":{"type":"Point","coordinates":[-0.42012,51.61249]},"properties":{"name":"Power infrastructure","category":"generator","osm_type":"node","osm_id":"8209021038"}},{"type":"Feature","geometry":{"type":"Point","coordinates":[-0.42735,51.61527]},"properties":{"name":"Power infrastructure","category":"generator","osm_type":"node","osm_id":"8209021039"}},{"type":"Feature","geometry":{"type":"Point","coordinates":[-0.42731,51.61522]},"properties":{"name":"Power infrastructure","category":"generator","osm_type":"node","osm_id":"8209021040"}},{"type":"Feature","geometry":{"type":"Point","coordinates":[-0.43025,51.6144]},"properties":{"name":"Power infrastructure","category":"generator","osm_type":"node","osm_id":"8209021041"}},{"type":"Feature","geometry":{"type":"Point","coordinates":[-0.41511,51.61227]},"properties":{"name":"Power infrastructure","category":"generator","osm_type":"node","osm_id":"8209021042"}},{"type":"Feature","geometry":{"type":"Point","coordinates":[-0.42873,51.61465]},"properties":{"name":"Power infrastructure","category":"generator","osm_type":"node","osm_id":"8209021043"}},{"type":"Feature","geometry":{"type":"Point","coordinates":[-0.43021,51.6144]},"properties":{"name":"Power infrastructure","category":"generator","osm_type":"node","osm_id":"8209021044"}},{"type":"Feature","geometry":{"type":"Point","coordinates":[-0.38113,51.58384]},"properties":{"name":"Power infrastructure","category":"generator","osm_type":"node","osm_id":"8209044746"}},{"type":"Feature","geometry":{"type":"Point","coordinates":[-0.39531,51.58426]},"properties":{"name":"Power infrastructure","category":"generator","osm_type":"node","osm_id":"8209044747"}},{"type":"Feature","geometry":{"type":"Point","coordinates":[-0.36904,51.58346]},"properties":{"name":"Power infrastructure","category":"generator","osm_type":"node","osm_id":"8209044748"}},{"type":"Feature","geometry":{"type":"Point","coordinates":[-0.38997,51.58097]},"properties":{"name":"Power infrastructure","category":"generator","osm_type":"node","osm_id":"8209044749"}},{"type":"Feature","geometry":{"type":"Point","coordinates":[-0.38743,51.58358]},"properties":{"name":"Power infrastructure","category":"generator","osm_type":"node","osm_id":"8209044750"}},{"type":"Feature","geometry":{"type":"Point","coordinates":[-0.41849,51.60855]},"properties":{"name":"Power infrastructure","category":"generator","osm_type":"node","osm_id":"8209044751"}},{"type":"Feature","geometry":{"type":"Point","coordinates":[-0.39524,51.58427]},"properties":{"name":"Power infrastructure","category":"generator","osm_type":"node","osm_id":"8209044752"}},{"type":"Feature","geometry":{"type":"Point","coordinates":[-0.38111,51.5912]},"properties":{"name":"Power infrastructure","category":"generator","osm_type":"node","osm_id":"8209044753"}},{"type":"Feature","geometry":{"type":"Point","coordinates":[-0.3901,51.58099]},"properties":{"name":"Power infrastructure","category":"generator","osm_type":"node","osm_id":"8209044754"}},{"type":"Feature","geometry":{"type":"Point","coordinates":[-0.38473,51.59108]},"properties":{"name":"Power infrastructure","category":"generator","osm_type":"node","osm_id":"8209044755"}},{"type":"Feature","geometry":{"type":"Point","coordinates":[-0.38064,51.58438]},"properties":{"name":"Power infrastructure","category":"generator","osm_type":"node","osm_id":"8209044756"}},{"type":"Feature","geometry":{"type":"Point","coordinates":[-0.39542,51.58427]},"properties":{"name":"Power infrastructure","category":"generator","osm_type":"node","osm_id":"8209044757"}},{"type":"Feature","geometry":{"type":"Point","coordinates":[-0.3875,51.5836]},"properties":{"name":"Power infrastructure","category":"generator","osm_type":"node","osm_id":"8209044758"}},{"type":"Feature","geometry":{"type":"Point","coordinates":[-0.38117,51.58382]},"properties":{"name":"Power infrastructure","category":"generator","osm_type":"node","osm_id":"8209044759"}},{"type":"Feature","geometry":{"type":"Point","coordinates":[-0.38741,51.58361]},"properties":{"name":"Power infrastructure","category":"generator","osm_type":"node","osm_id":"8209044760"}},{"type":"Feature","geometry":{"type":"Point","coordinates":[-0.36708,51.58412]},"properties":{"name":"Power infrastructure","category":"generator","osm_type":"node","osm_id":"8209044761"}},{"type":"Feature","geometry":{"type":"Point","coordinates":[-0.37325,51.58189]},"properties":{"name":"Power infrastructure","category":"generator","osm_type":"node","osm_id":"8209044762"}},{"type":"Feature","geometry":{"type":"Point","coordinates":[-0.41458,51.61186]},"properties":{"name":"Power infrastructure","category":"generator","osm_type":"node","osm_id":"8209044763"}},{"type":"Feature","geometry":{"type":"Point","coordinates":[-0.36906,51.58344]},"properties":{"name":"Power infrastructure","category":"generator","osm_type":"node","osm_id":"8209044764"}},{"type":"Feature","geometry":{"type":"Point","coordinates":[-0.39517,51.58431]},"properties":{"name":"Power infrastructure","category":"generator","osm_type":"node","osm_id":"8209044765"}},{"type":"Feature","geometry":{"type":"Point","coordinates":[-0.36903,51.58352]},"properties":{"name":"Power infrastructure","category":"generator","osm_type":"node","osm_id":"8209044766"}},{"type":"Feature","geometry":{"type":"Point","coordinates":[-0.38472,51.59112]},"properties":{"name":"Power infrastructure","category":"generator","osm_type":"node","osm_id":"8209044767"}},{"type":"Feature","geometry":{"type":"Point","coordinates":[-0.38058,51.58438]},"properties":{"name":"Power infrastructure","category":"generator","osm_type":"node","osm_id":"8209044768"}},{"type":"Feature","geometry":{"type":"Point","coordinates":[-0.46945,51.75451]},"properties":{"name":"Power infrastructure","category":"generator","osm_type":"node","osm_id":"8209530856"}},{"type":"Feature","geometry":{"type":"Point","coordinates":[-0.46943,51.75436]},"properties":{"name":"Power infrastructure","category":"generator","osm_type":"node","osm_id":"8209530857"}},{"type":"Feature","geometry":{"type":"Point","coordinates":[-0.46821,51.75592]},"properties":{"name":"Power infrastructure","category":"generator","osm_type":"node","osm_id":"8209530863"}},{"type":"Feature","geometry":{"type":"Point","coordinates":[-0.46763,51.7559]},"properties":{"name":"Power infrastructure","category":"generator","osm_type":"node","osm_id":"8209530874"}},{"type":"Feature","geometry":{"type":"Point","coordinates":[-0.47126,51.75541]},"properties":{"name":"Power infrastructure","category":"generator","osm_type":"node","osm_id":"8209530875"}},{"type":"Feature","geometry":{"type":"Point","coordinates":[-0.4675,51.75209]},"properties":{"name":"Power infrastructure","category":"generator","osm_type":"node","osm_id":"8209530882"}},{"type":"Feature","geometry":{"type":"Point","coordinates":[-0.46751,51.7523]},"properties":{"name":"Power infrastructure","category":"generator","osm_type":"node","osm_id":"8209530883"}},{"type":"Feature","geometry":{"type":"Point","coordinates":[-0.47564,51.7524]},"properties":{"name":"Power infrastructure","category":"generator","osm_type":"node","osm_id":"8209530907"}},{"type":"Feature","geometry":{"type":"Point","coordinates":[-0.47572,51.75244]},"properties":{"name":"Power infrastructure","category":"generator","osm_type":"node","osm_id":"8209530908"}},{"type":"Feature","geometry":{"type":"Point","coordinates":[-0.47651,51.74509]},"properties":{"name":"Power infrastructure","category":"generator","osm_type":"node","osm_id":"8210529350"}},{"type":"Feature","geometry":{"type":"Point","coordinates":[-0.47647,51.74509]},"properties":{"name":"Power infrastructure","category":"generator","osm_type":"node","osm_id":"8210529351"}},{"type":"Feature","geometry":{"type":"Point","coordinates":[-0.47581,51.74557]},"properties":{"name":"Power infrastructure","category":"generator","osm_type":"node","osm_id":"8210529352"}},{"type":"Feature","geometry":{"type":"Point","coordinates":[-0.47643,51.74697]},"properties":{"name":"Power infrastructure","category":"generator","osm_type":"node","osm_id":"8210529357"}},{"type":"Feature","geometry":{"type":"Point","coordinates":[-0.47654,51.74561]},"properties":{"name":"Power infrastructure","category":"generator","osm_type":"node","osm_id":"8210529358"}},{"type":"Feature","geometry":{"type":"Point","coordinates":[-0.47647,51.74561]},"properties":{"name":"Power infrastructure","category":"generator","osm_type":"node","osm_id":"8210529359"}},{"type":"Feature","geometry":{"type":"Point","coordinates":[-0.47758,51.74791]},"properties":{"name":"Power infrastructure","category":"generator","osm_type":"node","osm_id":"8210529366"}},{"type":"Feature","geometry":{"type":"Point","coordinates":[-0.47854,51.7495]},"properties":{"name":"Power infrastructure","category":"generator","osm_type":"node","osm_id":"8210529368"}},{"type":"Feature","geometry":{"type":"Point","coordinates":[-0.48017,51.74896]},"properties":{"name":"Power infrastructure","category":"generator","osm_type":"node","osm_id":"8210529386"}},{"type":"Feature","geometry":{"type":"Point","coordinates":[-0.48635,51.74481]},"properties":{"name":"Power infrastructure","category":"generator","osm_type":"node","osm_id":"8210722063"}},{"type":"Feature","geometry":{"type":"Point","coordinates":[-0.48646,51.7448]},"properties":{"name":"Power infrastructure","category":"generator","osm_type":"node","osm_id":"8210722064"}},{"type":"Feature","geometry":{"type":"Point","coordinates":[-0.48779,51.74523]},"properties":{"name":"Power infrastructure","category":"generator","osm_type":"node","osm_id":"8210722067"}},{"type":"Feature","geometry":{"type":"Point","coordinates":[-0.48841,51.74497]},"properties":{"name":"Power infrastructure","category":"generator","osm_type":"node","osm_id":"8210722068"}},{"type":"Feature","geometry":{"type":"Point","coordinates":[-0.48894,51.74511]},"properties":{"name":"Power infrastructure","category":"generator","osm_type":"node","osm_id":"8210722069"}},{"type":"Feature","geometry":{"type":"Point","coordinates":[-0.4942,51.74523]},"properties":{"name":"Power infrastructure","category":"generator","osm_type":"node","osm_id":"8210722074"}},{"type":"Feature","geometry":{"type":"Point","coordinates":[-0.49551,51.7452]},"properties":{"name":"Power infrastructure","category":"generator","osm_type":"node","osm_id":"8210722075"}},{"type":"Feature","geometry":{"type":"Point","coordinates":[-0.49445,51.74659]},"properties":{"name":"Power infrastructure","category":"generator","osm_type":"node","osm_id":"8210722079"}},{"type":"Feature","geometry":{"type":"Point","coordinates":[-0.48087,51.74818]},"properties":{"name":"Power infrastructure","category":"generator","osm_type":"node","osm_id":"8210722090"}},{"type":"Feature","geometry":{"type":"Point","coordinates":[-0.48295,51.74836]},"properties":{"name":"Power infrastructure","category":"generator","osm_type":"node","osm_id":"8210722097"}},{"type":"Feature","geometry":{"type":"Point","coordinates":[-0.48359,51.74831]},"properties":{"name":"Power infrastructure","category":"generator","osm_type":"node","osm_id":"8210722098"}},{"type":"Feature","geometry":{"type":"Point","coordinates":[-0.48739,51.74596]},"properties":{"name":"Power infrastructure","category":"generator","osm_type":"node","osm_id":"8210722101"}},{"type":"Feature","geometry":{"type":"Point","coordinates":[-0.48781,51.74556]},"properties":{"name":"Power infrastructure","category":"generator","osm_type":"node","osm_id":"8210722102"}},{"type":"Feature","geometry":{"type":"Point","coordinates":[-0.50591,51.74822]},"properties":{"name":"Power infrastructure","category":"generator","osm_type":"node","osm_id":"8210999220"}},{"type":"Feature","geometry":{"type":"Point","coordinates":[-0.50506,51.75035]},"properties":{"name":"Power infrastructure","category":"generator","osm_type":"node","osm_id":"8210999238"}},{"type":"Feature","geometry":{"type":"Point","coordinates":[-0.50163,51.75252]},"properties":{"name":"Power infrastructure","category":"generator","osm_type":"node","osm_id":"8210999239"}},{"type":"Feature","geometry":{"type":"Point","coordinates":[-0.50176,51.75261]},"properties":{"name":"Power infrastructure","category":"generator","osm_type":"node","osm_id":"8210999240"}},{"type":"Feature","geometry":{"type":"Point","coordinates":[-0.44843,51.54059]},"properties":{"name":"Power infrastructure","category":"generator","osm_type":"node","osm_id":"8211293482"}},{"type":"Feature","geometry":{"type":"Point","coordinates":[-0.44126,51.58523]},"properties":{"name":"Power infrastructure","category":"generator","osm_type":"node","osm_id":"8211293483"}},{"type":"Feature","geometry":{"type":"Point","coordinates":[-0.41702,51.575]},"properties":{"name":"Power infrastructure","category":"generator","osm_type":"node","osm_id":"8211293484"}},{"type":"Feature","geometry":{"type":"Point","coordinates":[-0.43555,51.57732]},"properties":{"name":"Power infrastructure","category":"generator","osm_type":"node","osm_id":"8211293485"}},{"type":"Feature","geometry":{"type":"Point","coordinates":[-0.41398,51.57754]},"properties":{"name":"Power infrastructure","category":"generator","osm_type":"node","osm_id":"8211293486"}},{"type":"Feature","geometry":{"type":"Point","coordinates":[-0.42636,51.5729]},"properties":{"name":"Power infrastructure","category":"generator","osm_type":"node","osm_id":"8211293487"}},{"type":"Feature","geometry":{"type":"Point","coordinates":[-0.44754,51.53765]},"properties":{"name":"Power infrastructure","category":"generator","osm_type":"node","osm_id":"8211293488"}},{"type":"Feature","geometry":{"type":"Point","coordinates":[-0.43056,51.57475]},"properties":{"name":"Power infrastructure","category":"generator","osm_type":"node","osm_id":"8211293489"}},{"type":"Feature","geometry":{"type":"Point","coordinates":[-0.44334,51.58275]},"properties":{"name":"Power infrastructure","category":"generator","osm_type":"node","osm_id":"8211293490"}},{"type":"Feature","geometry":{"type":"Point","coordinates":[-0.43123,51.57635]},"properties":{"name":"Power infrastructure","category":"generator","osm_type":"node","osm_id":"8211293491"}},{"type":"Feature","geometry":{"type":"Point","coordinates":[-0.42025,51.57313]},"properties":{"name":"Power infrastructure","category":"generator","osm_type":"node","osm_id":"8211293492"}},{"type":"Feature","geometry":{"type":"Point","coordinates":[-0.41111,51.57519]},"properties":{"name":"Power infrastructure","category":"generator","osm_type":"node","osm_id":"8211293493"}},{"type":"Feature","geometry":{"type":"Point","coordinates":[-0.41232,51.57581]},"properties":{"name":"Power infrastructure","category":"generator","osm_type":"node","osm_id":"8211293494"}},{"type":"Feature","geometry":{"type":"Point","coordinates":[-0.43149,51.57134]},"properties":{"name":"Power infrastructure","category":"generator","osm_type":"node","osm_id":"8211293495"}},{"type":"Feature","geometry":{"type":"Point","coordinates":[-0.42664,51.57255]},"properties":{"name":"Power infrastructure","category":"generator","osm_type":"node","osm_id":"8211293496"}},{"type":"Feature","geometry":{"type":"Point","coordinates":[-0.41119,51.57521]},"properties":{"name":"Power infrastructure","category":"generator","osm_type":"node","osm_id":"8211293497"}},{"type":"Feature","geometry":{"type":"Point","coordinates":[-0.41149,51.57827]},"properties":{"name":"Power infrastructure","category":"generator","osm_type":"node","osm_id":"8211293498"}},{"type":"Feature","geometry":{"type":"Point","coordinates":[-0.42023,51.5731]},"properties":{"name":"Power infrastructure","category":"generator","osm_type":"node","osm_id":"8211293499"}},{"type":"Feature","geometry":{"type":"Point","coordinates":[-0.44757,51.53754]},"properties":{"name":"Power infrastructure","category":"generator","osm_type":"node","osm_id":"8211293500"}},{"type":"Feature","geometry":{"type":"Point","coordinates":[-0.41959,51.57362]},"properties":{"name":"Power infrastructure","category":"generator","osm_type":"node","osm_id":"8211293501"}},{"type":"Feature","geometry":{"type":"Point","coordinates":[-0.44826,51.54074]},"properties":{"name":"Power infrastructure","category":"generator","osm_type":"node","osm_id":"8211293502"}},{"type":"Feature","geometry":{"type":"Point","coordinates":[-0.41696,51.57502]},"properties":{"name":"Power infrastructure","category":"generator","osm_type":"node","osm_id":"8211293503"}},{"type":"Feature","geometry":{"type":"Point","coordinates":[-0.4195,51.57366]},"properties":{"name":"Power infrastructure","category":"generator","osm_type":"node","osm_id":"8211293504"}},{"type":"Feature","geometry":{"type":"Point","coordinates":[-0.4194,51.57369]},"properties":{"name":"Power infrastructure","category":"generator","osm_type":"node","osm_id":"8211293505"}},{"type":"Feature","geometry":{"type":"Point","coordinates":[-0.44729,51.53763]},"properties":{"name":"Power infrastructure","category":"generator","osm_type":"node","osm_id":"8211293506"}},{"type":"Feature","geometry":{"type":"Point","coordinates":[-0.43368,51.57189]},"properties":{"name":"Power infrastructure","category":"generator","osm_type":"node","osm_id":"8211293507"}},{"type":"Feature","geometry":{"type":"Point","coordinates":[-0.44811,51.54069]},"properties":{"name":"Power infrastructure","category":"generator","osm_type":"node","osm_id":"8211293508"}},{"type":"Feature","geometry":{"type":"Point","coordinates":[-0.44824,51.54069]},"properties":{"name":"Power infrastructure","category":"generator","osm_type":"node","osm_id":"8211293509"}},{"type":"Feature","geometry":{"type":"Point","coordinates":[-0.43237,51.57116]},"properties":{"name":"Power infrastructure","category":"generator","osm_type":"node","osm_id":"8211293510"}},{"type":"Feature","geometry":{"type":"Point","coordinates":[-0.44818,51.54067]},"properties":{"name":"Power infrastructure","category":"generator","osm_type":"node","osm_id":"8211293511"}},{"type":"Feature","geometry":{"type":"Point","coordinates":[-0.4556,51.5309]},"properties":{"name":"Power infrastructure","category":"generator","osm_type":"node","osm_id":"8211293513"}},{"type":"Feature","geometry":{"type":"Point","coordinates":[-0.44735,51.53751]},"properties":{"name":"Power infrastructure","category":"generator","osm_type":"node","osm_id":"8211293514"}},{"type":"Feature","geometry":{"type":"Point","coordinates":[-0.45556,51.53086]},"properties":{"name":"Power infrastructure","category":"generator","osm_type":"node","osm_id":"8211293515"}},{"type":"Feature","geometry":{"type":"Point","coordinates":[-0.43154,51.57638]},"properties":{"name":"Power infrastructure","category":"generator","osm_type":"node","osm_id":"8211293516"}},{"type":"Feature","geometry":{"type":"Point","coordinates":[-0.42651,51.57291]},"properties":{"name":"Power infrastructure","category":"generator","osm_type":"node","osm_id":"8211323017"}},{"type":"Feature","geometry":{"type":"Point","coordinates":[-0.41226,51.5758]},"properties":{"name":"Power infrastructure","category":"generator","osm_type":"node","osm_id":"8211323018"}},{"type":"Feature","geometry":{"type":"Point","coordinates":[-0.43762,51.5895]},"properties":{"name":"Power infrastructure","category":"generator","osm_type":"node","osm_id":"8211323019"}},{"type":"Feature","geometry":{"type":"Point","coordinates":[-0.44844,51.54069]},"properties":{"name":"Power infrastructure","category":"generator","osm_type":"node","osm_id":"8211323020"}},{"type":"Feature","geometry":{"type":"Point","coordinates":[-0.43363,51.57185]},"properties":{"name":"Power infrastructure","category":"generator","osm_type":"node","osm_id":"8211323021"}},{"type":"Feature","geometry":{"type":"Point","coordinates":[-0.45866,51.52403]},"properties":{"name":"Power infrastructure","category":"generator","osm_type":"node","osm_id":"8211966299"}},{"type":"Feature","geometry":{"type":"Point","coordinates":[-0.45325,51.53138]},"properties":{"name":"Power infrastructure","category":"generator","osm_type":"node","osm_id":"8211966300"}},{"type":"Feature","geometry":{"type":"Point","coordinates":[-0.45955,51.52397]},"properties":{"name":"Power infrastructure","category":"generator","osm_type":"node","osm_id":"8211966301"}},{"type":"Feature","geometry":{"type":"Point","coordinates":[-0.46463,51.52647]},"properties":{"name":"Power infrastructure","category":"generator","osm_type":"node","osm_id":"8211966302"}},{"type":"Feature","geometry":{"type":"Point","coordinates":[-0.47554,51.52324]},"properties":{"name":"Power infrastructure","category":"generator","osm_type":"node","osm_id":"8211966303"}},{"type":"Feature","geometry":{"type":"Point","coordinates":[-0.45824,51.52831]},"properties":{"name":"Power infrastructure","category":"generator","osm_type":"node","osm_id":"8211966304"}},{"type":"Feature","geometry":{"type":"Point","coordinates":[-0.46017,51.52386]},"properties":{"name":"Power infrastructure","category":"generator","osm_type":"node","osm_id":"8211966307"}},{"type":"Feature","geometry":{"type":"Point","coordinates":[-0.45884,51.52397]},"properties":{"name":"Power infrastructure","category":"generator","osm_type":"node","osm_id":"8211966309"}},{"type":"Feature","geometry":{"type":"Point","coordinates":[-0.46038,51.52399]},"properties":{"name":"Power infrastructure","category":"generator","osm_type":"node","osm_id":"8211966312"}},{"type":"Feature","geometry":{"type":"Point","coordinates":[-0.45817,51.52831]},"properties":{"name":"Power infrastructure","category":"generator","osm_type":"node","osm_id":"8211966314"}},{"type":"Feature","geometry":{"type":"Point","coordinates":[-0.45739,51.52538]},"properties":{"name":"Power infrastructure","category":"generator","osm_type":"node","osm_id":"8211993517"}},{"type":"Feature","geometry":{"type":"Point","coordinates":[-0.44743,51.53051]},"properties":{"name":"Power infrastructure","category":"generator","osm_type":"node","osm_id":"8211993520"}},{"type":"Feature","geometry":{"type":"Point","coordinates":[-0.46025,51.5241]},"properties":{"name":"Power infrastructure","category":"generator","osm_type":"node","osm_id":"8211993521"}},{"type":"Feature","geometry":{"type":"Point","coordinates":[-0.47527,51.52461]},"properties":{"name":"Power infrastructure","category":"generator","osm_type":"node","osm_id":"8211993522"}},{"type":"Feature","geometry":{"type":"Point","coordinates":[-0.45937,51.52394]},"properties":{"name":"Power infrastructure","category":"generator","osm_type":"node","osm_id":"8211993528"}},{"type":"Feature","geometry":{"type":"Point","coordinates":[-0.4424,51.53348]},"properties":{"name":"Power infrastructure","category":"generator","osm_type":"node","osm_id":"8211993529"}},{"type":"Feature","geometry":{"type":"Point","coordinates":[-0.44233,51.53361]},"properties":{"name":"Power infrastructure","category":"generator","osm_type":"node","osm_id":"8211993530"}},{"type":"Feature","geometry":{"type":"Point","coordinates":[-0.46058,51.52417]},"properties":{"name":"Power infrastructure","category":"generator","osm_type":"node","osm_id":"8211993531"}},{"type":"Feature","geometry":{"type":"Point","coordinates":[-0.44461,51.53457]},"properties":{"name":"Power infrastructure","category":"generator","osm_type":"node","osm_id":"8211993532"}},{"type":"Feature","geometry":{"type":"Point","coordinates":[-0.45735,51.52548]},"properties":{"name":"Power infrastructure","category":"generator","osm_type":"node","osm_id":"8211993533"}},{"type":"Feature","geometry":{"type":"Point","coordinates":[-0.45893,51.52402]},"properties":{"name":"Power infrastructure","category":"generator","osm_type":"node","osm_id":"8211993534"}},{"type":"Feature","geometry":{"type":"Point","coordinates":[-0.45737,51.52557]},"properties":{"name":"Power infrastructure","category":"generator","osm_type":"node","osm_id":"8211993535"}},{"type":"Feature","geometry":{"type":"Point","coordinates":[-0.44248,51.53451]},"properties":{"name":"Power infrastructure","category":"generator","osm_type":"node","osm_id":"8211993536"}},{"type":"Feature","geometry":{"type":"Point","coordinates":[-0.44263,51.53454]},"properties":{"name":"Power infrastructure","category":"generator","osm_type":"node","osm_id":"8211993537"}},{"type":"Feature","geometry":{"type":"Point","coordinates":[-0.46924,51.54114]},"properties":{"name":"Power infrastructure","category":"generator","osm_type":"node","osm_id":"8212068677"}},{"type":"Feature","geometry":{"type":"Point","coordinates":[-0.46861,51.54133]},"properties":{"name":"Power infrastructure","category":"generator","osm_type":"node","osm_id":"8212068678"}},{"type":"Feature","geometry":{"type":"Point","coordinates":[-0.46898,51.54145]},"properties":{"name":"Power infrastructure","category":"generator","osm_type":"node","osm_id":"8212068679"}},{"type":"Feature","geometry":{"type":"Point","coordinates":[-0.46888,51.54094]},"properties":{"name":"Power infrastructure","category":"generator","osm_type":"node","osm_id":"8212068680"}},{"type":"Feature","geometry":{"type":"Point","coordinates":[-0.46973,51.54691]},"properties":{"name":"Power infrastructure","category":"generator","osm_type":"node","osm_id":"8212068681"}},{"type":"Feature","geometry":{"type":"Point","coordinates":[-0.46853,51.54131]},"properties":{"name":"Power infrastructure","category":"generator","osm_type":"node","osm_id":"8212068682"}},{"type":"Feature","geometry":{"type":"Point","coordinates":[-0.46869,51.54135]},"properties":{"name":"Power infrastructure","category":"generator","osm_type":"node","osm_id":"8212068683"}},{"type":"Feature","geometry":{"type":"Point","coordinates":[-0.47847,51.53329]},"properties":{"name":"Power infrastructure","category":"generator","osm_type":"node","osm_id":"8212068684"}},{"type":"Feature","geometry":{"type":"Point","coordinates":[-0.46969,51.54698]},"properties":{"name":"Power infrastructure","category":"generator","osm_type":"node","osm_id":"8212068685"}},{"type":"Feature","geometry":{"type":"Point","coordinates":[-0.47073,51.54599]},"properties":{"name":"Power infrastructure","category":"generator","osm_type":"node","osm_id":"8212068686"}},{"type":"Feature","geometry":{"type":"Point","coordinates":[-0.47027,51.54688]},"properties":{"name":"Power infrastructure","category":"generator","osm_type":"node","osm_id":"8212068687"}},{"type":"Feature","geometry":{"type":"Point","coordinates":[-0.47055,51.54601]},"properties":{"name":"Power infrastructure","category":"generator","osm_type":"node","osm_id":"8212068688"}},{"type":"Feature","geometry":{"type":"Point","coordinates":[-0.46889,51.54084]},"properties":{"name":"Power infrastructure","category":"generator","osm_type":"node","osm_id":"8212068689"}},{"type":"Feature","geometry":{"type":"Point","coordinates":[-0.47043,51.54627]},"properties":{"name":"Power infrastructure","category":"generator","osm_type":"node","osm_id":"8212068690"}},{"type":"Feature","geometry":{"type":"Point","coordinates":[-0.48121,51.53785]},"properties":{"name":"Power infrastructure","category":"generator","osm_type":"node","osm_id":"8212068691"}},{"type":"Feature","geometry":{"type":"Point","coordinates":[-0.46888,51.54098]},"properties":{"name":"Power infrastructure","category":"generator","osm_type":"node","osm_id":"8212068692"}},{"type":"Feature","geometry":{"type":"Point","coordinates":[-0.47099,51.54631]},"properties":{"name":"Power infrastructure","category":"generator","osm_type":"node","osm_id":"8212068693"}},{"type":"Feature","geometry":{"type":"Point","coordinates":[-0.48182,51.53817]},"properties":{"name":"Power infrastructure","category":"generator","osm_type":"node","osm_id":"8212068694"}},{"type":"Feature","geometry":{"type":"Point","coordinates":[-0.47972,51.54506]},"properties":{"name":"Power infrastructure","category":"generator","osm_type":"node","osm_id":"8212068695"}},{"type":"Feature","geometry":{"type":"Point","coordinates":[-0.47042,51.54642]},"properties":{"name":"Power infrastructure","category":"generator","osm_type":"node","osm_id":"8212068696"}},{"type":"Feature","geometry":{"type":"Point","coordinates":[-0.46826,51.54128]},"properties":{"name":"Power infrastructure","category":"generator","osm_type":"node","osm_id":"8212068697"}},{"type":"Feature","geometry":{"type":"Point","coordinates":[-0.47944,51.54512]},"properties":{"name":"Power infrastructure","category":"generator","osm_type":"node","osm_id":"8212068698"}},{"type":"Feature","geometry":{"type":"Point","coordinates":[-0.46973,51.54687]},"properties":{"name":"Power infrastructure","category":"generator","osm_type":"node","osm_id":"8212068699"}},{"type":"Feature","geometry":{"type":"Point","coordinates":[-0.47027,51.54661]},"properties":{"name":"Power infrastructure","category":"generator","osm_type":"node","osm_id":"8212068700"}},{"type":"Feature","geometry":{"type":"Point","coordinates":[-0.46888,51.54089]},"properties":{"name":"Power infrastructure","category":"generator","osm_type":"node","osm_id":"8212068701"}},{"type":"Feature","geometry":{"type":"Point","coordinates":[-0.46889,51.54079]},"properties":{"name":"Power infrastructure","category":"generator","osm_type":"node","osm_id":"8212068702"}},{"type":"Feature","geometry":{"type":"Point","coordinates":[-0.47109,51.54608]},"properties":{"name":"Power infrastructure","category":"generator","osm_type":"node","osm_id":"8212068703"}},{"type":"Feature","geometry":{"type":"Point","coordinates":[-0.47117,51.54603]},"properties":{"name":"Power infrastructure","category":"generator","osm_type":"node","osm_id":"8212068704"}},{"type":"Feature","geometry":{"type":"Point","coordinates":[-0.47113,51.54592]},"properties":{"name":"Power infrastructure","category":"generator","osm_type":"node","osm_id":"8212068705"}},{"type":"Feature","geometry":{"type":"Point","coordinates":[-0.47063,51.54602]},"properties":{"name":"Power infrastructure","category":"generator","osm_type":"node","osm_id":"8212068706"}},{"type":"Feature","geometry":{"type":"Point","coordinates":[-0.46981,51.5466]},"properties":{"name":"Power infrastructure","category":"generator","osm_type":"node","osm_id":"8212068707"}},{"type":"Feature","geometry":{"type":"Point","coordinates":[-0.46939,51.54088]},"properties":{"name":"Power infrastructure","category":"generator","osm_type":"node","osm_id":"8212068708"}},{"type":"Feature","geometry":{"type":"Point","coordinates":[-0.46835,51.54129]},"properties":{"name":"Power infrastructure","category":"generator","osm_type":"node","osm_id":"8212068709"}},{"type":"Feature","geometry":{"type":"Point","coordinates":[-0.47047,51.54656]},"properties":{"name":"Power infrastructure","category":"generator","osm_type":"node","osm_id":"8212068710"}},{"type":"Feature","geometry":{"type":"Point","coordinates":[-0.47047,51.54601]},"properties":{"name":"Power infrastructure","category":"generator","osm_type":"node","osm_id":"8212068711"}},{"type":"Feature","geometry":{"type":"Point","coordinates":[-0.46877,51.54137]},"properties":{"name":"Power infrastructure","category":"generator","osm_type":"node","osm_id":"8212068712"}},{"type":"Feature","geometry":{"type":"Point","coordinates":[-0.47913,51.54506]},"properties":{"name":"Power infrastructure","category":"generator","osm_type":"node","osm_id":"8212068713"}},{"type":"Feature","geometry":{"type":"Point","coordinates":[-0.46952,51.54088]},"properties":{"name":"Power infrastructure","category":"generator","osm_type":"node","osm_id":"8212068714"}},{"type":"Feature","geometry":{"type":"Point","coordinates":[-0.46809,51.54128]},"properties":{"name":"Power infrastructure","category":"generator","osm_type":"node","osm_id":"8212068715"}},{"type":"Feature","geometry":{"type":"Point","coordinates":[-0.47062,51.5466]},"properties":{"name":"Power infrastructure","category":"generator","osm_type":"node","osm_id":"8212068716"}},{"type":"Feature","geometry":{"type":"Point","coordinates":[-0.47024,51.54661]},"properties":{"name":"Power infrastructure","category":"generator","osm_type":"node","osm_id":"8212072317"}},{"type":"Feature","geometry":{"type":"Point","coordinates":[-0.47124,51.54632]},"properties":{"name":"Power infrastructure","category":"generator","osm_type":"node","osm_id":"8212072318"}},{"type":"Feature","geometry":{"type":"Point","coordinates":[-0.47847,51.53357]},"properties":{"name":"Power infrastructure","category":"generator","osm_type":"node","osm_id":"8212072319"}},{"type":"Feature","geometry":{"type":"Point","coordinates":[-0.46905,51.54148]},"properties":{"name":"Power infrastructure","category":"generator","osm_type":"node","osm_id":"8212072320"}},{"type":"Feature","geometry":{"type":"Point","coordinates":[-0.47117,51.54598]},"properties":{"name":"Power infrastructure","category":"generator","osm_type":"node","osm_id":"8212072321"}},{"type":"Feature","geometry":{"type":"Point","coordinates":[-0.46925,51.54108]},"properties":{"name":"Power infrastructure","category":"generator","osm_type":"node","osm_id":"8212072322"}},{"type":"Feature","geometry":{"type":"Point","coordinates":[-0.46834,51.54081]},"properties":{"name":"Power infrastructure","category":"generator","osm_type":"node","osm_id":"8212072323"}},{"type":"Feature","geometry":{"type":"Point","coordinates":[-0.47083,51.54631]},"properties":{"name":"Power infrastructure","category":"generator","osm_type":"node","osm_id":"8212072324"}},{"type":"Feature","geometry":{"type":"Point","coordinates":[-0.47038,51.54656]},"properties":{"name":"Power infrastructure","category":"generator","osm_type":"node","osm_id":"8212072325"}},{"type":"Feature","geometry":{"type":"Point","coordinates":[-0.46969,51.5468]},"properties":{"name":"Power infrastructure","category":"generator","osm_type":"node","osm_id":"8212072326"}},{"type":"Feature","geometry":{"type":"Point","coordinates":[-0.46927,51.54087]},"properties":{"name":"Power infrastructure","category":"generator","osm_type":"node","osm_id":"8212072327"}},{"type":"Feature","geometry":{"type":"Point","coordinates":[-0.468,51.54129]},"properties":{"name":"Power infrastructure","category":"generator","osm_type":"node","osm_id":"8212072328"}},{"type":"Feature","geometry":{"type":"Point","coordinates":[-0.46914,51.54087]},"properties":{"name":"Power infrastructure","category":"generator","osm_type":"node","osm_id":"8212072329"}},{"type":"Feature","geometry":{"type":"Point","coordinates":[-0.46882,51.5463]},"properties":{"name":"Power infrastructure","category":"generator","osm_type":"node","osm_id":"8212072330"}},{"type":"Feature","geometry":{"type":"Point","coordinates":[-0.47751,51.53329]},"properties":{"name":"Power infrastructure","category":"generator","osm_type":"node","osm_id":"8212072331"}},{"type":"Feature","geometry":{"type":"Point","coordinates":[-0.47192,51.5575]},"properties":{"name":"Power infrastructure","category":"generator","osm_type":"node","osm_id":"8212072332"}},{"type":"Feature","geometry":{"type":"Point","coordinates":[-0.46859,51.54082]},"properties":{"name":"Power infrastructure","category":"generator","osm_type":"node","osm_id":"8212072333"}},{"type":"Feature","geometry":{"type":"Point","coordinates":[-0.46925,51.54104]},"properties":{"name":"Power infrastructure","category":"generator","osm_type":"node","osm_id":"8212072334"}},{"type":"Feature","geometry":{"type":"Point","coordinates":[-0.48315,51.54635]},"properties":{"name":"Power infrastructure","category":"generator","osm_type":"node","osm_id":"8212072335"}},{"type":"Feature","geometry":{"type":"Point","coordinates":[-0.47094,51.54631]},"properties":{"name":"Power infrastructure","category":"generator","osm_type":"node","osm_id":"8212072336"}},{"type":"Feature","geometry":{"type":"Point","coordinates":[-0.46803,51.54614]},"properties":{"name":"Power infrastructure","category":"generator","osm_type":"node","osm_id":"8212072337"}},{"type":"Feature","geometry":{"type":"Point","coordinates":[-0.47751,51.53357]},"properties":{"name":"Power infrastructure","category":"generator","osm_type":"node","osm_id":"8212072338"}},{"type":"Feature","geometry":{"type":"Point","coordinates":[-0.46884,51.54625]},"properties":{"name":"Power infrastructure","category":"generator","osm_type":"node","osm_id":"8212072339"}},{"type":"Feature","geometry":{"type":"Point","coordinates":[-0.46847,51.54081]},"properties":{"name":"Power infrastructure","category":"generator","osm_type":"node","osm_id":"8212072340"}},{"type":"Feature","geometry":{"type":"Point","coordinates":[-0.4699,51.5466]},"properties":{"name":"Power infrastructure","category":"generator","osm_type":"node","osm_id":"8212072341"}},{"type":"Feature","geometry":{"type":"Point","coordinates":[-0.46817,51.54128]},"properties":{"name":"Power infrastructure","category":"generator","osm_type":"node","osm_id":"8212072342"}},{"type":"Feature","geometry":{"type":"Point","coordinates":[-0.47042,51.54629]},"properties":{"name":"Power infrastructure","category":"generator","osm_type":"node","osm_id":"8212072343"}},{"type":"Feature","geometry":{"type":"Point","coordinates":[-0.47008,51.5466]},"properties":{"name":"Power infrastructure","category":"generator","osm_type":"node","osm_id":"8212072344"}},{"type":"Feature","geometry":{"type":"Point","coordinates":[-0.46924,51.54124]},"properties":{"name":"Power infrastructure","category":"generator","osm_type":"node","osm_id":"8212072345"}},{"type":"Feature","geometry":{"type":"Point","coordinates":[-0.47801,51.53357]},"properties":{"name":"Power infrastructure","category":"generator","osm_type":"node","osm_id":"8212072346"}},{"type":"Feature","geometry":{"type":"Point","coordinates":[-0.46843,51.5413]},"properties":{"name":"Power infrastructure","category":"generator","osm_type":"node","osm_id":"8212072347"}},{"type":"Feature","geometry":{"type":"Point","coordinates":[-0.48116,51.53788]},"properties":{"name":"Power infrastructure","category":"generator","osm_type":"node","osm_id":"8212072348"}},{"type":"Feature","geometry":{"type":"Point","coordinates":[-0.47078,51.54631]},"properties":{"name":"Power infrastructure","category":"generator","osm_type":"node","osm_id":"8212072349"}},{"type":"Feature","geometry":{"type":"Point","coordinates":[-0.47107,51.55653]},"properties":{"name":"Power infrastructure","category":"generator","osm_type":"node","osm_id":"8212072350"}},{"type":"Feature","geometry":{"type":"Point","coordinates":[-0.4712,51.54631]},"properties":{"name":"Power infrastructure","category":"generator","osm_type":"node","osm_id":"8212072351"}},{"type":"Feature","geometry":{"type":"Point","coordinates":[-0.46924,51.54119]},"properties":{"name":"Power infrastructure","category":"generator","osm_type":"node","osm_id":"8212072352"}},{"type":"Feature","geometry":{"type":"Point","coordinates":[-0.47802,51.53329]},"properties":{"name":"Power infrastructure","category":"generator","osm_type":"node","osm_id":"8212072353"}},{"type":"Feature","geometry":{"type":"Point","coordinates":[-0.4818,51.53821]},"properties":{"name":"Power infrastructure","category":"generator","osm_type":"node","osm_id":"8212072354"}},{"type":"Feature","geometry":{"type":"Point","coordinates":[-0.46997,51.5466]},"properties":{"name":"Power infrastructure","category":"generator","osm_type":"node","osm_id":"8212072355"}},{"type":"Feature","geometry":{"type":"Point","coordinates":[-0.47012,51.54661]},"properties":{"name":"Power infrastructure","category":"generator","osm_type":"node","osm_id":"8212072356"}},{"type":"Feature","geometry":{"type":"Point","coordinates":[-0.47942,51.54488]},"properties":{"name":"Power infrastructure","category":"generator","osm_type":"node","osm_id":"8212072357"}},{"type":"Feature","geometry":{"type":"Point","coordinates":[-0.46891,51.54142]},"properties":{"name":"Power infrastructure","category":"generator","osm_type":"node","osm_id":"8212072358"}},{"type":"Feature","geometry":{"type":"Point","coordinates":[-0.46912,51.54152]},"properties":{"name":"Power infrastructure","category":"generator","osm_type":"node","osm_id":"8212072359"}},{"type":"Feature","geometry":{"type":"Point","coordinates":[-0.47039,51.54601]},"properties":{"name":"Power infrastructure","category":"generator","osm_type":"node","osm_id":"8212072360"}},{"type":"Feature","geometry":{"type":"Point","coordinates":[-0.4794,51.54473]},"properties":{"name":"Power infrastructure","category":"generator","osm_type":"node","osm_id":"8212072361"}},{"type":"Feature","geometry":{"type":"Point","coordinates":[-0.47042,51.5464]},"properties":{"name":"Power infrastructure","category":"generator","osm_type":"node","osm_id":"8212072362"}},{"type":"Feature","geometry":{"type":"Point","coordinates":[-0.4708,51.54599]},"properties":{"name":"Power infrastructure","category":"generator","osm_type":"node","osm_id":"8212072363"}},{"type":"Feature","geometry":{"type":"Point","coordinates":[-0.47234,51.5569]},"properties":{"name":"Power infrastructure","category":"generator","osm_type":"node","osm_id":"8212476714"}},{"type":"Feature","geometry":{"type":"Point","coordinates":[-0.47226,51.55696]},"properties":{"name":"Power infrastructure","category":"generator","osm_type":"node","osm_id":"8212476715"}},{"type":"Feature","geometry":{"type":"Point","coordinates":[-0.47153,51.55646]},"properties":{"name":"Power infrastructure","category":"generator","osm_type":"node","osm_id":"8212476716"}},{"type":"Feature","geometry":{"type":"Point","coordinates":[-0.47329,51.55529]},"properties":{"name":"Power infrastructure","category":"generator","osm_type":"node","osm_id":"8212496417"}},{"type":"Feature","geometry":{"type":"Point","coordinates":[-0.47439,51.55671]},"properties":{"name":"Power infrastructure","category":"generator","osm_type":"node","osm_id":"8212496418"}},{"type":"Feature","geometry":{"type":"Point","coordinates":[-0.47167,51.55632]},"properties":{"name":"Power infrastructure","category":"generator","osm_type":"node","osm_id":"8212496419"}},{"type":"Feature","geometry":{"type":"Point","coordinates":[-0.46835,51.55769]},"properties":{"name":"Power infrastructure","category":"generator","osm_type":"node","osm_id":"8212496420"}},{"type":"Feature","geometry":{"type":"Point","coordinates":[-0.47499,51.54873]},"properties":{"name":"Power infrastructure","category":"generator","osm_type":"node","osm_id":"8212496421"}},{"type":"Feature","geometry":{"type":"Point","coordinates":[-0.47498,51.55558]},"properties":{"name":"Power infrastructure","category":"generator","osm_type":"node","osm_id":"8212496422"}},{"type":"Feature","geometry":{"type":"Point","coordinates":[-0.47485,51.5485]},"properties":{"name":"Power infrastructure","category":"generator","osm_type":"node","osm_id":"8212496423"}},{"type":"Feature","geometry":{"type":"Point","coordinates":[-0.47548,51.55337]},"properties":{"name":"Power infrastructure","category":"generator","osm_type":"node","osm_id":"8212496424"}},{"type":"Feature","geometry":{"type":"Point","coordinates":[-0.47155,51.55664]},"properties":{"name":"Power infrastructure","category":"generator","osm_type":"node","osm_id":"8212496425"}},{"type":"Feature","geometry":{"type":"Point","coordinates":[-0.47484,51.54882]},"properties":{"name":"Power infrastructure","category":"generator","osm_type":"node","osm_id":"8212496426"}},{"type":"Feature","geometry":{"type":"Point","coordinates":[-0.47072,51.55677]},"properties":{"name":"Power infrastructure","category":"generator","osm_type":"node","osm_id":"8212496427"}},{"type":"Feature","geometry":{"type":"Point","coordinates":[-0.47329,51.55536]},"properties":{"name":"Power infrastructure","category":"generator","osm_type":"node","osm_id":"8212496428"}},{"type":"Feature","geometry":{"type":"Point","coordinates":[-0.47078,51.55673]},"properties":{"name":"Power infrastructure","category":"generator","osm_type":"node","osm_id":"8212496429"}},{"type":"Feature","geometry":{"type":"Point","coordinates":[-0.47397,51.54952]},"properties":{"name":"Power infrastructure","category":"generator","osm_type":"node","osm_id":"8212496430"}},{"type":"Feature","geometry":{"type":"Point","coordinates":[-0.47159,51.5563]},"properties":{"name":"Power infrastructure","category":"generator","osm_type":"node","osm_id":"8212496431"}},{"type":"Feature","geometry":{"type":"Point","coordinates":[-0.47433,51.5567]},"properties":{"name":"Power infrastructure","category":"generator","osm_type":"node","osm_id":"8212496432"}},{"type":"Feature","geometry":{"type":"Point","coordinates":[-0.47328,51.55522]},"properties":{"name":"Power infrastructure","category":"generator","osm_type":"node","osm_id":"8212496433"}},{"type":"Feature","geometry":{"type":"Point","coordinates":[-0.47457,51.55651]},"properties":{"name":"Power infrastructure","category":"generator","osm_type":"node","osm_id":"8212496434"}},{"type":"Feature","geometry":{"type":"Point","coordinates":[-0.48044,51.74556]},"properties":{"name":"Power infrastructure","category":"generator","osm_type":"node","osm_id":"8213640918"}},{"type":"Feature","geometry":{"type":"Point","coordinates":[-0.48302,51.75032]},"properties":{"name":"Power infrastructure","category":"generator","osm_type":"node","osm_id":"8213640921"}},{"type":"Feature","geometry":{"type":"Point","coordinates":[-0.48292,51.75166]},"properties":{"name":"Power infrastructure","category":"generator","osm_type":"node","osm_id":"8213640922"}},{"type":"Feature","geometry":{"type":"Point","coordinates":[-0.48442,51.75517]},"properties":{"name":"Power infrastructure","category":"generator","osm_type":"node","osm_id":"8213640926"}},{"type":"Feature","geometry":{"type":"Point","coordinates":[-0.48501,51.7556]},"properties":{"name":"Power infrastructure","category":"generator","osm_type":"node","osm_id":"8213640928"}},{"type":"Feature","geometry":{"type":"Point","coordinates":[-0.48301,51.7554]},"properties":{"name":"Power infrastructure","category":"generator","osm_type":"node","osm_id":"8213640931"}},{"type":"Feature","geometry":{"type":"Point","coordinates":[-0.48312,51.75297]},"properties":{"name":"Power infrastructure","category":"generator","osm_type":"node","osm_id":"8213640932"}},{"type":"Feature","geometry":{"type":"Point","coordinates":[-0.48308,51.75297]},"properties":{"name":"Power infrastructure","category":"generator","osm_type":"node","osm_id":"8213640933"}},{"type":"Feature","geometry":{"type":"Point","coordinates":[-0.4828,51.75274]},"properties":{"name":"Power infrastructure","category":"generator","osm_type":"node","osm_id":"8213640934"}},{"type":"Feature","geometry":{"type":"Point","coordinates":[-0.48103,51.75159]},"properties":{"name":"Power infrastructure","category":"generator","osm_type":"node","osm_id":"8213640937"}},{"type":"Feature","geometry":{"type":"Point","coordinates":[-0.48484,51.74745]},"properties":{"name":"Power infrastructure","category":"generator","osm_type":"node","osm_id":"8213640940"}},{"type":"Feature","geometry":{"type":"Point","coordinates":[-0.48416,51.74657]},"properties":{"name":"Power infrastructure","category":"generator","osm_type":"node","osm_id":"8213640941"}},{"type":"Feature","geometry":{"type":"Point","coordinates":[-0.48417,51.7465]},"properties":{"name":"Power infrastructure","category":"generator","osm_type":"node","osm_id":"8213640942"}},{"type":"Feature","geometry":{"type":"Point","coordinates":[-0.48654,51.74796]},"properties":{"name":"Power infrastructure","category":"generator","osm_type":"node","osm_id":"8213640944"}},{"type":"Feature","geometry":{"type":"Point","coordinates":[-0.48834,51.74707]},"properties":{"name":"Power infrastructure","category":"generator","osm_type":"node","osm_id":"8213640948"}},{"type":"Feature","geometry":{"type":"Point","coordinates":[-0.48827,51.74704]},"properties":{"name":"Power infrastructure","category":"generator","osm_type":"node","osm_id":"8213640949"}},{"type":"Feature","geometry":{"type":"Point","coordinates":[-0.4897,51.74637]},"properties":{"name":"Power infrastructure","category":"generator","osm_type":"node","osm_id":"8213640951"}},{"type":"Feature","geometry":{"type":"Point","coordinates":[-0.48994,51.7464]},"properties":{"name":"Power infrastructure","category":"generator","osm_type":"node","osm_id":"8213640952"}},{"type":"Feature","geometry":{"type":"Point","coordinates":[-0.49301,51.74567]},"properties":{"name":"Power infrastructure","category":"generator","osm_type":"node","osm_id":"8213640957"}},{"type":"Feature","geometry":{"type":"Point","coordinates":[-0.49533,51.74802]},"properties":{"name":"Power infrastructure","category":"generator","osm_type":"node","osm_id":"8213640961"}},{"type":"Feature","geometry":{"type":"Point","coordinates":[-0.50563,51.74717]},"properties":{"name":"Power infrastructure","category":"generator","osm_type":"node","osm_id":"8213640972"}},{"type":"Feature","geometry":{"type":"Point","coordinates":[-0.50177,51.75166]},"properties":{"name":"Power infrastructure","category":"generator","osm_type":"node","osm_id":"8213759999"}},{"type":"Feature","geometry":{"type":"Point","coordinates":[-0.49977,51.74883]},"properties":{"name":"Power infrastructure","category":"generator","osm_type":"node","osm_id":"8214737166"}},{"type":"Feature","geometry":{"type":"Point","coordinates":[-0.50197,51.74949]},"properties":{"name":"Power infrastructure","category":"generator","osm_type":"node","osm_id":"8214737168"}},{"type":"Feature","geometry":{"type":"Point","coordinates":[-0.5021,51.75561]},"properties":{"name":"Power infrastructure","category":"generator","osm_type":"node","osm_id":"8214737171"}},{"type":"Feature","geometry":{"type":"Point","coordinates":[-0.50303,51.75548]},"properties":{"name":"Power infrastructure","category":"generator","osm_type":"node","osm_id":"8214737172"}},{"type":"Feature","geometry":{"type":"Point","coordinates":[-0.50258,51.75642]},"properties":{"name":"Power infrastructure","category":"generator","osm_type":"node","osm_id":"8214737179"}},{"type":"Feature","geometry":{"type":"Point","coordinates":[-0.49768,51.75705]},"properties":{"name":"Power infrastructure","category":"generator","osm_type":"node","osm_id":"8214737180"}},{"type":"Feature","geometry":{"type":"Point","coordinates":[-0.49719,51.75703]},"properties":{"name":"Power infrastructure","category":"generator","osm_type":"node","osm_id":"8214737181"}},{"type":"Feature","geometry":{"type":"Point","coordinates":[-0.49729,51.75703]},"properties":{"name":"Power infrastructure","category":"generator","osm_type":"node","osm_id":"8214737182"}},{"type":"Feature","geometry":{"type":"Point","coordinates":[-0.49618,51.75609]},"properties":{"name":"Power infrastructure","category":"generator","osm_type":"node","osm_id":"8214737187"}},{"type":"Feature","geometry":{"type":"Point","coordinates":[-0.49554,51.75548]},"properties":{"name":"Power infrastructure","category":"generator","osm_type":"node","osm_id":"8214737188"}},{"type":"Feature","geometry":{"type":"Point","coordinates":[-0.49754,51.7552]},"properties":{"name":"Power infrastructure","category":"generator","osm_type":"node","osm_id":"8214737190"}},{"type":"Feature","geometry":{"type":"Point","coordinates":[-0.49195,51.75608]},"properties":{"name":"Power infrastructure","category":"generator","osm_type":"node","osm_id":"8214737208"}},{"type":"Feature","geometry":{"type":"Point","coordinates":[-0.49191,51.75608]},"properties":{"name":"Power infrastructure","category":"generator","osm_type":"node","osm_id":"8214737209"}},{"type":"Feature","geometry":{"type":"Point","coordinates":[-0.49249,51.75361]},"properties":{"name":"Power infrastructure","category":"generator","osm_type":"node","osm_id":"8214737212"}},{"type":"Feature","geometry":{"type":"Point","coordinates":[-0.49187,51.75479]},"properties":{"name":"Power infrastructure","category":"generator","osm_type":"node","osm_id":"8214737215"}},{"type":"Feature","geometry":{"type":"Point","coordinates":[-0.4934,51.75262]},"properties":{"name":"Power infrastructure","category":"generator","osm_type":"node","osm_id":"8214737216"}},{"type":"Feature","geometry":{"type":"Point","coordinates":[-0.49413,51.75165]},"properties":{"name":"Power infrastructure","category":"generator","osm_type":"node","osm_id":"8214758220"}},{"type":"Feature","geometry":{"type":"Point","coordinates":[-0.49344,51.75207]},"properties":{"name":"Power infrastructure","category":"generator","osm_type":"node","osm_id":"8214758223"}},{"type":"Feature","geometry":{"type":"Point","coordinates":[-0.49631,51.75174]},"properties":{"name":"Power infrastructure","category":"generator","osm_type":"node","osm_id":"8214758226"}},{"type":"Feature","geometry":{"type":"Point","coordinates":[-0.49632,51.75171]},"properties":{"name":"Power infrastructure","category":"generator","osm_type":"node","osm_id":"8214758227"}},{"type":"Feature","geometry":{"type":"Point","coordinates":[-0.49659,51.75176]},"properties":{"name":"Power infrastructure","category":"generator","osm_type":"node","osm_id":"8214758230"}},{"type":"Feature","geometry":{"type":"Point","coordinates":[-0.49538,51.74916]},"properties":{"name":"Power infrastructure","category":"generator","osm_type":"node","osm_id":"8214758231"}},{"type":"Feature","geometry":{"type":"Point","coordinates":[-0.49487,51.7493]},"properties":{"name":"Power infrastructure","category":"generator","osm_type":"node","osm_id":"8214758232"}},{"type":"Feature","geometry":{"type":"Point","coordinates":[-0.49498,51.74929]},"properties":{"name":"Power infrastructure","category":"generator","osm_type":"node","osm_id":"8214758233"}},{"type":"Feature","geometry":{"type":"Point","coordinates":[-0.49711,51.75435]},"properties":{"name":"Power infrastructure","category":"generator","osm_type":"node","osm_id":"8214758237"}},{"type":"Feature","geometry":{"type":"Point","coordinates":[-0.49763,51.75408]},"properties":{"name":"Power infrastructure","category":"generator","osm_type":"node","osm_id":"8214758238"}},{"type":"Feature","geometry":{"type":"Point","coordinates":[-0.49923,51.7562]},"properties":{"name":"Power infrastructure","category":"generator","osm_type":"node","osm_id":"8214758239"}},{"type":"Feature","geometry":{"type":"Point","coordinates":[-0.49215,51.74839]},"properties":{"name":"Power infrastructure","category":"generator","osm_type":"node","osm_id":"8215169138"}},{"type":"Feature","geometry":{"type":"Point","coordinates":[-0.4926,51.7485]},"properties":{"name":"Power infrastructure","category":"generator","osm_type":"node","osm_id":"8215169139"}},{"type":"Feature","geometry":{"type":"Point","coordinates":[-0.49085,51.75059]},"properties":{"name":"Power infrastructure","category":"generator","osm_type":"node","osm_id":"8215169141"}},{"type":"Feature","geometry":{"type":"Point","coordinates":[-0.4895,51.75093]},"properties":{"name":"Power infrastructure","category":"generator","osm_type":"node","osm_id":"8215169142"}},{"type":"Feature","geometry":{"type":"Point","coordinates":[-0.48703,51.75041]},"properties":{"name":"Power infrastructure","category":"generator","osm_type":"node","osm_id":"8215169144"}},{"type":"Feature","geometry":{"type":"Point","coordinates":[-0.48551,51.75059]},"properties":{"name":"Power infrastructure","category":"generator","osm_type":"node","osm_id":"8215169146"}},{"type":"Feature","geometry":{"type":"Point","coordinates":[-0.48481,51.74994]},"properties":{"name":"Power infrastructure","category":"generator","osm_type":"node","osm_id":"8215169147"}},{"type":"Feature","geometry":{"type":"Point","coordinates":[-0.48846,51.74977]},"properties":{"name":"Power infrastructure","category":"generator","osm_type":"node","osm_id":"8215237505"}},{"type":"Feature","geometry":{"type":"Point","coordinates":[-0.48829,51.74976]},"properties":{"name":"Power infrastructure","category":"generator","osm_type":"node","osm_id":"8215237506"}},{"type":"Feature","geometry":{"type":"Point","coordinates":[-0.49349,51.75064]},"properties":{"name":"Power infrastructure","category":"generator","osm_type":"node","osm_id":"8215237511"}},{"type":"Feature","geometry":{"type":"Point","coordinates":[-0.49096,51.75182]},"properties":{"name":"Power infrastructure","category":"generator","osm_type":"node","osm_id":"8215237513"}},{"type":"Feature","geometry":{"type":"Point","coordinates":[-0.49069,51.75242]},"properties":{"name":"Power infrastructure","category":"generator","osm_type":"node","osm_id":"8215237514"}},{"type":"Feature","geometry":{"type":"Point","coordinates":[-0.49072,51.75268]},"properties":{"name":"Power infrastructure","category":"generator","osm_type":"node","osm_id":"8215237515"}},{"type":"Feature","geometry":{"type":"Point","coordinates":[-0.48846,51.75482]},"properties":{"name":"Power infrastructure","category":"generator","osm_type":"node","osm_id":"8215240219"}},{"type":"Feature","geometry":{"type":"Point","coordinates":[-0.48736,51.75208]},"properties":{"name":"Power infrastructure","category":"generator","osm_type":"node","osm_id":"8215240220"}},{"type":"Feature","geometry":{"type":"Point","coordinates":[-0.50409,51.75699]},"properties":{"name":"Power infrastructure","category":"generator","osm_type":"node","osm_id":"8215431887"}},{"type":"Feature","geometry":{"type":"Point","coordinates":[-0.50548,51.75731]},"properties":{"name":"Power infrastructure","category":"generator","osm_type":"node","osm_id":"8215431888"}},{"type":"Feature","geometry":{"type":"Point","coordinates":[-0.50131,51.76175]},"properties":{"name":"Power infrastructure","category":"generator","osm_type":"node","osm_id":"8215431894"}},{"type":"Feature","geometry":{"type":"Point","coordinates":[-0.50321,51.75941]},"properties":{"name":"Power infrastructure","category":"generator","osm_type":"node","osm_id":"8215431896"}},{"type":"Feature","geometry":{"type":"Point","coordinates":[-0.49866,51.76155]},"properties":{"name":"Power infrastructure","category":"generator","osm_type":"node","osm_id":"8215431916"}},{"type":"Feature","geometry":{"type":"Point","coordinates":[-0.49818,51.76149]},"properties":{"name":"Power infrastructure","category":"generator","osm_type":"node","osm_id":"8215521217"}},{"type":"Feature","geometry":{"type":"Point","coordinates":[-0.49433,51.76123]},"properties":{"name":"Power infrastructure","category":"generator","osm_type":"node","osm_id":"8215521218"}},{"type":"Feature","geometry":{"type":"Point","coordinates":[-0.49282,51.76011]},"properties":{"name":"Power infrastructure","category":"generator","osm_type":"node","osm_id":"8215521219"}},{"type":"Feature","geometry":{"type":"Point","coordinates":[-0.49278,51.76013]},"properties":{"name":"Power infrastructure","category":"generator","osm_type":"node","osm_id":"8215521220"}},{"type":"Feature","geometry":{"type":"Point","coordinates":[-0.49552,51.75825]},"properties":{"name":"Power infrastructure","category":"generator","osm_type":"node","osm_id":"8215521225"}},{"type":"Feature","geometry":{"type":"Point","coordinates":[-0.49964,51.76239]},"properties":{"name":"Power infrastructure","category":"generator","osm_type":"node","osm_id":"8215521230"}},{"type":"Feature","geometry":{"type":"Point","coordinates":[-0.48971,51.75725]},"properties":{"name":"Power infrastructure","category":"generator","osm_type":"node","osm_id":"8215521238"}},{"type":"Feature","geometry":{"type":"Point","coordinates":[-0.48871,51.53775]},"properties":{"name":"Power infrastructure","category":"generator","osm_type":"node","osm_id":"8218750885"}},{"type":"Feature","geometry":{"type":"Point","coordinates":[-0.48893,51.53775]},"properties":{"name":"Power infrastructure","category":"generator","osm_type":"node","osm_id":"8218750886"}},{"type":"Feature","geometry":{"type":"Point","coordinates":[-0.4733,51.50952]},"properties":{"name":"Power infrastructure","category":"generator","osm_type":"node","osm_id":"8218750887"}},{"type":"Feature","geometry":{"type":"Point","coordinates":[-0.48882,51.53675]},"properties":{"name":"Power infrastructure","category":"generator","osm_type":"node","osm_id":"8218750889"}},{"type":"Feature","geometry":{"type":"Point","coordinates":[-0.47351,51.5111]},"properties":{"name":"Power infrastructure","category":"generator","osm_type":"node","osm_id":"8218750890"}},{"type":"Feature","geometry":{"type":"Point","coordinates":[-0.48893,51.53771]},"properties":{"name":"Power infrastructure","category":"generator","osm_type":"node","osm_id":"8218750891"}},{"type":"Feature","geometry":{"type":"Point","coordinates":[-0.47412,51.50734]},"properties":{"name":"Power infrastructure","category":"generator","osm_type":"node","osm_id":"8218750893"}},{"type":"Feature","geometry":{"type":"Point","coordinates":[-0.48937,51.53723]},"properties":{"name":"Power infrastructure","category":"generator","osm_type":"node","osm_id":"8218750894"}},{"type":"Feature","geometry":{"type":"Point","coordinates":[-0.48947,51.53723]},"properties":{"name":"Power infrastructure","category":"generator","osm_type":"node","osm_id":"8218750897"}},{"type":"Feature","geometry":{"type":"Point","coordinates":[-0.48921,51.53693]},"properties":{"name":"Power infrastructure","category":"generator","osm_type":"node","osm_id":"8218750899"}},{"type":"Feature","geometry":{"type":"Point","coordinates":[-0.47432,51.50328]},"properties":{"name":"Power infrastructure","category":"generator","osm_type":"node","osm_id":"8218750900"}},{"type":"Feature","geometry":{"type":"Point","coordinates":[-0.4794,51.51616]},"properties":{"name":"Power infrastructure","category":"generator","osm_type":"node","osm_id":"8218750902"}},{"type":"Feature","geometry":{"type":"Point","coordinates":[-0.47259,51.51747]},"properties":{"name":"Power infrastructure","category":"generator","osm_type":"node","osm_id":"8218750903"}},{"type":"Feature","geometry":{"type":"Point","coordinates":[-0.47361,51.51105]},"properties":{"name":"Power infrastructure","category":"generator","osm_type":"node","osm_id":"8218750905"}},{"type":"Feature","geometry":{"type":"Point","coordinates":[-0.4892,51.5369]},"properties":{"name":"Power infrastructure","category":"generator","osm_type":"node","osm_id":"8218750908"}},{"type":"Feature","geometry":{"type":"Point","coordinates":[-0.49233,51.53658]},"properties":{"name":"Power infrastructure","category":"generator","osm_type":"node","osm_id":"8218750909"}},{"type":"Feature","geometry":{"type":"Point","coordinates":[-0.48904,51.53771]},"properties":{"name":"Power infrastructure","category":"generator","osm_type":"node","osm_id":"8218750910"}},{"type":"Feature","geometry":{"type":"Point","coordinates":[-0.49173,51.54062]},"properties":{"name":"Power infrastructure","category":"generator","osm_type":"node","osm_id":"8218750911"}},{"type":"Feature","geometry":{"type":"Point","coordinates":[-0.46364,51.51804]},"properties":{"name":"Power infrastructure","category":"generator","osm_type":"node","osm_id":"8218750912"}},{"type":"Feature","geometry":{"type":"Point","coordinates":[-0.47179,51.50718]},"properties":{"name":"Power infrastructure","category":"generator","osm_type":"node","osm_id":"8218759718"}},{"type":"Feature","geometry":{"type":"Point","coordinates":[-0.48937,51.53771]},"properties":{"name":"Power infrastructure","category":"generator","osm_type":"node","osm_id":"8218759719"}},{"type":"Feature","geometry":{"type":"Point","coordinates":[-0.48925,51.53727]},"properties":{"name":"Power infrastructure","category":"generator","osm_type":"node","osm_id":"8218759723"}},{"type":"Feature","geometry":{"type":"Point","coordinates":[-0.4727,51.51763]},"properties":{"name":"Power infrastructure","category":"generator","osm_type":"node","osm_id":"8218759724"}},{"type":"Feature","geometry":{"type":"Point","coordinates":[-0.49025,51.53734]},"properties":{"name":"Power infrastructure","category":"generator","osm_type":"node","osm_id":"8218759725"}},{"type":"Feature","geometry":{"type":"Point","coordinates":[-0.47271,51.5093]},"properties":{"name":"Power infrastructure","category":"generator","osm_type":"node","osm_id":"8218759727"}},{"type":"Feature","geometry":{"type":"Point","coordinates":[-0.48947,51.53727]},"properties":{"name":"Power infrastructure","category":"generator","osm_type":"node","osm_id":"8218759729"}},{"type":"Feature","geometry":{"type":"Point","coordinates":[-0.49022,51.53731]},"properties":{"name":"Power infrastructure","category":"generator","osm_type":"node","osm_id":"8218759730"}},{"type":"Feature","geometry":{"type":"Point","coordinates":[-0.47322,51.50957]},"properties":{"name":"Power infrastructure","category":"generator","osm_type":"node","osm_id":"8218759732"}},{"type":"Feature","geometry":{"type":"Point","coordinates":[-0.48929,51.53676]},"properties":{"name":"Power infrastructure","category":"generator","osm_type":"node","osm_id":"8218759733"}},{"type":"Feature","geometry":{"type":"Point","coordinates":[-0.47244,51.51775]},"properties":{"name":"Power infrastructure","category":"generator","osm_type":"node","osm_id":"8218759735"}},{"type":"Feature","geometry":{"type":"Point","coordinates":[-0.49018,51.53741]},"properties":{"name":"Power infrastructure","category":"generator","osm_type":"node","osm_id":"8218759737"}},{"type":"Feature","geometry":{"type":"Point","coordinates":[-0.4923,51.53653]},"properties":{"name":"Power infrastructure","category":"generator","osm_type":"node","osm_id":"8218759738"}},{"type":"Feature","geometry":{"type":"Point","coordinates":[-0.49098,51.54067]},"properties":{"name":"Power infrastructure","category":"generator","osm_type":"node","osm_id":"8218759739"}},{"type":"Feature","geometry":{"type":"Point","coordinates":[-0.4716,51.51721]},"properties":{"name":"Power infrastructure","category":"generator","osm_type":"node","osm_id":"8218759743"}},{"type":"Feature","geometry":{"type":"Point","coordinates":[-0.46593,51.51918]},"properties":{"name":"Power infrastructure","category":"generator","osm_type":"node","osm_id":"8218759744"}},{"type":"Feature","geometry":{"type":"Point","coordinates":[-0.47253,51.51803]},"properties":{"name":"Power infrastructure","category":"generator","osm_type":"node","osm_id":"8218759746"}},{"type":"Feature","geometry":{"type":"Point","coordinates":[-0.47341,51.50956]},"properties":{"name":"Power infrastructure","category":"generator","osm_type":"node","osm_id":"8218759747"}},{"type":"Feature","geometry":{"type":"Point","coordinates":[-0.48925,51.53723]},"properties":{"name":"Power infrastructure","category":"generator","osm_type":"node","osm_id":"8218759749"}},{"type":"Feature","geometry":{"type":"Point","coordinates":[-0.48935,51.53774]},"properties":{"name":"Power infrastructure","category":"generator","osm_type":"node","osm_id":"8218759750"}},{"type":"Feature","geometry":{"type":"Point","coordinates":[-0.48914,51.53774]},"properties":{"name":"Power infrastructure","category":"generator","osm_type":"node","osm_id":"8218759752"}},{"type":"Feature","geometry":{"type":"Point","coordinates":[-0.46358,51.51803]},"properties":{"name":"Power infrastructure","category":"generator","osm_type":"node","osm_id":"8218759753"}},{"type":"Feature","geometry":{"type":"Point","coordinates":[-0.48914,51.53676]},"properties":{"name":"Power infrastructure","category":"generator","osm_type":"node","osm_id":"8218759754"}},{"type":"Feature","geometry":{"type":"Point","coordinates":[-0.49012,51.53735]},"properties":{"name":"Power infrastructure","category":"generator","osm_type":"node","osm_id":"8218759756"}},{"type":"Feature","geometry":{"type":"Point","coordinates":[-0.49083,51.54071]},"properties":{"name":"Power infrastructure","category":"generator","osm_type":"node","osm_id":"8218759757"}},{"type":"Feature","geometry":{"type":"Point","coordinates":[-0.49038,51.53734]},"properties":{"name":"Power infrastructure","category":"generator","osm_type":"node","osm_id":"8218759758"}},{"type":"Feature","geometry":{"type":"Point","coordinates":[-0.48018,51.50246]},"properties":{"name":"Power infrastructure","category":"generator","osm_type":"node","osm_id":"8218759762"}},{"type":"Feature","geometry":{"type":"Point","coordinates":[-0.47356,51.51117]},"properties":{"name":"Power infrastructure","category":"generator","osm_type":"node","osm_id":"8218759763"}},{"type":"Feature","geometry":{"type":"Point","coordinates":[-0.4915,51.5401]},"properties":{"name":"Power infrastructure","category":"generator","osm_type":"node","osm_id":"8218759769"}},{"type":"Feature","geometry":{"type":"Point","coordinates":[-0.4726,51.51777]},"properties":{"name":"Power infrastructure","category":"generator","osm_type":"node","osm_id":"8218759772"}},{"type":"Feature","geometry":{"type":"Point","coordinates":[-0.48925,51.53774]},"properties":{"name":"Power infrastructure","category":"generator","osm_type":"node","osm_id":"8218759773"}},{"type":"Feature","geometry":{"type":"Point","coordinates":[-0.479,51.51532]},"properties":{"name":"Power infrastructure","category":"generator","osm_type":"node","osm_id":"8218759774"}},{"type":"Feature","geometry":{"type":"Point","coordinates":[-0.49015,51.53738]},"properties":{"name":"Power infrastructure","category":"generator","osm_type":"node","osm_id":"8218759775"}},{"type":"Feature","geometry":{"type":"Point","coordinates":[-0.47279,51.50949]},"properties":{"name":"Power infrastructure","category":"generator","osm_type":"node","osm_id":"8218759777"}},{"type":"Feature","geometry":{"type":"Point","coordinates":[-0.47422,51.50732]},"properties":{"name":"Power infrastructure","category":"generator","osm_type":"node","osm_id":"8218759778"}},{"type":"Feature","geometry":{"type":"Point","coordinates":[-0.48885,51.53778]},"properties":{"name":"Power infrastructure","category":"generator","osm_type":"node","osm_id":"8218759779"}},{"type":"Feature","geometry":{"type":"Point","coordinates":[-0.47319,51.50952]},"properties":{"name":"Power infrastructure","category":"generator","osm_type":"node","osm_id":"8218759781"}},{"type":"Feature","geometry":{"type":"Point","coordinates":[-0.48883,51.53775]},"properties":{"name":"Power infrastructure","category":"generator","osm_type":"node","osm_id":"8218759783"}},{"type":"Feature","geometry":{"type":"Point","coordinates":[-0.4909,51.54069]},"properties":{"name":"Power infrastructure","category":"generator","osm_type":"node","osm_id":"8218759784"}},{"type":"Feature","geometry":{"type":"Point","coordinates":[-0.47251,51.51758]},"properties":{"name":"Power infrastructure","category":"generator","osm_type":"node","osm_id":"8218759785"}},{"type":"Feature","geometry":{"type":"Point","coordinates":[-0.4727,51.51752]},"properties":{"name":"Power infrastructure","category":"generator","osm_type":"node","osm_id":"8218759786"}},{"type":"Feature","geometry":{"type":"Point","coordinates":[-0.49036,51.53731]},"properties":{"name":"Power infrastructure","category":"generator","osm_type":"node","osm_id":"8218759787"}},{"type":"Feature","geometry":{"type":"Point","coordinates":[-0.48914,51.53724]},"properties":{"name":"Power infrastructure","category":"generator","osm_type":"node","osm_id":"8218759788"}},{"type":"Feature","geometry":{"type":"Point","coordinates":[-0.49048,51.53731]},"properties":{"name":"Power infrastructure","category":"generator","osm_type":"node","osm_id":"8218759789"}},{"type":"Feature","geometry":{"type":"Point","coordinates":[-0.47191,51.50723]},"properties":{"name":"Power infrastructure","category":"generator","osm_type":"node","osm_id":"8218759790"}},{"type":"Feature","geometry":{"type":"Point","coordinates":[-0.49046,51.53727]},"properties":{"name":"Power infrastructure","category":"generator","osm_type":"node","osm_id":"8218759791"}},{"type":"Feature","geometry":{"type":"Point","coordinates":[-0.47521,51.51053]},"properties":{"name":"Power infrastructure","category":"generator","osm_type":"node","osm_id":"8218759792"}},{"type":"Feature","geometry":{"type":"Point","coordinates":[-0.48904,51.53777]},"properties":{"name":"Power infrastructure","category":"generator","osm_type":"node","osm_id":"8218759793"}},{"type":"Feature","geometry":{"type":"Point","coordinates":[-0.48904,51.53775]},"properties":{"name":"Power infrastructure","category":"generator","osm_type":"node","osm_id":"8218759798"}},{"type":"Feature","geometry":{"type":"Point","coordinates":[-0.47899,51.5153]},"properties":{"name":"Power infrastructure","category":"generator","osm_type":"node","osm_id":"8218759799"}},{"type":"Feature","geometry":{"type":"Point","coordinates":[-0.48914,51.53728]},"properties":{"name":"Power infrastructure","category":"generator","osm_type":"node","osm_id":"8218759801"}},{"type":"Feature","geometry":{"type":"Point","coordinates":[-0.49203,51.54062]},"properties":{"name":"Power infrastructure","category":"generator","osm_type":"node","osm_id":"8218759802"}},{"type":"Feature","geometry":{"type":"Point","coordinates":[-0.48883,51.53772]},"properties":{"name":"Power infrastructure","category":"generator","osm_type":"node","osm_id":"8218759803"}},{"type":"Feature","geometry":{"type":"Point","coordinates":[-0.49175,51.54028]},"properties":{"name":"Power infrastructure","category":"generator","osm_type":"node","osm_id":"8218759804"}},{"type":"Feature","geometry":{"type":"Point","coordinates":[-0.47244,51.51802]},"properties":{"name":"Power infrastructure","category":"generator","osm_type":"node","osm_id":"8218759808"}},{"type":"Feature","geometry":{"type":"Point","coordinates":[-0.49073,51.54071]},"properties":{"name":"Power infrastructure","category":"generator","osm_type":"node","osm_id":"8218759809"}},{"type":"Feature","geometry":{"type":"Point","coordinates":[-0.47214,51.50719]},"properties":{"name":"Power infrastructure","category":"generator","osm_type":"node","osm_id":"8218759812"}},{"type":"Feature","geometry":{"type":"Point","coordinates":[-0.49028,51.53738]},"properties":{"name":"Power infrastructure","category":"generator","osm_type":"node","osm_id":"8218759813"}},{"type":"Feature","geometry":{"type":"Point","coordinates":[-0.4754,51.5106]},"properties":{"name":"Power infrastructure","category":"generator","osm_type":"node","osm_id":"8218759816"}},{"type":"Feature","geometry":{"type":"Point","coordinates":[-0.48925,51.53771]},"properties":{"name":"Power infrastructure","category":"generator","osm_type":"node","osm_id":"8218759818"}},{"type":"Feature","geometry":{"type":"Point","coordinates":[-0.48922,51.53777]},"properties":{"name":"Power infrastructure","category":"generator","osm_type":"node","osm_id":"8218759819"}},{"type":"Feature","geometry":{"type":"Point","coordinates":[-0.49043,51.53724]},"properties":{"name":"Power infrastructure","category":"generator","osm_type":"node","osm_id":"8218759820"}},{"type":"Feature","geometry":{"type":"Point","coordinates":[-0.48897,51.53675]},"properties":{"name":"Power infrastructure","category":"generator","osm_type":"node","osm_id":"8218759825"}},{"type":"Feature","geometry":{"type":"Point","coordinates":[-0.49033,51.53728]},"properties":{"name":"Power infrastructure","category":"generator","osm_type":"node","osm_id":"8218759826"}},{"type":"Feature","geometry":{"type":"Point","coordinates":[-0.47367,51.51111]},"properties":{"name":"Power infrastructure","category":"generator","osm_type":"node","osm_id":"8218759827"}},{"type":"Feature","geometry":{"type":"Point","coordinates":[-0.48936,51.53727]},"properties":{"name":"Power infrastructure","category":"generator","osm_type":"node","osm_id":"8218759828"}},{"type":"Feature","geometry":{"type":"Point","coordinates":[-0.47433,51.51439]},"properties":{"name":"Power infrastructure","category":"generator","osm_type":"node","osm_id":"8218759829"}},{"type":"Feature","geometry":{"type":"Point","coordinates":[-0.4791,51.51556]},"properties":{"name":"Power infrastructure","category":"generator","osm_type":"node","osm_id":"8218759830"}},{"type":"Feature","geometry":{"type":"Point","coordinates":[-0.4735,51.50956]},"properties":{"name":"Power infrastructure","category":"generator","osm_type":"node","osm_id":"8218759837"}},{"type":"Feature","geometry":{"type":"Point","coordinates":[-0.48915,51.53771]},"properties":{"name":"Power infrastructure","category":"generator","osm_type":"node","osm_id":"8218759838"}},{"type":"Feature","geometry":{"type":"Point","coordinates":[-0.47345,51.5096]},"properties":{"name":"Power infrastructure","category":"generator","osm_type":"node","osm_id":"8218759840"}},{"type":"Feature","geometry":{"type":"Point","coordinates":[-0.4887,51.53772]},"properties":{"name":"Power infrastructure","category":"generator","osm_type":"node","osm_id":"8218759841"}},{"type":"Feature","geometry":{"type":"Point","coordinates":[-0.47944,51.51616]},"properties":{"name":"Power infrastructure","category":"generator","osm_type":"node","osm_id":"8218759842"}},{"type":"Feature","geometry":{"type":"Point","coordinates":[-0.50556,51.75762]},"properties":{"name":"Power infrastructure","category":"generator","osm_type":"node","osm_id":"8219575266"}},{"type":"Feature","geometry":{"type":"Point","coordinates":[-0.50572,51.75919]},"properties":{"name":"Power infrastructure","category":"generator","osm_type":"node","osm_id":"8219575268"}},{"type":"Feature","geometry":{"type":"Point","coordinates":[-0.50759,51.75966]},"properties":{"name":"Power infrastructure","category":"generator","osm_type":"node","osm_id":"8219575271"}},{"type":"Feature","geometry":{"type":"Point","coordinates":[-0.50252,51.76038]},"properties":{"name":"Power infrastructure","category":"generator","osm_type":"node","osm_id":"8219575272"}},{"type":"Feature","geometry":{"type":"Point","coordinates":[-0.50096,51.76484]},"properties":{"name":"Power infrastructure","category":"generator","osm_type":"node","osm_id":"8219575278"}},{"type":"Feature","geometry":{"type":"Point","coordinates":[-0.49693,51.76589]},"properties":{"name":"Power infrastructure","category":"generator","osm_type":"node","osm_id":"8219647136"}},{"type":"Feature","geometry":{"type":"Point","coordinates":[-0.49685,51.7646]},"properties":{"name":"Power infrastructure","category":"generator","osm_type":"node","osm_id":"8219647142"}},{"type":"Feature","geometry":{"type":"Point","coordinates":[-0.48647,51.76163]},"properties":{"name":"Power infrastructure","category":"generator","osm_type":"node","osm_id":"8219893288"}},{"type":"Feature","geometry":{"type":"Point","coordinates":[-0.48235,51.76115]},"properties":{"name":"Power infrastructure","category":"generator","osm_type":"node","osm_id":"8219893300"}},{"type":"Feature","geometry":{"type":"Point","coordinates":[-0.48156,51.76066]},"properties":{"name":"Power infrastructure","category":"generator","osm_type":"node","osm_id":"8219893305"}},{"type":"Feature","geometry":{"type":"Point","coordinates":[-0.48149,51.76066]},"properties":{"name":"Power infrastructure","category":"generator","osm_type":"node","osm_id":"8219893306"}},{"type":"Feature","geometry":{"type":"Point","coordinates":[-0.48171,51.76083]},"properties":{"name":"Power infrastructure","category":"generator","osm_type":"node","osm_id":"8219893307"}},{"type":"Feature","geometry":{"type":"Point","coordinates":[-0.48116,51.76148]},"properties":{"name":"Power infrastructure","category":"generator","osm_type":"node","osm_id":"8219893308"}},{"type":"Feature","geometry":{"type":"Point","coordinates":[-0.48195,51.76125]},"properties":{"name":"Power infrastructure","category":"generator","osm_type":"node","osm_id":"8219893309"}},{"type":"Feature","geometry":{"type":"Point","coordinates":[-0.48247,51.76281]},"properties":{"name":"Power infrastructure","category":"generator","osm_type":"node","osm_id":"8219893316"}},{"type":"Feature","geometry":{"type":"Point","coordinates":[-0.484,51.76179]},"properties":{"name":"Power infrastructure","category":"generator","osm_type":"node","osm_id":"8219915220"}},{"type":"Feature","geometry":{"type":"Point","coordinates":[-0.48385,51.76296]},"properties":{"name":"Power infrastructure","category":"generator","osm_type":"node","osm_id":"8219915225"}},{"type":"Feature","geometry":{"type":"Point","coordinates":[-0.48381,51.76297]},"properties":{"name":"Power infrastructure","category":"generator","osm_type":"node","osm_id":"8219915226"}},{"type":"Feature","geometry":{"type":"Point","coordinates":[-0.48222,51.76326]},"properties":{"name":"Power infrastructure","category":"generator","osm_type":"node","osm_id":"8220003810"}},{"type":"Feature","geometry":{"type":"Point","coordinates":[-0.48613,51.76323]},"properties":{"name":"Power infrastructure","category":"generator","osm_type":"node","osm_id":"8220003811"}},{"type":"Feature","geometry":{"type":"Point","coordinates":[-0.48679,51.76394]},"properties":{"name":"Power infrastructure","category":"generator","osm_type":"node","osm_id":"8220003812"}},{"type":"Feature","geometry":{"type":"Point","coordinates":[-0.4866,51.76395]},"properties":{"name":"Power infrastructure","category":"generator","osm_type":"node","osm_id":"8220003813"}},{"type":"Feature","geometry":{"type":"Point","coordinates":[-0.48524,51.7644]},"properties":{"name":"Power infrastructure","category":"generator","osm_type":"node","osm_id":"8220003816"}},{"type":"Feature","geometry":{"type":"Point","coordinates":[-0.48518,51.76441]},"properties":{"name":"Power infrastructure","category":"generator","osm_type":"node","osm_id":"8220031817"}},{"type":"Feature","geometry":{"type":"Point","coordinates":[-0.48261,51.76409]},"properties":{"name":"Power infrastructure","category":"generator","osm_type":"node","osm_id":"8220031818"}},{"type":"Feature","geometry":{"type":"Point","coordinates":[-0.48257,51.7641]},"properties":{"name":"Power infrastructure","category":"generator","osm_type":"node","osm_id":"8220031819"}},{"type":"Feature","geometry":{"type":"Point","coordinates":[-0.48318,51.76426]},"properties":{"name":"Power infrastructure","category":"generator","osm_type":"node","osm_id":"8220031820"}},{"type":"Feature","geometry":{"type":"Point","coordinates":[-0.48538,51.7669]},"properties":{"name":"Power infrastructure","category":"generator","osm_type":"node","osm_id":"8220031827"}},{"type":"Feature","geometry":{"type":"Point","coordinates":[-0.48464,51.76709]},"properties":{"name":"Power infrastructure","category":"generator","osm_type":"node","osm_id":"8220031830"}},{"type":"Feature","geometry":{"type":"Point","coordinates":[-0.48459,51.7671]},"properties":{"name":"Power infrastructure","category":"generator","osm_type":"node","osm_id":"8220031831"}},{"type":"Feature","geometry":{"type":"Point","coordinates":[-0.52131,51.77248]},"properties":{"name":"Power infrastructure","category":"generator","osm_type":"node","osm_id":"8220253813"}},{"type":"Feature","geometry":{"type":"Point","coordinates":[-0.52121,51.7732]},"properties":{"name":"Power infrastructure","category":"generator","osm_type":"node","osm_id":"8220253814"}},{"type":"Feature","geometry":{"type":"Point","coordinates":[-0.51892,51.76715]},"properties":{"name":"Power infrastructure","category":"generator","osm_type":"node","osm_id":"8220253815"}},{"type":"Feature","geometry":{"type":"Point","coordinates":[-0.52936,51.76887]},"properties":{"name":"Power infrastructure","category":"generator","osm_type":"node","osm_id":"8220259117"}},{"type":"Feature","geometry":{"type":"Point","coordinates":[-0.54705,51.76495]},"properties":{"name":"Power infrastructure","category":"generator","osm_type":"node","osm_id":"8220259119"}},{"type":"Feature","geometry":{"type":"Point","coordinates":[-0.51865,51.77851]},"properties":{"name":"Power infrastructure","category":"generator","osm_type":"node","osm_id":"8220266907"}},{"type":"Feature","geometry":{"type":"Point","coordinates":[-0.54771,51.76428]},"properties":{"name":"Power infrastructure","category":"generator","osm_type":"node","osm_id":"8220958746"}},{"type":"Feature","geometry":{"type":"Point","coordinates":[-0.5484,51.76448]},"properties":{"name":"Power infrastructure","category":"generator","osm_type":"node","osm_id":"8220958747"}},{"type":"Feature","geometry":{"type":"Point","coordinates":[-0.54895,51.76582]},"properties":{"name":"Power infrastructure","category":"generator","osm_type":"node","osm_id":"8220958748"}},{"type":"Feature","geometry":{"type":"Point","coordinates":[-0.55211,51.76476]},"properties":{"name":"Power infrastructure","category":"generator","osm_type":"node","osm_id":"8220958749"}},{"type":"Feature","geometry":{"type":"Point","coordinates":[-0.55184,51.76477]},"properties":{"name":"Power infrastructure","category":"generator","osm_type":"node","osm_id":"8220958750"}},{"type":"Feature","geometry":{"type":"Point","coordinates":[-0.54705,51.76199]},"properties":{"name":"Power infrastructure","category":"generator","osm_type":"node","osm_id":"8220958751"}},{"type":"Feature","geometry":{"type":"Point","coordinates":[-0.5463,51.76229]},"properties":{"name":"Power infrastructure","category":"generator","osm_type":"node","osm_id":"8220958752"}},{"type":"Feature","geometry":{"type":"Point","coordinates":[-0.55101,51.75781]},"properties":{"name":"Power infrastructure","category":"generator","osm_type":"node","osm_id":"8220958753"}},{"type":"Feature","geometry":{"type":"Point","coordinates":[-0.55026,51.75616]},"properties":{"name":"Power infrastructure","category":"generator","osm_type":"node","osm_id":"8220989865"}},{"type":"Feature","geometry":{"type":"Point","coordinates":[-0.61271,51.78254]},"properties":{"name":"Power infrastructure","category":"generator","osm_type":"node","osm_id":"8221042529"}},{"type":"Feature","geometry":{"type":"Point","coordinates":[-0.47537,51.52871]},"properties":{"name":"Power infrastructure","category":"generator","osm_type":"node","osm_id":"8221578809"}},{"type":"Feature","geometry":{"type":"Point","coordinates":[-0.48721,51.53623]},"properties":{"name":"Power infrastructure","category":"generator","osm_type":"node","osm_id":"8221578810"}},{"type":"Feature","geometry":{"type":"Point","coordinates":[-0.48547,51.5307]},"properties":{"name":"Power infrastructure","category":"generator","osm_type":"node","osm_id":"8221578811"}},{"type":"Feature","geometry":{"type":"Point","coordinates":[-0.476,51.5268]},"properties":{"name":"Power infrastructure","category":"generator","osm_type":"node","osm_id":"8221578812"}},{"type":"Feature","geometry":{"type":"Point","coordinates":[-0.4467,51.5264]},"properties":{"name":"Power infrastructure","category":"generator","osm_type":"node","osm_id":"8221578814"}},{"type":"Feature","geometry":{"type":"Point","coordinates":[-0.48297,51.52137]},"properties":{"name":"Power infrastructure","category":"generator","osm_type":"node","osm_id":"8221578815"}},{"type":"Feature","geometry":{"type":"Point","coordinates":[-0.48265,51.52134]},"properties":{"name":"Power infrastructure","category":"generator","osm_type":"node","osm_id":"8221578816"}},{"type":"Feature","geometry":{"type":"Point","coordinates":[-0.46737,51.53981]},"properties":{"name":"Power infrastructure","category":"generator","osm_type":"node","osm_id":"8221630417"}},{"type":"Feature","geometry":{"type":"Point","coordinates":[-0.45255,51.52795]},"properties":{"name":"Power infrastructure","category":"generator","osm_type":"node","osm_id":"8221630418"}},{"type":"Feature","geometry":{"type":"Point","coordinates":[-0.48556,51.53623]},"properties":{"name":"Power infrastructure","category":"generator","osm_type":"node","osm_id":"8221630419"}},{"type":"Feature","geometry":{"type":"Point","coordinates":[-0.48661,51.53552]},"properties":{"name":"Power infrastructure","category":"generator","osm_type":"node","osm_id":"8221630420"}},{"type":"Feature","geometry":{"type":"Point","coordinates":[-0.48572,51.53624]},"properties":{"name":"Power infrastructure","category":"generator","osm_type":"node","osm_id":"8221630421"}},{"type":"Feature","geometry":{"type":"Point","coordinates":[-0.45134,51.52849]},"properties":{"name":"Power infrastructure","category":"generator","osm_type":"node","osm_id":"8221630422"}},{"type":"Feature","geometry":{"type":"Point","coordinates":[-0.48647,51.53704]},"properties":{"name":"Power infrastructure","category":"generator","osm_type":"node","osm_id":"8221630423"}},{"type":"Feature","geometry":{"type":"Point","coordinates":[-0.45066,51.528]},"properties":{"name":"Power infrastructure","category":"generator","osm_type":"node","osm_id":"8221630424"}},{"type":"Feature","geometry":{"type":"Point","coordinates":[-0.45166,51.52816]},"properties":{"name":"Power infrastructure","category":"generator","osm_type":"node","osm_id":"8221630425"}}]}