{"type":"FeatureCollection","features":[{"type":"Feature","geometry":{"type":"Point","coordinates":[-1.44128,54.92787]},"properties":{"name":"Power infrastructure","category":"generator","osm_type":"node","osm_id":"6734415449"}},{"type":"Feature","geometry":{"type":"Point","coordinates":[-1.44119,54.92788]},"properties":{"name":"Power infrastructure","category":"generator","osm_type":"node","osm_id":"6734415450"}},{"type":"Feature","geometry":{"type":"Point","coordinates":[-1.44154,54.92766]},"properties":{"name":"Power infrastructure","category":"generator","osm_type":"node","osm_id":"6734415451"}},{"type":"Feature","geometry":{"type":"Point","coordinates":[-1.43999,54.92824]},"properties":{"name":"Power infrastructure","category":"generator","osm_type":"node","osm_id":"6734415452"}},{"type":"Feature","geometry":{"type":"Point","coordinates":[-1.43993,54.92826]},"properties":{"name":"Power infrastructure","category":"generator","osm_type":"node","osm_id":"6734415453"}},{"type":"Feature","geometry":{"type":"Point","coordinates":[-1.43976,54.92831]},"properties":{"name":"Power infrastructure","category":"generator","osm_type":"node","osm_id":"6734415454"}},{"type":"Feature","geometry":{"type":"Point","coordinates":[-1.43861,54.92551]},"properties":{"name":"Power infrastructure","category":"generator","osm_type":"node","osm_id":"6734415455"}},{"type":"Feature","geometry":{"type":"Point","coordinates":[-1.43853,54.92541]},"properties":{"name":"Power infrastructure","category":"generator","osm_type":"node","osm_id":"6734415456"}},{"type":"Feature","geometry":{"type":"Point","coordinates":[-1.43846,54.92543]},"properties":{"name":"Power infrastructure","category":"generator","osm_type":"node","osm_id":"6734415457"}},{"type":"Feature","geometry":{"type":"Point","coordinates":[-1.41124,54.93059]},"properties":{"name":"Power infrastructure","category":"generator","osm_type":"node","osm_id":"6734431300"}},{"type":"Feature","geometry":{"type":"Point","coordinates":[-1.41241,54.93133]},"properties":{"name":"Power infrastructure","category":"generator","osm_type":"node","osm_id":"6734431301"}},{"type":"Feature","geometry":{"type":"Point","coordinates":[-1.41212,54.93077]},"properties":{"name":"Power infrastructure","category":"generator","osm_type":"node","osm_id":"6734431302"}},{"type":"Feature","geometry":{"type":"Point","coordinates":[-1.41221,54.93077]},"properties":{"name":"Power infrastructure","category":"generator","osm_type":"node","osm_id":"6734431303"}},{"type":"Feature","geometry":{"type":"Point","coordinates":[-1.41232,54.93077]},"properties":{"name":"Power infrastructure","category":"generator","osm_type":"node","osm_id":"6734431304"}},{"type":"Feature","geometry":{"type":"Point","coordinates":[-1.41244,54.93078]},"properties":{"name":"Power infrastructure","category":"generator","osm_type":"node","osm_id":"6734431305"}},{"type":"Feature","geometry":{"type":"Point","coordinates":[-1.41255,54.93077]},"properties":{"name":"Power infrastructure","category":"generator","osm_type":"node","osm_id":"6734431306"}},{"type":"Feature","geometry":{"type":"Point","coordinates":[-1.41266,54.93078]},"properties":{"name":"Power infrastructure","category":"generator","osm_type":"node","osm_id":"6734431307"}},{"type":"Feature","geometry":{"type":"Point","coordinates":[-1.41326,54.93086]},"properties":{"name":"Power infrastructure","category":"generator","osm_type":"node","osm_id":"6734431308"}},{"type":"Feature","geometry":{"type":"Point","coordinates":[-1.41326,54.93081]},"properties":{"name":"Power infrastructure","category":"generator","osm_type":"node","osm_id":"6734431309"}},{"type":"Feature","geometry":{"type":"Point","coordinates":[-1.41325,54.93072]},"properties":{"name":"Power infrastructure","category":"generator","osm_type":"node","osm_id":"6734431310"}},{"type":"Feature","geometry":{"type":"Point","coordinates":[-1.41325,54.93066]},"properties":{"name":"Power infrastructure","category":"generator","osm_type":"node","osm_id":"6734431311"}},{"type":"Feature","geometry":{"type":"Point","coordinates":[-1.41324,54.93061]},"properties":{"name":"Power infrastructure","category":"generator","osm_type":"node","osm_id":"6734431312"}},{"type":"Feature","geometry":{"type":"Point","coordinates":[-1.41304,54.93052]},"properties":{"name":"Power infrastructure","category":"generator","osm_type":"node","osm_id":"6734431313"}},{"type":"Feature","geometry":{"type":"Point","coordinates":[-1.41294,54.93053]},"properties":{"name":"Power infrastructure","category":"generator","osm_type":"node","osm_id":"6734431314"}},{"type":"Feature","geometry":{"type":"Point","coordinates":[-1.41282,54.93053]},"properties":{"name":"Power infrastructure","category":"generator","osm_type":"node","osm_id":"6734431315"}},{"type":"Feature","geometry":{"type":"Point","coordinates":[-1.4127,54.93053]},"properties":{"name":"Power infrastructure","category":"generator","osm_type":"node","osm_id":"6734431316"}},{"type":"Feature","geometry":{"type":"Point","coordinates":[-1.41259,54.93053]},"properties":{"name":"Power infrastructure","category":"generator","osm_type":"node","osm_id":"6734431317"}},{"type":"Feature","geometry":{"type":"Point","coordinates":[-1.41273,54.93015]},"properties":{"name":"Power infrastructure","category":"generator","osm_type":"node","osm_id":"6734431318"}},{"type":"Feature","geometry":{"type":"Point","coordinates":[-1.41229,54.93004]},"properties":{"name":"Power infrastructure","category":"generator","osm_type":"node","osm_id":"6734431319"}},{"type":"Feature","geometry":{"type":"Point","coordinates":[-1.41229,54.93011]},"properties":{"name":"Power infrastructure","category":"generator","osm_type":"node","osm_id":"6734431320"}},{"type":"Feature","geometry":{"type":"Point","coordinates":[-1.41229,54.93018]},"properties":{"name":"Power infrastructure","category":"generator","osm_type":"node","osm_id":"6734431321"}},{"type":"Feature","geometry":{"type":"Point","coordinates":[-1.41237,54.93025]},"properties":{"name":"Power infrastructure","category":"generator","osm_type":"node","osm_id":"6734431322"}},{"type":"Feature","geometry":{"type":"Point","coordinates":[-1.41231,54.93032]},"properties":{"name":"Power infrastructure","category":"generator","osm_type":"node","osm_id":"6734431323"}},{"type":"Feature","geometry":{"type":"Point","coordinates":[-1.41124,54.93039]},"properties":{"name":"Power infrastructure","category":"generator","osm_type":"node","osm_id":"6734431324"}},{"type":"Feature","geometry":{"type":"Point","coordinates":[-1.41045,54.92994]},"properties":{"name":"Power infrastructure","category":"generator","osm_type":"node","osm_id":"6734431325"}},{"type":"Feature","geometry":{"type":"Point","coordinates":[-1.41122,54.9301]},"properties":{"name":"Power infrastructure","category":"generator","osm_type":"node","osm_id":"6734431326"}},{"type":"Feature","geometry":{"type":"Point","coordinates":[-1.41122,54.93003]},"properties":{"name":"Power infrastructure","category":"generator","osm_type":"node","osm_id":"6734431327"}},{"type":"Feature","geometry":{"type":"Point","coordinates":[-1.41158,54.93007]},"properties":{"name":"Power infrastructure","category":"generator","osm_type":"node","osm_id":"6734431328"}},{"type":"Feature","geometry":{"type":"Point","coordinates":[-1.41153,54.9298]},"properties":{"name":"Power infrastructure","category":"generator","osm_type":"node","osm_id":"6734431329"}},{"type":"Feature","geometry":{"type":"Point","coordinates":[-1.41139,54.9298]},"properties":{"name":"Power infrastructure","category":"generator","osm_type":"node","osm_id":"6734431330"}},{"type":"Feature","geometry":{"type":"Point","coordinates":[-1.41115,54.92979]},"properties":{"name":"Power infrastructure","category":"generator","osm_type":"node","osm_id":"6734431331"}},{"type":"Feature","geometry":{"type":"Point","coordinates":[-1.41164,54.92989]},"properties":{"name":"Power infrastructure","category":"generator","osm_type":"node","osm_id":"6734431332"}},{"type":"Feature","geometry":{"type":"Point","coordinates":[-1.41174,54.92989]},"properties":{"name":"Power infrastructure","category":"generator","osm_type":"node","osm_id":"6734431333"}},{"type":"Feature","geometry":{"type":"Point","coordinates":[-1.41182,54.92988]},"properties":{"name":"Power infrastructure","category":"generator","osm_type":"node","osm_id":"6734431334"}},{"type":"Feature","geometry":{"type":"Point","coordinates":[-1.41149,54.92952]},"properties":{"name":"Power infrastructure","category":"generator","osm_type":"node","osm_id":"6734431335"}},{"type":"Feature","geometry":{"type":"Point","coordinates":[-1.41127,54.92946]},"properties":{"name":"Power infrastructure","category":"generator","osm_type":"node","osm_id":"6734431336"}},{"type":"Feature","geometry":{"type":"Point","coordinates":[-1.41106,54.92925]},"properties":{"name":"Power infrastructure","category":"generator","osm_type":"node","osm_id":"6734431337"}},{"type":"Feature","geometry":{"type":"Point","coordinates":[-1.40997,54.92883]},"properties":{"name":"Power infrastructure","category":"generator","osm_type":"node","osm_id":"6734431338"}},{"type":"Feature","geometry":{"type":"Point","coordinates":[-1.41151,54.92864]},"properties":{"name":"Power infrastructure","category":"generator","osm_type":"node","osm_id":"6734431339"}},{"type":"Feature","geometry":{"type":"Point","coordinates":[-1.41151,54.92871]},"properties":{"name":"Power infrastructure","category":"generator","osm_type":"node","osm_id":"6734431340"}},{"type":"Feature","geometry":{"type":"Point","coordinates":[-1.41116,54.92872]},"properties":{"name":"Power infrastructure","category":"generator","osm_type":"node","osm_id":"6734431341"}},{"type":"Feature","geometry":{"type":"Point","coordinates":[-1.41105,54.92915]},"properties":{"name":"Power infrastructure","category":"generator","osm_type":"node","osm_id":"6734431342"}},{"type":"Feature","geometry":{"type":"Point","coordinates":[-1.41128,54.92917]},"properties":{"name":"Power infrastructure","category":"generator","osm_type":"node","osm_id":"6734431343"}},{"type":"Feature","geometry":{"type":"Point","coordinates":[-1.41142,54.92917]},"properties":{"name":"Power infrastructure","category":"generator","osm_type":"node","osm_id":"6734431344"}},{"type":"Feature","geometry":{"type":"Point","coordinates":[-1.41155,54.92917]},"properties":{"name":"Power infrastructure","category":"generator","osm_type":"node","osm_id":"6734431345"}},{"type":"Feature","geometry":{"type":"Point","coordinates":[-1.41168,54.92917]},"properties":{"name":"Power infrastructure","category":"generator","osm_type":"node","osm_id":"6734431346"}},{"type":"Feature","geometry":{"type":"Point","coordinates":[-1.41289,54.92903]},"properties":{"name":"Power infrastructure","category":"generator","osm_type":"node","osm_id":"6734431347"}},{"type":"Feature","geometry":{"type":"Point","coordinates":[-1.41194,54.92899]},"properties":{"name":"Power infrastructure","category":"generator","osm_type":"node","osm_id":"6734431348"}},{"type":"Feature","geometry":{"type":"Point","coordinates":[-1.41232,54.92912]},"properties":{"name":"Power infrastructure","category":"generator","osm_type":"node","osm_id":"6734431349"}},{"type":"Feature","geometry":{"type":"Point","coordinates":[-1.41232,54.92906]},"properties":{"name":"Power infrastructure","category":"generator","osm_type":"node","osm_id":"6734431350"}},{"type":"Feature","geometry":{"type":"Point","coordinates":[-1.41215,54.92884]},"properties":{"name":"Power infrastructure","category":"generator","osm_type":"node","osm_id":"6734431351"}},{"type":"Feature","geometry":{"type":"Point","coordinates":[-1.41214,54.92878]},"properties":{"name":"Power infrastructure","category":"generator","osm_type":"node","osm_id":"6734431352"}},{"type":"Feature","geometry":{"type":"Point","coordinates":[-1.41214,54.92871]},"properties":{"name":"Power infrastructure","category":"generator","osm_type":"node","osm_id":"6734431353"}},{"type":"Feature","geometry":{"type":"Point","coordinates":[-1.41213,54.92864]},"properties":{"name":"Power infrastructure","category":"generator","osm_type":"node","osm_id":"6734431354"}},{"type":"Feature","geometry":{"type":"Point","coordinates":[-1.41213,54.92857]},"properties":{"name":"Power infrastructure","category":"generator","osm_type":"node","osm_id":"6734431355"}},{"type":"Feature","geometry":{"type":"Point","coordinates":[-1.41206,54.92851]},"properties":{"name":"Power infrastructure","category":"generator","osm_type":"node","osm_id":"6734431356"}},{"type":"Feature","geometry":{"type":"Point","coordinates":[-1.41213,54.92844]},"properties":{"name":"Power infrastructure","category":"generator","osm_type":"node","osm_id":"6734431357"}},{"type":"Feature","geometry":{"type":"Point","coordinates":[-1.41182,54.92854]},"properties":{"name":"Power infrastructure","category":"generator","osm_type":"node","osm_id":"6734431358"}},{"type":"Feature","geometry":{"type":"Point","coordinates":[-1.4107,54.92789]},"properties":{"name":"Power infrastructure","category":"generator","osm_type":"node","osm_id":"6734431359"}},{"type":"Feature","geometry":{"type":"Point","coordinates":[-1.41124,54.92785]},"properties":{"name":"Power infrastructure","category":"generator","osm_type":"node","osm_id":"6734431360"}},{"type":"Feature","geometry":{"type":"Point","coordinates":[-1.41111,54.92804]},"properties":{"name":"Power infrastructure","category":"generator","osm_type":"node","osm_id":"6734431361"}},{"type":"Feature","geometry":{"type":"Point","coordinates":[-1.41123,54.92804]},"properties":{"name":"Power infrastructure","category":"generator","osm_type":"node","osm_id":"6734431362"}},{"type":"Feature","geometry":{"type":"Point","coordinates":[-1.41131,54.92836]},"properties":{"name":"Power infrastructure","category":"generator","osm_type":"node","osm_id":"6734431363"}},{"type":"Feature","geometry":{"type":"Point","coordinates":[-1.41144,54.92836]},"properties":{"name":"Power infrastructure","category":"generator","osm_type":"node","osm_id":"6734431364"}},{"type":"Feature","geometry":{"type":"Point","coordinates":[-1.41166,54.92822]},"properties":{"name":"Power infrastructure","category":"generator","osm_type":"node","osm_id":"6734431365"}},{"type":"Feature","geometry":{"type":"Point","coordinates":[-1.41166,54.92816]},"properties":{"name":"Power infrastructure","category":"generator","osm_type":"node","osm_id":"6734431366"}},{"type":"Feature","geometry":{"type":"Point","coordinates":[-1.41166,54.92809]},"properties":{"name":"Power infrastructure","category":"generator","osm_type":"node","osm_id":"6734431367"}},{"type":"Feature","geometry":{"type":"Point","coordinates":[-1.41166,54.92803]},"properties":{"name":"Power infrastructure","category":"generator","osm_type":"node","osm_id":"6734431368"}},{"type":"Feature","geometry":{"type":"Point","coordinates":[-1.41177,54.92785]},"properties":{"name":"Power infrastructure","category":"generator","osm_type":"node","osm_id":"6734431369"}},{"type":"Feature","geometry":{"type":"Point","coordinates":[-1.41252,54.92788]},"properties":{"name":"Power infrastructure","category":"generator","osm_type":"node","osm_id":"6734431370"}},{"type":"Feature","geometry":{"type":"Point","coordinates":[-1.41205,54.92808]},"properties":{"name":"Power infrastructure","category":"generator","osm_type":"node","osm_id":"6734431371"}},{"type":"Feature","geometry":{"type":"Point","coordinates":[-1.41214,54.92807]},"properties":{"name":"Power infrastructure","category":"generator","osm_type":"node","osm_id":"6734431372"}},{"type":"Feature","geometry":{"type":"Point","coordinates":[-1.41227,54.92823]},"properties":{"name":"Power infrastructure","category":"generator","osm_type":"node","osm_id":"6734431373"}},{"type":"Feature","geometry":{"type":"Point","coordinates":[-1.4124,54.92823]},"properties":{"name":"Power infrastructure","category":"generator","osm_type":"node","osm_id":"6734431374"}},{"type":"Feature","geometry":{"type":"Point","coordinates":[-1.41293,54.9284]},"properties":{"name":"Power infrastructure","category":"generator","osm_type":"node","osm_id":"6734431375"}},{"type":"Feature","geometry":{"type":"Point","coordinates":[-1.41264,54.92847]},"properties":{"name":"Power infrastructure","category":"generator","osm_type":"node","osm_id":"6734431376"}},{"type":"Feature","geometry":{"type":"Point","coordinates":[-1.41264,54.92852]},"properties":{"name":"Power infrastructure","category":"generator","osm_type":"node","osm_id":"6734431377"}},{"type":"Feature","geometry":{"type":"Point","coordinates":[-1.41265,54.92858]},"properties":{"name":"Power infrastructure","category":"generator","osm_type":"node","osm_id":"6734431378"}},{"type":"Feature","geometry":{"type":"Point","coordinates":[-1.41326,54.92944]},"properties":{"name":"Power infrastructure","category":"generator","osm_type":"node","osm_id":"6734431379"}},{"type":"Feature","geometry":{"type":"Point","coordinates":[-1.41326,54.92937]},"properties":{"name":"Power infrastructure","category":"generator","osm_type":"node","osm_id":"6734431380"}},{"type":"Feature","geometry":{"type":"Point","coordinates":[-1.41363,54.92914]},"properties":{"name":"Power infrastructure","category":"generator","osm_type":"node","osm_id":"6734431381"}},{"type":"Feature","geometry":{"type":"Point","coordinates":[-1.41364,54.92921]},"properties":{"name":"Power infrastructure","category":"generator","osm_type":"node","osm_id":"6734431382"}},{"type":"Feature","geometry":{"type":"Point","coordinates":[-1.41365,54.92938]},"properties":{"name":"Power infrastructure","category":"generator","osm_type":"node","osm_id":"6734431383"}},{"type":"Feature","geometry":{"type":"Point","coordinates":[-1.41378,54.92872]},"properties":{"name":"Power infrastructure","category":"generator","osm_type":"node","osm_id":"6734431384"}},{"type":"Feature","geometry":{"type":"Point","coordinates":[-1.41085,54.92549]},"properties":{"name":"Power infrastructure","category":"generator","osm_type":"node","osm_id":"6734436320"}},{"type":"Feature","geometry":{"type":"Point","coordinates":[-1.4159,54.92491]},"properties":{"name":"Power infrastructure","category":"generator","osm_type":"node","osm_id":"6734436321"}},{"type":"Feature","geometry":{"type":"Point","coordinates":[-1.41609,54.92486]},"properties":{"name":"Power infrastructure","category":"generator","osm_type":"node","osm_id":"6734436322"}},{"type":"Feature","geometry":{"type":"Point","coordinates":[-1.4162,54.92483]},"properties":{"name":"Power infrastructure","category":"generator","osm_type":"node","osm_id":"6734436323"}},{"type":"Feature","geometry":{"type":"Point","coordinates":[-1.41638,54.92479]},"properties":{"name":"Power infrastructure","category":"generator","osm_type":"node","osm_id":"6734436324"}},{"type":"Feature","geometry":{"type":"Point","coordinates":[-1.4165,54.92476]},"properties":{"name":"Power infrastructure","category":"generator","osm_type":"node","osm_id":"6734436325"}},{"type":"Feature","geometry":{"type":"Point","coordinates":[-1.42006,54.92338]},"properties":{"name":"Power infrastructure","category":"generator","osm_type":"node","osm_id":"6734436326"}},{"type":"Feature","geometry":{"type":"Point","coordinates":[-1.4201,54.92335]},"properties":{"name":"Power infrastructure","category":"generator","osm_type":"node","osm_id":"6734436327"}},{"type":"Feature","geometry":{"type":"Point","coordinates":[-1.42022,54.92323]},"properties":{"name":"Power infrastructure","category":"generator","osm_type":"node","osm_id":"6734436328"}},{"type":"Feature","geometry":{"type":"Point","coordinates":[-1.42026,54.9232]},"properties":{"name":"Power infrastructure","category":"generator","osm_type":"node","osm_id":"6734436329"}},{"type":"Feature","geometry":{"type":"Point","coordinates":[-1.42041,54.9231]},"properties":{"name":"Power infrastructure","category":"generator","osm_type":"node","osm_id":"6734436330"}},{"type":"Feature","geometry":{"type":"Point","coordinates":[-1.42046,54.92307]},"properties":{"name":"Power infrastructure","category":"generator","osm_type":"node","osm_id":"6734436331"}},{"type":"Feature","geometry":{"type":"Point","coordinates":[-1.42064,54.92297]},"properties":{"name":"Power infrastructure","category":"generator","osm_type":"node","osm_id":"6734436332"}},{"type":"Feature","geometry":{"type":"Point","coordinates":[-1.42069,54.92294]},"properties":{"name":"Power infrastructure","category":"generator","osm_type":"node","osm_id":"6734436333"}},{"type":"Feature","geometry":{"type":"Point","coordinates":[-1.4209,54.92286]},"properties":{"name":"Power infrastructure","category":"generator","osm_type":"node","osm_id":"6734436334"}},{"type":"Feature","geometry":{"type":"Point","coordinates":[-1.42096,54.92284]},"properties":{"name":"Power infrastructure","category":"generator","osm_type":"node","osm_id":"6734436335"}},{"type":"Feature","geometry":{"type":"Point","coordinates":[-1.4212,54.92279]},"properties":{"name":"Power infrastructure","category":"generator","osm_type":"node","osm_id":"6734436336"}},{"type":"Feature","geometry":{"type":"Point","coordinates":[-1.42126,54.92278]},"properties":{"name":"Power infrastructure","category":"generator","osm_type":"node","osm_id":"6734436337"}},{"type":"Feature","geometry":{"type":"Point","coordinates":[-1.42152,54.92277]},"properties":{"name":"Power infrastructure","category":"generator","osm_type":"node","osm_id":"6734436338"}},{"type":"Feature","geometry":{"type":"Point","coordinates":[-1.42158,54.92276]},"properties":{"name":"Power infrastructure","category":"generator","osm_type":"node","osm_id":"6734436339"}},{"type":"Feature","geometry":{"type":"Point","coordinates":[-1.42181,54.92274]},"properties":{"name":"Power infrastructure","category":"generator","osm_type":"node","osm_id":"6734436340"}},{"type":"Feature","geometry":{"type":"Point","coordinates":[-1.42188,54.92274]},"properties":{"name":"Power infrastructure","category":"generator","osm_type":"node","osm_id":"6734436341"}},{"type":"Feature","geometry":{"type":"Point","coordinates":[-1.42212,54.92273]},"properties":{"name":"Power infrastructure","category":"generator","osm_type":"node","osm_id":"6734436342"}},{"type":"Feature","geometry":{"type":"Point","coordinates":[-1.42218,54.92272]},"properties":{"name":"Power infrastructure","category":"generator","osm_type":"node","osm_id":"6734436343"}},{"type":"Feature","geometry":{"type":"Point","coordinates":[-1.42241,54.92271]},"properties":{"name":"Power infrastructure","category":"generator","osm_type":"node","osm_id":"6734436344"}},{"type":"Feature","geometry":{"type":"Point","coordinates":[-1.42249,54.92271]},"properties":{"name":"Power infrastructure","category":"generator","osm_type":"node","osm_id":"6734436345"}},{"type":"Feature","geometry":{"type":"Point","coordinates":[-1.42272,54.92269]},"properties":{"name":"Power infrastructure","category":"generator","osm_type":"node","osm_id":"6734436346"}},{"type":"Feature","geometry":{"type":"Point","coordinates":[-1.42278,54.92269]},"properties":{"name":"Power infrastructure","category":"generator","osm_type":"node","osm_id":"6734436347"}},{"type":"Feature","geometry":{"type":"Point","coordinates":[-1.42301,54.92268]},"properties":{"name":"Power infrastructure","category":"generator","osm_type":"node","osm_id":"6734436348"}},{"type":"Feature","geometry":{"type":"Point","coordinates":[-1.42308,54.92268]},"properties":{"name":"Power infrastructure","category":"generator","osm_type":"node","osm_id":"6734436349"}},{"type":"Feature","geometry":{"type":"Point","coordinates":[-1.42163,54.92317]},"properties":{"name":"Power infrastructure","category":"generator","osm_type":"node","osm_id":"6734436350"}},{"type":"Feature","geometry":{"type":"Point","coordinates":[-1.4243,54.92274]},"properties":{"name":"Power infrastructure","category":"generator","osm_type":"node","osm_id":"6734436351"}},{"type":"Feature","geometry":{"type":"Point","coordinates":[-1.42423,54.923]},"properties":{"name":"Power infrastructure","category":"generator","osm_type":"node","osm_id":"6734436352"}},{"type":"Feature","geometry":{"type":"Point","coordinates":[-1.42439,54.92299]},"properties":{"name":"Power infrastructure","category":"generator","osm_type":"node","osm_id":"6734436353"}},{"type":"Feature","geometry":{"type":"Point","coordinates":[-1.42512,54.92295]},"properties":{"name":"Power infrastructure","category":"generator","osm_type":"node","osm_id":"6734436354"}},{"type":"Feature","geometry":{"type":"Point","coordinates":[-1.42518,54.92323]},"properties":{"name":"Power infrastructure","category":"generator","osm_type":"node","osm_id":"6734436355"}},{"type":"Feature","geometry":{"type":"Point","coordinates":[-1.42482,54.92325]},"properties":{"name":"Power infrastructure","category":"generator","osm_type":"node","osm_id":"6734436356"}},{"type":"Feature","geometry":{"type":"Point","coordinates":[-1.42443,54.92326]},"properties":{"name":"Power infrastructure","category":"generator","osm_type":"node","osm_id":"6734436357"}},{"type":"Feature","geometry":{"type":"Point","coordinates":[-1.42379,54.92357]},"properties":{"name":"Power infrastructure","category":"generator","osm_type":"node","osm_id":"6734436358"}},{"type":"Feature","geometry":{"type":"Point","coordinates":[-1.42419,54.92358]},"properties":{"name":"Power infrastructure","category":"generator","osm_type":"node","osm_id":"6734436359"}},{"type":"Feature","geometry":{"type":"Point","coordinates":[-1.41405,54.92872]},"properties":{"name":"Power infrastructure","category":"generator","osm_type":"node","osm_id":"6734437985"}},{"type":"Feature","geometry":{"type":"Point","coordinates":[-1.41513,54.92869]},"properties":{"name":"Power infrastructure","category":"generator","osm_type":"node","osm_id":"6734437986"}},{"type":"Feature","geometry":{"type":"Point","coordinates":[-1.41504,54.9287]},"properties":{"name":"Power infrastructure","category":"generator","osm_type":"node","osm_id":"6734437987"}},{"type":"Feature","geometry":{"type":"Point","coordinates":[-1.41488,54.92889]},"properties":{"name":"Power infrastructure","category":"generator","osm_type":"node","osm_id":"6734437988"}},{"type":"Feature","geometry":{"type":"Point","coordinates":[-1.4146,54.92929]},"properties":{"name":"Power infrastructure","category":"generator","osm_type":"node","osm_id":"6734437989"}},{"type":"Feature","geometry":{"type":"Point","coordinates":[-1.41509,54.92929]},"properties":{"name":"Power infrastructure","category":"generator","osm_type":"node","osm_id":"6734437990"}},{"type":"Feature","geometry":{"type":"Point","coordinates":[-1.4156,54.92927]},"properties":{"name":"Power infrastructure","category":"generator","osm_type":"node","osm_id":"6734437991"}},{"type":"Feature","geometry":{"type":"Point","coordinates":[-1.41541,54.92968]},"properties":{"name":"Power infrastructure","category":"generator","osm_type":"node","osm_id":"6734437992"}},{"type":"Feature","geometry":{"type":"Point","coordinates":[-1.41556,54.92968]},"properties":{"name":"Power infrastructure","category":"generator","osm_type":"node","osm_id":"6734437993"}},{"type":"Feature","geometry":{"type":"Point","coordinates":[-1.41579,54.9297]},"properties":{"name":"Power infrastructure","category":"generator","osm_type":"node","osm_id":"6734437994"}},{"type":"Feature","geometry":{"type":"Point","coordinates":[-1.41612,54.92968]},"properties":{"name":"Power infrastructure","category":"generator","osm_type":"node","osm_id":"6734437995"}},{"type":"Feature","geometry":{"type":"Point","coordinates":[-1.41691,54.92968]},"properties":{"name":"Power infrastructure","category":"generator","osm_type":"node","osm_id":"6734437996"}},{"type":"Feature","geometry":{"type":"Point","coordinates":[-1.41874,54.92966]},"properties":{"name":"Power infrastructure","category":"generator","osm_type":"node","osm_id":"6734437997"}},{"type":"Feature","geometry":{"type":"Point","coordinates":[-1.41889,54.92966]},"properties":{"name":"Power infrastructure","category":"generator","osm_type":"node","osm_id":"6734437998"}},{"type":"Feature","geometry":{"type":"Point","coordinates":[-1.41653,54.92926]},"properties":{"name":"Power infrastructure","category":"generator","osm_type":"node","osm_id":"6734437999"}},{"type":"Feature","geometry":{"type":"Point","coordinates":[-1.41664,54.92926]},"properties":{"name":"Power infrastructure","category":"generator","osm_type":"node","osm_id":"6734438000"}},{"type":"Feature","geometry":{"type":"Point","coordinates":[-1.41675,54.92927]},"properties":{"name":"Power infrastructure","category":"generator","osm_type":"node","osm_id":"6734438001"}},{"type":"Feature","geometry":{"type":"Point","coordinates":[-1.41689,54.92926]},"properties":{"name":"Power infrastructure","category":"generator","osm_type":"node","osm_id":"6734438002"}},{"type":"Feature","geometry":{"type":"Point","coordinates":[-1.41699,54.92925]},"properties":{"name":"Power infrastructure","category":"generator","osm_type":"node","osm_id":"6734438003"}},{"type":"Feature","geometry":{"type":"Point","coordinates":[-1.41711,54.92925]},"properties":{"name":"Power infrastructure","category":"generator","osm_type":"node","osm_id":"6734438004"}},{"type":"Feature","geometry":{"type":"Point","coordinates":[-1.41812,54.92876]},"properties":{"name":"Power infrastructure","category":"generator","osm_type":"node","osm_id":"6734438005"}},{"type":"Feature","geometry":{"type":"Point","coordinates":[-1.41753,54.92889]},"properties":{"name":"Power infrastructure","category":"generator","osm_type":"node","osm_id":"6734438006"}},{"type":"Feature","geometry":{"type":"Point","coordinates":[-1.41711,54.92912]},"properties":{"name":"Power infrastructure","category":"generator","osm_type":"node","osm_id":"6734438007"}},{"type":"Feature","geometry":{"type":"Point","coordinates":[-1.41711,54.92905]},"properties":{"name":"Power infrastructure","category":"generator","osm_type":"node","osm_id":"6734438008"}},{"type":"Feature","geometry":{"type":"Point","coordinates":[-1.4171,54.92898]},"properties":{"name":"Power infrastructure","category":"generator","osm_type":"node","osm_id":"6734438009"}},{"type":"Feature","geometry":{"type":"Point","coordinates":[-1.41688,54.92888]},"properties":{"name":"Power infrastructure","category":"generator","osm_type":"node","osm_id":"6734438010"}},{"type":"Feature","geometry":{"type":"Point","coordinates":[-1.4166,54.92874]},"properties":{"name":"Power infrastructure","category":"generator","osm_type":"node","osm_id":"6734438011"}},{"type":"Feature","geometry":{"type":"Point","coordinates":[-1.41674,54.92887]},"properties":{"name":"Power infrastructure","category":"generator","osm_type":"node","osm_id":"6734438012"}},{"type":"Feature","geometry":{"type":"Point","coordinates":[-1.41672,54.92869]},"properties":{"name":"Power infrastructure","category":"generator","osm_type":"node","osm_id":"6734438013"}},{"type":"Feature","geometry":{"type":"Point","coordinates":[-1.41878,54.92884]},"properties":{"name":"Power infrastructure","category":"generator","osm_type":"node","osm_id":"6734438014"}},{"type":"Feature","geometry":{"type":"Point","coordinates":[-1.41904,54.92864]},"properties":{"name":"Power infrastructure","category":"generator","osm_type":"node","osm_id":"6734438015"}},{"type":"Feature","geometry":{"type":"Point","coordinates":[-1.41713,54.92766]},"properties":{"name":"Power infrastructure","category":"generator","osm_type":"node","osm_id":"6734438016"}},{"type":"Feature","geometry":{"type":"Point","coordinates":[-1.419,54.92829]},"properties":{"name":"Power infrastructure","category":"generator","osm_type":"node","osm_id":"6734438017"}},{"type":"Feature","geometry":{"type":"Point","coordinates":[-1.41908,54.92829]},"properties":{"name":"Power infrastructure","category":"generator","osm_type":"node","osm_id":"6734438018"}},{"type":"Feature","geometry":{"type":"Point","coordinates":[-1.41994,54.92839]},"properties":{"name":"Power infrastructure","category":"generator","osm_type":"node","osm_id":"6734438019"}},{"type":"Feature","geometry":{"type":"Point","coordinates":[-1.41994,54.92835]},"properties":{"name":"Power infrastructure","category":"generator","osm_type":"node","osm_id":"6734438020"}},{"type":"Feature","geometry":{"type":"Point","coordinates":[-1.41994,54.92821]},"properties":{"name":"Power infrastructure","category":"generator","osm_type":"node","osm_id":"6734438021"}},{"type":"Feature","geometry":{"type":"Point","coordinates":[-1.41953,54.92793]},"properties":{"name":"Power infrastructure","category":"generator","osm_type":"node","osm_id":"6734438022"}},{"type":"Feature","geometry":{"type":"Point","coordinates":[-1.41947,54.92794]},"properties":{"name":"Power infrastructure","category":"generator","osm_type":"node","osm_id":"6734438023"}},{"type":"Feature","geometry":{"type":"Point","coordinates":[-1.42038,54.92751]},"properties":{"name":"Power infrastructure","category":"generator","osm_type":"node","osm_id":"6734438024"}},{"type":"Feature","geometry":{"type":"Point","coordinates":[-1.42183,54.92765]},"properties":{"name":"Power infrastructure","category":"generator","osm_type":"node","osm_id":"6734438025"}},{"type":"Feature","geometry":{"type":"Point","coordinates":[-1.42175,54.92762]},"properties":{"name":"Power infrastructure","category":"generator","osm_type":"node","osm_id":"6734438026"}},{"type":"Feature","geometry":{"type":"Point","coordinates":[-1.42326,54.92473]},"properties":{"name":"Power infrastructure","category":"generator","osm_type":"node","osm_id":"6734438027"}},{"type":"Feature","geometry":{"type":"Point","coordinates":[-1.42238,54.92501]},"properties":{"name":"Power infrastructure","category":"generator","osm_type":"node","osm_id":"6734438028"}},{"type":"Feature","geometry":{"type":"Point","coordinates":[-1.42248,54.92501]},"properties":{"name":"Power infrastructure","category":"generator","osm_type":"node","osm_id":"6734438029"}},{"type":"Feature","geometry":{"type":"Point","coordinates":[-1.42268,54.92499]},"properties":{"name":"Power infrastructure","category":"generator","osm_type":"node","osm_id":"6734438030"}},{"type":"Feature","geometry":{"type":"Point","coordinates":[-1.42277,54.925]},"properties":{"name":"Power infrastructure","category":"generator","osm_type":"node","osm_id":"6734438031"}},{"type":"Feature","geometry":{"type":"Point","coordinates":[-1.42306,54.92498]},"properties":{"name":"Power infrastructure","category":"generator","osm_type":"node","osm_id":"6734438032"}},{"type":"Feature","geometry":{"type":"Point","coordinates":[-1.42327,54.92497]},"properties":{"name":"Power infrastructure","category":"generator","osm_type":"node","osm_id":"6734438033"}},{"type":"Feature","geometry":{"type":"Point","coordinates":[-1.42429,54.92463]},"properties":{"name":"Power infrastructure","category":"generator","osm_type":"node","osm_id":"6734438034"}},{"type":"Feature","geometry":{"type":"Point","coordinates":[-1.42611,54.9253]},"properties":{"name":"Power infrastructure","category":"generator","osm_type":"node","osm_id":"6734438035"}},{"type":"Feature","geometry":{"type":"Point","coordinates":[-1.42587,54.92545]},"properties":{"name":"Power infrastructure","category":"generator","osm_type":"node","osm_id":"6734438036"}},{"type":"Feature","geometry":{"type":"Point","coordinates":[-1.42564,54.92561]},"properties":{"name":"Power infrastructure","category":"generator","osm_type":"node","osm_id":"6734438037"}},{"type":"Feature","geometry":{"type":"Point","coordinates":[-1.42271,54.92531]},"properties":{"name":"Power infrastructure","category":"generator","osm_type":"node","osm_id":"6734438038"}},{"type":"Feature","geometry":{"type":"Point","coordinates":[-1.42446,54.92701]},"properties":{"name":"Power infrastructure","category":"generator","osm_type":"node","osm_id":"6734438039"}},{"type":"Feature","geometry":{"type":"Point","coordinates":[-1.425,54.9271]},"properties":{"name":"Power infrastructure","category":"generator","osm_type":"node","osm_id":"6734438040"}},{"type":"Feature","geometry":{"type":"Point","coordinates":[-1.42478,54.92723]},"properties":{"name":"Power infrastructure","category":"generator","osm_type":"node","osm_id":"6734438041"}},{"type":"Feature","geometry":{"type":"Point","coordinates":[-1.42935,54.92668]},"properties":{"name":"Power infrastructure","category":"generator","osm_type":"node","osm_id":"6734438042"}},{"type":"Feature","geometry":{"type":"Point","coordinates":[-1.42812,54.92739]},"properties":{"name":"Power infrastructure","category":"generator","osm_type":"node","osm_id":"6734438043"}},{"type":"Feature","geometry":{"type":"Point","coordinates":[-1.42797,54.92709]},"properties":{"name":"Power infrastructure","category":"generator","osm_type":"node","osm_id":"6734438044"}},{"type":"Feature","geometry":{"type":"Point","coordinates":[-1.42904,54.92643]},"properties":{"name":"Power infrastructure","category":"generator","osm_type":"node","osm_id":"6734438045"}},{"type":"Feature","geometry":{"type":"Point","coordinates":[-1.42957,54.92611]},"properties":{"name":"Power infrastructure","category":"generator","osm_type":"node","osm_id":"6734438046"}},{"type":"Feature","geometry":{"type":"Point","coordinates":[-1.42881,54.92525]},"properties":{"name":"Power infrastructure","category":"generator","osm_type":"node","osm_id":"6734438047"}},{"type":"Feature","geometry":{"type":"Point","coordinates":[-1.42855,54.92536]},"properties":{"name":"Power infrastructure","category":"generator","osm_type":"node","osm_id":"6734438048"}},{"type":"Feature","geometry":{"type":"Point","coordinates":[-1.428,54.92522]},"properties":{"name":"Power infrastructure","category":"generator","osm_type":"node","osm_id":"6734438049"}},{"type":"Feature","geometry":{"type":"Point","coordinates":[-1.42749,54.92416]},"properties":{"name":"Power infrastructure","category":"generator","osm_type":"node","osm_id":"6734438050"}},{"type":"Feature","geometry":{"type":"Point","coordinates":[-1.42874,54.92456]},"properties":{"name":"Power infrastructure","category":"generator","osm_type":"node","osm_id":"6734438051"}},{"type":"Feature","geometry":{"type":"Point","coordinates":[-1.43759,54.92357]},"properties":{"name":"Power infrastructure","category":"generator","osm_type":"node","osm_id":"6734438052"}},{"type":"Feature","geometry":{"type":"Point","coordinates":[-1.43541,54.9225]},"properties":{"name":"Power infrastructure","category":"generator","osm_type":"node","osm_id":"6734438053"}},{"type":"Feature","geometry":{"type":"Point","coordinates":[-1.4354,54.92253]},"properties":{"name":"Power infrastructure","category":"generator","osm_type":"node","osm_id":"6734438054"}},{"type":"Feature","geometry":{"type":"Point","coordinates":[-1.43407,54.9231]},"properties":{"name":"Power infrastructure","category":"generator","osm_type":"node","osm_id":"6734438055"}},{"type":"Feature","geometry":{"type":"Point","coordinates":[-1.4361,54.92287]},"properties":{"name":"Power infrastructure","category":"generator","osm_type":"node","osm_id":"6734438056"}},{"type":"Feature","geometry":{"type":"Point","coordinates":[-1.43383,54.92423]},"properties":{"name":"Power infrastructure","category":"generator","osm_type":"node","osm_id":"6734438057"}},{"type":"Feature","geometry":{"type":"Point","coordinates":[-1.43376,54.92422]},"properties":{"name":"Power infrastructure","category":"generator","osm_type":"node","osm_id":"6734438058"}},{"type":"Feature","geometry":{"type":"Point","coordinates":[-1.43371,54.92441]},"properties":{"name":"Power infrastructure","category":"generator","osm_type":"node","osm_id":"6734438059"}},{"type":"Feature","geometry":{"type":"Point","coordinates":[-1.43377,54.92442]},"properties":{"name":"Power infrastructure","category":"generator","osm_type":"node","osm_id":"6734438060"}},{"type":"Feature","geometry":{"type":"Point","coordinates":[-1.43573,54.92575]},"properties":{"name":"Power infrastructure","category":"generator","osm_type":"node","osm_id":"6734438061"}},{"type":"Feature","geometry":{"type":"Point","coordinates":[-1.43578,54.92577]},"properties":{"name":"Power infrastructure","category":"generator","osm_type":"node","osm_id":"6734438062"}},{"type":"Feature","geometry":{"type":"Point","coordinates":[-1.43531,54.92662]},"properties":{"name":"Power infrastructure","category":"generator","osm_type":"node","osm_id":"6734438063"}},{"type":"Feature","geometry":{"type":"Point","coordinates":[-1.43434,54.92667]},"properties":{"name":"Power infrastructure","category":"generator","osm_type":"node","osm_id":"6734438064"}},{"type":"Feature","geometry":{"type":"Point","coordinates":[-1.43433,54.92661]},"properties":{"name":"Power infrastructure","category":"generator","osm_type":"node","osm_id":"6734438065"}},{"type":"Feature","geometry":{"type":"Point","coordinates":[-1.43435,54.92646]},"properties":{"name":"Power infrastructure","category":"generator","osm_type":"node","osm_id":"6734438066"}},{"type":"Feature","geometry":{"type":"Point","coordinates":[-1.43455,54.92636]},"properties":{"name":"Power infrastructure","category":"generator","osm_type":"node","osm_id":"6734438067"}},{"type":"Feature","geometry":{"type":"Point","coordinates":[-1.434,54.92614]},"properties":{"name":"Power infrastructure","category":"generator","osm_type":"node","osm_id":"6734438068"}},{"type":"Feature","geometry":{"type":"Point","coordinates":[-1.43464,54.92513]},"properties":{"name":"Power infrastructure","category":"generator","osm_type":"node","osm_id":"6734438069"}},{"type":"Feature","geometry":{"type":"Point","coordinates":[-1.43457,54.92517]},"properties":{"name":"Power infrastructure","category":"generator","osm_type":"node","osm_id":"6734438070"}},{"type":"Feature","geometry":{"type":"Point","coordinates":[-1.43451,54.92514]},"properties":{"name":"Power infrastructure","category":"generator","osm_type":"node","osm_id":"6734438071"}},{"type":"Feature","geometry":{"type":"Point","coordinates":[-1.43459,54.92511]},"properties":{"name":"Power infrastructure","category":"generator","osm_type":"node","osm_id":"6734438072"}},{"type":"Feature","geometry":{"type":"Point","coordinates":[-1.43505,54.92487]},"properties":{"name":"Power infrastructure","category":"generator","osm_type":"node","osm_id":"6734438073"}},{"type":"Feature","geometry":{"type":"Point","coordinates":[-1.43518,54.92482]},"properties":{"name":"Power infrastructure","category":"generator","osm_type":"node","osm_id":"6734438074"}},{"type":"Feature","geometry":{"type":"Point","coordinates":[-1.43462,54.92877]},"properties":{"name":"Power infrastructure","category":"generator","osm_type":"node","osm_id":"6734438075"}},{"type":"Feature","geometry":{"type":"Point","coordinates":[-1.43474,54.92879]},"properties":{"name":"Power infrastructure","category":"generator","osm_type":"node","osm_id":"6734438076"}},{"type":"Feature","geometry":{"type":"Point","coordinates":[-1.43491,54.92878]},"properties":{"name":"Power infrastructure","category":"generator","osm_type":"node","osm_id":"6734438077"}},{"type":"Feature","geometry":{"type":"Point","coordinates":[-1.43499,54.92879]},"properties":{"name":"Power infrastructure","category":"generator","osm_type":"node","osm_id":"6734438078"}},{"type":"Feature","geometry":{"type":"Point","coordinates":[-1.43517,54.92886]},"properties":{"name":"Power infrastructure","category":"generator","osm_type":"node","osm_id":"6734438079"}},{"type":"Feature","geometry":{"type":"Point","coordinates":[-1.43523,54.92886]},"properties":{"name":"Power infrastructure","category":"generator","osm_type":"node","osm_id":"6734438080"}},{"type":"Feature","geometry":{"type":"Point","coordinates":[-1.43529,54.92885]},"properties":{"name":"Power infrastructure","category":"generator","osm_type":"node","osm_id":"6734438081"}},{"type":"Feature","geometry":{"type":"Point","coordinates":[-1.43534,54.92883]},"properties":{"name":"Power infrastructure","category":"generator","osm_type":"node","osm_id":"6734438082"}},{"type":"Feature","geometry":{"type":"Point","coordinates":[-1.43538,54.92874]},"properties":{"name":"Power infrastructure","category":"generator","osm_type":"node","osm_id":"6734438083"}},{"type":"Feature","geometry":{"type":"Point","coordinates":[-1.43552,54.92866]},"properties":{"name":"Power infrastructure","category":"generator","osm_type":"node","osm_id":"6734438084"}},{"type":"Feature","geometry":{"type":"Point","coordinates":[-1.43548,54.9286]},"properties":{"name":"Power infrastructure","category":"generator","osm_type":"node","osm_id":"6734438085"}},{"type":"Feature","geometry":{"type":"Point","coordinates":[-1.43545,54.92856]},"properties":{"name":"Power infrastructure","category":"generator","osm_type":"node","osm_id":"6734438086"}},{"type":"Feature","geometry":{"type":"Point","coordinates":[-1.43527,54.92854]},"properties":{"name":"Power infrastructure","category":"generator","osm_type":"node","osm_id":"6734438087"}},{"type":"Feature","geometry":{"type":"Point","coordinates":[-1.43513,54.92853]},"properties":{"name":"Power infrastructure","category":"generator","osm_type":"node","osm_id":"6734438088"}},{"type":"Feature","geometry":{"type":"Point","coordinates":[-1.43505,54.92852]},"properties":{"name":"Power infrastructure","category":"generator","osm_type":"node","osm_id":"6734438089"}},{"type":"Feature","geometry":{"type":"Point","coordinates":[-1.43486,54.92853]},"properties":{"name":"Power infrastructure","category":"generator","osm_type":"node","osm_id":"6734438090"}},{"type":"Feature","geometry":{"type":"Point","coordinates":[-1.43479,54.92853]},"properties":{"name":"Power infrastructure","category":"generator","osm_type":"node","osm_id":"6734438091"}},{"type":"Feature","geometry":{"type":"Point","coordinates":[-1.43384,54.92849]},"properties":{"name":"Power infrastructure","category":"generator","osm_type":"node","osm_id":"6734438092"}},{"type":"Feature","geometry":{"type":"Point","coordinates":[-1.43387,54.92838]},"properties":{"name":"Power infrastructure","category":"generator","osm_type":"node","osm_id":"6734438093"}},{"type":"Feature","geometry":{"type":"Point","coordinates":[-1.4339,54.92828]},"properties":{"name":"Power infrastructure","category":"generator","osm_type":"node","osm_id":"6734438094"}},{"type":"Feature","geometry":{"type":"Point","coordinates":[-1.43444,54.92719]},"properties":{"name":"Power infrastructure","category":"generator","osm_type":"node","osm_id":"6734438095"}},{"type":"Feature","geometry":{"type":"Point","coordinates":[-1.43503,54.92744]},"properties":{"name":"Power infrastructure","category":"generator","osm_type":"node","osm_id":"6734438096"}},{"type":"Feature","geometry":{"type":"Point","coordinates":[-1.43534,54.92779]},"properties":{"name":"Power infrastructure","category":"generator","osm_type":"node","osm_id":"6734438097"}},{"type":"Feature","geometry":{"type":"Point","coordinates":[-1.43557,54.92795]},"properties":{"name":"Power infrastructure","category":"generator","osm_type":"node","osm_id":"6734438098"}},{"type":"Feature","geometry":{"type":"Point","coordinates":[-1.43586,54.92824]},"properties":{"name":"Power infrastructure","category":"generator","osm_type":"node","osm_id":"6734438099"}},{"type":"Feature","geometry":{"type":"Point","coordinates":[-1.4345,54.92827]},"properties":{"name":"Power infrastructure","category":"generator","osm_type":"node","osm_id":"6734438100"}},{"type":"Feature","geometry":{"type":"Point","coordinates":[-1.43445,54.92844]},"properties":{"name":"Power infrastructure","category":"generator","osm_type":"node","osm_id":"6734438101"}},{"type":"Feature","geometry":{"type":"Point","coordinates":[-1.43448,54.92832]},"properties":{"name":"Power infrastructure","category":"generator","osm_type":"node","osm_id":"6734438102"}},{"type":"Feature","geometry":{"type":"Point","coordinates":[-1.43454,54.92833]},"properties":{"name":"Power infrastructure","category":"generator","osm_type":"node","osm_id":"6734438103"}},{"type":"Feature","geometry":{"type":"Point","coordinates":[-1.43515,54.92828]},"properties":{"name":"Power infrastructure","category":"generator","osm_type":"node","osm_id":"6734438104"}},{"type":"Feature","geometry":{"type":"Point","coordinates":[-1.43564,54.92832]},"properties":{"name":"Power infrastructure","category":"generator","osm_type":"node","osm_id":"6734438105"}},{"type":"Feature","geometry":{"type":"Point","coordinates":[-1.57201,54.84973]},"properties":{"name":"Power infrastructure","category":"generator","osm_type":"node","osm_id":"6736050448"}},{"type":"Feature","geometry":{"type":"Point","coordinates":[-1.57079,54.84784]},"properties":{"name":"Power infrastructure","category":"generator","osm_type":"node","osm_id":"6736050450"}},{"type":"Feature","geometry":{"type":"Point","coordinates":[-1.57357,54.84762]},"properties":{"name":"Power infrastructure","category":"generator","osm_type":"node","osm_id":"6736050451"}},{"type":"Feature","geometry":{"type":"Point","coordinates":[-1.57652,54.84793]},"properties":{"name":"Power infrastructure","category":"generator","osm_type":"node","osm_id":"6736050452"}},{"type":"Feature","geometry":{"type":"Point","coordinates":[-1.57548,54.84739]},"properties":{"name":"Power infrastructure","category":"generator","osm_type":"node","osm_id":"6736050453"}},{"type":"Feature","geometry":{"type":"Point","coordinates":[-1.5759,54.84706]},"properties":{"name":"Power infrastructure","category":"generator","osm_type":"node","osm_id":"6736050454"}},{"type":"Feature","geometry":{"type":"Point","coordinates":[-1.57475,54.84707]},"properties":{"name":"Power infrastructure","category":"generator","osm_type":"node","osm_id":"6736050455"}},{"type":"Feature","geometry":{"type":"Point","coordinates":[-1.57486,54.84708]},"properties":{"name":"Power infrastructure","category":"generator","osm_type":"node","osm_id":"6736050456"}},{"type":"Feature","geometry":{"type":"Point","coordinates":[-1.57397,54.84632]},"properties":{"name":"Power infrastructure","category":"generator","osm_type":"node","osm_id":"6736050457"}},{"type":"Feature","geometry":{"type":"Point","coordinates":[-1.56286,54.84588]},"properties":{"name":"Power infrastructure","category":"generator","osm_type":"node","osm_id":"6736050458"}},{"type":"Feature","geometry":{"type":"Point","coordinates":[-1.5628,54.84585]},"properties":{"name":"Power infrastructure","category":"generator","osm_type":"node","osm_id":"6736050459"}},{"type":"Feature","geometry":{"type":"Point","coordinates":[-1.56229,54.84589]},"properties":{"name":"Power infrastructure","category":"generator","osm_type":"node","osm_id":"6736050460"}},{"type":"Feature","geometry":{"type":"Point","coordinates":[-1.56224,54.84593]},"properties":{"name":"Power infrastructure","category":"generator","osm_type":"node","osm_id":"6736050461"}},{"type":"Feature","geometry":{"type":"Point","coordinates":[-1.5617,54.84599]},"properties":{"name":"Power infrastructure","category":"generator","osm_type":"node","osm_id":"6736050462"}},{"type":"Feature","geometry":{"type":"Point","coordinates":[-1.56166,54.84596]},"properties":{"name":"Power infrastructure","category":"generator","osm_type":"node","osm_id":"6736050463"}},{"type":"Feature","geometry":{"type":"Point","coordinates":[-1.56163,54.84599]},"properties":{"name":"Power infrastructure","category":"generator","osm_type":"node","osm_id":"6736050464"}},{"type":"Feature","geometry":{"type":"Point","coordinates":[-1.56143,54.84711]},"properties":{"name":"Power infrastructure","category":"generator","osm_type":"node","osm_id":"6736050465"}},{"type":"Feature","geometry":{"type":"Point","coordinates":[-1.5615,54.8471]},"properties":{"name":"Power infrastructure","category":"generator","osm_type":"node","osm_id":"6736050466"}},{"type":"Feature","geometry":{"type":"Point","coordinates":[-1.56159,54.84711]},"properties":{"name":"Power infrastructure","category":"generator","osm_type":"node","osm_id":"6736050467"}},{"type":"Feature","geometry":{"type":"Point","coordinates":[-1.56206,54.84704]},"properties":{"name":"Power infrastructure","category":"generator","osm_type":"node","osm_id":"6736050468"}},{"type":"Feature","geometry":{"type":"Point","coordinates":[-1.56175,54.84707]},"properties":{"name":"Power infrastructure","category":"generator","osm_type":"node","osm_id":"6736050469"}},{"type":"Feature","geometry":{"type":"Point","coordinates":[-1.5621,54.84706]},"properties":{"name":"Power infrastructure","category":"generator","osm_type":"node","osm_id":"6736050470"}},{"type":"Feature","geometry":{"type":"Point","coordinates":[-1.56314,54.8476]},"properties":{"name":"Power infrastructure","category":"generator","osm_type":"node","osm_id":"6736050471"}},{"type":"Feature","geometry":{"type":"Point","coordinates":[-1.56456,54.84829]},"properties":{"name":"Power infrastructure","category":"generator","osm_type":"node","osm_id":"6736050472"}},{"type":"Feature","geometry":{"type":"Point","coordinates":[-1.56448,54.84824]},"properties":{"name":"Power infrastructure","category":"generator","osm_type":"node","osm_id":"6736050473"}},{"type":"Feature","geometry":{"type":"Point","coordinates":[-1.56459,54.84976]},"properties":{"name":"Power infrastructure","category":"generator","osm_type":"node","osm_id":"6736050474"}},{"type":"Feature","geometry":{"type":"Point","coordinates":[-1.56106,54.84848]},"properties":{"name":"Power infrastructure","category":"generator","osm_type":"node","osm_id":"6736050475"}},{"type":"Feature","geometry":{"type":"Point","coordinates":[-1.56067,54.84846]},"properties":{"name":"Power infrastructure","category":"generator","osm_type":"node","osm_id":"6736050476"}},{"type":"Feature","geometry":{"type":"Point","coordinates":[-1.55959,54.84859]},"properties":{"name":"Power infrastructure","category":"generator","osm_type":"node","osm_id":"6736050477"}},{"type":"Feature","geometry":{"type":"Point","coordinates":[-1.59549,54.82743]},"properties":{"name":"Power infrastructure","category":"generator","osm_type":"node","osm_id":"6736054163"}},{"type":"Feature","geometry":{"type":"Point","coordinates":[-1.59501,54.82738]},"properties":{"name":"Power infrastructure","category":"generator","osm_type":"node","osm_id":"6736054164"}},{"type":"Feature","geometry":{"type":"Point","coordinates":[-1.59582,54.82711]},"properties":{"name":"Power infrastructure","category":"generator","osm_type":"node","osm_id":"6736054165"}},{"type":"Feature","geometry":{"type":"Point","coordinates":[-1.59566,54.82694]},"properties":{"name":"Power infrastructure","category":"generator","osm_type":"node","osm_id":"6736054166"}},{"type":"Feature","geometry":{"type":"Point","coordinates":[-1.59327,54.82632]},"properties":{"name":"Power infrastructure","category":"generator","osm_type":"node","osm_id":"6736054167"}},{"type":"Feature","geometry":{"type":"Point","coordinates":[-1.59215,54.80808]},"properties":{"name":"Power infrastructure","category":"generator","osm_type":"node","osm_id":"6736054168"}},{"type":"Feature","geometry":{"type":"Point","coordinates":[-1.58515,54.72717]},"properties":{"name":"Power infrastructure","category":"generator","osm_type":"node","osm_id":"6736185379"}},{"type":"Feature","geometry":{"type":"Point","coordinates":[-1.58899,54.71723]},"properties":{"name":"Power infrastructure","category":"generator","osm_type":"node","osm_id":"6736185380"}},{"type":"Feature","geometry":{"type":"Point","coordinates":[-1.58894,54.71722]},"properties":{"name":"Power infrastructure","category":"generator","osm_type":"node","osm_id":"6736185381"}},{"type":"Feature","geometry":{"type":"Point","coordinates":[-1.58877,54.71551]},"properties":{"name":"Power infrastructure","category":"generator","osm_type":"node","osm_id":"6736185382"}},{"type":"Feature","geometry":{"type":"Point","coordinates":[-1.58757,54.71143]},"properties":{"name":"Power infrastructure","category":"generator","osm_type":"node","osm_id":"6736185383"}},{"type":"Feature","geometry":{"type":"Point","coordinates":[-1.58742,54.71142]},"properties":{"name":"Power infrastructure","category":"generator","osm_type":"node","osm_id":"6736185384"}},{"type":"Feature","geometry":{"type":"Point","coordinates":[-1.58715,54.71141]},"properties":{"name":"Power infrastructure","category":"generator","osm_type":"node","osm_id":"6736225285"}},{"type":"Feature","geometry":{"type":"Point","coordinates":[-1.59032,54.70761]},"properties":{"name":"Power infrastructure","category":"generator","osm_type":"node","osm_id":"6736225286"}},{"type":"Feature","geometry":{"type":"Point","coordinates":[-1.65702,54.64021]},"properties":{"name":"Power infrastructure","category":"generator","osm_type":"node","osm_id":"6736225287"}},{"type":"Feature","geometry":{"type":"Point","coordinates":[-1.65677,54.63975]},"properties":{"name":"Power infrastructure","category":"generator","osm_type":"node","osm_id":"6736225288"}},{"type":"Feature","geometry":{"type":"Point","coordinates":[-1.65729,54.63855]},"properties":{"name":"Power infrastructure","category":"generator","osm_type":"node","osm_id":"6736225289"}},{"type":"Feature","geometry":{"type":"Point","coordinates":[-1.65713,54.63761]},"properties":{"name":"Power infrastructure","category":"generator","osm_type":"node","osm_id":"6736225290"}},{"type":"Feature","geometry":{"type":"Point","coordinates":[-1.657,54.63762]},"properties":{"name":"Power infrastructure","category":"generator","osm_type":"node","osm_id":"6736225291"}},{"type":"Feature","geometry":{"type":"Point","coordinates":[-1.65707,54.63759]},"properties":{"name":"Power infrastructure","category":"generator","osm_type":"node","osm_id":"6736225292"}},{"type":"Feature","geometry":{"type":"Point","coordinates":[-1.65701,54.63707]},"properties":{"name":"Power infrastructure","category":"generator","osm_type":"node","osm_id":"6736225293"}},{"type":"Feature","geometry":{"type":"Point","coordinates":[-1.65641,54.63693]},"properties":{"name":"Power infrastructure","category":"generator","osm_type":"node","osm_id":"6736225294"}},{"type":"Feature","geometry":{"type":"Point","coordinates":[-1.65721,54.63555]},"properties":{"name":"Power infrastructure","category":"generator","osm_type":"node","osm_id":"6736225295"}},{"type":"Feature","geometry":{"type":"Point","coordinates":[-1.65549,54.63232]},"properties":{"name":"Power infrastructure","category":"generator","osm_type":"node","osm_id":"6736225296"}},{"type":"Feature","geometry":{"type":"Point","coordinates":[-1.65489,54.63227]},"properties":{"name":"Power infrastructure","category":"generator","osm_type":"node","osm_id":"6736225297"}},{"type":"Feature","geometry":{"type":"Point","coordinates":[-1.64559,54.62586]},"properties":{"name":"Power infrastructure","category":"generator","osm_type":"node","osm_id":"6736225298"}},{"type":"Feature","geometry":{"type":"Point","coordinates":[-1.64427,54.626]},"properties":{"name":"Power infrastructure","category":"generator","osm_type":"node","osm_id":"6736225299"}},{"type":"Feature","geometry":{"type":"Point","coordinates":[-1.64364,54.62601]},"properties":{"name":"Power infrastructure","category":"generator","osm_type":"node","osm_id":"6736225300"}},{"type":"Feature","geometry":{"type":"Point","coordinates":[-1.64253,54.62466]},"properties":{"name":"Power infrastructure","category":"generator","osm_type":"node","osm_id":"6736225301"}},{"type":"Feature","geometry":{"type":"Point","coordinates":[-1.64257,54.62461]},"properties":{"name":"Power infrastructure","category":"generator","osm_type":"node","osm_id":"6736225302"}},{"type":"Feature","geometry":{"type":"Point","coordinates":[-1.64272,54.62468]},"properties":{"name":"Power infrastructure","category":"generator","osm_type":"node","osm_id":"6736225303"}},{"type":"Feature","geometry":{"type":"Point","coordinates":[-1.64267,54.6246]},"properties":{"name":"Power infrastructure","category":"generator","osm_type":"node","osm_id":"6736225304"}},{"type":"Feature","geometry":{"type":"Point","coordinates":[-1.64051,54.62557]},"properties":{"name":"Power infrastructure","category":"generator","osm_type":"node","osm_id":"6736225305"}},{"type":"Feature","geometry":{"type":"Point","coordinates":[-1.6332,54.62773]},"properties":{"name":"Power infrastructure","category":"generator","osm_type":"node","osm_id":"6736225306"}},{"type":"Feature","geometry":{"type":"Point","coordinates":[-1.63325,54.62775]},"properties":{"name":"Power infrastructure","category":"generator","osm_type":"node","osm_id":"6736225307"}},{"type":"Feature","geometry":{"type":"Point","coordinates":[-1.63303,54.62821]},"properties":{"name":"Power infrastructure","category":"generator","osm_type":"node","osm_id":"6736225308"}},{"type":"Feature","geometry":{"type":"Point","coordinates":[-1.63297,54.62818]},"properties":{"name":"Power infrastructure","category":"generator","osm_type":"node","osm_id":"6736225309"}},{"type":"Feature","geometry":{"type":"Point","coordinates":[-1.63272,54.62857]},"properties":{"name":"Power infrastructure","category":"generator","osm_type":"node","osm_id":"6736225310"}},{"type":"Feature","geometry":{"type":"Point","coordinates":[-1.63259,54.62887]},"properties":{"name":"Power infrastructure","category":"generator","osm_type":"node","osm_id":"6736225311"}},{"type":"Feature","geometry":{"type":"Point","coordinates":[-1.63246,54.6288]},"properties":{"name":"Power infrastructure","category":"generator","osm_type":"node","osm_id":"6736225312"}},{"type":"Feature","geometry":{"type":"Point","coordinates":[-1.63227,54.62937]},"properties":{"name":"Power infrastructure","category":"generator","osm_type":"node","osm_id":"6736225313"}},{"type":"Feature","geometry":{"type":"Point","coordinates":[-1.63195,54.629]},"properties":{"name":"Power infrastructure","category":"generator","osm_type":"node","osm_id":"6736225314"}},{"type":"Feature","geometry":{"type":"Point","coordinates":[-1.63189,54.62904]},"properties":{"name":"Power infrastructure","category":"generator","osm_type":"node","osm_id":"6736225315"}},{"type":"Feature","geometry":{"type":"Point","coordinates":[-1.63023,54.62989]},"properties":{"name":"Power infrastructure","category":"generator","osm_type":"node","osm_id":"6736225316"}},{"type":"Feature","geometry":{"type":"Point","coordinates":[-1.63033,54.6299]},"properties":{"name":"Power infrastructure","category":"generator","osm_type":"node","osm_id":"6736225317"}},{"type":"Feature","geometry":{"type":"Point","coordinates":[-1.61247,54.63049]},"properties":{"name":"Power infrastructure","category":"generator","osm_type":"node","osm_id":"6736279916"}},{"type":"Feature","geometry":{"type":"Point","coordinates":[-1.61175,54.63022]},"properties":{"name":"Power infrastructure","category":"generator","osm_type":"node","osm_id":"6736279917"}},{"type":"Feature","geometry":{"type":"Point","coordinates":[-1.61136,54.63068]},"properties":{"name":"Power infrastructure","category":"generator","osm_type":"node","osm_id":"6736279918"}},{"type":"Feature","geometry":{"type":"Point","coordinates":[-1.61097,54.63034]},"properties":{"name":"Power infrastructure","category":"generator","osm_type":"node","osm_id":"6736279919"}},{"type":"Feature","geometry":{"type":"Point","coordinates":[-1.609,54.6293]},"properties":{"name":"Power infrastructure","category":"generator","osm_type":"node","osm_id":"6736279920"}},{"type":"Feature","geometry":{"type":"Point","coordinates":[-1.56512,54.65232]},"properties":{"name":"Power infrastructure","category":"generator","osm_type":"node","osm_id":"6736279921"}},{"type":"Feature","geometry":{"type":"Point","coordinates":[-1.56506,54.65218]},"properties":{"name":"Power infrastructure","category":"generator","osm_type":"node","osm_id":"6736279922"}},{"type":"Feature","geometry":{"type":"Point","coordinates":[-1.56646,54.70426]},"properties":{"name":"Power infrastructure","category":"generator","osm_type":"node","osm_id":"6736279923"}},{"type":"Feature","geometry":{"type":"Point","coordinates":[-1.5674,54.7043]},"properties":{"name":"Power infrastructure","category":"generator","osm_type":"node","osm_id":"6736279932"}},{"type":"Feature","geometry":{"type":"Point","coordinates":[-1.56735,54.70415]},"properties":{"name":"Power infrastructure","category":"generator","osm_type":"node","osm_id":"6736279933"}},{"type":"Feature","geometry":{"type":"Point","coordinates":[-1.60771,54.76975]},"properties":{"name":"Power infrastructure","category":"generator","osm_type":"node","osm_id":"6736364374"}},{"type":"Feature","geometry":{"type":"Point","coordinates":[-1.62932,54.77381]},"properties":{"name":"Power infrastructure","category":"generator","osm_type":"node","osm_id":"6736364375"}},{"type":"Feature","geometry":{"type":"Point","coordinates":[-1.63005,54.77334]},"properties":{"name":"Power infrastructure","category":"generator","osm_type":"node","osm_id":"6736364376"}},{"type":"Feature","geometry":{"type":"Point","coordinates":[-1.63022,54.77363]},"properties":{"name":"Power infrastructure","category":"generator","osm_type":"node","osm_id":"6736364377"}},{"type":"Feature","geometry":{"type":"Point","coordinates":[-1.6303,54.77341]},"properties":{"name":"Power infrastructure","category":"generator","osm_type":"node","osm_id":"6736364378"}},{"type":"Feature","geometry":{"type":"Point","coordinates":[-1.63036,54.77342]},"properties":{"name":"Power infrastructure","category":"generator","osm_type":"node","osm_id":"6736364379"}},{"type":"Feature","geometry":{"type":"Point","coordinates":[-1.63194,54.77389]},"properties":{"name":"Power infrastructure","category":"generator","osm_type":"node","osm_id":"6736364380"}},{"type":"Feature","geometry":{"type":"Point","coordinates":[-1.63179,54.77385]},"properties":{"name":"Power infrastructure","category":"generator","osm_type":"node","osm_id":"6736364381"}},{"type":"Feature","geometry":{"type":"Point","coordinates":[-1.63199,54.77421]},"properties":{"name":"Power infrastructure","category":"generator","osm_type":"node","osm_id":"6736364382"}},{"type":"Feature","geometry":{"type":"Point","coordinates":[-1.63562,54.77523]},"properties":{"name":"Power infrastructure","category":"generator","osm_type":"node","osm_id":"6736364383"}},{"type":"Feature","geometry":{"type":"Point","coordinates":[-1.63691,54.77601]},"properties":{"name":"Power infrastructure","category":"generator","osm_type":"node","osm_id":"6736364384"}},{"type":"Feature","geometry":{"type":"Point","coordinates":[-1.64031,54.77663]},"properties":{"name":"Power infrastructure","category":"generator","osm_type":"node","osm_id":"6736381185"}},{"type":"Feature","geometry":{"type":"Point","coordinates":[-1.64044,54.77668]},"properties":{"name":"Power infrastructure","category":"generator","osm_type":"node","osm_id":"6736381186"}},{"type":"Feature","geometry":{"type":"Point","coordinates":[-1.64844,54.77842]},"properties":{"name":"Power infrastructure","category":"generator","osm_type":"node","osm_id":"6736381187"}},{"type":"Feature","geometry":{"type":"Point","coordinates":[-1.68895,54.77704]},"properties":{"name":"Power infrastructure","category":"generator","osm_type":"node","osm_id":"6736381188"}},{"type":"Feature","geometry":{"type":"Point","coordinates":[-1.70299,54.77105]},"properties":{"name":"Power infrastructure","category":"generator","osm_type":"node","osm_id":"6736381189"}},{"type":"Feature","geometry":{"type":"Point","coordinates":[-1.70404,54.77089]},"properties":{"name":"Power infrastructure","category":"generator","osm_type":"node","osm_id":"6736381190"}},{"type":"Feature","geometry":{"type":"Point","coordinates":[-1.57498,54.77784]},"properties":{"name":"Power infrastructure","category":"generator","osm_type":"node","osm_id":"6736414363"}},{"type":"Feature","geometry":{"type":"Point","coordinates":[-1.57465,54.77824]},"properties":{"name":"Power infrastructure","category":"generator","osm_type":"node","osm_id":"6736414364"}},{"type":"Feature","geometry":{"type":"Point","coordinates":[-1.57128,54.7775]},"properties":{"name":"Power infrastructure","category":"generator","osm_type":"node","osm_id":"6736414365"}},{"type":"Feature","geometry":{"type":"Point","coordinates":[-1.56782,54.77844]},"properties":{"name":"Power infrastructure","category":"generator","osm_type":"node","osm_id":"6736414366"}},{"type":"Feature","geometry":{"type":"Point","coordinates":[-1.62379,54.81585]},"properties":{"name":"Power infrastructure","category":"generator","osm_type":"node","osm_id":"6736462399"}},{"type":"Feature","geometry":{"type":"Point","coordinates":[-1.62334,54.81574]},"properties":{"name":"Power infrastructure","category":"generator","osm_type":"node","osm_id":"6736462400"}},{"type":"Feature","geometry":{"type":"Point","coordinates":[-1.6333,54.8225]},"properties":{"name":"Power infrastructure","category":"generator","osm_type":"node","osm_id":"6736462401"}},{"type":"Feature","geometry":{"type":"Point","coordinates":[-1.63208,54.82257]},"properties":{"name":"Power infrastructure","category":"generator","osm_type":"node","osm_id":"6736462402"}},{"type":"Feature","geometry":{"type":"Point","coordinates":[-1.6326,54.82281]},"properties":{"name":"Power infrastructure","category":"generator","osm_type":"node","osm_id":"6736462403"}},{"type":"Feature","geometry":{"type":"Point","coordinates":[-1.63407,54.82349]},"properties":{"name":"Power infrastructure","category":"generator","osm_type":"node","osm_id":"6736462404"}},{"type":"Feature","geometry":{"type":"Point","coordinates":[-1.63382,54.82355]},"properties":{"name":"Power infrastructure","category":"generator","osm_type":"node","osm_id":"6736462405"}},{"type":"Feature","geometry":{"type":"Point","coordinates":[-1.63335,54.82361]},"properties":{"name":"Power infrastructure","category":"generator","osm_type":"node","osm_id":"6736462406"}},{"type":"Feature","geometry":{"type":"Point","coordinates":[-1.63205,54.82363]},"properties":{"name":"Power infrastructure","category":"generator","osm_type":"node","osm_id":"6736462407"}},{"type":"Feature","geometry":{"type":"Point","coordinates":[-1.63269,54.82366]},"properties":{"name":"Power infrastructure","category":"generator","osm_type":"node","osm_id":"6736462408"}},{"type":"Feature","geometry":{"type":"Point","coordinates":[-1.6332,54.82319]},"properties":{"name":"Power infrastructure","category":"generator","osm_type":"node","osm_id":"6736462409"}},{"type":"Feature","geometry":{"type":"Point","coordinates":[-1.66636,54.85047]},"properties":{"name":"Power infrastructure","category":"generator","osm_type":"node","osm_id":"6736462410"}},{"type":"Feature","geometry":{"type":"Point","coordinates":[-1.66766,54.85146]},"properties":{"name":"Power infrastructure","category":"generator","osm_type":"node","osm_id":"6736462411"}},{"type":"Feature","geometry":{"type":"Point","coordinates":[-1.66773,54.85144]},"properties":{"name":"Power infrastructure","category":"generator","osm_type":"node","osm_id":"6736462412"}},{"type":"Feature","geometry":{"type":"Point","coordinates":[-1.66782,54.85142]},"properties":{"name":"Power infrastructure","category":"generator","osm_type":"node","osm_id":"6736462413"}},{"type":"Feature","geometry":{"type":"Point","coordinates":[-1.66789,54.8514]},"properties":{"name":"Power infrastructure","category":"generator","osm_type":"node","osm_id":"6736462414"}},{"type":"Feature","geometry":{"type":"Point","coordinates":[-1.66797,54.85138]},"properties":{"name":"Power infrastructure","category":"generator","osm_type":"node","osm_id":"6736462415"}},{"type":"Feature","geometry":{"type":"Point","coordinates":[-1.66806,54.85136]},"properties":{"name":"Power infrastructure","category":"generator","osm_type":"node","osm_id":"6736462416"}},{"type":"Feature","geometry":{"type":"Point","coordinates":[-1.66814,54.85134]},"properties":{"name":"Power infrastructure","category":"generator","osm_type":"node","osm_id":"6736462417"}},{"type":"Feature","geometry":{"type":"Point","coordinates":[-1.66823,54.85132]},"properties":{"name":"Power infrastructure","category":"generator","osm_type":"node","osm_id":"6736462418"}},{"type":"Feature","geometry":{"type":"Point","coordinates":[-1.66829,54.85131]},"properties":{"name":"Power infrastructure","category":"generator","osm_type":"node","osm_id":"6736462419"}},{"type":"Feature","geometry":{"type":"Point","coordinates":[-1.66844,54.85126]},"properties":{"name":"Power infrastructure","category":"generator","osm_type":"node","osm_id":"6736462421"}},{"type":"Feature","geometry":{"type":"Point","coordinates":[-1.66854,54.85124]},"properties":{"name":"Power infrastructure","category":"generator","osm_type":"node","osm_id":"6736462422"}},{"type":"Feature","geometry":{"type":"Point","coordinates":[-1.66861,54.85122]},"properties":{"name":"Power infrastructure","category":"generator","osm_type":"node","osm_id":"6736462423"}},{"type":"Feature","geometry":{"type":"Point","coordinates":[-1.66869,54.8512]},"properties":{"name":"Power infrastructure","category":"generator","osm_type":"node","osm_id":"6736462424"}},{"type":"Feature","geometry":{"type":"Point","coordinates":[-1.66877,54.85118]},"properties":{"name":"Power infrastructure","category":"generator","osm_type":"node","osm_id":"6736462425"}},{"type":"Feature","geometry":{"type":"Point","coordinates":[-1.66885,54.85115]},"properties":{"name":"Power infrastructure","category":"generator","osm_type":"node","osm_id":"6736462426"}},{"type":"Feature","geometry":{"type":"Point","coordinates":[-1.66892,54.85114]},"properties":{"name":"Power infrastructure","category":"generator","osm_type":"node","osm_id":"6736462427"}},{"type":"Feature","geometry":{"type":"Point","coordinates":[-1.66899,54.85112]},"properties":{"name":"Power infrastructure","category":"generator","osm_type":"node","osm_id":"6736462428"}},{"type":"Feature","geometry":{"type":"Point","coordinates":[-1.66907,54.85109]},"properties":{"name":"Power infrastructure","category":"generator","osm_type":"node","osm_id":"6736462429"}},{"type":"Feature","geometry":{"type":"Point","coordinates":[-1.66916,54.85107]},"properties":{"name":"Power infrastructure","category":"generator","osm_type":"node","osm_id":"6736462430"}},{"type":"Feature","geometry":{"type":"Point","coordinates":[-1.66923,54.85105]},"properties":{"name":"Power infrastructure","category":"generator","osm_type":"node","osm_id":"6736462431"}},{"type":"Feature","geometry":{"type":"Point","coordinates":[-1.6693,54.85103]},"properties":{"name":"Power infrastructure","category":"generator","osm_type":"node","osm_id":"6736462432"}},{"type":"Feature","geometry":{"type":"Point","coordinates":[-1.66938,54.85101]},"properties":{"name":"Power infrastructure","category":"generator","osm_type":"node","osm_id":"6736462433"}},{"type":"Feature","geometry":{"type":"Point","coordinates":[-1.66953,54.85098]},"properties":{"name":"Power infrastructure","category":"generator","osm_type":"node","osm_id":"6736462434"}},{"type":"Feature","geometry":{"type":"Point","coordinates":[-1.66962,54.85095]},"properties":{"name":"Power infrastructure","category":"generator","osm_type":"node","osm_id":"6736462435"}},{"type":"Feature","geometry":{"type":"Point","coordinates":[-1.66973,54.85093]},"properties":{"name":"Power infrastructure","category":"generator","osm_type":"node","osm_id":"6736462436"}},{"type":"Feature","geometry":{"type":"Point","coordinates":[-1.66987,54.85089]},"properties":{"name":"Power infrastructure","category":"generator","osm_type":"node","osm_id":"6736462437"}},{"type":"Feature","geometry":{"type":"Point","coordinates":[-1.66994,54.85087]},"properties":{"name":"Power infrastructure","category":"generator","osm_type":"node","osm_id":"6736462438"}},{"type":"Feature","geometry":{"type":"Point","coordinates":[-1.67003,54.85085]},"properties":{"name":"Power infrastructure","category":"generator","osm_type":"node","osm_id":"6736462439"}},{"type":"Feature","geometry":{"type":"Point","coordinates":[-1.67011,54.85083]},"properties":{"name":"Power infrastructure","category":"generator","osm_type":"node","osm_id":"6736462440"}},{"type":"Feature","geometry":{"type":"Point","coordinates":[-1.67019,54.8508]},"properties":{"name":"Power infrastructure","category":"generator","osm_type":"node","osm_id":"6736462441"}},{"type":"Feature","geometry":{"type":"Point","coordinates":[-1.67027,54.85078]},"properties":{"name":"Power infrastructure","category":"generator","osm_type":"node","osm_id":"6736462442"}},{"type":"Feature","geometry":{"type":"Point","coordinates":[-1.67036,54.85076]},"properties":{"name":"Power infrastructure","category":"generator","osm_type":"node","osm_id":"6736462443"}},{"type":"Feature","geometry":{"type":"Point","coordinates":[-1.67043,54.85074]},"properties":{"name":"Power infrastructure","category":"generator","osm_type":"node","osm_id":"6736462444"}},{"type":"Feature","geometry":{"type":"Point","coordinates":[-1.66979,54.85091]},"properties":{"name":"Power infrastructure","category":"generator","osm_type":"node","osm_id":"6736462445"}},{"type":"Feature","geometry":{"type":"Point","coordinates":[-1.6705,54.85072]},"properties":{"name":"Power infrastructure","category":"generator","osm_type":"node","osm_id":"6736462446"}},{"type":"Feature","geometry":{"type":"Point","coordinates":[-1.67057,54.8507]},"properties":{"name":"Power infrastructure","category":"generator","osm_type":"node","osm_id":"6736462447"}},{"type":"Feature","geometry":{"type":"Point","coordinates":[-1.67065,54.85068]},"properties":{"name":"Power infrastructure","category":"generator","osm_type":"node","osm_id":"6736462448"}},{"type":"Feature","geometry":{"type":"Point","coordinates":[-1.66932,54.852]},"properties":{"name":"Power infrastructure","category":"generator","osm_type":"node","osm_id":"6736487508"}},{"type":"Feature","geometry":{"type":"Point","coordinates":[-1.67502,54.85632]},"properties":{"name":"Power infrastructure","category":"generator","osm_type":"node","osm_id":"6736487509"}},{"type":"Feature","geometry":{"type":"Point","coordinates":[-1.67464,54.85619]},"properties":{"name":"Power infrastructure","category":"generator","osm_type":"node","osm_id":"6736487510"}},{"type":"Feature","geometry":{"type":"Point","coordinates":[-1.67565,54.85765]},"properties":{"name":"Power infrastructure","category":"generator","osm_type":"node","osm_id":"6736487511"}},{"type":"Feature","geometry":{"type":"Point","coordinates":[-1.67587,54.85754]},"properties":{"name":"Power infrastructure","category":"generator","osm_type":"node","osm_id":"6736487512"}},{"type":"Feature","geometry":{"type":"Point","coordinates":[-1.67656,54.85826]},"properties":{"name":"Power infrastructure","category":"generator","osm_type":"node","osm_id":"6736487513"}},{"type":"Feature","geometry":{"type":"Point","coordinates":[-1.67721,54.85787]},"properties":{"name":"Power infrastructure","category":"generator","osm_type":"node","osm_id":"6736487514"}},{"type":"Feature","geometry":{"type":"Point","coordinates":[-1.6808,54.86225]},"properties":{"name":"Power infrastructure","category":"generator","osm_type":"node","osm_id":"6736487515"}},{"type":"Feature","geometry":{"type":"Point","coordinates":[-1.68118,54.86207]},"properties":{"name":"Power infrastructure","category":"generator","osm_type":"node","osm_id":"6736487516"}},{"type":"Feature","geometry":{"type":"Point","coordinates":[-1.68173,54.86232]},"properties":{"name":"Power infrastructure","category":"generator","osm_type":"node","osm_id":"6736487517"}},{"type":"Feature","geometry":{"type":"Point","coordinates":[-1.68166,54.86235]},"properties":{"name":"Power infrastructure","category":"generator","osm_type":"node","osm_id":"6736487518"}},{"type":"Feature","geometry":{"type":"Point","coordinates":[-1.68195,54.86214]},"properties":{"name":"Power infrastructure","category":"generator","osm_type":"node","osm_id":"6736487519"}},{"type":"Feature","geometry":{"type":"Point","coordinates":[-1.68326,54.86254]},"properties":{"name":"Power infrastructure","category":"generator","osm_type":"node","osm_id":"6736487520"}},{"type":"Feature","geometry":{"type":"Point","coordinates":[-1.68616,54.86428]},"properties":{"name":"Power infrastructure","category":"generator","osm_type":"node","osm_id":"6736487521"}},{"type":"Feature","geometry":{"type":"Point","coordinates":[-1.68537,54.86515]},"properties":{"name":"Power infrastructure","category":"generator","osm_type":"node","osm_id":"6736487522"}},{"type":"Feature","geometry":{"type":"Point","coordinates":[-1.68495,54.86535]},"properties":{"name":"Power infrastructure","category":"generator","osm_type":"node","osm_id":"6736487523"}},{"type":"Feature","geometry":{"type":"Point","coordinates":[-1.68538,54.86547]},"properties":{"name":"Power infrastructure","category":"generator","osm_type":"node","osm_id":"6736487524"}},{"type":"Feature","geometry":{"type":"Point","coordinates":[-1.68511,54.8656]},"properties":{"name":"Power infrastructure","category":"generator","osm_type":"node","osm_id":"6736487525"}},{"type":"Feature","geometry":{"type":"Point","coordinates":[-1.6878,54.86525]},"properties":{"name":"Power infrastructure","category":"generator","osm_type":"node","osm_id":"6736487526"}},{"type":"Feature","geometry":{"type":"Point","coordinates":[-1.68772,54.86528]},"properties":{"name":"Power infrastructure","category":"generator","osm_type":"node","osm_id":"6736487527"}},{"type":"Feature","geometry":{"type":"Point","coordinates":[-1.70622,54.86704]},"properties":{"name":"Power infrastructure","category":"generator","osm_type":"node","osm_id":"6736487528"}},{"type":"Feature","geometry":{"type":"Point","coordinates":[-1.71636,54.8642]},"properties":{"name":"Power infrastructure","category":"generator","osm_type":"node","osm_id":"6736487529"}},{"type":"Feature","geometry":{"type":"Point","coordinates":[-1.73195,54.85362]},"properties":{"name":"Power infrastructure","category":"generator","osm_type":"node","osm_id":"6736487530"}},{"type":"Feature","geometry":{"type":"Point","coordinates":[-1.66973,54.8512]},"properties":{"name":"Power infrastructure","category":"generator","osm_type":"node","osm_id":"6736487620"}},{"type":"Feature","geometry":{"type":"Point","coordinates":[-1.66981,54.85118]},"properties":{"name":"Power infrastructure","category":"generator","osm_type":"node","osm_id":"6736487621"}},{"type":"Feature","geometry":{"type":"Point","coordinates":[-1.66989,54.85115]},"properties":{"name":"Power infrastructure","category":"generator","osm_type":"node","osm_id":"6736487622"}},{"type":"Feature","geometry":{"type":"Point","coordinates":[-1.66997,54.85113]},"properties":{"name":"Power infrastructure","category":"generator","osm_type":"node","osm_id":"6736487623"}},{"type":"Feature","geometry":{"type":"Point","coordinates":[-1.67004,54.85111]},"properties":{"name":"Power infrastructure","category":"generator","osm_type":"node","osm_id":"6736487624"}},{"type":"Feature","geometry":{"type":"Point","coordinates":[-1.67012,54.85109]},"properties":{"name":"Power infrastructure","category":"generator","osm_type":"node","osm_id":"6736487625"}},{"type":"Feature","geometry":{"type":"Point","coordinates":[-1.6702,54.85107]},"properties":{"name":"Power infrastructure","category":"generator","osm_type":"node","osm_id":"6736487626"}},{"type":"Feature","geometry":{"type":"Point","coordinates":[-1.67028,54.85105]},"properties":{"name":"Power infrastructure","category":"generator","osm_type":"node","osm_id":"6736487627"}},{"type":"Feature","geometry":{"type":"Point","coordinates":[-1.67036,54.85103]},"properties":{"name":"Power infrastructure","category":"generator","osm_type":"node","osm_id":"6736487628"}},{"type":"Feature","geometry":{"type":"Point","coordinates":[-1.67044,54.85101]},"properties":{"name":"Power infrastructure","category":"generator","osm_type":"node","osm_id":"6736487629"}},{"type":"Feature","geometry":{"type":"Point","coordinates":[-1.67052,54.85099]},"properties":{"name":"Power infrastructure","category":"generator","osm_type":"node","osm_id":"6736487630"}},{"type":"Feature","geometry":{"type":"Point","coordinates":[-1.6706,54.85097]},"properties":{"name":"Power infrastructure","category":"generator","osm_type":"node","osm_id":"6736487631"}},{"type":"Feature","geometry":{"type":"Point","coordinates":[-1.67067,54.85095]},"properties":{"name":"Power infrastructure","category":"generator","osm_type":"node","osm_id":"6736487632"}},{"type":"Feature","geometry":{"type":"Point","coordinates":[-1.67075,54.85093]},"properties":{"name":"Power infrastructure","category":"generator","osm_type":"node","osm_id":"6736487633"}},{"type":"Feature","geometry":{"type":"Point","coordinates":[-1.67083,54.85091]},"properties":{"name":"Power infrastructure","category":"generator","osm_type":"node","osm_id":"6736487634"}},{"type":"Feature","geometry":{"type":"Point","coordinates":[-1.67091,54.85089]},"properties":{"name":"Power infrastructure","category":"generator","osm_type":"node","osm_id":"6736487635"}},{"type":"Feature","geometry":{"type":"Point","coordinates":[-1.67099,54.85087]},"properties":{"name":"Power infrastructure","category":"generator","osm_type":"node","osm_id":"6736487636"}},{"type":"Feature","geometry":{"type":"Point","coordinates":[-1.67107,54.85085]},"properties":{"name":"Power infrastructure","category":"generator","osm_type":"node","osm_id":"6736487637"}},{"type":"Feature","geometry":{"type":"Point","coordinates":[-1.67115,54.85083]},"properties":{"name":"Power infrastructure","category":"generator","osm_type":"node","osm_id":"6736487638"}},{"type":"Feature","geometry":{"type":"Point","coordinates":[-1.67123,54.85081]},"properties":{"name":"Power infrastructure","category":"generator","osm_type":"node","osm_id":"6736487639"}},{"type":"Feature","geometry":{"type":"Point","coordinates":[-1.6713,54.85079]},"properties":{"name":"Power infrastructure","category":"generator","osm_type":"node","osm_id":"6736487640"}},{"type":"Feature","geometry":{"type":"Point","coordinates":[-1.67155,54.85089]},"properties":{"name":"Power infrastructure","category":"generator","osm_type":"node","osm_id":"6736487641"}},{"type":"Feature","geometry":{"type":"Point","coordinates":[-1.67144,54.85091]},"properties":{"name":"Power infrastructure","category":"generator","osm_type":"node","osm_id":"6736487642"}},{"type":"Feature","geometry":{"type":"Point","coordinates":[-1.67138,54.85093]},"properties":{"name":"Power infrastructure","category":"generator","osm_type":"node","osm_id":"6736487643"}},{"type":"Feature","geometry":{"type":"Point","coordinates":[-1.67131,54.85095]},"properties":{"name":"Power infrastructure","category":"generator","osm_type":"node","osm_id":"6736487644"}},{"type":"Feature","geometry":{"type":"Point","coordinates":[-1.67124,54.85098]},"properties":{"name":"Power infrastructure","category":"generator","osm_type":"node","osm_id":"6736487645"}},{"type":"Feature","geometry":{"type":"Point","coordinates":[-1.67115,54.851]},"properties":{"name":"Power infrastructure","category":"generator","osm_type":"node","osm_id":"6736487646"}},{"type":"Feature","geometry":{"type":"Point","coordinates":[-1.67099,54.85104]},"properties":{"name":"Power infrastructure","category":"generator","osm_type":"node","osm_id":"6736487647"}},{"type":"Feature","geometry":{"type":"Point","coordinates":[-1.67093,54.85106]},"properties":{"name":"Power infrastructure","category":"generator","osm_type":"node","osm_id":"6736487648"}},{"type":"Feature","geometry":{"type":"Point","coordinates":[-1.67084,54.85107]},"properties":{"name":"Power infrastructure","category":"generator","osm_type":"node","osm_id":"6736487649"}},{"type":"Feature","geometry":{"type":"Point","coordinates":[-1.67077,54.85109]},"properties":{"name":"Power infrastructure","category":"generator","osm_type":"node","osm_id":"6736487650"}},{"type":"Feature","geometry":{"type":"Point","coordinates":[-1.67069,54.85112]},"properties":{"name":"Power infrastructure","category":"generator","osm_type":"node","osm_id":"6736487651"}},{"type":"Feature","geometry":{"type":"Point","coordinates":[-1.67061,54.85114]},"properties":{"name":"Power infrastructure","category":"generator","osm_type":"node","osm_id":"6736487652"}},{"type":"Feature","geometry":{"type":"Point","coordinates":[-1.67053,54.85117]},"properties":{"name":"Power infrastructure","category":"generator","osm_type":"node","osm_id":"6736487653"}},{"type":"Feature","geometry":{"type":"Point","coordinates":[-1.67046,54.85118]},"properties":{"name":"Power infrastructure","category":"generator","osm_type":"node","osm_id":"6736487654"}},{"type":"Feature","geometry":{"type":"Point","coordinates":[-1.67036,54.8512]},"properties":{"name":"Power infrastructure","category":"generator","osm_type":"node","osm_id":"6736487655"}},{"type":"Feature","geometry":{"type":"Point","coordinates":[-1.67028,54.85123]},"properties":{"name":"Power infrastructure","category":"generator","osm_type":"node","osm_id":"6736487656"}},{"type":"Feature","geometry":{"type":"Point","coordinates":[-1.67022,54.85125]},"properties":{"name":"Power infrastructure","category":"generator","osm_type":"node","osm_id":"6736487657"}},{"type":"Feature","geometry":{"type":"Point","coordinates":[-1.67014,54.85127]},"properties":{"name":"Power infrastructure","category":"generator","osm_type":"node","osm_id":"6736487658"}},{"type":"Feature","geometry":{"type":"Point","coordinates":[-1.67006,54.85129]},"properties":{"name":"Power infrastructure","category":"generator","osm_type":"node","osm_id":"6736487659"}},{"type":"Feature","geometry":{"type":"Point","coordinates":[-1.66999,54.8513]},"properties":{"name":"Power infrastructure","category":"generator","osm_type":"node","osm_id":"6736487660"}},{"type":"Feature","geometry":{"type":"Point","coordinates":[-1.6699,54.85133]},"properties":{"name":"Power infrastructure","category":"generator","osm_type":"node","osm_id":"6736487661"}},{"type":"Feature","geometry":{"type":"Point","coordinates":[-1.66983,54.85135]},"properties":{"name":"Power infrastructure","category":"generator","osm_type":"node","osm_id":"6736487662"}},{"type":"Feature","geometry":{"type":"Point","coordinates":[-1.66976,54.85137]},"properties":{"name":"Power infrastructure","category":"generator","osm_type":"node","osm_id":"6736487663"}},{"type":"Feature","geometry":{"type":"Point","coordinates":[-1.66967,54.85139]},"properties":{"name":"Power infrastructure","category":"generator","osm_type":"node","osm_id":"6736487664"}},{"type":"Feature","geometry":{"type":"Point","coordinates":[-1.66959,54.85141]},"properties":{"name":"Power infrastructure","category":"generator","osm_type":"node","osm_id":"6736487665"}},{"type":"Feature","geometry":{"type":"Point","coordinates":[-1.66951,54.85143]},"properties":{"name":"Power infrastructure","category":"generator","osm_type":"node","osm_id":"6736487666"}},{"type":"Feature","geometry":{"type":"Point","coordinates":[-1.66944,54.85145]},"properties":{"name":"Power infrastructure","category":"generator","osm_type":"node","osm_id":"6736487667"}},{"type":"Feature","geometry":{"type":"Point","coordinates":[-1.66937,54.85147]},"properties":{"name":"Power infrastructure","category":"generator","osm_type":"node","osm_id":"6736487668"}},{"type":"Feature","geometry":{"type":"Point","coordinates":[-1.66929,54.85149]},"properties":{"name":"Power infrastructure","category":"generator","osm_type":"node","osm_id":"6736487669"}},{"type":"Feature","geometry":{"type":"Point","coordinates":[-1.66921,54.85151]},"properties":{"name":"Power infrastructure","category":"generator","osm_type":"node","osm_id":"6736487670"}},{"type":"Feature","geometry":{"type":"Point","coordinates":[-1.57573,54.86402]},"properties":{"name":"Power infrastructure","category":"generator","osm_type":"node","osm_id":"6736572301"}},{"type":"Feature","geometry":{"type":"Point","coordinates":[-1.58248,54.85372]},"properties":{"name":"Power infrastructure","category":"generator","osm_type":"node","osm_id":"6736572302"}},{"type":"Feature","geometry":{"type":"Point","coordinates":[-1.58242,54.85373]},"properties":{"name":"Power infrastructure","category":"generator","osm_type":"node","osm_id":"6736572303"}},{"type":"Feature","geometry":{"type":"Point","coordinates":[-1.58054,54.85293]},"properties":{"name":"Power infrastructure","category":"generator","osm_type":"node","osm_id":"6736572304"}},{"type":"Feature","geometry":{"type":"Point","coordinates":[-1.45246,54.89614]},"properties":{"name":"Power infrastructure","category":"generator","osm_type":"node","osm_id":"6739751264"}},{"type":"Feature","geometry":{"type":"Point","coordinates":[-1.45238,54.89618]},"properties":{"name":"Power infrastructure","category":"generator","osm_type":"node","osm_id":"6739751265"}},{"type":"Feature","geometry":{"type":"Point","coordinates":[-1.45213,54.8963]},"properties":{"name":"Power infrastructure","category":"generator","osm_type":"node","osm_id":"6739751266"}},{"type":"Feature","geometry":{"type":"Point","coordinates":[-1.45199,54.89638]},"properties":{"name":"Power infrastructure","category":"generator","osm_type":"node","osm_id":"6739751267"}},{"type":"Feature","geometry":{"type":"Point","coordinates":[-1.4515,54.89592]},"properties":{"name":"Power infrastructure","category":"generator","osm_type":"node","osm_id":"6739751268"}},{"type":"Feature","geometry":{"type":"Point","coordinates":[-1.45109,54.89578]},"properties":{"name":"Power infrastructure","category":"generator","osm_type":"node","osm_id":"6739751269"}},{"type":"Feature","geometry":{"type":"Point","coordinates":[-1.45104,54.89581]},"properties":{"name":"Power infrastructure","category":"generator","osm_type":"node","osm_id":"6739751270"}},{"type":"Feature","geometry":{"type":"Point","coordinates":[-1.4509,54.8959]},"properties":{"name":"Power infrastructure","category":"generator","osm_type":"node","osm_id":"6739751271"}},{"type":"Feature","geometry":{"type":"Point","coordinates":[-1.45081,54.89594]},"properties":{"name":"Power infrastructure","category":"generator","osm_type":"node","osm_id":"6739751272"}},{"type":"Feature","geometry":{"type":"Point","coordinates":[-1.45113,54.89612]},"properties":{"name":"Power infrastructure","category":"generator","osm_type":"node","osm_id":"6739751273"}},{"type":"Feature","geometry":{"type":"Point","coordinates":[-1.45127,54.89605]},"properties":{"name":"Power infrastructure","category":"generator","osm_type":"node","osm_id":"6739751274"}},{"type":"Feature","geometry":{"type":"Point","coordinates":[-1.4517,54.8962]},"properties":{"name":"Power infrastructure","category":"generator","osm_type":"node","osm_id":"6739751275"}},{"type":"Feature","geometry":{"type":"Point","coordinates":[-1.4514,54.89636]},"properties":{"name":"Power infrastructure","category":"generator","osm_type":"node","osm_id":"6739751276"}},{"type":"Feature","geometry":{"type":"Point","coordinates":[-1.45126,54.89643]},"properties":{"name":"Power infrastructure","category":"generator","osm_type":"node","osm_id":"6739751277"}},{"type":"Feature","geometry":{"type":"Point","coordinates":[-1.45092,54.89625]},"properties":{"name":"Power infrastructure","category":"generator","osm_type":"node","osm_id":"6739751278"}},{"type":"Feature","geometry":{"type":"Point","coordinates":[-1.45083,54.89631]},"properties":{"name":"Power infrastructure","category":"generator","osm_type":"node","osm_id":"6739751279"}},{"type":"Feature","geometry":{"type":"Point","coordinates":[-1.45,54.89641]},"properties":{"name":"Power infrastructure","category":"generator","osm_type":"node","osm_id":"6739751280"}},{"type":"Feature","geometry":{"type":"Point","coordinates":[-1.44992,54.89645]},"properties":{"name":"Power infrastructure","category":"generator","osm_type":"node","osm_id":"6739751281"}},{"type":"Feature","geometry":{"type":"Point","coordinates":[-1.44971,54.89658]},"properties":{"name":"Power infrastructure","category":"generator","osm_type":"node","osm_id":"6739751282"}},{"type":"Feature","geometry":{"type":"Point","coordinates":[-1.44949,54.89671]},"properties":{"name":"Power infrastructure","category":"generator","osm_type":"node","osm_id":"6739751283"}},{"type":"Feature","geometry":{"type":"Point","coordinates":[-1.4488,54.8971]},"properties":{"name":"Power infrastructure","category":"generator","osm_type":"node","osm_id":"6739751284"}},{"type":"Feature","geometry":{"type":"Point","coordinates":[-1.44913,54.89693]},"properties":{"name":"Power infrastructure","category":"generator","osm_type":"node","osm_id":"6739754585"}},{"type":"Feature","geometry":{"type":"Point","coordinates":[-1.44935,54.8968]},"properties":{"name":"Power infrastructure","category":"generator","osm_type":"node","osm_id":"6739754586"}},{"type":"Feature","geometry":{"type":"Point","coordinates":[-1.44828,54.89646]},"properties":{"name":"Power infrastructure","category":"generator","osm_type":"node","osm_id":"6739754587"}},{"type":"Feature","geometry":{"type":"Point","coordinates":[-1.44822,54.89628]},"properties":{"name":"Power infrastructure","category":"generator","osm_type":"node","osm_id":"6739754588"}},{"type":"Feature","geometry":{"type":"Point","coordinates":[-1.44835,54.89622]},"properties":{"name":"Power infrastructure","category":"generator","osm_type":"node","osm_id":"6739754589"}},{"type":"Feature","geometry":{"type":"Point","coordinates":[-1.44845,54.89618]},"properties":{"name":"Power infrastructure","category":"generator","osm_type":"node","osm_id":"6739754590"}},{"type":"Feature","geometry":{"type":"Point","coordinates":[-1.4485,54.89614]},"properties":{"name":"Power infrastructure","category":"generator","osm_type":"node","osm_id":"6739754591"}},{"type":"Feature","geometry":{"type":"Point","coordinates":[-1.44815,54.89581]},"properties":{"name":"Power infrastructure","category":"generator","osm_type":"node","osm_id":"6739754592"}},{"type":"Feature","geometry":{"type":"Point","coordinates":[-1.44846,54.89598]},"properties":{"name":"Power infrastructure","category":"generator","osm_type":"node","osm_id":"6739754593"}},{"type":"Feature","geometry":{"type":"Point","coordinates":[-1.44852,54.89601]},"properties":{"name":"Power infrastructure","category":"generator","osm_type":"node","osm_id":"6739754594"}},{"type":"Feature","geometry":{"type":"Point","coordinates":[-1.44895,54.89601]},"properties":{"name":"Power infrastructure","category":"generator","osm_type":"node","osm_id":"6739754595"}},{"type":"Feature","geometry":{"type":"Point","coordinates":[-1.44888,54.89597]},"properties":{"name":"Power infrastructure","category":"generator","osm_type":"node","osm_id":"6739754596"}},{"type":"Feature","geometry":{"type":"Point","coordinates":[-1.44909,54.89586]},"properties":{"name":"Power infrastructure","category":"generator","osm_type":"node","osm_id":"6739754597"}},{"type":"Feature","geometry":{"type":"Point","coordinates":[-1.44917,54.89581]},"properties":{"name":"Power infrastructure","category":"generator","osm_type":"node","osm_id":"6739754598"}},{"type":"Feature","geometry":{"type":"Point","coordinates":[-1.44933,54.8957]},"properties":{"name":"Power infrastructure","category":"generator","osm_type":"node","osm_id":"6739754599"}},{"type":"Feature","geometry":{"type":"Point","coordinates":[-1.44934,54.89537]},"properties":{"name":"Power infrastructure","category":"generator","osm_type":"node","osm_id":"6739754600"}},{"type":"Feature","geometry":{"type":"Point","coordinates":[-1.44893,54.89519]},"properties":{"name":"Power infrastructure","category":"generator","osm_type":"node","osm_id":"6739754601"}},{"type":"Feature","geometry":{"type":"Point","coordinates":[-1.44923,54.8954]},"properties":{"name":"Power infrastructure","category":"generator","osm_type":"node","osm_id":"6739754602"}},{"type":"Feature","geometry":{"type":"Point","coordinates":[-1.44851,54.8956]},"properties":{"name":"Power infrastructure","category":"generator","osm_type":"node","osm_id":"6739754603"}},{"type":"Feature","geometry":{"type":"Point","coordinates":[-1.4483,54.89533]},"properties":{"name":"Power infrastructure","category":"generator","osm_type":"node","osm_id":"6739754604"}},{"type":"Feature","geometry":{"type":"Point","coordinates":[-1.44826,54.89537]},"properties":{"name":"Power infrastructure","category":"generator","osm_type":"node","osm_id":"6739754605"}},{"type":"Feature","geometry":{"type":"Point","coordinates":[-1.44767,54.89544]},"properties":{"name":"Power infrastructure","category":"generator","osm_type":"node","osm_id":"6739754606"}},{"type":"Feature","geometry":{"type":"Point","coordinates":[-1.4476,54.8954]},"properties":{"name":"Power infrastructure","category":"generator","osm_type":"node","osm_id":"6739754607"}},{"type":"Feature","geometry":{"type":"Point","coordinates":[-1.44726,54.89544]},"properties":{"name":"Power infrastructure","category":"generator","osm_type":"node","osm_id":"6739754608"}},{"type":"Feature","geometry":{"type":"Point","coordinates":[-1.44732,54.89541]},"properties":{"name":"Power infrastructure","category":"generator","osm_type":"node","osm_id":"6739754609"}},{"type":"Feature","geometry":{"type":"Point","coordinates":[-1.44755,54.89522]},"properties":{"name":"Power infrastructure","category":"generator","osm_type":"node","osm_id":"6739754610"}},{"type":"Feature","geometry":{"type":"Point","coordinates":[-1.44786,54.89526]},"properties":{"name":"Power infrastructure","category":"generator","osm_type":"node","osm_id":"6739754611"}},{"type":"Feature","geometry":{"type":"Point","coordinates":[-1.44805,54.89506]},"properties":{"name":"Power infrastructure","category":"generator","osm_type":"node","osm_id":"6739754612"}},{"type":"Feature","geometry":{"type":"Point","coordinates":[-1.44798,54.89503]},"properties":{"name":"Power infrastructure","category":"generator","osm_type":"node","osm_id":"6739754613"}},{"type":"Feature","geometry":{"type":"Point","coordinates":[-1.4484,54.89481]},"properties":{"name":"Power infrastructure","category":"generator","osm_type":"node","osm_id":"6739754614"}},{"type":"Feature","geometry":{"type":"Point","coordinates":[-1.44845,54.89486]},"properties":{"name":"Power infrastructure","category":"generator","osm_type":"node","osm_id":"6739754615"}},{"type":"Feature","geometry":{"type":"Point","coordinates":[-1.4484,54.89496]},"properties":{"name":"Power infrastructure","category":"generator","osm_type":"node","osm_id":"6739754616"}},{"type":"Feature","geometry":{"type":"Point","coordinates":[-1.44848,54.89495]},"properties":{"name":"Power infrastructure","category":"generator","osm_type":"node","osm_id":"6739754617"}},{"type":"Feature","geometry":{"type":"Point","coordinates":[-1.44902,54.89491]},"properties":{"name":"Power infrastructure","category":"generator","osm_type":"node","osm_id":"6739754618"}},{"type":"Feature","geometry":{"type":"Point","coordinates":[-1.44901,54.89487]},"properties":{"name":"Power infrastructure","category":"generator","osm_type":"node","osm_id":"6739754619"}},{"type":"Feature","geometry":{"type":"Point","coordinates":[-1.44893,54.89479]},"properties":{"name":"Power infrastructure","category":"generator","osm_type":"node","osm_id":"6739754620"}},{"type":"Feature","geometry":{"type":"Point","coordinates":[-1.4489,54.89475]},"properties":{"name":"Power infrastructure","category":"generator","osm_type":"node","osm_id":"6739754621"}},{"type":"Feature","geometry":{"type":"Point","coordinates":[-1.4488,54.8943]},"properties":{"name":"Power infrastructure","category":"generator","osm_type":"node","osm_id":"6739754622"}},{"type":"Feature","geometry":{"type":"Point","coordinates":[-1.44874,54.89433]},"properties":{"name":"Power infrastructure","category":"generator","osm_type":"node","osm_id":"6739754623"}},{"type":"Feature","geometry":{"type":"Point","coordinates":[-1.4486,54.89443]},"properties":{"name":"Power infrastructure","category":"generator","osm_type":"node","osm_id":"6739754624"}},{"type":"Feature","geometry":{"type":"Point","coordinates":[-1.44827,54.89462]},"properties":{"name":"Power infrastructure","category":"generator","osm_type":"node","osm_id":"6739754625"}},{"type":"Feature","geometry":{"type":"Point","coordinates":[-1.44814,54.89466]},"properties":{"name":"Power infrastructure","category":"generator","osm_type":"node","osm_id":"6739754626"}},{"type":"Feature","geometry":{"type":"Point","coordinates":[-1.44797,54.89474]},"properties":{"name":"Power infrastructure","category":"generator","osm_type":"node","osm_id":"6739754627"}},{"type":"Feature","geometry":{"type":"Point","coordinates":[-1.44788,54.89479]},"properties":{"name":"Power infrastructure","category":"generator","osm_type":"node","osm_id":"6739754628"}},{"type":"Feature","geometry":{"type":"Point","coordinates":[-1.44726,54.89507]},"properties":{"name":"Power infrastructure","category":"generator","osm_type":"node","osm_id":"6739754629"}},{"type":"Feature","geometry":{"type":"Point","coordinates":[-1.44732,54.89504]},"properties":{"name":"Power infrastructure","category":"generator","osm_type":"node","osm_id":"6739754630"}},{"type":"Feature","geometry":{"type":"Point","coordinates":[-1.44677,54.89497]},"properties":{"name":"Power infrastructure","category":"generator","osm_type":"node","osm_id":"6739754631"}},{"type":"Feature","geometry":{"type":"Point","coordinates":[-1.44685,54.89493]},"properties":{"name":"Power infrastructure","category":"generator","osm_type":"node","osm_id":"6739754632"}},{"type":"Feature","geometry":{"type":"Point","coordinates":[-1.44698,54.89487]},"properties":{"name":"Power infrastructure","category":"generator","osm_type":"node","osm_id":"6739754633"}},{"type":"Feature","geometry":{"type":"Point","coordinates":[-1.44608,54.89454]},"properties":{"name":"Power infrastructure","category":"generator","osm_type":"node","osm_id":"6739754634"}},{"type":"Feature","geometry":{"type":"Point","coordinates":[-1.44628,54.8948]},"properties":{"name":"Power infrastructure","category":"generator","osm_type":"node","osm_id":"6739754635"}},{"type":"Feature","geometry":{"type":"Point","coordinates":[-1.44643,54.89474]},"properties":{"name":"Power infrastructure","category":"generator","osm_type":"node","osm_id":"6739754636"}},{"type":"Feature","geometry":{"type":"Point","coordinates":[-1.44653,54.8947]},"properties":{"name":"Power infrastructure","category":"generator","osm_type":"node","osm_id":"6739754637"}},{"type":"Feature","geometry":{"type":"Point","coordinates":[-1.44669,54.89464]},"properties":{"name":"Power infrastructure","category":"generator","osm_type":"node","osm_id":"6739754638"}},{"type":"Feature","geometry":{"type":"Point","coordinates":[-1.44679,54.8946]},"properties":{"name":"Power infrastructure","category":"generator","osm_type":"node","osm_id":"6739754639"}},{"type":"Feature","geometry":{"type":"Point","coordinates":[-1.44649,54.89438]},"properties":{"name":"Power infrastructure","category":"generator","osm_type":"node","osm_id":"6739754640"}},{"type":"Feature","geometry":{"type":"Point","coordinates":[-1.44675,54.89428]},"properties":{"name":"Power infrastructure","category":"generator","osm_type":"node","osm_id":"6739754641"}},{"type":"Feature","geometry":{"type":"Point","coordinates":[-1.44698,54.89416]},"properties":{"name":"Power infrastructure","category":"generator","osm_type":"node","osm_id":"6739754642"}},{"type":"Feature","geometry":{"type":"Point","coordinates":[-1.44723,54.89403]},"properties":{"name":"Power infrastructure","category":"generator","osm_type":"node","osm_id":"6739754643"}},{"type":"Feature","geometry":{"type":"Point","coordinates":[-1.4473,54.89399]},"properties":{"name":"Power infrastructure","category":"generator","osm_type":"node","osm_id":"6739754644"}},{"type":"Feature","geometry":{"type":"Point","coordinates":[-1.44704,54.89449]},"properties":{"name":"Power infrastructure","category":"generator","osm_type":"node","osm_id":"6739754645"}},{"type":"Feature","geometry":{"type":"Point","coordinates":[-1.44719,54.89441]},"properties":{"name":"Power infrastructure","category":"generator","osm_type":"node","osm_id":"6739754646"}},{"type":"Feature","geometry":{"type":"Point","coordinates":[-1.44755,54.89458]},"properties":{"name":"Power infrastructure","category":"generator","osm_type":"node","osm_id":"6739754647"}},{"type":"Feature","geometry":{"type":"Point","coordinates":[-1.44774,54.89449]},"properties":{"name":"Power infrastructure","category":"generator","osm_type":"node","osm_id":"6739754648"}},{"type":"Feature","geometry":{"type":"Point","coordinates":[-1.44787,54.89444]},"properties":{"name":"Power infrastructure","category":"generator","osm_type":"node","osm_id":"6739754649"}},{"type":"Feature","geometry":{"type":"Point","coordinates":[-1.44815,54.89431]},"properties":{"name":"Power infrastructure","category":"generator","osm_type":"node","osm_id":"6739754650"}},{"type":"Feature","geometry":{"type":"Point","coordinates":[-1.44827,54.89425]},"properties":{"name":"Power infrastructure","category":"generator","osm_type":"node","osm_id":"6739754651"}},{"type":"Feature","geometry":{"type":"Point","coordinates":[-1.44838,54.89419]},"properties":{"name":"Power infrastructure","category":"generator","osm_type":"node","osm_id":"6739754652"}},{"type":"Feature","geometry":{"type":"Point","coordinates":[-1.44849,54.89413]},"properties":{"name":"Power infrastructure","category":"generator","osm_type":"node","osm_id":"6739754653"}},{"type":"Feature","geometry":{"type":"Point","coordinates":[-1.44858,54.8941]},"properties":{"name":"Power infrastructure","category":"generator","osm_type":"node","osm_id":"6739754654"}},{"type":"Feature","geometry":{"type":"Point","coordinates":[-1.44873,54.89403]},"properties":{"name":"Power infrastructure","category":"generator","osm_type":"node","osm_id":"6739754655"}},{"type":"Feature","geometry":{"type":"Point","coordinates":[-1.4488,54.894]},"properties":{"name":"Power infrastructure","category":"generator","osm_type":"node","osm_id":"6739754656"}},{"type":"Feature","geometry":{"type":"Point","coordinates":[-1.44894,54.8939]},"properties":{"name":"Power infrastructure","category":"generator","osm_type":"node","osm_id":"6739754657"}},{"type":"Feature","geometry":{"type":"Point","coordinates":[-1.44904,54.89385]},"properties":{"name":"Power infrastructure","category":"generator","osm_type":"node","osm_id":"6739754658"}},{"type":"Feature","geometry":{"type":"Point","coordinates":[-1.44961,54.8939]},"properties":{"name":"Power infrastructure","category":"generator","osm_type":"node","osm_id":"6739754659"}},{"type":"Feature","geometry":{"type":"Point","coordinates":[-1.44971,54.89319]},"properties":{"name":"Power infrastructure","category":"generator","osm_type":"node","osm_id":"6739754660"}},{"type":"Feature","geometry":{"type":"Point","coordinates":[-1.41675,54.90335]},"properties":{"name":"Power infrastructure","category":"generator","osm_type":"node","osm_id":"6741637722"}},{"type":"Feature","geometry":{"type":"Point","coordinates":[-1.41876,54.90304]},"properties":{"name":"Power infrastructure","category":"generator","osm_type":"node","osm_id":"6741637723"}},{"type":"Feature","geometry":{"type":"Point","coordinates":[-1.42265,54.90489]},"properties":{"name":"Power infrastructure","category":"generator","osm_type":"node","osm_id":"6741637724"}},{"type":"Feature","geometry":{"type":"Point","coordinates":[-1.42303,54.90478]},"properties":{"name":"Power infrastructure","category":"generator","osm_type":"node","osm_id":"6741637725"}},{"type":"Feature","geometry":{"type":"Point","coordinates":[-1.42416,54.90501]},"properties":{"name":"Power infrastructure","category":"generator","osm_type":"node","osm_id":"6741637726"}},{"type":"Feature","geometry":{"type":"Point","coordinates":[-1.42465,54.90431]},"properties":{"name":"Power infrastructure","category":"generator","osm_type":"node","osm_id":"6741637727"}},{"type":"Feature","geometry":{"type":"Point","coordinates":[-1.42261,54.90679]},"properties":{"name":"Power infrastructure","category":"generator","osm_type":"node","osm_id":"6741637728"}},{"type":"Feature","geometry":{"type":"Point","coordinates":[-1.42539,54.90837]},"properties":{"name":"Power infrastructure","category":"generator","osm_type":"node","osm_id":"6741637729"}},{"type":"Feature","geometry":{"type":"Point","coordinates":[-1.4278,54.908]},"properties":{"name":"Power infrastructure","category":"generator","osm_type":"node","osm_id":"6741637730"}},{"type":"Feature","geometry":{"type":"Point","coordinates":[-1.42771,54.90799]},"properties":{"name":"Power infrastructure","category":"generator","osm_type":"node","osm_id":"6741637731"}},{"type":"Feature","geometry":{"type":"Point","coordinates":[-1.42726,54.90789]},"properties":{"name":"Power infrastructure","category":"generator","osm_type":"node","osm_id":"6741637732"}},{"type":"Feature","geometry":{"type":"Point","coordinates":[-1.42594,54.90799]},"properties":{"name":"Power infrastructure","category":"generator","osm_type":"node","osm_id":"6741637733"}},{"type":"Feature","geometry":{"type":"Point","coordinates":[-1.42581,54.90797]},"properties":{"name":"Power infrastructure","category":"generator","osm_type":"node","osm_id":"6741637734"}},{"type":"Feature","geometry":{"type":"Point","coordinates":[-1.42554,54.90792]},"properties":{"name":"Power infrastructure","category":"generator","osm_type":"node","osm_id":"6741637735"}},{"type":"Feature","geometry":{"type":"Point","coordinates":[-1.42546,54.90791]},"properties":{"name":"Power infrastructure","category":"generator","osm_type":"node","osm_id":"6741637736"}},{"type":"Feature","geometry":{"type":"Point","coordinates":[-1.42575,54.90767]},"properties":{"name":"Power infrastructure","category":"generator","osm_type":"node","osm_id":"6741637737"}},{"type":"Feature","geometry":{"type":"Point","coordinates":[-1.42635,54.90774]},"properties":{"name":"Power infrastructure","category":"generator","osm_type":"node","osm_id":"6741637738"}},{"type":"Feature","geometry":{"type":"Point","coordinates":[-1.42646,54.90749]},"properties":{"name":"Power infrastructure","category":"generator","osm_type":"node","osm_id":"6741637739"}},{"type":"Feature","geometry":{"type":"Point","coordinates":[-1.42636,54.90747]},"properties":{"name":"Power infrastructure","category":"generator","osm_type":"node","osm_id":"6741637740"}},{"type":"Feature","geometry":{"type":"Point","coordinates":[-1.42584,54.90735]},"properties":{"name":"Power infrastructure","category":"generator","osm_type":"node","osm_id":"6741637741"}},{"type":"Feature","geometry":{"type":"Point","coordinates":[-1.42628,54.90661]},"properties":{"name":"Power infrastructure","category":"generator","osm_type":"node","osm_id":"6741637742"}},{"type":"Feature","geometry":{"type":"Point","coordinates":[-1.42621,54.90659]},"properties":{"name":"Power infrastructure","category":"generator","osm_type":"node","osm_id":"6741637743"}},{"type":"Feature","geometry":{"type":"Point","coordinates":[-1.42522,54.90656]},"properties":{"name":"Power infrastructure","category":"generator","osm_type":"node","osm_id":"6741637744"}},{"type":"Feature","geometry":{"type":"Point","coordinates":[-1.42522,54.90651]},"properties":{"name":"Power infrastructure","category":"generator","osm_type":"node","osm_id":"6741637745"}},{"type":"Feature","geometry":{"type":"Point","coordinates":[-1.42638,54.90633]},"properties":{"name":"Power infrastructure","category":"generator","osm_type":"node","osm_id":"6741637746"}},{"type":"Feature","geometry":{"type":"Point","coordinates":[-1.42651,54.90616]},"properties":{"name":"Power infrastructure","category":"generator","osm_type":"node","osm_id":"6741637747"}},{"type":"Feature","geometry":{"type":"Point","coordinates":[-1.42656,54.90611]},"properties":{"name":"Power infrastructure","category":"generator","osm_type":"node","osm_id":"6741637748"}},{"type":"Feature","geometry":{"type":"Point","coordinates":[-1.42686,54.90605]},"properties":{"name":"Power infrastructure","category":"generator","osm_type":"node","osm_id":"6741637749"}},{"type":"Feature","geometry":{"type":"Point","coordinates":[-1.42699,54.9061]},"properties":{"name":"Power infrastructure","category":"generator","osm_type":"node","osm_id":"6741637750"}},{"type":"Feature","geometry":{"type":"Point","coordinates":[-1.4269,54.90631]},"properties":{"name":"Power infrastructure","category":"generator","osm_type":"node","osm_id":"6741637751"}},{"type":"Feature","geometry":{"type":"Point","coordinates":[-1.42596,54.907]},"properties":{"name":"Power infrastructure","category":"generator","osm_type":"node","osm_id":"6741637752"}},{"type":"Feature","geometry":{"type":"Point","coordinates":[-1.42642,54.9072]},"properties":{"name":"Power infrastructure","category":"generator","osm_type":"node","osm_id":"6741637753"}},{"type":"Feature","geometry":{"type":"Point","coordinates":[-1.4265,54.90723]},"properties":{"name":"Power infrastructure","category":"generator","osm_type":"node","osm_id":"6741637754"}},{"type":"Feature","geometry":{"type":"Point","coordinates":[-1.42676,54.90719]},"properties":{"name":"Power infrastructure","category":"generator","osm_type":"node","osm_id":"6741637755"}},{"type":"Feature","geometry":{"type":"Point","coordinates":[-1.42679,54.90696]},"properties":{"name":"Power infrastructure","category":"generator","osm_type":"node","osm_id":"6741637756"}},{"type":"Feature","geometry":{"type":"Point","coordinates":[-1.42686,54.90705]},"properties":{"name":"Power infrastructure","category":"generator","osm_type":"node","osm_id":"6741637757"}},{"type":"Feature","geometry":{"type":"Point","coordinates":[-1.42682,54.90701]},"properties":{"name":"Power infrastructure","category":"generator","osm_type":"node","osm_id":"6741637758"}},{"type":"Feature","geometry":{"type":"Point","coordinates":[-1.42731,54.90701]},"properties":{"name":"Power infrastructure","category":"generator","osm_type":"node","osm_id":"6741637759"}},{"type":"Feature","geometry":{"type":"Point","coordinates":[-1.43102,54.90681]},"properties":{"name":"Power infrastructure","category":"generator","osm_type":"node","osm_id":"6741637760"}},{"type":"Feature","geometry":{"type":"Point","coordinates":[-1.43101,54.9069]},"properties":{"name":"Power infrastructure","category":"generator","osm_type":"node","osm_id":"6741637761"}},{"type":"Feature","geometry":{"type":"Point","coordinates":[-1.43006,54.90718]},"properties":{"name":"Power infrastructure","category":"generator","osm_type":"node","osm_id":"6741637762"}},{"type":"Feature","geometry":{"type":"Point","coordinates":[-1.43065,54.90685]},"properties":{"name":"Power infrastructure","category":"generator","osm_type":"node","osm_id":"6741637763"}},{"type":"Feature","geometry":{"type":"Point","coordinates":[-1.43057,54.90685]},"properties":{"name":"Power infrastructure","category":"generator","osm_type":"node","osm_id":"6741637764"}},{"type":"Feature","geometry":{"type":"Point","coordinates":[-1.43044,54.90686]},"properties":{"name":"Power infrastructure","category":"generator","osm_type":"node","osm_id":"6741637765"}},{"type":"Feature","geometry":{"type":"Point","coordinates":[-1.43033,54.9069]},"properties":{"name":"Power infrastructure","category":"generator","osm_type":"node","osm_id":"6741637766"}},{"type":"Feature","geometry":{"type":"Point","coordinates":[-1.42995,54.90689]},"properties":{"name":"Power infrastructure","category":"generator","osm_type":"node","osm_id":"6741637767"}},{"type":"Feature","geometry":{"type":"Point","coordinates":[-1.42978,54.9069]},"properties":{"name":"Power infrastructure","category":"generator","osm_type":"node","osm_id":"6741637768"}},{"type":"Feature","geometry":{"type":"Point","coordinates":[-1.4296,54.9069]},"properties":{"name":"Power infrastructure","category":"generator","osm_type":"node","osm_id":"6741637769"}},{"type":"Feature","geometry":{"type":"Point","coordinates":[-1.42945,54.90691]},"properties":{"name":"Power infrastructure","category":"generator","osm_type":"node","osm_id":"6741637770"}},{"type":"Feature","geometry":{"type":"Point","coordinates":[-1.42863,54.90699]},"properties":{"name":"Power infrastructure","category":"generator","osm_type":"node","osm_id":"6741637771"}},{"type":"Feature","geometry":{"type":"Point","coordinates":[-1.42911,54.90693]},"properties":{"name":"Power infrastructure","category":"generator","osm_type":"node","osm_id":"6741637772"}},{"type":"Feature","geometry":{"type":"Point","coordinates":[-1.42892,54.90693]},"properties":{"name":"Power infrastructure","category":"generator","osm_type":"node","osm_id":"6741637773"}},{"type":"Feature","geometry":{"type":"Point","coordinates":[-1.42882,54.90694]},"properties":{"name":"Power infrastructure","category":"generator","osm_type":"node","osm_id":"6741637774"}},{"type":"Feature","geometry":{"type":"Point","coordinates":[-1.42866,54.90718]},"properties":{"name":"Power infrastructure","category":"generator","osm_type":"node","osm_id":"6741637775"}},{"type":"Feature","geometry":{"type":"Point","coordinates":[-1.42898,54.90718]},"properties":{"name":"Power infrastructure","category":"generator","osm_type":"node","osm_id":"6741637776"}},{"type":"Feature","geometry":{"type":"Point","coordinates":[-1.42908,54.90718]},"properties":{"name":"Power infrastructure","category":"generator","osm_type":"node","osm_id":"6741637777"}},{"type":"Feature","geometry":{"type":"Point","coordinates":[-1.42922,54.90724]},"properties":{"name":"Power infrastructure","category":"generator","osm_type":"node","osm_id":"6741637778"}},{"type":"Feature","geometry":{"type":"Point","coordinates":[-1.42932,54.90726]},"properties":{"name":"Power infrastructure","category":"generator","osm_type":"node","osm_id":"6741637779"}},{"type":"Feature","geometry":{"type":"Point","coordinates":[-1.42874,54.90732]},"properties":{"name":"Power infrastructure","category":"generator","osm_type":"node","osm_id":"6741637780"}},{"type":"Feature","geometry":{"type":"Point","coordinates":[-1.42875,54.90738]},"properties":{"name":"Power infrastructure","category":"generator","osm_type":"node","osm_id":"6741637781"}},{"type":"Feature","geometry":{"type":"Point","coordinates":[-1.42876,54.90749]},"properties":{"name":"Power infrastructure","category":"generator","osm_type":"node","osm_id":"6741637782"}},{"type":"Feature","geometry":{"type":"Point","coordinates":[-1.42901,54.90744]},"properties":{"name":"Power infrastructure","category":"generator","osm_type":"node","osm_id":"6741637783"}},{"type":"Feature","geometry":{"type":"Point","coordinates":[-1.4291,54.90743]},"properties":{"name":"Power infrastructure","category":"generator","osm_type":"node","osm_id":"6741637784"}},{"type":"Feature","geometry":{"type":"Point","coordinates":[-1.42922,54.90743]},"properties":{"name":"Power infrastructure","category":"generator","osm_type":"node","osm_id":"6741704785"}},{"type":"Feature","geometry":{"type":"Point","coordinates":[-1.42932,54.90742]},"properties":{"name":"Power infrastructure","category":"generator","osm_type":"node","osm_id":"6741704786"}},{"type":"Feature","geometry":{"type":"Point","coordinates":[-1.42932,54.9077]},"properties":{"name":"Power infrastructure","category":"generator","osm_type":"node","osm_id":"6741704787"}},{"type":"Feature","geometry":{"type":"Point","coordinates":[-1.42923,54.9077]},"properties":{"name":"Power infrastructure","category":"generator","osm_type":"node","osm_id":"6741704788"}},{"type":"Feature","geometry":{"type":"Point","coordinates":[-1.42918,54.90771]},"properties":{"name":"Power infrastructure","category":"generator","osm_type":"node","osm_id":"6741704789"}},{"type":"Feature","geometry":{"type":"Point","coordinates":[-1.42907,54.90771]},"properties":{"name":"Power infrastructure","category":"generator","osm_type":"node","osm_id":"6741704790"}},{"type":"Feature","geometry":{"type":"Point","coordinates":[-1.42875,54.90769]},"properties":{"name":"Power infrastructure","category":"generator","osm_type":"node","osm_id":"6741704791"}},{"type":"Feature","geometry":{"type":"Point","coordinates":[-1.42882,54.90781]},"properties":{"name":"Power infrastructure","category":"generator","osm_type":"node","osm_id":"6741704792"}},{"type":"Feature","geometry":{"type":"Point","coordinates":[-1.42885,54.9079]},"properties":{"name":"Power infrastructure","category":"generator","osm_type":"node","osm_id":"6741704793"}},{"type":"Feature","geometry":{"type":"Point","coordinates":[-1.42887,54.90796]},"properties":{"name":"Power infrastructure","category":"generator","osm_type":"node","osm_id":"6741704794"}},{"type":"Feature","geometry":{"type":"Point","coordinates":[-1.42889,54.90805]},"properties":{"name":"Power infrastructure","category":"generator","osm_type":"node","osm_id":"6741704795"}},{"type":"Feature","geometry":{"type":"Point","coordinates":[-1.42914,54.90804]},"properties":{"name":"Power infrastructure","category":"generator","osm_type":"node","osm_id":"6741704796"}},{"type":"Feature","geometry":{"type":"Point","coordinates":[-1.42923,54.90803]},"properties":{"name":"Power infrastructure","category":"generator","osm_type":"node","osm_id":"6741704797"}},{"type":"Feature","geometry":{"type":"Point","coordinates":[-1.42935,54.90801]},"properties":{"name":"Power infrastructure","category":"generator","osm_type":"node","osm_id":"6741704798"}},{"type":"Feature","geometry":{"type":"Point","coordinates":[-1.42962,54.908]},"properties":{"name":"Power infrastructure","category":"generator","osm_type":"node","osm_id":"6741704799"}},{"type":"Feature","geometry":{"type":"Point","coordinates":[-1.42969,54.90799]},"properties":{"name":"Power infrastructure","category":"generator","osm_type":"node","osm_id":"6741704800"}},{"type":"Feature","geometry":{"type":"Point","coordinates":[-1.42943,54.90774]},"properties":{"name":"Power infrastructure","category":"generator","osm_type":"node","osm_id":"6741704801"}},{"type":"Feature","geometry":{"type":"Point","coordinates":[-1.42954,54.9077]},"properties":{"name":"Power infrastructure","category":"generator","osm_type":"node","osm_id":"6741704802"}},{"type":"Feature","geometry":{"type":"Point","coordinates":[-1.42961,54.9077]},"properties":{"name":"Power infrastructure","category":"generator","osm_type":"node","osm_id":"6741704803"}},{"type":"Feature","geometry":{"type":"Point","coordinates":[-1.42952,54.90742]},"properties":{"name":"Power infrastructure","category":"generator","osm_type":"node","osm_id":"6741704804"}},{"type":"Feature","geometry":{"type":"Point","coordinates":[-1.4296,54.90742]},"properties":{"name":"Power infrastructure","category":"generator","osm_type":"node","osm_id":"6741704805"}},{"type":"Feature","geometry":{"type":"Point","coordinates":[-1.42948,54.9072]},"properties":{"name":"Power infrastructure","category":"generator","osm_type":"node","osm_id":"6741704806"}},{"type":"Feature","geometry":{"type":"Point","coordinates":[-1.42963,54.90718]},"properties":{"name":"Power infrastructure","category":"generator","osm_type":"node","osm_id":"6741704807"}},{"type":"Feature","geometry":{"type":"Point","coordinates":[-1.4297,54.90719]},"properties":{"name":"Power infrastructure","category":"generator","osm_type":"node","osm_id":"6741704808"}},{"type":"Feature","geometry":{"type":"Point","coordinates":[-1.42981,54.90718]},"properties":{"name":"Power infrastructure","category":"generator","osm_type":"node","osm_id":"6741704809"}},{"type":"Feature","geometry":{"type":"Point","coordinates":[-1.42991,54.90717]},"properties":{"name":"Power infrastructure","category":"generator","osm_type":"node","osm_id":"6741704810"}},{"type":"Feature","geometry":{"type":"Point","coordinates":[-1.42983,54.90741]},"properties":{"name":"Power infrastructure","category":"generator","osm_type":"node","osm_id":"6741704811"}},{"type":"Feature","geometry":{"type":"Point","coordinates":[-1.42993,54.90741]},"properties":{"name":"Power infrastructure","category":"generator","osm_type":"node","osm_id":"6741704812"}},{"type":"Feature","geometry":{"type":"Point","coordinates":[-1.43003,54.90741]},"properties":{"name":"Power infrastructure","category":"generator","osm_type":"node","osm_id":"6741704813"}},{"type":"Feature","geometry":{"type":"Point","coordinates":[-1.43012,54.9074]},"properties":{"name":"Power infrastructure","category":"generator","osm_type":"node","osm_id":"6741704814"}},{"type":"Feature","geometry":{"type":"Point","coordinates":[-1.43031,54.90742]},"properties":{"name":"Power infrastructure","category":"generator","osm_type":"node","osm_id":"6741704815"}},{"type":"Feature","geometry":{"type":"Point","coordinates":[-1.43021,54.90764]},"properties":{"name":"Power infrastructure","category":"generator","osm_type":"node","osm_id":"6741704816"}},{"type":"Feature","geometry":{"type":"Point","coordinates":[-1.43005,54.90764]},"properties":{"name":"Power infrastructure","category":"generator","osm_type":"node","osm_id":"6741704817"}},{"type":"Feature","geometry":{"type":"Point","coordinates":[-1.42986,54.90767]},"properties":{"name":"Power infrastructure","category":"generator","osm_type":"node","osm_id":"6741704818"}},{"type":"Feature","geometry":{"type":"Point","coordinates":[-1.42976,54.90768]},"properties":{"name":"Power infrastructure","category":"generator","osm_type":"node","osm_id":"6741704819"}},{"type":"Feature","geometry":{"type":"Point","coordinates":[-1.42986,54.90797]},"properties":{"name":"Power infrastructure","category":"generator","osm_type":"node","osm_id":"6741704820"}},{"type":"Feature","geometry":{"type":"Point","coordinates":[-1.42998,54.90796]},"properties":{"name":"Power infrastructure","category":"generator","osm_type":"node","osm_id":"6741704821"}},{"type":"Feature","geometry":{"type":"Point","coordinates":[-1.43013,54.90794]},"properties":{"name":"Power infrastructure","category":"generator","osm_type":"node","osm_id":"6741704822"}},{"type":"Feature","geometry":{"type":"Point","coordinates":[-1.43024,54.90793]},"properties":{"name":"Power infrastructure","category":"generator","osm_type":"node","osm_id":"6741704823"}},{"type":"Feature","geometry":{"type":"Point","coordinates":[-1.43031,54.90792]},"properties":{"name":"Power infrastructure","category":"generator","osm_type":"node","osm_id":"6741704824"}},{"type":"Feature","geometry":{"type":"Point","coordinates":[-1.43048,54.9079]},"properties":{"name":"Power infrastructure","category":"generator","osm_type":"node","osm_id":"6741704825"}},{"type":"Feature","geometry":{"type":"Point","coordinates":[-1.43059,54.90787]},"properties":{"name":"Power infrastructure","category":"generator","osm_type":"node","osm_id":"6741704826"}},{"type":"Feature","geometry":{"type":"Point","coordinates":[-1.43077,54.90788]},"properties":{"name":"Power infrastructure","category":"generator","osm_type":"node","osm_id":"6741704827"}},{"type":"Feature","geometry":{"type":"Point","coordinates":[-1.43092,54.90787]},"properties":{"name":"Power infrastructure","category":"generator","osm_type":"node","osm_id":"6741704828"}},{"type":"Feature","geometry":{"type":"Point","coordinates":[-1.43073,54.90774]},"properties":{"name":"Power infrastructure","category":"generator","osm_type":"node","osm_id":"6741704829"}},{"type":"Feature","geometry":{"type":"Point","coordinates":[-1.43071,54.90767]},"properties":{"name":"Power infrastructure","category":"generator","osm_type":"node","osm_id":"6741704830"}},{"type":"Feature","geometry":{"type":"Point","coordinates":[-1.4307,54.90762]},"properties":{"name":"Power infrastructure","category":"generator","osm_type":"node","osm_id":"6741704831"}},{"type":"Feature","geometry":{"type":"Point","coordinates":[-1.43064,54.90752]},"properties":{"name":"Power infrastructure","category":"generator","osm_type":"node","osm_id":"6741704832"}},{"type":"Feature","geometry":{"type":"Point","coordinates":[-1.43061,54.90746]},"properties":{"name":"Power infrastructure","category":"generator","osm_type":"node","osm_id":"6741704833"}},{"type":"Feature","geometry":{"type":"Point","coordinates":[-1.4304,54.9073]},"properties":{"name":"Power infrastructure","category":"generator","osm_type":"node","osm_id":"6741704834"}},{"type":"Feature","geometry":{"type":"Point","coordinates":[-1.43065,54.90739]},"properties":{"name":"Power infrastructure","category":"generator","osm_type":"node","osm_id":"6741704835"}},{"type":"Feature","geometry":{"type":"Point","coordinates":[-1.43064,54.90734]},"properties":{"name":"Power infrastructure","category":"generator","osm_type":"node","osm_id":"6741704836"}},{"type":"Feature","geometry":{"type":"Point","coordinates":[-1.43037,54.90713]},"properties":{"name":"Power infrastructure","category":"generator","osm_type":"node","osm_id":"6741704837"}},{"type":"Feature","geometry":{"type":"Point","coordinates":[-1.43049,54.9071]},"properties":{"name":"Power infrastructure","category":"generator","osm_type":"node","osm_id":"6741704838"}},{"type":"Feature","geometry":{"type":"Point","coordinates":[-1.43064,54.90711]},"properties":{"name":"Power infrastructure","category":"generator","osm_type":"node","osm_id":"6741704839"}},{"type":"Feature","geometry":{"type":"Point","coordinates":[-1.43071,54.90711]},"properties":{"name":"Power infrastructure","category":"generator","osm_type":"node","osm_id":"6741704840"}},{"type":"Feature","geometry":{"type":"Point","coordinates":[-1.43106,54.90707]},"properties":{"name":"Power infrastructure","category":"generator","osm_type":"node","osm_id":"6741704841"}},{"type":"Feature","geometry":{"type":"Point","coordinates":[-1.4311,54.90716]},"properties":{"name":"Power infrastructure","category":"generator","osm_type":"node","osm_id":"6741704842"}},{"type":"Feature","geometry":{"type":"Point","coordinates":[-1.43111,54.90729]},"properties":{"name":"Power infrastructure","category":"generator","osm_type":"node","osm_id":"6741704843"}},{"type":"Feature","geometry":{"type":"Point","coordinates":[-1.4311,54.90732]},"properties":{"name":"Power infrastructure","category":"generator","osm_type":"node","osm_id":"6741704844"}},{"type":"Feature","geometry":{"type":"Point","coordinates":[-1.43101,54.90745]},"properties":{"name":"Power infrastructure","category":"generator","osm_type":"node","osm_id":"6741704845"}},{"type":"Feature","geometry":{"type":"Point","coordinates":[-1.43102,54.9075]},"properties":{"name":"Power infrastructure","category":"generator","osm_type":"node","osm_id":"6741704846"}},{"type":"Feature","geometry":{"type":"Point","coordinates":[-1.43115,54.90762]},"properties":{"name":"Power infrastructure","category":"generator","osm_type":"node","osm_id":"6741704847"}},{"type":"Feature","geometry":{"type":"Point","coordinates":[-1.43118,54.90767]},"properties":{"name":"Power infrastructure","category":"generator","osm_type":"node","osm_id":"6741704848"}},{"type":"Feature","geometry":{"type":"Point","coordinates":[-1.43112,54.90784]},"properties":{"name":"Power infrastructure","category":"generator","osm_type":"node","osm_id":"6741704849"}},{"type":"Feature","geometry":{"type":"Point","coordinates":[-1.4313,54.90785]},"properties":{"name":"Power infrastructure","category":"generator","osm_type":"node","osm_id":"6741704850"}},{"type":"Feature","geometry":{"type":"Point","coordinates":[-1.43216,54.90776]},"properties":{"name":"Power infrastructure","category":"generator","osm_type":"node","osm_id":"6741704851"}},{"type":"Feature","geometry":{"type":"Point","coordinates":[-1.432,54.90777]},"properties":{"name":"Power infrastructure","category":"generator","osm_type":"node","osm_id":"6741704852"}},{"type":"Feature","geometry":{"type":"Point","coordinates":[-1.43169,54.90776]},"properties":{"name":"Power infrastructure","category":"generator","osm_type":"node","osm_id":"6741704853"}},{"type":"Feature","geometry":{"type":"Point","coordinates":[-1.43173,54.90764]},"properties":{"name":"Power infrastructure","category":"generator","osm_type":"node","osm_id":"6741704854"}},{"type":"Feature","geometry":{"type":"Point","coordinates":[-1.43174,54.90759]},"properties":{"name":"Power infrastructure","category":"generator","osm_type":"node","osm_id":"6741704855"}},{"type":"Feature","geometry":{"type":"Point","coordinates":[-1.43211,54.90757]},"properties":{"name":"Power infrastructure","category":"generator","osm_type":"node","osm_id":"6741704856"}},{"type":"Feature","geometry":{"type":"Point","coordinates":[-1.43211,54.90753]},"properties":{"name":"Power infrastructure","category":"generator","osm_type":"node","osm_id":"6741704857"}},{"type":"Feature","geometry":{"type":"Point","coordinates":[-1.43175,54.90749]},"properties":{"name":"Power infrastructure","category":"generator","osm_type":"node","osm_id":"6741704858"}},{"type":"Feature","geometry":{"type":"Point","coordinates":[-1.43169,54.90738]},"properties":{"name":"Power infrastructure","category":"generator","osm_type":"node","osm_id":"6741704859"}},{"type":"Feature","geometry":{"type":"Point","coordinates":[-1.43174,54.90744]},"properties":{"name":"Power infrastructure","category":"generator","osm_type":"node","osm_id":"6741704860"}},{"type":"Feature","geometry":{"type":"Point","coordinates":[-1.43168,54.9073]},"properties":{"name":"Power infrastructure","category":"generator","osm_type":"node","osm_id":"6741704861"}},{"type":"Feature","geometry":{"type":"Point","coordinates":[-1.43165,54.90723]},"properties":{"name":"Power infrastructure","category":"generator","osm_type":"node","osm_id":"6741704862"}},{"type":"Feature","geometry":{"type":"Point","coordinates":[-1.43159,54.90703]},"properties":{"name":"Power infrastructure","category":"generator","osm_type":"node","osm_id":"6741704863"}},{"type":"Feature","geometry":{"type":"Point","coordinates":[-1.43164,54.90711]},"properties":{"name":"Power infrastructure","category":"generator","osm_type":"node","osm_id":"6741704864"}},{"type":"Feature","geometry":{"type":"Point","coordinates":[-1.43192,54.90705]},"properties":{"name":"Power infrastructure","category":"generator","osm_type":"node","osm_id":"6741704865"}},{"type":"Feature","geometry":{"type":"Point","coordinates":[-1.43202,54.90705]},"properties":{"name":"Power infrastructure","category":"generator","osm_type":"node","osm_id":"6741704866"}},{"type":"Feature","geometry":{"type":"Point","coordinates":[-1.4321,54.90704]},"properties":{"name":"Power infrastructure","category":"generator","osm_type":"node","osm_id":"6741704867"}},{"type":"Feature","geometry":{"type":"Point","coordinates":[-1.43228,54.90699]},"properties":{"name":"Power infrastructure","category":"generator","osm_type":"node","osm_id":"6741704868"}},{"type":"Feature","geometry":{"type":"Point","coordinates":[-1.43236,54.90701]},"properties":{"name":"Power infrastructure","category":"generator","osm_type":"node","osm_id":"6741704869"}},{"type":"Feature","geometry":{"type":"Point","coordinates":[-1.43245,54.90706]},"properties":{"name":"Power infrastructure","category":"generator","osm_type":"node","osm_id":"6741704870"}},{"type":"Feature","geometry":{"type":"Point","coordinates":[-1.43197,54.90729]},"properties":{"name":"Power infrastructure","category":"generator","osm_type":"node","osm_id":"6741704871"}},{"type":"Feature","geometry":{"type":"Point","coordinates":[-1.43204,54.90729]},"properties":{"name":"Power infrastructure","category":"generator","osm_type":"node","osm_id":"6741704872"}},{"type":"Feature","geometry":{"type":"Point","coordinates":[-1.43222,54.90727]},"properties":{"name":"Power infrastructure","category":"generator","osm_type":"node","osm_id":"6741704873"}},{"type":"Feature","geometry":{"type":"Point","coordinates":[-1.43236,54.90727]},"properties":{"name":"Power infrastructure","category":"generator","osm_type":"node","osm_id":"6741704874"}},{"type":"Feature","geometry":{"type":"Point","coordinates":[-1.43257,54.90734]},"properties":{"name":"Power infrastructure","category":"generator","osm_type":"node","osm_id":"6741704875"}},{"type":"Feature","geometry":{"type":"Point","coordinates":[-1.43261,54.90742]},"properties":{"name":"Power infrastructure","category":"generator","osm_type":"node","osm_id":"6741704876"}},{"type":"Feature","geometry":{"type":"Point","coordinates":[-1.43261,54.9075]},"properties":{"name":"Power infrastructure","category":"generator","osm_type":"node","osm_id":"6741704877"}},{"type":"Feature","geometry":{"type":"Point","coordinates":[-1.43246,54.90774]},"properties":{"name":"Power infrastructure","category":"generator","osm_type":"node","osm_id":"6741704878"}},{"type":"Feature","geometry":{"type":"Point","coordinates":[-1.43258,54.9077]},"properties":{"name":"Power infrastructure","category":"generator","osm_type":"node","osm_id":"6741704879"}},{"type":"Feature","geometry":{"type":"Point","coordinates":[-1.4328,54.90766]},"properties":{"name":"Power infrastructure","category":"generator","osm_type":"node","osm_id":"6741704880"}},{"type":"Feature","geometry":{"type":"Point","coordinates":[-1.43293,54.90763]},"properties":{"name":"Power infrastructure","category":"generator","osm_type":"node","osm_id":"6741704881"}},{"type":"Feature","geometry":{"type":"Point","coordinates":[-1.43308,54.90765]},"properties":{"name":"Power infrastructure","category":"generator","osm_type":"node","osm_id":"6741704882"}},{"type":"Feature","geometry":{"type":"Point","coordinates":[-1.43323,54.90762]},"properties":{"name":"Power infrastructure","category":"generator","osm_type":"node","osm_id":"6741704883"}},{"type":"Feature","geometry":{"type":"Point","coordinates":[-1.43338,54.90759]},"properties":{"name":"Power infrastructure","category":"generator","osm_type":"node","osm_id":"6741704884"}},{"type":"Feature","geometry":{"type":"Point","coordinates":[-1.43348,54.90758]},"properties":{"name":"Power infrastructure","category":"generator","osm_type":"node","osm_id":"6741704885"}},{"type":"Feature","geometry":{"type":"Point","coordinates":[-1.4327,54.90711]},"properties":{"name":"Power infrastructure","category":"generator","osm_type":"node","osm_id":"6741704886"}},{"type":"Feature","geometry":{"type":"Point","coordinates":[-1.43276,54.90721]},"properties":{"name":"Power infrastructure","category":"generator","osm_type":"node","osm_id":"6741704887"}},{"type":"Feature","geometry":{"type":"Point","coordinates":[-1.43316,54.90708]},"properties":{"name":"Power infrastructure","category":"generator","osm_type":"node","osm_id":"6741704888"}},{"type":"Feature","geometry":{"type":"Point","coordinates":[-1.43323,54.90703]},"properties":{"name":"Power infrastructure","category":"generator","osm_type":"node","osm_id":"6741704889"}},{"type":"Feature","geometry":{"type":"Point","coordinates":[-1.43339,54.90693]},"properties":{"name":"Power infrastructure","category":"generator","osm_type":"node","osm_id":"6741704890"}},{"type":"Feature","geometry":{"type":"Point","coordinates":[-1.43346,54.90689]},"properties":{"name":"Power infrastructure","category":"generator","osm_type":"node","osm_id":"6741704891"}},{"type":"Feature","geometry":{"type":"Point","coordinates":[-1.43358,54.90727]},"properties":{"name":"Power infrastructure","category":"generator","osm_type":"node","osm_id":"6741704892"}},{"type":"Feature","geometry":{"type":"Point","coordinates":[-1.43379,54.90713]},"properties":{"name":"Power infrastructure","category":"generator","osm_type":"node","osm_id":"6741704893"}},{"type":"Feature","geometry":{"type":"Point","coordinates":[-1.43387,54.90709]},"properties":{"name":"Power infrastructure","category":"generator","osm_type":"node","osm_id":"6741704894"}},{"type":"Feature","geometry":{"type":"Point","coordinates":[-1.43548,54.9062]},"properties":{"name":"Power infrastructure","category":"generator","osm_type":"node","osm_id":"6741704895"}},{"type":"Feature","geometry":{"type":"Point","coordinates":[-1.43548,54.90647]},"properties":{"name":"Power infrastructure","category":"generator","osm_type":"node","osm_id":"6741704896"}},{"type":"Feature","geometry":{"type":"Point","coordinates":[-1.43489,54.90633]},"properties":{"name":"Power infrastructure","category":"generator","osm_type":"node","osm_id":"6741704897"}},{"type":"Feature","geometry":{"type":"Point","coordinates":[-1.43482,54.90639]},"properties":{"name":"Power infrastructure","category":"generator","osm_type":"node","osm_id":"6741704898"}},{"type":"Feature","geometry":{"type":"Point","coordinates":[-1.43467,54.90649]},"properties":{"name":"Power infrastructure","category":"generator","osm_type":"node","osm_id":"6741704899"}},{"type":"Feature","geometry":{"type":"Point","coordinates":[-1.43432,54.90657]},"properties":{"name":"Power infrastructure","category":"generator","osm_type":"node","osm_id":"6741704900"}},{"type":"Feature","geometry":{"type":"Point","coordinates":[-1.43308,54.90615]},"properties":{"name":"Power infrastructure","category":"generator","osm_type":"node","osm_id":"6741704901"}},{"type":"Feature","geometry":{"type":"Point","coordinates":[-1.43332,54.90599]},"properties":{"name":"Power infrastructure","category":"generator","osm_type":"node","osm_id":"6741704902"}},{"type":"Feature","geometry":{"type":"Point","coordinates":[-1.43366,54.90577]},"properties":{"name":"Power infrastructure","category":"generator","osm_type":"node","osm_id":"6741704903"}},{"type":"Feature","geometry":{"type":"Point","coordinates":[-1.43392,54.90604]},"properties":{"name":"Power infrastructure","category":"generator","osm_type":"node","osm_id":"6741704904"}},{"type":"Feature","geometry":{"type":"Point","coordinates":[-1.43399,54.90599]},"properties":{"name":"Power infrastructure","category":"generator","osm_type":"node","osm_id":"6741704905"}},{"type":"Feature","geometry":{"type":"Point","coordinates":[-1.43432,54.90593]},"properties":{"name":"Power infrastructure","category":"generator","osm_type":"node","osm_id":"6741704906"}},{"type":"Feature","geometry":{"type":"Point","coordinates":[-1.43463,54.90593]},"properties":{"name":"Power infrastructure","category":"generator","osm_type":"node","osm_id":"6741704907"}},{"type":"Feature","geometry":{"type":"Point","coordinates":[-1.43497,54.90566]},"properties":{"name":"Power infrastructure","category":"generator","osm_type":"node","osm_id":"6741704908"}},{"type":"Feature","geometry":{"type":"Point","coordinates":[-1.4336,54.9033]},"properties":{"name":"Power infrastructure","category":"generator","osm_type":"node","osm_id":"6741704909"}},{"type":"Feature","geometry":{"type":"Point","coordinates":[-1.43369,54.90328]},"properties":{"name":"Power infrastructure","category":"generator","osm_type":"node","osm_id":"6741704910"}},{"type":"Feature","geometry":{"type":"Point","coordinates":[-1.43379,54.90327]},"properties":{"name":"Power infrastructure","category":"generator","osm_type":"node","osm_id":"6741704911"}},{"type":"Feature","geometry":{"type":"Point","coordinates":[-1.4341,54.9032]},"properties":{"name":"Power infrastructure","category":"generator","osm_type":"node","osm_id":"6741704912"}},{"type":"Feature","geometry":{"type":"Point","coordinates":[-1.4368,54.90421]},"properties":{"name":"Power infrastructure","category":"generator","osm_type":"node","osm_id":"6741704913"}},{"type":"Feature","geometry":{"type":"Point","coordinates":[-1.43942,54.90452]},"properties":{"name":"Power infrastructure","category":"generator","osm_type":"node","osm_id":"6741704914"}},{"type":"Feature","geometry":{"type":"Point","coordinates":[-1.43935,54.90456]},"properties":{"name":"Power infrastructure","category":"generator","osm_type":"node","osm_id":"6741704915"}},{"type":"Feature","geometry":{"type":"Point","coordinates":[-1.43924,54.90463]},"properties":{"name":"Power infrastructure","category":"generator","osm_type":"node","osm_id":"6741704916"}},{"type":"Feature","geometry":{"type":"Point","coordinates":[-1.43857,54.90506]},"properties":{"name":"Power infrastructure","category":"generator","osm_type":"node","osm_id":"6741704917"}},{"type":"Feature","geometry":{"type":"Point","coordinates":[-1.43831,54.90522]},"properties":{"name":"Power infrastructure","category":"generator","osm_type":"node","osm_id":"6741704918"}},{"type":"Feature","geometry":{"type":"Point","coordinates":[-1.43768,54.90531]},"properties":{"name":"Power infrastructure","category":"generator","osm_type":"node","osm_id":"6741704919"}},{"type":"Feature","geometry":{"type":"Point","coordinates":[-1.43838,54.90445]},"properties":{"name":"Power infrastructure","category":"generator","osm_type":"node","osm_id":"6741704920"}},{"type":"Feature","geometry":{"type":"Point","coordinates":[-1.43841,54.90405]},"properties":{"name":"Power infrastructure","category":"generator","osm_type":"node","osm_id":"6741704921"}},{"type":"Feature","geometry":{"type":"Point","coordinates":[-1.43855,54.90397]},"properties":{"name":"Power infrastructure","category":"generator","osm_type":"node","osm_id":"6741704922"}},{"type":"Feature","geometry":{"type":"Point","coordinates":[-1.43864,54.90391]},"properties":{"name":"Power infrastructure","category":"generator","osm_type":"node","osm_id":"6741704923"}},{"type":"Feature","geometry":{"type":"Point","coordinates":[-1.43828,54.90375]},"properties":{"name":"Power infrastructure","category":"generator","osm_type":"node","osm_id":"6741704924"}},{"type":"Feature","geometry":{"type":"Point","coordinates":[-1.43814,54.90385]},"properties":{"name":"Power infrastructure","category":"generator","osm_type":"node","osm_id":"6741704925"}},{"type":"Feature","geometry":{"type":"Point","coordinates":[-1.43792,54.90398]},"properties":{"name":"Power infrastructure","category":"generator","osm_type":"node","osm_id":"6741704926"}},{"type":"Feature","geometry":{"type":"Point","coordinates":[-1.43763,54.90416]},"properties":{"name":"Power infrastructure","category":"generator","osm_type":"node","osm_id":"6741704927"}},{"type":"Feature","geometry":{"type":"Point","coordinates":[-1.43712,54.90346]},"properties":{"name":"Power infrastructure","category":"generator","osm_type":"node","osm_id":"6741704928"}},{"type":"Feature","geometry":{"type":"Point","coordinates":[-1.437,54.90348]},"properties":{"name":"Power infrastructure","category":"generator","osm_type":"node","osm_id":"6741704929"}},{"type":"Feature","geometry":{"type":"Point","coordinates":[-1.43651,54.90358]},"properties":{"name":"Power infrastructure","category":"generator","osm_type":"node","osm_id":"6741704930"}},{"type":"Feature","geometry":{"type":"Point","coordinates":[-1.43637,54.90361]},"properties":{"name":"Power infrastructure","category":"generator","osm_type":"node","osm_id":"6741704931"}},{"type":"Feature","geometry":{"type":"Point","coordinates":[-1.43618,54.90338]},"properties":{"name":"Power infrastructure","category":"generator","osm_type":"node","osm_id":"6741704932"}},{"type":"Feature","geometry":{"type":"Point","coordinates":[-1.43637,54.90307]},"properties":{"name":"Power infrastructure","category":"generator","osm_type":"node","osm_id":"6741704933"}},{"type":"Feature","geometry":{"type":"Point","coordinates":[-1.43637,54.90335]},"properties":{"name":"Power infrastructure","category":"generator","osm_type":"node","osm_id":"6741704934"}},{"type":"Feature","geometry":{"type":"Point","coordinates":[-1.43649,54.90333]},"properties":{"name":"Power infrastructure","category":"generator","osm_type":"node","osm_id":"6741704935"}},{"type":"Feature","geometry":{"type":"Point","coordinates":[-1.43696,54.90323]},"properties":{"name":"Power infrastructure","category":"generator","osm_type":"node","osm_id":"6741704936"}},{"type":"Feature","geometry":{"type":"Point","coordinates":[-1.43736,54.90315]},"properties":{"name":"Power infrastructure","category":"generator","osm_type":"node","osm_id":"6741704937"}},{"type":"Feature","geometry":{"type":"Point","coordinates":[-1.4384,54.90297]},"properties":{"name":"Power infrastructure","category":"generator","osm_type":"node","osm_id":"6741704938"}},{"type":"Feature","geometry":{"type":"Point","coordinates":[-1.43929,54.90254]},"properties":{"name":"Power infrastructure","category":"generator","osm_type":"node","osm_id":"6741704939"}},{"type":"Feature","geometry":{"type":"Point","coordinates":[-1.43904,54.90258]},"properties":{"name":"Power infrastructure","category":"generator","osm_type":"node","osm_id":"6741704940"}},{"type":"Feature","geometry":{"type":"Point","coordinates":[-1.43893,54.90261]},"properties":{"name":"Power infrastructure","category":"generator","osm_type":"node","osm_id":"6741704941"}},{"type":"Feature","geometry":{"type":"Point","coordinates":[-1.43866,54.90265]},"properties":{"name":"Power infrastructure","category":"generator","osm_type":"node","osm_id":"6741704942"}},{"type":"Feature","geometry":{"type":"Point","coordinates":[-1.43833,54.90272]},"properties":{"name":"Power infrastructure","category":"generator","osm_type":"node","osm_id":"6741704943"}},{"type":"Feature","geometry":{"type":"Point","coordinates":[-1.43806,54.90277]},"properties":{"name":"Power infrastructure","category":"generator","osm_type":"node","osm_id":"6741704944"}},{"type":"Feature","geometry":{"type":"Point","coordinates":[-1.434,54.90266]},"properties":{"name":"Power infrastructure","category":"generator","osm_type":"node","osm_id":"6741704945"}},{"type":"Feature","geometry":{"type":"Point","coordinates":[-1.43431,54.90236]},"properties":{"name":"Power infrastructure","category":"generator","osm_type":"node","osm_id":"6741704946"}},{"type":"Feature","geometry":{"type":"Point","coordinates":[-1.4344,54.90236]},"properties":{"name":"Power infrastructure","category":"generator","osm_type":"node","osm_id":"6741704947"}},{"type":"Feature","geometry":{"type":"Point","coordinates":[-1.43519,54.90257]},"properties":{"name":"Power infrastructure","category":"generator","osm_type":"node","osm_id":"6741704948"}},{"type":"Feature","geometry":{"type":"Point","coordinates":[-1.43476,54.90234]},"properties":{"name":"Power infrastructure","category":"generator","osm_type":"node","osm_id":"6741704949"}},{"type":"Feature","geometry":{"type":"Point","coordinates":[-1.43484,54.90233]},"properties":{"name":"Power infrastructure","category":"generator","osm_type":"node","osm_id":"6741704950"}},{"type":"Feature","geometry":{"type":"Point","coordinates":[-1.43506,54.90232]},"properties":{"name":"Power infrastructure","category":"generator","osm_type":"node","osm_id":"6741704951"}},{"type":"Feature","geometry":{"type":"Point","coordinates":[-1.43538,54.90229]},"properties":{"name":"Power infrastructure","category":"generator","osm_type":"node","osm_id":"6741704952"}},{"type":"Feature","geometry":{"type":"Point","coordinates":[-1.43549,54.90227]},"properties":{"name":"Power infrastructure","category":"generator","osm_type":"node","osm_id":"6741704953"}},{"type":"Feature","geometry":{"type":"Point","coordinates":[-1.43571,54.90251]},"properties":{"name":"Power infrastructure","category":"generator","osm_type":"node","osm_id":"6741704954"}},{"type":"Feature","geometry":{"type":"Point","coordinates":[-1.43582,54.90249]},"properties":{"name":"Power infrastructure","category":"generator","osm_type":"node","osm_id":"6741704955"}},{"type":"Feature","geometry":{"type":"Point","coordinates":[-1.43647,54.90237]},"properties":{"name":"Power infrastructure","category":"generator","osm_type":"node","osm_id":"6741704956"}},{"type":"Feature","geometry":{"type":"Point","coordinates":[-1.43688,54.9023]},"properties":{"name":"Power infrastructure","category":"generator","osm_type":"node","osm_id":"6741704957"}},{"type":"Feature","geometry":{"type":"Point","coordinates":[-1.43575,54.90225]},"properties":{"name":"Power infrastructure","category":"generator","osm_type":"node","osm_id":"6741704958"}},{"type":"Feature","geometry":{"type":"Point","coordinates":[-1.43611,54.90218]},"properties":{"name":"Power infrastructure","category":"generator","osm_type":"node","osm_id":"6741704959"}},{"type":"Feature","geometry":{"type":"Point","coordinates":[-1.43626,54.90216]},"properties":{"name":"Power infrastructure","category":"generator","osm_type":"node","osm_id":"6741704960"}},{"type":"Feature","geometry":{"type":"Point","coordinates":[-1.43634,54.90214]},"properties":{"name":"Power infrastructure","category":"generator","osm_type":"node","osm_id":"6741704961"}},{"type":"Feature","geometry":{"type":"Point","coordinates":[-1.43649,54.90212]},"properties":{"name":"Power infrastructure","category":"generator","osm_type":"node","osm_id":"6741704962"}},{"type":"Feature","geometry":{"type":"Point","coordinates":[-1.43681,54.90204]},"properties":{"name":"Power infrastructure","category":"generator","osm_type":"node","osm_id":"6741704963"}},{"type":"Feature","geometry":{"type":"Point","coordinates":[-1.4369,54.90202]},"properties":{"name":"Power infrastructure","category":"generator","osm_type":"node","osm_id":"6741704964"}},{"type":"Feature","geometry":{"type":"Point","coordinates":[-1.43718,54.90224]},"properties":{"name":"Power infrastructure","category":"generator","osm_type":"node","osm_id":"6741704965"}},{"type":"Feature","geometry":{"type":"Point","coordinates":[-1.43721,54.90197]},"properties":{"name":"Power infrastructure","category":"generator","osm_type":"node","osm_id":"6741704966"}},{"type":"Feature","geometry":{"type":"Point","coordinates":[-1.43737,54.90221]},"properties":{"name":"Power infrastructure","category":"generator","osm_type":"node","osm_id":"6741704967"}},{"type":"Feature","geometry":{"type":"Point","coordinates":[-1.43767,54.90215]},"properties":{"name":"Power infrastructure","category":"generator","osm_type":"node","osm_id":"6741704968"}},{"type":"Feature","geometry":{"type":"Point","coordinates":[-1.43795,54.9021]},"properties":{"name":"Power infrastructure","category":"generator","osm_type":"node","osm_id":"6741704969"}},{"type":"Feature","geometry":{"type":"Point","coordinates":[-1.43809,54.90208]},"properties":{"name":"Power infrastructure","category":"generator","osm_type":"node","osm_id":"6741704970"}},{"type":"Feature","geometry":{"type":"Point","coordinates":[-1.43983,54.90179]},"properties":{"name":"Power infrastructure","category":"generator","osm_type":"node","osm_id":"6741704971"}},{"type":"Feature","geometry":{"type":"Point","coordinates":[-1.43975,54.90179]},"properties":{"name":"Power infrastructure","category":"generator","osm_type":"node","osm_id":"6741704972"}},{"type":"Feature","geometry":{"type":"Point","coordinates":[-1.43772,54.90187]},"properties":{"name":"Power infrastructure","category":"generator","osm_type":"node","osm_id":"6741704973"}},{"type":"Feature","geometry":{"type":"Point","coordinates":[-1.43805,54.90181]},"properties":{"name":"Power infrastructure","category":"generator","osm_type":"node","osm_id":"6741704974"}},{"type":"Feature","geometry":{"type":"Point","coordinates":[-1.43858,54.90198]},"properties":{"name":"Power infrastructure","category":"generator","osm_type":"node","osm_id":"6741704975"}},{"type":"Feature","geometry":{"type":"Point","coordinates":[-1.43867,54.90197]},"properties":{"name":"Power infrastructure","category":"generator","osm_type":"node","osm_id":"6741704976"}},{"type":"Feature","geometry":{"type":"Point","coordinates":[-1.43896,54.90191]},"properties":{"name":"Power infrastructure","category":"generator","osm_type":"node","osm_id":"6741704977"}},{"type":"Feature","geometry":{"type":"Point","coordinates":[-1.43863,54.90171]},"properties":{"name":"Power infrastructure","category":"generator","osm_type":"node","osm_id":"6741704978"}},{"type":"Feature","geometry":{"type":"Point","coordinates":[-1.43859,54.90123]},"properties":{"name":"Power infrastructure","category":"generator","osm_type":"node","osm_id":"6741704979"}},{"type":"Feature","geometry":{"type":"Point","coordinates":[-1.43878,54.90119]},"properties":{"name":"Power infrastructure","category":"generator","osm_type":"node","osm_id":"6741704980"}},{"type":"Feature","geometry":{"type":"Point","coordinates":[-1.43889,54.90117]},"properties":{"name":"Power infrastructure","category":"generator","osm_type":"node","osm_id":"6741704981"}},{"type":"Feature","geometry":{"type":"Point","coordinates":[-1.43958,54.90165]},"properties":{"name":"Power infrastructure","category":"generator","osm_type":"node","osm_id":"6741704982"}},{"type":"Feature","geometry":{"type":"Point","coordinates":[-1.4392,54.9011]},"properties":{"name":"Power infrastructure","category":"generator","osm_type":"node","osm_id":"6741704983"}},{"type":"Feature","geometry":{"type":"Point","coordinates":[-1.4394,54.90105]},"properties":{"name":"Power infrastructure","category":"generator","osm_type":"node","osm_id":"6741704984"}},{"type":"Feature","geometry":{"type":"Point","coordinates":[-1.44093,54.90001]},"properties":{"name":"Power infrastructure","category":"generator","osm_type":"node","osm_id":"6741704985"}},{"type":"Feature","geometry":{"type":"Point","coordinates":[-1.43999,54.89947]},"properties":{"name":"Power infrastructure","category":"generator","osm_type":"node","osm_id":"6741704986"}},{"type":"Feature","geometry":{"type":"Point","coordinates":[-1.43994,54.89978]},"properties":{"name":"Power infrastructure","category":"generator","osm_type":"node","osm_id":"6741704987"}},{"type":"Feature","geometry":{"type":"Point","coordinates":[-1.43953,54.89961]},"properties":{"name":"Power infrastructure","category":"generator","osm_type":"node","osm_id":"6741704988"}},{"type":"Feature","geometry":{"type":"Point","coordinates":[-1.43913,54.90004]},"properties":{"name":"Power infrastructure","category":"generator","osm_type":"node","osm_id":"6741704989"}},{"type":"Feature","geometry":{"type":"Point","coordinates":[-1.43997,54.90031]},"properties":{"name":"Power infrastructure","category":"generator","osm_type":"node","osm_id":"6741704990"}},{"type":"Feature","geometry":{"type":"Point","coordinates":[-1.43943,54.90049]},"properties":{"name":"Power infrastructure","category":"generator","osm_type":"node","osm_id":"6741704991"}},{"type":"Feature","geometry":{"type":"Point","coordinates":[-1.43924,54.90055]},"properties":{"name":"Power infrastructure","category":"generator","osm_type":"node","osm_id":"6741704992"}},{"type":"Feature","geometry":{"type":"Point","coordinates":[-1.43913,54.90034]},"properties":{"name":"Power infrastructure","category":"generator","osm_type":"node","osm_id":"6741704993"}},{"type":"Feature","geometry":{"type":"Point","coordinates":[-1.43879,54.90016]},"properties":{"name":"Power infrastructure","category":"generator","osm_type":"node","osm_id":"6741704994"}},{"type":"Feature","geometry":{"type":"Point","coordinates":[-1.43822,54.90035]},"properties":{"name":"Power infrastructure","category":"generator","osm_type":"node","osm_id":"6741704995"}},{"type":"Feature","geometry":{"type":"Point","coordinates":[-1.4384,54.90058]},"properties":{"name":"Power infrastructure","category":"generator","osm_type":"node","osm_id":"6741704996"}},{"type":"Feature","geometry":{"type":"Point","coordinates":[-1.43796,54.90097]},"properties":{"name":"Power infrastructure","category":"generator","osm_type":"node","osm_id":"6741704997"}},{"type":"Feature","geometry":{"type":"Point","coordinates":[-1.43769,54.90106]},"properties":{"name":"Power infrastructure","category":"generator","osm_type":"node","osm_id":"6741704998"}},{"type":"Feature","geometry":{"type":"Point","coordinates":[-1.4376,54.90084]},"properties":{"name":"Power infrastructure","category":"generator","osm_type":"node","osm_id":"6741704999"}},{"type":"Feature","geometry":{"type":"Point","coordinates":[-1.4375,54.90088]},"properties":{"name":"Power infrastructure","category":"generator","osm_type":"node","osm_id":"6741705000"}},{"type":"Feature","geometry":{"type":"Point","coordinates":[-1.43732,54.90093]},"properties":{"name":"Power infrastructure","category":"generator","osm_type":"node","osm_id":"6741705001"}},{"type":"Feature","geometry":{"type":"Point","coordinates":[-1.43722,54.90097]},"properties":{"name":"Power infrastructure","category":"generator","osm_type":"node","osm_id":"6741705002"}},{"type":"Feature","geometry":{"type":"Point","coordinates":[-1.43693,54.90106]},"properties":{"name":"Power infrastructure","category":"generator","osm_type":"node","osm_id":"6741705003"}},{"type":"Feature","geometry":{"type":"Point","coordinates":[-1.43723,54.9012]},"properties":{"name":"Power infrastructure","category":"generator","osm_type":"node","osm_id":"6741705004"}},{"type":"Feature","geometry":{"type":"Point","coordinates":[-1.43712,54.90123]},"properties":{"name":"Power infrastructure","category":"generator","osm_type":"node","osm_id":"6741705005"}},{"type":"Feature","geometry":{"type":"Point","coordinates":[-1.43691,54.90129]},"properties":{"name":"Power infrastructure","category":"generator","osm_type":"node","osm_id":"6741705006"}},{"type":"Feature","geometry":{"type":"Point","coordinates":[-1.43656,54.90137]},"properties":{"name":"Power infrastructure","category":"generator","osm_type":"node","osm_id":"6741705007"}},{"type":"Feature","geometry":{"type":"Point","coordinates":[-1.43626,54.90144]},"properties":{"name":"Power infrastructure","category":"generator","osm_type":"node","osm_id":"6741705008"}},{"type":"Feature","geometry":{"type":"Point","coordinates":[-1.43713,54.90069]},"properties":{"name":"Power infrastructure","category":"generator","osm_type":"node","osm_id":"6741705009"}},{"type":"Feature","geometry":{"type":"Point","coordinates":[-1.4387,54.89988]},"properties":{"name":"Power infrastructure","category":"generator","osm_type":"node","osm_id":"6741705010"}},{"type":"Feature","geometry":{"type":"Point","coordinates":[-1.4386,54.89991]},"properties":{"name":"Power infrastructure","category":"generator","osm_type":"node","osm_id":"6741705011"}},{"type":"Feature","geometry":{"type":"Point","coordinates":[-1.43787,54.90015]},"properties":{"name":"Power infrastructure","category":"generator","osm_type":"node","osm_id":"6741705012"}},{"type":"Feature","geometry":{"type":"Point","coordinates":[-1.43761,54.90023]},"properties":{"name":"Power infrastructure","category":"generator","osm_type":"node","osm_id":"6741705013"}},{"type":"Feature","geometry":{"type":"Point","coordinates":[-1.43697,54.90043]},"properties":{"name":"Power infrastructure","category":"generator","osm_type":"node","osm_id":"6741705014"}},{"type":"Feature","geometry":{"type":"Point","coordinates":[-1.4377,54.89991]},"properties":{"name":"Power infrastructure","category":"generator","osm_type":"node","osm_id":"6741705015"}},{"type":"Feature","geometry":{"type":"Point","coordinates":[-1.43814,54.89972]},"properties":{"name":"Power infrastructure","category":"generator","osm_type":"node","osm_id":"6741705016"}},{"type":"Feature","geometry":{"type":"Point","coordinates":[-1.43821,54.8997]},"properties":{"name":"Power infrastructure","category":"generator","osm_type":"node","osm_id":"6741705017"}},{"type":"Feature","geometry":{"type":"Point","coordinates":[-1.43892,54.89922]},"properties":{"name":"Power infrastructure","category":"generator","osm_type":"node","osm_id":"6741705018"}},{"type":"Feature","geometry":{"type":"Point","coordinates":[-1.43808,54.89955]},"properties":{"name":"Power infrastructure","category":"generator","osm_type":"node","osm_id":"6741705019"}},{"type":"Feature","geometry":{"type":"Point","coordinates":[-1.43788,54.89935]},"properties":{"name":"Power infrastructure","category":"generator","osm_type":"node","osm_id":"6741705020"}},{"type":"Feature","geometry":{"type":"Point","coordinates":[-1.43678,54.89878]},"properties":{"name":"Power infrastructure","category":"generator","osm_type":"node","osm_id":"6741705021"}},{"type":"Feature","geometry":{"type":"Point","coordinates":[-1.43802,54.89835]},"properties":{"name":"Power infrastructure","category":"generator","osm_type":"node","osm_id":"6741705022"}},{"type":"Feature","geometry":{"type":"Point","coordinates":[-1.43809,54.89834]},"properties":{"name":"Power infrastructure","category":"generator","osm_type":"node","osm_id":"6741705023"}},{"type":"Feature","geometry":{"type":"Point","coordinates":[-1.43728,54.89773]},"properties":{"name":"Power infrastructure","category":"generator","osm_type":"node","osm_id":"6741705024"}},{"type":"Feature","geometry":{"type":"Point","coordinates":[-1.43637,54.89787]},"properties":{"name":"Power infrastructure","category":"generator","osm_type":"node","osm_id":"6741705025"}},{"type":"Feature","geometry":{"type":"Point","coordinates":[-1.43605,54.89807]},"properties":{"name":"Power infrastructure","category":"generator","osm_type":"node","osm_id":"6741705026"}},{"type":"Feature","geometry":{"type":"Point","coordinates":[-1.43594,54.89816]},"properties":{"name":"Power infrastructure","category":"generator","osm_type":"node","osm_id":"6741705027"}},{"type":"Feature","geometry":{"type":"Point","coordinates":[-1.43572,54.89832]},"properties":{"name":"Power infrastructure","category":"generator","osm_type":"node","osm_id":"6741705028"}},{"type":"Feature","geometry":{"type":"Point","coordinates":[-1.43563,54.8984]},"properties":{"name":"Power infrastructure","category":"generator","osm_type":"node","osm_id":"6741705029"}},{"type":"Feature","geometry":{"type":"Point","coordinates":[-1.43548,54.89853]},"properties":{"name":"Power infrastructure","category":"generator","osm_type":"node","osm_id":"6741705030"}},{"type":"Feature","geometry":{"type":"Point","coordinates":[-1.43538,54.89863]},"properties":{"name":"Power infrastructure","category":"generator","osm_type":"node","osm_id":"6741705031"}},{"type":"Feature","geometry":{"type":"Point","coordinates":[-1.43571,54.89907]},"properties":{"name":"Power infrastructure","category":"generator","osm_type":"node","osm_id":"6741705032"}},{"type":"Feature","geometry":{"type":"Point","coordinates":[-1.43638,54.89969]},"properties":{"name":"Power infrastructure","category":"generator","osm_type":"node","osm_id":"6741705033"}},{"type":"Feature","geometry":{"type":"Point","coordinates":[-1.43509,54.90067]},"properties":{"name":"Power infrastructure","category":"generator","osm_type":"node","osm_id":"6741705034"}},{"type":"Feature","geometry":{"type":"Point","coordinates":[-1.43468,54.90086]},"properties":{"name":"Power infrastructure","category":"generator","osm_type":"node","osm_id":"6741705035"}},{"type":"Feature","geometry":{"type":"Point","coordinates":[-1.43461,54.90088]},"properties":{"name":"Power infrastructure","category":"generator","osm_type":"node","osm_id":"6741705036"}},{"type":"Feature","geometry":{"type":"Point","coordinates":[-1.4353,54.90113]},"properties":{"name":"Power infrastructure","category":"generator","osm_type":"node","osm_id":"6741705037"}},{"type":"Feature","geometry":{"type":"Point","coordinates":[-1.43618,54.90125]},"properties":{"name":"Power infrastructure","category":"generator","osm_type":"node","osm_id":"6741705038"}},{"type":"Feature","geometry":{"type":"Point","coordinates":[-1.43606,54.90127]},"properties":{"name":"Power infrastructure","category":"generator","osm_type":"node","osm_id":"6741705039"}},{"type":"Feature","geometry":{"type":"Point","coordinates":[-1.43587,54.90131]},"properties":{"name":"Power infrastructure","category":"generator","osm_type":"node","osm_id":"6741705040"}},{"type":"Feature","geometry":{"type":"Point","coordinates":[-1.43577,54.90133]},"properties":{"name":"Power infrastructure","category":"generator","osm_type":"node","osm_id":"6741705041"}},{"type":"Feature","geometry":{"type":"Point","coordinates":[-1.42762,54.90146]},"properties":{"name":"Power infrastructure","category":"generator","osm_type":"node","osm_id":"6741705042"}},{"type":"Feature","geometry":{"type":"Point","coordinates":[-1.42773,54.90142]},"properties":{"name":"Power infrastructure","category":"generator","osm_type":"node","osm_id":"6741705043"}},{"type":"Feature","geometry":{"type":"Point","coordinates":[-1.42784,54.90135]},"properties":{"name":"Power infrastructure","category":"generator","osm_type":"node","osm_id":"6741705044"}},{"type":"Feature","geometry":{"type":"Point","coordinates":[-1.42791,54.90129]},"properties":{"name":"Power infrastructure","category":"generator","osm_type":"node","osm_id":"6741705045"}},{"type":"Feature","geometry":{"type":"Point","coordinates":[-1.43089,54.89855]},"properties":{"name":"Power infrastructure","category":"generator","osm_type":"node","osm_id":"6741705046"}},{"type":"Feature","geometry":{"type":"Point","coordinates":[-1.43098,54.89826]},"properties":{"name":"Power infrastructure","category":"generator","osm_type":"node","osm_id":"6741705047"}},{"type":"Feature","geometry":{"type":"Point","coordinates":[-1.4301,54.89808]},"properties":{"name":"Power infrastructure","category":"generator","osm_type":"node","osm_id":"6741705048"}},{"type":"Feature","geometry":{"type":"Point","coordinates":[-1.43096,54.89786]},"properties":{"name":"Power infrastructure","category":"generator","osm_type":"node","osm_id":"6741705049"}},{"type":"Feature","geometry":{"type":"Point","coordinates":[-1.43233,54.89809]},"properties":{"name":"Power infrastructure","category":"generator","osm_type":"node","osm_id":"6741705050"}},{"type":"Feature","geometry":{"type":"Point","coordinates":[-1.43187,54.89811]},"properties":{"name":"Power infrastructure","category":"generator","osm_type":"node","osm_id":"6741705051"}},{"type":"Feature","geometry":{"type":"Point","coordinates":[-1.43181,54.89809]},"properties":{"name":"Power infrastructure","category":"generator","osm_type":"node","osm_id":"6741705052"}},{"type":"Feature","geometry":{"type":"Point","coordinates":[-1.43163,54.89769]},"properties":{"name":"Power infrastructure","category":"generator","osm_type":"node","osm_id":"6741705053"}},{"type":"Feature","geometry":{"type":"Point","coordinates":[-1.43172,54.8977]},"properties":{"name":"Power infrastructure","category":"generator","osm_type":"node","osm_id":"6741705054"}},{"type":"Feature","geometry":{"type":"Point","coordinates":[-1.432,54.89744]},"properties":{"name":"Power infrastructure","category":"generator","osm_type":"node","osm_id":"6741705055"}},{"type":"Feature","geometry":{"type":"Point","coordinates":[-1.43202,54.89738]},"properties":{"name":"Power infrastructure","category":"generator","osm_type":"node","osm_id":"6741705056"}},{"type":"Feature","geometry":{"type":"Point","coordinates":[-1.43207,54.89711]},"properties":{"name":"Power infrastructure","category":"generator","osm_type":"node","osm_id":"6741705057"}},{"type":"Feature","geometry":{"type":"Point","coordinates":[-1.43256,54.89787]},"properties":{"name":"Power infrastructure","category":"generator","osm_type":"node","osm_id":"6741705058"}},{"type":"Feature","geometry":{"type":"Point","coordinates":[-1.43288,54.89764]},"properties":{"name":"Power infrastructure","category":"generator","osm_type":"node","osm_id":"6741705059"}},{"type":"Feature","geometry":{"type":"Point","coordinates":[-1.43254,54.89736]},"properties":{"name":"Power infrastructure","category":"generator","osm_type":"node","osm_id":"6741705060"}},{"type":"Feature","geometry":{"type":"Point","coordinates":[-1.43273,54.89738]},"properties":{"name":"Power infrastructure","category":"generator","osm_type":"node","osm_id":"6741705061"}},{"type":"Feature","geometry":{"type":"Point","coordinates":[-1.43283,54.89739]},"properties":{"name":"Power infrastructure","category":"generator","osm_type":"node","osm_id":"6741705062"}},{"type":"Feature","geometry":{"type":"Point","coordinates":[-1.43292,54.89739]},"properties":{"name":"Power infrastructure","category":"generator","osm_type":"node","osm_id":"6741705063"}},{"type":"Feature","geometry":{"type":"Point","coordinates":[-1.43275,54.89685]},"properties":{"name":"Power infrastructure","category":"generator","osm_type":"node","osm_id":"6741705064"}},{"type":"Feature","geometry":{"type":"Point","coordinates":[-1.4323,54.8951]},"properties":{"name":"Power infrastructure","category":"generator","osm_type":"node","osm_id":"6741705065"}},{"type":"Feature","geometry":{"type":"Point","coordinates":[-1.43143,54.89488]},"properties":{"name":"Power infrastructure","category":"generator","osm_type":"node","osm_id":"6741705066"}},{"type":"Feature","geometry":{"type":"Point","coordinates":[-1.43134,54.89521]},"properties":{"name":"Power infrastructure","category":"generator","osm_type":"node","osm_id":"6741705067"}},{"type":"Feature","geometry":{"type":"Point","coordinates":[-1.43123,54.89522]},"properties":{"name":"Power infrastructure","category":"generator","osm_type":"node","osm_id":"6741705068"}},{"type":"Feature","geometry":{"type":"Point","coordinates":[-1.43144,54.89547]},"properties":{"name":"Power infrastructure","category":"generator","osm_type":"node","osm_id":"6741705069"}},{"type":"Feature","geometry":{"type":"Point","coordinates":[-1.43131,54.89548]},"properties":{"name":"Power infrastructure","category":"generator","osm_type":"node","osm_id":"6741705070"}},{"type":"Feature","geometry":{"type":"Point","coordinates":[-1.43128,54.8958]},"properties":{"name":"Power infrastructure","category":"generator","osm_type":"node","osm_id":"6741705071"}},{"type":"Feature","geometry":{"type":"Point","coordinates":[-1.43099,54.89577]},"properties":{"name":"Power infrastructure","category":"generator","osm_type":"node","osm_id":"6741705072"}},{"type":"Feature","geometry":{"type":"Point","coordinates":[-1.43176,54.8962]},"properties":{"name":"Power infrastructure","category":"generator","osm_type":"node","osm_id":"6741705073"}},{"type":"Feature","geometry":{"type":"Point","coordinates":[-1.43193,54.89678]},"properties":{"name":"Power infrastructure","category":"generator","osm_type":"node","osm_id":"6741705074"}},{"type":"Feature","geometry":{"type":"Point","coordinates":[-1.43156,54.89709]},"properties":{"name":"Power infrastructure","category":"generator","osm_type":"node","osm_id":"6741705075"}},{"type":"Feature","geometry":{"type":"Point","coordinates":[-1.43164,54.89672]},"properties":{"name":"Power infrastructure","category":"generator","osm_type":"node","osm_id":"6741705076"}},{"type":"Feature","geometry":{"type":"Point","coordinates":[-1.43063,54.89718]},"properties":{"name":"Power infrastructure","category":"generator","osm_type":"node","osm_id":"6741705077"}},{"type":"Feature","geometry":{"type":"Point","coordinates":[-1.43005,54.89736]},"properties":{"name":"Power infrastructure","category":"generator","osm_type":"node","osm_id":"6741705078"}},{"type":"Feature","geometry":{"type":"Point","coordinates":[-1.42976,54.8968]},"properties":{"name":"Power infrastructure","category":"generator","osm_type":"node","osm_id":"6741705079"}},{"type":"Feature","geometry":{"type":"Point","coordinates":[-1.43012,54.89683]},"properties":{"name":"Power infrastructure","category":"generator","osm_type":"node","osm_id":"6741705080"}},{"type":"Feature","geometry":{"type":"Point","coordinates":[-1.43074,54.89676]},"properties":{"name":"Power infrastructure","category":"generator","osm_type":"node","osm_id":"6741705081"}},{"type":"Feature","geometry":{"type":"Point","coordinates":[-1.45532,54.88935]},"properties":{"name":"Power infrastructure","category":"generator","osm_type":"node","osm_id":"6741705082"}},{"type":"Feature","geometry":{"type":"Point","coordinates":[-1.45599,54.8892]},"properties":{"name":"Power infrastructure","category":"generator","osm_type":"node","osm_id":"6741705083"}},{"type":"Feature","geometry":{"type":"Point","coordinates":[-1.45071,54.88771]},"properties":{"name":"Power infrastructure","category":"generator","osm_type":"node","osm_id":"6741705084"}},{"type":"Feature","geometry":{"type":"Point","coordinates":[-1.45052,54.88766]},"properties":{"name":"Power infrastructure","category":"generator","osm_type":"node","osm_id":"6741705085"}},{"type":"Feature","geometry":{"type":"Point","coordinates":[-1.45043,54.88764]},"properties":{"name":"Power infrastructure","category":"generator","osm_type":"node","osm_id":"6741705086"}},{"type":"Feature","geometry":{"type":"Point","coordinates":[-1.45124,54.88725]},"properties":{"name":"Power infrastructure","category":"generator","osm_type":"node","osm_id":"6741705087"}},{"type":"Feature","geometry":{"type":"Point","coordinates":[-1.45115,54.88723]},"properties":{"name":"Power infrastructure","category":"generator","osm_type":"node","osm_id":"6741705088"}},{"type":"Feature","geometry":{"type":"Point","coordinates":[-1.45278,54.8862]},"properties":{"name":"Power infrastructure","category":"generator","osm_type":"node","osm_id":"6741705089"}},{"type":"Feature","geometry":{"type":"Point","coordinates":[-1.45058,54.88661]},"properties":{"name":"Power infrastructure","category":"generator","osm_type":"node","osm_id":"6741705090"}},{"type":"Feature","geometry":{"type":"Point","coordinates":[-1.44672,54.88721]},"properties":{"name":"Power infrastructure","category":"generator","osm_type":"node","osm_id":"6741705091"}},{"type":"Feature","geometry":{"type":"Point","coordinates":[-1.44643,54.88723]},"properties":{"name":"Power infrastructure","category":"generator","osm_type":"node","osm_id":"6741705092"}},{"type":"Feature","geometry":{"type":"Point","coordinates":[-1.44719,54.88639]},"properties":{"name":"Power infrastructure","category":"generator","osm_type":"node","osm_id":"6741705093"}},{"type":"Feature","geometry":{"type":"Point","coordinates":[-1.44706,54.88637]},"properties":{"name":"Power infrastructure","category":"generator","osm_type":"node","osm_id":"6741705094"}},{"type":"Feature","geometry":{"type":"Point","coordinates":[-1.4467,54.88608]},"properties":{"name":"Power infrastructure","category":"generator","osm_type":"node","osm_id":"6741705095"}},{"type":"Feature","geometry":{"type":"Point","coordinates":[-1.44549,54.88421]},"properties":{"name":"Power infrastructure","category":"generator","osm_type":"node","osm_id":"6741705096"}},{"type":"Feature","geometry":{"type":"Point","coordinates":[-1.44597,54.88519]},"properties":{"name":"Power infrastructure","category":"generator","osm_type":"node","osm_id":"6741705097"}},{"type":"Feature","geometry":{"type":"Point","coordinates":[-1.44465,54.88558]},"properties":{"name":"Power infrastructure","category":"generator","osm_type":"node","osm_id":"6741705098"}},{"type":"Feature","geometry":{"type":"Point","coordinates":[-1.44483,54.88552]},"properties":{"name":"Power infrastructure","category":"generator","osm_type":"node","osm_id":"6741705099"}},{"type":"Feature","geometry":{"type":"Point","coordinates":[-1.4455,54.88707]},"properties":{"name":"Power infrastructure","category":"generator","osm_type":"node","osm_id":"6741705100"}},{"type":"Feature","geometry":{"type":"Point","coordinates":[-1.44543,54.88711]},"properties":{"name":"Power infrastructure","category":"generator","osm_type":"node","osm_id":"6741705101"}},{"type":"Feature","geometry":{"type":"Point","coordinates":[-1.44439,54.88711]},"properties":{"name":"Power infrastructure","category":"generator","osm_type":"node","osm_id":"6741705102"}},{"type":"Feature","geometry":{"type":"Point","coordinates":[-1.44376,54.88705]},"properties":{"name":"Power infrastructure","category":"generator","osm_type":"node","osm_id":"6741705103"}},{"type":"Feature","geometry":{"type":"Point","coordinates":[-1.44407,54.88733]},"properties":{"name":"Power infrastructure","category":"generator","osm_type":"node","osm_id":"6741705104"}},{"type":"Feature","geometry":{"type":"Point","coordinates":[-1.44422,54.88742]},"properties":{"name":"Power infrastructure","category":"generator","osm_type":"node","osm_id":"6741705105"}},{"type":"Feature","geometry":{"type":"Point","coordinates":[-1.44358,54.88742]},"properties":{"name":"Power infrastructure","category":"generator","osm_type":"node","osm_id":"6741705106"}},{"type":"Feature","geometry":{"type":"Point","coordinates":[-1.44352,54.88737]},"properties":{"name":"Power infrastructure","category":"generator","osm_type":"node","osm_id":"6741705107"}},{"type":"Feature","geometry":{"type":"Point","coordinates":[-1.4434,54.88722]},"properties":{"name":"Power infrastructure","category":"generator","osm_type":"node","osm_id":"6741705108"}},{"type":"Feature","geometry":{"type":"Point","coordinates":[-1.44291,54.88697]},"properties":{"name":"Power infrastructure","category":"generator","osm_type":"node","osm_id":"6741705109"}},{"type":"Feature","geometry":{"type":"Point","coordinates":[-1.44422,54.88666]},"properties":{"name":"Power infrastructure","category":"generator","osm_type":"node","osm_id":"6741705110"}},{"type":"Feature","geometry":{"type":"Point","coordinates":[-1.44334,54.88584]},"properties":{"name":"Power infrastructure","category":"generator","osm_type":"node","osm_id":"6741705111"}},{"type":"Feature","geometry":{"type":"Point","coordinates":[-1.44275,54.88595]},"properties":{"name":"Power infrastructure","category":"generator","osm_type":"node","osm_id":"6741705112"}},{"type":"Feature","geometry":{"type":"Point","coordinates":[-1.4421,54.88617]},"properties":{"name":"Power infrastructure","category":"generator","osm_type":"node","osm_id":"6741705113"}},{"type":"Feature","geometry":{"type":"Point","coordinates":[-1.44196,54.88622]},"properties":{"name":"Power infrastructure","category":"generator","osm_type":"node","osm_id":"6741705114"}},{"type":"Feature","geometry":{"type":"Point","coordinates":[-1.44189,54.88624]},"properties":{"name":"Power infrastructure","category":"generator","osm_type":"node","osm_id":"6741705115"}},{"type":"Feature","geometry":{"type":"Point","coordinates":[-1.44179,54.88628]},"properties":{"name":"Power infrastructure","category":"generator","osm_type":"node","osm_id":"6741705116"}},{"type":"Feature","geometry":{"type":"Point","coordinates":[-1.44138,54.88664]},"properties":{"name":"Power infrastructure","category":"generator","osm_type":"node","osm_id":"6741705117"}},{"type":"Feature","geometry":{"type":"Point","coordinates":[-1.44121,54.88669]},"properties":{"name":"Power infrastructure","category":"generator","osm_type":"node","osm_id":"6741705118"}},{"type":"Feature","geometry":{"type":"Point","coordinates":[-1.44013,54.88737]},"properties":{"name":"Power infrastructure","category":"generator","osm_type":"node","osm_id":"6741705119"}},{"type":"Feature","geometry":{"type":"Point","coordinates":[-1.44019,54.88734]},"properties":{"name":"Power infrastructure","category":"generator","osm_type":"node","osm_id":"6741705120"}},{"type":"Feature","geometry":{"type":"Point","coordinates":[-1.44025,54.8874]},"properties":{"name":"Power infrastructure","category":"generator","osm_type":"node","osm_id":"6741705121"}},{"type":"Feature","geometry":{"type":"Point","coordinates":[-1.44019,54.88741]},"properties":{"name":"Power infrastructure","category":"generator","osm_type":"node","osm_id":"6741705122"}},{"type":"Feature","geometry":{"type":"Point","coordinates":[-1.44017,54.88764]},"properties":{"name":"Power infrastructure","category":"generator","osm_type":"node","osm_id":"6741705123"}},{"type":"Feature","geometry":{"type":"Point","coordinates":[-1.43997,54.88776]},"properties":{"name":"Power infrastructure","category":"generator","osm_type":"node","osm_id":"6741705124"}},{"type":"Feature","geometry":{"type":"Point","coordinates":[-1.43881,54.88793]},"properties":{"name":"Power infrastructure","category":"generator","osm_type":"node","osm_id":"6741705125"}},{"type":"Feature","geometry":{"type":"Point","coordinates":[-1.43874,54.88795]},"properties":{"name":"Power infrastructure","category":"generator","osm_type":"node","osm_id":"6741705126"}},{"type":"Feature","geometry":{"type":"Point","coordinates":[-1.43857,54.88797]},"properties":{"name":"Power infrastructure","category":"generator","osm_type":"node","osm_id":"6741705127"}},{"type":"Feature","geometry":{"type":"Point","coordinates":[-1.43839,54.88799]},"properties":{"name":"Power infrastructure","category":"generator","osm_type":"node","osm_id":"6741705128"}},{"type":"Feature","geometry":{"type":"Point","coordinates":[-1.43806,54.88802]},"properties":{"name":"Power infrastructure","category":"generator","osm_type":"node","osm_id":"6741705129"}},{"type":"Feature","geometry":{"type":"Point","coordinates":[-1.43463,54.89339]},"properties":{"name":"Power infrastructure","category":"generator","osm_type":"node","osm_id":"6741705130"}},{"type":"Feature","geometry":{"type":"Point","coordinates":[-1.43183,54.89409]},"properties":{"name":"Power infrastructure","category":"generator","osm_type":"node","osm_id":"6741705131"}},{"type":"Feature","geometry":{"type":"Point","coordinates":[-1.43177,54.89206]},"properties":{"name":"Power infrastructure","category":"generator","osm_type":"node","osm_id":"6741705132"}},{"type":"Feature","geometry":{"type":"Point","coordinates":[-1.43232,54.89197]},"properties":{"name":"Power infrastructure","category":"generator","osm_type":"node","osm_id":"6741705133"}},{"type":"Feature","geometry":{"type":"Point","coordinates":[-1.43237,54.89197]},"properties":{"name":"Power infrastructure","category":"generator","osm_type":"node","osm_id":"6741705134"}},{"type":"Feature","geometry":{"type":"Point","coordinates":[-1.43259,54.89186]},"properties":{"name":"Power infrastructure","category":"generator","osm_type":"node","osm_id":"6741705135"}},{"type":"Feature","geometry":{"type":"Point","coordinates":[-1.43391,54.88997]},"properties":{"name":"Power infrastructure","category":"generator","osm_type":"node","osm_id":"6741705136"}},{"type":"Feature","geometry":{"type":"Point","coordinates":[-1.43401,54.88993]},"properties":{"name":"Power infrastructure","category":"generator","osm_type":"node","osm_id":"6741705137"}},{"type":"Feature","geometry":{"type":"Point","coordinates":[-1.4344,54.88984]},"properties":{"name":"Power infrastructure","category":"generator","osm_type":"node","osm_id":"6741705138"}},{"type":"Feature","geometry":{"type":"Point","coordinates":[-1.43447,54.88982]},"properties":{"name":"Power infrastructure","category":"generator","osm_type":"node","osm_id":"6741705139"}},{"type":"Feature","geometry":{"type":"Point","coordinates":[-1.43526,54.88946]},"properties":{"name":"Power infrastructure","category":"generator","osm_type":"node","osm_id":"6741705140"}},{"type":"Feature","geometry":{"type":"Point","coordinates":[-1.4356,54.88968]},"properties":{"name":"Power infrastructure","category":"generator","osm_type":"node","osm_id":"6741705141"}},{"type":"Feature","geometry":{"type":"Point","coordinates":[-1.43681,54.88938]},"properties":{"name":"Power infrastructure","category":"generator","osm_type":"node","osm_id":"6741705142"}},{"type":"Feature","geometry":{"type":"Point","coordinates":[-1.43664,54.88896]},"properties":{"name":"Power infrastructure","category":"generator","osm_type":"node","osm_id":"6741705143"}},{"type":"Feature","geometry":{"type":"Point","coordinates":[-1.43714,54.88879]},"properties":{"name":"Power infrastructure","category":"generator","osm_type":"node","osm_id":"6741705144"}},{"type":"Feature","geometry":{"type":"Point","coordinates":[-1.43717,54.88917]},"properties":{"name":"Power infrastructure","category":"generator","osm_type":"node","osm_id":"6741705145"}},{"type":"Feature","geometry":{"type":"Point","coordinates":[-1.43743,54.88877]},"properties":{"name":"Power infrastructure","category":"generator","osm_type":"node","osm_id":"6741705146"}},{"type":"Feature","geometry":{"type":"Point","coordinates":[-1.43752,54.88875]},"properties":{"name":"Power infrastructure","category":"generator","osm_type":"node","osm_id":"6741705147"}},{"type":"Feature","geometry":{"type":"Point","coordinates":[-1.43763,54.88872]},"properties":{"name":"Power infrastructure","category":"generator","osm_type":"node","osm_id":"6741705148"}},{"type":"Feature","geometry":{"type":"Point","coordinates":[-1.43683,54.88858]},"properties":{"name":"Power infrastructure","category":"generator","osm_type":"node","osm_id":"6741705149"}},{"type":"Feature","geometry":{"type":"Point","coordinates":[-1.43691,54.88854]},"properties":{"name":"Power infrastructure","category":"generator","osm_type":"node","osm_id":"6741705150"}},{"type":"Feature","geometry":{"type":"Point","coordinates":[-1.43707,54.88849]},"properties":{"name":"Power infrastructure","category":"generator","osm_type":"node","osm_id":"6741705151"}},{"type":"Feature","geometry":{"type":"Point","coordinates":[-1.43774,54.88869]},"properties":{"name":"Power infrastructure","category":"generator","osm_type":"node","osm_id":"6741705152"}},{"type":"Feature","geometry":{"type":"Point","coordinates":[-1.43809,54.88849]},"properties":{"name":"Power infrastructure","category":"generator","osm_type":"node","osm_id":"6741705153"}},{"type":"Feature","geometry":{"type":"Point","coordinates":[-1.43825,54.88846]},"properties":{"name":"Power infrastructure","category":"generator","osm_type":"node","osm_id":"6741705154"}},{"type":"Feature","geometry":{"type":"Point","coordinates":[-1.4385,54.88901]},"properties":{"name":"Power infrastructure","category":"generator","osm_type":"node","osm_id":"6741705155"}},{"type":"Feature","geometry":{"type":"Point","coordinates":[-1.43856,54.88896]},"properties":{"name":"Power infrastructure","category":"generator","osm_type":"node","osm_id":"6741705156"}},{"type":"Feature","geometry":{"type":"Point","coordinates":[-1.43885,54.88871]},"properties":{"name":"Power infrastructure","category":"generator","osm_type":"node","osm_id":"6741705157"}},{"type":"Feature","geometry":{"type":"Point","coordinates":[-1.44216,54.88778]},"properties":{"name":"Power infrastructure","category":"generator","osm_type":"node","osm_id":"6741705158"}},{"type":"Feature","geometry":{"type":"Point","coordinates":[-1.44369,54.88756]},"properties":{"name":"Power infrastructure","category":"generator","osm_type":"node","osm_id":"6741705159"}},{"type":"Feature","geometry":{"type":"Point","coordinates":[-1.44403,54.88755]},"properties":{"name":"Power infrastructure","category":"generator","osm_type":"node","osm_id":"6741705160"}},{"type":"Feature","geometry":{"type":"Point","coordinates":[-1.44411,54.88752]},"properties":{"name":"Power infrastructure","category":"generator","osm_type":"node","osm_id":"6741705161"}},{"type":"Feature","geometry":{"type":"Point","coordinates":[-1.446,54.8875]},"properties":{"name":"Power infrastructure","category":"generator","osm_type":"node","osm_id":"6741705162"}},{"type":"Feature","geometry":{"type":"Point","coordinates":[-1.44408,54.88853]},"properties":{"name":"Power infrastructure","category":"generator","osm_type":"node","osm_id":"6741705163"}},{"type":"Feature","geometry":{"type":"Point","coordinates":[-1.44428,54.88891]},"properties":{"name":"Power infrastructure","category":"generator","osm_type":"node","osm_id":"6741705164"}},{"type":"Feature","geometry":{"type":"Point","coordinates":[-1.44435,54.8889]},"properties":{"name":"Power infrastructure","category":"generator","osm_type":"node","osm_id":"6741705165"}},{"type":"Feature","geometry":{"type":"Point","coordinates":[-1.44477,54.88912]},"properties":{"name":"Power infrastructure","category":"generator","osm_type":"node","osm_id":"6741705166"}},{"type":"Feature","geometry":{"type":"Point","coordinates":[-1.4452,54.88878]},"properties":{"name":"Power infrastructure","category":"generator","osm_type":"node","osm_id":"6741705167"}},{"type":"Feature","geometry":{"type":"Point","coordinates":[-1.44537,54.88903]},"properties":{"name":"Power infrastructure","category":"generator","osm_type":"node","osm_id":"6741705168"}},{"type":"Feature","geometry":{"type":"Point","coordinates":[-1.44545,54.88901]},"properties":{"name":"Power infrastructure","category":"generator","osm_type":"node","osm_id":"6741705169"}},{"type":"Feature","geometry":{"type":"Point","coordinates":[-1.44564,54.88898]},"properties":{"name":"Power infrastructure","category":"generator","osm_type":"node","osm_id":"6741705170"}},{"type":"Feature","geometry":{"type":"Point","coordinates":[-1.44573,54.88896]},"properties":{"name":"Power infrastructure","category":"generator","osm_type":"node","osm_id":"6741705171"}},{"type":"Feature","geometry":{"type":"Point","coordinates":[-1.44565,54.88866]},"properties":{"name":"Power infrastructure","category":"generator","osm_type":"node","osm_id":"6741705172"}},{"type":"Feature","geometry":{"type":"Point","coordinates":[-1.44581,54.88863]},"properties":{"name":"Power infrastructure","category":"generator","osm_type":"node","osm_id":"6741705173"}},{"type":"Feature","geometry":{"type":"Point","coordinates":[-1.44669,54.88766]},"properties":{"name":"Power infrastructure","category":"generator","osm_type":"node","osm_id":"6741705174"}},{"type":"Feature","geometry":{"type":"Point","coordinates":[-1.44658,54.88777]},"properties":{"name":"Power infrastructure","category":"generator","osm_type":"node","osm_id":"6741705175"}},{"type":"Feature","geometry":{"type":"Point","coordinates":[-1.44643,54.8879]},"properties":{"name":"Power infrastructure","category":"generator","osm_type":"node","osm_id":"6741705176"}},{"type":"Feature","geometry":{"type":"Point","coordinates":[-1.44611,54.88792]},"properties":{"name":"Power infrastructure","category":"generator","osm_type":"node","osm_id":"6741705177"}},{"type":"Feature","geometry":{"type":"Point","coordinates":[-1.44582,54.88811]},"properties":{"name":"Power infrastructure","category":"generator","osm_type":"node","osm_id":"6741705178"}},{"type":"Feature","geometry":{"type":"Point","coordinates":[-1.44614,54.88825]},"properties":{"name":"Power infrastructure","category":"generator","osm_type":"node","osm_id":"6741705179"}},{"type":"Feature","geometry":{"type":"Point","coordinates":[-1.44621,54.88829]},"properties":{"name":"Power infrastructure","category":"generator","osm_type":"node","osm_id":"6741705180"}},{"type":"Feature","geometry":{"type":"Point","coordinates":[-1.44652,54.88837]},"properties":{"name":"Power infrastructure","category":"generator","osm_type":"node","osm_id":"6741705181"}},{"type":"Feature","geometry":{"type":"Point","coordinates":[-1.4466,54.88839]},"properties":{"name":"Power infrastructure","category":"generator","osm_type":"node","osm_id":"6741705182"}},{"type":"Feature","geometry":{"type":"Point","coordinates":[-1.44683,54.88842]},"properties":{"name":"Power infrastructure","category":"generator","osm_type":"node","osm_id":"6741705183"}},{"type":"Feature","geometry":{"type":"Point","coordinates":[-1.45169,54.88951]},"properties":{"name":"Power infrastructure","category":"generator","osm_type":"node","osm_id":"6741705184"}},{"type":"Feature","geometry":{"type":"Point","coordinates":[-1.45163,54.88952]},"properties":{"name":"Power infrastructure","category":"generator","osm_type":"node","osm_id":"6741705185"}},{"type":"Feature","geometry":{"type":"Point","coordinates":[-1.4511,54.88973]},"properties":{"name":"Power infrastructure","category":"generator","osm_type":"node","osm_id":"6741705186"}},{"type":"Feature","geometry":{"type":"Point","coordinates":[-1.45092,54.88937]},"properties":{"name":"Power infrastructure","category":"generator","osm_type":"node","osm_id":"6741705187"}},{"type":"Feature","geometry":{"type":"Point","coordinates":[-1.45084,54.88936]},"properties":{"name":"Power infrastructure","category":"generator","osm_type":"node","osm_id":"6741705188"}},{"type":"Feature","geometry":{"type":"Point","coordinates":[-1.45077,54.8894]},"properties":{"name":"Power infrastructure","category":"generator","osm_type":"node","osm_id":"6741705189"}},{"type":"Feature","geometry":{"type":"Point","coordinates":[-1.44735,54.88894]},"properties":{"name":"Power infrastructure","category":"generator","osm_type":"node","osm_id":"6741705190"}},{"type":"Feature","geometry":{"type":"Point","coordinates":[-1.44829,54.88883]},"properties":{"name":"Power infrastructure","category":"generator","osm_type":"node","osm_id":"6741705191"}},{"type":"Feature","geometry":{"type":"Point","coordinates":[-1.44941,54.88874]},"properties":{"name":"Power infrastructure","category":"generator","osm_type":"node","osm_id":"6741705192"}},{"type":"Feature","geometry":{"type":"Point","coordinates":[-1.44919,54.88876]},"properties":{"name":"Power infrastructure","category":"generator","osm_type":"node","osm_id":"6741705193"}},{"type":"Feature","geometry":{"type":"Point","coordinates":[-1.4495,54.88963]},"properties":{"name":"Power infrastructure","category":"generator","osm_type":"node","osm_id":"6741705194"}},{"type":"Feature","geometry":{"type":"Point","coordinates":[-1.44988,54.88982]},"properties":{"name":"Power infrastructure","category":"generator","osm_type":"node","osm_id":"6741705195"}},{"type":"Feature","geometry":{"type":"Point","coordinates":[-1.45003,54.88979]},"properties":{"name":"Power infrastructure","category":"generator","osm_type":"node","osm_id":"6741705196"}},{"type":"Feature","geometry":{"type":"Point","coordinates":[-1.45007,54.89024]},"properties":{"name":"Power infrastructure","category":"generator","osm_type":"node","osm_id":"6741705197"}},{"type":"Feature","geometry":{"type":"Point","coordinates":[-1.44909,54.89034]},"properties":{"name":"Power infrastructure","category":"generator","osm_type":"node","osm_id":"6741705198"}},{"type":"Feature","geometry":{"type":"Point","coordinates":[-1.44891,54.89038]},"properties":{"name":"Power infrastructure","category":"generator","osm_type":"node","osm_id":"6741705199"}},{"type":"Feature","geometry":{"type":"Point","coordinates":[-1.44792,54.8895]},"properties":{"name":"Power infrastructure","category":"generator","osm_type":"node","osm_id":"6741705200"}},{"type":"Feature","geometry":{"type":"Point","coordinates":[-1.4464,54.88959]},"properties":{"name":"Power infrastructure","category":"generator","osm_type":"node","osm_id":"6741705201"}},{"type":"Feature","geometry":{"type":"Point","coordinates":[-1.44632,54.88961]},"properties":{"name":"Power infrastructure","category":"generator","osm_type":"node","osm_id":"6741705202"}},{"type":"Feature","geometry":{"type":"Point","coordinates":[-1.44626,54.88937]},"properties":{"name":"Power infrastructure","category":"generator","osm_type":"node","osm_id":"6741705203"}},{"type":"Feature","geometry":{"type":"Point","coordinates":[-1.44618,54.88939]},"properties":{"name":"Power infrastructure","category":"generator","osm_type":"node","osm_id":"6741705204"}},{"type":"Feature","geometry":{"type":"Point","coordinates":[-1.44605,54.88942]},"properties":{"name":"Power infrastructure","category":"generator","osm_type":"node","osm_id":"6741705205"}},{"type":"Feature","geometry":{"type":"Point","coordinates":[-1.44609,54.88966]},"properties":{"name":"Power infrastructure","category":"generator","osm_type":"node","osm_id":"6741705206"}},{"type":"Feature","geometry":{"type":"Point","coordinates":[-1.44597,54.88969]},"properties":{"name":"Power infrastructure","category":"generator","osm_type":"node","osm_id":"6741705207"}},{"type":"Feature","geometry":{"type":"Point","coordinates":[-1.4459,54.8897]},"properties":{"name":"Power infrastructure","category":"generator","osm_type":"node","osm_id":"6741705208"}},{"type":"Feature","geometry":{"type":"Point","coordinates":[-1.44575,54.88973]},"properties":{"name":"Power infrastructure","category":"generator","osm_type":"node","osm_id":"6741705209"}},{"type":"Feature","geometry":{"type":"Point","coordinates":[-1.4456,54.88976]},"properties":{"name":"Power infrastructure","category":"generator","osm_type":"node","osm_id":"6741705210"}},{"type":"Feature","geometry":{"type":"Point","coordinates":[-1.44554,54.88978]},"properties":{"name":"Power infrastructure","category":"generator","osm_type":"node","osm_id":"6741705211"}},{"type":"Feature","geometry":{"type":"Point","coordinates":[-1.44551,54.88953]},"properties":{"name":"Power infrastructure","category":"generator","osm_type":"node","osm_id":"6741705212"}},{"type":"Feature","geometry":{"type":"Point","coordinates":[-1.44536,54.88953]},"properties":{"name":"Power infrastructure","category":"generator","osm_type":"node","osm_id":"6741705213"}},{"type":"Feature","geometry":{"type":"Point","coordinates":[-1.44506,54.88987]},"properties":{"name":"Power infrastructure","category":"generator","osm_type":"node","osm_id":"6741705214"}},{"type":"Feature","geometry":{"type":"Point","coordinates":[-1.44589,54.8902]},"properties":{"name":"Power infrastructure","category":"generator","osm_type":"node","osm_id":"6741705215"}},{"type":"Feature","geometry":{"type":"Point","coordinates":[-1.44594,54.89019]},"properties":{"name":"Power infrastructure","category":"generator","osm_type":"node","osm_id":"6741705216"}},{"type":"Feature","geometry":{"type":"Point","coordinates":[-1.44587,54.88998]},"properties":{"name":"Power infrastructure","category":"generator","osm_type":"node","osm_id":"6741705217"}},{"type":"Feature","geometry":{"type":"Point","coordinates":[-1.44596,54.88995]},"properties":{"name":"Power infrastructure","category":"generator","osm_type":"node","osm_id":"6741705218"}},{"type":"Feature","geometry":{"type":"Point","coordinates":[-1.4461,54.88992]},"properties":{"name":"Power infrastructure","category":"generator","osm_type":"node","osm_id":"6741705219"}},{"type":"Feature","geometry":{"type":"Point","coordinates":[-1.44629,54.89002]},"properties":{"name":"Power infrastructure","category":"generator","osm_type":"node","osm_id":"6741705220"}},{"type":"Feature","geometry":{"type":"Point","coordinates":[-1.44639,54.89017]},"properties":{"name":"Power infrastructure","category":"generator","osm_type":"node","osm_id":"6741705221"}},{"type":"Feature","geometry":{"type":"Point","coordinates":[-1.44643,54.89023]},"properties":{"name":"Power infrastructure","category":"generator","osm_type":"node","osm_id":"6741705222"}},{"type":"Feature","geometry":{"type":"Point","coordinates":[-1.4465,54.89032]},"properties":{"name":"Power infrastructure","category":"generator","osm_type":"node","osm_id":"6741705223"}},{"type":"Feature","geometry":{"type":"Point","coordinates":[-1.44653,54.89038]},"properties":{"name":"Power infrastructure","category":"generator","osm_type":"node","osm_id":"6741705224"}},{"type":"Feature","geometry":{"type":"Point","coordinates":[-1.44667,54.89041]},"properties":{"name":"Power infrastructure","category":"generator","osm_type":"node","osm_id":"6741705225"}},{"type":"Feature","geometry":{"type":"Point","coordinates":[-1.44677,54.89038]},"properties":{"name":"Power infrastructure","category":"generator","osm_type":"node","osm_id":"6741705226"}},{"type":"Feature","geometry":{"type":"Point","coordinates":[-1.44689,54.89036]},"properties":{"name":"Power infrastructure","category":"generator","osm_type":"node","osm_id":"6741705227"}},{"type":"Feature","geometry":{"type":"Point","coordinates":[-1.44726,54.89026]},"properties":{"name":"Power infrastructure","category":"generator","osm_type":"node","osm_id":"6741705228"}},{"type":"Feature","geometry":{"type":"Point","coordinates":[-1.44744,54.8905]},"properties":{"name":"Power infrastructure","category":"generator","osm_type":"node","osm_id":"6741705229"}},{"type":"Feature","geometry":{"type":"Point","coordinates":[-1.4473,54.89053]},"properties":{"name":"Power infrastructure","category":"generator","osm_type":"node","osm_id":"6741705230"}},{"type":"Feature","geometry":{"type":"Point","coordinates":[-1.44703,54.89058]},"properties":{"name":"Power infrastructure","category":"generator","osm_type":"node","osm_id":"6741705231"}},{"type":"Feature","geometry":{"type":"Point","coordinates":[-1.4467,54.89064]},"properties":{"name":"Power infrastructure","category":"generator","osm_type":"node","osm_id":"6741705232"}},{"type":"Feature","geometry":{"type":"Point","coordinates":[-1.44655,54.89068]},"properties":{"name":"Power infrastructure","category":"generator","osm_type":"node","osm_id":"6741705233"}},{"type":"Feature","geometry":{"type":"Point","coordinates":[-1.44635,54.89072]},"properties":{"name":"Power infrastructure","category":"generator","osm_type":"node","osm_id":"6741705234"}},{"type":"Feature","geometry":{"type":"Point","coordinates":[-1.44629,54.89073]},"properties":{"name":"Power infrastructure","category":"generator","osm_type":"node","osm_id":"6741705235"}},{"type":"Feature","geometry":{"type":"Point","coordinates":[-1.44579,54.89056]},"properties":{"name":"Power infrastructure","category":"generator","osm_type":"node","osm_id":"6741705236"}},{"type":"Feature","geometry":{"type":"Point","coordinates":[-1.44483,54.8905]},"properties":{"name":"Power infrastructure","category":"generator","osm_type":"node","osm_id":"6741705237"}},{"type":"Feature","geometry":{"type":"Point","coordinates":[-1.44473,54.89052]},"properties":{"name":"Power infrastructure","category":"generator","osm_type":"node","osm_id":"6741705238"}},{"type":"Feature","geometry":{"type":"Point","coordinates":[-1.44431,54.89082]},"properties":{"name":"Power infrastructure","category":"generator","osm_type":"node","osm_id":"6741705239"}},{"type":"Feature","geometry":{"type":"Point","coordinates":[-1.44426,54.89083]},"properties":{"name":"Power infrastructure","category":"generator","osm_type":"node","osm_id":"6741705240"}},{"type":"Feature","geometry":{"type":"Point","coordinates":[-1.44378,54.8907]},"properties":{"name":"Power infrastructure","category":"generator","osm_type":"node","osm_id":"6741705241"}},{"type":"Feature","geometry":{"type":"Point","coordinates":[-1.44437,54.89028]},"properties":{"name":"Power infrastructure","category":"generator","osm_type":"node","osm_id":"6741705242"}},{"type":"Feature","geometry":{"type":"Point","coordinates":[-1.44414,54.89005]},"properties":{"name":"Power infrastructure","category":"generator","osm_type":"node","osm_id":"6741705243"}},{"type":"Feature","geometry":{"type":"Point","coordinates":[-1.44404,54.89008]},"properties":{"name":"Power infrastructure","category":"generator","osm_type":"node","osm_id":"6741705244"}},{"type":"Feature","geometry":{"type":"Point","coordinates":[-1.44383,54.89013]},"properties":{"name":"Power infrastructure","category":"generator","osm_type":"node","osm_id":"6741705245"}},{"type":"Feature","geometry":{"type":"Point","coordinates":[-1.4434,54.89023]},"properties":{"name":"Power infrastructure","category":"generator","osm_type":"node","osm_id":"6741705246"}},{"type":"Feature","geometry":{"type":"Point","coordinates":[-1.44195,54.88954]},"properties":{"name":"Power infrastructure","category":"generator","osm_type":"node","osm_id":"6741705247"}},{"type":"Feature","geometry":{"type":"Point","coordinates":[-1.44096,54.88884]},"properties":{"name":"Power infrastructure","category":"generator","osm_type":"node","osm_id":"6741705248"}},{"type":"Feature","geometry":{"type":"Point","coordinates":[-1.44082,54.88892]},"properties":{"name":"Power infrastructure","category":"generator","osm_type":"node","osm_id":"6741705249"}},{"type":"Feature","geometry":{"type":"Point","coordinates":[-1.4407,54.88895]},"properties":{"name":"Power infrastructure","category":"generator","osm_type":"node","osm_id":"6741705250"}},{"type":"Feature","geometry":{"type":"Point","coordinates":[-1.44059,54.88896]},"properties":{"name":"Power infrastructure","category":"generator","osm_type":"node","osm_id":"6741705251"}},{"type":"Feature","geometry":{"type":"Point","coordinates":[-1.44016,54.88877]},"properties":{"name":"Power infrastructure","category":"generator","osm_type":"node","osm_id":"6741705252"}},{"type":"Feature","geometry":{"type":"Point","coordinates":[-1.43992,54.88881]},"properties":{"name":"Power infrastructure","category":"generator","osm_type":"node","osm_id":"6741705253"}},{"type":"Feature","geometry":{"type":"Point","coordinates":[-1.4398,54.88884]},"properties":{"name":"Power infrastructure","category":"generator","osm_type":"node","osm_id":"6741705254"}},{"type":"Feature","geometry":{"type":"Point","coordinates":[-1.44007,54.88907]},"properties":{"name":"Power infrastructure","category":"generator","osm_type":"node","osm_id":"6741705255"}},{"type":"Feature","geometry":{"type":"Point","coordinates":[-1.43952,54.88889]},"properties":{"name":"Power infrastructure","category":"generator","osm_type":"node","osm_id":"6741705256"}},{"type":"Feature","geometry":{"type":"Point","coordinates":[-1.439,54.88914]},"properties":{"name":"Power infrastructure","category":"generator","osm_type":"node","osm_id":"6741705257"}},{"type":"Feature","geometry":{"type":"Point","coordinates":[-1.43946,54.88931]},"properties":{"name":"Power infrastructure","category":"generator","osm_type":"node","osm_id":"6741705258"}},{"type":"Feature","geometry":{"type":"Point","coordinates":[-1.43932,54.88939]},"properties":{"name":"Power infrastructure","category":"generator","osm_type":"node","osm_id":"6741705259"}},{"type":"Feature","geometry":{"type":"Point","coordinates":[-1.43925,54.88945]},"properties":{"name":"Power infrastructure","category":"generator","osm_type":"node","osm_id":"6741705260"}},{"type":"Feature","geometry":{"type":"Point","coordinates":[-1.4386,54.88937]},"properties":{"name":"Power infrastructure","category":"generator","osm_type":"node","osm_id":"6741705261"}},{"type":"Feature","geometry":{"type":"Point","coordinates":[-1.43795,54.89023]},"properties":{"name":"Power infrastructure","category":"generator","osm_type":"node","osm_id":"6741705262"}},{"type":"Feature","geometry":{"type":"Point","coordinates":[-1.43809,54.88984]},"properties":{"name":"Power infrastructure","category":"generator","osm_type":"node","osm_id":"6741705263"}},{"type":"Feature","geometry":{"type":"Point","coordinates":[-1.43798,54.88986]},"properties":{"name":"Power infrastructure","category":"generator","osm_type":"node","osm_id":"6741705264"}},{"type":"Feature","geometry":{"type":"Point","coordinates":[-1.43792,54.88988]},"properties":{"name":"Power infrastructure","category":"generator","osm_type":"node","osm_id":"6741705265"}},{"type":"Feature","geometry":{"type":"Point","coordinates":[-1.43797,54.88957]},"properties":{"name":"Power infrastructure","category":"generator","osm_type":"node","osm_id":"6741705266"}},{"type":"Feature","geometry":{"type":"Point","coordinates":[-1.43775,54.88963]},"properties":{"name":"Power infrastructure","category":"generator","osm_type":"node","osm_id":"6741705267"}},{"type":"Feature","geometry":{"type":"Point","coordinates":[-1.43756,54.88967]},"properties":{"name":"Power infrastructure","category":"generator","osm_type":"node","osm_id":"6741705268"}},{"type":"Feature","geometry":{"type":"Point","coordinates":[-1.43757,54.88996]},"properties":{"name":"Power infrastructure","category":"generator","osm_type":"node","osm_id":"6741705269"}},{"type":"Feature","geometry":{"type":"Point","coordinates":[-1.43645,54.88999]},"properties":{"name":"Power infrastructure","category":"generator","osm_type":"node","osm_id":"6741705270"}},{"type":"Feature","geometry":{"type":"Point","coordinates":[-1.43656,54.89045]},"properties":{"name":"Power infrastructure","category":"generator","osm_type":"node","osm_id":"6741705271"}},{"type":"Feature","geometry":{"type":"Point","coordinates":[-1.43649,54.89046]},"properties":{"name":"Power infrastructure","category":"generator","osm_type":"node","osm_id":"6741705272"}},{"type":"Feature","geometry":{"type":"Point","coordinates":[-1.43673,54.89055]},"properties":{"name":"Power infrastructure","category":"generator","osm_type":"node","osm_id":"6741705273"}},{"type":"Feature","geometry":{"type":"Point","coordinates":[-1.43897,54.89043]},"properties":{"name":"Power infrastructure","category":"generator","osm_type":"node","osm_id":"6741705274"}},{"type":"Feature","geometry":{"type":"Point","coordinates":[-1.44021,54.89037]},"properties":{"name":"Power infrastructure","category":"generator","osm_type":"node","osm_id":"6741705275"}},{"type":"Feature","geometry":{"type":"Point","coordinates":[-1.44023,54.89041]},"properties":{"name":"Power infrastructure","category":"generator","osm_type":"node","osm_id":"6741705276"}},{"type":"Feature","geometry":{"type":"Point","coordinates":[-1.44056,54.89037]},"properties":{"name":"Power infrastructure","category":"generator","osm_type":"node","osm_id":"6741705277"}},{"type":"Feature","geometry":{"type":"Point","coordinates":[-1.44104,54.89026]},"properties":{"name":"Power infrastructure","category":"generator","osm_type":"node","osm_id":"6741705278"}},{"type":"Feature","geometry":{"type":"Point","coordinates":[-1.44153,54.88994]},"properties":{"name":"Power infrastructure","category":"generator","osm_type":"node","osm_id":"6741705279"}},{"type":"Feature","geometry":{"type":"Point","coordinates":[-1.44179,54.88987]},"properties":{"name":"Power infrastructure","category":"generator","osm_type":"node","osm_id":"6741705280"}},{"type":"Feature","geometry":{"type":"Point","coordinates":[-1.44145,54.89014]},"properties":{"name":"Power infrastructure","category":"generator","osm_type":"node","osm_id":"6741705281"}},{"type":"Feature","geometry":{"type":"Point","coordinates":[-1.44158,54.89016]},"properties":{"name":"Power infrastructure","category":"generator","osm_type":"node","osm_id":"6741705282"}},{"type":"Feature","geometry":{"type":"Point","coordinates":[-1.44215,54.89004]},"properties":{"name":"Power infrastructure","category":"generator","osm_type":"node","osm_id":"6741705283"}},{"type":"Feature","geometry":{"type":"Point","coordinates":[-1.44225,54.89002]},"properties":{"name":"Power infrastructure","category":"generator","osm_type":"node","osm_id":"6741705284"}},{"type":"Feature","geometry":{"type":"Point","coordinates":[-1.44284,54.89054]},"properties":{"name":"Power infrastructure","category":"generator","osm_type":"node","osm_id":"6741705285"}},{"type":"Feature","geometry":{"type":"Point","coordinates":[-1.44278,54.89055]},"properties":{"name":"Power infrastructure","category":"generator","osm_type":"node","osm_id":"6741705286"}},{"type":"Feature","geometry":{"type":"Point","coordinates":[-1.44216,54.89119]},"properties":{"name":"Power infrastructure","category":"generator","osm_type":"node","osm_id":"6741705287"}},{"type":"Feature","geometry":{"type":"Point","coordinates":[-1.44209,54.89121]},"properties":{"name":"Power infrastructure","category":"generator","osm_type":"node","osm_id":"6741705288"}},{"type":"Feature","geometry":{"type":"Point","coordinates":[-1.44153,54.89132]},"properties":{"name":"Power infrastructure","category":"generator","osm_type":"node","osm_id":"6741705289"}},{"type":"Feature","geometry":{"type":"Point","coordinates":[-1.44145,54.89134]},"properties":{"name":"Power infrastructure","category":"generator","osm_type":"node","osm_id":"6741705290"}},{"type":"Feature","geometry":{"type":"Point","coordinates":[-1.44138,54.89136]},"properties":{"name":"Power infrastructure","category":"generator","osm_type":"node","osm_id":"6741705291"}},{"type":"Feature","geometry":{"type":"Point","coordinates":[-1.44083,54.89115]},"properties":{"name":"Power infrastructure","category":"generator","osm_type":"node","osm_id":"6741705292"}},{"type":"Feature","geometry":{"type":"Point","coordinates":[-1.44101,54.89111]},"properties":{"name":"Power infrastructure","category":"generator","osm_type":"node","osm_id":"6741705293"}},{"type":"Feature","geometry":{"type":"Point","coordinates":[-1.44139,54.89104]},"properties":{"name":"Power infrastructure","category":"generator","osm_type":"node","osm_id":"6741705294"}},{"type":"Feature","geometry":{"type":"Point","coordinates":[-1.4416,54.89099]},"properties":{"name":"Power infrastructure","category":"generator","osm_type":"node","osm_id":"6741705295"}},{"type":"Feature","geometry":{"type":"Point","coordinates":[-1.44168,54.89097]},"properties":{"name":"Power infrastructure","category":"generator","osm_type":"node","osm_id":"6741705296"}},{"type":"Feature","geometry":{"type":"Point","coordinates":[-1.4418,54.89094]},"properties":{"name":"Power infrastructure","category":"generator","osm_type":"node","osm_id":"6741705297"}},{"type":"Feature","geometry":{"type":"Point","coordinates":[-1.44167,54.8904]},"properties":{"name":"Power infrastructure","category":"generator","osm_type":"node","osm_id":"6741705298"}},{"type":"Feature","geometry":{"type":"Point","coordinates":[-1.44122,54.89051]},"properties":{"name":"Power infrastructure","category":"generator","osm_type":"node","osm_id":"6741705299"}},{"type":"Feature","geometry":{"type":"Point","coordinates":[-1.4411,54.89053]},"properties":{"name":"Power infrastructure","category":"generator","osm_type":"node","osm_id":"6741705300"}},{"type":"Feature","geometry":{"type":"Point","coordinates":[-1.4413,54.89078]},"properties":{"name":"Power infrastructure","category":"generator","osm_type":"node","osm_id":"6741705301"}},{"type":"Feature","geometry":{"type":"Point","coordinates":[-1.44078,54.89088]},"properties":{"name":"Power infrastructure","category":"generator","osm_type":"node","osm_id":"6741705302"}},{"type":"Feature","geometry":{"type":"Point","coordinates":[-1.44057,54.89092]},"properties":{"name":"Power infrastructure","category":"generator","osm_type":"node","osm_id":"6741705303"}},{"type":"Feature","geometry":{"type":"Point","coordinates":[-1.44049,54.89094]},"properties":{"name":"Power infrastructure","category":"generator","osm_type":"node","osm_id":"6741705304"}},{"type":"Feature","geometry":{"type":"Point","coordinates":[-1.44078,54.89061]},"properties":{"name":"Power infrastructure","category":"generator","osm_type":"node","osm_id":"6741705305"}},{"type":"Feature","geometry":{"type":"Point","coordinates":[-1.4402,54.89073]},"properties":{"name":"Power infrastructure","category":"generator","osm_type":"node","osm_id":"6741705306"}},{"type":"Feature","geometry":{"type":"Point","coordinates":[-1.44004,54.89076]},"properties":{"name":"Power infrastructure","category":"generator","osm_type":"node","osm_id":"6741705307"}},{"type":"Feature","geometry":{"type":"Point","coordinates":[-1.43971,54.89083]},"properties":{"name":"Power infrastructure","category":"generator","osm_type":"node","osm_id":"6741705308"}},{"type":"Feature","geometry":{"type":"Point","coordinates":[-1.43931,54.89091]},"properties":{"name":"Power infrastructure","category":"generator","osm_type":"node","osm_id":"6741705309"}},{"type":"Feature","geometry":{"type":"Point","coordinates":[-1.43939,54.89112]},"properties":{"name":"Power infrastructure","category":"generator","osm_type":"node","osm_id":"6741705310"}},{"type":"Feature","geometry":{"type":"Point","coordinates":[-1.43921,54.89119]},"properties":{"name":"Power infrastructure","category":"generator","osm_type":"node","osm_id":"6741705311"}},{"type":"Feature","geometry":{"type":"Point","coordinates":[-1.43875,54.89103]},"properties":{"name":"Power infrastructure","category":"generator","osm_type":"node","osm_id":"6741705312"}},{"type":"Feature","geometry":{"type":"Point","coordinates":[-1.43844,54.89098]},"properties":{"name":"Power infrastructure","category":"generator","osm_type":"node","osm_id":"6741705313"}},{"type":"Feature","geometry":{"type":"Point","coordinates":[-1.43838,54.89099]},"properties":{"name":"Power infrastructure","category":"generator","osm_type":"node","osm_id":"6741705314"}},{"type":"Feature","geometry":{"type":"Point","coordinates":[-1.43768,54.89118]},"properties":{"name":"Power infrastructure","category":"generator","osm_type":"node","osm_id":"6741705315"}},{"type":"Feature","geometry":{"type":"Point","coordinates":[-1.43762,54.89119]},"properties":{"name":"Power infrastructure","category":"generator","osm_type":"node","osm_id":"6741705316"}},{"type":"Feature","geometry":{"type":"Point","coordinates":[-1.43631,54.89095]},"properties":{"name":"Power infrastructure","category":"generator","osm_type":"node","osm_id":"6741705317"}},{"type":"Feature","geometry":{"type":"Point","coordinates":[-1.43636,54.8909]},"properties":{"name":"Power infrastructure","category":"generator","osm_type":"node","osm_id":"6741705318"}},{"type":"Feature","geometry":{"type":"Point","coordinates":[-1.43645,54.89092]},"properties":{"name":"Power infrastructure","category":"generator","osm_type":"node","osm_id":"6741705319"}},{"type":"Feature","geometry":{"type":"Point","coordinates":[-1.43677,54.89106]},"properties":{"name":"Power infrastructure","category":"generator","osm_type":"node","osm_id":"6741705320"}},{"type":"Feature","geometry":{"type":"Point","coordinates":[-1.43686,54.89104]},"properties":{"name":"Power infrastructure","category":"generator","osm_type":"node","osm_id":"6741705321"}},{"type":"Feature","geometry":{"type":"Point","coordinates":[-1.43704,54.89121]},"properties":{"name":"Power infrastructure","category":"generator","osm_type":"node","osm_id":"6741705322"}},{"type":"Feature","geometry":{"type":"Point","coordinates":[-1.43695,54.89123]},"properties":{"name":"Power infrastructure","category":"generator","osm_type":"node","osm_id":"6741705323"}},{"type":"Feature","geometry":{"type":"Point","coordinates":[-1.43686,54.89125]},"properties":{"name":"Power infrastructure","category":"generator","osm_type":"node","osm_id":"6741705324"}},{"type":"Feature","geometry":{"type":"Point","coordinates":[-1.43864,54.89441]},"properties":{"name":"Power infrastructure","category":"generator","osm_type":"node","osm_id":"6741705325"}},{"type":"Feature","geometry":{"type":"Point","coordinates":[-1.43912,54.89402]},"properties":{"name":"Power infrastructure","category":"generator","osm_type":"node","osm_id":"6741705326"}},{"type":"Feature","geometry":{"type":"Point","coordinates":[-1.43787,54.89317]},"properties":{"name":"Power infrastructure","category":"generator","osm_type":"node","osm_id":"6741705327"}},{"type":"Feature","geometry":{"type":"Point","coordinates":[-1.43864,54.89329]},"properties":{"name":"Power infrastructure","category":"generator","osm_type":"node","osm_id":"6741705328"}},{"type":"Feature","geometry":{"type":"Point","coordinates":[-1.43842,54.89305]},"properties":{"name":"Power infrastructure","category":"generator","osm_type":"node","osm_id":"6741705329"}},{"type":"Feature","geometry":{"type":"Point","coordinates":[-1.43859,54.89301]},"properties":{"name":"Power infrastructure","category":"generator","osm_type":"node","osm_id":"6741705330"}},{"type":"Feature","geometry":{"type":"Point","coordinates":[-1.4389,54.89294]},"properties":{"name":"Power infrastructure","category":"generator","osm_type":"node","osm_id":"6741705331"}},{"type":"Feature","geometry":{"type":"Point","coordinates":[-1.43918,54.89286]},"properties":{"name":"Power infrastructure","category":"generator","osm_type":"node","osm_id":"6741705332"}},{"type":"Feature","geometry":{"type":"Point","coordinates":[-1.43943,54.89277]},"properties":{"name":"Power infrastructure","category":"generator","osm_type":"node","osm_id":"6741705333"}},{"type":"Feature","geometry":{"type":"Point","coordinates":[-1.43984,54.89265]},"properties":{"name":"Power infrastructure","category":"generator","osm_type":"node","osm_id":"6741705334"}},{"type":"Feature","geometry":{"type":"Point","coordinates":[-1.44,54.89259]},"properties":{"name":"Power infrastructure","category":"generator","osm_type":"node","osm_id":"6741705335"}},{"type":"Feature","geometry":{"type":"Point","coordinates":[-1.44211,54.89367]},"properties":{"name":"Power infrastructure","category":"generator","osm_type":"node","osm_id":"6741705336"}},{"type":"Feature","geometry":{"type":"Point","coordinates":[-1.4409,54.8926]},"properties":{"name":"Power infrastructure","category":"generator","osm_type":"node","osm_id":"6741705337"}}]}