{"type":"FeatureCollection","features":[{"type":"Feature","geometry":{"type":"Point","coordinates":[-2.21689,53.5568]},"properties":{"name":"Power infrastructure","category":"generator","osm_type":"node","osm_id":"6699148215"}},{"type":"Feature","geometry":{"type":"Point","coordinates":[-2.21665,53.55709]},"properties":{"name":"Power infrastructure","category":"generator","osm_type":"node","osm_id":"6699148216"}},{"type":"Feature","geometry":{"type":"Point","coordinates":[-2.21792,53.55762]},"properties":{"name":"Power infrastructure","category":"generator","osm_type":"node","osm_id":"6699148217"}},{"type":"Feature","geometry":{"type":"Point","coordinates":[-2.21783,53.55766]},"properties":{"name":"Power infrastructure","category":"generator","osm_type":"node","osm_id":"6699148218"}},{"type":"Feature","geometry":{"type":"Point","coordinates":[-2.21809,53.55825]},"properties":{"name":"Power infrastructure","category":"generator","osm_type":"node","osm_id":"6699148219"}},{"type":"Feature","geometry":{"type":"Point","coordinates":[-2.21764,53.55776]},"properties":{"name":"Power infrastructure","category":"generator","osm_type":"node","osm_id":"6699148220"}},{"type":"Feature","geometry":{"type":"Point","coordinates":[-2.21779,53.55842]},"properties":{"name":"Power infrastructure","category":"generator","osm_type":"node","osm_id":"6699148221"}},{"type":"Feature","geometry":{"type":"Point","coordinates":[-2.21771,53.55838]},"properties":{"name":"Power infrastructure","category":"generator","osm_type":"node","osm_id":"6699148222"}},{"type":"Feature","geometry":{"type":"Point","coordinates":[-2.21708,53.55836]},"properties":{"name":"Power infrastructure","category":"generator","osm_type":"node","osm_id":"6699148223"}},{"type":"Feature","geometry":{"type":"Point","coordinates":[-2.21722,53.55812]},"properties":{"name":"Power infrastructure","category":"generator","osm_type":"node","osm_id":"6699148224"}},{"type":"Feature","geometry":{"type":"Point","coordinates":[-2.21703,53.55793]},"properties":{"name":"Power infrastructure","category":"generator","osm_type":"node","osm_id":"6699148225"}},{"type":"Feature","geometry":{"type":"Point","coordinates":[-2.21676,53.5578]},"properties":{"name":"Power infrastructure","category":"generator","osm_type":"node","osm_id":"6699148226"}},{"type":"Feature","geometry":{"type":"Point","coordinates":[-2.21743,53.55779]},"properties":{"name":"Power infrastructure","category":"generator","osm_type":"node","osm_id":"6699148227"}},{"type":"Feature","geometry":{"type":"Point","coordinates":[-2.21664,53.55773]},"properties":{"name":"Power infrastructure","category":"generator","osm_type":"node","osm_id":"6699148228"}},{"type":"Feature","geometry":{"type":"Point","coordinates":[-2.21591,53.55926]},"properties":{"name":"Power infrastructure","category":"generator","osm_type":"node","osm_id":"6699148229"}},{"type":"Feature","geometry":{"type":"Point","coordinates":[-2.21597,53.55921]},"properties":{"name":"Power infrastructure","category":"generator","osm_type":"node","osm_id":"6699148230"}},{"type":"Feature","geometry":{"type":"Point","coordinates":[-2.21604,53.55904]},"properties":{"name":"Power infrastructure","category":"generator","osm_type":"node","osm_id":"6699148231"}},{"type":"Feature","geometry":{"type":"Point","coordinates":[-2.21625,53.55945]},"properties":{"name":"Power infrastructure","category":"generator","osm_type":"node","osm_id":"6699148232"}},{"type":"Feature","geometry":{"type":"Point","coordinates":[-2.21617,53.5595]},"properties":{"name":"Power infrastructure","category":"generator","osm_type":"node","osm_id":"6699148233"}},{"type":"Feature","geometry":{"type":"Point","coordinates":[-2.21595,53.55941]},"properties":{"name":"Power infrastructure","category":"generator","osm_type":"node","osm_id":"6699148234"}},{"type":"Feature","geometry":{"type":"Point","coordinates":[-2.21563,53.5596]},"properties":{"name":"Power infrastructure","category":"generator","osm_type":"node","osm_id":"6699148235"}},{"type":"Feature","geometry":{"type":"Point","coordinates":[-2.2158,53.55969]},"properties":{"name":"Power infrastructure","category":"generator","osm_type":"node","osm_id":"6699148236"}},{"type":"Feature","geometry":{"type":"Point","coordinates":[-2.21525,53.55916]},"properties":{"name":"Power infrastructure","category":"generator","osm_type":"node","osm_id":"6699148237"}},{"type":"Feature","geometry":{"type":"Point","coordinates":[-2.21516,53.55912]},"properties":{"name":"Power infrastructure","category":"generator","osm_type":"node","osm_id":"6699148238"}},{"type":"Feature","geometry":{"type":"Point","coordinates":[-2.21416,53.55922]},"properties":{"name":"Power infrastructure","category":"generator","osm_type":"node","osm_id":"6699148239"}},{"type":"Feature","geometry":{"type":"Point","coordinates":[-2.21445,53.55944]},"properties":{"name":"Power infrastructure","category":"generator","osm_type":"node","osm_id":"6699148240"}},{"type":"Feature","geometry":{"type":"Point","coordinates":[-2.21399,53.55892]},"properties":{"name":"Power infrastructure","category":"generator","osm_type":"node","osm_id":"6699148241"}},{"type":"Feature","geometry":{"type":"Point","coordinates":[-2.21317,53.55797]},"properties":{"name":"Power infrastructure","category":"generator","osm_type":"node","osm_id":"6699148242"}},{"type":"Feature","geometry":{"type":"Point","coordinates":[-2.21263,53.5575]},"properties":{"name":"Power infrastructure","category":"generator","osm_type":"node","osm_id":"6699148243"}},{"type":"Feature","geometry":{"type":"Point","coordinates":[-2.21252,53.55754]},"properties":{"name":"Power infrastructure","category":"generator","osm_type":"node","osm_id":"6699148244"}},{"type":"Feature","geometry":{"type":"Point","coordinates":[-2.21286,53.55739]},"properties":{"name":"Power infrastructure","category":"generator","osm_type":"node","osm_id":"6699148245"}},{"type":"Feature","geometry":{"type":"Point","coordinates":[-2.21315,53.55721]},"properties":{"name":"Power infrastructure","category":"generator","osm_type":"node","osm_id":"6699148246"}},{"type":"Feature","geometry":{"type":"Point","coordinates":[-2.21225,53.55795]},"properties":{"name":"Power infrastructure","category":"generator","osm_type":"node","osm_id":"6699148247"}},{"type":"Feature","geometry":{"type":"Point","coordinates":[-2.21199,53.55803]},"properties":{"name":"Power infrastructure","category":"generator","osm_type":"node","osm_id":"6699148248"}},{"type":"Feature","geometry":{"type":"Point","coordinates":[-2.21189,53.55805]},"properties":{"name":"Power infrastructure","category":"generator","osm_type":"node","osm_id":"6699148249"}},{"type":"Feature","geometry":{"type":"Point","coordinates":[-2.21258,53.55932]},"properties":{"name":"Power infrastructure","category":"generator","osm_type":"node","osm_id":"6699148250"}},{"type":"Feature","geometry":{"type":"Point","coordinates":[-2.21251,53.55935]},"properties":{"name":"Power infrastructure","category":"generator","osm_type":"node","osm_id":"6699148251"}},{"type":"Feature","geometry":{"type":"Point","coordinates":[-2.21213,53.55916]},"properties":{"name":"Power infrastructure","category":"generator","osm_type":"node","osm_id":"6699148252"}},{"type":"Feature","geometry":{"type":"Point","coordinates":[-2.21294,53.55919]},"properties":{"name":"Power infrastructure","category":"generator","osm_type":"node","osm_id":"6699148253"}},{"type":"Feature","geometry":{"type":"Point","coordinates":[-2.21275,53.55967]},"properties":{"name":"Power infrastructure","category":"generator","osm_type":"node","osm_id":"6699148254"}},{"type":"Feature","geometry":{"type":"Point","coordinates":[-2.21268,53.55971]},"properties":{"name":"Power infrastructure","category":"generator","osm_type":"node","osm_id":"6699148255"}},{"type":"Feature","geometry":{"type":"Point","coordinates":[-2.21183,53.55985]},"properties":{"name":"Power infrastructure","category":"generator","osm_type":"node","osm_id":"6699148256"}},{"type":"Feature","geometry":{"type":"Point","coordinates":[-2.21347,53.55969]},"properties":{"name":"Power infrastructure","category":"generator","osm_type":"node","osm_id":"6699148257"}},{"type":"Feature","geometry":{"type":"Point","coordinates":[-2.21391,53.56009]},"properties":{"name":"Power infrastructure","category":"generator","osm_type":"node","osm_id":"6699148258"}},{"type":"Feature","geometry":{"type":"Point","coordinates":[-2.21393,53.56139]},"properties":{"name":"Power infrastructure","category":"generator","osm_type":"node","osm_id":"6699148259"}},{"type":"Feature","geometry":{"type":"Point","coordinates":[-2.21402,53.56134]},"properties":{"name":"Power infrastructure","category":"generator","osm_type":"node","osm_id":"6699148260"}},{"type":"Feature","geometry":{"type":"Point","coordinates":[-2.2133,53.5617]},"properties":{"name":"Power infrastructure","category":"generator","osm_type":"node","osm_id":"6699148261"}},{"type":"Feature","geometry":{"type":"Point","coordinates":[-2.21319,53.56175]},"properties":{"name":"Power infrastructure","category":"generator","osm_type":"node","osm_id":"6699148262"}},{"type":"Feature","geometry":{"type":"Point","coordinates":[-2.21309,53.56178]},"properties":{"name":"Power infrastructure","category":"generator","osm_type":"node","osm_id":"6699148263"}},{"type":"Feature","geometry":{"type":"Point","coordinates":[-2.21262,53.56196]},"properties":{"name":"Power infrastructure","category":"generator","osm_type":"node","osm_id":"6699148264"}},{"type":"Feature","geometry":{"type":"Point","coordinates":[-2.21253,53.56198]},"properties":{"name":"Power infrastructure","category":"generator","osm_type":"node","osm_id":"6699148265"}},{"type":"Feature","geometry":{"type":"Point","coordinates":[-2.21192,53.56214]},"properties":{"name":"Power infrastructure","category":"generator","osm_type":"node","osm_id":"6699148266"}},{"type":"Feature","geometry":{"type":"Point","coordinates":[-2.21262,53.56231]},"properties":{"name":"Power infrastructure","category":"generator","osm_type":"node","osm_id":"6699148267"}},{"type":"Feature","geometry":{"type":"Point","coordinates":[-2.2136,53.56195]},"properties":{"name":"Power infrastructure","category":"generator","osm_type":"node","osm_id":"6699148268"}},{"type":"Feature","geometry":{"type":"Point","coordinates":[-2.21136,53.56224]},"properties":{"name":"Power infrastructure","category":"generator","osm_type":"node","osm_id":"6699148269"}},{"type":"Feature","geometry":{"type":"Point","coordinates":[-2.21191,53.56248]},"properties":{"name":"Power infrastructure","category":"generator","osm_type":"node","osm_id":"6699148270"}},{"type":"Feature","geometry":{"type":"Point","coordinates":[-2.2122,53.56242]},"properties":{"name":"Power infrastructure","category":"generator","osm_type":"node","osm_id":"6699148271"}},{"type":"Feature","geometry":{"type":"Point","coordinates":[-2.21318,53.56292]},"properties":{"name":"Power infrastructure","category":"generator","osm_type":"node","osm_id":"6699148272"}},{"type":"Feature","geometry":{"type":"Point","coordinates":[-2.21325,53.56288]},"properties":{"name":"Power infrastructure","category":"generator","osm_type":"node","osm_id":"6699148273"}},{"type":"Feature","geometry":{"type":"Point","coordinates":[-2.21338,53.56281]},"properties":{"name":"Power infrastructure","category":"generator","osm_type":"node","osm_id":"6699148274"}},{"type":"Feature","geometry":{"type":"Point","coordinates":[-2.21301,53.56287]},"properties":{"name":"Power infrastructure","category":"generator","osm_type":"node","osm_id":"6699148275"}},{"type":"Feature","geometry":{"type":"Point","coordinates":[-2.21371,53.56315]},"properties":{"name":"Power infrastructure","category":"generator","osm_type":"node","osm_id":"6699148276"}},{"type":"Feature","geometry":{"type":"Point","coordinates":[-2.21415,53.56256]},"properties":{"name":"Power infrastructure","category":"generator","osm_type":"node","osm_id":"6699148277"}},{"type":"Feature","geometry":{"type":"Point","coordinates":[-2.21404,53.56255]},"properties":{"name":"Power infrastructure","category":"generator","osm_type":"node","osm_id":"6699148278"}},{"type":"Feature","geometry":{"type":"Point","coordinates":[-2.21393,53.56254]},"properties":{"name":"Power infrastructure","category":"generator","osm_type":"node","osm_id":"6699148279"}},{"type":"Feature","geometry":{"type":"Point","coordinates":[-2.21383,53.56252]},"properties":{"name":"Power infrastructure","category":"generator","osm_type":"node","osm_id":"6699148280"}},{"type":"Feature","geometry":{"type":"Point","coordinates":[-2.21376,53.56241]},"properties":{"name":"Power infrastructure","category":"generator","osm_type":"node","osm_id":"6699148281"}},{"type":"Feature","geometry":{"type":"Point","coordinates":[-2.21368,53.56238]},"properties":{"name":"Power infrastructure","category":"generator","osm_type":"node","osm_id":"6699148282"}},{"type":"Feature","geometry":{"type":"Point","coordinates":[-2.2146,53.56265]},"properties":{"name":"Power infrastructure","category":"generator","osm_type":"node","osm_id":"6699148283"}},{"type":"Feature","geometry":{"type":"Point","coordinates":[-2.21507,53.56268]},"properties":{"name":"Power infrastructure","category":"generator","osm_type":"node","osm_id":"6699148284"}},{"type":"Feature","geometry":{"type":"Point","coordinates":[-2.21488,53.56271]},"properties":{"name":"Power infrastructure","category":"generator","osm_type":"node","osm_id":"6699148285"}},{"type":"Feature","geometry":{"type":"Point","coordinates":[-2.21498,53.56269]},"properties":{"name":"Power infrastructure","category":"generator","osm_type":"node","osm_id":"6699148286"}},{"type":"Feature","geometry":{"type":"Point","coordinates":[-2.21463,53.56144]},"properties":{"name":"Power infrastructure","category":"generator","osm_type":"node","osm_id":"6699148287"}},{"type":"Feature","geometry":{"type":"Point","coordinates":[-2.21624,53.56137]},"properties":{"name":"Power infrastructure","category":"generator","osm_type":"node","osm_id":"6699148288"}},{"type":"Feature","geometry":{"type":"Point","coordinates":[-2.2171,53.56115]},"properties":{"name":"Power infrastructure","category":"generator","osm_type":"node","osm_id":"6699148289"}},{"type":"Feature","geometry":{"type":"Point","coordinates":[-2.2138,53.56457]},"properties":{"name":"Power infrastructure","category":"generator","osm_type":"node","osm_id":"6699148291"}},{"type":"Feature","geometry":{"type":"Point","coordinates":[-2.21181,53.5647]},"properties":{"name":"Power infrastructure","category":"generator","osm_type":"node","osm_id":"6699148292"}},{"type":"Feature","geometry":{"type":"Point","coordinates":[-2.21233,53.5637]},"properties":{"name":"Power infrastructure","category":"generator","osm_type":"node","osm_id":"6699148293"}},{"type":"Feature","geometry":{"type":"Point","coordinates":[-2.2125,53.56376]},"properties":{"name":"Power infrastructure","category":"generator","osm_type":"node","osm_id":"6699148294"}},{"type":"Feature","geometry":{"type":"Point","coordinates":[-2.2128,53.56393]},"properties":{"name":"Power infrastructure","category":"generator","osm_type":"node","osm_id":"6699148295"}},{"type":"Feature","geometry":{"type":"Point","coordinates":[-2.21303,53.56371]},"properties":{"name":"Power infrastructure","category":"generator","osm_type":"node","osm_id":"6699148296"}},{"type":"Feature","geometry":{"type":"Point","coordinates":[-2.21141,53.56395]},"properties":{"name":"Power infrastructure","category":"generator","osm_type":"node","osm_id":"6699148297"}},{"type":"Feature","geometry":{"type":"Point","coordinates":[-2.21132,53.56396]},"properties":{"name":"Power infrastructure","category":"generator","osm_type":"node","osm_id":"6699148298"}},{"type":"Feature","geometry":{"type":"Point","coordinates":[-2.21123,53.56369]},"properties":{"name":"Power infrastructure","category":"generator","osm_type":"node","osm_id":"6699148299"}},{"type":"Feature","geometry":{"type":"Point","coordinates":[-2.20999,53.56337]},"properties":{"name":"Power infrastructure","category":"generator","osm_type":"node","osm_id":"6699148300"}},{"type":"Feature","geometry":{"type":"Point","coordinates":[-2.21111,53.56336]},"properties":{"name":"Power infrastructure","category":"generator","osm_type":"node","osm_id":"6699148301"}},{"type":"Feature","geometry":{"type":"Point","coordinates":[-2.20988,53.56337]},"properties":{"name":"Power infrastructure","category":"generator","osm_type":"node","osm_id":"6699148302"}},{"type":"Feature","geometry":{"type":"Point","coordinates":[-2.20983,53.56309]},"properties":{"name":"Power infrastructure","category":"generator","osm_type":"node","osm_id":"6699148303"}},{"type":"Feature","geometry":{"type":"Point","coordinates":[-2.20773,53.5642]},"properties":{"name":"Power infrastructure","category":"generator","osm_type":"node","osm_id":"6699148304"}},{"type":"Feature","geometry":{"type":"Point","coordinates":[-2.20626,53.56424]},"properties":{"name":"Power infrastructure","category":"generator","osm_type":"node","osm_id":"6699148305"}},{"type":"Feature","geometry":{"type":"Point","coordinates":[-2.20606,53.56426]},"properties":{"name":"Power infrastructure","category":"generator","osm_type":"node","osm_id":"6699148306"}},{"type":"Feature","geometry":{"type":"Point","coordinates":[-2.20574,53.56402]},"properties":{"name":"Power infrastructure","category":"generator","osm_type":"node","osm_id":"6699148307"}},{"type":"Feature","geometry":{"type":"Point","coordinates":[-2.20613,53.56369]},"properties":{"name":"Power infrastructure","category":"generator","osm_type":"node","osm_id":"6699148308"}},{"type":"Feature","geometry":{"type":"Point","coordinates":[-2.20564,53.56403]},"properties":{"name":"Power infrastructure","category":"generator","osm_type":"node","osm_id":"6699148309"}},{"type":"Feature","geometry":{"type":"Point","coordinates":[-2.20909,53.56255]},"properties":{"name":"Power infrastructure","category":"generator","osm_type":"node","osm_id":"6699148310"}},{"type":"Feature","geometry":{"type":"Point","coordinates":[-2.20911,53.56215]},"properties":{"name":"Power infrastructure","category":"generator","osm_type":"node","osm_id":"6699148311"}},{"type":"Feature","geometry":{"type":"Point","coordinates":[-2.21046,53.56231]},"properties":{"name":"Power infrastructure","category":"generator","osm_type":"node","osm_id":"6699148312"}},{"type":"Feature","geometry":{"type":"Point","coordinates":[-2.21054,53.56232]},"properties":{"name":"Power infrastructure","category":"generator","osm_type":"node","osm_id":"6699148313"}},{"type":"Feature","geometry":{"type":"Point","coordinates":[-2.21064,53.56232]},"properties":{"name":"Power infrastructure","category":"generator","osm_type":"node","osm_id":"6699148314"}},{"type":"Feature","geometry":{"type":"Point","coordinates":[-2.20945,53.56168]},"properties":{"name":"Power infrastructure","category":"generator","osm_type":"node","osm_id":"6699148315"}},{"type":"Feature","geometry":{"type":"Point","coordinates":[-2.20952,53.56166]},"properties":{"name":"Power infrastructure","category":"generator","osm_type":"node","osm_id":"6699148316"}},{"type":"Feature","geometry":{"type":"Point","coordinates":[-2.20972,53.56155]},"properties":{"name":"Power infrastructure","category":"generator","osm_type":"node","osm_id":"6699148317"}},{"type":"Feature","geometry":{"type":"Point","coordinates":[-2.21005,53.56173]},"properties":{"name":"Power infrastructure","category":"generator","osm_type":"node","osm_id":"6699148318"}},{"type":"Feature","geometry":{"type":"Point","coordinates":[-2.2097,53.56135]},"properties":{"name":"Power infrastructure","category":"generator","osm_type":"node","osm_id":"6699148319"}},{"type":"Feature","geometry":{"type":"Point","coordinates":[-2.2096,53.5613]},"properties":{"name":"Power infrastructure","category":"generator","osm_type":"node","osm_id":"6699148320"}},{"type":"Feature","geometry":{"type":"Point","coordinates":[-2.20942,53.56124]},"properties":{"name":"Power infrastructure","category":"generator","osm_type":"node","osm_id":"6699148321"}},{"type":"Feature","geometry":{"type":"Point","coordinates":[-2.20932,53.56119]},"properties":{"name":"Power infrastructure","category":"generator","osm_type":"node","osm_id":"6699148322"}},{"type":"Feature","geometry":{"type":"Point","coordinates":[-2.20866,53.56153]},"properties":{"name":"Power infrastructure","category":"generator","osm_type":"node","osm_id":"6699148323"}},{"type":"Feature","geometry":{"type":"Point","coordinates":[-2.20856,53.56151]},"properties":{"name":"Power infrastructure","category":"generator","osm_type":"node","osm_id":"6699148324"}},{"type":"Feature","geometry":{"type":"Point","coordinates":[-2.20848,53.56146]},"properties":{"name":"Power infrastructure","category":"generator","osm_type":"node","osm_id":"6699148325"}},{"type":"Feature","geometry":{"type":"Point","coordinates":[-2.20838,53.56143]},"properties":{"name":"Power infrastructure","category":"generator","osm_type":"node","osm_id":"6699148326"}},{"type":"Feature","geometry":{"type":"Point","coordinates":[-2.20876,53.56096]},"properties":{"name":"Power infrastructure","category":"generator","osm_type":"node","osm_id":"6699148327"}},{"type":"Feature","geometry":{"type":"Point","coordinates":[-2.20758,53.5606]},"properties":{"name":"Power infrastructure","category":"generator","osm_type":"node","osm_id":"6699148328"}},{"type":"Feature","geometry":{"type":"Point","coordinates":[-2.20798,53.56035]},"properties":{"name":"Power infrastructure","category":"generator","osm_type":"node","osm_id":"6699148329"}},{"type":"Feature","geometry":{"type":"Point","coordinates":[-2.2069,53.56062]},"properties":{"name":"Power infrastructure","category":"generator","osm_type":"node","osm_id":"6699148330"}},{"type":"Feature","geometry":{"type":"Point","coordinates":[-2.20718,53.56059]},"properties":{"name":"Power infrastructure","category":"generator","osm_type":"node","osm_id":"6699148331"}},{"type":"Feature","geometry":{"type":"Point","coordinates":[-2.20649,53.56071]},"properties":{"name":"Power infrastructure","category":"generator","osm_type":"node","osm_id":"6699148332"}},{"type":"Feature","geometry":{"type":"Point","coordinates":[-2.20661,53.56097]},"properties":{"name":"Power infrastructure","category":"generator","osm_type":"node","osm_id":"6699148333"}},{"type":"Feature","geometry":{"type":"Point","coordinates":[-2.20669,53.56094]},"properties":{"name":"Power infrastructure","category":"generator","osm_type":"node","osm_id":"6699148334"}},{"type":"Feature","geometry":{"type":"Point","coordinates":[-2.20559,53.56123]},"properties":{"name":"Power infrastructure","category":"generator","osm_type":"node","osm_id":"6699148335"}},{"type":"Feature","geometry":{"type":"Point","coordinates":[-2.20667,53.5617]},"properties":{"name":"Power infrastructure","category":"generator","osm_type":"node","osm_id":"6699148336"}},{"type":"Feature","geometry":{"type":"Point","coordinates":[-2.20689,53.56181]},"properties":{"name":"Power infrastructure","category":"generator","osm_type":"node","osm_id":"6699148337"}},{"type":"Feature","geometry":{"type":"Point","coordinates":[-2.20696,53.56186]},"properties":{"name":"Power infrastructure","category":"generator","osm_type":"node","osm_id":"6699148338"}},{"type":"Feature","geometry":{"type":"Point","coordinates":[-2.20707,53.56193]},"properties":{"name":"Power infrastructure","category":"generator","osm_type":"node","osm_id":"6699148339"}},{"type":"Feature","geometry":{"type":"Point","coordinates":[-2.20718,53.56196]},"properties":{"name":"Power infrastructure","category":"generator","osm_type":"node","osm_id":"6699148340"}},{"type":"Feature","geometry":{"type":"Point","coordinates":[-2.20726,53.56201]},"properties":{"name":"Power infrastructure","category":"generator","osm_type":"node","osm_id":"6699148341"}},{"type":"Feature","geometry":{"type":"Point","coordinates":[-2.20749,53.56209]},"properties":{"name":"Power infrastructure","category":"generator","osm_type":"node","osm_id":"6699148342"}},{"type":"Feature","geometry":{"type":"Point","coordinates":[-2.20778,53.5622]},"properties":{"name":"Power infrastructure","category":"generator","osm_type":"node","osm_id":"6699148343"}},{"type":"Feature","geometry":{"type":"Point","coordinates":[-2.20286,53.56437]},"properties":{"name":"Power infrastructure","category":"generator","osm_type":"node","osm_id":"6699148344"}},{"type":"Feature","geometry":{"type":"Point","coordinates":[-2.20264,53.56437]},"properties":{"name":"Power infrastructure","category":"generator","osm_type":"node","osm_id":"6699148345"}},{"type":"Feature","geometry":{"type":"Point","coordinates":[-2.20121,53.56393]},"properties":{"name":"Power infrastructure","category":"generator","osm_type":"node","osm_id":"6699148346"}},{"type":"Feature","geometry":{"type":"Point","coordinates":[-2.20284,53.56262]},"properties":{"name":"Power infrastructure","category":"generator","osm_type":"node","osm_id":"6699148347"}},{"type":"Feature","geometry":{"type":"Point","coordinates":[-2.21642,53.55429]},"properties":{"name":"Power infrastructure","category":"generator","osm_type":"node","osm_id":"6699978627"}},{"type":"Feature","geometry":{"type":"Point","coordinates":[-2.21204,53.55455]},"properties":{"name":"Power infrastructure","category":"generator","osm_type":"node","osm_id":"6699978628"}},{"type":"Feature","geometry":{"type":"Point","coordinates":[-2.21218,53.55453]},"properties":{"name":"Power infrastructure","category":"generator","osm_type":"node","osm_id":"6699978629"}},{"type":"Feature","geometry":{"type":"Point","coordinates":[-2.21238,53.55449]},"properties":{"name":"Power infrastructure","category":"generator","osm_type":"node","osm_id":"6699978630"}},{"type":"Feature","geometry":{"type":"Point","coordinates":[-2.2125,53.55447]},"properties":{"name":"Power infrastructure","category":"generator","osm_type":"node","osm_id":"6699978631"}},{"type":"Feature","geometry":{"type":"Point","coordinates":[-2.21261,53.55445]},"properties":{"name":"Power infrastructure","category":"generator","osm_type":"node","osm_id":"6699978632"}},{"type":"Feature","geometry":{"type":"Point","coordinates":[-2.21271,53.55443]},"properties":{"name":"Power infrastructure","category":"generator","osm_type":"node","osm_id":"6699978633"}},{"type":"Feature","geometry":{"type":"Point","coordinates":[-2.21282,53.55441]},"properties":{"name":"Power infrastructure","category":"generator","osm_type":"node","osm_id":"6699978634"}},{"type":"Feature","geometry":{"type":"Point","coordinates":[-2.21283,53.55416]},"properties":{"name":"Power infrastructure","category":"generator","osm_type":"node","osm_id":"6699978635"}},{"type":"Feature","geometry":{"type":"Point","coordinates":[-2.2127,53.55418]},"properties":{"name":"Power infrastructure","category":"generator","osm_type":"node","osm_id":"6699978636"}},{"type":"Feature","geometry":{"type":"Point","coordinates":[-2.21258,53.5542]},"properties":{"name":"Power infrastructure","category":"generator","osm_type":"node","osm_id":"6699978637"}},{"type":"Feature","geometry":{"type":"Point","coordinates":[-2.21237,53.55424]},"properties":{"name":"Power infrastructure","category":"generator","osm_type":"node","osm_id":"6699978638"}},{"type":"Feature","geometry":{"type":"Point","coordinates":[-2.21227,53.55426]},"properties":{"name":"Power infrastructure","category":"generator","osm_type":"node","osm_id":"6699978639"}},{"type":"Feature","geometry":{"type":"Point","coordinates":[-2.21206,53.5543]},"properties":{"name":"Power infrastructure","category":"generator","osm_type":"node","osm_id":"6699978640"}},{"type":"Feature","geometry":{"type":"Point","coordinates":[-2.21249,53.55396]},"properties":{"name":"Power infrastructure","category":"generator","osm_type":"node","osm_id":"6699978641"}},{"type":"Feature","geometry":{"type":"Point","coordinates":[-2.21233,53.55349]},"properties":{"name":"Power infrastructure","category":"generator","osm_type":"node","osm_id":"6699978642"}},{"type":"Feature","geometry":{"type":"Point","coordinates":[-2.21209,53.55327]},"properties":{"name":"Power infrastructure","category":"generator","osm_type":"node","osm_id":"6699978643"}},{"type":"Feature","geometry":{"type":"Point","coordinates":[-2.21223,53.55325]},"properties":{"name":"Power infrastructure","category":"generator","osm_type":"node","osm_id":"6699978644"}},{"type":"Feature","geometry":{"type":"Point","coordinates":[-2.212,53.55303]},"properties":{"name":"Power infrastructure","category":"generator","osm_type":"node","osm_id":"6699978645"}},{"type":"Feature","geometry":{"type":"Point","coordinates":[-2.21227,53.55478]},"properties":{"name":"Power infrastructure","category":"generator","osm_type":"node","osm_id":"6699978646"}},{"type":"Feature","geometry":{"type":"Point","coordinates":[-2.21217,53.5548]},"properties":{"name":"Power infrastructure","category":"generator","osm_type":"node","osm_id":"6699978647"}},{"type":"Feature","geometry":{"type":"Point","coordinates":[-2.21206,53.55482]},"properties":{"name":"Power infrastructure","category":"generator","osm_type":"node","osm_id":"6699978648"}},{"type":"Feature","geometry":{"type":"Point","coordinates":[-2.21196,53.55483]},"properties":{"name":"Power infrastructure","category":"generator","osm_type":"node","osm_id":"6699978649"}},{"type":"Feature","geometry":{"type":"Point","coordinates":[-2.21183,53.55481]},"properties":{"name":"Power infrastructure","category":"generator","osm_type":"node","osm_id":"6699978650"}},{"type":"Feature","geometry":{"type":"Point","coordinates":[-2.21175,53.55478]},"properties":{"name":"Power infrastructure","category":"generator","osm_type":"node","osm_id":"6699978651"}},{"type":"Feature","geometry":{"type":"Point","coordinates":[-2.21136,53.55472]},"properties":{"name":"Power infrastructure","category":"generator","osm_type":"node","osm_id":"6699978652"}},{"type":"Feature","geometry":{"type":"Point","coordinates":[-2.2113,53.55477]},"properties":{"name":"Power infrastructure","category":"generator","osm_type":"node","osm_id":"6699978653"}},{"type":"Feature","geometry":{"type":"Point","coordinates":[-2.21132,53.55511]},"properties":{"name":"Power infrastructure","category":"generator","osm_type":"node","osm_id":"6699978654"}},{"type":"Feature","geometry":{"type":"Point","coordinates":[-2.21127,53.55515]},"properties":{"name":"Power infrastructure","category":"generator","osm_type":"node","osm_id":"6699978655"}},{"type":"Feature","geometry":{"type":"Point","coordinates":[-2.21167,53.5553]},"properties":{"name":"Power infrastructure","category":"generator","osm_type":"node","osm_id":"6699978656"}},{"type":"Feature","geometry":{"type":"Point","coordinates":[-2.21152,53.55541]},"properties":{"name":"Power infrastructure","category":"generator","osm_type":"node","osm_id":"6699978657"}},{"type":"Feature","geometry":{"type":"Point","coordinates":[-2.21101,53.55397]},"properties":{"name":"Power infrastructure","category":"generator","osm_type":"node","osm_id":"6699978658"}},{"type":"Feature","geometry":{"type":"Point","coordinates":[-2.21111,53.55361]},"properties":{"name":"Power infrastructure","category":"generator","osm_type":"node","osm_id":"6699978659"}},{"type":"Feature","geometry":{"type":"Point","coordinates":[-2.21048,53.55359]},"properties":{"name":"Power infrastructure","category":"generator","osm_type":"node","osm_id":"6699978660"}},{"type":"Feature","geometry":{"type":"Point","coordinates":[-2.21055,53.55355]},"properties":{"name":"Power infrastructure","category":"generator","osm_type":"node","osm_id":"6699978661"}},{"type":"Feature","geometry":{"type":"Point","coordinates":[-2.20993,53.55354]},"properties":{"name":"Power infrastructure","category":"generator","osm_type":"node","osm_id":"6699978662"}},{"type":"Feature","geometry":{"type":"Point","coordinates":[-2.20984,53.55357]},"properties":{"name":"Power infrastructure","category":"generator","osm_type":"node","osm_id":"6699978663"}},{"type":"Feature","geometry":{"type":"Point","coordinates":[-2.21133,53.5533]},"properties":{"name":"Power infrastructure","category":"generator","osm_type":"node","osm_id":"6699978664"}},{"type":"Feature","geometry":{"type":"Point","coordinates":[-2.2101,53.55378]},"properties":{"name":"Power infrastructure","category":"generator","osm_type":"node","osm_id":"6699978665"}},{"type":"Feature","geometry":{"type":"Point","coordinates":[-2.20997,53.55382]},"properties":{"name":"Power infrastructure","category":"generator","osm_type":"node","osm_id":"6699978666"}},{"type":"Feature","geometry":{"type":"Point","coordinates":[-2.20988,53.55384]},"properties":{"name":"Power infrastructure","category":"generator","osm_type":"node","osm_id":"6699978667"}},{"type":"Feature","geometry":{"type":"Point","coordinates":[-2.20977,53.55387]},"properties":{"name":"Power infrastructure","category":"generator","osm_type":"node","osm_id":"6699978668"}},{"type":"Feature","geometry":{"type":"Point","coordinates":[-2.2094,53.55367]},"properties":{"name":"Power infrastructure","category":"generator","osm_type":"node","osm_id":"6699978669"}},{"type":"Feature","geometry":{"type":"Point","coordinates":[-2.20915,53.5537]},"properties":{"name":"Power infrastructure","category":"generator","osm_type":"node","osm_id":"6699978670"}},{"type":"Feature","geometry":{"type":"Point","coordinates":[-2.20903,53.55369]},"properties":{"name":"Power infrastructure","category":"generator","osm_type":"node","osm_id":"6699978671"}},{"type":"Feature","geometry":{"type":"Point","coordinates":[-2.20987,53.55415]},"properties":{"name":"Power infrastructure","category":"generator","osm_type":"node","osm_id":"6699978672"}},{"type":"Feature","geometry":{"type":"Point","coordinates":[-2.21009,53.55405]},"properties":{"name":"Power infrastructure","category":"generator","osm_type":"node","osm_id":"6699978673"}},{"type":"Feature","geometry":{"type":"Point","coordinates":[-2.21024,53.55403]},"properties":{"name":"Power infrastructure","category":"generator","osm_type":"node","osm_id":"6699978674"}},{"type":"Feature","geometry":{"type":"Point","coordinates":[-2.21032,53.55399]},"properties":{"name":"Power infrastructure","category":"generator","osm_type":"node","osm_id":"6699978675"}},{"type":"Feature","geometry":{"type":"Point","coordinates":[-2.20997,53.55409]},"properties":{"name":"Power infrastructure","category":"generator","osm_type":"node","osm_id":"6699978676"}},{"type":"Feature","geometry":{"type":"Point","coordinates":[-2.2089,53.55395]},"properties":{"name":"Power infrastructure","category":"generator","osm_type":"node","osm_id":"6699978677"}},{"type":"Feature","geometry":{"type":"Point","coordinates":[-2.20879,53.55394]},"properties":{"name":"Power infrastructure","category":"generator","osm_type":"node","osm_id":"6699978678"}},{"type":"Feature","geometry":{"type":"Point","coordinates":[-2.20865,53.55393]},"properties":{"name":"Power infrastructure","category":"generator","osm_type":"node","osm_id":"6699978679"}},{"type":"Feature","geometry":{"type":"Point","coordinates":[-2.20854,53.55391]},"properties":{"name":"Power infrastructure","category":"generator","osm_type":"node","osm_id":"6699978680"}},{"type":"Feature","geometry":{"type":"Point","coordinates":[-2.2083,53.55386]},"properties":{"name":"Power infrastructure","category":"generator","osm_type":"node","osm_id":"6699978681"}},{"type":"Feature","geometry":{"type":"Point","coordinates":[-2.20882,53.55368]},"properties":{"name":"Power infrastructure","category":"generator","osm_type":"node","osm_id":"6699978682"}},{"type":"Feature","geometry":{"type":"Point","coordinates":[-2.21027,53.55333]},"properties":{"name":"Power infrastructure","category":"generator","osm_type":"node","osm_id":"6699978683"}},{"type":"Feature","geometry":{"type":"Point","coordinates":[-2.2105,53.5531]},"properties":{"name":"Power infrastructure","category":"generator","osm_type":"node","osm_id":"6699978684"}},{"type":"Feature","geometry":{"type":"Point","coordinates":[-2.20835,53.55435]},"properties":{"name":"Power infrastructure","category":"generator","osm_type":"node","osm_id":"6699984685"}},{"type":"Feature","geometry":{"type":"Point","coordinates":[-2.20824,53.55432]},"properties":{"name":"Power infrastructure","category":"generator","osm_type":"node","osm_id":"6699984686"}},{"type":"Feature","geometry":{"type":"Point","coordinates":[-2.20813,53.5543]},"properties":{"name":"Power infrastructure","category":"generator","osm_type":"node","osm_id":"6699984687"}},{"type":"Feature","geometry":{"type":"Point","coordinates":[-2.20802,53.55428]},"properties":{"name":"Power infrastructure","category":"generator","osm_type":"node","osm_id":"6699984688"}},{"type":"Feature","geometry":{"type":"Point","coordinates":[-2.20795,53.5538]},"properties":{"name":"Power infrastructure","category":"generator","osm_type":"node","osm_id":"6699984689"}},{"type":"Feature","geometry":{"type":"Point","coordinates":[-2.20784,53.55378]},"properties":{"name":"Power infrastructure","category":"generator","osm_type":"node","osm_id":"6699984690"}},{"type":"Feature","geometry":{"type":"Point","coordinates":[-2.20763,53.55374]},"properties":{"name":"Power infrastructure","category":"generator","osm_type":"node","osm_id":"6699984691"}},{"type":"Feature","geometry":{"type":"Point","coordinates":[-2.20712,53.55409]},"properties":{"name":"Power infrastructure","category":"generator","osm_type":"node","osm_id":"6699984692"}},{"type":"Feature","geometry":{"type":"Point","coordinates":[-2.20712,53.55352]},"properties":{"name":"Power infrastructure","category":"generator","osm_type":"node","osm_id":"6699984693"}},{"type":"Feature","geometry":{"type":"Point","coordinates":[-2.20723,53.55352]},"properties":{"name":"Power infrastructure","category":"generator","osm_type":"node","osm_id":"6699984694"}},{"type":"Feature","geometry":{"type":"Point","coordinates":[-2.20702,53.55351]},"properties":{"name":"Power infrastructure","category":"generator","osm_type":"node","osm_id":"6699984695"}},{"type":"Feature","geometry":{"type":"Point","coordinates":[-2.20703,53.55406]},"properties":{"name":"Power infrastructure","category":"generator","osm_type":"node","osm_id":"6699984696"}},{"type":"Feature","geometry":{"type":"Point","coordinates":[-2.20721,53.55411]},"properties":{"name":"Power infrastructure","category":"generator","osm_type":"node","osm_id":"6699984697"}},{"type":"Feature","geometry":{"type":"Point","coordinates":[-2.20635,53.55301]},"properties":{"name":"Power infrastructure","category":"generator","osm_type":"node","osm_id":"6699984698"}},{"type":"Feature","geometry":{"type":"Point","coordinates":[-2.20605,53.55315]},"properties":{"name":"Power infrastructure","category":"generator","osm_type":"node","osm_id":"6699984699"}},{"type":"Feature","geometry":{"type":"Point","coordinates":[-2.20587,53.55323]},"properties":{"name":"Power infrastructure","category":"generator","osm_type":"node","osm_id":"6699984700"}},{"type":"Feature","geometry":{"type":"Point","coordinates":[-2.20567,53.55298]},"properties":{"name":"Power infrastructure","category":"generator","osm_type":"node","osm_id":"6699984701"}},{"type":"Feature","geometry":{"type":"Point","coordinates":[-2.20671,53.55286]},"properties":{"name":"Power infrastructure","category":"generator","osm_type":"node","osm_id":"6699984702"}},{"type":"Feature","geometry":{"type":"Point","coordinates":[-2.20643,53.55264]},"properties":{"name":"Power infrastructure","category":"generator","osm_type":"node","osm_id":"6699984703"}},{"type":"Feature","geometry":{"type":"Point","coordinates":[-2.20652,53.5526]},"properties":{"name":"Power infrastructure","category":"generator","osm_type":"node","osm_id":"6699984704"}},{"type":"Feature","geometry":{"type":"Point","coordinates":[-2.20661,53.55256]},"properties":{"name":"Power infrastructure","category":"generator","osm_type":"node","osm_id":"6699984705"}},{"type":"Feature","geometry":{"type":"Point","coordinates":[-2.20689,53.55248]},"properties":{"name":"Power infrastructure","category":"generator","osm_type":"node","osm_id":"6699984706"}},{"type":"Feature","geometry":{"type":"Point","coordinates":[-2.20738,53.55265]},"properties":{"name":"Power infrastructure","category":"generator","osm_type":"node","osm_id":"6699984707"}},{"type":"Feature","geometry":{"type":"Point","coordinates":[-2.20748,53.55264]},"properties":{"name":"Power infrastructure","category":"generator","osm_type":"node","osm_id":"6699984708"}},{"type":"Feature","geometry":{"type":"Point","coordinates":[-2.20759,53.55264]},"properties":{"name":"Power infrastructure","category":"generator","osm_type":"node","osm_id":"6699984709"}},{"type":"Feature","geometry":{"type":"Point","coordinates":[-2.20787,53.55263]},"properties":{"name":"Power infrastructure","category":"generator","osm_type":"node","osm_id":"6699984710"}},{"type":"Feature","geometry":{"type":"Point","coordinates":[-2.20798,53.55265]},"properties":{"name":"Power infrastructure","category":"generator","osm_type":"node","osm_id":"6699984711"}},{"type":"Feature","geometry":{"type":"Point","coordinates":[-2.20819,53.55269]},"properties":{"name":"Power infrastructure","category":"generator","osm_type":"node","osm_id":"6699984712"}},{"type":"Feature","geometry":{"type":"Point","coordinates":[-2.21272,53.55342]},"properties":{"name":"Power infrastructure","category":"generator","osm_type":"node","osm_id":"6699984713"}},{"type":"Feature","geometry":{"type":"Point","coordinates":[-2.20439,53.55523]},"properties":{"name":"Power infrastructure","category":"generator","osm_type":"node","osm_id":"6699984714"}},{"type":"Feature","geometry":{"type":"Point","coordinates":[-2.20465,53.55524]},"properties":{"name":"Power infrastructure","category":"generator","osm_type":"node","osm_id":"6699984715"}},{"type":"Feature","geometry":{"type":"Point","coordinates":[-2.20524,53.55528]},"properties":{"name":"Power infrastructure","category":"generator","osm_type":"node","osm_id":"6699984716"}},{"type":"Feature","geometry":{"type":"Point","coordinates":[-2.20572,53.55531]},"properties":{"name":"Power infrastructure","category":"generator","osm_type":"node","osm_id":"6699984717"}},{"type":"Feature","geometry":{"type":"Point","coordinates":[-2.20479,53.55495]},"properties":{"name":"Power infrastructure","category":"generator","osm_type":"node","osm_id":"6699984718"}},{"type":"Feature","geometry":{"type":"Point","coordinates":[-2.20501,53.55497]},"properties":{"name":"Power infrastructure","category":"generator","osm_type":"node","osm_id":"6699984719"}},{"type":"Feature","geometry":{"type":"Point","coordinates":[-2.20513,53.55498]},"properties":{"name":"Power infrastructure","category":"generator","osm_type":"node","osm_id":"6699984720"}},{"type":"Feature","geometry":{"type":"Point","coordinates":[-2.2056,53.55501]},"properties":{"name":"Power infrastructure","category":"generator","osm_type":"node","osm_id":"6699984721"}},{"type":"Feature","geometry":{"type":"Point","coordinates":[-2.20548,53.55501]},"properties":{"name":"Power infrastructure","category":"generator","osm_type":"node","osm_id":"6699984722"}},{"type":"Feature","geometry":{"type":"Point","coordinates":[-2.20595,53.55497]},"properties":{"name":"Power infrastructure","category":"generator","osm_type":"node","osm_id":"6699984723"}},{"type":"Feature","geometry":{"type":"Point","coordinates":[-2.20593,53.5553]},"properties":{"name":"Power infrastructure","category":"generator","osm_type":"node","osm_id":"6699984724"}},{"type":"Feature","geometry":{"type":"Point","coordinates":[-2.20601,53.55557]},"properties":{"name":"Power infrastructure","category":"generator","osm_type":"node","osm_id":"6699984725"}},{"type":"Feature","geometry":{"type":"Point","coordinates":[-2.20591,53.55557]},"properties":{"name":"Power infrastructure","category":"generator","osm_type":"node","osm_id":"6699984726"}},{"type":"Feature","geometry":{"type":"Point","coordinates":[-2.20433,53.55548]},"properties":{"name":"Power infrastructure","category":"generator","osm_type":"node","osm_id":"6699984727"}},{"type":"Feature","geometry":{"type":"Point","coordinates":[-2.20558,53.55607]},"properties":{"name":"Power infrastructure","category":"generator","osm_type":"node","osm_id":"6699984728"}},{"type":"Feature","geometry":{"type":"Point","coordinates":[-2.20579,53.55607]},"properties":{"name":"Power infrastructure","category":"generator","osm_type":"node","osm_id":"6699984729"}},{"type":"Feature","geometry":{"type":"Point","coordinates":[-2.2059,53.55606]},"properties":{"name":"Power infrastructure","category":"generator","osm_type":"node","osm_id":"6699984730"}},{"type":"Feature","geometry":{"type":"Point","coordinates":[-2.20653,53.55622]},"properties":{"name":"Power infrastructure","category":"generator","osm_type":"node","osm_id":"6699984731"}},{"type":"Feature","geometry":{"type":"Point","coordinates":[-2.20654,53.55649]},"properties":{"name":"Power infrastructure","category":"generator","osm_type":"node","osm_id":"6699984732"}},{"type":"Feature","geometry":{"type":"Point","coordinates":[-2.20641,53.55653]},"properties":{"name":"Power infrastructure","category":"generator","osm_type":"node","osm_id":"6699984733"}},{"type":"Feature","geometry":{"type":"Point","coordinates":[-2.20451,53.55653]},"properties":{"name":"Power infrastructure","category":"generator","osm_type":"node","osm_id":"6699984734"}},{"type":"Feature","geometry":{"type":"Point","coordinates":[-2.20759,53.55675]},"properties":{"name":"Power infrastructure","category":"generator","osm_type":"node","osm_id":"6699984735"}},{"type":"Feature","geometry":{"type":"Point","coordinates":[-2.20811,53.55689]},"properties":{"name":"Power infrastructure","category":"generator","osm_type":"node","osm_id":"6699984736"}},{"type":"Feature","geometry":{"type":"Point","coordinates":[-2.20794,53.5571]},"properties":{"name":"Power infrastructure","category":"generator","osm_type":"node","osm_id":"6699984737"}},{"type":"Feature","geometry":{"type":"Point","coordinates":[-2.20732,53.55721]},"properties":{"name":"Power infrastructure","category":"generator","osm_type":"node","osm_id":"6699984738"}},{"type":"Feature","geometry":{"type":"Point","coordinates":[-2.20723,53.55719]},"properties":{"name":"Power infrastructure","category":"generator","osm_type":"node","osm_id":"6699984739"}},{"type":"Feature","geometry":{"type":"Point","coordinates":[-2.20733,53.55693]},"properties":{"name":"Power infrastructure","category":"generator","osm_type":"node","osm_id":"6699984740"}},{"type":"Feature","geometry":{"type":"Point","coordinates":[-2.20703,53.55714]},"properties":{"name":"Power infrastructure","category":"generator","osm_type":"node","osm_id":"6699984741"}},{"type":"Feature","geometry":{"type":"Point","coordinates":[-2.20696,53.55776]},"properties":{"name":"Power infrastructure","category":"generator","osm_type":"node","osm_id":"6699984742"}},{"type":"Feature","geometry":{"type":"Point","coordinates":[-2.20687,53.55729]},"properties":{"name":"Power infrastructure","category":"generator","osm_type":"node","osm_id":"6699984743"}},{"type":"Feature","geometry":{"type":"Point","coordinates":[-2.20781,53.55798]},"properties":{"name":"Power infrastructure","category":"generator","osm_type":"node","osm_id":"6699984744"}},{"type":"Feature","geometry":{"type":"Point","coordinates":[-2.20771,53.55795]},"properties":{"name":"Power infrastructure","category":"generator","osm_type":"node","osm_id":"6699984745"}},{"type":"Feature","geometry":{"type":"Point","coordinates":[-2.2081,53.55781]},"properties":{"name":"Power infrastructure","category":"generator","osm_type":"node","osm_id":"6699984746"}},{"type":"Feature","geometry":{"type":"Point","coordinates":[-2.20819,53.55785]},"properties":{"name":"Power infrastructure","category":"generator","osm_type":"node","osm_id":"6699984747"}},{"type":"Feature","geometry":{"type":"Point","coordinates":[-2.20828,53.55789]},"properties":{"name":"Power infrastructure","category":"generator","osm_type":"node","osm_id":"6699984748"}},{"type":"Feature","geometry":{"type":"Point","coordinates":[-2.20879,53.55835]},"properties":{"name":"Power infrastructure","category":"generator","osm_type":"node","osm_id":"6699984749"}},{"type":"Feature","geometry":{"type":"Point","coordinates":[-2.20794,53.55868]},"properties":{"name":"Power infrastructure","category":"generator","osm_type":"node","osm_id":"6699984750"}},{"type":"Feature","geometry":{"type":"Point","coordinates":[-2.20806,53.55882]},"properties":{"name":"Power infrastructure","category":"generator","osm_type":"node","osm_id":"6699984751"}},{"type":"Feature","geometry":{"type":"Point","coordinates":[-2.20822,53.5589]},"properties":{"name":"Power infrastructure","category":"generator","osm_type":"node","osm_id":"6699984752"}},{"type":"Feature","geometry":{"type":"Point","coordinates":[-2.21006,53.55811]},"properties":{"name":"Power infrastructure","category":"generator","osm_type":"node","osm_id":"6699984753"}},{"type":"Feature","geometry":{"type":"Point","coordinates":[-2.20738,53.55917]},"properties":{"name":"Power infrastructure","category":"generator","osm_type":"node","osm_id":"6699984754"}},{"type":"Feature","geometry":{"type":"Point","coordinates":[-2.20581,53.55912]},"properties":{"name":"Power infrastructure","category":"generator","osm_type":"node","osm_id":"6699984755"}},{"type":"Feature","geometry":{"type":"Point","coordinates":[-2.20533,53.55849]},"properties":{"name":"Power infrastructure","category":"generator","osm_type":"node","osm_id":"6699984756"}},{"type":"Feature","geometry":{"type":"Point","coordinates":[-2.20525,53.55847]},"properties":{"name":"Power infrastructure","category":"generator","osm_type":"node","osm_id":"6699984757"}},{"type":"Feature","geometry":{"type":"Point","coordinates":[-2.20514,53.55845]},"properties":{"name":"Power infrastructure","category":"generator","osm_type":"node","osm_id":"6699984758"}},{"type":"Feature","geometry":{"type":"Point","coordinates":[-2.20449,53.55794]},"properties":{"name":"Power infrastructure","category":"generator","osm_type":"node","osm_id":"6699984759"}},{"type":"Feature","geometry":{"type":"Point","coordinates":[-2.20382,53.55825]},"properties":{"name":"Power infrastructure","category":"generator","osm_type":"node","osm_id":"6699984760"}},{"type":"Feature","geometry":{"type":"Point","coordinates":[-2.20391,53.55824]},"properties":{"name":"Power infrastructure","category":"generator","osm_type":"node","osm_id":"6699984761"}},{"type":"Feature","geometry":{"type":"Point","coordinates":[-2.20489,53.55869]},"properties":{"name":"Power infrastructure","category":"generator","osm_type":"node","osm_id":"6699984762"}},{"type":"Feature","geometry":{"type":"Point","coordinates":[-2.20505,53.55872]},"properties":{"name":"Power infrastructure","category":"generator","osm_type":"node","osm_id":"6699984763"}},{"type":"Feature","geometry":{"type":"Point","coordinates":[-2.20507,53.55983]},"properties":{"name":"Power infrastructure","category":"generator","osm_type":"node","osm_id":"6699984764"}},{"type":"Feature","geometry":{"type":"Point","coordinates":[-2.20492,53.55984]},"properties":{"name":"Power infrastructure","category":"generator","osm_type":"node","osm_id":"6699984765"}},{"type":"Feature","geometry":{"type":"Point","coordinates":[-2.20478,53.56018]},"properties":{"name":"Power infrastructure","category":"generator","osm_type":"node","osm_id":"6699984766"}},{"type":"Feature","geometry":{"type":"Point","coordinates":[-2.20467,53.5602]},"properties":{"name":"Power infrastructure","category":"generator","osm_type":"node","osm_id":"6699984767"}},{"type":"Feature","geometry":{"type":"Point","coordinates":[-2.20368,53.56053]},"properties":{"name":"Power infrastructure","category":"generator","osm_type":"node","osm_id":"6699984768"}},{"type":"Feature","geometry":{"type":"Point","coordinates":[-2.20331,53.55945]},"properties":{"name":"Power infrastructure","category":"generator","osm_type":"node","osm_id":"6699984769"}},{"type":"Feature","geometry":{"type":"Point","coordinates":[-2.20343,53.55943]},"properties":{"name":"Power infrastructure","category":"generator","osm_type":"node","osm_id":"6699984770"}},{"type":"Feature","geometry":{"type":"Point","coordinates":[-2.21948,53.56378]},"properties":{"name":"Power infrastructure","category":"generator","osm_type":"node","osm_id":"6699991943"}},{"type":"Feature","geometry":{"type":"Point","coordinates":[-2.22025,53.56446]},"properties":{"name":"Power infrastructure","category":"generator","osm_type":"node","osm_id":"6699991944"}},{"type":"Feature","geometry":{"type":"Point","coordinates":[-2.22055,53.56442]},"properties":{"name":"Power infrastructure","category":"generator","osm_type":"node","osm_id":"6699991945"}},{"type":"Feature","geometry":{"type":"Point","coordinates":[-2.21784,53.56471]},"properties":{"name":"Power infrastructure","category":"generator","osm_type":"node","osm_id":"6699991946"}},{"type":"Feature","geometry":{"type":"Point","coordinates":[-2.2163,53.56209]},"properties":{"name":"Power infrastructure","category":"generator","osm_type":"node","osm_id":"6699991947"}},{"type":"Feature","geometry":{"type":"Point","coordinates":[-2.21666,53.56233]},"properties":{"name":"Power infrastructure","category":"generator","osm_type":"node","osm_id":"6699991948"}},{"type":"Feature","geometry":{"type":"Point","coordinates":[-2.21874,53.55701]},"properties":{"name":"Power infrastructure","category":"generator","osm_type":"node","osm_id":"6699991949"}},{"type":"Feature","geometry":{"type":"Point","coordinates":[-2.21881,53.55697]},"properties":{"name":"Power infrastructure","category":"generator","osm_type":"node","osm_id":"6699991950"}},{"type":"Feature","geometry":{"type":"Point","coordinates":[-2.21888,53.55693]},"properties":{"name":"Power infrastructure","category":"generator","osm_type":"node","osm_id":"6699991951"}},{"type":"Feature","geometry":{"type":"Point","coordinates":[-2.21895,53.55688]},"properties":{"name":"Power infrastructure","category":"generator","osm_type":"node","osm_id":"6699991952"}},{"type":"Feature","geometry":{"type":"Point","coordinates":[-2.2187,53.55631]},"properties":{"name":"Power infrastructure","category":"generator","osm_type":"node","osm_id":"6699991953"}},{"type":"Feature","geometry":{"type":"Point","coordinates":[-2.21876,53.55626]},"properties":{"name":"Power infrastructure","category":"generator","osm_type":"node","osm_id":"6699991954"}},{"type":"Feature","geometry":{"type":"Point","coordinates":[-2.2186,53.55638]},"properties":{"name":"Power infrastructure","category":"generator","osm_type":"node","osm_id":"6699991955"}},{"type":"Feature","geometry":{"type":"Point","coordinates":[-2.21851,53.55643]},"properties":{"name":"Power infrastructure","category":"generator","osm_type":"node","osm_id":"6699991956"}},{"type":"Feature","geometry":{"type":"Point","coordinates":[-2.21828,53.55658]},"properties":{"name":"Power infrastructure","category":"generator","osm_type":"node","osm_id":"6699991957"}},{"type":"Feature","geometry":{"type":"Point","coordinates":[-2.21977,53.55688]},"properties":{"name":"Power infrastructure","category":"generator","osm_type":"node","osm_id":"6699991958"}},{"type":"Feature","geometry":{"type":"Point","coordinates":[-2.22173,53.55569]},"properties":{"name":"Power infrastructure","category":"generator","osm_type":"node","osm_id":"6699991959"}},{"type":"Feature","geometry":{"type":"Point","coordinates":[-2.18555,53.55745]},"properties":{"name":"Power infrastructure","category":"generator","osm_type":"node","osm_id":"6700019463"}},{"type":"Feature","geometry":{"type":"Point","coordinates":[-2.18557,53.55742]},"properties":{"name":"Power infrastructure","category":"generator","osm_type":"node","osm_id":"6700019464"}},{"type":"Feature","geometry":{"type":"Point","coordinates":[-2.18147,53.55455]},"properties":{"name":"Power infrastructure","category":"generator","osm_type":"node","osm_id":"6700019465"}},{"type":"Feature","geometry":{"type":"Point","coordinates":[-2.18101,53.55456]},"properties":{"name":"Power infrastructure","category":"generator","osm_type":"node","osm_id":"6700019466"}},{"type":"Feature","geometry":{"type":"Point","coordinates":[-2.18093,53.55458]},"properties":{"name":"Power infrastructure","category":"generator","osm_type":"node","osm_id":"6700019467"}},{"type":"Feature","geometry":{"type":"Point","coordinates":[-2.17738,53.55487]},"properties":{"name":"Power infrastructure","category":"generator","osm_type":"node","osm_id":"6700019468"}},{"type":"Feature","geometry":{"type":"Point","coordinates":[-2.1766,53.55481]},"properties":{"name":"Power infrastructure","category":"generator","osm_type":"node","osm_id":"6700019469"}},{"type":"Feature","geometry":{"type":"Point","coordinates":[-2.17748,53.55548]},"properties":{"name":"Power infrastructure","category":"generator","osm_type":"node","osm_id":"6700019470"}},{"type":"Feature","geometry":{"type":"Point","coordinates":[-2.17754,53.55576]},"properties":{"name":"Power infrastructure","category":"generator","osm_type":"node","osm_id":"6700019471"}},{"type":"Feature","geometry":{"type":"Point","coordinates":[-2.17628,53.55642]},"properties":{"name":"Power infrastructure","category":"generator","osm_type":"node","osm_id":"6700019472"}},{"type":"Feature","geometry":{"type":"Point","coordinates":[-2.1762,53.55645]},"properties":{"name":"Power infrastructure","category":"generator","osm_type":"node","osm_id":"6700019473"}},{"type":"Feature","geometry":{"type":"Point","coordinates":[-2.17609,53.55649]},"properties":{"name":"Power infrastructure","category":"generator","osm_type":"node","osm_id":"6700019474"}},{"type":"Feature","geometry":{"type":"Point","coordinates":[-2.1768,53.55663]},"properties":{"name":"Power infrastructure","category":"generator","osm_type":"node","osm_id":"6700019475"}},{"type":"Feature","geometry":{"type":"Point","coordinates":[-2.17757,53.55667]},"properties":{"name":"Power infrastructure","category":"generator","osm_type":"node","osm_id":"6700019476"}},{"type":"Feature","geometry":{"type":"Point","coordinates":[-2.17636,53.55675]},"properties":{"name":"Power infrastructure","category":"generator","osm_type":"node","osm_id":"6700019477"}},{"type":"Feature","geometry":{"type":"Point","coordinates":[-2.17602,53.55685]},"properties":{"name":"Power infrastructure","category":"generator","osm_type":"node","osm_id":"6700019478"}},{"type":"Feature","geometry":{"type":"Point","coordinates":[-2.17583,53.5569]},"properties":{"name":"Power infrastructure","category":"generator","osm_type":"node","osm_id":"6700019479"}},{"type":"Feature","geometry":{"type":"Point","coordinates":[-2.17624,53.55704]},"properties":{"name":"Power infrastructure","category":"generator","osm_type":"node","osm_id":"6700019480"}},{"type":"Feature","geometry":{"type":"Point","coordinates":[-2.17707,53.55712]},"properties":{"name":"Power infrastructure","category":"generator","osm_type":"node","osm_id":"6700019481"}},{"type":"Feature","geometry":{"type":"Point","coordinates":[-2.17729,53.55706]},"properties":{"name":"Power infrastructure","category":"generator","osm_type":"node","osm_id":"6700019482"}},{"type":"Feature","geometry":{"type":"Point","coordinates":[-2.17581,53.5575]},"properties":{"name":"Power infrastructure","category":"generator","osm_type":"node","osm_id":"6700019483"}},{"type":"Feature","geometry":{"type":"Point","coordinates":[-2.17567,53.55753]},"properties":{"name":"Power infrastructure","category":"generator","osm_type":"node","osm_id":"6700019484"}},{"type":"Feature","geometry":{"type":"Point","coordinates":[-2.1099,53.61538]},"properties":{"name":"Power infrastructure","category":"generator","osm_type":"node","osm_id":"6700077185"}},{"type":"Feature","geometry":{"type":"Point","coordinates":[-2.11082,53.61533]},"properties":{"name":"Power infrastructure","category":"generator","osm_type":"node","osm_id":"6700077186"}},{"type":"Feature","geometry":{"type":"Point","coordinates":[-2.11079,53.61572]},"properties":{"name":"Power infrastructure","category":"generator","osm_type":"node","osm_id":"6700077187"}},{"type":"Feature","geometry":{"type":"Point","coordinates":[-2.11014,53.61599]},"properties":{"name":"Power infrastructure","category":"generator","osm_type":"node","osm_id":"6700077188"}},{"type":"Feature","geometry":{"type":"Point","coordinates":[-2.11021,53.61599]},"properties":{"name":"Power infrastructure","category":"generator","osm_type":"node","osm_id":"6700077189"}},{"type":"Feature","geometry":{"type":"Point","coordinates":[-2.10997,53.61601]},"properties":{"name":"Power infrastructure","category":"generator","osm_type":"node","osm_id":"6700077190"}},{"type":"Feature","geometry":{"type":"Point","coordinates":[-2.11286,53.61606]},"properties":{"name":"Power infrastructure","category":"generator","osm_type":"node","osm_id":"6700077191"}},{"type":"Feature","geometry":{"type":"Point","coordinates":[-2.11274,53.61554]},"properties":{"name":"Power infrastructure","category":"generator","osm_type":"node","osm_id":"6700077192"}},{"type":"Feature","geometry":{"type":"Point","coordinates":[-2.1126,53.61555]},"properties":{"name":"Power infrastructure","category":"generator","osm_type":"node","osm_id":"6700077193"}},{"type":"Feature","geometry":{"type":"Point","coordinates":[-2.11245,53.61554]},"properties":{"name":"Power infrastructure","category":"generator","osm_type":"node","osm_id":"6700077194"}},{"type":"Feature","geometry":{"type":"Point","coordinates":[-2.11507,53.61615]},"properties":{"name":"Power infrastructure","category":"generator","osm_type":"node","osm_id":"6700077195"}},{"type":"Feature","geometry":{"type":"Point","coordinates":[-2.11602,53.61668]},"properties":{"name":"Power infrastructure","category":"generator","osm_type":"node","osm_id":"6700077196"}},{"type":"Feature","geometry":{"type":"Point","coordinates":[-2.11641,53.61649]},"properties":{"name":"Power infrastructure","category":"generator","osm_type":"node","osm_id":"6700077197"}},{"type":"Feature","geometry":{"type":"Point","coordinates":[-2.13152,53.61974]},"properties":{"name":"Power infrastructure","category":"generator","osm_type":"node","osm_id":"6700077198"}},{"type":"Feature","geometry":{"type":"Point","coordinates":[-2.13241,53.62086]},"properties":{"name":"Power infrastructure","category":"generator","osm_type":"node","osm_id":"6700077199"}},{"type":"Feature","geometry":{"type":"Point","coordinates":[-2.14012,53.62757]},"properties":{"name":"Power infrastructure","category":"generator","osm_type":"node","osm_id":"6700077215"}},{"type":"Feature","geometry":{"type":"Point","coordinates":[-2.14008,53.62754]},"properties":{"name":"Power infrastructure","category":"generator","osm_type":"node","osm_id":"6700077216"}},{"type":"Feature","geometry":{"type":"Point","coordinates":[-2.13994,53.62728]},"properties":{"name":"Power infrastructure","category":"generator","osm_type":"node","osm_id":"6700077217"}},{"type":"Feature","geometry":{"type":"Point","coordinates":[-2.14003,53.62725]},"properties":{"name":"Power infrastructure","category":"generator","osm_type":"node","osm_id":"6700077218"}},{"type":"Feature","geometry":{"type":"Point","coordinates":[-2.13983,53.62732]},"properties":{"name":"Power infrastructure","category":"generator","osm_type":"node","osm_id":"6700077219"}},{"type":"Feature","geometry":{"type":"Point","coordinates":[-2.13974,53.62737]},"properties":{"name":"Power infrastructure","category":"generator","osm_type":"node","osm_id":"6700077220"}},{"type":"Feature","geometry":{"type":"Point","coordinates":[-2.15758,53.63064]},"properties":{"name":"Power infrastructure","category":"generator","osm_type":"node","osm_id":"6700077221"}},{"type":"Feature","geometry":{"type":"Point","coordinates":[-2.15255,53.62963]},"properties":{"name":"Power infrastructure","category":"generator","osm_type":"node","osm_id":"6700077222"}},{"type":"Feature","geometry":{"type":"Point","coordinates":[-2.15215,53.62977]},"properties":{"name":"Power infrastructure","category":"generator","osm_type":"node","osm_id":"6700077223"}},{"type":"Feature","geometry":{"type":"Point","coordinates":[-2.15502,53.63219]},"properties":{"name":"Power infrastructure","category":"generator","osm_type":"node","osm_id":"6700077224"}},{"type":"Feature","geometry":{"type":"Point","coordinates":[-2.1552,53.63215]},"properties":{"name":"Power infrastructure","category":"generator","osm_type":"node","osm_id":"6700077225"}},{"type":"Feature","geometry":{"type":"Point","coordinates":[-2.15478,53.63198]},"properties":{"name":"Power infrastructure","category":"generator","osm_type":"node","osm_id":"6700077226"}},{"type":"Feature","geometry":{"type":"Point","coordinates":[-2.15559,53.63205]},"properties":{"name":"Power infrastructure","category":"generator","osm_type":"node","osm_id":"6700077227"}},{"type":"Feature","geometry":{"type":"Point","coordinates":[-2.1557,53.63202]},"properties":{"name":"Power infrastructure","category":"generator","osm_type":"node","osm_id":"6700077228"}},{"type":"Feature","geometry":{"type":"Point","coordinates":[-2.15573,53.63146]},"properties":{"name":"Power infrastructure","category":"generator","osm_type":"node","osm_id":"6700077229"}},{"type":"Feature","geometry":{"type":"Point","coordinates":[-2.15544,53.63182]},"properties":{"name":"Power infrastructure","category":"generator","osm_type":"node","osm_id":"6700077230"}},{"type":"Feature","geometry":{"type":"Point","coordinates":[-2.15863,53.62818]},"properties":{"name":"Power infrastructure","category":"generator","osm_type":"node","osm_id":"6700077231"}},{"type":"Feature","geometry":{"type":"Point","coordinates":[-2.15868,53.62823]},"properties":{"name":"Power infrastructure","category":"generator","osm_type":"node","osm_id":"6700077232"}},{"type":"Feature","geometry":{"type":"Point","coordinates":[-2.15998,53.62791]},"properties":{"name":"Power infrastructure","category":"generator","osm_type":"node","osm_id":"6700077233"}},{"type":"Feature","geometry":{"type":"Point","coordinates":[-2.16099,53.62775]},"properties":{"name":"Power infrastructure","category":"generator","osm_type":"node","osm_id":"6700077234"}},{"type":"Feature","geometry":{"type":"Point","coordinates":[-2.16131,53.62769]},"properties":{"name":"Power infrastructure","category":"generator","osm_type":"node","osm_id":"6700077235"}},{"type":"Feature","geometry":{"type":"Point","coordinates":[-2.16196,53.62761]},"properties":{"name":"Power infrastructure","category":"generator","osm_type":"node","osm_id":"6700077236"}},{"type":"Feature","geometry":{"type":"Point","coordinates":[-2.16239,53.62753]},"properties":{"name":"Power infrastructure","category":"generator","osm_type":"node","osm_id":"6700077237"}},{"type":"Feature","geometry":{"type":"Point","coordinates":[-2.16275,53.62739]},"properties":{"name":"Power infrastructure","category":"generator","osm_type":"node","osm_id":"6700077238"}},{"type":"Feature","geometry":{"type":"Point","coordinates":[-2.16285,53.6278]},"properties":{"name":"Power infrastructure","category":"generator","osm_type":"node","osm_id":"6700077239"}},{"type":"Feature","geometry":{"type":"Point","coordinates":[-2.16267,53.62778]},"properties":{"name":"Power infrastructure","category":"generator","osm_type":"node","osm_id":"6700077240"}},{"type":"Feature","geometry":{"type":"Point","coordinates":[-2.16102,53.62717]},"properties":{"name":"Power infrastructure","category":"generator","osm_type":"node","osm_id":"6700077241"}},{"type":"Feature","geometry":{"type":"Point","coordinates":[-2.1625,53.6278]},"properties":{"name":"Power infrastructure","category":"generator","osm_type":"node","osm_id":"6700077242"}},{"type":"Feature","geometry":{"type":"Point","coordinates":[-2.1615,53.62797]},"properties":{"name":"Power infrastructure","category":"generator","osm_type":"node","osm_id":"6700077243"}},{"type":"Feature","geometry":{"type":"Point","coordinates":[-2.16201,53.62788]},"properties":{"name":"Power infrastructure","category":"generator","osm_type":"node","osm_id":"6700077244"}},{"type":"Feature","geometry":{"type":"Point","coordinates":[-2.16181,53.62791]},"properties":{"name":"Power infrastructure","category":"generator","osm_type":"node","osm_id":"6700077245"}},{"type":"Feature","geometry":{"type":"Point","coordinates":[-2.16116,53.62712]},"properties":{"name":"Power infrastructure","category":"generator","osm_type":"node","osm_id":"6700077246"}},{"type":"Feature","geometry":{"type":"Point","coordinates":[-2.15916,53.62742]},"properties":{"name":"Power infrastructure","category":"generator","osm_type":"node","osm_id":"6700077247"}},{"type":"Feature","geometry":{"type":"Point","coordinates":[-2.1603,53.62813]},"properties":{"name":"Power infrastructure","category":"generator","osm_type":"node","osm_id":"6700077248"}},{"type":"Feature","geometry":{"type":"Point","coordinates":[-2.1605,53.6281]},"properties":{"name":"Power infrastructure","category":"generator","osm_type":"node","osm_id":"6700077249"}},{"type":"Feature","geometry":{"type":"Point","coordinates":[-2.16066,53.6281]},"properties":{"name":"Power infrastructure","category":"generator","osm_type":"node","osm_id":"6700077250"}},{"type":"Feature","geometry":{"type":"Point","coordinates":[-2.16083,53.62807]},"properties":{"name":"Power infrastructure","category":"generator","osm_type":"node","osm_id":"6700077251"}},{"type":"Feature","geometry":{"type":"Point","coordinates":[-2.13336,53.61523]},"properties":{"name":"Power infrastructure","category":"generator","osm_type":"node","osm_id":"6700077252"}},{"type":"Feature","geometry":{"type":"Point","coordinates":[-2.13324,53.61524]},"properties":{"name":"Power infrastructure","category":"generator","osm_type":"node","osm_id":"6700077253"}},{"type":"Feature","geometry":{"type":"Point","coordinates":[-2.1319,53.61421]},"properties":{"name":"Power infrastructure","category":"generator","osm_type":"node","osm_id":"6700077254"}},{"type":"Feature","geometry":{"type":"Point","coordinates":[-2.1378,53.61241]},"properties":{"name":"Power infrastructure","category":"generator","osm_type":"node","osm_id":"6700077255"}},{"type":"Feature","geometry":{"type":"Point","coordinates":[-2.13772,53.61241]},"properties":{"name":"Power infrastructure","category":"generator","osm_type":"node","osm_id":"6700077256"}},{"type":"Feature","geometry":{"type":"Point","coordinates":[-2.13755,53.61243]},"properties":{"name":"Power infrastructure","category":"generator","osm_type":"node","osm_id":"6700077257"}},{"type":"Feature","geometry":{"type":"Point","coordinates":[-2.13747,53.61243]},"properties":{"name":"Power infrastructure","category":"generator","osm_type":"node","osm_id":"6700077258"}},{"type":"Feature","geometry":{"type":"Point","coordinates":[-2.13739,53.61244]},"properties":{"name":"Power infrastructure","category":"generator","osm_type":"node","osm_id":"6700077259"}},{"type":"Feature","geometry":{"type":"Point","coordinates":[-2.13731,53.61245]},"properties":{"name":"Power infrastructure","category":"generator","osm_type":"node","osm_id":"6700077260"}},{"type":"Feature","geometry":{"type":"Point","coordinates":[-2.13715,53.6125]},"properties":{"name":"Power infrastructure","category":"generator","osm_type":"node","osm_id":"6700077261"}},{"type":"Feature","geometry":{"type":"Point","coordinates":[-2.13708,53.61252]},"properties":{"name":"Power infrastructure","category":"generator","osm_type":"node","osm_id":"6700077262"}},{"type":"Feature","geometry":{"type":"Point","coordinates":[-2.137,53.61255]},"properties":{"name":"Power infrastructure","category":"generator","osm_type":"node","osm_id":"6700077263"}},{"type":"Feature","geometry":{"type":"Point","coordinates":[-2.13694,53.61257]},"properties":{"name":"Power infrastructure","category":"generator","osm_type":"node","osm_id":"6700077264"}},{"type":"Feature","geometry":{"type":"Point","coordinates":[-2.13673,53.61231]},"properties":{"name":"Power infrastructure","category":"generator","osm_type":"node","osm_id":"6700077265"}},{"type":"Feature","geometry":{"type":"Point","coordinates":[-2.13681,53.61228]},"properties":{"name":"Power infrastructure","category":"generator","osm_type":"node","osm_id":"6700077266"}},{"type":"Feature","geometry":{"type":"Point","coordinates":[-2.13696,53.61227]},"properties":{"name":"Power infrastructure","category":"generator","osm_type":"node","osm_id":"6700077267"}},{"type":"Feature","geometry":{"type":"Point","coordinates":[-2.13708,53.61224]},"properties":{"name":"Power infrastructure","category":"generator","osm_type":"node","osm_id":"6700077268"}},{"type":"Feature","geometry":{"type":"Point","coordinates":[-2.1372,53.6122]},"properties":{"name":"Power infrastructure","category":"generator","osm_type":"node","osm_id":"6700077269"}},{"type":"Feature","geometry":{"type":"Point","coordinates":[-2.13674,53.61203]},"properties":{"name":"Power infrastructure","category":"generator","osm_type":"node","osm_id":"6700077270"}},{"type":"Feature","geometry":{"type":"Point","coordinates":[-2.13667,53.61202]},"properties":{"name":"Power infrastructure","category":"generator","osm_type":"node","osm_id":"6700077271"}},{"type":"Feature","geometry":{"type":"Point","coordinates":[-2.13658,53.61194]},"properties":{"name":"Power infrastructure","category":"generator","osm_type":"node","osm_id":"6700077272"}},{"type":"Feature","geometry":{"type":"Point","coordinates":[-2.13655,53.61191]},"properties":{"name":"Power infrastructure","category":"generator","osm_type":"node","osm_id":"6700077273"}},{"type":"Feature","geometry":{"type":"Point","coordinates":[-2.13647,53.61183]},"properties":{"name":"Power infrastructure","category":"generator","osm_type":"node","osm_id":"6700077274"}},{"type":"Feature","geometry":{"type":"Point","coordinates":[-2.13643,53.61177]},"properties":{"name":"Power infrastructure","category":"generator","osm_type":"node","osm_id":"6700077275"}},{"type":"Feature","geometry":{"type":"Point","coordinates":[-2.13636,53.61167]},"properties":{"name":"Power infrastructure","category":"generator","osm_type":"node","osm_id":"6700077276"}},{"type":"Feature","geometry":{"type":"Point","coordinates":[-2.1363,53.61161]},"properties":{"name":"Power infrastructure","category":"generator","osm_type":"node","osm_id":"6700077277"}},{"type":"Feature","geometry":{"type":"Point","coordinates":[-2.13617,53.61147]},"properties":{"name":"Power infrastructure","category":"generator","osm_type":"node","osm_id":"6700077278"}},{"type":"Feature","geometry":{"type":"Point","coordinates":[-2.1361,53.61136]},"properties":{"name":"Power infrastructure","category":"generator","osm_type":"node","osm_id":"6700077279"}},{"type":"Feature","geometry":{"type":"Point","coordinates":[-2.13607,53.61132]},"properties":{"name":"Power infrastructure","category":"generator","osm_type":"node","osm_id":"6700077280"}},{"type":"Feature","geometry":{"type":"Point","coordinates":[-2.13603,53.61127]},"properties":{"name":"Power infrastructure","category":"generator","osm_type":"node","osm_id":"6700077281"}},{"type":"Feature","geometry":{"type":"Point","coordinates":[-2.13599,53.61123]},"properties":{"name":"Power infrastructure","category":"generator","osm_type":"node","osm_id":"6700077282"}},{"type":"Feature","geometry":{"type":"Point","coordinates":[-2.13593,53.61114]},"properties":{"name":"Power infrastructure","category":"generator","osm_type":"node","osm_id":"6700077283"}},{"type":"Feature","geometry":{"type":"Point","coordinates":[-2.13587,53.61111]},"properties":{"name":"Power infrastructure","category":"generator","osm_type":"node","osm_id":"6700077284"}},{"type":"Feature","geometry":{"type":"Point","coordinates":[-2.13645,53.61115]},"properties":{"name":"Power infrastructure","category":"generator","osm_type":"node","osm_id":"6700077285"}},{"type":"Feature","geometry":{"type":"Point","coordinates":[-2.1364,53.61111]},"properties":{"name":"Power infrastructure","category":"generator","osm_type":"node","osm_id":"6700077286"}},{"type":"Feature","geometry":{"type":"Point","coordinates":[-2.13574,53.61109]},"properties":{"name":"Power infrastructure","category":"generator","osm_type":"node","osm_id":"6700077287"}},{"type":"Feature","geometry":{"type":"Point","coordinates":[-2.13564,53.61108]},"properties":{"name":"Power infrastructure","category":"generator","osm_type":"node","osm_id":"6700077288"}},{"type":"Feature","geometry":{"type":"Point","coordinates":[-2.13556,53.61106]},"properties":{"name":"Power infrastructure","category":"generator","osm_type":"node","osm_id":"6700077289"}},{"type":"Feature","geometry":{"type":"Point","coordinates":[-2.13549,53.61105]},"properties":{"name":"Power infrastructure","category":"generator","osm_type":"node","osm_id":"6700077290"}},{"type":"Feature","geometry":{"type":"Point","coordinates":[-2.13593,53.61084]},"properties":{"name":"Power infrastructure","category":"generator","osm_type":"node","osm_id":"6700077291"}},{"type":"Feature","geometry":{"type":"Point","coordinates":[-2.13585,53.61085]},"properties":{"name":"Power infrastructure","category":"generator","osm_type":"node","osm_id":"6700077292"}},{"type":"Feature","geometry":{"type":"Point","coordinates":[-2.136,53.61082]},"properties":{"name":"Power infrastructure","category":"generator","osm_type":"node","osm_id":"6700077293"}},{"type":"Feature","geometry":{"type":"Point","coordinates":[-2.13613,53.61082]},"properties":{"name":"Power infrastructure","category":"generator","osm_type":"node","osm_id":"6700077294"}},{"type":"Feature","geometry":{"type":"Point","coordinates":[-2.1362,53.61082]},"properties":{"name":"Power infrastructure","category":"generator","osm_type":"node","osm_id":"6700077295"}},{"type":"Feature","geometry":{"type":"Point","coordinates":[-2.13631,53.61079]},"properties":{"name":"Power infrastructure","category":"generator","osm_type":"node","osm_id":"6700077296"}},{"type":"Feature","geometry":{"type":"Point","coordinates":[-2.13637,53.61075]},"properties":{"name":"Power infrastructure","category":"generator","osm_type":"node","osm_id":"6700077297"}},{"type":"Feature","geometry":{"type":"Point","coordinates":[-2.13849,53.61096]},"properties":{"name":"Power infrastructure","category":"generator","osm_type":"node","osm_id":"6700077298"}},{"type":"Feature","geometry":{"type":"Point","coordinates":[-2.13857,53.61094]},"properties":{"name":"Power infrastructure","category":"generator","osm_type":"node","osm_id":"6700077299"}},{"type":"Feature","geometry":{"type":"Point","coordinates":[-2.13867,53.61092]},"properties":{"name":"Power infrastructure","category":"generator","osm_type":"node","osm_id":"6700077300"}},{"type":"Feature","geometry":{"type":"Point","coordinates":[-2.13875,53.6109]},"properties":{"name":"Power infrastructure","category":"generator","osm_type":"node","osm_id":"6700077301"}},{"type":"Feature","geometry":{"type":"Point","coordinates":[-2.13886,53.61089]},"properties":{"name":"Power infrastructure","category":"generator","osm_type":"node","osm_id":"6700077302"}},{"type":"Feature","geometry":{"type":"Point","coordinates":[-2.13894,53.61087]},"properties":{"name":"Power infrastructure","category":"generator","osm_type":"node","osm_id":"6700077303"}},{"type":"Feature","geometry":{"type":"Point","coordinates":[-2.13901,53.61085]},"properties":{"name":"Power infrastructure","category":"generator","osm_type":"node","osm_id":"6700077304"}},{"type":"Feature","geometry":{"type":"Point","coordinates":[-2.13912,53.61083]},"properties":{"name":"Power infrastructure","category":"generator","osm_type":"node","osm_id":"6700077305"}},{"type":"Feature","geometry":{"type":"Point","coordinates":[-2.13921,53.61081]},"properties":{"name":"Power infrastructure","category":"generator","osm_type":"node","osm_id":"6700077306"}},{"type":"Feature","geometry":{"type":"Point","coordinates":[-2.13932,53.61079]},"properties":{"name":"Power infrastructure","category":"generator","osm_type":"node","osm_id":"6700077307"}},{"type":"Feature","geometry":{"type":"Point","coordinates":[-2.1394,53.61078]},"properties":{"name":"Power infrastructure","category":"generator","osm_type":"node","osm_id":"6700077308"}},{"type":"Feature","geometry":{"type":"Point","coordinates":[-2.6464,53.50967]},"properties":{"name":"Power infrastructure","category":"generator","osm_type":"node","osm_id":"6700126965"}},{"type":"Feature","geometry":{"type":"Point","coordinates":[-2.64799,53.50957]},"properties":{"name":"Power infrastructure","category":"generator","osm_type":"node","osm_id":"6700126966"}},{"type":"Feature","geometry":{"type":"Point","coordinates":[-2.64809,53.50956]},"properties":{"name":"Power infrastructure","category":"generator","osm_type":"node","osm_id":"6700126967"}},{"type":"Feature","geometry":{"type":"Point","coordinates":[-2.6482,53.50955]},"properties":{"name":"Power infrastructure","category":"generator","osm_type":"node","osm_id":"6700126968"}},{"type":"Feature","geometry":{"type":"Point","coordinates":[-2.6483,53.50954]},"properties":{"name":"Power infrastructure","category":"generator","osm_type":"node","osm_id":"6700126969"}},{"type":"Feature","geometry":{"type":"Point","coordinates":[-2.64829,53.50922]},"properties":{"name":"Power infrastructure","category":"generator","osm_type":"node","osm_id":"6700126970"}},{"type":"Feature","geometry":{"type":"Point","coordinates":[-2.64812,53.50917]},"properties":{"name":"Power infrastructure","category":"generator","osm_type":"node","osm_id":"6700126971"}},{"type":"Feature","geometry":{"type":"Point","coordinates":[-2.6465,53.5089]},"properties":{"name":"Power infrastructure","category":"generator","osm_type":"node","osm_id":"6700126972"}},{"type":"Feature","geometry":{"type":"Point","coordinates":[-2.6466,53.50888]},"properties":{"name":"Power infrastructure","category":"generator","osm_type":"node","osm_id":"6700126973"}},{"type":"Feature","geometry":{"type":"Point","coordinates":[-2.64679,53.50884]},"properties":{"name":"Power infrastructure","category":"generator","osm_type":"node","osm_id":"6700126974"}},{"type":"Feature","geometry":{"type":"Point","coordinates":[-2.64689,53.50883]},"properties":{"name":"Power infrastructure","category":"generator","osm_type":"node","osm_id":"6700126975"}},{"type":"Feature","geometry":{"type":"Point","coordinates":[-2.64707,53.50881]},"properties":{"name":"Power infrastructure","category":"generator","osm_type":"node","osm_id":"6700126976"}},{"type":"Feature","geometry":{"type":"Point","coordinates":[-2.64718,53.5088]},"properties":{"name":"Power infrastructure","category":"generator","osm_type":"node","osm_id":"6700126977"}},{"type":"Feature","geometry":{"type":"Point","coordinates":[-2.64762,53.5086]},"properties":{"name":"Power infrastructure","category":"generator","osm_type":"node","osm_id":"6700126978"}},{"type":"Feature","geometry":{"type":"Point","coordinates":[-2.6475,53.50859]},"properties":{"name":"Power infrastructure","category":"generator","osm_type":"node","osm_id":"6700126980"}},{"type":"Feature","geometry":{"type":"Point","coordinates":[-2.64728,53.50859]},"properties":{"name":"Power infrastructure","category":"generator","osm_type":"node","osm_id":"6700126982"}},{"type":"Feature","geometry":{"type":"Point","coordinates":[-2.64715,53.50859]},"properties":{"name":"Power infrastructure","category":"generator","osm_type":"node","osm_id":"6700126984"}},{"type":"Feature","geometry":{"type":"Point","coordinates":[-2.64665,53.50864]},"properties":{"name":"Power infrastructure","category":"generator","osm_type":"node","osm_id":"6700218986"}},{"type":"Feature","geometry":{"type":"Point","coordinates":[-2.64659,53.50865]},"properties":{"name":"Power infrastructure","category":"generator","osm_type":"node","osm_id":"6700218987"}},{"type":"Feature","geometry":{"type":"Point","coordinates":[-2.64624,53.50895]},"properties":{"name":"Power infrastructure","category":"generator","osm_type":"node","osm_id":"6700218988"}},{"type":"Feature","geometry":{"type":"Point","coordinates":[-2.64605,53.509]},"properties":{"name":"Power infrastructure","category":"generator","osm_type":"node","osm_id":"6700218989"}},{"type":"Feature","geometry":{"type":"Point","coordinates":[-2.64595,53.50902]},"properties":{"name":"Power infrastructure","category":"generator","osm_type":"node","osm_id":"6700218990"}},{"type":"Feature","geometry":{"type":"Point","coordinates":[-2.64556,53.50888]},"properties":{"name":"Power infrastructure","category":"generator","osm_type":"node","osm_id":"6700218991"}},{"type":"Feature","geometry":{"type":"Point","coordinates":[-2.64543,53.50891]},"properties":{"name":"Power infrastructure","category":"generator","osm_type":"node","osm_id":"6700218992"}},{"type":"Feature","geometry":{"type":"Point","coordinates":[-2.64781,53.50863]},"properties":{"name":"Power infrastructure","category":"generator","osm_type":"node","osm_id":"6700218994"}},{"type":"Feature","geometry":{"type":"Point","coordinates":[-2.64794,53.50864]},"properties":{"name":"Power infrastructure","category":"generator","osm_type":"node","osm_id":"6700218996"}},{"type":"Feature","geometry":{"type":"Point","coordinates":[-2.64835,53.50835]},"properties":{"name":"Power infrastructure","category":"generator","osm_type":"node","osm_id":"6700218997"}},{"type":"Feature","geometry":{"type":"Point","coordinates":[-2.64894,53.50878]},"properties":{"name":"Power infrastructure","category":"generator","osm_type":"node","osm_id":"6700218998"}},{"type":"Feature","geometry":{"type":"Point","coordinates":[-2.64867,53.50838]},"properties":{"name":"Power infrastructure","category":"generator","osm_type":"node","osm_id":"6700218999"}},{"type":"Feature","geometry":{"type":"Point","coordinates":[-2.64855,53.50837]},"properties":{"name":"Power infrastructure","category":"generator","osm_type":"node","osm_id":"6700219000"}},{"type":"Feature","geometry":{"type":"Point","coordinates":[-2.64912,53.5088]},"properties":{"name":"Power infrastructure","category":"generator","osm_type":"node","osm_id":"6700219001"}},{"type":"Feature","geometry":{"type":"Point","coordinates":[-2.64844,53.50835]},"properties":{"name":"Power infrastructure","category":"generator","osm_type":"node","osm_id":"6700219002"}},{"type":"Feature","geometry":{"type":"Point","coordinates":[-2.64893,53.5084]},"properties":{"name":"Power infrastructure","category":"generator","osm_type":"node","osm_id":"6700219003"}},{"type":"Feature","geometry":{"type":"Point","coordinates":[-2.64902,53.50841]},"properties":{"name":"Power infrastructure","category":"generator","osm_type":"node","osm_id":"6700219004"}},{"type":"Feature","geometry":{"type":"Point","coordinates":[-2.64926,53.50844]},"properties":{"name":"Power infrastructure","category":"generator","osm_type":"node","osm_id":"6700219005"}},{"type":"Feature","geometry":{"type":"Point","coordinates":[-2.64927,53.50881]},"properties":{"name":"Power infrastructure","category":"generator","osm_type":"node","osm_id":"6700219006"}},{"type":"Feature","geometry":{"type":"Point","coordinates":[-2.64947,53.50885]},"properties":{"name":"Power infrastructure","category":"generator","osm_type":"node","osm_id":"6700219007"}},{"type":"Feature","geometry":{"type":"Point","coordinates":[-2.64898,53.509]},"properties":{"name":"Power infrastructure","category":"generator","osm_type":"node","osm_id":"6700219008"}},{"type":"Feature","geometry":{"type":"Point","coordinates":[-2.64888,53.50899]},"properties":{"name":"Power infrastructure","category":"generator","osm_type":"node","osm_id":"6700219009"}},{"type":"Feature","geometry":{"type":"Point","coordinates":[-2.6485,53.50893]},"properties":{"name":"Power infrastructure","category":"generator","osm_type":"node","osm_id":"6700219010"}},{"type":"Feature","geometry":{"type":"Point","coordinates":[-2.64839,53.50892]},"properties":{"name":"Power infrastructure","category":"generator","osm_type":"node","osm_id":"6700219011"}},{"type":"Feature","geometry":{"type":"Point","coordinates":[-2.64828,53.50891]},"properties":{"name":"Power infrastructure","category":"generator","osm_type":"node","osm_id":"6700219012"}},{"type":"Feature","geometry":{"type":"Point","coordinates":[-2.64817,53.5089]},"properties":{"name":"Power infrastructure","category":"generator","osm_type":"node","osm_id":"6700219013"}},{"type":"Feature","geometry":{"type":"Point","coordinates":[-2.64793,53.50985]},"properties":{"name":"Power infrastructure","category":"generator","osm_type":"node","osm_id":"6700219014"}},{"type":"Feature","geometry":{"type":"Point","coordinates":[-2.64807,53.50984]},"properties":{"name":"Power infrastructure","category":"generator","osm_type":"node","osm_id":"6700219015"}},{"type":"Feature","geometry":{"type":"Point","coordinates":[-2.6484,53.50979]},"properties":{"name":"Power infrastructure","category":"generator","osm_type":"node","osm_id":"6700219016"}},{"type":"Feature","geometry":{"type":"Point","coordinates":[-2.64817,53.51005]},"properties":{"name":"Power infrastructure","category":"generator","osm_type":"node","osm_id":"6700219017"}},{"type":"Feature","geometry":{"type":"Point","coordinates":[-2.64868,53.50971]},"properties":{"name":"Power infrastructure","category":"generator","osm_type":"node","osm_id":"6700219018"}},{"type":"Feature","geometry":{"type":"Point","coordinates":[-2.64884,53.50965]},"properties":{"name":"Power infrastructure","category":"generator","osm_type":"node","osm_id":"6700219019"}},{"type":"Feature","geometry":{"type":"Point","coordinates":[-2.64896,53.50961]},"properties":{"name":"Power infrastructure","category":"generator","osm_type":"node","osm_id":"6700219020"}},{"type":"Feature","geometry":{"type":"Point","coordinates":[-2.64918,53.50983]},"properties":{"name":"Power infrastructure","category":"generator","osm_type":"node","osm_id":"6700219021"}},{"type":"Feature","geometry":{"type":"Point","coordinates":[-2.64927,53.50979]},"properties":{"name":"Power infrastructure","category":"generator","osm_type":"node","osm_id":"6700219022"}},{"type":"Feature","geometry":{"type":"Point","coordinates":[-2.64945,53.50974]},"properties":{"name":"Power infrastructure","category":"generator","osm_type":"node","osm_id":"6700219023"}},{"type":"Feature","geometry":{"type":"Point","coordinates":[-2.64954,53.50973]},"properties":{"name":"Power infrastructure","category":"generator","osm_type":"node","osm_id":"6700219024"}},{"type":"Feature","geometry":{"type":"Point","coordinates":[-2.64975,53.50973]},"properties":{"name":"Power infrastructure","category":"generator","osm_type":"node","osm_id":"6700219025"}},{"type":"Feature","geometry":{"type":"Point","coordinates":[-2.64985,53.50972]},"properties":{"name":"Power infrastructure","category":"generator","osm_type":"node","osm_id":"6700219026"}},{"type":"Feature","geometry":{"type":"Point","coordinates":[-2.6501,53.50974]},"properties":{"name":"Power infrastructure","category":"generator","osm_type":"node","osm_id":"6700219027"}},{"type":"Feature","geometry":{"type":"Point","coordinates":[-2.65016,53.50953]},"properties":{"name":"Power infrastructure","category":"generator","osm_type":"node","osm_id":"6700219028"}},{"type":"Feature","geometry":{"type":"Point","coordinates":[-2.65002,53.50909]},"properties":{"name":"Power infrastructure","category":"generator","osm_type":"node","osm_id":"6700219029"}},{"type":"Feature","geometry":{"type":"Point","coordinates":[-2.65012,53.5091]},"properties":{"name":"Power infrastructure","category":"generator","osm_type":"node","osm_id":"6700219030"}},{"type":"Feature","geometry":{"type":"Point","coordinates":[-2.65034,53.50913]},"properties":{"name":"Power infrastructure","category":"generator","osm_type":"node","osm_id":"6700219031"}},{"type":"Feature","geometry":{"type":"Point","coordinates":[-2.65015,53.50887]},"properties":{"name":"Power infrastructure","category":"generator","osm_type":"node","osm_id":"6700219032"}},{"type":"Feature","geometry":{"type":"Point","coordinates":[-2.65029,53.50862]},"properties":{"name":"Power infrastructure","category":"generator","osm_type":"node","osm_id":"6700219033"}},{"type":"Feature","geometry":{"type":"Point","coordinates":[-2.65048,53.50864]},"properties":{"name":"Power infrastructure","category":"generator","osm_type":"node","osm_id":"6700219034"}},{"type":"Feature","geometry":{"type":"Point","coordinates":[-2.65019,53.50861]},"properties":{"name":"Power infrastructure","category":"generator","osm_type":"node","osm_id":"6700219035"}},{"type":"Feature","geometry":{"type":"Point","coordinates":[-2.65022,53.50841]},"properties":{"name":"Power infrastructure","category":"generator","osm_type":"node","osm_id":"6700219036"}},{"type":"Feature","geometry":{"type":"Point","coordinates":[-2.65049,53.50843]},"properties":{"name":"Power infrastructure","category":"generator","osm_type":"node","osm_id":"6700219037"}},{"type":"Feature","geometry":{"type":"Point","coordinates":[-2.65061,53.50846]},"properties":{"name":"Power infrastructure","category":"generator","osm_type":"node","osm_id":"6700219038"}},{"type":"Feature","geometry":{"type":"Point","coordinates":[-2.65076,53.50847]},"properties":{"name":"Power infrastructure","category":"generator","osm_type":"node","osm_id":"6700219039"}},{"type":"Feature","geometry":{"type":"Point","coordinates":[-2.65084,53.50848]},"properties":{"name":"Power infrastructure","category":"generator","osm_type":"node","osm_id":"6700219040"}},{"type":"Feature","geometry":{"type":"Point","coordinates":[-2.65105,53.50844]},"properties":{"name":"Power infrastructure","category":"generator","osm_type":"node","osm_id":"6700219041"}},{"type":"Feature","geometry":{"type":"Point","coordinates":[-2.65116,53.50844]},"properties":{"name":"Power infrastructure","category":"generator","osm_type":"node","osm_id":"6700219042"}},{"type":"Feature","geometry":{"type":"Point","coordinates":[-2.65101,53.50821]},"properties":{"name":"Power infrastructure","category":"generator","osm_type":"node","osm_id":"6700219043"}},{"type":"Feature","geometry":{"type":"Point","coordinates":[-2.65114,53.50821]},"properties":{"name":"Power infrastructure","category":"generator","osm_type":"node","osm_id":"6700219044"}},{"type":"Feature","geometry":{"type":"Point","coordinates":[-2.65099,53.50803]},"properties":{"name":"Power infrastructure","category":"generator","osm_type":"node","osm_id":"6700219045"}},{"type":"Feature","geometry":{"type":"Point","coordinates":[-2.65074,53.50799]},"properties":{"name":"Power infrastructure","category":"generator","osm_type":"node","osm_id":"6700219046"}},{"type":"Feature","geometry":{"type":"Point","coordinates":[-2.65064,53.50798]},"properties":{"name":"Power infrastructure","category":"generator","osm_type":"node","osm_id":"6700219047"}},{"type":"Feature","geometry":{"type":"Point","coordinates":[-2.65047,53.50794]},"properties":{"name":"Power infrastructure","category":"generator","osm_type":"node","osm_id":"6700219048"}},{"type":"Feature","geometry":{"type":"Point","coordinates":[-2.65036,53.50793]},"properties":{"name":"Power infrastructure","category":"generator","osm_type":"node","osm_id":"6700219049"}},{"type":"Feature","geometry":{"type":"Point","coordinates":[-2.64963,53.50811]},"properties":{"name":"Power infrastructure","category":"generator","osm_type":"node","osm_id":"6700219050"}},{"type":"Feature","geometry":{"type":"Point","coordinates":[-2.64953,53.5081]},"properties":{"name":"Power infrastructure","category":"generator","osm_type":"node","osm_id":"6700219051"}},{"type":"Feature","geometry":{"type":"Point","coordinates":[-2.64433,53.50873]},"properties":{"name":"Power infrastructure","category":"generator","osm_type":"node","osm_id":"6700219052"}},{"type":"Feature","geometry":{"type":"Point","coordinates":[-2.64425,53.50875]},"properties":{"name":"Power infrastructure","category":"generator","osm_type":"node","osm_id":"6700219053"}},{"type":"Feature","geometry":{"type":"Point","coordinates":[-2.64452,53.50892]},"properties":{"name":"Power infrastructure","category":"generator","osm_type":"node","osm_id":"6700219054"}},{"type":"Feature","geometry":{"type":"Point","coordinates":[-2.64373,53.5092]},"properties":{"name":"Power infrastructure","category":"generator","osm_type":"node","osm_id":"6700219055"}},{"type":"Feature","geometry":{"type":"Point","coordinates":[-2.64362,53.50922]},"properties":{"name":"Power infrastructure","category":"generator","osm_type":"node","osm_id":"6700219056"}},{"type":"Feature","geometry":{"type":"Point","coordinates":[-2.64449,53.50949]},"properties":{"name":"Power infrastructure","category":"generator","osm_type":"node","osm_id":"6700219057"}},{"type":"Feature","geometry":{"type":"Point","coordinates":[-2.64438,53.50952]},"properties":{"name":"Power infrastructure","category":"generator","osm_type":"node","osm_id":"6700219058"}},{"type":"Feature","geometry":{"type":"Point","coordinates":[-2.64404,53.50982]},"properties":{"name":"Power infrastructure","category":"generator","osm_type":"node","osm_id":"6700219059"}},{"type":"Feature","geometry":{"type":"Point","coordinates":[-2.64416,53.50988]},"properties":{"name":"Power infrastructure","category":"generator","osm_type":"node","osm_id":"6700219060"}},{"type":"Feature","geometry":{"type":"Point","coordinates":[-2.64396,53.51007]},"properties":{"name":"Power infrastructure","category":"generator","osm_type":"node","osm_id":"6700219061"}},{"type":"Feature","geometry":{"type":"Point","coordinates":[-2.64416,53.51014]},"properties":{"name":"Power infrastructure","category":"generator","osm_type":"node","osm_id":"6700219062"}},{"type":"Feature","geometry":{"type":"Point","coordinates":[-2.64514,53.50965]},"properties":{"name":"Power infrastructure","category":"generator","osm_type":"node","osm_id":"6700219063"}},{"type":"Feature","geometry":{"type":"Point","coordinates":[-2.64502,53.51029]},"properties":{"name":"Power infrastructure","category":"generator","osm_type":"node","osm_id":"6700219064"}},{"type":"Feature","geometry":{"type":"Point","coordinates":[-2.64462,53.51028]},"properties":{"name":"Power infrastructure","category":"generator","osm_type":"node","osm_id":"6700219065"}},{"type":"Feature","geometry":{"type":"Point","coordinates":[-2.64535,53.51028]},"properties":{"name":"Power infrastructure","category":"generator","osm_type":"node","osm_id":"6700219066"}},{"type":"Feature","geometry":{"type":"Point","coordinates":[-2.64551,53.51027]},"properties":{"name":"Power infrastructure","category":"generator","osm_type":"node","osm_id":"6700219067"}},{"type":"Feature","geometry":{"type":"Point","coordinates":[-2.64572,53.51025]},"properties":{"name":"Power infrastructure","category":"generator","osm_type":"node","osm_id":"6700219068"}},{"type":"Feature","geometry":{"type":"Point","coordinates":[-2.64589,53.50995]},"properties":{"name":"Power infrastructure","category":"generator","osm_type":"node","osm_id":"6700219069"}},{"type":"Feature","geometry":{"type":"Point","coordinates":[-2.64615,53.50996]},"properties":{"name":"Power infrastructure","category":"generator","osm_type":"node","osm_id":"6700219070"}},{"type":"Feature","geometry":{"type":"Point","coordinates":[-2.64625,53.50996]},"properties":{"name":"Power infrastructure","category":"generator","osm_type":"node","osm_id":"6700219071"}},{"type":"Feature","geometry":{"type":"Point","coordinates":[-2.64618,53.51021]},"properties":{"name":"Power infrastructure","category":"generator","osm_type":"node","osm_id":"6700219072"}},{"type":"Feature","geometry":{"type":"Point","coordinates":[-2.64716,53.51044]},"properties":{"name":"Power infrastructure","category":"generator","osm_type":"node","osm_id":"6700219073"}},{"type":"Feature","geometry":{"type":"Point","coordinates":[-2.64744,53.51032]},"properties":{"name":"Power infrastructure","category":"generator","osm_type":"node","osm_id":"6700219074"}},{"type":"Feature","geometry":{"type":"Point","coordinates":[-2.64872,53.50997]},"properties":{"name":"Power infrastructure","category":"generator","osm_type":"node","osm_id":"6700219075"}},{"type":"Feature","geometry":{"type":"Point","coordinates":[-2.64892,53.50992]},"properties":{"name":"Power infrastructure","category":"generator","osm_type":"node","osm_id":"6700219076"}},{"type":"Feature","geometry":{"type":"Point","coordinates":[-2.65229,53.50343]},"properties":{"name":"Power infrastructure","category":"generator","osm_type":"node","osm_id":"6700219077"}},{"type":"Feature","geometry":{"type":"Point","coordinates":[-2.65209,53.50352]},"properties":{"name":"Power infrastructure","category":"generator","osm_type":"node","osm_id":"6700219078"}},{"type":"Feature","geometry":{"type":"Point","coordinates":[-2.6525,53.50083]},"properties":{"name":"Power infrastructure","category":"generator","osm_type":"node","osm_id":"6700219079"}},{"type":"Feature","geometry":{"type":"Point","coordinates":[-2.65279,53.50085]},"properties":{"name":"Power infrastructure","category":"generator","osm_type":"node","osm_id":"6700219080"}},{"type":"Feature","geometry":{"type":"Point","coordinates":[-2.65241,53.50081]},"properties":{"name":"Power infrastructure","category":"generator","osm_type":"node","osm_id":"6700219081"}},{"type":"Feature","geometry":{"type":"Point","coordinates":[-2.65132,53.50072]},"properties":{"name":"Power infrastructure","category":"generator","osm_type":"node","osm_id":"6700219082"}},{"type":"Feature","geometry":{"type":"Point","coordinates":[-2.65134,53.50033]},"properties":{"name":"Power infrastructure","category":"generator","osm_type":"node","osm_id":"6700219083"}},{"type":"Feature","geometry":{"type":"Point","coordinates":[-2.65105,53.50036]},"properties":{"name":"Power infrastructure","category":"generator","osm_type":"node","osm_id":"6700219084"}},{"type":"Feature","geometry":{"type":"Point","coordinates":[-2.65095,53.50037]},"properties":{"name":"Power infrastructure","category":"generator","osm_type":"node","osm_id":"6700219085"}},{"type":"Feature","geometry":{"type":"Point","coordinates":[-2.6523,53.50055]},"properties":{"name":"Power infrastructure","category":"generator","osm_type":"node","osm_id":"6700219086"}},{"type":"Feature","geometry":{"type":"Point","coordinates":[-2.65188,53.50005]},"properties":{"name":"Power infrastructure","category":"generator","osm_type":"node","osm_id":"6700219087"}},{"type":"Feature","geometry":{"type":"Point","coordinates":[-2.65196,53.50004]},"properties":{"name":"Power infrastructure","category":"generator","osm_type":"node","osm_id":"6700219088"}},{"type":"Feature","geometry":{"type":"Point","coordinates":[-2.65225,53.5]},"properties":{"name":"Power infrastructure","category":"generator","osm_type":"node","osm_id":"6700219090"}},{"type":"Feature","geometry":{"type":"Point","coordinates":[-2.65131,53.50003]},"properties":{"name":"Power infrastructure","category":"generator","osm_type":"node","osm_id":"6700219092"}},{"type":"Feature","geometry":{"type":"Point","coordinates":[-2.65119,53.50004]},"properties":{"name":"Power infrastructure","category":"generator","osm_type":"node","osm_id":"6700219093"}},{"type":"Feature","geometry":{"type":"Point","coordinates":[-2.65088,53.50009]},"properties":{"name":"Power infrastructure","category":"generator","osm_type":"node","osm_id":"6700219094"}},{"type":"Feature","geometry":{"type":"Point","coordinates":[-2.55738,53.53443]},"properties":{"name":"Power infrastructure","category":"generator","osm_type":"node","osm_id":"6700356363"}},{"type":"Feature","geometry":{"type":"Point","coordinates":[-2.55827,53.53387]},"properties":{"name":"Power infrastructure","category":"generator","osm_type":"node","osm_id":"6700356364"}},{"type":"Feature","geometry":{"type":"Point","coordinates":[-2.55851,53.53373]},"properties":{"name":"Power infrastructure","category":"generator","osm_type":"node","osm_id":"6700356365"}},{"type":"Feature","geometry":{"type":"Point","coordinates":[-2.55992,53.53389]},"properties":{"name":"Power infrastructure","category":"generator","osm_type":"node","osm_id":"6700356366"}},{"type":"Feature","geometry":{"type":"Point","coordinates":[-2.5602,53.53408]},"properties":{"name":"Power infrastructure","category":"generator","osm_type":"node","osm_id":"6700356367"}},{"type":"Feature","geometry":{"type":"Point","coordinates":[-2.56031,53.53413]},"properties":{"name":"Power infrastructure","category":"generator","osm_type":"node","osm_id":"6700356368"}},{"type":"Feature","geometry":{"type":"Point","coordinates":[-2.5606,53.53422]},"properties":{"name":"Power infrastructure","category":"generator","osm_type":"node","osm_id":"6700356369"}},{"type":"Feature","geometry":{"type":"Point","coordinates":[-2.56088,53.5343]},"properties":{"name":"Power infrastructure","category":"generator","osm_type":"node","osm_id":"6700356370"}},{"type":"Feature","geometry":{"type":"Point","coordinates":[-2.56108,53.53436]},"properties":{"name":"Power infrastructure","category":"generator","osm_type":"node","osm_id":"6700356371"}},{"type":"Feature","geometry":{"type":"Point","coordinates":[-2.56119,53.5344]},"properties":{"name":"Power infrastructure","category":"generator","osm_type":"node","osm_id":"6700356372"}},{"type":"Feature","geometry":{"type":"Point","coordinates":[-2.56139,53.53447]},"properties":{"name":"Power infrastructure","category":"generator","osm_type":"node","osm_id":"6700356374"}},{"type":"Feature","geometry":{"type":"Point","coordinates":[-2.56006,53.53436]},"properties":{"name":"Power infrastructure","category":"generator","osm_type":"node","osm_id":"6700356375"}},{"type":"Feature","geometry":{"type":"Point","coordinates":[-2.55998,53.53433]},"properties":{"name":"Power infrastructure","category":"generator","osm_type":"node","osm_id":"6700356376"}},{"type":"Feature","geometry":{"type":"Point","coordinates":[-2.55979,53.53426]},"properties":{"name":"Power infrastructure","category":"generator","osm_type":"node","osm_id":"6700356377"}},{"type":"Feature","geometry":{"type":"Point","coordinates":[-2.55969,53.53423]},"properties":{"name":"Power infrastructure","category":"generator","osm_type":"node","osm_id":"6700356378"}},{"type":"Feature","geometry":{"type":"Point","coordinates":[-2.5596,53.5342]},"properties":{"name":"Power infrastructure","category":"generator","osm_type":"node","osm_id":"6700356379"}},{"type":"Feature","geometry":{"type":"Point","coordinates":[-2.55939,53.53443]},"properties":{"name":"Power infrastructure","category":"generator","osm_type":"node","osm_id":"6700356380"}},{"type":"Feature","geometry":{"type":"Point","coordinates":[-2.55946,53.53446]},"properties":{"name":"Power infrastructure","category":"generator","osm_type":"node","osm_id":"6700356381"}},{"type":"Feature","geometry":{"type":"Point","coordinates":[-2.55984,53.53459]},"properties":{"name":"Power infrastructure","category":"generator","osm_type":"node","osm_id":"6700356382"}},{"type":"Feature","geometry":{"type":"Point","coordinates":[-2.56049,53.53488]},"properties":{"name":"Power infrastructure","category":"generator","osm_type":"node","osm_id":"6700356383"}},{"type":"Feature","geometry":{"type":"Point","coordinates":[-2.55688,53.53491]},"properties":{"name":"Power infrastructure","category":"generator","osm_type":"node","osm_id":"6700356384"}},{"type":"Feature","geometry":{"type":"Point","coordinates":[-2.55712,53.53498]},"properties":{"name":"Power infrastructure","category":"generator","osm_type":"node","osm_id":"6700410785"}},{"type":"Feature","geometry":{"type":"Point","coordinates":[-2.55759,53.53515]},"properties":{"name":"Power infrastructure","category":"generator","osm_type":"node","osm_id":"6700410786"}},{"type":"Feature","geometry":{"type":"Point","coordinates":[-2.55533,53.53485]},"properties":{"name":"Power infrastructure","category":"generator","osm_type":"node","osm_id":"6700410787"}},{"type":"Feature","geometry":{"type":"Point","coordinates":[-2.55559,53.53493]},"properties":{"name":"Power infrastructure","category":"generator","osm_type":"node","osm_id":"6700410788"}},{"type":"Feature","geometry":{"type":"Point","coordinates":[-2.55546,53.53489]},"properties":{"name":"Power infrastructure","category":"generator","osm_type":"node","osm_id":"6700410789"}},{"type":"Feature","geometry":{"type":"Point","coordinates":[-2.55557,53.53427]},"properties":{"name":"Power infrastructure","category":"generator","osm_type":"node","osm_id":"6700410790"}},{"type":"Feature","geometry":{"type":"Point","coordinates":[-2.5555,53.53424]},"properties":{"name":"Power infrastructure","category":"generator","osm_type":"node","osm_id":"6700410791"}},{"type":"Feature","geometry":{"type":"Point","coordinates":[-2.55578,53.53456]},"properties":{"name":"Power infrastructure","category":"generator","osm_type":"node","osm_id":"6700410792"}},{"type":"Feature","geometry":{"type":"Point","coordinates":[-2.55853,53.53546]},"properties":{"name":"Power infrastructure","category":"generator","osm_type":"node","osm_id":"6700410793"}},{"type":"Feature","geometry":{"type":"Point","coordinates":[-2.55861,53.53548]},"properties":{"name":"Power infrastructure","category":"generator","osm_type":"node","osm_id":"6700410794"}},{"type":"Feature","geometry":{"type":"Point","coordinates":[-2.55903,53.5351]},"properties":{"name":"Power infrastructure","category":"generator","osm_type":"node","osm_id":"6700410795"}},{"type":"Feature","geometry":{"type":"Point","coordinates":[-2.5591,53.53511]},"properties":{"name":"Power infrastructure","category":"generator","osm_type":"node","osm_id":"6700410796"}},{"type":"Feature","geometry":{"type":"Point","coordinates":[-2.55957,53.53449]},"properties":{"name":"Power infrastructure","category":"generator","osm_type":"node","osm_id":"6700410797"}},{"type":"Feature","geometry":{"type":"Point","coordinates":[-2.56055,53.53491]},"properties":{"name":"Power infrastructure","category":"generator","osm_type":"node","osm_id":"6700410798"}},{"type":"Feature","geometry":{"type":"Point","coordinates":[-2.56178,53.53498]},"properties":{"name":"Power infrastructure","category":"generator","osm_type":"node","osm_id":"6700410799"}},{"type":"Feature","geometry":{"type":"Point","coordinates":[-2.56188,53.53502]},"properties":{"name":"Power infrastructure","category":"generator","osm_type":"node","osm_id":"6700410800"}},{"type":"Feature","geometry":{"type":"Point","coordinates":[-2.56226,53.53515]},"properties":{"name":"Power infrastructure","category":"generator","osm_type":"node","osm_id":"6700410801"}},{"type":"Feature","geometry":{"type":"Point","coordinates":[-2.56202,53.53537]},"properties":{"name":"Power infrastructure","category":"generator","osm_type":"node","osm_id":"6700410802"}},{"type":"Feature","geometry":{"type":"Point","coordinates":[-2.56195,53.53535]},"properties":{"name":"Power infrastructure","category":"generator","osm_type":"node","osm_id":"6700410803"}},{"type":"Feature","geometry":{"type":"Point","coordinates":[-2.56176,53.53529]},"properties":{"name":"Power infrastructure","category":"generator","osm_type":"node","osm_id":"6700410804"}},{"type":"Feature","geometry":{"type":"Point","coordinates":[-2.56167,53.53526]},"properties":{"name":"Power infrastructure","category":"generator","osm_type":"node","osm_id":"6700410805"}},{"type":"Feature","geometry":{"type":"Point","coordinates":[-2.56155,53.53521]},"properties":{"name":"Power infrastructure","category":"generator","osm_type":"node","osm_id":"6700410806"}},{"type":"Feature","geometry":{"type":"Point","coordinates":[-2.56131,53.53571]},"properties":{"name":"Power infrastructure","category":"generator","osm_type":"node","osm_id":"6700410807"}},{"type":"Feature","geometry":{"type":"Point","coordinates":[-2.56123,53.53569]},"properties":{"name":"Power infrastructure","category":"generator","osm_type":"node","osm_id":"6700410808"}},{"type":"Feature","geometry":{"type":"Point","coordinates":[-2.56116,53.53567]},"properties":{"name":"Power infrastructure","category":"generator","osm_type":"node","osm_id":"6700410809"}},{"type":"Feature","geometry":{"type":"Point","coordinates":[-2.56112,53.53565]},"properties":{"name":"Power infrastructure","category":"generator","osm_type":"node","osm_id":"6700410810"}},{"type":"Feature","geometry":{"type":"Point","coordinates":[-2.5608,53.53548]},"properties":{"name":"Power infrastructure","category":"generator","osm_type":"node","osm_id":"6700410811"}},{"type":"Feature","geometry":{"type":"Point","coordinates":[-2.56274,53.53659]},"properties":{"name":"Power infrastructure","category":"generator","osm_type":"node","osm_id":"6700410812"}},{"type":"Feature","geometry":{"type":"Point","coordinates":[-2.56266,53.53657]},"properties":{"name":"Power infrastructure","category":"generator","osm_type":"node","osm_id":"6700410813"}},{"type":"Feature","geometry":{"type":"Point","coordinates":[-2.56254,53.53653]},"properties":{"name":"Power infrastructure","category":"generator","osm_type":"node","osm_id":"6700410814"}},{"type":"Feature","geometry":{"type":"Point","coordinates":[-2.56244,53.53649]},"properties":{"name":"Power infrastructure","category":"generator","osm_type":"node","osm_id":"6700410815"}},{"type":"Feature","geometry":{"type":"Point","coordinates":[-2.5635,53.53655]},"properties":{"name":"Power infrastructure","category":"generator","osm_type":"node","osm_id":"6700410816"}},{"type":"Feature","geometry":{"type":"Point","coordinates":[-2.56344,53.53652]},"properties":{"name":"Power infrastructure","category":"generator","osm_type":"node","osm_id":"6700410817"}},{"type":"Feature","geometry":{"type":"Point","coordinates":[-2.56332,53.53649]},"properties":{"name":"Power infrastructure","category":"generator","osm_type":"node","osm_id":"6700410818"}},{"type":"Feature","geometry":{"type":"Point","coordinates":[-2.56334,53.53679]},"properties":{"name":"Power infrastructure","category":"generator","osm_type":"node","osm_id":"6700410819"}},{"type":"Feature","geometry":{"type":"Point","coordinates":[-2.56325,53.53677]},"properties":{"name":"Power infrastructure","category":"generator","osm_type":"node","osm_id":"6700410820"}},{"type":"Feature","geometry":{"type":"Point","coordinates":[-2.56294,53.53693]},"properties":{"name":"Power infrastructure","category":"generator","osm_type":"node","osm_id":"6700410821"}},{"type":"Feature","geometry":{"type":"Point","coordinates":[-2.56287,53.53692]},"properties":{"name":"Power infrastructure","category":"generator","osm_type":"node","osm_id":"6700410822"}},{"type":"Feature","geometry":{"type":"Point","coordinates":[-2.56275,53.53688]},"properties":{"name":"Power infrastructure","category":"generator","osm_type":"node","osm_id":"6700410823"}},{"type":"Feature","geometry":{"type":"Point","coordinates":[-2.56267,53.53683]},"properties":{"name":"Power infrastructure","category":"generator","osm_type":"node","osm_id":"6700410824"}},{"type":"Feature","geometry":{"type":"Point","coordinates":[-2.56255,53.53681]},"properties":{"name":"Power infrastructure","category":"generator","osm_type":"node","osm_id":"6700410825"}},{"type":"Feature","geometry":{"type":"Point","coordinates":[-2.56245,53.53677]},"properties":{"name":"Power infrastructure","category":"generator","osm_type":"node","osm_id":"6700410826"}},{"type":"Feature","geometry":{"type":"Point","coordinates":[-2.56233,53.53673]},"properties":{"name":"Power infrastructure","category":"generator","osm_type":"node","osm_id":"6700410827"}},{"type":"Feature","geometry":{"type":"Point","coordinates":[-2.56225,53.5367]},"properties":{"name":"Power infrastructure","category":"generator","osm_type":"node","osm_id":"6700410828"}},{"type":"Feature","geometry":{"type":"Point","coordinates":[-2.56162,53.53692]},"properties":{"name":"Power infrastructure","category":"generator","osm_type":"node","osm_id":"6700410829"}},{"type":"Feature","geometry":{"type":"Point","coordinates":[-2.56173,53.53696]},"properties":{"name":"Power infrastructure","category":"generator","osm_type":"node","osm_id":"6700410830"}},{"type":"Feature","geometry":{"type":"Point","coordinates":[-2.56182,53.53698]},"properties":{"name":"Power infrastructure","category":"generator","osm_type":"node","osm_id":"6700410831"}},{"type":"Feature","geometry":{"type":"Point","coordinates":[-2.56198,53.53703]},"properties":{"name":"Power infrastructure","category":"generator","osm_type":"node","osm_id":"6700410832"}},{"type":"Feature","geometry":{"type":"Point","coordinates":[-2.56208,53.53705]},"properties":{"name":"Power infrastructure","category":"generator","osm_type":"node","osm_id":"6700410833"}},{"type":"Feature","geometry":{"type":"Point","coordinates":[-2.56221,53.53709]},"properties":{"name":"Power infrastructure","category":"generator","osm_type":"node","osm_id":"6700410834"}},{"type":"Feature","geometry":{"type":"Point","coordinates":[-2.5625,53.53714]},"properties":{"name":"Power infrastructure","category":"generator","osm_type":"node","osm_id":"6700410835"}},{"type":"Feature","geometry":{"type":"Point","coordinates":[-2.5627,53.53721]},"properties":{"name":"Power infrastructure","category":"generator","osm_type":"node","osm_id":"6700410836"}},{"type":"Feature","geometry":{"type":"Point","coordinates":[-2.56124,53.53648]},"properties":{"name":"Power infrastructure","category":"generator","osm_type":"node","osm_id":"6700410837"}},{"type":"Feature","geometry":{"type":"Point","coordinates":[-2.56136,53.53651]},"properties":{"name":"Power infrastructure","category":"generator","osm_type":"node","osm_id":"6700410838"}},{"type":"Feature","geometry":{"type":"Point","coordinates":[-2.56146,53.53654]},"properties":{"name":"Power infrastructure","category":"generator","osm_type":"node","osm_id":"6700410839"}},{"type":"Feature","geometry":{"type":"Point","coordinates":[-2.56155,53.53657]},"properties":{"name":"Power infrastructure","category":"generator","osm_type":"node","osm_id":"6700410840"}},{"type":"Feature","geometry":{"type":"Point","coordinates":[-2.55957,53.5358]},"properties":{"name":"Power infrastructure","category":"generator","osm_type":"node","osm_id":"6700410841"}},{"type":"Feature","geometry":{"type":"Point","coordinates":[-2.55937,53.53573]},"properties":{"name":"Power infrastructure","category":"generator","osm_type":"node","osm_id":"6700410842"}},{"type":"Feature","geometry":{"type":"Point","coordinates":[-2.56028,53.53537]},"properties":{"name":"Power infrastructure","category":"generator","osm_type":"node","osm_id":"6700410843"}},{"type":"Feature","geometry":{"type":"Point","coordinates":[-2.55943,53.53523]},"properties":{"name":"Power infrastructure","category":"generator","osm_type":"node","osm_id":"6700410844"}},{"type":"Feature","geometry":{"type":"Point","coordinates":[-2.55858,53.53578]},"properties":{"name":"Power infrastructure","category":"generator","osm_type":"node","osm_id":"6700410845"}},{"type":"Feature","geometry":{"type":"Point","coordinates":[-2.55812,53.53596]},"properties":{"name":"Power infrastructure","category":"generator","osm_type":"node","osm_id":"6700410846"}},{"type":"Feature","geometry":{"type":"Point","coordinates":[-2.55748,53.53652]},"properties":{"name":"Power infrastructure","category":"generator","osm_type":"node","osm_id":"6700410847"}},{"type":"Feature","geometry":{"type":"Point","coordinates":[-2.5587,53.53649]},"properties":{"name":"Power infrastructure","category":"generator","osm_type":"node","osm_id":"6700410848"}},{"type":"Feature","geometry":{"type":"Point","coordinates":[-2.55879,53.53652]},"properties":{"name":"Power infrastructure","category":"generator","osm_type":"node","osm_id":"6700410849"}},{"type":"Feature","geometry":{"type":"Point","coordinates":[-2.55894,53.53653]},"properties":{"name":"Power infrastructure","category":"generator","osm_type":"node","osm_id":"6700410850"}},{"type":"Feature","geometry":{"type":"Point","coordinates":[-2.55919,53.53657]},"properties":{"name":"Power infrastructure","category":"generator","osm_type":"node","osm_id":"6700410851"}},{"type":"Feature","geometry":{"type":"Point","coordinates":[-2.55944,53.5366]},"properties":{"name":"Power infrastructure","category":"generator","osm_type":"node","osm_id":"6700410852"}},{"type":"Feature","geometry":{"type":"Point","coordinates":[-2.55953,53.53662]},"properties":{"name":"Power infrastructure","category":"generator","osm_type":"node","osm_id":"6700410853"}},{"type":"Feature","geometry":{"type":"Point","coordinates":[-2.55926,53.53614]},"properties":{"name":"Power infrastructure","category":"generator","osm_type":"node","osm_id":"6700410854"}},{"type":"Feature","geometry":{"type":"Point","coordinates":[-2.55918,53.53612]},"properties":{"name":"Power infrastructure","category":"generator","osm_type":"node","osm_id":"6700410855"}},{"type":"Feature","geometry":{"type":"Point","coordinates":[-2.55903,53.53609]},"properties":{"name":"Power infrastructure","category":"generator","osm_type":"node","osm_id":"6700410856"}},{"type":"Feature","geometry":{"type":"Point","coordinates":[-2.55768,53.53658]},"properties":{"name":"Power infrastructure","category":"generator","osm_type":"node","osm_id":"6700410857"}},{"type":"Feature","geometry":{"type":"Point","coordinates":[-2.56371,53.53664]},"properties":{"name":"Power infrastructure","category":"generator","osm_type":"node","osm_id":"6700410858"}},{"type":"Feature","geometry":{"type":"Point","coordinates":[-2.56363,53.5366]},"properties":{"name":"Power infrastructure","category":"generator","osm_type":"node","osm_id":"6700410859"}},{"type":"Feature","geometry":{"type":"Point","coordinates":[-2.56352,53.53563]},"properties":{"name":"Power infrastructure","category":"generator","osm_type":"node","osm_id":"6700410860"}},{"type":"Feature","geometry":{"type":"Point","coordinates":[-2.56339,53.5356]},"properties":{"name":"Power infrastructure","category":"generator","osm_type":"node","osm_id":"6700410861"}},{"type":"Feature","geometry":{"type":"Point","coordinates":[-2.5633,53.53557]},"properties":{"name":"Power infrastructure","category":"generator","osm_type":"node","osm_id":"6700410862"}},{"type":"Feature","geometry":{"type":"Point","coordinates":[-2.56316,53.53554]},"properties":{"name":"Power infrastructure","category":"generator","osm_type":"node","osm_id":"6700410863"}},{"type":"Feature","geometry":{"type":"Point","coordinates":[-2.5635,53.53324]},"properties":{"name":"Power infrastructure","category":"generator","osm_type":"node","osm_id":"6700410864"}},{"type":"Feature","geometry":{"type":"Point","coordinates":[-2.56338,53.53321]},"properties":{"name":"Power infrastructure","category":"generator","osm_type":"node","osm_id":"6700410865"}},{"type":"Feature","geometry":{"type":"Point","coordinates":[-2.56299,53.53306]},"properties":{"name":"Power infrastructure","category":"generator","osm_type":"node","osm_id":"6700410866"}},{"type":"Feature","geometry":{"type":"Point","coordinates":[-2.56274,53.53301]},"properties":{"name":"Power infrastructure","category":"generator","osm_type":"node","osm_id":"6700410868"}},{"type":"Feature","geometry":{"type":"Point","coordinates":[-2.56262,53.53299]},"properties":{"name":"Power infrastructure","category":"generator","osm_type":"node","osm_id":"6700410869"}},{"type":"Feature","geometry":{"type":"Point","coordinates":[-2.56246,53.53295]},"properties":{"name":"Power infrastructure","category":"generator","osm_type":"node","osm_id":"6700410870"}},{"type":"Feature","geometry":{"type":"Point","coordinates":[-2.56287,53.53305]},"properties":{"name":"Power infrastructure","category":"generator","osm_type":"node","osm_id":"6700410871"}},{"type":"Feature","geometry":{"type":"Point","coordinates":[-2.56313,53.53314]},"properties":{"name":"Power infrastructure","category":"generator","osm_type":"node","osm_id":"6700410872"}},{"type":"Feature","geometry":{"type":"Point","coordinates":[-2.56235,53.53291]},"properties":{"name":"Power infrastructure","category":"generator","osm_type":"node","osm_id":"6700410873"}},{"type":"Feature","geometry":{"type":"Point","coordinates":[-2.56221,53.53288]},"properties":{"name":"Power infrastructure","category":"generator","osm_type":"node","osm_id":"6700410874"}},{"type":"Feature","geometry":{"type":"Point","coordinates":[-2.56211,53.53284]},"properties":{"name":"Power infrastructure","category":"generator","osm_type":"node","osm_id":"6700410875"}},{"type":"Feature","geometry":{"type":"Point","coordinates":[-2.56195,53.53283]},"properties":{"name":"Power infrastructure","category":"generator","osm_type":"node","osm_id":"6700410876"}},{"type":"Feature","geometry":{"type":"Point","coordinates":[-2.56171,53.53275]},"properties":{"name":"Power infrastructure","category":"generator","osm_type":"node","osm_id":"6700410877"}},{"type":"Feature","geometry":{"type":"Point","coordinates":[-2.5616,53.53273]},"properties":{"name":"Power infrastructure","category":"generator","osm_type":"node","osm_id":"6700410878"}},{"type":"Feature","geometry":{"type":"Point","coordinates":[-2.56185,53.53279]},"properties":{"name":"Power infrastructure","category":"generator","osm_type":"node","osm_id":"6700410879"}},{"type":"Feature","geometry":{"type":"Point","coordinates":[-2.5621,53.53256]},"properties":{"name":"Power infrastructure","category":"generator","osm_type":"node","osm_id":"6700410880"}},{"type":"Feature","geometry":{"type":"Point","coordinates":[-2.56162,53.53244]},"properties":{"name":"Power infrastructure","category":"generator","osm_type":"node","osm_id":"6700410881"}},{"type":"Feature","geometry":{"type":"Point","coordinates":[-2.56114,53.53258]},"properties":{"name":"Power infrastructure","category":"generator","osm_type":"node","osm_id":"6700410882"}},{"type":"Feature","geometry":{"type":"Point","coordinates":[-2.55971,53.53286]},"properties":{"name":"Power infrastructure","category":"generator","osm_type":"node","osm_id":"6700410883"}},{"type":"Feature","geometry":{"type":"Point","coordinates":[-2.55949,53.53281]},"properties":{"name":"Power infrastructure","category":"generator","osm_type":"node","osm_id":"6700410884"}},{"type":"Feature","geometry":{"type":"Point","coordinates":[-2.56037,53.53233]},"properties":{"name":"Power infrastructure","category":"generator","osm_type":"node","osm_id":"6700410885"}},{"type":"Feature","geometry":{"type":"Point","coordinates":[-2.56027,53.5323]},"properties":{"name":"Power infrastructure","category":"generator","osm_type":"node","osm_id":"6700410886"}},{"type":"Feature","geometry":{"type":"Point","coordinates":[-2.55934,53.53276]},"properties":{"name":"Power infrastructure","category":"generator","osm_type":"node","osm_id":"6700410887"}},{"type":"Feature","geometry":{"type":"Point","coordinates":[-2.55339,53.53266]},"properties":{"name":"Power infrastructure","category":"generator","osm_type":"node","osm_id":"6700496603"}},{"type":"Feature","geometry":{"type":"Point","coordinates":[-2.55331,53.53257]},"properties":{"name":"Power infrastructure","category":"generator","osm_type":"node","osm_id":"6700496604"}},{"type":"Feature","geometry":{"type":"Point","coordinates":[-2.55182,53.53048]},"properties":{"name":"Power infrastructure","category":"generator","osm_type":"node","osm_id":"6700496605"}},{"type":"Feature","geometry":{"type":"Point","coordinates":[-2.55151,53.5304]},"properties":{"name":"Power infrastructure","category":"generator","osm_type":"node","osm_id":"6700496606"}},{"type":"Feature","geometry":{"type":"Point","coordinates":[-2.54994,53.52979]},"properties":{"name":"Power infrastructure","category":"generator","osm_type":"node","osm_id":"6700496607"}},{"type":"Feature","geometry":{"type":"Point","coordinates":[-2.54952,53.53013]},"properties":{"name":"Power infrastructure","category":"generator","osm_type":"node","osm_id":"6700496608"}},{"type":"Feature","geometry":{"type":"Point","coordinates":[-2.55307,53.53073]},"properties":{"name":"Power infrastructure","category":"generator","osm_type":"node","osm_id":"6700496609"}},{"type":"Feature","geometry":{"type":"Point","coordinates":[-2.54813,53.52854]},"properties":{"name":"Power infrastructure","category":"generator","osm_type":"node","osm_id":"6700496610"}},{"type":"Feature","geometry":{"type":"Point","coordinates":[-2.54789,53.52855]},"properties":{"name":"Power infrastructure","category":"generator","osm_type":"node","osm_id":"6700496611"}},{"type":"Feature","geometry":{"type":"Point","coordinates":[-2.54773,53.52855]},"properties":{"name":"Power infrastructure","category":"generator","osm_type":"node","osm_id":"6700496612"}},{"type":"Feature","geometry":{"type":"Point","coordinates":[-2.54827,53.52851]},"properties":{"name":"Power infrastructure","category":"generator","osm_type":"node","osm_id":"6700496613"}},{"type":"Feature","geometry":{"type":"Point","coordinates":[-2.54804,53.52796]},"properties":{"name":"Power infrastructure","category":"generator","osm_type":"node","osm_id":"6700496614"}},{"type":"Feature","geometry":{"type":"Point","coordinates":[-2.54803,53.52803]},"properties":{"name":"Power infrastructure","category":"generator","osm_type":"node","osm_id":"6700496615"}},{"type":"Feature","geometry":{"type":"Point","coordinates":[-2.54808,53.52818]},"properties":{"name":"Power infrastructure","category":"generator","osm_type":"node","osm_id":"6700496616"}},{"type":"Feature","geometry":{"type":"Point","coordinates":[-2.5481,53.52831]},"properties":{"name":"Power infrastructure","category":"generator","osm_type":"node","osm_id":"6700496617"}},{"type":"Feature","geometry":{"type":"Point","coordinates":[-2.5476,53.52752]},"properties":{"name":"Power infrastructure","category":"generator","osm_type":"node","osm_id":"6700496618"}},{"type":"Feature","geometry":{"type":"Point","coordinates":[-2.54845,53.53221]},"properties":{"name":"Power infrastructure","category":"generator","osm_type":"node","osm_id":"6700496619"}},{"type":"Feature","geometry":{"type":"Point","coordinates":[-2.56022,53.53143]},"properties":{"name":"Power infrastructure","category":"generator","osm_type":"node","osm_id":"6700496620"}},{"type":"Feature","geometry":{"type":"Point","coordinates":[-2.5603,53.53145]},"properties":{"name":"Power infrastructure","category":"generator","osm_type":"node","osm_id":"6700496621"}},{"type":"Feature","geometry":{"type":"Point","coordinates":[-2.56038,53.53147]},"properties":{"name":"Power infrastructure","category":"generator","osm_type":"node","osm_id":"6700496622"}},{"type":"Feature","geometry":{"type":"Point","coordinates":[-2.56046,53.53151]},"properties":{"name":"Power infrastructure","category":"generator","osm_type":"node","osm_id":"6700496623"}},{"type":"Feature","geometry":{"type":"Point","coordinates":[-2.56058,53.53153]},"properties":{"name":"Power infrastructure","category":"generator","osm_type":"node","osm_id":"6700496624"}},{"type":"Feature","geometry":{"type":"Point","coordinates":[-2.56065,53.53156]},"properties":{"name":"Power infrastructure","category":"generator","osm_type":"node","osm_id":"6700496625"}},{"type":"Feature","geometry":{"type":"Point","coordinates":[-2.56074,53.53158]},"properties":{"name":"Power infrastructure","category":"generator","osm_type":"node","osm_id":"6700496626"}},{"type":"Feature","geometry":{"type":"Point","coordinates":[-2.56092,53.53164]},"properties":{"name":"Power infrastructure","category":"generator","osm_type":"node","osm_id":"6700496627"}},{"type":"Feature","geometry":{"type":"Point","coordinates":[-2.56099,53.53166]},"properties":{"name":"Power infrastructure","category":"generator","osm_type":"node","osm_id":"6700496628"}},{"type":"Feature","geometry":{"type":"Point","coordinates":[-2.56109,53.53169]},"properties":{"name":"Power infrastructure","category":"generator","osm_type":"node","osm_id":"6700496629"}},{"type":"Feature","geometry":{"type":"Point","coordinates":[-2.56115,53.53171]},"properties":{"name":"Power infrastructure","category":"generator","osm_type":"node","osm_id":"6700496630"}},{"type":"Feature","geometry":{"type":"Point","coordinates":[-2.56065,53.53203]},"properties":{"name":"Power infrastructure","category":"generator","osm_type":"node","osm_id":"6700496631"}},{"type":"Feature","geometry":{"type":"Point","coordinates":[-2.56071,53.53205]},"properties":{"name":"Power infrastructure","category":"generator","osm_type":"node","osm_id":"6700496632"}},{"type":"Feature","geometry":{"type":"Point","coordinates":[-2.59439,53.54489]},"properties":{"name":"Power infrastructure","category":"generator","osm_type":"node","osm_id":"6700496633"}},{"type":"Feature","geometry":{"type":"Point","coordinates":[-2.59448,53.54493]},"properties":{"name":"Power infrastructure","category":"generator","osm_type":"node","osm_id":"6700496634"}},{"type":"Feature","geometry":{"type":"Point","coordinates":[-2.59499,53.54485]},"properties":{"name":"Power infrastructure","category":"generator","osm_type":"node","osm_id":"6700496635"}},{"type":"Feature","geometry":{"type":"Point","coordinates":[-2.59487,53.54477]},"properties":{"name":"Power infrastructure","category":"generator","osm_type":"node","osm_id":"6700496636"}},{"type":"Feature","geometry":{"type":"Point","coordinates":[-2.59462,53.5447]},"properties":{"name":"Power infrastructure","category":"generator","osm_type":"node","osm_id":"6700496637"}},{"type":"Feature","geometry":{"type":"Point","coordinates":[-2.59454,53.54466]},"properties":{"name":"Power infrastructure","category":"generator","osm_type":"node","osm_id":"6700496638"}},{"type":"Feature","geometry":{"type":"Point","coordinates":[-2.59419,53.54512]},"properties":{"name":"Power infrastructure","category":"generator","osm_type":"node","osm_id":"6700496639"}},{"type":"Feature","geometry":{"type":"Point","coordinates":[-2.59428,53.54516]},"properties":{"name":"Power infrastructure","category":"generator","osm_type":"node","osm_id":"6700496640"}},{"type":"Feature","geometry":{"type":"Point","coordinates":[-2.59409,53.54396]},"properties":{"name":"Power infrastructure","category":"generator","osm_type":"node","osm_id":"6700496641"}},{"type":"Feature","geometry":{"type":"Point","coordinates":[-2.59416,53.54398]},"properties":{"name":"Power infrastructure","category":"generator","osm_type":"node","osm_id":"6700496642"}},{"type":"Feature","geometry":{"type":"Point","coordinates":[-2.5943,53.54401]},"properties":{"name":"Power infrastructure","category":"generator","osm_type":"node","osm_id":"6700496643"}},{"type":"Feature","geometry":{"type":"Point","coordinates":[-2.59441,53.54404]},"properties":{"name":"Power infrastructure","category":"generator","osm_type":"node","osm_id":"6700496644"}},{"type":"Feature","geometry":{"type":"Point","coordinates":[-2.59457,53.54408]},"properties":{"name":"Power infrastructure","category":"generator","osm_type":"node","osm_id":"6700496645"}},{"type":"Feature","geometry":{"type":"Point","coordinates":[-2.59465,53.54409]},"properties":{"name":"Power infrastructure","category":"generator","osm_type":"node","osm_id":"6700496646"}},{"type":"Feature","geometry":{"type":"Point","coordinates":[-2.59481,53.54413]},"properties":{"name":"Power infrastructure","category":"generator","osm_type":"node","osm_id":"6700496647"}},{"type":"Feature","geometry":{"type":"Point","coordinates":[-2.59489,53.54416]},"properties":{"name":"Power infrastructure","category":"generator","osm_type":"node","osm_id":"6700496648"}},{"type":"Feature","geometry":{"type":"Point","coordinates":[-2.59505,53.5442]},"properties":{"name":"Power infrastructure","category":"generator","osm_type":"node","osm_id":"6700496649"}},{"type":"Feature","geometry":{"type":"Point","coordinates":[-2.59505,53.54393]},"properties":{"name":"Power infrastructure","category":"generator","osm_type":"node","osm_id":"6700496650"}},{"type":"Feature","geometry":{"type":"Point","coordinates":[-2.59445,53.54378]},"properties":{"name":"Power infrastructure","category":"generator","osm_type":"node","osm_id":"6700496651"}},{"type":"Feature","geometry":{"type":"Point","coordinates":[-2.59429,53.54373]},"properties":{"name":"Power infrastructure","category":"generator","osm_type":"node","osm_id":"6700496652"}},{"type":"Feature","geometry":{"type":"Point","coordinates":[-2.59526,53.54269]},"properties":{"name":"Power infrastructure","category":"generator","osm_type":"node","osm_id":"6700496653"}},{"type":"Feature","geometry":{"type":"Point","coordinates":[-2.59601,53.5429]},"properties":{"name":"Power infrastructure","category":"generator","osm_type":"node","osm_id":"6700496654"}},{"type":"Feature","geometry":{"type":"Point","coordinates":[-2.5956,53.54247]},"properties":{"name":"Power infrastructure","category":"generator","osm_type":"node","osm_id":"6700496655"}},{"type":"Feature","geometry":{"type":"Point","coordinates":[-2.59547,53.54243]},"properties":{"name":"Power infrastructure","category":"generator","osm_type":"node","osm_id":"6700496656"}},{"type":"Feature","geometry":{"type":"Point","coordinates":[-2.59558,53.54198]},"properties":{"name":"Power infrastructure","category":"generator","osm_type":"node","osm_id":"6700496657"}},{"type":"Feature","geometry":{"type":"Point","coordinates":[-2.59581,53.54213]},"properties":{"name":"Power infrastructure","category":"generator","osm_type":"node","osm_id":"6700496658"}},{"type":"Feature","geometry":{"type":"Point","coordinates":[-2.59592,53.54218]},"properties":{"name":"Power infrastructure","category":"generator","osm_type":"node","osm_id":"6700496659"}},{"type":"Feature","geometry":{"type":"Point","coordinates":[-2.59569,53.54203]},"properties":{"name":"Power infrastructure","category":"generator","osm_type":"node","osm_id":"6700496660"}},{"type":"Feature","geometry":{"type":"Point","coordinates":[-2.5961,53.54232]},"properties":{"name":"Power infrastructure","category":"generator","osm_type":"node","osm_id":"6700496661"}},{"type":"Feature","geometry":{"type":"Point","coordinates":[-2.596,53.54227]},"properties":{"name":"Power infrastructure","category":"generator","osm_type":"node","osm_id":"6700496662"}},{"type":"Feature","geometry":{"type":"Point","coordinates":[-2.59604,53.54173]},"properties":{"name":"Power infrastructure","category":"generator","osm_type":"node","osm_id":"6700496663"}},{"type":"Feature","geometry":{"type":"Point","coordinates":[-2.5964,53.54205]},"properties":{"name":"Power infrastructure","category":"generator","osm_type":"node","osm_id":"6700496664"}},{"type":"Feature","geometry":{"type":"Point","coordinates":[-2.59709,53.54258]},"properties":{"name":"Power infrastructure","category":"generator","osm_type":"node","osm_id":"6700496665"}},{"type":"Feature","geometry":{"type":"Point","coordinates":[-2.59778,53.54388]},"properties":{"name":"Power infrastructure","category":"generator","osm_type":"node","osm_id":"6700496666"}},{"type":"Feature","geometry":{"type":"Point","coordinates":[-2.59767,53.54385]},"properties":{"name":"Power infrastructure","category":"generator","osm_type":"node","osm_id":"6700496667"}},{"type":"Feature","geometry":{"type":"Point","coordinates":[-2.59756,53.5438]},"properties":{"name":"Power infrastructure","category":"generator","osm_type":"node","osm_id":"6700496668"}},{"type":"Feature","geometry":{"type":"Point","coordinates":[-2.59748,53.54378]},"properties":{"name":"Power infrastructure","category":"generator","osm_type":"node","osm_id":"6700496669"}},{"type":"Feature","geometry":{"type":"Point","coordinates":[-2.59785,53.544]},"properties":{"name":"Power infrastructure","category":"generator","osm_type":"node","osm_id":"6700496670"}},{"type":"Feature","geometry":{"type":"Point","coordinates":[-2.59793,53.54401]},"properties":{"name":"Power infrastructure","category":"generator","osm_type":"node","osm_id":"6700496671"}},{"type":"Feature","geometry":{"type":"Point","coordinates":[-2.5981,53.54399]},"properties":{"name":"Power infrastructure","category":"generator","osm_type":"node","osm_id":"6700496672"}},{"type":"Feature","geometry":{"type":"Point","coordinates":[-2.5984,53.54419]},"properties":{"name":"Power infrastructure","category":"generator","osm_type":"node","osm_id":"6700496673"}},{"type":"Feature","geometry":{"type":"Point","coordinates":[-2.59831,53.54422]},"properties":{"name":"Power infrastructure","category":"generator","osm_type":"node","osm_id":"6700496674"}},{"type":"Feature","geometry":{"type":"Point","coordinates":[-2.59819,53.54425]},"properties":{"name":"Power infrastructure","category":"generator","osm_type":"node","osm_id":"6700496675"}},{"type":"Feature","geometry":{"type":"Point","coordinates":[-2.59806,53.54427]},"properties":{"name":"Power infrastructure","category":"generator","osm_type":"node","osm_id":"6700496676"}},{"type":"Feature","geometry":{"type":"Point","coordinates":[-2.5979,53.54427]},"properties":{"name":"Power infrastructure","category":"generator","osm_type":"node","osm_id":"6700496677"}},{"type":"Feature","geometry":{"type":"Point","coordinates":[-2.59767,53.54428]},"properties":{"name":"Power infrastructure","category":"generator","osm_type":"node","osm_id":"6700496678"}},{"type":"Feature","geometry":{"type":"Point","coordinates":[-2.59743,53.5443]},"properties":{"name":"Power infrastructure","category":"generator","osm_type":"node","osm_id":"6700496679"}},{"type":"Feature","geometry":{"type":"Point","coordinates":[-2.59734,53.54427]},"properties":{"name":"Power infrastructure","category":"generator","osm_type":"node","osm_id":"6700496680"}},{"type":"Feature","geometry":{"type":"Point","coordinates":[-2.59721,53.54426]},"properties":{"name":"Power infrastructure","category":"generator","osm_type":"node","osm_id":"6700496681"}},{"type":"Feature","geometry":{"type":"Point","coordinates":[-2.5971,53.54423]},"properties":{"name":"Power infrastructure","category":"generator","osm_type":"node","osm_id":"6700496682"}},{"type":"Feature","geometry":{"type":"Point","coordinates":[-2.59712,53.54448]},"properties":{"name":"Power infrastructure","category":"generator","osm_type":"node","osm_id":"6700496683"}},{"type":"Feature","geometry":{"type":"Point","coordinates":[-2.59757,53.54452]},"properties":{"name":"Power infrastructure","category":"generator","osm_type":"node","osm_id":"6700496684"}},{"type":"Feature","geometry":{"type":"Point","coordinates":[-2.59769,53.54451]},"properties":{"name":"Power infrastructure","category":"generator","osm_type":"node","osm_id":"6700518985"}},{"type":"Feature","geometry":{"type":"Point","coordinates":[-2.59782,53.54451]},"properties":{"name":"Power infrastructure","category":"generator","osm_type":"node","osm_id":"6700518986"}},{"type":"Feature","geometry":{"type":"Point","coordinates":[-2.59794,53.5445]},"properties":{"name":"Power infrastructure","category":"generator","osm_type":"node","osm_id":"6700518987"}},{"type":"Feature","geometry":{"type":"Point","coordinates":[-2.59816,53.54449]},"properties":{"name":"Power infrastructure","category":"generator","osm_type":"node","osm_id":"6700518988"}},{"type":"Feature","geometry":{"type":"Point","coordinates":[-2.59829,53.54449]},"properties":{"name":"Power infrastructure","category":"generator","osm_type":"node","osm_id":"6700518989"}},{"type":"Feature","geometry":{"type":"Point","coordinates":[-2.59838,53.54447]},"properties":{"name":"Power infrastructure","category":"generator","osm_type":"node","osm_id":"6700518990"}},{"type":"Feature","geometry":{"type":"Point","coordinates":[-2.5985,53.54445]},"properties":{"name":"Power infrastructure","category":"generator","osm_type":"node","osm_id":"6700518991"}},{"type":"Feature","geometry":{"type":"Point","coordinates":[-2.5979,53.54475]},"properties":{"name":"Power infrastructure","category":"generator","osm_type":"node","osm_id":"6700518992"}},{"type":"Feature","geometry":{"type":"Point","coordinates":[-2.59728,53.54494]},"properties":{"name":"Power infrastructure","category":"generator","osm_type":"node","osm_id":"6700518993"}},{"type":"Feature","geometry":{"type":"Point","coordinates":[-2.59737,53.54493]},"properties":{"name":"Power infrastructure","category":"generator","osm_type":"node","osm_id":"6700518994"}},{"type":"Feature","geometry":{"type":"Point","coordinates":[-2.59671,53.54465]},"properties":{"name":"Power infrastructure","category":"generator","osm_type":"node","osm_id":"6700518995"}},{"type":"Feature","geometry":{"type":"Point","coordinates":[-2.59576,53.54439]},"properties":{"name":"Power infrastructure","category":"generator","osm_type":"node","osm_id":"6700518996"}},{"type":"Feature","geometry":{"type":"Point","coordinates":[-2.59585,53.54442]},"properties":{"name":"Power infrastructure","category":"generator","osm_type":"node","osm_id":"6700518997"}},{"type":"Feature","geometry":{"type":"Point","coordinates":[-2.59563,53.54436]},"properties":{"name":"Power infrastructure","category":"generator","osm_type":"node","osm_id":"6700518998"}},{"type":"Feature","geometry":{"type":"Point","coordinates":[-2.59538,53.54429]},"properties":{"name":"Power infrastructure","category":"generator","osm_type":"node","osm_id":"6700518999"}},{"type":"Feature","geometry":{"type":"Point","coordinates":[-2.59529,53.54427]},"properties":{"name":"Power infrastructure","category":"generator","osm_type":"node","osm_id":"6700519000"}},{"type":"Feature","geometry":{"type":"Point","coordinates":[-2.59641,53.54518]},"properties":{"name":"Power infrastructure","category":"generator","osm_type":"node","osm_id":"6700519001"}},{"type":"Feature","geometry":{"type":"Point","coordinates":[-2.5965,53.5452]},"properties":{"name":"Power infrastructure","category":"generator","osm_type":"node","osm_id":"6700519002"}},{"type":"Feature","geometry":{"type":"Point","coordinates":[-2.59664,53.54525]},"properties":{"name":"Power infrastructure","category":"generator","osm_type":"node","osm_id":"6700519003"}},{"type":"Feature","geometry":{"type":"Point","coordinates":[-2.59673,53.54528]},"properties":{"name":"Power infrastructure","category":"generator","osm_type":"node","osm_id":"6700519004"}},{"type":"Feature","geometry":{"type":"Point","coordinates":[-2.59695,53.54537]},"properties":{"name":"Power infrastructure","category":"generator","osm_type":"node","osm_id":"6700519005"}},{"type":"Feature","geometry":{"type":"Point","coordinates":[-2.59735,53.54601]},"properties":{"name":"Power infrastructure","category":"generator","osm_type":"node","osm_id":"6700519006"}},{"type":"Feature","geometry":{"type":"Point","coordinates":[-2.59741,53.54602]},"properties":{"name":"Power infrastructure","category":"generator","osm_type":"node","osm_id":"6700519007"}},{"type":"Feature","geometry":{"type":"Point","coordinates":[-2.59609,53.54682]},"properties":{"name":"Power infrastructure","category":"generator","osm_type":"node","osm_id":"6700519008"}},{"type":"Feature","geometry":{"type":"Point","coordinates":[-2.59589,53.54704]},"properties":{"name":"Power infrastructure","category":"generator","osm_type":"node","osm_id":"6700519009"}},{"type":"Feature","geometry":{"type":"Point","coordinates":[-2.59657,53.54304]},"properties":{"name":"Power infrastructure","category":"generator","osm_type":"node","osm_id":"6700519010"}},{"type":"Feature","geometry":{"type":"Point","coordinates":[-2.59673,53.54279]},"properties":{"name":"Power infrastructure","category":"generator","osm_type":"node","osm_id":"6700519011"}},{"type":"Feature","geometry":{"type":"Point","coordinates":[-2.59663,53.54276]},"properties":{"name":"Power infrastructure","category":"generator","osm_type":"node","osm_id":"6700519012"}},{"type":"Feature","geometry":{"type":"Point","coordinates":[-2.59648,53.54272]},"properties":{"name":"Power infrastructure","category":"generator","osm_type":"node","osm_id":"6700519013"}},{"type":"Feature","geometry":{"type":"Point","coordinates":[-2.59348,53.5418]},"properties":{"name":"Power infrastructure","category":"generator","osm_type":"node","osm_id":"6700519014"}},{"type":"Feature","geometry":{"type":"Point","coordinates":[-2.61418,53.5478]},"properties":{"name":"Power infrastructure","category":"generator","osm_type":"node","osm_id":"6700526906"}},{"type":"Feature","geometry":{"type":"Point","coordinates":[-2.61337,53.5469]},"properties":{"name":"Power infrastructure","category":"generator","osm_type":"node","osm_id":"6700526907"}},{"type":"Feature","geometry":{"type":"Point","coordinates":[-2.61345,53.54686]},"properties":{"name":"Power infrastructure","category":"generator","osm_type":"node","osm_id":"6700526908"}},{"type":"Feature","geometry":{"type":"Point","coordinates":[-2.61596,53.54734]},"properties":{"name":"Power infrastructure","category":"generator","osm_type":"node","osm_id":"6700526909"}},{"type":"Feature","geometry":{"type":"Point","coordinates":[-2.61545,53.54756]},"properties":{"name":"Power infrastructure","category":"generator","osm_type":"node","osm_id":"6700526910"}},{"type":"Feature","geometry":{"type":"Point","coordinates":[-2.61533,53.54759]},"properties":{"name":"Power infrastructure","category":"generator","osm_type":"node","osm_id":"6700526911"}},{"type":"Feature","geometry":{"type":"Point","coordinates":[-2.6189,53.54669]},"properties":{"name":"Power infrastructure","category":"generator","osm_type":"node","osm_id":"6700526912"}},{"type":"Feature","geometry":{"type":"Point","coordinates":[-2.6193,53.54672]},"properties":{"name":"Power infrastructure","category":"generator","osm_type":"node","osm_id":"6700526913"}},{"type":"Feature","geometry":{"type":"Point","coordinates":[-2.61919,53.54677]},"properties":{"name":"Power infrastructure","category":"generator","osm_type":"node","osm_id":"6700526914"}},{"type":"Feature","geometry":{"type":"Point","coordinates":[-2.61948,53.54685]},"properties":{"name":"Power infrastructure","category":"generator","osm_type":"node","osm_id":"6700526915"}},{"type":"Feature","geometry":{"type":"Point","coordinates":[-2.61936,53.5469]},"properties":{"name":"Power infrastructure","category":"generator","osm_type":"node","osm_id":"6700526916"}},{"type":"Feature","geometry":{"type":"Point","coordinates":[-2.61926,53.54695]},"properties":{"name":"Power infrastructure","category":"generator","osm_type":"node","osm_id":"6700526917"}},{"type":"Feature","geometry":{"type":"Point","coordinates":[-2.61914,53.547]},"properties":{"name":"Power infrastructure","category":"generator","osm_type":"node","osm_id":"6700526918"}},{"type":"Feature","geometry":{"type":"Point","coordinates":[-2.61958,53.54702]},"properties":{"name":"Power infrastructure","category":"generator","osm_type":"node","osm_id":"6700526919"}},{"type":"Feature","geometry":{"type":"Point","coordinates":[-2.61941,53.54708]},"properties":{"name":"Power infrastructure","category":"generator","osm_type":"node","osm_id":"6700526920"}},{"type":"Feature","geometry":{"type":"Point","coordinates":[-2.61933,53.54713]},"properties":{"name":"Power infrastructure","category":"generator","osm_type":"node","osm_id":"6700526921"}},{"type":"Feature","geometry":{"type":"Point","coordinates":[-2.62005,53.54701]},"properties":{"name":"Power infrastructure","category":"generator","osm_type":"node","osm_id":"6700526922"}},{"type":"Feature","geometry":{"type":"Point","coordinates":[-2.61985,53.54711]},"properties":{"name":"Power infrastructure","category":"generator","osm_type":"node","osm_id":"6700526923"}},{"type":"Feature","geometry":{"type":"Point","coordinates":[-2.61972,53.54716]},"properties":{"name":"Power infrastructure","category":"generator","osm_type":"node","osm_id":"6700526924"}},{"type":"Feature","geometry":{"type":"Point","coordinates":[-2.62,53.54726]},"properties":{"name":"Power infrastructure","category":"generator","osm_type":"node","osm_id":"6700526925"}},{"type":"Feature","geometry":{"type":"Point","coordinates":[-2.62043,53.54747]},"properties":{"name":"Power infrastructure","category":"generator","osm_type":"node","osm_id":"6700526926"}},{"type":"Feature","geometry":{"type":"Point","coordinates":[-2.62036,53.5475]},"properties":{"name":"Power infrastructure","category":"generator","osm_type":"node","osm_id":"6700526927"}},{"type":"Feature","geometry":{"type":"Point","coordinates":[-2.62022,53.54756]},"properties":{"name":"Power infrastructure","category":"generator","osm_type":"node","osm_id":"6700526928"}},{"type":"Feature","geometry":{"type":"Point","coordinates":[-2.62061,53.54757]},"properties":{"name":"Power infrastructure","category":"generator","osm_type":"node","osm_id":"6700526929"}},{"type":"Feature","geometry":{"type":"Point","coordinates":[-2.62072,53.54762]},"properties":{"name":"Power infrastructure","category":"generator","osm_type":"node","osm_id":"6700526930"}},{"type":"Feature","geometry":{"type":"Point","coordinates":[-2.62044,53.54768]},"properties":{"name":"Power infrastructure","category":"generator","osm_type":"node","osm_id":"6700526931"}},{"type":"Feature","geometry":{"type":"Point","coordinates":[-2.62031,53.5479]},"properties":{"name":"Power infrastructure","category":"generator","osm_type":"node","osm_id":"6700526932"}},{"type":"Feature","geometry":{"type":"Point","coordinates":[-2.62022,53.54786]},"properties":{"name":"Power infrastructure","category":"generator","osm_type":"node","osm_id":"6700526933"}},{"type":"Feature","geometry":{"type":"Point","coordinates":[-2.62012,53.54783]},"properties":{"name":"Power infrastructure","category":"generator","osm_type":"node","osm_id":"6700526934"}},{"type":"Feature","geometry":{"type":"Point","coordinates":[-2.62002,53.54778]},"properties":{"name":"Power infrastructure","category":"generator","osm_type":"node","osm_id":"6700526935"}},{"type":"Feature","geometry":{"type":"Point","coordinates":[-2.61996,53.54799]},"properties":{"name":"Power infrastructure","category":"generator","osm_type":"node","osm_id":"6700526936"}},{"type":"Feature","geometry":{"type":"Point","coordinates":[-2.61985,53.54815]},"properties":{"name":"Power infrastructure","category":"generator","osm_type":"node","osm_id":"6700526937"}},{"type":"Feature","geometry":{"type":"Point","coordinates":[-2.61995,53.54816]},"properties":{"name":"Power infrastructure","category":"generator","osm_type":"node","osm_id":"6700526938"}},{"type":"Feature","geometry":{"type":"Point","coordinates":[-2.61998,53.54835]},"properties":{"name":"Power infrastructure","category":"generator","osm_type":"node","osm_id":"6700526939"}},{"type":"Feature","geometry":{"type":"Point","coordinates":[-2.61986,53.54832]},"properties":{"name":"Power infrastructure","category":"generator","osm_type":"node","osm_id":"6700526940"}},{"type":"Feature","geometry":{"type":"Point","coordinates":[-2.61974,53.54829]},"properties":{"name":"Power infrastructure","category":"generator","osm_type":"node","osm_id":"6700526941"}},{"type":"Feature","geometry":{"type":"Point","coordinates":[-2.61968,53.54845]},"properties":{"name":"Power infrastructure","category":"generator","osm_type":"node","osm_id":"6700526942"}},{"type":"Feature","geometry":{"type":"Point","coordinates":[-2.6196,53.54882]},"properties":{"name":"Power infrastructure","category":"generator","osm_type":"node","osm_id":"6700526944"}},{"type":"Feature","geometry":{"type":"Point","coordinates":[-2.61947,53.54884]},"properties":{"name":"Power infrastructure","category":"generator","osm_type":"node","osm_id":"6700526945"}},{"type":"Feature","geometry":{"type":"Point","coordinates":[-2.61937,53.54845]},"properties":{"name":"Power infrastructure","category":"generator","osm_type":"node","osm_id":"6700526946"}},{"type":"Feature","geometry":{"type":"Point","coordinates":[-2.61924,53.54848]},"properties":{"name":"Power infrastructure","category":"generator","osm_type":"node","osm_id":"6700526947"}},{"type":"Feature","geometry":{"type":"Point","coordinates":[-2.61923,53.54829]},"properties":{"name":"Power infrastructure","category":"generator","osm_type":"node","osm_id":"6700526948"}},{"type":"Feature","geometry":{"type":"Point","coordinates":[-2.6191,53.54833]},"properties":{"name":"Power infrastructure","category":"generator","osm_type":"node","osm_id":"6700526949"}},{"type":"Feature","geometry":{"type":"Point","coordinates":[-2.61888,53.5484]},"properties":{"name":"Power infrastructure","category":"generator","osm_type":"node","osm_id":"6700526950"}},{"type":"Feature","geometry":{"type":"Point","coordinates":[-2.61855,53.5482]},"properties":{"name":"Power infrastructure","category":"generator","osm_type":"node","osm_id":"6700526951"}},{"type":"Feature","geometry":{"type":"Point","coordinates":[-2.61843,53.54823]},"properties":{"name":"Power infrastructure","category":"generator","osm_type":"node","osm_id":"6700526952"}},{"type":"Feature","geometry":{"type":"Point","coordinates":[-2.61835,53.54766]},"properties":{"name":"Power infrastructure","category":"generator","osm_type":"node","osm_id":"6700526953"}},{"type":"Feature","geometry":{"type":"Point","coordinates":[-2.61921,53.54741]},"properties":{"name":"Power infrastructure","category":"generator","osm_type":"node","osm_id":"6700526954"}},{"type":"Feature","geometry":{"type":"Point","coordinates":[-2.61934,53.54737]},"properties":{"name":"Power infrastructure","category":"generator","osm_type":"node","osm_id":"6700526955"}},{"type":"Feature","geometry":{"type":"Point","coordinates":[-2.6191,53.54726]},"properties":{"name":"Power infrastructure","category":"generator","osm_type":"node","osm_id":"6700526956"}},{"type":"Feature","geometry":{"type":"Point","coordinates":[-2.61899,53.54728]},"properties":{"name":"Power infrastructure","category":"generator","osm_type":"node","osm_id":"6700526957"}},{"type":"Feature","geometry":{"type":"Point","coordinates":[-2.61578,53.54765]},"properties":{"name":"Power infrastructure","category":"generator","osm_type":"node","osm_id":"6700526958"}},{"type":"Feature","geometry":{"type":"Point","coordinates":[-2.6159,53.54762]},"properties":{"name":"Power infrastructure","category":"generator","osm_type":"node","osm_id":"6700526959"}},{"type":"Feature","geometry":{"type":"Point","coordinates":[-2.61526,53.54772]},"properties":{"name":"Power infrastructure","category":"generator","osm_type":"node","osm_id":"6700526960"}},{"type":"Feature","geometry":{"type":"Point","coordinates":[-2.61509,53.54796]},"properties":{"name":"Power infrastructure","category":"generator","osm_type":"node","osm_id":"6700526961"}},{"type":"Feature","geometry":{"type":"Point","coordinates":[-2.61518,53.54793]},"properties":{"name":"Power infrastructure","category":"generator","osm_type":"node","osm_id":"6700526962"}},{"type":"Feature","geometry":{"type":"Point","coordinates":[-2.61467,53.54807]},"properties":{"name":"Power infrastructure","category":"generator","osm_type":"node","osm_id":"6700526963"}},{"type":"Feature","geometry":{"type":"Point","coordinates":[-2.61455,53.54811]},"properties":{"name":"Power infrastructure","category":"generator","osm_type":"node","osm_id":"6700526964"}},{"type":"Feature","geometry":{"type":"Point","coordinates":[-2.61433,53.54817]},"properties":{"name":"Power infrastructure","category":"generator","osm_type":"node","osm_id":"6700526965"}},{"type":"Feature","geometry":{"type":"Point","coordinates":[-2.61467,53.54844]},"properties":{"name":"Power infrastructure","category":"generator","osm_type":"node","osm_id":"6700526966"}},{"type":"Feature","geometry":{"type":"Point","coordinates":[-2.61503,53.54852]},"properties":{"name":"Power infrastructure","category":"generator","osm_type":"node","osm_id":"6700526967"}},{"type":"Feature","geometry":{"type":"Point","coordinates":[-2.61514,53.5485]},"properties":{"name":"Power infrastructure","category":"generator","osm_type":"node","osm_id":"6700526968"}},{"type":"Feature","geometry":{"type":"Point","coordinates":[-2.61615,53.54813]},"properties":{"name":"Power infrastructure","category":"generator","osm_type":"node","osm_id":"6700526969"}},{"type":"Feature","geometry":{"type":"Point","coordinates":[-2.61665,53.54826]},"properties":{"name":"Power infrastructure","category":"generator","osm_type":"node","osm_id":"6700526970"}},{"type":"Feature","geometry":{"type":"Point","coordinates":[-2.61651,53.54804]},"properties":{"name":"Power infrastructure","category":"generator","osm_type":"node","osm_id":"6700526971"}},{"type":"Feature","geometry":{"type":"Point","coordinates":[-2.61643,53.54806]},"properties":{"name":"Power infrastructure","category":"generator","osm_type":"node","osm_id":"6700526972"}},{"type":"Feature","geometry":{"type":"Point","coordinates":[-2.61629,53.5481]},"properties":{"name":"Power infrastructure","category":"generator","osm_type":"node","osm_id":"6700526973"}},{"type":"Feature","geometry":{"type":"Point","coordinates":[-2.61677,53.54821]},"properties":{"name":"Power infrastructure","category":"generator","osm_type":"node","osm_id":"6700526974"}},{"type":"Feature","geometry":{"type":"Point","coordinates":[-2.61696,53.54816]},"properties":{"name":"Power infrastructure","category":"generator","osm_type":"node","osm_id":"6700526975"}},{"type":"Feature","geometry":{"type":"Point","coordinates":[-2.61877,53.5447]},"properties":{"name":"Power infrastructure","category":"generator","osm_type":"node","osm_id":"6700526976"}},{"type":"Feature","geometry":{"type":"Point","coordinates":[-2.61745,53.54778]},"properties":{"name":"Power infrastructure","category":"generator","osm_type":"node","osm_id":"6700526977"}},{"type":"Feature","geometry":{"type":"Point","coordinates":[-2.61733,53.54781]},"properties":{"name":"Power infrastructure","category":"generator","osm_type":"node","osm_id":"6700526978"}},{"type":"Feature","geometry":{"type":"Point","coordinates":[-2.61731,53.54836]},"properties":{"name":"Power infrastructure","category":"generator","osm_type":"node","osm_id":"6700526979"}},{"type":"Feature","geometry":{"type":"Point","coordinates":[-2.6172,53.54839]},"properties":{"name":"Power infrastructure","category":"generator","osm_type":"node","osm_id":"6700526980"}},{"type":"Feature","geometry":{"type":"Point","coordinates":[-2.61675,53.54843]},"properties":{"name":"Power infrastructure","category":"generator","osm_type":"node","osm_id":"6700526981"}},{"type":"Feature","geometry":{"type":"Point","coordinates":[-2.61666,53.54845]},"properties":{"name":"Power infrastructure","category":"generator","osm_type":"node","osm_id":"6700526982"}},{"type":"Feature","geometry":{"type":"Point","coordinates":[-2.61646,53.5485]},"properties":{"name":"Power infrastructure","category":"generator","osm_type":"node","osm_id":"6700526983"}},{"type":"Feature","geometry":{"type":"Point","coordinates":[-2.6171,53.54865]},"properties":{"name":"Power infrastructure","category":"generator","osm_type":"node","osm_id":"6700526984"}},{"type":"Feature","geometry":{"type":"Point","coordinates":[-2.61721,53.54862]},"properties":{"name":"Power infrastructure","category":"generator","osm_type":"node","osm_id":"6700536885"}},{"type":"Feature","geometry":{"type":"Point","coordinates":[-2.6173,53.54859]},"properties":{"name":"Power infrastructure","category":"generator","osm_type":"node","osm_id":"6700536886"}},{"type":"Feature","geometry":{"type":"Point","coordinates":[-2.61781,53.54848]},"properties":{"name":"Power infrastructure","category":"generator","osm_type":"node","osm_id":"6700536887"}},{"type":"Feature","geometry":{"type":"Point","coordinates":[-2.61795,53.54875]},"properties":{"name":"Power infrastructure","category":"generator","osm_type":"node","osm_id":"6700536888"}},{"type":"Feature","geometry":{"type":"Point","coordinates":[-2.61758,53.54885]},"properties":{"name":"Power infrastructure","category":"generator","osm_type":"node","osm_id":"6700536889"}},{"type":"Feature","geometry":{"type":"Point","coordinates":[-2.61649,53.54876]},"properties":{"name":"Power infrastructure","category":"generator","osm_type":"node","osm_id":"6700536890"}},{"type":"Feature","geometry":{"type":"Point","coordinates":[-2.61554,53.54897]},"properties":{"name":"Power infrastructure","category":"generator","osm_type":"node","osm_id":"6700536891"}},{"type":"Feature","geometry":{"type":"Point","coordinates":[-2.61542,53.549]},"properties":{"name":"Power infrastructure","category":"generator","osm_type":"node","osm_id":"6700536892"}},{"type":"Feature","geometry":{"type":"Point","coordinates":[-2.61533,53.5487]},"properties":{"name":"Power infrastructure","category":"generator","osm_type":"node","osm_id":"6700536893"}},{"type":"Feature","geometry":{"type":"Point","coordinates":[-2.61663,53.54987]},"properties":{"name":"Power infrastructure","category":"generator","osm_type":"node","osm_id":"6700536894"}},{"type":"Feature","geometry":{"type":"Point","coordinates":[-2.61443,53.54892]},"properties":{"name":"Power infrastructure","category":"generator","osm_type":"node","osm_id":"6700536895"}},{"type":"Feature","geometry":{"type":"Point","coordinates":[-2.6143,53.54897]},"properties":{"name":"Power infrastructure","category":"generator","osm_type":"node","osm_id":"6700536896"}},{"type":"Feature","geometry":{"type":"Point","coordinates":[-2.61382,53.54917]},"properties":{"name":"Power infrastructure","category":"generator","osm_type":"node","osm_id":"6700536897"}},{"type":"Feature","geometry":{"type":"Point","coordinates":[-2.61413,53.54926]},"properties":{"name":"Power infrastructure","category":"generator","osm_type":"node","osm_id":"6700536898"}},{"type":"Feature","geometry":{"type":"Point","coordinates":[-2.61389,53.54933]},"properties":{"name":"Power infrastructure","category":"generator","osm_type":"node","osm_id":"6700536899"}},{"type":"Feature","geometry":{"type":"Point","coordinates":[-2.61367,53.55129]},"properties":{"name":"Power infrastructure","category":"generator","osm_type":"node","osm_id":"6700536900"}},{"type":"Feature","geometry":{"type":"Point","coordinates":[-2.61374,53.55128]},"properties":{"name":"Power infrastructure","category":"generator","osm_type":"node","osm_id":"6700536901"}},{"type":"Feature","geometry":{"type":"Point","coordinates":[-2.61866,53.54899]},"properties":{"name":"Power infrastructure","category":"generator","osm_type":"node","osm_id":"6700536902"}},{"type":"Feature","geometry":{"type":"Point","coordinates":[-2.61875,53.54896]},"properties":{"name":"Power infrastructure","category":"generator","osm_type":"node","osm_id":"6700536903"}},{"type":"Feature","geometry":{"type":"Point","coordinates":[-2.61886,53.54894]},"properties":{"name":"Power infrastructure","category":"generator","osm_type":"node","osm_id":"6700536904"}},{"type":"Feature","geometry":{"type":"Point","coordinates":[-2.62246,53.54875]},"properties":{"name":"Power infrastructure","category":"generator","osm_type":"node","osm_id":"6700536905"}},{"type":"Feature","geometry":{"type":"Point","coordinates":[-2.62254,53.54875]},"properties":{"name":"Power infrastructure","category":"generator","osm_type":"node","osm_id":"6700536906"}},{"type":"Feature","geometry":{"type":"Point","coordinates":[-2.62262,53.54876]},"properties":{"name":"Power infrastructure","category":"generator","osm_type":"node","osm_id":"6700536907"}},{"type":"Feature","geometry":{"type":"Point","coordinates":[-2.6228,53.54875]},"properties":{"name":"Power infrastructure","category":"generator","osm_type":"node","osm_id":"6700536908"}},{"type":"Feature","geometry":{"type":"Point","coordinates":[-2.62288,53.54875]},"properties":{"name":"Power infrastructure","category":"generator","osm_type":"node","osm_id":"6700536909"}},{"type":"Feature","geometry":{"type":"Point","coordinates":[-2.6234,53.54883]},"properties":{"name":"Power infrastructure","category":"generator","osm_type":"node","osm_id":"6700536910"}},{"type":"Feature","geometry":{"type":"Point","coordinates":[-2.62347,53.54883]},"properties":{"name":"Power infrastructure","category":"generator","osm_type":"node","osm_id":"6700536911"}},{"type":"Feature","geometry":{"type":"Point","coordinates":[-2.62176,53.54895]},"properties":{"name":"Power infrastructure","category":"generator","osm_type":"node","osm_id":"6700536912"}},{"type":"Feature","geometry":{"type":"Point","coordinates":[-2.06238,53.50237]},"properties":{"name":"Power infrastructure","category":"generator","osm_type":"node","osm_id":"6708357065"}},{"type":"Feature","geometry":{"type":"Point","coordinates":[-2.0628,53.50239]},"properties":{"name":"Power infrastructure","category":"generator","osm_type":"node","osm_id":"6708357066"}},{"type":"Feature","geometry":{"type":"Point","coordinates":[-2.06298,53.50238]},"properties":{"name":"Power infrastructure","category":"generator","osm_type":"node","osm_id":"6708357067"}},{"type":"Feature","geometry":{"type":"Point","coordinates":[-2.06331,53.50239]},"properties":{"name":"Power infrastructure","category":"generator","osm_type":"node","osm_id":"6708357068"}},{"type":"Feature","geometry":{"type":"Point","coordinates":[-2.0634,53.50239]},"properties":{"name":"Power infrastructure","category":"generator","osm_type":"node","osm_id":"6708357069"}},{"type":"Feature","geometry":{"type":"Point","coordinates":[-2.06363,53.50243]},"properties":{"name":"Power infrastructure","category":"generator","osm_type":"node","osm_id":"6708357070"}},{"type":"Feature","geometry":{"type":"Point","coordinates":[-2.0639,53.50243]},"properties":{"name":"Power infrastructure","category":"generator","osm_type":"node","osm_id":"6708357071"}},{"type":"Feature","geometry":{"type":"Point","coordinates":[-2.06415,53.50253]},"properties":{"name":"Power infrastructure","category":"generator","osm_type":"node","osm_id":"6708357072"}},{"type":"Feature","geometry":{"type":"Point","coordinates":[-2.06426,53.50245]},"properties":{"name":"Power infrastructure","category":"generator","osm_type":"node","osm_id":"6708357073"}},{"type":"Feature","geometry":{"type":"Point","coordinates":[-2.06443,53.50236]},"properties":{"name":"Power infrastructure","category":"generator","osm_type":"node","osm_id":"6708357074"}},{"type":"Feature","geometry":{"type":"Point","coordinates":[-2.06455,53.50227]},"properties":{"name":"Power infrastructure","category":"generator","osm_type":"node","osm_id":"6708357075"}},{"type":"Feature","geometry":{"type":"Point","coordinates":[-2.06486,53.50218]},"properties":{"name":"Power infrastructure","category":"generator","osm_type":"node","osm_id":"6708357076"}},{"type":"Feature","geometry":{"type":"Point","coordinates":[-2.06469,53.50179]},"properties":{"name":"Power infrastructure","category":"generator","osm_type":"node","osm_id":"6708357077"}},{"type":"Feature","geometry":{"type":"Point","coordinates":[-2.06464,53.50174]},"properties":{"name":"Power infrastructure","category":"generator","osm_type":"node","osm_id":"6708357078"}},{"type":"Feature","geometry":{"type":"Point","coordinates":[-2.06566,53.50307]},"properties":{"name":"Power infrastructure","category":"generator","osm_type":"node","osm_id":"6708357079"}},{"type":"Feature","geometry":{"type":"Point","coordinates":[-2.06574,53.50303]},"properties":{"name":"Power infrastructure","category":"generator","osm_type":"node","osm_id":"6708357080"}},{"type":"Feature","geometry":{"type":"Point","coordinates":[-2.06611,53.50318]},"properties":{"name":"Power infrastructure","category":"generator","osm_type":"node","osm_id":"6708357081"}},{"type":"Feature","geometry":{"type":"Point","coordinates":[-2.06604,53.50321]},"properties":{"name":"Power infrastructure","category":"generator","osm_type":"node","osm_id":"6708357082"}},{"type":"Feature","geometry":{"type":"Point","coordinates":[-2.06596,53.50325]},"properties":{"name":"Power infrastructure","category":"generator","osm_type":"node","osm_id":"6708357083"}},{"type":"Feature","geometry":{"type":"Point","coordinates":[-2.06589,53.50329]},"properties":{"name":"Power infrastructure","category":"generator","osm_type":"node","osm_id":"6708357084"}},{"type":"Feature","geometry":{"type":"Point","coordinates":[-2.06573,53.50335]},"properties":{"name":"Power infrastructure","category":"generator","osm_type":"node","osm_id":"6708394585"}},{"type":"Feature","geometry":{"type":"Point","coordinates":[-2.06557,53.50342]},"properties":{"name":"Power infrastructure","category":"generator","osm_type":"node","osm_id":"6708394586"}},{"type":"Feature","geometry":{"type":"Point","coordinates":[-2.06548,53.50346]},"properties":{"name":"Power infrastructure","category":"generator","osm_type":"node","osm_id":"6708394587"}},{"type":"Feature","geometry":{"type":"Point","coordinates":[-2.06541,53.50349]},"properties":{"name":"Power infrastructure","category":"generator","osm_type":"node","osm_id":"6708394588"}},{"type":"Feature","geometry":{"type":"Point","coordinates":[-2.06531,53.50354]},"properties":{"name":"Power infrastructure","category":"generator","osm_type":"node","osm_id":"6708394589"}},{"type":"Feature","geometry":{"type":"Point","coordinates":[-2.06524,53.50357]},"properties":{"name":"Power infrastructure","category":"generator","osm_type":"node","osm_id":"6708394590"}},{"type":"Feature","geometry":{"type":"Point","coordinates":[-2.06507,53.50363]},"properties":{"name":"Power infrastructure","category":"generator","osm_type":"node","osm_id":"6708394591"}},{"type":"Feature","geometry":{"type":"Point","coordinates":[-2.06494,53.50339]},"properties":{"name":"Power infrastructure","category":"generator","osm_type":"node","osm_id":"6708394592"}},{"type":"Feature","geometry":{"type":"Point","coordinates":[-2.06492,53.50369]},"properties":{"name":"Power infrastructure","category":"generator","osm_type":"node","osm_id":"6708394593"}},{"type":"Feature","geometry":{"type":"Point","coordinates":[-2.06404,53.50358]},"properties":{"name":"Power infrastructure","category":"generator","osm_type":"node","osm_id":"6708394594"}},{"type":"Feature","geometry":{"type":"Point","coordinates":[-2.06396,53.5036]},"properties":{"name":"Power infrastructure","category":"generator","osm_type":"node","osm_id":"6708394595"}},{"type":"Feature","geometry":{"type":"Point","coordinates":[-2.06387,53.50363]},"properties":{"name":"Power infrastructure","category":"generator","osm_type":"node","osm_id":"6708394596"}},{"type":"Feature","geometry":{"type":"Point","coordinates":[-2.06396,53.50385]},"properties":{"name":"Power infrastructure","category":"generator","osm_type":"node","osm_id":"6708394597"}},{"type":"Feature","geometry":{"type":"Point","coordinates":[-2.06369,53.50391]},"properties":{"name":"Power infrastructure","category":"generator","osm_type":"node","osm_id":"6708394598"}},{"type":"Feature","geometry":{"type":"Point","coordinates":[-2.06352,53.50393]},"properties":{"name":"Power infrastructure","category":"generator","osm_type":"node","osm_id":"6708394599"}},{"type":"Feature","geometry":{"type":"Point","coordinates":[-2.06337,53.50395]},"properties":{"name":"Power infrastructure","category":"generator","osm_type":"node","osm_id":"6708394600"}},{"type":"Feature","geometry":{"type":"Point","coordinates":[-2.06324,53.50396]},"properties":{"name":"Power infrastructure","category":"generator","osm_type":"node","osm_id":"6708394601"}},{"type":"Feature","geometry":{"type":"Point","coordinates":[-2.06352,53.50417]},"properties":{"name":"Power infrastructure","category":"generator","osm_type":"node","osm_id":"6708394602"}},{"type":"Feature","geometry":{"type":"Point","coordinates":[-2.06321,53.50423]},"properties":{"name":"Power infrastructure","category":"generator","osm_type":"node","osm_id":"6708394603"}},{"type":"Feature","geometry":{"type":"Point","coordinates":[-2.0631,53.50426]},"properties":{"name":"Power infrastructure","category":"generator","osm_type":"node","osm_id":"6708394604"}},{"type":"Feature","geometry":{"type":"Point","coordinates":[-2.06281,53.50397]},"properties":{"name":"Power infrastructure","category":"generator","osm_type":"node","osm_id":"6708394605"}},{"type":"Feature","geometry":{"type":"Point","coordinates":[-2.06268,53.50398]},"properties":{"name":"Power infrastructure","category":"generator","osm_type":"node","osm_id":"6708394606"}},{"type":"Feature","geometry":{"type":"Point","coordinates":[-2.06276,53.50434]},"properties":{"name":"Power infrastructure","category":"generator","osm_type":"node","osm_id":"6708394607"}},{"type":"Feature","geometry":{"type":"Point","coordinates":[-2.06213,53.50395]},"properties":{"name":"Power infrastructure","category":"generator","osm_type":"node","osm_id":"6708394608"}},{"type":"Feature","geometry":{"type":"Point","coordinates":[-2.06329,53.50395]},"properties":{"name":"Power infrastructure","category":"generator","osm_type":"node","osm_id":"6708394609"}},{"type":"Feature","geometry":{"type":"Point","coordinates":[-2.06342,53.50395]},"properties":{"name":"Power infrastructure","category":"generator","osm_type":"node","osm_id":"6708394610"}},{"type":"Feature","geometry":{"type":"Point","coordinates":[-2.06365,53.50392]},"properties":{"name":"Power infrastructure","category":"generator","osm_type":"node","osm_id":"6708394611"}},{"type":"Feature","geometry":{"type":"Point","coordinates":[-2.06286,53.50398]},"properties":{"name":"Power infrastructure","category":"generator","osm_type":"node","osm_id":"6708394612"}},{"type":"Feature","geometry":{"type":"Point","coordinates":[-2.06274,53.50398]},"properties":{"name":"Power infrastructure","category":"generator","osm_type":"node","osm_id":"6708394613"}},{"type":"Feature","geometry":{"type":"Point","coordinates":[-2.06292,53.50374]},"properties":{"name":"Power infrastructure","category":"generator","osm_type":"node","osm_id":"6708394614"}},{"type":"Feature","geometry":{"type":"Point","coordinates":[-2.06301,53.50373]},"properties":{"name":"Power infrastructure","category":"generator","osm_type":"node","osm_id":"6708394615"}},{"type":"Feature","geometry":{"type":"Point","coordinates":[-2.0631,53.50373]},"properties":{"name":"Power infrastructure","category":"generator","osm_type":"node","osm_id":"6708394616"}},{"type":"Feature","geometry":{"type":"Point","coordinates":[-2.06319,53.50373]},"properties":{"name":"Power infrastructure","category":"generator","osm_type":"node","osm_id":"6708394617"}},{"type":"Feature","geometry":{"type":"Point","coordinates":[-2.06347,53.50419]},"properties":{"name":"Power infrastructure","category":"generator","osm_type":"node","osm_id":"6708394618"}},{"type":"Feature","geometry":{"type":"Point","coordinates":[-2.06316,53.50424]},"properties":{"name":"Power infrastructure","category":"generator","osm_type":"node","osm_id":"6708394619"}},{"type":"Feature","geometry":{"type":"Point","coordinates":[-2.06306,53.50427]},"properties":{"name":"Power infrastructure","category":"generator","osm_type":"node","osm_id":"6708394620"}},{"type":"Feature","geometry":{"type":"Point","coordinates":[-2.06256,53.50433]},"properties":{"name":"Power infrastructure","category":"generator","osm_type":"node","osm_id":"6708394621"}},{"type":"Feature","geometry":{"type":"Point","coordinates":[-2.06045,53.50439]},"properties":{"name":"Power infrastructure","category":"generator","osm_type":"node","osm_id":"6708394622"}},{"type":"Feature","geometry":{"type":"Point","coordinates":[-2.06032,53.50415]},"properties":{"name":"Power infrastructure","category":"generator","osm_type":"node","osm_id":"6708394623"}},{"type":"Feature","geometry":{"type":"Point","coordinates":[-2.06041,53.50412]},"properties":{"name":"Power infrastructure","category":"generator","osm_type":"node","osm_id":"6708394624"}},{"type":"Feature","geometry":{"type":"Point","coordinates":[-2.06047,53.50409]},"properties":{"name":"Power infrastructure","category":"generator","osm_type":"node","osm_id":"6708394625"}},{"type":"Feature","geometry":{"type":"Point","coordinates":[-2.06055,53.50406]},"properties":{"name":"Power infrastructure","category":"generator","osm_type":"node","osm_id":"6708394626"}},{"type":"Feature","geometry":{"type":"Point","coordinates":[-2.0607,53.504]},"properties":{"name":"Power infrastructure","category":"generator","osm_type":"node","osm_id":"6708394627"}},{"type":"Feature","geometry":{"type":"Point","coordinates":[-2.06088,53.50391]},"properties":{"name":"Power infrastructure","category":"generator","osm_type":"node","osm_id":"6708394628"}},{"type":"Feature","geometry":{"type":"Point","coordinates":[-2.06134,53.50428]},"properties":{"name":"Power infrastructure","category":"generator","osm_type":"node","osm_id":"6708394629"}},{"type":"Feature","geometry":{"type":"Point","coordinates":[-2.06019,53.50416]},"properties":{"name":"Power infrastructure","category":"generator","osm_type":"node","osm_id":"6708394630"}},{"type":"Feature","geometry":{"type":"Point","coordinates":[-2.06004,53.50402]},"properties":{"name":"Power infrastructure","category":"generator","osm_type":"node","osm_id":"6708394631"}},{"type":"Feature","geometry":{"type":"Point","coordinates":[-2.06029,53.50379]},"properties":{"name":"Power infrastructure","category":"generator","osm_type":"node","osm_id":"6708394632"}},{"type":"Feature","geometry":{"type":"Point","coordinates":[-2.06025,53.50375]},"properties":{"name":"Power infrastructure","category":"generator","osm_type":"node","osm_id":"6708394633"}},{"type":"Feature","geometry":{"type":"Point","coordinates":[-2.06012,53.50366]},"properties":{"name":"Power infrastructure","category":"generator","osm_type":"node","osm_id":"6708394634"}},{"type":"Feature","geometry":{"type":"Point","coordinates":[-2.06043,53.50377]},"properties":{"name":"Power infrastructure","category":"generator","osm_type":"node","osm_id":"6708394635"}},{"type":"Feature","geometry":{"type":"Point","coordinates":[-2.06051,53.50374]},"properties":{"name":"Power infrastructure","category":"generator","osm_type":"node","osm_id":"6708394636"}},{"type":"Feature","geometry":{"type":"Point","coordinates":[-2.06058,53.50372]},"properties":{"name":"Power infrastructure","category":"generator","osm_type":"node","osm_id":"6708394637"}},{"type":"Feature","geometry":{"type":"Point","coordinates":[-2.06073,53.50365]},"properties":{"name":"Power infrastructure","category":"generator","osm_type":"node","osm_id":"6708394638"}},{"type":"Feature","geometry":{"type":"Point","coordinates":[-2.06066,53.50368]},"properties":{"name":"Power infrastructure","category":"generator","osm_type":"node","osm_id":"6708394639"}},{"type":"Feature","geometry":{"type":"Point","coordinates":[-2.06081,53.50362]},"properties":{"name":"Power infrastructure","category":"generator","osm_type":"node","osm_id":"6708394640"}},{"type":"Feature","geometry":{"type":"Point","coordinates":[-2.06107,53.50351]},"properties":{"name":"Power infrastructure","category":"generator","osm_type":"node","osm_id":"6708394641"}},{"type":"Feature","geometry":{"type":"Point","coordinates":[-2.06079,53.50326]},"properties":{"name":"Power infrastructure","category":"generator","osm_type":"node","osm_id":"6708394642"}},{"type":"Feature","geometry":{"type":"Point","coordinates":[-2.06012,53.50326]},"properties":{"name":"Power infrastructure","category":"generator","osm_type":"node","osm_id":"6708394643"}},{"type":"Feature","geometry":{"type":"Point","coordinates":[-2.05991,53.50336]},"properties":{"name":"Power infrastructure","category":"generator","osm_type":"node","osm_id":"6708394644"}},{"type":"Feature","geometry":{"type":"Point","coordinates":[-2.06018,53.50354]},"properties":{"name":"Power infrastructure","category":"generator","osm_type":"node","osm_id":"6708394645"}},{"type":"Feature","geometry":{"type":"Point","coordinates":[-2.06033,53.50348]},"properties":{"name":"Power infrastructure","category":"generator","osm_type":"node","osm_id":"6708394646"}},{"type":"Feature","geometry":{"type":"Point","coordinates":[-2.06039,53.50344]},"properties":{"name":"Power infrastructure","category":"generator","osm_type":"node","osm_id":"6708394647"}},{"type":"Feature","geometry":{"type":"Point","coordinates":[-2.06121,53.50331]},"properties":{"name":"Power infrastructure","category":"generator","osm_type":"node","osm_id":"6708394648"}},{"type":"Feature","geometry":{"type":"Point","coordinates":[-2.06111,53.50322]},"properties":{"name":"Power infrastructure","category":"generator","osm_type":"node","osm_id":"6708394649"}},{"type":"Feature","geometry":{"type":"Point","coordinates":[-2.06138,53.50369]},"properties":{"name":"Power infrastructure","category":"generator","osm_type":"node","osm_id":"6708394650"}},{"type":"Feature","geometry":{"type":"Point","coordinates":[-2.06147,53.50367]},"properties":{"name":"Power infrastructure","category":"generator","osm_type":"node","osm_id":"6708394651"}},{"type":"Feature","geometry":{"type":"Point","coordinates":[-2.06182,53.50364]},"properties":{"name":"Power infrastructure","category":"generator","osm_type":"node","osm_id":"6708394652"}},{"type":"Feature","geometry":{"type":"Point","coordinates":[-2.0619,53.50363]},"properties":{"name":"Power infrastructure","category":"generator","osm_type":"node","osm_id":"6708394653"}},{"type":"Feature","geometry":{"type":"Point","coordinates":[-2.062,53.50363]},"properties":{"name":"Power infrastructure","category":"generator","osm_type":"node","osm_id":"6708394654"}},{"type":"Feature","geometry":{"type":"Point","coordinates":[-2.06209,53.50363]},"properties":{"name":"Power infrastructure","category":"generator","osm_type":"node","osm_id":"6708394655"}},{"type":"Feature","geometry":{"type":"Point","coordinates":[-2.06011,53.50306]},"properties":{"name":"Power infrastructure","category":"generator","osm_type":"node","osm_id":"6708394656"}},{"type":"Feature","geometry":{"type":"Point","coordinates":[-2.06078,53.50297]},"properties":{"name":"Power infrastructure","category":"generator","osm_type":"node","osm_id":"6708394657"}},{"type":"Feature","geometry":{"type":"Point","coordinates":[-2.06087,53.50293]},"properties":{"name":"Power infrastructure","category":"generator","osm_type":"node","osm_id":"6708394658"}},{"type":"Feature","geometry":{"type":"Point","coordinates":[-2.06093,53.5029]},"properties":{"name":"Power infrastructure","category":"generator","osm_type":"node","osm_id":"6708394659"}},{"type":"Feature","geometry":{"type":"Point","coordinates":[-2.06139,53.50292]},"properties":{"name":"Power infrastructure","category":"generator","osm_type":"node","osm_id":"6708394660"}},{"type":"Feature","geometry":{"type":"Point","coordinates":[-2.0617,53.50341]},"properties":{"name":"Power infrastructure","category":"generator","osm_type":"node","osm_id":"6708394661"}},{"type":"Feature","geometry":{"type":"Point","coordinates":[-2.06179,53.5034]},"properties":{"name":"Power infrastructure","category":"generator","osm_type":"node","osm_id":"6708394662"}},{"type":"Feature","geometry":{"type":"Point","coordinates":[-2.06188,53.5034]},"properties":{"name":"Power infrastructure","category":"generator","osm_type":"node","osm_id":"6708394663"}},{"type":"Feature","geometry":{"type":"Point","coordinates":[-2.06207,53.5034]},"properties":{"name":"Power infrastructure","category":"generator","osm_type":"node","osm_id":"6708394664"}},{"type":"Feature","geometry":{"type":"Point","coordinates":[-2.06216,53.5034]},"properties":{"name":"Power infrastructure","category":"generator","osm_type":"node","osm_id":"6708394665"}},{"type":"Feature","geometry":{"type":"Point","coordinates":[-2.06032,53.50262]},"properties":{"name":"Power infrastructure","category":"generator","osm_type":"node","osm_id":"6708394666"}},{"type":"Feature","geometry":{"type":"Point","coordinates":[-2.06038,53.50257]},"properties":{"name":"Power infrastructure","category":"generator","osm_type":"node","osm_id":"6708394667"}},{"type":"Feature","geometry":{"type":"Point","coordinates":[-2.06042,53.50253]},"properties":{"name":"Power infrastructure","category":"generator","osm_type":"node","osm_id":"6708394668"}},{"type":"Feature","geometry":{"type":"Point","coordinates":[-2.06069,53.50241]},"properties":{"name":"Power infrastructure","category":"generator","osm_type":"node","osm_id":"6708394669"}},{"type":"Feature","geometry":{"type":"Point","coordinates":[-2.0613,53.50291]},"properties":{"name":"Power infrastructure","category":"generator","osm_type":"node","osm_id":"6708394670"}},{"type":"Feature","geometry":{"type":"Point","coordinates":[-2.06133,53.50257]},"properties":{"name":"Power infrastructure","category":"generator","osm_type":"node","osm_id":"6708394671"}},{"type":"Feature","geometry":{"type":"Point","coordinates":[-2.06152,53.5026]},"properties":{"name":"Power infrastructure","category":"generator","osm_type":"node","osm_id":"6708394672"}},{"type":"Feature","geometry":{"type":"Point","coordinates":[-2.06183,53.50262]},"properties":{"name":"Power infrastructure","category":"generator","osm_type":"node","osm_id":"6708394673"}},{"type":"Feature","geometry":{"type":"Point","coordinates":[-2.06193,53.50262]},"properties":{"name":"Power infrastructure","category":"generator","osm_type":"node","osm_id":"6708394674"}},{"type":"Feature","geometry":{"type":"Point","coordinates":[-2.06211,53.50262]},"properties":{"name":"Power infrastructure","category":"generator","osm_type":"node","osm_id":"6708394675"}},{"type":"Feature","geometry":{"type":"Point","coordinates":[-2.0622,53.50262]},"properties":{"name":"Power infrastructure","category":"generator","osm_type":"node","osm_id":"6708394676"}},{"type":"Feature","geometry":{"type":"Point","coordinates":[-2.06112,53.50251]},"properties":{"name":"Power infrastructure","category":"generator","osm_type":"node","osm_id":"6708394677"}},{"type":"Feature","geometry":{"type":"Point","coordinates":[-2.0609,53.50218]},"properties":{"name":"Power infrastructure","category":"generator","osm_type":"node","osm_id":"6708394678"}},{"type":"Feature","geometry":{"type":"Point","coordinates":[-2.06106,53.50195]},"properties":{"name":"Power infrastructure","category":"generator","osm_type":"node","osm_id":"6708394679"}},{"type":"Feature","geometry":{"type":"Point","coordinates":[-2.06116,53.50198]},"properties":{"name":"Power infrastructure","category":"generator","osm_type":"node","osm_id":"6708394680"}},{"type":"Feature","geometry":{"type":"Point","coordinates":[-2.06146,53.50228]},"properties":{"name":"Power infrastructure","category":"generator","osm_type":"node","osm_id":"6708394681"}},{"type":"Feature","geometry":{"type":"Point","coordinates":[-2.06123,53.5017]},"properties":{"name":"Power infrastructure","category":"generator","osm_type":"node","osm_id":"6708394682"}},{"type":"Feature","geometry":{"type":"Point","coordinates":[-2.06115,53.50168]},"properties":{"name":"Power infrastructure","category":"generator","osm_type":"node","osm_id":"6708394683"}},{"type":"Feature","geometry":{"type":"Point","coordinates":[-2.06341,53.50266]},"properties":{"name":"Power infrastructure","category":"generator","osm_type":"node","osm_id":"6708394684"}},{"type":"Feature","geometry":{"type":"Point","coordinates":[-2.06336,53.50267]},"properties":{"name":"Power infrastructure","category":"generator","osm_type":"node","osm_id":"6708394685"}},{"type":"Feature","geometry":{"type":"Point","coordinates":[-2.06308,53.50264]},"properties":{"name":"Power infrastructure","category":"generator","osm_type":"node","osm_id":"6708394686"}},{"type":"Feature","geometry":{"type":"Point","coordinates":[-2.06365,53.50273]},"properties":{"name":"Power infrastructure","category":"generator","osm_type":"node","osm_id":"6708394687"}},{"type":"Feature","geometry":{"type":"Point","coordinates":[-2.06371,53.50277]},"properties":{"name":"Power infrastructure","category":"generator","osm_type":"node","osm_id":"6708394688"}},{"type":"Feature","geometry":{"type":"Point","coordinates":[-2.06341,53.50298]},"properties":{"name":"Power infrastructure","category":"generator","osm_type":"node","osm_id":"6708394689"}},{"type":"Feature","geometry":{"type":"Point","coordinates":[-2.06331,53.50297]},"properties":{"name":"Power infrastructure","category":"generator","osm_type":"node","osm_id":"6708394690"}},{"type":"Feature","geometry":{"type":"Point","coordinates":[-2.06321,53.50297]},"properties":{"name":"Power infrastructure","category":"generator","osm_type":"node","osm_id":"6708394691"}},{"type":"Feature","geometry":{"type":"Point","coordinates":[-2.0629,53.50317]},"properties":{"name":"Power infrastructure","category":"generator","osm_type":"node","osm_id":"6708394692"}},{"type":"Feature","geometry":{"type":"Point","coordinates":[-2.06299,53.50339]},"properties":{"name":"Power infrastructure","category":"generator","osm_type":"node","osm_id":"6708394693"}},{"type":"Feature","geometry":{"type":"Point","coordinates":[-2.06423,53.50247]},"properties":{"name":"Power infrastructure","category":"generator","osm_type":"node","osm_id":"6708394694"}},{"type":"Feature","geometry":{"type":"Point","coordinates":[-2.06418,53.50251]},"properties":{"name":"Power infrastructure","category":"generator","osm_type":"node","osm_id":"6708394695"}},{"type":"Feature","geometry":{"type":"Point","coordinates":[-2.06564,53.50375]},"properties":{"name":"Power infrastructure","category":"generator","osm_type":"node","osm_id":"6708394696"}},{"type":"Feature","geometry":{"type":"Point","coordinates":[-2.05959,53.5035]},"properties":{"name":"Power infrastructure","category":"generator","osm_type":"node","osm_id":"6708394697"}},{"type":"Feature","geometry":{"type":"Point","coordinates":[-2.05966,53.50347]},"properties":{"name":"Power infrastructure","category":"generator","osm_type":"node","osm_id":"6708394698"}},{"type":"Feature","geometry":{"type":"Point","coordinates":[-2.06741,53.50289]},"properties":{"name":"Power infrastructure","category":"generator","osm_type":"node","osm_id":"6708394703"}},{"type":"Feature","geometry":{"type":"Point","coordinates":[-2.06819,53.50295]},"properties":{"name":"Power infrastructure","category":"generator","osm_type":"node","osm_id":"6708394704"}},{"type":"Feature","geometry":{"type":"Point","coordinates":[-2.06997,53.50284]},"properties":{"name":"Power infrastructure","category":"generator","osm_type":"node","osm_id":"6708487460"}},{"type":"Feature","geometry":{"type":"Point","coordinates":[-2.0711,53.50289]},"properties":{"name":"Power infrastructure","category":"generator","osm_type":"node","osm_id":"6708487461"}},{"type":"Feature","geometry":{"type":"Point","coordinates":[-2.06976,53.50281]},"properties":{"name":"Power infrastructure","category":"generator","osm_type":"node","osm_id":"6708487462"}},{"type":"Feature","geometry":{"type":"Point","coordinates":[-2.06963,53.50282]},"properties":{"name":"Power infrastructure","category":"generator","osm_type":"node","osm_id":"6708487463"}},{"type":"Feature","geometry":{"type":"Point","coordinates":[-2.06954,53.50284]},"properties":{"name":"Power infrastructure","category":"generator","osm_type":"node","osm_id":"6708487464"}},{"type":"Feature","geometry":{"type":"Point","coordinates":[-2.06949,53.50284]},"properties":{"name":"Power infrastructure","category":"generator","osm_type":"node","osm_id":"6708487465"}},{"type":"Feature","geometry":{"type":"Point","coordinates":[-2.06943,53.50285]},"properties":{"name":"Power infrastructure","category":"generator","osm_type":"node","osm_id":"6708487466"}},{"type":"Feature","geometry":{"type":"Point","coordinates":[-2.06937,53.50285]},"properties":{"name":"Power infrastructure","category":"generator","osm_type":"node","osm_id":"6708487467"}},{"type":"Feature","geometry":{"type":"Point","coordinates":[-2.07302,53.50144]},"properties":{"name":"Power infrastructure","category":"generator","osm_type":"node","osm_id":"6708487468"}},{"type":"Feature","geometry":{"type":"Point","coordinates":[-2.07538,53.50077]},"properties":{"name":"Power infrastructure","category":"generator","osm_type":"node","osm_id":"6708487469"}},{"type":"Feature","geometry":{"type":"Point","coordinates":[-2.07587,53.50075]},"properties":{"name":"Power infrastructure","category":"generator","osm_type":"node","osm_id":"6708487470"}},{"type":"Feature","geometry":{"type":"Point","coordinates":[-2.07622,53.50072]},"properties":{"name":"Power infrastructure","category":"generator","osm_type":"node","osm_id":"6708487471"}},{"type":"Feature","geometry":{"type":"Point","coordinates":[-2.08207,53.50085]},"properties":{"name":"Power infrastructure","category":"generator","osm_type":"node","osm_id":"6708536610"}},{"type":"Feature","geometry":{"type":"Point","coordinates":[-2.08211,53.50083]},"properties":{"name":"Power infrastructure","category":"generator","osm_type":"node","osm_id":"6708536611"}},{"type":"Feature","geometry":{"type":"Point","coordinates":[-2.0822,53.50078]},"properties":{"name":"Power infrastructure","category":"generator","osm_type":"node","osm_id":"6708536612"}},{"type":"Feature","geometry":{"type":"Point","coordinates":[-2.08217,53.5008]},"properties":{"name":"Power infrastructure","category":"generator","osm_type":"node","osm_id":"6708536613"}},{"type":"Feature","geometry":{"type":"Point","coordinates":[-2.0816,53.50086]},"properties":{"name":"Power infrastructure","category":"generator","osm_type":"node","osm_id":"6708536614"}},{"type":"Feature","geometry":{"type":"Point","coordinates":[-2.08156,53.50083]},"properties":{"name":"Power infrastructure","category":"generator","osm_type":"node","osm_id":"6708536615"}},{"type":"Feature","geometry":{"type":"Point","coordinates":[-2.08151,53.50079]},"properties":{"name":"Power infrastructure","category":"generator","osm_type":"node","osm_id":"6708536616"}},{"type":"Feature","geometry":{"type":"Point","coordinates":[-2.08148,53.50077]},"properties":{"name":"Power infrastructure","category":"generator","osm_type":"node","osm_id":"6708536617"}},{"type":"Feature","geometry":{"type":"Point","coordinates":[-2.08169,53.50092]},"properties":{"name":"Power infrastructure","category":"generator","osm_type":"node","osm_id":"6708536618"}},{"type":"Feature","geometry":{"type":"Point","coordinates":[-2.08172,53.50095]},"properties":{"name":"Power infrastructure","category":"generator","osm_type":"node","osm_id":"6708536619"}},{"type":"Feature","geometry":{"type":"Point","coordinates":[-2.08177,53.50098]},"properties":{"name":"Power infrastructure","category":"generator","osm_type":"node","osm_id":"6708536620"}},{"type":"Feature","geometry":{"type":"Point","coordinates":[-2.08181,53.501]},"properties":{"name":"Power infrastructure","category":"generator","osm_type":"node","osm_id":"6708536621"}},{"type":"Feature","geometry":{"type":"Point","coordinates":[-2.08194,53.50109]},"properties":{"name":"Power infrastructure","category":"generator","osm_type":"node","osm_id":"6708536622"}},{"type":"Feature","geometry":{"type":"Point","coordinates":[-2.0819,53.50107]},"properties":{"name":"Power infrastructure","category":"generator","osm_type":"node","osm_id":"6708536623"}},{"type":"Feature","geometry":{"type":"Point","coordinates":[-2.08199,53.50113]},"properties":{"name":"Power infrastructure","category":"generator","osm_type":"node","osm_id":"6708536624"}},{"type":"Feature","geometry":{"type":"Point","coordinates":[-2.08202,53.50115]},"properties":{"name":"Power infrastructure","category":"generator","osm_type":"node","osm_id":"6708536625"}},{"type":"Feature","geometry":{"type":"Point","coordinates":[-2.0822,53.5011]},"properties":{"name":"Power infrastructure","category":"generator","osm_type":"node","osm_id":"6708536626"}},{"type":"Feature","geometry":{"type":"Point","coordinates":[-2.08223,53.50108]},"properties":{"name":"Power infrastructure","category":"generator","osm_type":"node","osm_id":"6708536627"}},{"type":"Feature","geometry":{"type":"Point","coordinates":[-2.0823,53.50105]},"properties":{"name":"Power infrastructure","category":"generator","osm_type":"node","osm_id":"6708536628"}},{"type":"Feature","geometry":{"type":"Point","coordinates":[-2.08233,53.50103]},"properties":{"name":"Power infrastructure","category":"generator","osm_type":"node","osm_id":"6708536629"}},{"type":"Feature","geometry":{"type":"Point","coordinates":[-2.08243,53.50098]},"properties":{"name":"Power infrastructure","category":"generator","osm_type":"node","osm_id":"6708536630"}},{"type":"Feature","geometry":{"type":"Point","coordinates":[-2.08247,53.50096]},"properties":{"name":"Power infrastructure","category":"generator","osm_type":"node","osm_id":"6708536631"}},{"type":"Feature","geometry":{"type":"Point","coordinates":[-2.08253,53.50093]},"properties":{"name":"Power infrastructure","category":"generator","osm_type":"node","osm_id":"6708536632"}},{"type":"Feature","geometry":{"type":"Point","coordinates":[-2.08256,53.50091]},"properties":{"name":"Power infrastructure","category":"generator","osm_type":"node","osm_id":"6708536633"}},{"type":"Feature","geometry":{"type":"Point","coordinates":[-2.08174,53.50063]},"properties":{"name":"Power infrastructure","category":"generator","osm_type":"node","osm_id":"6708536634"}},{"type":"Feature","geometry":{"type":"Point","coordinates":[-2.08177,53.50061]},"properties":{"name":"Power infrastructure","category":"generator","osm_type":"node","osm_id":"6708536635"}},{"type":"Feature","geometry":{"type":"Point","coordinates":[-2.08184,53.50058]},"properties":{"name":"Power infrastructure","category":"generator","osm_type":"node","osm_id":"6708536636"}},{"type":"Feature","geometry":{"type":"Point","coordinates":[-2.08187,53.50056]},"properties":{"name":"Power infrastructure","category":"generator","osm_type":"node","osm_id":"6708536637"}},{"type":"Feature","geometry":{"type":"Point","coordinates":[-2.08273,53.50079]},"properties":{"name":"Power infrastructure","category":"generator","osm_type":"node","osm_id":"6708536638"}},{"type":"Feature","geometry":{"type":"Point","coordinates":[-2.08269,53.50076]},"properties":{"name":"Power infrastructure","category":"generator","osm_type":"node","osm_id":"6708536639"}},{"type":"Feature","geometry":{"type":"Point","coordinates":[-2.08264,53.50072]},"properties":{"name":"Power infrastructure","category":"generator","osm_type":"node","osm_id":"6708536640"}},{"type":"Feature","geometry":{"type":"Point","coordinates":[-2.08261,53.5007]},"properties":{"name":"Power infrastructure","category":"generator","osm_type":"node","osm_id":"6708536641"}},{"type":"Feature","geometry":{"type":"Point","coordinates":[-2.08252,53.50063]},"properties":{"name":"Power infrastructure","category":"generator","osm_type":"node","osm_id":"6708536642"}},{"type":"Feature","geometry":{"type":"Point","coordinates":[-2.08249,53.50062]},"properties":{"name":"Power infrastructure","category":"generator","osm_type":"node","osm_id":"6708536643"}},{"type":"Feature","geometry":{"type":"Point","coordinates":[-2.08232,53.50048]},"properties":{"name":"Power infrastructure","category":"generator","osm_type":"node","osm_id":"6708536644"}},{"type":"Feature","geometry":{"type":"Point","coordinates":[-2.08227,53.50045]},"properties":{"name":"Power infrastructure","category":"generator","osm_type":"node","osm_id":"6708536645"}},{"type":"Feature","geometry":{"type":"Point","coordinates":[-2.08223,53.50043]},"properties":{"name":"Power infrastructure","category":"generator","osm_type":"node","osm_id":"6708536646"}},{"type":"Feature","geometry":{"type":"Point","coordinates":[-2.0822,53.50041]},"properties":{"name":"Power infrastructure","category":"generator","osm_type":"node","osm_id":"6708536647"}},{"type":"Feature","geometry":{"type":"Point","coordinates":[-2.08597,53.50232]},"properties":{"name":"Power infrastructure","category":"generator","osm_type":"node","osm_id":"6708536648"}},{"type":"Feature","geometry":{"type":"Point","coordinates":[-2.08725,53.50192]},"properties":{"name":"Power infrastructure","category":"generator","osm_type":"node","osm_id":"6708536649"}},{"type":"Feature","geometry":{"type":"Point","coordinates":[-2.08756,53.50183]},"properties":{"name":"Power infrastructure","category":"generator","osm_type":"node","osm_id":"6708536650"}},{"type":"Feature","geometry":{"type":"Point","coordinates":[-2.0876,53.50182]},"properties":{"name":"Power infrastructure","category":"generator","osm_type":"node","osm_id":"6708536651"}},{"type":"Feature","geometry":{"type":"Point","coordinates":[-2.08778,53.50206]},"properties":{"name":"Power infrastructure","category":"generator","osm_type":"node","osm_id":"6708536652"}},{"type":"Feature","geometry":{"type":"Point","coordinates":[-2.08773,53.50207]},"properties":{"name":"Power infrastructure","category":"generator","osm_type":"node","osm_id":"6708536653"}},{"type":"Feature","geometry":{"type":"Point","coordinates":[-2.0875,53.50184]},"properties":{"name":"Power infrastructure","category":"generator","osm_type":"node","osm_id":"6708536654"}},{"type":"Feature","geometry":{"type":"Point","coordinates":[-2.08745,53.50186]},"properties":{"name":"Power infrastructure","category":"generator","osm_type":"node","osm_id":"6708536655"}},{"type":"Feature","geometry":{"type":"Point","coordinates":[-2.0874,53.50187]},"properties":{"name":"Power infrastructure","category":"generator","osm_type":"node","osm_id":"6708536656"}},{"type":"Feature","geometry":{"type":"Point","coordinates":[-2.08736,53.50189]},"properties":{"name":"Power infrastructure","category":"generator","osm_type":"node","osm_id":"6708536657"}},{"type":"Feature","geometry":{"type":"Point","coordinates":[-2.08797,53.5033]},"properties":{"name":"Power infrastructure","category":"generator","osm_type":"node","osm_id":"6708536658"}},{"type":"Feature","geometry":{"type":"Point","coordinates":[-2.08682,53.50318]},"properties":{"name":"Power infrastructure","category":"generator","osm_type":"node","osm_id":"6708536659"}},{"type":"Feature","geometry":{"type":"Point","coordinates":[-2.10809,53.50051]},"properties":{"name":"Power infrastructure","category":"generator","osm_type":"node","osm_id":"6709664230"}},{"type":"Feature","geometry":{"type":"Point","coordinates":[-2.10851,53.50056]},"properties":{"name":"Power infrastructure","category":"generator","osm_type":"node","osm_id":"6709664234"}},{"type":"Feature","geometry":{"type":"Point","coordinates":[-2.10903,53.5006]},"properties":{"name":"Power infrastructure","category":"generator","osm_type":"node","osm_id":"6709664240"}},{"type":"Feature","geometry":{"type":"Point","coordinates":[-2.10836,53.50054]},"properties":{"name":"Power infrastructure","category":"generator","osm_type":"node","osm_id":"6709664244"}},{"type":"Feature","geometry":{"type":"Point","coordinates":[-2.10958,53.5]},"properties":{"name":"Power infrastructure","category":"generator","osm_type":"node","osm_id":"6709664268"}},{"type":"Feature","geometry":{"type":"Point","coordinates":[-2.11034,53.50045]},"properties":{"name":"Power infrastructure","category":"generator","osm_type":"node","osm_id":"6709664272"}},{"type":"Feature","geometry":{"type":"Point","coordinates":[-2.10909,53.50015]},"properties":{"name":"Power infrastructure","category":"generator","osm_type":"node","osm_id":"6709664277"}},{"type":"Feature","geometry":{"type":"Point","coordinates":[-2.10974,53.50033]},"properties":{"name":"Power infrastructure","category":"generator","osm_type":"node","osm_id":"6709672488"}},{"type":"Feature","geometry":{"type":"Point","coordinates":[-2.10975,53.50006]},"properties":{"name":"Power infrastructure","category":"generator","osm_type":"node","osm_id":"6709672493"}},{"type":"Feature","geometry":{"type":"Point","coordinates":[-2.10964,53.50031]},"properties":{"name":"Power infrastructure","category":"generator","osm_type":"node","osm_id":"6709672508"}},{"type":"Feature","geometry":{"type":"Point","coordinates":[-2.10824,53.50053]},"properties":{"name":"Power infrastructure","category":"generator","osm_type":"node","osm_id":"6709672519"}},{"type":"Feature","geometry":{"type":"Point","coordinates":[-2.10702,53.50267]},"properties":{"name":"Power infrastructure","category":"generator","osm_type":"node","osm_id":"6709692838"}},{"type":"Feature","geometry":{"type":"Point","coordinates":[-2.10848,53.50187]},"properties":{"name":"Power infrastructure","category":"generator","osm_type":"node","osm_id":"6709692839"}},{"type":"Feature","geometry":{"type":"Point","coordinates":[-2.10199,53.50371]},"properties":{"name":"Power infrastructure","category":"generator","osm_type":"node","osm_id":"6709692840"}},{"type":"Feature","geometry":{"type":"Point","coordinates":[-2.1029,53.50364]},"properties":{"name":"Power infrastructure","category":"generator","osm_type":"node","osm_id":"6709692841"}},{"type":"Feature","geometry":{"type":"Point","coordinates":[-2.10783,53.50134]},"properties":{"name":"Power infrastructure","category":"generator","osm_type":"node","osm_id":"6709692842"}},{"type":"Feature","geometry":{"type":"Point","coordinates":[-2.10224,53.50372]},"properties":{"name":"Power infrastructure","category":"generator","osm_type":"node","osm_id":"6709692843"}},{"type":"Feature","geometry":{"type":"Point","coordinates":[-2.10769,53.50133]},"properties":{"name":"Power infrastructure","category":"generator","osm_type":"node","osm_id":"6709692844"}},{"type":"Feature","geometry":{"type":"Point","coordinates":[-2.10987,53.50174]},"properties":{"name":"Power infrastructure","category":"generator","osm_type":"node","osm_id":"6709692845"}},{"type":"Feature","geometry":{"type":"Point","coordinates":[-2.10177,53.50372]},"properties":{"name":"Power infrastructure","category":"generator","osm_type":"node","osm_id":"6709692846"}},{"type":"Feature","geometry":{"type":"Point","coordinates":[-2.103,53.50363]},"properties":{"name":"Power infrastructure","category":"generator","osm_type":"node","osm_id":"6709692847"}},{"type":"Feature","geometry":{"type":"Point","coordinates":[-2.1072,53.50265]},"properties":{"name":"Power infrastructure","category":"generator","osm_type":"node","osm_id":"6709692848"}},{"type":"Feature","geometry":{"type":"Point","coordinates":[-2.10215,53.50372]},"properties":{"name":"Power infrastructure","category":"generator","osm_type":"node","osm_id":"6709692849"}},{"type":"Feature","geometry":{"type":"Point","coordinates":[-2.10774,53.50189]},"properties":{"name":"Power infrastructure","category":"generator","osm_type":"node","osm_id":"6709692850"}},{"type":"Feature","geometry":{"type":"Point","coordinates":[-2.10252,53.50369]},"properties":{"name":"Power infrastructure","category":"generator","osm_type":"node","osm_id":"6709692851"}},{"type":"Feature","geometry":{"type":"Point","coordinates":[-2.10137,53.50375]},"properties":{"name":"Power infrastructure","category":"generator","osm_type":"node","osm_id":"6709692852"}},{"type":"Feature","geometry":{"type":"Point","coordinates":[-2.10688,53.50269]},"properties":{"name":"Power infrastructure","category":"generator","osm_type":"node","osm_id":"6709692853"}},{"type":"Feature","geometry":{"type":"Point","coordinates":[-2.10852,53.50218]},"properties":{"name":"Power infrastructure","category":"generator","osm_type":"node","osm_id":"6709692854"}},{"type":"Feature","geometry":{"type":"Point","coordinates":[-2.10754,53.5013]},"properties":{"name":"Power infrastructure","category":"generator","osm_type":"node","osm_id":"6709692855"}},{"type":"Feature","geometry":{"type":"Point","coordinates":[-2.10677,53.50205]},"properties":{"name":"Power infrastructure","category":"generator","osm_type":"node","osm_id":"6709692856"}},{"type":"Feature","geometry":{"type":"Point","coordinates":[-2.10965,53.50182]},"properties":{"name":"Power infrastructure","category":"generator","osm_type":"node","osm_id":"6709692857"}},{"type":"Feature","geometry":{"type":"Point","coordinates":[-2.10165,53.50373]},"properties":{"name":"Power infrastructure","category":"generator","osm_type":"node","osm_id":"6709692858"}},{"type":"Feature","geometry":{"type":"Point","coordinates":[-2.10784,53.50191]},"properties":{"name":"Power infrastructure","category":"generator","osm_type":"node","osm_id":"6709692859"}},{"type":"Feature","geometry":{"type":"Point","coordinates":[-2.10187,53.50371]},"properties":{"name":"Power infrastructure","category":"generator","osm_type":"node","osm_id":"6709692860"}},{"type":"Feature","geometry":{"type":"Point","coordinates":[-2.10792,53.50136]},"properties":{"name":"Power infrastructure","category":"generator","osm_type":"node","osm_id":"6709692861"}},{"type":"Feature","geometry":{"type":"Point","coordinates":[-2.1093,53.50167]},"properties":{"name":"Power infrastructure","category":"generator","osm_type":"node","osm_id":"6709692862"}},{"type":"Feature","geometry":{"type":"Point","coordinates":[-2.10801,53.50137]},"properties":{"name":"Power infrastructure","category":"generator","osm_type":"node","osm_id":"6709692863"}},{"type":"Feature","geometry":{"type":"Point","coordinates":[-2.10115,53.50376]},"properties":{"name":"Power infrastructure","category":"generator","osm_type":"node","osm_id":"6709692864"}},{"type":"Feature","geometry":{"type":"Point","coordinates":[-2.10858,53.50189]},"properties":{"name":"Power infrastructure","category":"generator","osm_type":"node","osm_id":"6709692865"}},{"type":"Feature","geometry":{"type":"Point","coordinates":[-2.1092,53.50171]},"properties":{"name":"Power infrastructure","category":"generator","osm_type":"node","osm_id":"6709692866"}},{"type":"Feature","geometry":{"type":"Point","coordinates":[-2.10278,53.50364]},"properties":{"name":"Power infrastructure","category":"generator","osm_type":"node","osm_id":"6709692867"}},{"type":"Feature","geometry":{"type":"Point","coordinates":[-2.10698,53.50235]},"properties":{"name":"Power infrastructure","category":"generator","osm_type":"node","osm_id":"6709692868"}},{"type":"Feature","geometry":{"type":"Point","coordinates":[-2.107,53.50124]},"properties":{"name":"Power infrastructure","category":"generator","osm_type":"node","osm_id":"6709692869"}},{"type":"Feature","geometry":{"type":"Point","coordinates":[-2.10879,53.50192]},"properties":{"name":"Power infrastructure","category":"generator","osm_type":"node","osm_id":"6709692870"}},{"type":"Feature","geometry":{"type":"Point","coordinates":[-2.08099,53.56439]},"properties":{"name":"Power infrastructure","category":"generator","osm_type":"node","osm_id":"6709974904"}},{"type":"Feature","geometry":{"type":"Point","coordinates":[-2.08162,53.56434]},"properties":{"name":"Power infrastructure","category":"generator","osm_type":"node","osm_id":"6709974905"}},{"type":"Feature","geometry":{"type":"Point","coordinates":[-2.08172,53.56406]},"properties":{"name":"Power infrastructure","category":"generator","osm_type":"node","osm_id":"6709974906"}},{"type":"Feature","geometry":{"type":"Point","coordinates":[-2.08207,53.56403]},"properties":{"name":"Power infrastructure","category":"generator","osm_type":"node","osm_id":"6709974907"}},{"type":"Feature","geometry":{"type":"Point","coordinates":[-2.08055,53.56316]},"properties":{"name":"Power infrastructure","category":"generator","osm_type":"node","osm_id":"6709974908"}},{"type":"Feature","geometry":{"type":"Point","coordinates":[-2.08049,53.56317]},"properties":{"name":"Power infrastructure","category":"generator","osm_type":"node","osm_id":"6709974909"}},{"type":"Feature","geometry":{"type":"Point","coordinates":[-2.08049,53.56314]},"properties":{"name":"Power infrastructure","category":"generator","osm_type":"node","osm_id":"6709974910"}},{"type":"Feature","geometry":{"type":"Point","coordinates":[-2.0829,53.56454]},"properties":{"name":"Power infrastructure","category":"generator","osm_type":"node","osm_id":"6709974911"}},{"type":"Feature","geometry":{"type":"Point","coordinates":[-2.08381,53.56388]},"properties":{"name":"Power infrastructure","category":"generator","osm_type":"node","osm_id":"6709974912"}},{"type":"Feature","geometry":{"type":"Point","coordinates":[-2.08467,53.56478]},"properties":{"name":"Power infrastructure","category":"generator","osm_type":"node","osm_id":"6709974913"}},{"type":"Feature","geometry":{"type":"Point","coordinates":[-2.0809,53.56631]},"properties":{"name":"Power infrastructure","category":"generator","osm_type":"node","osm_id":"6709974914"}},{"type":"Feature","geometry":{"type":"Point","coordinates":[-2.08159,53.56724]},"properties":{"name":"Power infrastructure","category":"generator","osm_type":"node","osm_id":"6709974915"}},{"type":"Feature","geometry":{"type":"Point","coordinates":[-2.08114,53.56664]},"properties":{"name":"Power infrastructure","category":"generator","osm_type":"node","osm_id":"6709974916"}},{"type":"Feature","geometry":{"type":"Point","coordinates":[-2.08068,53.56666]},"properties":{"name":"Power infrastructure","category":"generator","osm_type":"node","osm_id":"6709974917"}},{"type":"Feature","geometry":{"type":"Point","coordinates":[-2.08027,53.56603]},"properties":{"name":"Power infrastructure","category":"generator","osm_type":"node","osm_id":"6709974918"}},{"type":"Feature","geometry":{"type":"Point","coordinates":[-2.08005,53.56602]},"properties":{"name":"Power infrastructure","category":"generator","osm_type":"node","osm_id":"6709974919"}},{"type":"Feature","geometry":{"type":"Point","coordinates":[-2.08205,53.56799]},"properties":{"name":"Power infrastructure","category":"generator","osm_type":"node","osm_id":"6709974920"}},{"type":"Feature","geometry":{"type":"Point","coordinates":[-2.0825,53.56389]},"properties":{"name":"Power infrastructure","category":"generator","osm_type":"node","osm_id":"6709974921"}},{"type":"Feature","geometry":{"type":"Point","coordinates":[-2.08244,53.5639]},"properties":{"name":"Power infrastructure","category":"generator","osm_type":"node","osm_id":"6709974922"}},{"type":"Feature","geometry":{"type":"Point","coordinates":[-2.07802,53.5631]},"properties":{"name":"Power infrastructure","category":"generator","osm_type":"node","osm_id":"6709974923"}},{"type":"Feature","geometry":{"type":"Point","coordinates":[-2.07819,53.56307]},"properties":{"name":"Power infrastructure","category":"generator","osm_type":"node","osm_id":"6709974924"}},{"type":"Feature","geometry":{"type":"Point","coordinates":[-2.07767,53.56315]},"properties":{"name":"Power infrastructure","category":"generator","osm_type":"node","osm_id":"6709974925"}},{"type":"Feature","geometry":{"type":"Point","coordinates":[-2.07614,53.5633]},"properties":{"name":"Power infrastructure","category":"generator","osm_type":"node","osm_id":"6709974926"}},{"type":"Feature","geometry":{"type":"Point","coordinates":[-2.07607,53.56331]},"properties":{"name":"Power infrastructure","category":"generator","osm_type":"node","osm_id":"6709974927"}},{"type":"Feature","geometry":{"type":"Point","coordinates":[-2.076,53.5633]},"properties":{"name":"Power infrastructure","category":"generator","osm_type":"node","osm_id":"6709974928"}},{"type":"Feature","geometry":{"type":"Point","coordinates":[-2.07592,53.56331]},"properties":{"name":"Power infrastructure","category":"generator","osm_type":"node","osm_id":"6709974929"}},{"type":"Feature","geometry":{"type":"Point","coordinates":[-2.07598,53.56347]},"properties":{"name":"Power infrastructure","category":"generator","osm_type":"node","osm_id":"6709974930"}},{"type":"Feature","geometry":{"type":"Point","coordinates":[-2.07695,53.56314]},"properties":{"name":"Power infrastructure","category":"generator","osm_type":"node","osm_id":"6709974931"}},{"type":"Feature","geometry":{"type":"Point","coordinates":[-2.07417,53.56494]},"properties":{"name":"Power infrastructure","category":"generator","osm_type":"node","osm_id":"6709974932"}},{"type":"Feature","geometry":{"type":"Point","coordinates":[-2.07442,53.5649]},"properties":{"name":"Power infrastructure","category":"generator","osm_type":"node","osm_id":"6709974933"}},{"type":"Feature","geometry":{"type":"Point","coordinates":[-2.07447,53.5646]},"properties":{"name":"Power infrastructure","category":"generator","osm_type":"node","osm_id":"6709974934"}},{"type":"Feature","geometry":{"type":"Point","coordinates":[-2.07439,53.56458]},"properties":{"name":"Power infrastructure","category":"generator","osm_type":"node","osm_id":"6709974935"}},{"type":"Feature","geometry":{"type":"Point","coordinates":[-2.07518,53.56478]},"properties":{"name":"Power infrastructure","category":"generator","osm_type":"node","osm_id":"6709974936"}},{"type":"Feature","geometry":{"type":"Point","coordinates":[-2.07509,53.5648]},"properties":{"name":"Power infrastructure","category":"generator","osm_type":"node","osm_id":"6709974937"}},{"type":"Feature","geometry":{"type":"Point","coordinates":[-2.07437,53.56603]},"properties":{"name":"Power infrastructure","category":"generator","osm_type":"node","osm_id":"6709974938"}},{"type":"Feature","geometry":{"type":"Point","coordinates":[-2.07376,53.56803]},"properties":{"name":"Power infrastructure","category":"generator","osm_type":"node","osm_id":"6709974939"}},{"type":"Feature","geometry":{"type":"Point","coordinates":[-2.07291,53.56828]},"properties":{"name":"Power infrastructure","category":"generator","osm_type":"node","osm_id":"6709974940"}},{"type":"Feature","geometry":{"type":"Point","coordinates":[-2.07272,53.56832]},"properties":{"name":"Power infrastructure","category":"generator","osm_type":"node","osm_id":"6709974941"}},{"type":"Feature","geometry":{"type":"Point","coordinates":[-2.06731,53.56715]},"properties":{"name":"Power infrastructure","category":"generator","osm_type":"node","osm_id":"6709974944"}},{"type":"Feature","geometry":{"type":"Point","coordinates":[-2.06745,53.56685]},"properties":{"name":"Power infrastructure","category":"generator","osm_type":"node","osm_id":"6709974945"}},{"type":"Feature","geometry":{"type":"Point","coordinates":[-2.06753,53.56685]},"properties":{"name":"Power infrastructure","category":"generator","osm_type":"node","osm_id":"6709974946"}},{"type":"Feature","geometry":{"type":"Point","coordinates":[-2.06757,53.56623]},"properties":{"name":"Power infrastructure","category":"generator","osm_type":"node","osm_id":"6709974947"}},{"type":"Feature","geometry":{"type":"Point","coordinates":[-2.06757,53.56613]},"properties":{"name":"Power infrastructure","category":"generator","osm_type":"node","osm_id":"6709974948"}},{"type":"Feature","geometry":{"type":"Point","coordinates":[-2.06756,53.56603]},"properties":{"name":"Power infrastructure","category":"generator","osm_type":"node","osm_id":"6709974949"}},{"type":"Feature","geometry":{"type":"Point","coordinates":[-2.06754,53.56593]},"properties":{"name":"Power infrastructure","category":"generator","osm_type":"node","osm_id":"6709974950"}},{"type":"Feature","geometry":{"type":"Point","coordinates":[-2.06799,53.56603]},"properties":{"name":"Power infrastructure","category":"generator","osm_type":"node","osm_id":"6709974951"}},{"type":"Feature","geometry":{"type":"Point","coordinates":[-2.06798,53.56595]},"properties":{"name":"Power infrastructure","category":"generator","osm_type":"node","osm_id":"6709974952"}},{"type":"Feature","geometry":{"type":"Point","coordinates":[-2.06744,53.56567]},"properties":{"name":"Power infrastructure","category":"generator","osm_type":"node","osm_id":"6709974953"}},{"type":"Feature","geometry":{"type":"Point","coordinates":[-2.06466,53.56649]},"properties":{"name":"Power infrastructure","category":"generator","osm_type":"node","osm_id":"6709974954"}},{"type":"Feature","geometry":{"type":"Point","coordinates":[-2.10123,53.50166]},"properties":{"name":"Power infrastructure","category":"generator","osm_type":"node","osm_id":"6711587949"}},{"type":"Feature","geometry":{"type":"Point","coordinates":[-2.10077,53.50229]},"properties":{"name":"Power infrastructure","category":"generator","osm_type":"node","osm_id":"6711587951"}},{"type":"Feature","geometry":{"type":"Point","coordinates":[-2.10037,53.5016]},"properties":{"name":"Power infrastructure","category":"generator","osm_type":"node","osm_id":"6711587962"}},{"type":"Feature","geometry":{"type":"Point","coordinates":[-2.10209,53.50209]},"properties":{"name":"Power infrastructure","category":"generator","osm_type":"node","osm_id":"6711587966"}},{"type":"Feature","geometry":{"type":"Point","coordinates":[-2.10183,53.50212]},"properties":{"name":"Power infrastructure","category":"generator","osm_type":"node","osm_id":"6711587972"}},{"type":"Feature","geometry":{"type":"Point","coordinates":[-2.10439,53.50148]},"properties":{"name":"Power infrastructure","category":"generator","osm_type":"node","osm_id":"6711587973"}},{"type":"Feature","geometry":{"type":"Point","coordinates":[-2.10083,53.50255]},"properties":{"name":"Power infrastructure","category":"generator","osm_type":"node","osm_id":"6711587976"}},{"type":"Feature","geometry":{"type":"Point","coordinates":[-2.10349,53.50176]},"properties":{"name":"Power infrastructure","category":"generator","osm_type":"node","osm_id":"6711587977"}},{"type":"Feature","geometry":{"type":"Point","coordinates":[-2.1022,53.50234]},"properties":{"name":"Power infrastructure","category":"generator","osm_type":"node","osm_id":"6711587980"}},{"type":"Feature","geometry":{"type":"Point","coordinates":[-2.10054,53.50158]},"properties":{"name":"Power infrastructure","category":"generator","osm_type":"node","osm_id":"6711587984"}},{"type":"Feature","geometry":{"type":"Point","coordinates":[-2.10142,53.50246]},"properties":{"name":"Power infrastructure","category":"generator","osm_type":"node","osm_id":"6711604185"}},{"type":"Feature","geometry":{"type":"Point","coordinates":[-2.10232,53.50232]},"properties":{"name":"Power infrastructure","category":"generator","osm_type":"node","osm_id":"6711604186"}},{"type":"Feature","geometry":{"type":"Point","coordinates":[-2.10154,53.50244]},"properties":{"name":"Power infrastructure","category":"generator","osm_type":"node","osm_id":"6711604188"}},{"type":"Feature","geometry":{"type":"Point","coordinates":[-2.10087,53.50228]},"properties":{"name":"Power infrastructure","category":"generator","osm_type":"node","osm_id":"6711604190"}},{"type":"Feature","geometry":{"type":"Point","coordinates":[-2.10058,53.50188]},"properties":{"name":"Power infrastructure","category":"generator","osm_type":"node","osm_id":"6712032607"}},{"type":"Feature","geometry":{"type":"Point","coordinates":[-2.10042,53.50188]},"properties":{"name":"Power infrastructure","category":"generator","osm_type":"node","osm_id":"6712032608"}},{"type":"Feature","geometry":{"type":"Point","coordinates":[-2.10053,53.50188]},"properties":{"name":"Power infrastructure","category":"generator","osm_type":"node","osm_id":"6712032609"}},{"type":"Feature","geometry":{"type":"Point","coordinates":[-2.10047,53.50159]},"properties":{"name":"Power infrastructure","category":"generator","osm_type":"node","osm_id":"6712032610"}},{"type":"Feature","geometry":{"type":"Point","coordinates":[-2.10067,53.50068]},"properties":{"name":"Power infrastructure","category":"generator","osm_type":"node","osm_id":"6712032611"}},{"type":"Feature","geometry":{"type":"Point","coordinates":[-2.1008,53.50068]},"properties":{"name":"Power infrastructure","category":"generator","osm_type":"node","osm_id":"6712032612"}},{"type":"Feature","geometry":{"type":"Point","coordinates":[-2.10064,53.5038]},"properties":{"name":"Power infrastructure","category":"generator","osm_type":"node","osm_id":"6712032613"}},{"type":"Feature","geometry":{"type":"Point","coordinates":[-2.10339,53.50361]},"properties":{"name":"Power infrastructure","category":"generator","osm_type":"node","osm_id":"6712032614"}}]}