{"type":"FeatureCollection","features":[{"type":"Feature","geometry":{"type":"Point","coordinates":[-2.63449,53.68139]},"properties":{"name":"Power infrastructure","category":"generator","osm_type":"node","osm_id":"7724834994"}},{"type":"Feature","geometry":{"type":"Point","coordinates":[-2.63447,53.68132]},"properties":{"name":"Power infrastructure","category":"generator","osm_type":"node","osm_id":"7724834995"}},{"type":"Feature","geometry":{"type":"Point","coordinates":[-2.63441,53.68118]},"properties":{"name":"Power infrastructure","category":"generator","osm_type":"node","osm_id":"7724834996"}},{"type":"Feature","geometry":{"type":"Point","coordinates":[-2.63434,53.68106]},"properties":{"name":"Power infrastructure","category":"generator","osm_type":"node","osm_id":"7724834997"}},{"type":"Feature","geometry":{"type":"Point","coordinates":[-2.63421,53.68101]},"properties":{"name":"Power infrastructure","category":"generator","osm_type":"node","osm_id":"7724834998"}},{"type":"Feature","geometry":{"type":"Point","coordinates":[-2.63387,53.68112]},"properties":{"name":"Power infrastructure","category":"generator","osm_type":"node","osm_id":"7724835054"}},{"type":"Feature","geometry":{"type":"Point","coordinates":[-2.63391,53.68116]},"properties":{"name":"Power infrastructure","category":"generator","osm_type":"node","osm_id":"7724835055"}},{"type":"Feature","geometry":{"type":"Point","coordinates":[-2.63396,53.68119]},"properties":{"name":"Power infrastructure","category":"generator","osm_type":"node","osm_id":"7724835056"}},{"type":"Feature","geometry":{"type":"Point","coordinates":[-2.634,53.68122]},"properties":{"name":"Power infrastructure","category":"generator","osm_type":"node","osm_id":"7724835057"}},{"type":"Feature","geometry":{"type":"Point","coordinates":[-2.63404,53.68126]},"properties":{"name":"Power infrastructure","category":"generator","osm_type":"node","osm_id":"7724835058"}},{"type":"Feature","geometry":{"type":"Point","coordinates":[-2.63407,53.6813]},"properties":{"name":"Power infrastructure","category":"generator","osm_type":"node","osm_id":"7724835059"}},{"type":"Feature","geometry":{"type":"Point","coordinates":[-2.63414,53.68155]},"properties":{"name":"Power infrastructure","category":"generator","osm_type":"node","osm_id":"7724835060"}},{"type":"Feature","geometry":{"type":"Point","coordinates":[-2.63409,53.68156]},"properties":{"name":"Power infrastructure","category":"generator","osm_type":"node","osm_id":"7724835061"}},{"type":"Feature","geometry":{"type":"Point","coordinates":[-2.63401,53.68158]},"properties":{"name":"Power infrastructure","category":"generator","osm_type":"node","osm_id":"7724835062"}},{"type":"Feature","geometry":{"type":"Point","coordinates":[-2.63394,53.6816]},"properties":{"name":"Power infrastructure","category":"generator","osm_type":"node","osm_id":"7724835063"}},{"type":"Feature","geometry":{"type":"Point","coordinates":[-2.63388,53.68162]},"properties":{"name":"Power infrastructure","category":"generator","osm_type":"node","osm_id":"7724835064"}},{"type":"Feature","geometry":{"type":"Point","coordinates":[-2.63381,53.68164]},"properties":{"name":"Power infrastructure","category":"generator","osm_type":"node","osm_id":"7724835065"}},{"type":"Feature","geometry":{"type":"Point","coordinates":[-2.63372,53.68166]},"properties":{"name":"Power infrastructure","category":"generator","osm_type":"node","osm_id":"7724835066"}},{"type":"Feature","geometry":{"type":"Point","coordinates":[-2.63367,53.68168]},"properties":{"name":"Power infrastructure","category":"generator","osm_type":"node","osm_id":"7724835067"}},{"type":"Feature","geometry":{"type":"Point","coordinates":[-2.6336,53.6817]},"properties":{"name":"Power infrastructure","category":"generator","osm_type":"node","osm_id":"7724835068"}},{"type":"Feature","geometry":{"type":"Point","coordinates":[-2.63353,53.68172]},"properties":{"name":"Power infrastructure","category":"generator","osm_type":"node","osm_id":"7724835069"}},{"type":"Feature","geometry":{"type":"Point","coordinates":[-2.63346,53.68173]},"properties":{"name":"Power infrastructure","category":"generator","osm_type":"node","osm_id":"7724835070"}},{"type":"Feature","geometry":{"type":"Point","coordinates":[-2.63341,53.68176]},"properties":{"name":"Power infrastructure","category":"generator","osm_type":"node","osm_id":"7724835071"}},{"type":"Feature","geometry":{"type":"Point","coordinates":[-2.63359,53.68135]},"properties":{"name":"Power infrastructure","category":"generator","osm_type":"node","osm_id":"7724835072"}},{"type":"Feature","geometry":{"type":"Point","coordinates":[-2.63346,53.68139]},"properties":{"name":"Power infrastructure","category":"generator","osm_type":"node","osm_id":"7724835073"}},{"type":"Feature","geometry":{"type":"Point","coordinates":[-2.63334,53.68143]},"properties":{"name":"Power infrastructure","category":"generator","osm_type":"node","osm_id":"7724835074"}},{"type":"Feature","geometry":{"type":"Point","coordinates":[-2.63319,53.68146]},"properties":{"name":"Power infrastructure","category":"generator","osm_type":"node","osm_id":"7724835075"}},{"type":"Feature","geometry":{"type":"Point","coordinates":[-2.63259,53.68138]},"properties":{"name":"Power infrastructure","category":"generator","osm_type":"node","osm_id":"7724835076"}},{"type":"Feature","geometry":{"type":"Point","coordinates":[-2.63263,53.68143]},"properties":{"name":"Power infrastructure","category":"generator","osm_type":"node","osm_id":"7724835077"}},{"type":"Feature","geometry":{"type":"Point","coordinates":[-2.63265,53.68147]},"properties":{"name":"Power infrastructure","category":"generator","osm_type":"node","osm_id":"7724835078"}},{"type":"Feature","geometry":{"type":"Point","coordinates":[-2.63269,53.6815]},"properties":{"name":"Power infrastructure","category":"generator","osm_type":"node","osm_id":"7724835079"}},{"type":"Feature","geometry":{"type":"Point","coordinates":[-2.63273,53.68154]},"properties":{"name":"Power infrastructure","category":"generator","osm_type":"node","osm_id":"7724835080"}},{"type":"Feature","geometry":{"type":"Point","coordinates":[-2.63275,53.68158]},"properties":{"name":"Power infrastructure","category":"generator","osm_type":"node","osm_id":"7724835081"}},{"type":"Feature","geometry":{"type":"Point","coordinates":[-2.63285,53.68162]},"properties":{"name":"Power infrastructure","category":"generator","osm_type":"node","osm_id":"7724835082"}},{"type":"Feature","geometry":{"type":"Point","coordinates":[-2.63288,53.68166]},"properties":{"name":"Power infrastructure","category":"generator","osm_type":"node","osm_id":"7724835083"}},{"type":"Feature","geometry":{"type":"Point","coordinates":[-2.63291,53.6817]},"properties":{"name":"Power infrastructure","category":"generator","osm_type":"node","osm_id":"7724835084"}},{"type":"Feature","geometry":{"type":"Point","coordinates":[-2.63294,53.68175]},"properties":{"name":"Power infrastructure","category":"generator","osm_type":"node","osm_id":"7724835085"}},{"type":"Feature","geometry":{"type":"Point","coordinates":[-2.63297,53.68178]},"properties":{"name":"Power infrastructure","category":"generator","osm_type":"node","osm_id":"7724835086"}},{"type":"Feature","geometry":{"type":"Point","coordinates":[-2.633,53.68183]},"properties":{"name":"Power infrastructure","category":"generator","osm_type":"node","osm_id":"7724835087"}},{"type":"Feature","geometry":{"type":"Point","coordinates":[-2.63219,53.68206]},"properties":{"name":"Power infrastructure","category":"generator","osm_type":"node","osm_id":"7724838331"}},{"type":"Feature","geometry":{"type":"Point","coordinates":[-2.63212,53.68195]},"properties":{"name":"Power infrastructure","category":"generator","osm_type":"node","osm_id":"7724838332"}},{"type":"Feature","geometry":{"type":"Point","coordinates":[-2.63171,53.68199]},"properties":{"name":"Power infrastructure","category":"generator","osm_type":"node","osm_id":"7724838333"}},{"type":"Feature","geometry":{"type":"Point","coordinates":[-2.63147,53.68198]},"properties":{"name":"Power infrastructure","category":"generator","osm_type":"node","osm_id":"7724838334"}},{"type":"Feature","geometry":{"type":"Point","coordinates":[-2.63125,53.68197]},"properties":{"name":"Power infrastructure","category":"generator","osm_type":"node","osm_id":"7724838335"}},{"type":"Feature","geometry":{"type":"Point","coordinates":[-2.63102,53.68197]},"properties":{"name":"Power infrastructure","category":"generator","osm_type":"node","osm_id":"7724838336"}},{"type":"Feature","geometry":{"type":"Point","coordinates":[-2.63085,53.68194]},"properties":{"name":"Power infrastructure","category":"generator","osm_type":"node","osm_id":"7724838337"}},{"type":"Feature","geometry":{"type":"Point","coordinates":[-2.63087,53.68169]},"properties":{"name":"Power infrastructure","category":"generator","osm_type":"node","osm_id":"7724838338"}},{"type":"Feature","geometry":{"type":"Point","coordinates":[-2.63088,53.68157]},"properties":{"name":"Power infrastructure","category":"generator","osm_type":"node","osm_id":"7724838339"}},{"type":"Feature","geometry":{"type":"Point","coordinates":[-2.63134,53.68158]},"properties":{"name":"Power infrastructure","category":"generator","osm_type":"node","osm_id":"7724838340"}},{"type":"Feature","geometry":{"type":"Point","coordinates":[-2.63165,53.68161]},"properties":{"name":"Power infrastructure","category":"generator","osm_type":"node","osm_id":"7724838341"}},{"type":"Feature","geometry":{"type":"Point","coordinates":[-2.63183,53.68153]},"properties":{"name":"Power infrastructure","category":"generator","osm_type":"node","osm_id":"7724838342"}},{"type":"Feature","geometry":{"type":"Point","coordinates":[-2.63227,53.68151]},"properties":{"name":"Power infrastructure","category":"generator","osm_type":"node","osm_id":"7724838343"}},{"type":"Feature","geometry":{"type":"Point","coordinates":[-2.63237,53.68164]},"properties":{"name":"Power infrastructure","category":"generator","osm_type":"node","osm_id":"7724838344"}},{"type":"Feature","geometry":{"type":"Point","coordinates":[-2.6325,53.68175]},"properties":{"name":"Power infrastructure","category":"generator","osm_type":"node","osm_id":"7724838345"}},{"type":"Feature","geometry":{"type":"Point","coordinates":[-2.63261,53.68186]},"properties":{"name":"Power infrastructure","category":"generator","osm_type":"node","osm_id":"7724838346"}},{"type":"Feature","geometry":{"type":"Point","coordinates":[-2.63236,53.68289]},"properties":{"name":"Power infrastructure","category":"generator","osm_type":"node","osm_id":"7724850666"}},{"type":"Feature","geometry":{"type":"Point","coordinates":[-2.6325,53.68282]},"properties":{"name":"Power infrastructure","category":"generator","osm_type":"node","osm_id":"7724850667"}},{"type":"Feature","geometry":{"type":"Point","coordinates":[-2.63262,53.68272]},"properties":{"name":"Power infrastructure","category":"generator","osm_type":"node","osm_id":"7724850668"}},{"type":"Feature","geometry":{"type":"Point","coordinates":[-2.63273,53.68263]},"properties":{"name":"Power infrastructure","category":"generator","osm_type":"node","osm_id":"7724850669"}},{"type":"Feature","geometry":{"type":"Point","coordinates":[-2.63257,53.68241]},"properties":{"name":"Power infrastructure","category":"generator","osm_type":"node","osm_id":"7724850670"}},{"type":"Feature","geometry":{"type":"Point","coordinates":[-2.63233,53.68253]},"properties":{"name":"Power infrastructure","category":"generator","osm_type":"node","osm_id":"7724850671"}},{"type":"Feature","geometry":{"type":"Point","coordinates":[-2.63218,53.68263]},"properties":{"name":"Power infrastructure","category":"generator","osm_type":"node","osm_id":"7724850672"}},{"type":"Feature","geometry":{"type":"Point","coordinates":[-2.63206,53.68273]},"properties":{"name":"Power infrastructure","category":"generator","osm_type":"node","osm_id":"7724850673"}},{"type":"Feature","geometry":{"type":"Point","coordinates":[-2.63086,53.68217]},"properties":{"name":"Power infrastructure","category":"generator","osm_type":"node","osm_id":"7724850674"}},{"type":"Feature","geometry":{"type":"Point","coordinates":[-2.63119,53.6822]},"properties":{"name":"Power infrastructure","category":"generator","osm_type":"node","osm_id":"7724850675"}},{"type":"Feature","geometry":{"type":"Point","coordinates":[-2.63136,53.68229]},"properties":{"name":"Power infrastructure","category":"generator","osm_type":"node","osm_id":"7724850676"}},{"type":"Feature","geometry":{"type":"Point","coordinates":[-2.63153,53.68239]},"properties":{"name":"Power infrastructure","category":"generator","osm_type":"node","osm_id":"7724850677"}},{"type":"Feature","geometry":{"type":"Point","coordinates":[-2.63168,53.68247]},"properties":{"name":"Power infrastructure","category":"generator","osm_type":"node","osm_id":"7724850678"}},{"type":"Feature","geometry":{"type":"Point","coordinates":[-2.63183,53.68229]},"properties":{"name":"Power infrastructure","category":"generator","osm_type":"node","osm_id":"7724850679"}},{"type":"Feature","geometry":{"type":"Point","coordinates":[-2.63197,53.6822]},"properties":{"name":"Power infrastructure","category":"generator","osm_type":"node","osm_id":"7724850680"}},{"type":"Feature","geometry":{"type":"Point","coordinates":[-2.63497,53.67408]},"properties":{"name":"Power infrastructure","category":"generator","osm_type":"node","osm_id":"7726429834"}},{"type":"Feature","geometry":{"type":"Point","coordinates":[-2.6353,53.63419]},"properties":{"name":"Power infrastructure","category":"generator","osm_type":"node","osm_id":"7730886715"}},{"type":"Feature","geometry":{"type":"Point","coordinates":[-2.63539,53.63479]},"properties":{"name":"Power infrastructure","category":"generator","osm_type":"node","osm_id":"7730886716"}},{"type":"Feature","geometry":{"type":"Point","coordinates":[-2.63545,53.63476]},"properties":{"name":"Power infrastructure","category":"generator","osm_type":"node","osm_id":"7730886717"}},{"type":"Feature","geometry":{"type":"Point","coordinates":[-2.63428,53.63489]},"properties":{"name":"Power infrastructure","category":"generator","osm_type":"node","osm_id":"7730886718"}},{"type":"Feature","geometry":{"type":"Point","coordinates":[-2.63475,53.63515]},"properties":{"name":"Power infrastructure","category":"generator","osm_type":"node","osm_id":"7730886719"}},{"type":"Feature","geometry":{"type":"Point","coordinates":[-2.63574,53.63533]},"properties":{"name":"Power infrastructure","category":"generator","osm_type":"node","osm_id":"7730886720"}},{"type":"Feature","geometry":{"type":"Point","coordinates":[-2.63569,53.63529]},"properties":{"name":"Power infrastructure","category":"generator","osm_type":"node","osm_id":"7730886721"}},{"type":"Feature","geometry":{"type":"Point","coordinates":[-2.63832,53.63746]},"properties":{"name":"Power infrastructure","category":"generator","osm_type":"node","osm_id":"7731290930"}},{"type":"Feature","geometry":{"type":"Point","coordinates":[-2.63875,53.63786]},"properties":{"name":"Power infrastructure","category":"generator","osm_type":"node","osm_id":"7731290931"}},{"type":"Feature","geometry":{"type":"Point","coordinates":[-2.63874,53.63715]},"properties":{"name":"Power infrastructure","category":"generator","osm_type":"node","osm_id":"7731290932"}},{"type":"Feature","geometry":{"type":"Point","coordinates":[-2.63881,53.63715]},"properties":{"name":"Power infrastructure","category":"generator","osm_type":"node","osm_id":"7731290933"}},{"type":"Feature","geometry":{"type":"Point","coordinates":[-2.63935,53.63736]},"properties":{"name":"Power infrastructure","category":"generator","osm_type":"node","osm_id":"7731290934"}},{"type":"Feature","geometry":{"type":"Point","coordinates":[-2.63925,53.63759]},"properties":{"name":"Power infrastructure","category":"generator","osm_type":"node","osm_id":"7731290935"}},{"type":"Feature","geometry":{"type":"Point","coordinates":[-2.63934,53.63758]},"properties":{"name":"Power infrastructure","category":"generator","osm_type":"node","osm_id":"7731290936"}},{"type":"Feature","geometry":{"type":"Point","coordinates":[-2.63926,53.63766]},"properties":{"name":"Power infrastructure","category":"generator","osm_type":"node","osm_id":"7731290937"}},{"type":"Feature","geometry":{"type":"Point","coordinates":[-2.63919,53.63765]},"properties":{"name":"Power infrastructure","category":"generator","osm_type":"node","osm_id":"7731290938"}},{"type":"Feature","geometry":{"type":"Point","coordinates":[-2.6361,53.63788]},"properties":{"name":"Power infrastructure","category":"generator","osm_type":"node","osm_id":"7733522327"}},{"type":"Feature","geometry":{"type":"Point","coordinates":[-2.17423,53.6896]},"properties":{"name":"Power infrastructure","category":"generator","osm_type":"node","osm_id":"7736956578"}},{"type":"Feature","geometry":{"type":"Point","coordinates":[-2.17599,53.68961]},"properties":{"name":"Power infrastructure","category":"generator","osm_type":"node","osm_id":"7736956579"}},{"type":"Feature","geometry":{"type":"Point","coordinates":[-2.18021,53.69014]},"properties":{"name":"Power infrastructure","category":"generator","osm_type":"node","osm_id":"7736956580"}},{"type":"Feature","geometry":{"type":"Point","coordinates":[-2.17908,53.69129]},"properties":{"name":"Power infrastructure","category":"generator","osm_type":"node","osm_id":"7736956581"}},{"type":"Feature","geometry":{"type":"Point","coordinates":[-2.18355,53.69105]},"properties":{"name":"Power infrastructure","category":"generator","osm_type":"node","osm_id":"7736956582"}},{"type":"Feature","geometry":{"type":"Point","coordinates":[-2.18369,53.69107]},"properties":{"name":"Power infrastructure","category":"generator","osm_type":"node","osm_id":"7736956583"}},{"type":"Feature","geometry":{"type":"Point","coordinates":[-2.18381,53.69109]},"properties":{"name":"Power infrastructure","category":"generator","osm_type":"node","osm_id":"7736956584"}},{"type":"Feature","geometry":{"type":"Point","coordinates":[-2.18393,53.69111]},"properties":{"name":"Power infrastructure","category":"generator","osm_type":"node","osm_id":"7736963285"}},{"type":"Feature","geometry":{"type":"Point","coordinates":[-2.18372,53.6909]},"properties":{"name":"Power infrastructure","category":"generator","osm_type":"node","osm_id":"7736963286"}},{"type":"Feature","geometry":{"type":"Point","coordinates":[-2.18454,53.69091]},"properties":{"name":"Power infrastructure","category":"generator","osm_type":"node","osm_id":"7736963287"}},{"type":"Feature","geometry":{"type":"Point","coordinates":[-2.18454,53.69095]},"properties":{"name":"Power infrastructure","category":"generator","osm_type":"node","osm_id":"7736963288"}},{"type":"Feature","geometry":{"type":"Point","coordinates":[-2.18447,53.69111]},"properties":{"name":"Power infrastructure","category":"generator","osm_type":"node","osm_id":"7736963289"}},{"type":"Feature","geometry":{"type":"Point","coordinates":[-2.18436,53.69115]},"properties":{"name":"Power infrastructure","category":"generator","osm_type":"node","osm_id":"7736963290"}},{"type":"Feature","geometry":{"type":"Point","coordinates":[-2.18432,53.69126]},"properties":{"name":"Power infrastructure","category":"generator","osm_type":"node","osm_id":"7736963291"}},{"type":"Feature","geometry":{"type":"Point","coordinates":[-2.18379,53.69134]},"properties":{"name":"Power infrastructure","category":"generator","osm_type":"node","osm_id":"7736963292"}},{"type":"Feature","geometry":{"type":"Point","coordinates":[-2.18367,53.69131]},"properties":{"name":"Power infrastructure","category":"generator","osm_type":"node","osm_id":"7736963293"}},{"type":"Feature","geometry":{"type":"Point","coordinates":[-2.18356,53.69129]},"properties":{"name":"Power infrastructure","category":"generator","osm_type":"node","osm_id":"7736963294"}},{"type":"Feature","geometry":{"type":"Point","coordinates":[-2.18344,53.69127]},"properties":{"name":"Power infrastructure","category":"generator","osm_type":"node","osm_id":"7736963295"}},{"type":"Feature","geometry":{"type":"Point","coordinates":[-2.18629,53.69237]},"properties":{"name":"Power infrastructure","category":"generator","osm_type":"node","osm_id":"7736963296"}},{"type":"Feature","geometry":{"type":"Point","coordinates":[-2.18594,53.6923]},"properties":{"name":"Power infrastructure","category":"generator","osm_type":"node","osm_id":"7736963297"}},{"type":"Feature","geometry":{"type":"Point","coordinates":[-2.19167,53.69292]},"properties":{"name":"Power infrastructure","category":"generator","osm_type":"node","osm_id":"7736963298"}},{"type":"Feature","geometry":{"type":"Point","coordinates":[-2.1915,53.69297]},"properties":{"name":"Power infrastructure","category":"generator","osm_type":"node","osm_id":"7736963299"}},{"type":"Feature","geometry":{"type":"Point","coordinates":[-2.19193,53.69352]},"properties":{"name":"Power infrastructure","category":"generator","osm_type":"node","osm_id":"7736963300"}},{"type":"Feature","geometry":{"type":"Point","coordinates":[-2.19068,53.69303]},"properties":{"name":"Power infrastructure","category":"generator","osm_type":"node","osm_id":"7736963301"}},{"type":"Feature","geometry":{"type":"Point","coordinates":[-2.19695,53.69445]},"properties":{"name":"Power infrastructure","category":"generator","osm_type":"node","osm_id":"7736963302"}},{"type":"Feature","geometry":{"type":"Point","coordinates":[-2.19419,53.69394]},"properties":{"name":"Power infrastructure","category":"generator","osm_type":"node","osm_id":"7736963303"}},{"type":"Feature","geometry":{"type":"Point","coordinates":[-2.19411,53.69394]},"properties":{"name":"Power infrastructure","category":"generator","osm_type":"node","osm_id":"7736963304"}},{"type":"Feature","geometry":{"type":"Point","coordinates":[-2.1942,53.69422]},"properties":{"name":"Power infrastructure","category":"generator","osm_type":"node","osm_id":"7736963305"}},{"type":"Feature","geometry":{"type":"Point","coordinates":[-2.1951,53.69479]},"properties":{"name":"Power infrastructure","category":"generator","osm_type":"node","osm_id":"7736963306"}},{"type":"Feature","geometry":{"type":"Point","coordinates":[-2.19441,53.6952]},"properties":{"name":"Power infrastructure","category":"generator","osm_type":"node","osm_id":"7736963307"}},{"type":"Feature","geometry":{"type":"Point","coordinates":[-2.19268,53.69476]},"properties":{"name":"Power infrastructure","category":"generator","osm_type":"node","osm_id":"7736963308"}},{"type":"Feature","geometry":{"type":"Point","coordinates":[-2.19222,53.69462]},"properties":{"name":"Power infrastructure","category":"generator","osm_type":"node","osm_id":"7736963309"}},{"type":"Feature","geometry":{"type":"Point","coordinates":[-2.19234,53.69453]},"properties":{"name":"Power infrastructure","category":"generator","osm_type":"node","osm_id":"7736963310"}},{"type":"Feature","geometry":{"type":"Point","coordinates":[-2.19275,53.69616]},"properties":{"name":"Power infrastructure","category":"generator","osm_type":"node","osm_id":"7736963311"}},{"type":"Feature","geometry":{"type":"Point","coordinates":[-2.18938,53.69509]},"properties":{"name":"Power infrastructure","category":"generator","osm_type":"node","osm_id":"7736963312"}},{"type":"Feature","geometry":{"type":"Point","coordinates":[-2.18815,53.69644]},"properties":{"name":"Power infrastructure","category":"generator","osm_type":"node","osm_id":"7736963313"}},{"type":"Feature","geometry":{"type":"Point","coordinates":[-2.18825,53.69703]},"properties":{"name":"Power infrastructure","category":"generator","osm_type":"node","osm_id":"7736963314"}},{"type":"Feature","geometry":{"type":"Point","coordinates":[-2.18894,53.69738]},"properties":{"name":"Power infrastructure","category":"generator","osm_type":"node","osm_id":"7736963315"}},{"type":"Feature","geometry":{"type":"Point","coordinates":[-2.18827,53.69734]},"properties":{"name":"Power infrastructure","category":"generator","osm_type":"node","osm_id":"7736963316"}},{"type":"Feature","geometry":{"type":"Point","coordinates":[-2.18918,53.69742]},"properties":{"name":"Power infrastructure","category":"generator","osm_type":"node","osm_id":"7736963317"}},{"type":"Feature","geometry":{"type":"Point","coordinates":[-2.1892,53.6971]},"properties":{"name":"Power infrastructure","category":"generator","osm_type":"node","osm_id":"7736963318"}},{"type":"Feature","geometry":{"type":"Point","coordinates":[-2.18941,53.69631]},"properties":{"name":"Power infrastructure","category":"generator","osm_type":"node","osm_id":"7736963319"}},{"type":"Feature","geometry":{"type":"Point","coordinates":[-2.19106,53.69684]},"properties":{"name":"Power infrastructure","category":"generator","osm_type":"node","osm_id":"7736963320"}},{"type":"Feature","geometry":{"type":"Point","coordinates":[-2.18976,53.69609]},"properties":{"name":"Power infrastructure","category":"generator","osm_type":"node","osm_id":"7736963321"}},{"type":"Feature","geometry":{"type":"Point","coordinates":[-2.19016,53.69981]},"properties":{"name":"Power infrastructure","category":"generator","osm_type":"node","osm_id":"7736963322"}},{"type":"Feature","geometry":{"type":"Point","coordinates":[-2.19387,53.70245]},"properties":{"name":"Power infrastructure","category":"generator","osm_type":"node","osm_id":"7736963323"}},{"type":"Feature","geometry":{"type":"Point","coordinates":[-2.19399,53.70223]},"properties":{"name":"Power infrastructure","category":"generator","osm_type":"node","osm_id":"7736963324"}},{"type":"Feature","geometry":{"type":"Point","coordinates":[-2.19351,53.70237]},"properties":{"name":"Power infrastructure","category":"generator","osm_type":"node","osm_id":"7736963325"}},{"type":"Feature","geometry":{"type":"Point","coordinates":[-2.19363,53.70252]},"properties":{"name":"Power infrastructure","category":"generator","osm_type":"node","osm_id":"7736963326"}},{"type":"Feature","geometry":{"type":"Point","coordinates":[-2.19341,53.7026]},"properties":{"name":"Power infrastructure","category":"generator","osm_type":"node","osm_id":"7736963327"}},{"type":"Feature","geometry":{"type":"Point","coordinates":[-2.19314,53.70268]},"properties":{"name":"Power infrastructure","category":"generator","osm_type":"node","osm_id":"7736963328"}},{"type":"Feature","geometry":{"type":"Point","coordinates":[-2.19328,53.70245]},"properties":{"name":"Power infrastructure","category":"generator","osm_type":"node","osm_id":"7736963329"}},{"type":"Feature","geometry":{"type":"Point","coordinates":[-2.19336,53.6932]},"properties":{"name":"Power infrastructure","category":"generator","osm_type":"node","osm_id":"7736963330"}},{"type":"Feature","geometry":{"type":"Point","coordinates":[-2.19343,53.69324]},"properties":{"name":"Power infrastructure","category":"generator","osm_type":"node","osm_id":"7736963331"}},{"type":"Feature","geometry":{"type":"Point","coordinates":[-2.19348,53.69327]},"properties":{"name":"Power infrastructure","category":"generator","osm_type":"node","osm_id":"7736963332"}},{"type":"Feature","geometry":{"type":"Point","coordinates":[-2.19352,53.69332]},"properties":{"name":"Power infrastructure","category":"generator","osm_type":"node","osm_id":"7736963333"}},{"type":"Feature","geometry":{"type":"Point","coordinates":[-2.19358,53.69336]},"properties":{"name":"Power infrastructure","category":"generator","osm_type":"node","osm_id":"7736963334"}},{"type":"Feature","geometry":{"type":"Point","coordinates":[-2.19363,53.69341]},"properties":{"name":"Power infrastructure","category":"generator","osm_type":"node","osm_id":"7736963335"}},{"type":"Feature","geometry":{"type":"Point","coordinates":[-2.19369,53.69345]},"properties":{"name":"Power infrastructure","category":"generator","osm_type":"node","osm_id":"7736963336"}},{"type":"Feature","geometry":{"type":"Point","coordinates":[-2.19374,53.69349]},"properties":{"name":"Power infrastructure","category":"generator","osm_type":"node","osm_id":"7736963337"}},{"type":"Feature","geometry":{"type":"Point","coordinates":[-2.19403,53.69331]},"properties":{"name":"Power infrastructure","category":"generator","osm_type":"node","osm_id":"7736963338"}},{"type":"Feature","geometry":{"type":"Point","coordinates":[-2.19393,53.69326]},"properties":{"name":"Power infrastructure","category":"generator","osm_type":"node","osm_id":"7736963339"}},{"type":"Feature","geometry":{"type":"Point","coordinates":[-2.1939,53.69323]},"properties":{"name":"Power infrastructure","category":"generator","osm_type":"node","osm_id":"7736963340"}},{"type":"Feature","geometry":{"type":"Point","coordinates":[-2.19384,53.69318]},"properties":{"name":"Power infrastructure","category":"generator","osm_type":"node","osm_id":"7736963341"}},{"type":"Feature","geometry":{"type":"Point","coordinates":[-2.19379,53.69313]},"properties":{"name":"Power infrastructure","category":"generator","osm_type":"node","osm_id":"7736963342"}},{"type":"Feature","geometry":{"type":"Point","coordinates":[-2.19374,53.6931]},"properties":{"name":"Power infrastructure","category":"generator","osm_type":"node","osm_id":"7736963343"}},{"type":"Feature","geometry":{"type":"Point","coordinates":[-2.1937,53.69305]},"properties":{"name":"Power infrastructure","category":"generator","osm_type":"node","osm_id":"7736963344"}},{"type":"Feature","geometry":{"type":"Point","coordinates":[-2.47638,53.88978]},"properties":{"name":"Power infrastructure","category":"generator","osm_type":"node","osm_id":"7737384902"}},{"type":"Feature","geometry":{"type":"Point","coordinates":[-2.42666,53.91031]},"properties":{"name":"Power infrastructure","category":"generator","osm_type":"node","osm_id":"7737385964"}},{"type":"Feature","geometry":{"type":"Point","coordinates":[-2.42638,53.91042]},"properties":{"name":"Power infrastructure","category":"generator","osm_type":"node","osm_id":"7737385965"}},{"type":"Feature","geometry":{"type":"Point","coordinates":[-2.5014,53.77563]},"properties":{"name":"Power infrastructure","category":"generator","osm_type":"node","osm_id":"7741627599"}},{"type":"Feature","geometry":{"type":"Point","coordinates":[-2.5004,53.76433]},"properties":{"name":"Power infrastructure","category":"generator","osm_type":"node","osm_id":"7741627600"}},{"type":"Feature","geometry":{"type":"Point","coordinates":[-2.49867,53.76388]},"properties":{"name":"Power infrastructure","category":"generator","osm_type":"node","osm_id":"7741627602"}},{"type":"Feature","geometry":{"type":"Point","coordinates":[-2.49875,53.7639]},"properties":{"name":"Power infrastructure","category":"generator","osm_type":"node","osm_id":"7741627603"}},{"type":"Feature","geometry":{"type":"Point","coordinates":[-2.49931,53.76336]},"properties":{"name":"Power infrastructure","category":"generator","osm_type":"node","osm_id":"7741627605"}},{"type":"Feature","geometry":{"type":"Point","coordinates":[-2.49683,53.76377]},"properties":{"name":"Power infrastructure","category":"generator","osm_type":"node","osm_id":"7741627606"}},{"type":"Feature","geometry":{"type":"Point","coordinates":[-2.497,53.76378]},"properties":{"name":"Power infrastructure","category":"generator","osm_type":"node","osm_id":"7741627607"}},{"type":"Feature","geometry":{"type":"Point","coordinates":[-2.49704,53.76383]},"properties":{"name":"Power infrastructure","category":"generator","osm_type":"node","osm_id":"7741627608"}},{"type":"Feature","geometry":{"type":"Point","coordinates":[-2.73712,53.65807]},"properties":{"name":"Power infrastructure","category":"generator","osm_type":"node","osm_id":"7746526180"}},{"type":"Feature","geometry":{"type":"Point","coordinates":[-2.77757,53.66712]},"properties":{"name":"Power infrastructure","category":"generator","osm_type":"node","osm_id":"7746701972"}},{"type":"Feature","geometry":{"type":"Point","coordinates":[-2.77752,53.66676]},"properties":{"name":"Power infrastructure","category":"generator","osm_type":"node","osm_id":"7746701982"}},{"type":"Feature","geometry":{"type":"Point","coordinates":[-2.77829,53.66683]},"properties":{"name":"Power infrastructure","category":"generator","osm_type":"node","osm_id":"7746741951"}},{"type":"Feature","geometry":{"type":"Point","coordinates":[-2.77815,53.66686]},"properties":{"name":"Power infrastructure","category":"generator","osm_type":"node","osm_id":"7746741952"}},{"type":"Feature","geometry":{"type":"Point","coordinates":[-2.77866,53.6665]},"properties":{"name":"Power infrastructure","category":"generator","osm_type":"node","osm_id":"7746741983"}},{"type":"Feature","geometry":{"type":"Point","coordinates":[-2.77852,53.66634]},"properties":{"name":"Power infrastructure","category":"generator","osm_type":"node","osm_id":"7746741984"}},{"type":"Feature","geometry":{"type":"Point","coordinates":[-2.77841,53.66637]},"properties":{"name":"Power infrastructure","category":"generator","osm_type":"node","osm_id":"7746741985"}},{"type":"Feature","geometry":{"type":"Point","coordinates":[-2.77822,53.66654]},"properties":{"name":"Power infrastructure","category":"generator","osm_type":"node","osm_id":"7746741986"}},{"type":"Feature","geometry":{"type":"Point","coordinates":[-2.77807,53.6666]},"properties":{"name":"Power infrastructure","category":"generator","osm_type":"node","osm_id":"7746741987"}},{"type":"Feature","geometry":{"type":"Point","coordinates":[-2.77793,53.66663]},"properties":{"name":"Power infrastructure","category":"generator","osm_type":"node","osm_id":"7746741988"}},{"type":"Feature","geometry":{"type":"Point","coordinates":[-2.77777,53.6667]},"properties":{"name":"Power infrastructure","category":"generator","osm_type":"node","osm_id":"7746741989"}},{"type":"Feature","geometry":{"type":"Point","coordinates":[-2.77744,53.6667]},"properties":{"name":"Power infrastructure","category":"generator","osm_type":"node","osm_id":"7746741990"}},{"type":"Feature","geometry":{"type":"Point","coordinates":[-2.77818,53.66705]},"properties":{"name":"Power infrastructure","category":"generator","osm_type":"node","osm_id":"7746742011"}},{"type":"Feature","geometry":{"type":"Point","coordinates":[-2.77793,53.66721]},"properties":{"name":"Power infrastructure","category":"generator","osm_type":"node","osm_id":"7746742012"}},{"type":"Feature","geometry":{"type":"Point","coordinates":[-2.7788,53.66638]},"properties":{"name":"Power infrastructure","category":"generator","osm_type":"node","osm_id":"7746742031"}},{"type":"Feature","geometry":{"type":"Point","coordinates":[-2.77846,53.66666]},"properties":{"name":"Power infrastructure","category":"generator","osm_type":"node","osm_id":"7746742032"}},{"type":"Feature","geometry":{"type":"Point","coordinates":[-2.7785,53.66673]},"properties":{"name":"Power infrastructure","category":"generator","osm_type":"node","osm_id":"7746742033"}},{"type":"Feature","geometry":{"type":"Point","coordinates":[-2.77781,53.66691]},"properties":{"name":"Power infrastructure","category":"generator","osm_type":"node","osm_id":"7746742034"}},{"type":"Feature","geometry":{"type":"Point","coordinates":[-2.7779,53.66698]},"properties":{"name":"Power infrastructure","category":"generator","osm_type":"node","osm_id":"7746742035"}},{"type":"Feature","geometry":{"type":"Point","coordinates":[-2.77735,53.66707]},"properties":{"name":"Power infrastructure","category":"generator","osm_type":"node","osm_id":"7746742036"}},{"type":"Feature","geometry":{"type":"Point","coordinates":[-2.7775,53.6671]},"properties":{"name":"Power infrastructure","category":"generator","osm_type":"node","osm_id":"7746742037"}},{"type":"Feature","geometry":{"type":"Point","coordinates":[-2.77716,53.66696]},"properties":{"name":"Power infrastructure","category":"generator","osm_type":"node","osm_id":"7746742052"}},{"type":"Feature","geometry":{"type":"Point","coordinates":[-2.77718,53.667]},"properties":{"name":"Power infrastructure","category":"generator","osm_type":"node","osm_id":"7746742053"}},{"type":"Feature","geometry":{"type":"Point","coordinates":[-2.77698,53.6668]},"properties":{"name":"Power infrastructure","category":"generator","osm_type":"node","osm_id":"7746742060"}},{"type":"Feature","geometry":{"type":"Point","coordinates":[-2.77701,53.66685]},"properties":{"name":"Power infrastructure","category":"generator","osm_type":"node","osm_id":"7746742061"}},{"type":"Feature","geometry":{"type":"Point","coordinates":[-2.77703,53.66688]},"properties":{"name":"Power infrastructure","category":"generator","osm_type":"node","osm_id":"7746742062"}},{"type":"Feature","geometry":{"type":"Point","coordinates":[-2.77705,53.66693]},"properties":{"name":"Power infrastructure","category":"generator","osm_type":"node","osm_id":"7746742063"}},{"type":"Feature","geometry":{"type":"Point","coordinates":[-2.73685,53.64754]},"properties":{"name":"Power infrastructure","category":"generator","osm_type":"node","osm_id":"7749954632"}},{"type":"Feature","geometry":{"type":"Point","coordinates":[-2.6504,53.64906]},"properties":{"name":"Power infrastructure","category":"generator","osm_type":"node","osm_id":"7760814939"}},{"type":"Feature","geometry":{"type":"Point","coordinates":[-2.65058,53.64909]},"properties":{"name":"Power infrastructure","category":"generator","osm_type":"node","osm_id":"7760814940"}},{"type":"Feature","geometry":{"type":"Point","coordinates":[-2.65154,53.64905]},"properties":{"name":"Power infrastructure","category":"generator","osm_type":"node","osm_id":"7760814947"}},{"type":"Feature","geometry":{"type":"Point","coordinates":[-2.64499,53.64811]},"properties":{"name":"Power infrastructure","category":"generator","osm_type":"node","osm_id":"7761366479"}},{"type":"Feature","geometry":{"type":"Point","coordinates":[-2.62187,53.55402]},"properties":{"name":"Power infrastructure","category":"generator","osm_type":"node","osm_id":"7784777603"}},{"type":"Feature","geometry":{"type":"Point","coordinates":[-2.62323,53.55137]},"properties":{"name":"Power infrastructure","category":"generator","osm_type":"node","osm_id":"7784777604"}},{"type":"Feature","geometry":{"type":"Point","coordinates":[-2.61196,53.54943]},"properties":{"name":"Power infrastructure","category":"generator","osm_type":"node","osm_id":"7784812382"}},{"type":"Feature","geometry":{"type":"Point","coordinates":[-2.61216,53.54889]},"properties":{"name":"Power infrastructure","category":"generator","osm_type":"node","osm_id":"7784812383"}},{"type":"Feature","geometry":{"type":"Point","coordinates":[-2.61157,53.54854]},"properties":{"name":"Power infrastructure","category":"generator","osm_type":"node","osm_id":"7784812384"}},{"type":"Feature","geometry":{"type":"Point","coordinates":[-2.61139,53.55002]},"properties":{"name":"Power infrastructure","category":"generator","osm_type":"node","osm_id":"7784835485"}},{"type":"Feature","geometry":{"type":"Point","coordinates":[-2.6102,53.54996]},"properties":{"name":"Power infrastructure","category":"generator","osm_type":"node","osm_id":"7784835486"}},{"type":"Feature","geometry":{"type":"Point","coordinates":[-2.61094,53.55062]},"properties":{"name":"Power infrastructure","category":"generator","osm_type":"node","osm_id":"7784835487"}},{"type":"Feature","geometry":{"type":"Point","coordinates":[-2.60758,53.55112]},"properties":{"name":"Power infrastructure","category":"generator","osm_type":"node","osm_id":"7784835488"}},{"type":"Feature","geometry":{"type":"Point","coordinates":[-2.60732,53.55074]},"properties":{"name":"Power infrastructure","category":"generator","osm_type":"node","osm_id":"7784835489"}},{"type":"Feature","geometry":{"type":"Point","coordinates":[-2.64913,53.65234]},"properties":{"name":"Power infrastructure","category":"generator","osm_type":"node","osm_id":"7796245278"}},{"type":"Feature","geometry":{"type":"Point","coordinates":[-2.64995,53.6493]},"properties":{"name":"Power infrastructure","category":"generator","osm_type":"node","osm_id":"7796245343"}},{"type":"Feature","geometry":{"type":"Point","coordinates":[-2.64954,53.65032]},"properties":{"name":"Power infrastructure","category":"generator","osm_type":"node","osm_id":"7796245344"}},{"type":"Feature","geometry":{"type":"Point","coordinates":[-2.64974,53.65225]},"properties":{"name":"Power infrastructure","category":"generator","osm_type":"node","osm_id":"7796245345"}},{"type":"Feature","geometry":{"type":"Point","coordinates":[-2.64997,53.65243]},"properties":{"name":"Power infrastructure","category":"generator","osm_type":"node","osm_id":"7796245346"}},{"type":"Feature","geometry":{"type":"Point","coordinates":[-2.6497,53.65266]},"properties":{"name":"Power infrastructure","category":"generator","osm_type":"node","osm_id":"7796245347"}},{"type":"Feature","geometry":{"type":"Point","coordinates":[-2.65119,53.65263]},"properties":{"name":"Power infrastructure","category":"generator","osm_type":"node","osm_id":"7796245348"}},{"type":"Feature","geometry":{"type":"Point","coordinates":[-2.651,53.6521]},"properties":{"name":"Power infrastructure","category":"generator","osm_type":"node","osm_id":"7796245349"}},{"type":"Feature","geometry":{"type":"Point","coordinates":[-2.65069,53.65147]},"properties":{"name":"Power infrastructure","category":"generator","osm_type":"node","osm_id":"7796245350"}},{"type":"Feature","geometry":{"type":"Point","coordinates":[-2.65059,53.65105]},"properties":{"name":"Power infrastructure","category":"generator","osm_type":"node","osm_id":"7796245351"}},{"type":"Feature","geometry":{"type":"Point","coordinates":[-2.6505,53.6506]},"properties":{"name":"Power infrastructure","category":"generator","osm_type":"node","osm_id":"7796245352"}},{"type":"Feature","geometry":{"type":"Point","coordinates":[-2.65002,53.64931]},"properties":{"name":"Power infrastructure","category":"generator","osm_type":"node","osm_id":"7796255553"}},{"type":"Feature","geometry":{"type":"Point","coordinates":[-2.64749,53.65013]},"properties":{"name":"Power infrastructure","category":"generator","osm_type":"node","osm_id":"7796255580"}},{"type":"Feature","geometry":{"type":"Point","coordinates":[-2.64703,53.64999]},"properties":{"name":"Power infrastructure","category":"generator","osm_type":"node","osm_id":"7796255581"}},{"type":"Feature","geometry":{"type":"Point","coordinates":[-2.64709,53.65001]},"properties":{"name":"Power infrastructure","category":"generator","osm_type":"node","osm_id":"7796255582"}},{"type":"Feature","geometry":{"type":"Point","coordinates":[-2.64726,53.65007]},"properties":{"name":"Power infrastructure","category":"generator","osm_type":"node","osm_id":"7796255583"}},{"type":"Feature","geometry":{"type":"Point","coordinates":[-2.64843,53.65061]},"properties":{"name":"Power infrastructure","category":"generator","osm_type":"node","osm_id":"7796255584"}},{"type":"Feature","geometry":{"type":"Point","coordinates":[-2.64831,53.65062]},"properties":{"name":"Power infrastructure","category":"generator","osm_type":"node","osm_id":"7796268285"}},{"type":"Feature","geometry":{"type":"Point","coordinates":[-2.64788,53.65061]},"properties":{"name":"Power infrastructure","category":"generator","osm_type":"node","osm_id":"7796268286"}},{"type":"Feature","geometry":{"type":"Point","coordinates":[-2.38521,53.53597]},"properties":{"name":"Power infrastructure","category":"generator","osm_type":"node","osm_id":"7799004504"}},{"type":"Feature","geometry":{"type":"Point","coordinates":[-2.38567,53.53781]},"properties":{"name":"Power infrastructure","category":"generator","osm_type":"node","osm_id":"7799004505"}},{"type":"Feature","geometry":{"type":"Point","coordinates":[-2.3856,53.53781]},"properties":{"name":"Power infrastructure","category":"generator","osm_type":"node","osm_id":"7799004506"}},{"type":"Feature","geometry":{"type":"Point","coordinates":[-2.38235,53.54014]},"properties":{"name":"Power infrastructure","category":"generator","osm_type":"node","osm_id":"7799004507"}},{"type":"Feature","geometry":{"type":"Point","coordinates":[-2.38232,53.54016]},"properties":{"name":"Power infrastructure","category":"generator","osm_type":"node","osm_id":"7799004508"}},{"type":"Feature","geometry":{"type":"Point","coordinates":[-2.37968,53.53952]},"properties":{"name":"Power infrastructure","category":"generator","osm_type":"node","osm_id":"7799004509"}},{"type":"Feature","geometry":{"type":"Point","coordinates":[-2.37931,53.5395]},"properties":{"name":"Power infrastructure","category":"generator","osm_type":"node","osm_id":"7799004510"}},{"type":"Feature","geometry":{"type":"Point","coordinates":[-2.37936,53.53953]},"properties":{"name":"Power infrastructure","category":"generator","osm_type":"node","osm_id":"7799004511"}},{"type":"Feature","geometry":{"type":"Point","coordinates":[-2.37941,53.53956]},"properties":{"name":"Power infrastructure","category":"generator","osm_type":"node","osm_id":"7799004512"}},{"type":"Feature","geometry":{"type":"Point","coordinates":[-2.37946,53.53959]},"properties":{"name":"Power infrastructure","category":"generator","osm_type":"node","osm_id":"7799004513"}},{"type":"Feature","geometry":{"type":"Point","coordinates":[-2.37956,53.5397]},"properties":{"name":"Power infrastructure","category":"generator","osm_type":"node","osm_id":"7799004514"}},{"type":"Feature","geometry":{"type":"Point","coordinates":[-2.3795,53.53968]},"properties":{"name":"Power infrastructure","category":"generator","osm_type":"node","osm_id":"7799004515"}},{"type":"Feature","geometry":{"type":"Point","coordinates":[-2.37936,53.54009]},"properties":{"name":"Power infrastructure","category":"generator","osm_type":"node","osm_id":"7799004516"}},{"type":"Feature","geometry":{"type":"Point","coordinates":[-2.37925,53.5399]},"properties":{"name":"Power infrastructure","category":"generator","osm_type":"node","osm_id":"7799004517"}},{"type":"Feature","geometry":{"type":"Point","coordinates":[-2.37917,53.53988]},"properties":{"name":"Power infrastructure","category":"generator","osm_type":"node","osm_id":"7799004518"}},{"type":"Feature","geometry":{"type":"Point","coordinates":[-2.37911,53.53986]},"properties":{"name":"Power infrastructure","category":"generator","osm_type":"node","osm_id":"7799004519"}},{"type":"Feature","geometry":{"type":"Point","coordinates":[-2.37903,53.53983]},"properties":{"name":"Power infrastructure","category":"generator","osm_type":"node","osm_id":"7799004520"}},{"type":"Feature","geometry":{"type":"Point","coordinates":[-2.37858,53.53998]},"properties":{"name":"Power infrastructure","category":"generator","osm_type":"node","osm_id":"7799004521"}},{"type":"Feature","geometry":{"type":"Point","coordinates":[-2.37869,53.54002]},"properties":{"name":"Power infrastructure","category":"generator","osm_type":"node","osm_id":"7799004522"}},{"type":"Feature","geometry":{"type":"Point","coordinates":[-2.37876,53.54004]},"properties":{"name":"Power infrastructure","category":"generator","osm_type":"node","osm_id":"7799004523"}},{"type":"Feature","geometry":{"type":"Point","coordinates":[-2.37886,53.54007]},"properties":{"name":"Power infrastructure","category":"generator","osm_type":"node","osm_id":"7799004524"}},{"type":"Feature","geometry":{"type":"Point","coordinates":[-2.37892,53.5401]},"properties":{"name":"Power infrastructure","category":"generator","osm_type":"node","osm_id":"7799004525"}},{"type":"Feature","geometry":{"type":"Point","coordinates":[-2.37865,53.54036]},"properties":{"name":"Power infrastructure","category":"generator","osm_type":"node","osm_id":"7799004526"}},{"type":"Feature","geometry":{"type":"Point","coordinates":[-2.37857,53.54033]},"properties":{"name":"Power infrastructure","category":"generator","osm_type":"node","osm_id":"7799004527"}},{"type":"Feature","geometry":{"type":"Point","coordinates":[-2.37821,53.54027]},"properties":{"name":"Power infrastructure","category":"generator","osm_type":"node","osm_id":"7799004528"}},{"type":"Feature","geometry":{"type":"Point","coordinates":[-2.37814,53.54024]},"properties":{"name":"Power infrastructure","category":"generator","osm_type":"node","osm_id":"7799004529"}},{"type":"Feature","geometry":{"type":"Point","coordinates":[-2.37805,53.54007]},"properties":{"name":"Power infrastructure","category":"generator","osm_type":"node","osm_id":"7799004530"}},{"type":"Feature","geometry":{"type":"Point","coordinates":[-2.3801,53.53837]},"properties":{"name":"Power infrastructure","category":"generator","osm_type":"node","osm_id":"7799004531"}},{"type":"Feature","geometry":{"type":"Point","coordinates":[-2.38456,53.53667]},"properties":{"name":"Power infrastructure","category":"generator","osm_type":"node","osm_id":"7799004532"}},{"type":"Feature","geometry":{"type":"Point","coordinates":[-2.38466,53.53665]},"properties":{"name":"Power infrastructure","category":"generator","osm_type":"node","osm_id":"7799004533"}},{"type":"Feature","geometry":{"type":"Point","coordinates":[-2.38478,53.53661]},"properties":{"name":"Power infrastructure","category":"generator","osm_type":"node","osm_id":"7799004534"}},{"type":"Feature","geometry":{"type":"Point","coordinates":[-2.38462,53.53633]},"properties":{"name":"Power infrastructure","category":"generator","osm_type":"node","osm_id":"7799004535"}},{"type":"Feature","geometry":{"type":"Point","coordinates":[-2.38395,53.53561]},"properties":{"name":"Power infrastructure","category":"generator","osm_type":"node","osm_id":"7799004536"}},{"type":"Feature","geometry":{"type":"Point","coordinates":[-2.38385,53.53558]},"properties":{"name":"Power infrastructure","category":"generator","osm_type":"node","osm_id":"7799004537"}},{"type":"Feature","geometry":{"type":"Point","coordinates":[-2.38421,53.53541]},"properties":{"name":"Power infrastructure","category":"generator","osm_type":"node","osm_id":"7799004538"}},{"type":"Feature","geometry":{"type":"Point","coordinates":[-2.37582,53.53828]},"properties":{"name":"Power infrastructure","category":"generator","osm_type":"node","osm_id":"7799004539"}},{"type":"Feature","geometry":{"type":"Point","coordinates":[-2.37588,53.53829]},"properties":{"name":"Power infrastructure","category":"generator","osm_type":"node","osm_id":"7799004540"}},{"type":"Feature","geometry":{"type":"Point","coordinates":[-2.37614,53.53874]},"properties":{"name":"Power infrastructure","category":"generator","osm_type":"node","osm_id":"7799004541"}},{"type":"Feature","geometry":{"type":"Point","coordinates":[-2.37614,53.53878]},"properties":{"name":"Power infrastructure","category":"generator","osm_type":"node","osm_id":"7799004542"}},{"type":"Feature","geometry":{"type":"Point","coordinates":[-2.37602,53.53725]},"properties":{"name":"Power infrastructure","category":"generator","osm_type":"node","osm_id":"7799004543"}},{"type":"Feature","geometry":{"type":"Point","coordinates":[-2.37595,53.53756]},"properties":{"name":"Power infrastructure","category":"generator","osm_type":"node","osm_id":"7799004544"}},{"type":"Feature","geometry":{"type":"Point","coordinates":[-2.37921,53.64821]},"properties":{"name":"Power infrastructure","category":"generator","osm_type":"node","osm_id":"7816941665"}},{"type":"Feature","geometry":{"type":"Point","coordinates":[-2.37896,53.64822]},"properties":{"name":"Power infrastructure","category":"generator","osm_type":"node","osm_id":"7816941666"}},{"type":"Feature","geometry":{"type":"Point","coordinates":[-2.88513,53.57095]},"properties":{"name":"Power infrastructure","category":"generator","osm_type":"node","osm_id":"7817728690"}},{"type":"Feature","geometry":{"type":"Point","coordinates":[-2.88465,53.5729]},"properties":{"name":"Power infrastructure","category":"generator","osm_type":"node","osm_id":"7817728700"}},{"type":"Feature","geometry":{"type":"Point","coordinates":[-2.87551,53.57423]},"properties":{"name":"Power infrastructure","category":"generator","osm_type":"node","osm_id":"7817728705"}},{"type":"Feature","geometry":{"type":"Point","coordinates":[-2.87557,53.5743]},"properties":{"name":"Power infrastructure","category":"generator","osm_type":"node","osm_id":"7817728706"}},{"type":"Feature","geometry":{"type":"Point","coordinates":[-2.87571,53.5744]},"properties":{"name":"Power infrastructure","category":"generator","osm_type":"node","osm_id":"7817728707"}},{"type":"Feature","geometry":{"type":"Point","coordinates":[-2.87667,53.57441]},"properties":{"name":"Power infrastructure","category":"generator","osm_type":"node","osm_id":"7817728708"}},{"type":"Feature","geometry":{"type":"Point","coordinates":[-2.88387,53.57602]},"properties":{"name":"Power infrastructure","category":"generator","osm_type":"node","osm_id":"7817728710"}},{"type":"Feature","geometry":{"type":"Point","coordinates":[-2.88383,53.5763]},"properties":{"name":"Power infrastructure","category":"generator","osm_type":"node","osm_id":"7817728712"}},{"type":"Feature","geometry":{"type":"Point","coordinates":[-2.38249,53.65558]},"properties":{"name":"Power infrastructure","category":"generator","osm_type":"node","osm_id":"7818218727"}},{"type":"Feature","geometry":{"type":"Point","coordinates":[-2.37336,53.65234]},"properties":{"name":"Power infrastructure","category":"generator","osm_type":"node","osm_id":"7818218728"}},{"type":"Feature","geometry":{"type":"Point","coordinates":[-2.86836,53.57034]},"properties":{"name":"Power infrastructure","category":"generator","osm_type":"node","osm_id":"7820998174"}},{"type":"Feature","geometry":{"type":"Point","coordinates":[-2.86931,53.571]},"properties":{"name":"Power infrastructure","category":"generator","osm_type":"node","osm_id":"7820998175"}},{"type":"Feature","geometry":{"type":"Point","coordinates":[-2.87399,53.57147]},"properties":{"name":"Power infrastructure","category":"generator","osm_type":"node","osm_id":"7820998176"}},{"type":"Feature","geometry":{"type":"Point","coordinates":[-2.79365,53.99183]},"properties":{"name":"Power infrastructure","category":"generator","osm_type":"node","osm_id":"7826126963"}},{"type":"Feature","geometry":{"type":"Point","coordinates":[-2.79482,53.99363]},"properties":{"name":"Power infrastructure","category":"generator","osm_type":"node","osm_id":"7826250113"}},{"type":"Feature","geometry":{"type":"Point","coordinates":[-2.7949,53.99365]},"properties":{"name":"Power infrastructure","category":"generator","osm_type":"node","osm_id":"7826250114"}},{"type":"Feature","geometry":{"type":"Point","coordinates":[-2.79809,53.99491]},"properties":{"name":"Power infrastructure","category":"generator","osm_type":"node","osm_id":"7829085960"}},{"type":"Feature","geometry":{"type":"Point","coordinates":[-2.79858,53.99482]},"properties":{"name":"Power infrastructure","category":"generator","osm_type":"node","osm_id":"7829085961"}},{"type":"Feature","geometry":{"type":"Point","coordinates":[-2.79864,53.9948]},"properties":{"name":"Power infrastructure","category":"generator","osm_type":"node","osm_id":"7829085962"}},{"type":"Feature","geometry":{"type":"Point","coordinates":[-2.79756,53.99501]},"properties":{"name":"Power infrastructure","category":"generator","osm_type":"node","osm_id":"7829085969"}},{"type":"Feature","geometry":{"type":"Point","coordinates":[-2.79271,53.99553]},"properties":{"name":"Power infrastructure","category":"generator","osm_type":"node","osm_id":"7829217346"}},{"type":"Feature","geometry":{"type":"Point","coordinates":[-2.72411,53.97172]},"properties":{"name":"Power infrastructure","category":"generator","osm_type":"node","osm_id":"7832329436"}},{"type":"Feature","geometry":{"type":"Point","coordinates":[-2.72415,53.97172]},"properties":{"name":"Power infrastructure","category":"generator","osm_type":"node","osm_id":"7832329437"}},{"type":"Feature","geometry":{"type":"Point","coordinates":[-2.72599,53.96912]},"properties":{"name":"Power infrastructure","category":"generator","osm_type":"node","osm_id":"7832329442"}},{"type":"Feature","geometry":{"type":"Point","coordinates":[-2.72605,53.96922]},"properties":{"name":"Power infrastructure","category":"generator","osm_type":"node","osm_id":"7832329443"}},{"type":"Feature","geometry":{"type":"Point","coordinates":[-2.73348,53.95574]},"properties":{"name":"Power infrastructure","category":"generator","osm_type":"node","osm_id":"7832329444"}},{"type":"Feature","geometry":{"type":"Point","coordinates":[-2.74463,53.9525]},"properties":{"name":"Power infrastructure","category":"generator","osm_type":"node","osm_id":"7832329445"}},{"type":"Feature","geometry":{"type":"Point","coordinates":[-2.70517,53.92269]},"properties":{"name":"Power infrastructure","category":"generator","osm_type":"node","osm_id":"7850502788"}},{"type":"Feature","geometry":{"type":"Point","coordinates":[-2.60788,53.72224]},"properties":{"name":"Power infrastructure","category":"generator","osm_type":"node","osm_id":"7861616523"}},{"type":"Feature","geometry":{"type":"Point","coordinates":[-2.60789,53.7223]},"properties":{"name":"Power infrastructure","category":"generator","osm_type":"node","osm_id":"7861616524"}},{"type":"Feature","geometry":{"type":"Point","coordinates":[-2.60791,53.72237]},"properties":{"name":"Power infrastructure","category":"generator","osm_type":"node","osm_id":"7861616525"}},{"type":"Feature","geometry":{"type":"Point","coordinates":[-2.64087,53.71564]},"properties":{"name":"Power infrastructure","category":"generator","osm_type":"node","osm_id":"7865986538"}},{"type":"Feature","geometry":{"type":"Point","coordinates":[-2.64159,53.71589]},"properties":{"name":"Power infrastructure","category":"generator","osm_type":"node","osm_id":"7865986539"}},{"type":"Feature","geometry":{"type":"Point","coordinates":[-2.64151,53.71594]},"properties":{"name":"Power infrastructure","category":"generator","osm_type":"node","osm_id":"7865986540"}},{"type":"Feature","geometry":{"type":"Point","coordinates":[-2.64413,53.71431]},"properties":{"name":"Power infrastructure","category":"generator","osm_type":"node","osm_id":"7867799720"}},{"type":"Feature","geometry":{"type":"Point","coordinates":[-2.64419,53.71433]},"properties":{"name":"Power infrastructure","category":"generator","osm_type":"node","osm_id":"7867799721"}},{"type":"Feature","geometry":{"type":"Point","coordinates":[-2.64431,53.71438]},"properties":{"name":"Power infrastructure","category":"generator","osm_type":"node","osm_id":"7867799722"}},{"type":"Feature","geometry":{"type":"Point","coordinates":[-2.64439,53.7144]},"properties":{"name":"Power infrastructure","category":"generator","osm_type":"node","osm_id":"7867799723"}},{"type":"Feature","geometry":{"type":"Point","coordinates":[-2.64452,53.71446]},"properties":{"name":"Power infrastructure","category":"generator","osm_type":"node","osm_id":"7867799724"}},{"type":"Feature","geometry":{"type":"Point","coordinates":[-2.64459,53.71449]},"properties":{"name":"Power infrastructure","category":"generator","osm_type":"node","osm_id":"7867799725"}},{"type":"Feature","geometry":{"type":"Point","coordinates":[-2.64515,53.71351]},"properties":{"name":"Power infrastructure","category":"generator","osm_type":"node","osm_id":"7867799790"}},{"type":"Feature","geometry":{"type":"Point","coordinates":[-2.64032,53.71926]},"properties":{"name":"Power infrastructure","category":"generator","osm_type":"node","osm_id":"7876159281"}},{"type":"Feature","geometry":{"type":"Point","coordinates":[-2.64108,53.7188]},"properties":{"name":"Power infrastructure","category":"generator","osm_type":"node","osm_id":"7876159403"}},{"type":"Feature","geometry":{"type":"Point","coordinates":[-2.6408,53.71892]},"properties":{"name":"Power infrastructure","category":"generator","osm_type":"node","osm_id":"7876159404"}},{"type":"Feature","geometry":{"type":"Point","coordinates":[-2.64083,53.71918]},"properties":{"name":"Power infrastructure","category":"generator","osm_type":"node","osm_id":"7876159405"}},{"type":"Feature","geometry":{"type":"Point","coordinates":[-2.6509,53.71877]},"properties":{"name":"Power infrastructure","category":"generator","osm_type":"node","osm_id":"7879065875"}},{"type":"Feature","geometry":{"type":"Point","coordinates":[-2.65063,53.71856]},"properties":{"name":"Power infrastructure","category":"generator","osm_type":"node","osm_id":"7879065876"}},{"type":"Feature","geometry":{"type":"Point","coordinates":[-2.65527,53.62321]},"properties":{"name":"Power infrastructure","category":"generator","osm_type":"node","osm_id":"7887783412"}},{"type":"Feature","geometry":{"type":"Point","coordinates":[-2.65688,53.62213]},"properties":{"name":"Power infrastructure","category":"generator","osm_type":"node","osm_id":"7887783413"}},{"type":"Feature","geometry":{"type":"Point","coordinates":[-2.65645,53.6219]},"properties":{"name":"Power infrastructure","category":"generator","osm_type":"node","osm_id":"7887783415"}},{"type":"Feature","geometry":{"type":"Point","coordinates":[-2.65691,53.62128]},"properties":{"name":"Power infrastructure","category":"generator","osm_type":"node","osm_id":"7887783416"}},{"type":"Feature","geometry":{"type":"Point","coordinates":[-2.65684,53.62129]},"properties":{"name":"Power infrastructure","category":"generator","osm_type":"node","osm_id":"7887783417"}},{"type":"Feature","geometry":{"type":"Point","coordinates":[-2.65698,53.62112]},"properties":{"name":"Power infrastructure","category":"generator","osm_type":"node","osm_id":"7887783430"}},{"type":"Feature","geometry":{"type":"Point","coordinates":[-2.6577,53.62122]},"properties":{"name":"Power infrastructure","category":"generator","osm_type":"node","osm_id":"7887783431"}},{"type":"Feature","geometry":{"type":"Point","coordinates":[-2.65755,53.62082]},"properties":{"name":"Power infrastructure","category":"generator","osm_type":"node","osm_id":"7887783432"}},{"type":"Feature","geometry":{"type":"Point","coordinates":[-2.65664,53.61963]},"properties":{"name":"Power infrastructure","category":"generator","osm_type":"node","osm_id":"7887783433"}},{"type":"Feature","geometry":{"type":"Point","coordinates":[-2.65613,53.6189]},"properties":{"name":"Power infrastructure","category":"generator","osm_type":"node","osm_id":"7887783434"}},{"type":"Feature","geometry":{"type":"Point","coordinates":[-2.65609,53.61895]},"properties":{"name":"Power infrastructure","category":"generator","osm_type":"node","osm_id":"7887783435"}},{"type":"Feature","geometry":{"type":"Point","coordinates":[-2.65599,53.61908]},"properties":{"name":"Power infrastructure","category":"generator","osm_type":"node","osm_id":"7887783436"}},{"type":"Feature","geometry":{"type":"Point","coordinates":[-2.65602,53.61901]},"properties":{"name":"Power infrastructure","category":"generator","osm_type":"node","osm_id":"7887783437"}},{"type":"Feature","geometry":{"type":"Point","coordinates":[-2.6558,53.61886]},"properties":{"name":"Power infrastructure","category":"generator","osm_type":"node","osm_id":"7887783438"}},{"type":"Feature","geometry":{"type":"Point","coordinates":[-2.65561,53.61883]},"properties":{"name":"Power infrastructure","category":"generator","osm_type":"node","osm_id":"7887783439"}},{"type":"Feature","geometry":{"type":"Point","coordinates":[-2.65599,53.61918]},"properties":{"name":"Power infrastructure","category":"generator","osm_type":"node","osm_id":"7887783440"}},{"type":"Feature","geometry":{"type":"Point","coordinates":[-2.65607,53.6193]},"properties":{"name":"Power infrastructure","category":"generator","osm_type":"node","osm_id":"7887783441"}},{"type":"Feature","geometry":{"type":"Point","coordinates":[-2.65614,53.61949]},"properties":{"name":"Power infrastructure","category":"generator","osm_type":"node","osm_id":"7887783442"}},{"type":"Feature","geometry":{"type":"Point","coordinates":[-2.65612,53.61939]},"properties":{"name":"Power infrastructure","category":"generator","osm_type":"node","osm_id":"7887783443"}},{"type":"Feature","geometry":{"type":"Point","coordinates":[-2.65614,53.6196]},"properties":{"name":"Power infrastructure","category":"generator","osm_type":"node","osm_id":"7887783444"}},{"type":"Feature","geometry":{"type":"Point","coordinates":[-2.65623,53.61981]},"properties":{"name":"Power infrastructure","category":"generator","osm_type":"node","osm_id":"7887783445"}},{"type":"Feature","geometry":{"type":"Point","coordinates":[-2.65679,53.61982]},"properties":{"name":"Power infrastructure","category":"generator","osm_type":"node","osm_id":"7887783446"}},{"type":"Feature","geometry":{"type":"Point","coordinates":[-2.65696,53.62024]},"properties":{"name":"Power infrastructure","category":"generator","osm_type":"node","osm_id":"7887783447"}},{"type":"Feature","geometry":{"type":"Point","coordinates":[-2.65704,53.61955]},"properties":{"name":"Power infrastructure","category":"generator","osm_type":"node","osm_id":"7887817091"}},{"type":"Feature","geometry":{"type":"Point","coordinates":[-2.61524,53.63305]},"properties":{"name":"Power infrastructure","category":"generator","osm_type":"node","osm_id":"7900721783"}},{"type":"Feature","geometry":{"type":"Point","coordinates":[-2.63342,53.65389]},"properties":{"name":"Power infrastructure","category":"generator","osm_type":"node","osm_id":"7951833282"}},{"type":"Feature","geometry":{"type":"Point","coordinates":[-2.62541,53.63888]},"properties":{"name":"Power infrastructure","category":"generator","osm_type":"node","osm_id":"7981717529"}},{"type":"Feature","geometry":{"type":"Point","coordinates":[-2.62496,53.63888]},"properties":{"name":"Power infrastructure","category":"generator","osm_type":"node","osm_id":"7981717530"}},{"type":"Feature","geometry":{"type":"Point","coordinates":[-2.62472,53.63895]},"properties":{"name":"Power infrastructure","category":"generator","osm_type":"node","osm_id":"7981717531"}},{"type":"Feature","geometry":{"type":"Point","coordinates":[-2.62466,53.6389]},"properties":{"name":"Power infrastructure","category":"generator","osm_type":"node","osm_id":"7981717532"}},{"type":"Feature","geometry":{"type":"Point","coordinates":[-2.62451,53.63905]},"properties":{"name":"Power infrastructure","category":"generator","osm_type":"node","osm_id":"7981717533"}},{"type":"Feature","geometry":{"type":"Point","coordinates":[-2.62463,53.63911]},"properties":{"name":"Power infrastructure","category":"generator","osm_type":"node","osm_id":"7981717534"}},{"type":"Feature","geometry":{"type":"Point","coordinates":[-2.62475,53.63916]},"properties":{"name":"Power infrastructure","category":"generator","osm_type":"node","osm_id":"7981717535"}},{"type":"Feature","geometry":{"type":"Point","coordinates":[-2.62489,53.6392]},"properties":{"name":"Power infrastructure","category":"generator","osm_type":"node","osm_id":"7981717536"}},{"type":"Feature","geometry":{"type":"Point","coordinates":[-2.62515,53.63914]},"properties":{"name":"Power infrastructure","category":"generator","osm_type":"node","osm_id":"7981717537"}},{"type":"Feature","geometry":{"type":"Point","coordinates":[-2.62531,53.63914]},"properties":{"name":"Power infrastructure","category":"generator","osm_type":"node","osm_id":"7981717538"}},{"type":"Feature","geometry":{"type":"Point","coordinates":[-2.62547,53.63913]},"properties":{"name":"Power infrastructure","category":"generator","osm_type":"node","osm_id":"7981717539"}},{"type":"Feature","geometry":{"type":"Point","coordinates":[-2.62573,53.63911]},"properties":{"name":"Power infrastructure","category":"generator","osm_type":"node","osm_id":"7981717540"}},{"type":"Feature","geometry":{"type":"Point","coordinates":[-2.62586,53.63893]},"properties":{"name":"Power infrastructure","category":"generator","osm_type":"node","osm_id":"7981717541"}},{"type":"Feature","geometry":{"type":"Point","coordinates":[-2.62431,53.63883]},"properties":{"name":"Power infrastructure","category":"generator","osm_type":"node","osm_id":"7981717622"}},{"type":"Feature","geometry":{"type":"Point","coordinates":[-2.62422,53.63893]},"properties":{"name":"Power infrastructure","category":"generator","osm_type":"node","osm_id":"7981717623"}},{"type":"Feature","geometry":{"type":"Point","coordinates":[-2.62412,53.63902]},"properties":{"name":"Power infrastructure","category":"generator","osm_type":"node","osm_id":"7981717624"}},{"type":"Feature","geometry":{"type":"Point","coordinates":[-2.62453,53.63812]},"properties":{"name":"Power infrastructure","category":"generator","osm_type":"node","osm_id":"7987943162"}},{"type":"Feature","geometry":{"type":"Point","coordinates":[-2.62412,53.63782]},"properties":{"name":"Power infrastructure","category":"generator","osm_type":"node","osm_id":"7988028566"}},{"type":"Feature","geometry":{"type":"Point","coordinates":[-2.62408,53.63705]},"properties":{"name":"Power infrastructure","category":"generator","osm_type":"node","osm_id":"7988053606"}},{"type":"Feature","geometry":{"type":"Point","coordinates":[-2.62457,53.63705]},"properties":{"name":"Power infrastructure","category":"generator","osm_type":"node","osm_id":"7988053607"}},{"type":"Feature","geometry":{"type":"Point","coordinates":[-2.62353,53.63766]},"properties":{"name":"Power infrastructure","category":"generator","osm_type":"node","osm_id":"7988053608"}},{"type":"Feature","geometry":{"type":"Point","coordinates":[-2.6237,53.63764]},"properties":{"name":"Power infrastructure","category":"generator","osm_type":"node","osm_id":"7988053609"}},{"type":"Feature","geometry":{"type":"Point","coordinates":[-2.62381,53.63758]},"properties":{"name":"Power infrastructure","category":"generator","osm_type":"node","osm_id":"7988053610"}},{"type":"Feature","geometry":{"type":"Point","coordinates":[-2.6236,53.63734]},"properties":{"name":"Power infrastructure","category":"generator","osm_type":"node","osm_id":"7988053611"}},{"type":"Feature","geometry":{"type":"Point","coordinates":[-2.62353,53.63736]},"properties":{"name":"Power infrastructure","category":"generator","osm_type":"node","osm_id":"7988053612"}},{"type":"Feature","geometry":{"type":"Point","coordinates":[-2.62337,53.63742]},"properties":{"name":"Power infrastructure","category":"generator","osm_type":"node","osm_id":"7988053613"}},{"type":"Feature","geometry":{"type":"Point","coordinates":[-2.62308,53.63746]},"properties":{"name":"Power infrastructure","category":"generator","osm_type":"node","osm_id":"7988053614"}},{"type":"Feature","geometry":{"type":"Point","coordinates":[-2.62324,53.63759]},"properties":{"name":"Power infrastructure","category":"generator","osm_type":"node","osm_id":"7988053615"}},{"type":"Feature","geometry":{"type":"Point","coordinates":[-2.62326,53.63769]},"properties":{"name":"Power infrastructure","category":"generator","osm_type":"node","osm_id":"7988053616"}},{"type":"Feature","geometry":{"type":"Point","coordinates":[-2.62328,53.63776]},"properties":{"name":"Power infrastructure","category":"generator","osm_type":"node","osm_id":"7988053617"}},{"type":"Feature","geometry":{"type":"Point","coordinates":[-2.62348,53.63797]},"properties":{"name":"Power infrastructure","category":"generator","osm_type":"node","osm_id":"7988053618"}},{"type":"Feature","geometry":{"type":"Point","coordinates":[-2.62358,53.63815]},"properties":{"name":"Power infrastructure","category":"generator","osm_type":"node","osm_id":"7988053620"}},{"type":"Feature","geometry":{"type":"Point","coordinates":[-2.62351,53.63815]},"properties":{"name":"Power infrastructure","category":"generator","osm_type":"node","osm_id":"7988053621"}},{"type":"Feature","geometry":{"type":"Point","coordinates":[-2.62414,53.63847]},"properties":{"name":"Power infrastructure","category":"generator","osm_type":"node","osm_id":"7988053626"}},{"type":"Feature","geometry":{"type":"Point","coordinates":[-2.62408,53.63841]},"properties":{"name":"Power infrastructure","category":"generator","osm_type":"node","osm_id":"7988053627"}},{"type":"Feature","geometry":{"type":"Point","coordinates":[-2.62411,53.63826]},"properties":{"name":"Power infrastructure","category":"generator","osm_type":"node","osm_id":"7988053628"}},{"type":"Feature","geometry":{"type":"Point","coordinates":[-2.62406,53.63826]},"properties":{"name":"Power infrastructure","category":"generator","osm_type":"node","osm_id":"7988053629"}},{"type":"Feature","geometry":{"type":"Point","coordinates":[-2.62406,53.63817]},"properties":{"name":"Power infrastructure","category":"generator","osm_type":"node","osm_id":"7988053630"}},{"type":"Feature","geometry":{"type":"Point","coordinates":[-2.624,53.63817]},"properties":{"name":"Power infrastructure","category":"generator","osm_type":"node","osm_id":"7988053631"}},{"type":"Feature","geometry":{"type":"Point","coordinates":[-2.62401,53.63807]},"properties":{"name":"Power infrastructure","category":"generator","osm_type":"node","osm_id":"7988053632"}},{"type":"Feature","geometry":{"type":"Point","coordinates":[-2.62394,53.63809]},"properties":{"name":"Power infrastructure","category":"generator","osm_type":"node","osm_id":"7988053633"}},{"type":"Feature","geometry":{"type":"Point","coordinates":[-2.62394,53.63801]},"properties":{"name":"Power infrastructure","category":"generator","osm_type":"node","osm_id":"7988053634"}},{"type":"Feature","geometry":{"type":"Point","coordinates":[-2.62388,53.638]},"properties":{"name":"Power infrastructure","category":"generator","osm_type":"node","osm_id":"7988053635"}},{"type":"Feature","geometry":{"type":"Point","coordinates":[-2.62391,53.63793]},"properties":{"name":"Power infrastructure","category":"generator","osm_type":"node","osm_id":"7988053636"}},{"type":"Feature","geometry":{"type":"Point","coordinates":[-2.62385,53.63787]},"properties":{"name":"Power infrastructure","category":"generator","osm_type":"node","osm_id":"7988053637"}},{"type":"Feature","geometry":{"type":"Point","coordinates":[-2.62428,53.63793]},"properties":{"name":"Power infrastructure","category":"generator","osm_type":"node","osm_id":"7988053638"}},{"type":"Feature","geometry":{"type":"Point","coordinates":[-2.62436,53.63785]},"properties":{"name":"Power infrastructure","category":"generator","osm_type":"node","osm_id":"7988053639"}},{"type":"Feature","geometry":{"type":"Point","coordinates":[-2.62429,53.63778]},"properties":{"name":"Power infrastructure","category":"generator","osm_type":"node","osm_id":"7988053640"}},{"type":"Feature","geometry":{"type":"Point","coordinates":[-2.62411,53.63766]},"properties":{"name":"Power infrastructure","category":"generator","osm_type":"node","osm_id":"7988053641"}},{"type":"Feature","geometry":{"type":"Point","coordinates":[-2.62442,53.63753]},"properties":{"name":"Power infrastructure","category":"generator","osm_type":"node","osm_id":"7988053642"}},{"type":"Feature","geometry":{"type":"Point","coordinates":[-2.62479,53.63755]},"properties":{"name":"Power infrastructure","category":"generator","osm_type":"node","osm_id":"7988053643"}},{"type":"Feature","geometry":{"type":"Point","coordinates":[-2.6247,53.63746]},"properties":{"name":"Power infrastructure","category":"generator","osm_type":"node","osm_id":"7988053644"}},{"type":"Feature","geometry":{"type":"Point","coordinates":[-2.6244,53.63731]},"properties":{"name":"Power infrastructure","category":"generator","osm_type":"node","osm_id":"7988053645"}},{"type":"Feature","geometry":{"type":"Point","coordinates":[-2.62414,53.63744]},"properties":{"name":"Power infrastructure","category":"generator","osm_type":"node","osm_id":"7988053646"}},{"type":"Feature","geometry":{"type":"Point","coordinates":[-2.62406,53.63737]},"properties":{"name":"Power infrastructure","category":"generator","osm_type":"node","osm_id":"7988053647"}},{"type":"Feature","geometry":{"type":"Point","coordinates":[-2.62387,53.63722]},"properties":{"name":"Power infrastructure","category":"generator","osm_type":"node","osm_id":"7988053648"}},{"type":"Feature","geometry":{"type":"Point","coordinates":[-2.62406,53.63715]},"properties":{"name":"Power infrastructure","category":"generator","osm_type":"node","osm_id":"7988053649"}},{"type":"Feature","geometry":{"type":"Point","coordinates":[-2.62416,53.63713]},"properties":{"name":"Power infrastructure","category":"generator","osm_type":"node","osm_id":"7988053650"}},{"type":"Feature","geometry":{"type":"Point","coordinates":[-2.62438,53.63703]},"properties":{"name":"Power infrastructure","category":"generator","osm_type":"node","osm_id":"7988053651"}},{"type":"Feature","geometry":{"type":"Point","coordinates":[-2.62449,53.63705]},"properties":{"name":"Power infrastructure","category":"generator","osm_type":"node","osm_id":"7988053652"}},{"type":"Feature","geometry":{"type":"Point","coordinates":[-2.62464,53.63705]},"properties":{"name":"Power infrastructure","category":"generator","osm_type":"node","osm_id":"7988053653"}},{"type":"Feature","geometry":{"type":"Point","coordinates":[-2.62472,53.63705]},"properties":{"name":"Power infrastructure","category":"generator","osm_type":"node","osm_id":"7988053654"}},{"type":"Feature","geometry":{"type":"Point","coordinates":[-2.62469,53.63725]},"properties":{"name":"Power infrastructure","category":"generator","osm_type":"node","osm_id":"7988053655"}},{"type":"Feature","geometry":{"type":"Point","coordinates":[-2.6247,53.6373]},"properties":{"name":"Power infrastructure","category":"generator","osm_type":"node","osm_id":"7988053656"}},{"type":"Feature","geometry":{"type":"Point","coordinates":[-2.62517,53.63712]},"properties":{"name":"Power infrastructure","category":"generator","osm_type":"node","osm_id":"7988053657"}},{"type":"Feature","geometry":{"type":"Point","coordinates":[-2.62518,53.63716]},"properties":{"name":"Power infrastructure","category":"generator","osm_type":"node","osm_id":"7988053658"}},{"type":"Feature","geometry":{"type":"Point","coordinates":[-2.62518,53.6372]},"properties":{"name":"Power infrastructure","category":"generator","osm_type":"node","osm_id":"7988053659"}},{"type":"Feature","geometry":{"type":"Point","coordinates":[-2.62518,53.63724]},"properties":{"name":"Power infrastructure","category":"generator","osm_type":"node","osm_id":"7988053660"}},{"type":"Feature","geometry":{"type":"Point","coordinates":[-2.62518,53.63728]},"properties":{"name":"Power infrastructure","category":"generator","osm_type":"node","osm_id":"7988053661"}},{"type":"Feature","geometry":{"type":"Point","coordinates":[-2.62518,53.63732]},"properties":{"name":"Power infrastructure","category":"generator","osm_type":"node","osm_id":"7988053662"}},{"type":"Feature","geometry":{"type":"Point","coordinates":[-2.62518,53.63737]},"properties":{"name":"Power infrastructure","category":"generator","osm_type":"node","osm_id":"7988053663"}},{"type":"Feature","geometry":{"type":"Point","coordinates":[-2.62518,53.63741]},"properties":{"name":"Power infrastructure","category":"generator","osm_type":"node","osm_id":"7988053664"}},{"type":"Feature","geometry":{"type":"Point","coordinates":[-2.62518,53.63744]},"properties":{"name":"Power infrastructure","category":"generator","osm_type":"node","osm_id":"7988053665"}},{"type":"Feature","geometry":{"type":"Point","coordinates":[-2.62296,53.63854]},"properties":{"name":"Power infrastructure","category":"generator","osm_type":"node","osm_id":"7992268531"}},{"type":"Feature","geometry":{"type":"Point","coordinates":[-2.623,53.63849]},"properties":{"name":"Power infrastructure","category":"generator","osm_type":"node","osm_id":"7992268532"}},{"type":"Feature","geometry":{"type":"Point","coordinates":[-2.62286,53.63787]},"properties":{"name":"Power infrastructure","category":"generator","osm_type":"node","osm_id":"7992268533"}},{"type":"Feature","geometry":{"type":"Point","coordinates":[-2.62277,53.63784]},"properties":{"name":"Power infrastructure","category":"generator","osm_type":"node","osm_id":"7992268534"}},{"type":"Feature","geometry":{"type":"Point","coordinates":[-2.62253,53.6377]},"properties":{"name":"Power infrastructure","category":"generator","osm_type":"node","osm_id":"7992268535"}},{"type":"Feature","geometry":{"type":"Point","coordinates":[-2.62299,53.6382]},"properties":{"name":"Power infrastructure","category":"generator","osm_type":"node","osm_id":"7992269056"}},{"type":"Feature","geometry":{"type":"Point","coordinates":[-2.62304,53.63819]},"properties":{"name":"Power infrastructure","category":"generator","osm_type":"node","osm_id":"7992269057"}},{"type":"Feature","geometry":{"type":"Point","coordinates":[-2.62348,53.63875]},"properties":{"name":"Power infrastructure","category":"generator","osm_type":"node","osm_id":"7992269058"}},{"type":"Feature","geometry":{"type":"Point","coordinates":[-2.62365,53.6388]},"properties":{"name":"Power infrastructure","category":"generator","osm_type":"node","osm_id":"7992269059"}},{"type":"Feature","geometry":{"type":"Point","coordinates":[-2.62255,53.63796]},"properties":{"name":"Power infrastructure","category":"generator","osm_type":"node","osm_id":"7992270452"}},{"type":"Feature","geometry":{"type":"Point","coordinates":[-2.62242,53.63801]},"properties":{"name":"Power infrastructure","category":"generator","osm_type":"node","osm_id":"7992270453"}},{"type":"Feature","geometry":{"type":"Point","coordinates":[-2.62211,53.63808]},"properties":{"name":"Power infrastructure","category":"generator","osm_type":"node","osm_id":"7992270454"}},{"type":"Feature","geometry":{"type":"Point","coordinates":[-2.62214,53.63812]},"properties":{"name":"Power infrastructure","category":"generator","osm_type":"node","osm_id":"7992270455"}},{"type":"Feature","geometry":{"type":"Point","coordinates":[-2.62225,53.63776]},"properties":{"name":"Power infrastructure","category":"generator","osm_type":"node","osm_id":"7992270456"}},{"type":"Feature","geometry":{"type":"Point","coordinates":[-2.62186,53.6379]},"properties":{"name":"Power infrastructure","category":"generator","osm_type":"node","osm_id":"7992270457"}},{"type":"Feature","geometry":{"type":"Point","coordinates":[-2.62212,53.63784]},"properties":{"name":"Power infrastructure","category":"generator","osm_type":"node","osm_id":"7992270458"}},{"type":"Feature","geometry":{"type":"Point","coordinates":[-2.622,53.63787]},"properties":{"name":"Power infrastructure","category":"generator","osm_type":"node","osm_id":"7992270459"}},{"type":"Feature","geometry":{"type":"Point","coordinates":[-2.62161,53.63793]},"properties":{"name":"Power infrastructure","category":"generator","osm_type":"node","osm_id":"7992270460"}},{"type":"Feature","geometry":{"type":"Point","coordinates":[-2.62144,53.638]},"properties":{"name":"Power infrastructure","category":"generator","osm_type":"node","osm_id":"7992270461"}},{"type":"Feature","geometry":{"type":"Point","coordinates":[-2.62136,53.63802]},"properties":{"name":"Power infrastructure","category":"generator","osm_type":"node","osm_id":"7992270462"}},{"type":"Feature","geometry":{"type":"Point","coordinates":[-2.6212,53.63806]},"properties":{"name":"Power infrastructure","category":"generator","osm_type":"node","osm_id":"7992270463"}},{"type":"Feature","geometry":{"type":"Point","coordinates":[-2.62103,53.6381]},"properties":{"name":"Power infrastructure","category":"generator","osm_type":"node","osm_id":"7992270464"}},{"type":"Feature","geometry":{"type":"Point","coordinates":[-2.6218,53.63821]},"properties":{"name":"Power infrastructure","category":"generator","osm_type":"node","osm_id":"7992270465"}},{"type":"Feature","geometry":{"type":"Point","coordinates":[-2.62152,53.63828]},"properties":{"name":"Power infrastructure","category":"generator","osm_type":"node","osm_id":"7992270466"}},{"type":"Feature","geometry":{"type":"Point","coordinates":[-2.62167,53.63824]},"properties":{"name":"Power infrastructure","category":"generator","osm_type":"node","osm_id":"7992270467"}},{"type":"Feature","geometry":{"type":"Point","coordinates":[-2.62122,53.63826]},"properties":{"name":"Power infrastructure","category":"generator","osm_type":"node","osm_id":"7992270468"}},{"type":"Feature","geometry":{"type":"Point","coordinates":[-2.62124,53.63838]},"properties":{"name":"Power infrastructure","category":"generator","osm_type":"node","osm_id":"7992270469"}},{"type":"Feature","geometry":{"type":"Point","coordinates":[-2.62125,53.63842]},"properties":{"name":"Power infrastructure","category":"generator","osm_type":"node","osm_id":"7992270470"}},{"type":"Feature","geometry":{"type":"Point","coordinates":[-2.62134,53.63853]},"properties":{"name":"Power infrastructure","category":"generator","osm_type":"node","osm_id":"7992270471"}},{"type":"Feature","geometry":{"type":"Point","coordinates":[-2.62168,53.63849]},"properties":{"name":"Power infrastructure","category":"generator","osm_type":"node","osm_id":"7992270472"}},{"type":"Feature","geometry":{"type":"Point","coordinates":[-2.62177,53.63847]},"properties":{"name":"Power infrastructure","category":"generator","osm_type":"node","osm_id":"7992270473"}},{"type":"Feature","geometry":{"type":"Point","coordinates":[-2.62207,53.63841]},"properties":{"name":"Power infrastructure","category":"generator","osm_type":"node","osm_id":"7992270474"}},{"type":"Feature","geometry":{"type":"Point","coordinates":[-2.62237,53.63829]},"properties":{"name":"Power infrastructure","category":"generator","osm_type":"node","osm_id":"7992270487"}},{"type":"Feature","geometry":{"type":"Point","coordinates":[-2.62254,53.63824]},"properties":{"name":"Power infrastructure","category":"generator","osm_type":"node","osm_id":"7992270488"}},{"type":"Feature","geometry":{"type":"Point","coordinates":[-2.6227,53.63821]},"properties":{"name":"Power infrastructure","category":"generator","osm_type":"node","osm_id":"7992270489"}},{"type":"Feature","geometry":{"type":"Point","coordinates":[-2.62256,53.63843]},"properties":{"name":"Power infrastructure","category":"generator","osm_type":"node","osm_id":"7992270490"}},{"type":"Feature","geometry":{"type":"Point","coordinates":[-2.62256,53.63848]},"properties":{"name":"Power infrastructure","category":"generator","osm_type":"node","osm_id":"7992270491"}},{"type":"Feature","geometry":{"type":"Point","coordinates":[-2.62256,53.63852]},"properties":{"name":"Power infrastructure","category":"generator","osm_type":"node","osm_id":"7992270492"}},{"type":"Feature","geometry":{"type":"Point","coordinates":[-2.62651,53.63806]},"properties":{"name":"Power infrastructure","category":"generator","osm_type":"node","osm_id":"7992802739"}},{"type":"Feature","geometry":{"type":"Point","coordinates":[-2.62654,53.63797]},"properties":{"name":"Power infrastructure","category":"generator","osm_type":"node","osm_id":"7992802740"}},{"type":"Feature","geometry":{"type":"Point","coordinates":[-2.62656,53.63746]},"properties":{"name":"Power infrastructure","category":"generator","osm_type":"node","osm_id":"7992802741"}},{"type":"Feature","geometry":{"type":"Point","coordinates":[-2.62655,53.63738]},"properties":{"name":"Power infrastructure","category":"generator","osm_type":"node","osm_id":"7992802742"}},{"type":"Feature","geometry":{"type":"Point","coordinates":[-2.62611,53.63773]},"properties":{"name":"Power infrastructure","category":"generator","osm_type":"node","osm_id":"7992802743"}},{"type":"Feature","geometry":{"type":"Point","coordinates":[-2.62603,53.63793]},"properties":{"name":"Power infrastructure","category":"generator","osm_type":"node","osm_id":"7992802744"}},{"type":"Feature","geometry":{"type":"Point","coordinates":[-2.62597,53.63801]},"properties":{"name":"Power infrastructure","category":"generator","osm_type":"node","osm_id":"7992802745"}},{"type":"Feature","geometry":{"type":"Point","coordinates":[-2.62571,53.63833]},"properties":{"name":"Power infrastructure","category":"generator","osm_type":"node","osm_id":"7992802746"}},{"type":"Feature","geometry":{"type":"Point","coordinates":[-2.62568,53.6385]},"properties":{"name":"Power infrastructure","category":"generator","osm_type":"node","osm_id":"7992802747"}},{"type":"Feature","geometry":{"type":"Point","coordinates":[-2.6257,53.63857]},"properties":{"name":"Power infrastructure","category":"generator","osm_type":"node","osm_id":"7992802748"}},{"type":"Feature","geometry":{"type":"Point","coordinates":[-2.62575,53.63836]},"properties":{"name":"Power infrastructure","category":"generator","osm_type":"node","osm_id":"7992802749"}},{"type":"Feature","geometry":{"type":"Point","coordinates":[-2.62589,53.63818]},"properties":{"name":"Power infrastructure","category":"generator","osm_type":"node","osm_id":"7992802750"}},{"type":"Feature","geometry":{"type":"Point","coordinates":[-2.62549,53.6387]},"properties":{"name":"Power infrastructure","category":"generator","osm_type":"node","osm_id":"7992802751"}},{"type":"Feature","geometry":{"type":"Point","coordinates":[-2.62612,53.63855]},"properties":{"name":"Power infrastructure","category":"generator","osm_type":"node","osm_id":"7992802752"}},{"type":"Feature","geometry":{"type":"Point","coordinates":[-2.62624,53.63838]},"properties":{"name":"Power infrastructure","category":"generator","osm_type":"node","osm_id":"7992802753"}},{"type":"Feature","geometry":{"type":"Point","coordinates":[-2.62634,53.63822]},"properties":{"name":"Power infrastructure","category":"generator","osm_type":"node","osm_id":"7992802754"}},{"type":"Feature","geometry":{"type":"Point","coordinates":[-2.62583,53.63818]},"properties":{"name":"Power infrastructure","category":"generator","osm_type":"node","osm_id":"7992802755"}},{"type":"Feature","geometry":{"type":"Point","coordinates":[-2.62646,53.63805]},"properties":{"name":"Power infrastructure","category":"generator","osm_type":"node","osm_id":"7992802756"}},{"type":"Feature","geometry":{"type":"Point","coordinates":[-2.62592,53.638]},"properties":{"name":"Power infrastructure","category":"generator","osm_type":"node","osm_id":"7992802757"}},{"type":"Feature","geometry":{"type":"Point","coordinates":[-2.62599,53.63791]},"properties":{"name":"Power infrastructure","category":"generator","osm_type":"node","osm_id":"7992802758"}},{"type":"Feature","geometry":{"type":"Point","coordinates":[-2.62649,53.63797]},"properties":{"name":"Power infrastructure","category":"generator","osm_type":"node","osm_id":"7992802759"}},{"type":"Feature","geometry":{"type":"Point","coordinates":[-2.6265,53.63736]},"properties":{"name":"Power infrastructure","category":"generator","osm_type":"node","osm_id":"7992802760"}},{"type":"Feature","geometry":{"type":"Point","coordinates":[-2.62567,53.63721]},"properties":{"name":"Power infrastructure","category":"generator","osm_type":"node","osm_id":"7992802761"}},{"type":"Feature","geometry":{"type":"Point","coordinates":[-2.62572,53.63726]},"properties":{"name":"Power infrastructure","category":"generator","osm_type":"node","osm_id":"7992802762"}},{"type":"Feature","geometry":{"type":"Point","coordinates":[-2.62525,53.63696]},"properties":{"name":"Power infrastructure","category":"generator","osm_type":"node","osm_id":"7992802763"}},{"type":"Feature","geometry":{"type":"Point","coordinates":[-2.6253,53.63696]},"properties":{"name":"Power infrastructure","category":"generator","osm_type":"node","osm_id":"7992802764"}},{"type":"Feature","geometry":{"type":"Point","coordinates":[-2.62597,53.63699]},"properties":{"name":"Power infrastructure","category":"generator","osm_type":"node","osm_id":"7992802765"}},{"type":"Feature","geometry":{"type":"Point","coordinates":[-2.62553,53.63705]},"properties":{"name":"Power infrastructure","category":"generator","osm_type":"node","osm_id":"7992802766"}},{"type":"Feature","geometry":{"type":"Point","coordinates":[-2.62571,53.63705]},"properties":{"name":"Power infrastructure","category":"generator","osm_type":"node","osm_id":"7992802767"}},{"type":"Feature","geometry":{"type":"Point","coordinates":[-2.26806,53.7797]},"properties":{"name":"Power infrastructure","category":"generator","osm_type":"node","osm_id":"8013542278"}},{"type":"Feature","geometry":{"type":"Point","coordinates":[-2.02278,53.50202]},"properties":{"name":"Power infrastructure","category":"generator","osm_type":"node","osm_id":"8048389430"}},{"type":"Feature","geometry":{"type":"Point","coordinates":[-2.06569,53.50416]},"properties":{"name":"Power infrastructure","category":"generator","osm_type":"node","osm_id":"8050653608"}},{"type":"Feature","geometry":{"type":"Point","coordinates":[-2.06391,53.50386]},"properties":{"name":"Power infrastructure","category":"generator","osm_type":"node","osm_id":"8050653609"}},{"type":"Feature","geometry":{"type":"Point","coordinates":[-2.05974,53.50309]},"properties":{"name":"Power infrastructure","category":"generator","osm_type":"node","osm_id":"8051081056"}},{"type":"Feature","geometry":{"type":"Point","coordinates":[-2.05993,53.50393]},"properties":{"name":"Power infrastructure","category":"generator","osm_type":"node","osm_id":"8051081057"}},{"type":"Feature","geometry":{"type":"Point","coordinates":[-2.05988,53.50151]},"properties":{"name":"Power infrastructure","category":"generator","osm_type":"node","osm_id":"8051081058"}},{"type":"Feature","geometry":{"type":"Point","coordinates":[-2.05987,53.50156]},"properties":{"name":"Power infrastructure","category":"generator","osm_type":"node","osm_id":"8051081059"}},{"type":"Feature","geometry":{"type":"Point","coordinates":[-2.06915,53.50294]},"properties":{"name":"Power infrastructure","category":"generator","osm_type":"node","osm_id":"8051081063"}},{"type":"Feature","geometry":{"type":"Point","coordinates":[-2.0693,53.50296]},"properties":{"name":"Power infrastructure","category":"generator","osm_type":"node","osm_id":"8051081064"}},{"type":"Feature","geometry":{"type":"Point","coordinates":[-2.06934,53.50298]},"properties":{"name":"Power infrastructure","category":"generator","osm_type":"node","osm_id":"8051081065"}},{"type":"Feature","geometry":{"type":"Point","coordinates":[-2.06936,53.50303]},"properties":{"name":"Power infrastructure","category":"generator","osm_type":"node","osm_id":"8051081066"}},{"type":"Feature","geometry":{"type":"Point","coordinates":[-2.06931,53.50303]},"properties":{"name":"Power infrastructure","category":"generator","osm_type":"node","osm_id":"8051081067"}},{"type":"Feature","geometry":{"type":"Point","coordinates":[-2.08633,53.5022]},"properties":{"name":"Power infrastructure","category":"generator","osm_type":"node","osm_id":"8051112438"}},{"type":"Feature","geometry":{"type":"Point","coordinates":[-2.08569,53.50224]},"properties":{"name":"Power infrastructure","category":"generator","osm_type":"node","osm_id":"8051112439"}},{"type":"Feature","geometry":{"type":"Point","coordinates":[-2.08573,53.50227]},"properties":{"name":"Power infrastructure","category":"generator","osm_type":"node","osm_id":"8051112440"}},{"type":"Feature","geometry":{"type":"Point","coordinates":[-2.08607,53.50255]},"properties":{"name":"Power infrastructure","category":"generator","osm_type":"node","osm_id":"8051112441"}},{"type":"Feature","geometry":{"type":"Point","coordinates":[-2.89084,53.50056]},"properties":{"name":"Power infrastructure","category":"generator","osm_type":"node","osm_id":"8060207161"}},{"type":"Feature","geometry":{"type":"Point","coordinates":[-2.70123,53.69775]},"properties":{"name":"Power infrastructure","category":"generator","osm_type":"node","osm_id":"8068683946"}},{"type":"Feature","geometry":{"type":"Point","coordinates":[-2.7025,53.69731]},"properties":{"name":"Power infrastructure","category":"generator","osm_type":"node","osm_id":"8068683971"}},{"type":"Feature","geometry":{"type":"Point","coordinates":[-2.70318,53.6974]},"properties":{"name":"Power infrastructure","category":"generator","osm_type":"node","osm_id":"8068683976"}},{"type":"Feature","geometry":{"type":"Point","coordinates":[-2.70919,53.69821]},"properties":{"name":"Power infrastructure","category":"generator","osm_type":"node","osm_id":"8068684017"}},{"type":"Feature","geometry":{"type":"Point","coordinates":[-2.70532,53.69722]},"properties":{"name":"Power infrastructure","category":"generator","osm_type":"node","osm_id":"8068739309"}},{"type":"Feature","geometry":{"type":"Point","coordinates":[-2.70553,53.69722]},"properties":{"name":"Power infrastructure","category":"generator","osm_type":"node","osm_id":"8068739310"}},{"type":"Feature","geometry":{"type":"Point","coordinates":[-2.66437,53.70901]},"properties":{"name":"Power infrastructure","category":"generator","osm_type":"node","osm_id":"8071672968"}},{"type":"Feature","geometry":{"type":"Point","coordinates":[-2.66447,53.70899]},"properties":{"name":"Power infrastructure","category":"generator","osm_type":"node","osm_id":"8071672969"}},{"type":"Feature","geometry":{"type":"Point","coordinates":[-2.66437,53.71025]},"properties":{"name":"Power infrastructure","category":"generator","osm_type":"node","osm_id":"8071684348"}},{"type":"Feature","geometry":{"type":"Point","coordinates":[-2.67051,53.6985]},"properties":{"name":"Power infrastructure","category":"generator","osm_type":"node","osm_id":"8071991702"}},{"type":"Feature","geometry":{"type":"Point","coordinates":[-2.66748,53.69807]},"properties":{"name":"Power infrastructure","category":"generator","osm_type":"node","osm_id":"8072019121"}},{"type":"Feature","geometry":{"type":"Point","coordinates":[-2.6679,53.69876]},"properties":{"name":"Power infrastructure","category":"generator","osm_type":"node","osm_id":"8072019123"}},{"type":"Feature","geometry":{"type":"Point","coordinates":[-2.66801,53.69905]},"properties":{"name":"Power infrastructure","category":"generator","osm_type":"node","osm_id":"8072019124"}},{"type":"Feature","geometry":{"type":"Point","coordinates":[-2.66829,53.69904]},"properties":{"name":"Power infrastructure","category":"generator","osm_type":"node","osm_id":"8072019125"}},{"type":"Feature","geometry":{"type":"Point","coordinates":[-2.66795,53.6991]},"properties":{"name":"Power infrastructure","category":"generator","osm_type":"node","osm_id":"8072019126"}},{"type":"Feature","geometry":{"type":"Point","coordinates":[-2.66956,53.70076]},"properties":{"name":"Power infrastructure","category":"generator","osm_type":"node","osm_id":"8072019230"}},{"type":"Feature","geometry":{"type":"Point","coordinates":[-2.67123,53.70144]},"properties":{"name":"Power infrastructure","category":"generator","osm_type":"node","osm_id":"8072019253"}},{"type":"Feature","geometry":{"type":"Point","coordinates":[-2.66974,53.70214]},"properties":{"name":"Power infrastructure","category":"generator","osm_type":"node","osm_id":"8072019254"}},{"type":"Feature","geometry":{"type":"Point","coordinates":[-2.66773,53.69971]},"properties":{"name":"Power infrastructure","category":"generator","osm_type":"node","osm_id":"8072216496"}},{"type":"Feature","geometry":{"type":"Point","coordinates":[-2.63498,53.66435]},"properties":{"name":"Power infrastructure","category":"generator","osm_type":"node","osm_id":"8081193692"}},{"type":"Feature","geometry":{"type":"Point","coordinates":[-2.64087,53.66218]},"properties":{"name":"Power infrastructure","category":"generator","osm_type":"node","osm_id":"8081447695"}},{"type":"Feature","geometry":{"type":"Point","coordinates":[-2.63824,53.66191]},"properties":{"name":"Power infrastructure","category":"generator","osm_type":"node","osm_id":"8081447741"}},{"type":"Feature","geometry":{"type":"Point","coordinates":[-2.6386,53.66344]},"properties":{"name":"Power infrastructure","category":"generator","osm_type":"node","osm_id":"8081642542"}},{"type":"Feature","geometry":{"type":"Point","coordinates":[-2.64083,53.64636]},"properties":{"name":"Power infrastructure","category":"generator","osm_type":"node","osm_id":"8090864962"}},{"type":"Feature","geometry":{"type":"Point","coordinates":[-2.6992,53.7234]},"properties":{"name":"Power infrastructure","category":"generator","osm_type":"node","osm_id":"8093485743"}},{"type":"Feature","geometry":{"type":"Point","coordinates":[-2.71439,53.7041]},"properties":{"name":"Power infrastructure","category":"generator","osm_type":"node","osm_id":"8093487263"}},{"type":"Feature","geometry":{"type":"Point","coordinates":[-2.71471,53.70437]},"properties":{"name":"Power infrastructure","category":"generator","osm_type":"node","osm_id":"8093487264"}},{"type":"Feature","geometry":{"type":"Point","coordinates":[-2.71481,53.70435]},"properties":{"name":"Power infrastructure","category":"generator","osm_type":"node","osm_id":"8093487265"}},{"type":"Feature","geometry":{"type":"Point","coordinates":[-2.71495,53.70433]},"properties":{"name":"Power infrastructure","category":"generator","osm_type":"node","osm_id":"8093487266"}},{"type":"Feature","geometry":{"type":"Point","coordinates":[-2.71511,53.70433]},"properties":{"name":"Power infrastructure","category":"generator","osm_type":"node","osm_id":"8093487267"}},{"type":"Feature","geometry":{"type":"Point","coordinates":[-2.71526,53.7043]},"properties":{"name":"Power infrastructure","category":"generator","osm_type":"node","osm_id":"8093487268"}},{"type":"Feature","geometry":{"type":"Point","coordinates":[-2.71542,53.7043]},"properties":{"name":"Power infrastructure","category":"generator","osm_type":"node","osm_id":"8093487269"}},{"type":"Feature","geometry":{"type":"Point","coordinates":[-2.71556,53.70427]},"properties":{"name":"Power infrastructure","category":"generator","osm_type":"node","osm_id":"8093487270"}},{"type":"Feature","geometry":{"type":"Point","coordinates":[-2.71618,53.70449]},"properties":{"name":"Power infrastructure","category":"generator","osm_type":"node","osm_id":"8093487271"}},{"type":"Feature","geometry":{"type":"Point","coordinates":[-2.71647,53.70443]},"properties":{"name":"Power infrastructure","category":"generator","osm_type":"node","osm_id":"8093487272"}},{"type":"Feature","geometry":{"type":"Point","coordinates":[-2.71568,53.70426]},"properties":{"name":"Power infrastructure","category":"generator","osm_type":"node","osm_id":"8093487273"}},{"type":"Feature","geometry":{"type":"Point","coordinates":[-2.71575,53.70425]},"properties":{"name":"Power infrastructure","category":"generator","osm_type":"node","osm_id":"8093487274"}},{"type":"Feature","geometry":{"type":"Point","coordinates":[-2.71585,53.70423]},"properties":{"name":"Power infrastructure","category":"generator","osm_type":"node","osm_id":"8093487275"}},{"type":"Feature","geometry":{"type":"Point","coordinates":[-2.71591,53.70423]},"properties":{"name":"Power infrastructure","category":"generator","osm_type":"node","osm_id":"8093487276"}},{"type":"Feature","geometry":{"type":"Point","coordinates":[-2.71603,53.70422]},"properties":{"name":"Power infrastructure","category":"generator","osm_type":"node","osm_id":"8093487277"}},{"type":"Feature","geometry":{"type":"Point","coordinates":[-2.71471,53.70411]},"properties":{"name":"Power infrastructure","category":"generator","osm_type":"node","osm_id":"8093487278"}},{"type":"Feature","geometry":{"type":"Point","coordinates":[-2.71483,53.70408]},"properties":{"name":"Power infrastructure","category":"generator","osm_type":"node","osm_id":"8093487279"}},{"type":"Feature","geometry":{"type":"Point","coordinates":[-2.71524,53.70402]},"properties":{"name":"Power infrastructure","category":"generator","osm_type":"node","osm_id":"8093487280"}},{"type":"Feature","geometry":{"type":"Point","coordinates":[-2.71572,53.70397]},"properties":{"name":"Power infrastructure","category":"generator","osm_type":"node","osm_id":"8093487281"}},{"type":"Feature","geometry":{"type":"Point","coordinates":[-2.71583,53.70395]},"properties":{"name":"Power infrastructure","category":"generator","osm_type":"node","osm_id":"8093487282"}},{"type":"Feature","geometry":{"type":"Point","coordinates":[-2.71605,53.70393]},"properties":{"name":"Power infrastructure","category":"generator","osm_type":"node","osm_id":"8093487283"}},{"type":"Feature","geometry":{"type":"Point","coordinates":[-2.71621,53.70389]},"properties":{"name":"Power infrastructure","category":"generator","osm_type":"node","osm_id":"8093487284"}},{"type":"Feature","geometry":{"type":"Point","coordinates":[-2.71565,53.70369]},"properties":{"name":"Power infrastructure","category":"generator","osm_type":"node","osm_id":"8093487285"}},{"type":"Feature","geometry":{"type":"Point","coordinates":[-2.71553,53.7037]},"properties":{"name":"Power infrastructure","category":"generator","osm_type":"node","osm_id":"8093487286"}},{"type":"Feature","geometry":{"type":"Point","coordinates":[-2.71537,53.70373]},"properties":{"name":"Power infrastructure","category":"generator","osm_type":"node","osm_id":"8093487287"}},{"type":"Feature","geometry":{"type":"Point","coordinates":[-2.7152,53.70375]},"properties":{"name":"Power infrastructure","category":"generator","osm_type":"node","osm_id":"8093487288"}},{"type":"Feature","geometry":{"type":"Point","coordinates":[-2.71504,53.70375]},"properties":{"name":"Power infrastructure","category":"generator","osm_type":"node","osm_id":"8093487289"}},{"type":"Feature","geometry":{"type":"Point","coordinates":[-2.71497,53.70376]},"properties":{"name":"Power infrastructure","category":"generator","osm_type":"node","osm_id":"8093487290"}},{"type":"Feature","geometry":{"type":"Point","coordinates":[-2.7149,53.70377]},"properties":{"name":"Power infrastructure","category":"generator","osm_type":"node","osm_id":"8093487291"}},{"type":"Feature","geometry":{"type":"Point","coordinates":[-2.71481,53.70379]},"properties":{"name":"Power infrastructure","category":"generator","osm_type":"node","osm_id":"8093487292"}},{"type":"Feature","geometry":{"type":"Point","coordinates":[-2.71475,53.70379]},"properties":{"name":"Power infrastructure","category":"generator","osm_type":"node","osm_id":"8093487293"}},{"type":"Feature","geometry":{"type":"Point","coordinates":[-2.71468,53.7038]},"properties":{"name":"Power infrastructure","category":"generator","osm_type":"node","osm_id":"8093487294"}},{"type":"Feature","geometry":{"type":"Point","coordinates":[-2.71452,53.70383]},"properties":{"name":"Power infrastructure","category":"generator","osm_type":"node","osm_id":"8093487295"}},{"type":"Feature","geometry":{"type":"Point","coordinates":[-2.71436,53.70383]},"properties":{"name":"Power infrastructure","category":"generator","osm_type":"node","osm_id":"8093487296"}},{"type":"Feature","geometry":{"type":"Point","coordinates":[-2.7142,53.70393]},"properties":{"name":"Power infrastructure","category":"generator","osm_type":"node","osm_id":"8093487297"}},{"type":"Feature","geometry":{"type":"Point","coordinates":[-2.71412,53.70391]},"properties":{"name":"Power infrastructure","category":"generator","osm_type":"node","osm_id":"8093487298"}},{"type":"Feature","geometry":{"type":"Point","coordinates":[-2.71425,53.70323]},"properties":{"name":"Power infrastructure","category":"generator","osm_type":"node","osm_id":"8093487299"}},{"type":"Feature","geometry":{"type":"Point","coordinates":[-2.71454,53.70326]},"properties":{"name":"Power infrastructure","category":"generator","osm_type":"node","osm_id":"8093487300"}},{"type":"Feature","geometry":{"type":"Point","coordinates":[-2.71482,53.70321]},"properties":{"name":"Power infrastructure","category":"generator","osm_type":"node","osm_id":"8093487301"}},{"type":"Feature","geometry":{"type":"Point","coordinates":[-2.71572,53.70351]},"properties":{"name":"Power infrastructure","category":"generator","osm_type":"node","osm_id":"8093487302"}},{"type":"Feature","geometry":{"type":"Point","coordinates":[-2.7154,53.70343]},"properties":{"name":"Power infrastructure","category":"generator","osm_type":"node","osm_id":"8093487303"}},{"type":"Feature","geometry":{"type":"Point","coordinates":[-2.7158,53.7026]},"properties":{"name":"Power infrastructure","category":"generator","osm_type":"node","osm_id":"8093487304"}},{"type":"Feature","geometry":{"type":"Point","coordinates":[-2.71606,53.7021]},"properties":{"name":"Power infrastructure","category":"generator","osm_type":"node","osm_id":"8093487305"}},{"type":"Feature","geometry":{"type":"Point","coordinates":[-2.71593,53.70235]},"properties":{"name":"Power infrastructure","category":"generator","osm_type":"node","osm_id":"8093487306"}},{"type":"Feature","geometry":{"type":"Point","coordinates":[-2.71551,53.70247]},"properties":{"name":"Power infrastructure","category":"generator","osm_type":"node","osm_id":"8093487307"}},{"type":"Feature","geometry":{"type":"Point","coordinates":[-2.71368,53.70214]},"properties":{"name":"Power infrastructure","category":"generator","osm_type":"node","osm_id":"8093487308"}},{"type":"Feature","geometry":{"type":"Point","coordinates":[-2.7135,53.7018]},"properties":{"name":"Power infrastructure","category":"generator","osm_type":"node","osm_id":"8093487309"}},{"type":"Feature","geometry":{"type":"Point","coordinates":[-2.71212,53.70334]},"properties":{"name":"Power infrastructure","category":"generator","osm_type":"node","osm_id":"8093487310"}},{"type":"Feature","geometry":{"type":"Point","coordinates":[-2.70767,53.70996]},"properties":{"name":"Power infrastructure","category":"generator","osm_type":"node","osm_id":"8093487311"}},{"type":"Feature","geometry":{"type":"Point","coordinates":[-2.71055,53.70198]},"properties":{"name":"Power infrastructure","category":"generator","osm_type":"node","osm_id":"8093487312"}},{"type":"Feature","geometry":{"type":"Point","coordinates":[-2.70323,53.70297]},"properties":{"name":"Power infrastructure","category":"generator","osm_type":"node","osm_id":"8093487313"}},{"type":"Feature","geometry":{"type":"Point","coordinates":[-2.70324,53.70315]},"properties":{"name":"Power infrastructure","category":"generator","osm_type":"node","osm_id":"8093487314"}},{"type":"Feature","geometry":{"type":"Point","coordinates":[-2.70187,53.70334]},"properties":{"name":"Power infrastructure","category":"generator","osm_type":"node","osm_id":"8093487315"}},{"type":"Feature","geometry":{"type":"Point","coordinates":[-2.70183,53.7034]},"properties":{"name":"Power infrastructure","category":"generator","osm_type":"node","osm_id":"8093487316"}},{"type":"Feature","geometry":{"type":"Point","coordinates":[-2.70139,53.70276]},"properties":{"name":"Power infrastructure","category":"generator","osm_type":"node","osm_id":"8093487317"}},{"type":"Feature","geometry":{"type":"Point","coordinates":[-2.70197,53.70275]},"properties":{"name":"Power infrastructure","category":"generator","osm_type":"node","osm_id":"8093487318"}},{"type":"Feature","geometry":{"type":"Point","coordinates":[-2.70194,53.70275]},"properties":{"name":"Power infrastructure","category":"generator","osm_type":"node","osm_id":"8093487319"}},{"type":"Feature","geometry":{"type":"Point","coordinates":[-2.70181,53.70299]},"properties":{"name":"Power infrastructure","category":"generator","osm_type":"node","osm_id":"8093487320"}},{"type":"Feature","geometry":{"type":"Point","coordinates":[-2.70105,53.7016]},"properties":{"name":"Power infrastructure","category":"generator","osm_type":"node","osm_id":"8093487321"}},{"type":"Feature","geometry":{"type":"Point","coordinates":[-2.69748,53.70104]},"properties":{"name":"Power infrastructure","category":"generator","osm_type":"node","osm_id":"8093487322"}},{"type":"Feature","geometry":{"type":"Point","coordinates":[-2.70393,53.71493]},"properties":{"name":"Power infrastructure","category":"generator","osm_type":"node","osm_id":"8093487323"}},{"type":"Feature","geometry":{"type":"Point","coordinates":[-2.694,53.7225]},"properties":{"name":"Power infrastructure","category":"generator","osm_type":"node","osm_id":"8093487324"}},{"type":"Feature","geometry":{"type":"Point","coordinates":[-2.69228,53.72276]},"properties":{"name":"Power infrastructure","category":"generator","osm_type":"node","osm_id":"8093487325"}},{"type":"Feature","geometry":{"type":"Point","coordinates":[-2.69239,53.72112]},"properties":{"name":"Power infrastructure","category":"generator","osm_type":"node","osm_id":"8093487326"}},{"type":"Feature","geometry":{"type":"Point","coordinates":[-2.69275,53.72113]},"properties":{"name":"Power infrastructure","category":"generator","osm_type":"node","osm_id":"8093487327"}},{"type":"Feature","geometry":{"type":"Point","coordinates":[-2.69495,53.72165]},"properties":{"name":"Power infrastructure","category":"generator","osm_type":"node","osm_id":"8093487328"}},{"type":"Feature","geometry":{"type":"Point","coordinates":[-2.69377,53.72127]},"properties":{"name":"Power infrastructure","category":"generator","osm_type":"node","osm_id":"8093487329"}},{"type":"Feature","geometry":{"type":"Point","coordinates":[-2.69393,53.72127]},"properties":{"name":"Power infrastructure","category":"generator","osm_type":"node","osm_id":"8093487330"}},{"type":"Feature","geometry":{"type":"Point","coordinates":[-2.69258,53.72169]},"properties":{"name":"Power infrastructure","category":"generator","osm_type":"node","osm_id":"8093487331"}},{"type":"Feature","geometry":{"type":"Point","coordinates":[-2.69272,53.72168]},"properties":{"name":"Power infrastructure","category":"generator","osm_type":"node","osm_id":"8093487332"}},{"type":"Feature","geometry":{"type":"Point","coordinates":[-2.69376,53.72188]},"properties":{"name":"Power infrastructure","category":"generator","osm_type":"node","osm_id":"8093487333"}},{"type":"Feature","geometry":{"type":"Point","coordinates":[-2.67497,53.67742]},"properties":{"name":"Power infrastructure","category":"generator","osm_type":"node","osm_id":"8109461059"}},{"type":"Feature","geometry":{"type":"Point","coordinates":[-2.67501,53.67742]},"properties":{"name":"Power infrastructure","category":"generator","osm_type":"node","osm_id":"8109461060"}},{"type":"Feature","geometry":{"type":"Point","coordinates":[-2.67334,53.6775]},"properties":{"name":"Power infrastructure","category":"generator","osm_type":"node","osm_id":"8109461061"}},{"type":"Feature","geometry":{"type":"Point","coordinates":[-2.67361,53.67768]},"properties":{"name":"Power infrastructure","category":"generator","osm_type":"node","osm_id":"8109461062"}},{"type":"Feature","geometry":{"type":"Point","coordinates":[-2.63086,53.66323]},"properties":{"name":"Power infrastructure","category":"generator","osm_type":"node","osm_id":"8112470987"}},{"type":"Feature","geometry":{"type":"Point","coordinates":[-2.63077,53.66322]},"properties":{"name":"Power infrastructure","category":"generator","osm_type":"node","osm_id":"8112470988"}},{"type":"Feature","geometry":{"type":"Point","coordinates":[-2.66677,53.67353]},"properties":{"name":"Power infrastructure","category":"generator","osm_type":"node","osm_id":"8115176960"}},{"type":"Feature","geometry":{"type":"Point","coordinates":[-2.66684,53.6736]},"properties":{"name":"Power infrastructure","category":"generator","osm_type":"node","osm_id":"8115176961"}},{"type":"Feature","geometry":{"type":"Point","coordinates":[-2.64331,53.6467]},"properties":{"name":"Power infrastructure","category":"generator","osm_type":"node","osm_id":"8121016330"}},{"type":"Feature","geometry":{"type":"Point","coordinates":[-2.64371,53.64719]},"properties":{"name":"Power infrastructure","category":"generator","osm_type":"node","osm_id":"8121016331"}},{"type":"Feature","geometry":{"type":"Point","coordinates":[-2.64672,53.65089]},"properties":{"name":"Power infrastructure","category":"generator","osm_type":"node","osm_id":"8143094160"}},{"type":"Feature","geometry":{"type":"Point","coordinates":[-2.64668,53.65118]},"properties":{"name":"Power infrastructure","category":"generator","osm_type":"node","osm_id":"8143103533"}},{"type":"Feature","geometry":{"type":"Point","coordinates":[-2.64687,53.65105]},"properties":{"name":"Power infrastructure","category":"generator","osm_type":"node","osm_id":"8143103534"}},{"type":"Feature","geometry":{"type":"Point","coordinates":[-2.64696,53.65098]},"properties":{"name":"Power infrastructure","category":"generator","osm_type":"node","osm_id":"8143103535"}},{"type":"Feature","geometry":{"type":"Point","coordinates":[-2.64657,53.71238]},"properties":{"name":"Power infrastructure","category":"generator","osm_type":"node","osm_id":"8144248603"}},{"type":"Feature","geometry":{"type":"Point","coordinates":[-2.64065,53.65045]},"properties":{"name":"Power infrastructure","category":"generator","osm_type":"node","osm_id":"8150982562"}},{"type":"Feature","geometry":{"type":"Point","coordinates":[-2.64074,53.65046]},"properties":{"name":"Power infrastructure","category":"generator","osm_type":"node","osm_id":"8150982563"}},{"type":"Feature","geometry":{"type":"Point","coordinates":[-2.3531,53.99987]},"properties":{"name":"Power infrastructure","category":"generator","osm_type":"node","osm_id":"8154970163"}},{"type":"Feature","geometry":{"type":"Point","coordinates":[-2.74091,53.6644]},"properties":{"name":"Power infrastructure","category":"generator","osm_type":"node","osm_id":"8159280832"}},{"type":"Feature","geometry":{"type":"Point","coordinates":[-2.74236,53.66434]},"properties":{"name":"Power infrastructure","category":"generator","osm_type":"node","osm_id":"8159280833"}},{"type":"Feature","geometry":{"type":"Point","coordinates":[-2.73693,53.66317]},"properties":{"name":"Power infrastructure","category":"generator","osm_type":"node","osm_id":"8164139084"}},{"type":"Feature","geometry":{"type":"Point","coordinates":[-2.73672,53.66322]},"properties":{"name":"Power infrastructure","category":"generator","osm_type":"node","osm_id":"8164139093"}},{"type":"Feature","geometry":{"type":"Point","coordinates":[-2.74242,53.66241]},"properties":{"name":"Power infrastructure","category":"generator","osm_type":"node","osm_id":"8164203243"}},{"type":"Feature","geometry":{"type":"Point","coordinates":[-2.74243,53.6625]},"properties":{"name":"Power infrastructure","category":"generator","osm_type":"node","osm_id":"8164203244"}},{"type":"Feature","geometry":{"type":"Point","coordinates":[-2.64597,53.6516]},"properties":{"name":"Power infrastructure","category":"generator","osm_type":"node","osm_id":"8167638032"}},{"type":"Feature","geometry":{"type":"Point","coordinates":[-2.64642,53.6516]},"properties":{"name":"Power infrastructure","category":"generator","osm_type":"node","osm_id":"8167638033"}},{"type":"Feature","geometry":{"type":"Point","coordinates":[-2.64333,53.64476]},"properties":{"name":"Power infrastructure","category":"generator","osm_type":"node","osm_id":"8170774366"}},{"type":"Feature","geometry":{"type":"Point","coordinates":[-2.66709,53.63532]},"properties":{"name":"Power infrastructure","category":"generator","osm_type":"node","osm_id":"8174198361"}},{"type":"Feature","geometry":{"type":"Point","coordinates":[-2.66705,53.63574]},"properties":{"name":"Power infrastructure","category":"generator","osm_type":"node","osm_id":"8174198398"}},{"type":"Feature","geometry":{"type":"Point","coordinates":[-2.66673,53.63593]},"properties":{"name":"Power infrastructure","category":"generator","osm_type":"node","osm_id":"8174198399"}},{"type":"Feature","geometry":{"type":"Point","coordinates":[-2.66787,53.63158]},"properties":{"name":"Power infrastructure","category":"generator","osm_type":"node","osm_id":"8176549139"}},{"type":"Feature","geometry":{"type":"Point","coordinates":[-2.66836,53.63234]},"properties":{"name":"Power infrastructure","category":"generator","osm_type":"node","osm_id":"8177099643"}},{"type":"Feature","geometry":{"type":"Point","coordinates":[-2.66735,53.63392]},"properties":{"name":"Power infrastructure","category":"generator","osm_type":"node","osm_id":"8177402653"}},{"type":"Feature","geometry":{"type":"Point","coordinates":[-2.66763,53.63377]},"properties":{"name":"Power infrastructure","category":"generator","osm_type":"node","osm_id":"8177402658"}},{"type":"Feature","geometry":{"type":"Point","coordinates":[-2.57312,53.60047]},"properties":{"name":"Power infrastructure","category":"generator","osm_type":"node","osm_id":"8179321839"}},{"type":"Feature","geometry":{"type":"Point","coordinates":[-2.57299,53.60043]},"properties":{"name":"Power infrastructure","category":"generator","osm_type":"node","osm_id":"8179321840"}},{"type":"Feature","geometry":{"type":"Point","coordinates":[-2.57299,53.60047]},"properties":{"name":"Power infrastructure","category":"generator","osm_type":"node","osm_id":"8179321841"}},{"type":"Feature","geometry":{"type":"Point","coordinates":[-2.57298,53.60051]},"properties":{"name":"Power infrastructure","category":"generator","osm_type":"node","osm_id":"8179321842"}},{"type":"Feature","geometry":{"type":"Point","coordinates":[-2.57297,53.60054]},"properties":{"name":"Power infrastructure","category":"generator","osm_type":"node","osm_id":"8179321843"}},{"type":"Feature","geometry":{"type":"Point","coordinates":[-2.57288,53.60055]},"properties":{"name":"Power infrastructure","category":"generator","osm_type":"node","osm_id":"8179321844"}},{"type":"Feature","geometry":{"type":"Point","coordinates":[-2.57314,53.60052]},"properties":{"name":"Power infrastructure","category":"generator","osm_type":"node","osm_id":"8179321845"}},{"type":"Feature","geometry":{"type":"Point","coordinates":[-2.57312,53.60055]},"properties":{"name":"Power infrastructure","category":"generator","osm_type":"node","osm_id":"8179321846"}},{"type":"Feature","geometry":{"type":"Point","coordinates":[-2.5731,53.60059]},"properties":{"name":"Power infrastructure","category":"generator","osm_type":"node","osm_id":"8179321847"}},{"type":"Feature","geometry":{"type":"Point","coordinates":[-2.57308,53.60062]},"properties":{"name":"Power infrastructure","category":"generator","osm_type":"node","osm_id":"8179321848"}},{"type":"Feature","geometry":{"type":"Point","coordinates":[-2.5732,53.60032]},"properties":{"name":"Power infrastructure","category":"generator","osm_type":"node","osm_id":"8179321849"}},{"type":"Feature","geometry":{"type":"Point","coordinates":[-2.57319,53.60035]},"properties":{"name":"Power infrastructure","category":"generator","osm_type":"node","osm_id":"8179321850"}},{"type":"Feature","geometry":{"type":"Point","coordinates":[-2.57407,53.59915]},"properties":{"name":"Power infrastructure","category":"generator","osm_type":"node","osm_id":"8179321851"}},{"type":"Feature","geometry":{"type":"Point","coordinates":[-2.57411,53.59916]},"properties":{"name":"Power infrastructure","category":"generator","osm_type":"node","osm_id":"8179321852"}},{"type":"Feature","geometry":{"type":"Point","coordinates":[-2.57421,53.59913]},"properties":{"name":"Power infrastructure","category":"generator","osm_type":"node","osm_id":"8179321853"}},{"type":"Feature","geometry":{"type":"Point","coordinates":[-2.64869,53.64793]},"properties":{"name":"Power infrastructure","category":"generator","osm_type":"node","osm_id":"8188289981"}},{"type":"Feature","geometry":{"type":"Point","coordinates":[-2.64812,53.64604]},"properties":{"name":"Power infrastructure","category":"generator","osm_type":"node","osm_id":"8188962493"}},{"type":"Feature","geometry":{"type":"Point","coordinates":[-2.61523,53.65012]},"properties":{"name":"Power infrastructure","category":"generator","osm_type":"node","osm_id":"8194263796"}},{"type":"Feature","geometry":{"type":"Point","coordinates":[-2.61553,53.65032]},"properties":{"name":"Power infrastructure","category":"generator","osm_type":"node","osm_id":"8194263797"}},{"type":"Feature","geometry":{"type":"Point","coordinates":[-2.61566,53.65032]},"properties":{"name":"Power infrastructure","category":"generator","osm_type":"node","osm_id":"8194263798"}},{"type":"Feature","geometry":{"type":"Point","coordinates":[-2.65565,53.6758]},"properties":{"name":"Power infrastructure","category":"generator","osm_type":"node","osm_id":"8194414737"}},{"type":"Feature","geometry":{"type":"Point","coordinates":[-2.65803,53.55544]},"properties":{"name":"Power infrastructure","category":"substation","osm_type":"node","osm_id":"8201994357"}},{"type":"Feature","geometry":{"type":"Point","coordinates":[-2.42777,53.78597]},"properties":{"name":"Power infrastructure","category":"generator","osm_type":"node","osm_id":"8214308508"}},{"type":"Feature","geometry":{"type":"Point","coordinates":[-2.84297,53.60884]},"properties":{"name":"Power infrastructure","category":"generator","osm_type":"node","osm_id":"8220388948"}},{"type":"Feature","geometry":{"type":"Point","coordinates":[-2.84315,53.60908]},"properties":{"name":"Power infrastructure","category":"generator","osm_type":"node","osm_id":"8220388949"}},{"type":"Feature","geometry":{"type":"Point","coordinates":[-2.84304,53.60911]},"properties":{"name":"Power infrastructure","category":"generator","osm_type":"node","osm_id":"8220388950"}},{"type":"Feature","geometry":{"type":"Point","coordinates":[-2.84289,53.60913]},"properties":{"name":"Power infrastructure","category":"generator","osm_type":"node","osm_id":"8220388951"}},{"type":"Feature","geometry":{"type":"Point","coordinates":[-2.84208,53.60923]},"properties":{"name":"Power infrastructure","category":"generator","osm_type":"node","osm_id":"8220388952"}},{"type":"Feature","geometry":{"type":"Point","coordinates":[-2.8407,53.60689]},"properties":{"name":"Power infrastructure","category":"generator","osm_type":"node","osm_id":"8220388953"}},{"type":"Feature","geometry":{"type":"Point","coordinates":[-2.83346,53.61122]},"properties":{"name":"Power infrastructure","category":"generator","osm_type":"node","osm_id":"8220388954"}},{"type":"Feature","geometry":{"type":"Point","coordinates":[-2.83866,53.60764]},"properties":{"name":"Power infrastructure","category":"generator","osm_type":"node","osm_id":"8220388955"}},{"type":"Feature","geometry":{"type":"Point","coordinates":[-2.83863,53.60539]},"properties":{"name":"Power infrastructure","category":"generator","osm_type":"node","osm_id":"8220388956"}},{"type":"Feature","geometry":{"type":"Point","coordinates":[-2.84601,53.60387]},"properties":{"name":"Power infrastructure","category":"generator","osm_type":"node","osm_id":"8220388957"}},{"type":"Feature","geometry":{"type":"Point","coordinates":[-2.84607,53.60366]},"properties":{"name":"Power infrastructure","category":"generator","osm_type":"node","osm_id":"8220388958"}},{"type":"Feature","geometry":{"type":"Point","coordinates":[-2.84548,53.60291]},"properties":{"name":"Power infrastructure","category":"generator","osm_type":"node","osm_id":"8220388959"}},{"type":"Feature","geometry":{"type":"Point","coordinates":[-2.84123,53.60287]},"properties":{"name":"Power infrastructure","category":"generator","osm_type":"node","osm_id":"8220388962"}},{"type":"Feature","geometry":{"type":"Point","coordinates":[-2.84615,53.60119]},"properties":{"name":"Power infrastructure","category":"generator","osm_type":"node","osm_id":"8220388963"}},{"type":"Feature","geometry":{"type":"Point","coordinates":[-2.84487,53.60029]},"properties":{"name":"Power infrastructure","category":"generator","osm_type":"node","osm_id":"8220388964"}},{"type":"Feature","geometry":{"type":"Point","coordinates":[-2.84147,53.60094]},"properties":{"name":"Power infrastructure","category":"generator","osm_type":"node","osm_id":"8220388965"}},{"type":"Feature","geometry":{"type":"Point","coordinates":[-2.84271,53.59993]},"properties":{"name":"Power infrastructure","category":"generator","osm_type":"node","osm_id":"8220388966"}},{"type":"Feature","geometry":{"type":"Point","coordinates":[-2.84375,53.59908]},"properties":{"name":"Power infrastructure","category":"generator","osm_type":"node","osm_id":"8220388967"}},{"type":"Feature","geometry":{"type":"Point","coordinates":[-2.84386,53.59915]},"properties":{"name":"Power infrastructure","category":"generator","osm_type":"node","osm_id":"8220388968"}},{"type":"Feature","geometry":{"type":"Point","coordinates":[-2.85045,53.59959]},"properties":{"name":"Power infrastructure","category":"generator","osm_type":"node","osm_id":"8220390353"}},{"type":"Feature","geometry":{"type":"Point","coordinates":[-2.85139,53.59954]},"properties":{"name":"Power infrastructure","category":"generator","osm_type":"node","osm_id":"8220390354"}},{"type":"Feature","geometry":{"type":"Point","coordinates":[-2.85106,53.59964]},"properties":{"name":"Power infrastructure","category":"generator","osm_type":"node","osm_id":"8220390355"}},{"type":"Feature","geometry":{"type":"Point","coordinates":[-2.85113,53.59934]},"properties":{"name":"Power infrastructure","category":"generator","osm_type":"node","osm_id":"8220390356"}},{"type":"Feature","geometry":{"type":"Point","coordinates":[-2.85104,53.59937]},"properties":{"name":"Power infrastructure","category":"generator","osm_type":"node","osm_id":"8220390357"}},{"type":"Feature","geometry":{"type":"Point","coordinates":[-2.85071,53.59937]},"properties":{"name":"Power infrastructure","category":"generator","osm_type":"node","osm_id":"8220390358"}},{"type":"Feature","geometry":{"type":"Point","coordinates":[-2.85038,53.59877]},"properties":{"name":"Power infrastructure","category":"generator","osm_type":"node","osm_id":"8220390359"}},{"type":"Feature","geometry":{"type":"Point","coordinates":[-2.84989,53.599]},"properties":{"name":"Power infrastructure","category":"generator","osm_type":"node","osm_id":"8220390360"}},{"type":"Feature","geometry":{"type":"Point","coordinates":[-2.8494,53.59911]},"properties":{"name":"Power infrastructure","category":"generator","osm_type":"node","osm_id":"8220390361"}},{"type":"Feature","geometry":{"type":"Point","coordinates":[-2.84929,53.59914]},"properties":{"name":"Power infrastructure","category":"generator","osm_type":"node","osm_id":"8220390362"}},{"type":"Feature","geometry":{"type":"Point","coordinates":[-2.84931,53.59886]},"properties":{"name":"Power infrastructure","category":"generator","osm_type":"node","osm_id":"8220390363"}},{"type":"Feature","geometry":{"type":"Point","coordinates":[-2.84949,53.59818]},"properties":{"name":"Power infrastructure","category":"generator","osm_type":"node","osm_id":"8220390364"}},{"type":"Feature","geometry":{"type":"Point","coordinates":[-2.84981,53.59814]},"properties":{"name":"Power infrastructure","category":"generator","osm_type":"node","osm_id":"8220390365"}},{"type":"Feature","geometry":{"type":"Point","coordinates":[-2.8498,53.59786]},"properties":{"name":"Power infrastructure","category":"generator","osm_type":"node","osm_id":"8220390366"}},{"type":"Feature","geometry":{"type":"Point","coordinates":[-2.85097,53.59794]},"properties":{"name":"Power infrastructure","category":"generator","osm_type":"node","osm_id":"8220390367"}},{"type":"Feature","geometry":{"type":"Point","coordinates":[-2.85124,53.59797]},"properties":{"name":"Power infrastructure","category":"generator","osm_type":"node","osm_id":"8220390368"}},{"type":"Feature","geometry":{"type":"Point","coordinates":[-2.85161,53.59803]},"properties":{"name":"Power infrastructure","category":"generator","osm_type":"node","osm_id":"8220390369"}},{"type":"Feature","geometry":{"type":"Point","coordinates":[-2.85241,53.59882]},"properties":{"name":"Power infrastructure","category":"generator","osm_type":"node","osm_id":"8220390370"}},{"type":"Feature","geometry":{"type":"Point","coordinates":[-2.85247,53.59874]},"properties":{"name":"Power infrastructure","category":"generator","osm_type":"node","osm_id":"8220390371"}},{"type":"Feature","geometry":{"type":"Point","coordinates":[-2.8527,53.59887]},"properties":{"name":"Power infrastructure","category":"generator","osm_type":"node","osm_id":"8220390372"}},{"type":"Feature","geometry":{"type":"Point","coordinates":[-2.85283,53.59889]},"properties":{"name":"Power infrastructure","category":"generator","osm_type":"node","osm_id":"8220390373"}},{"type":"Feature","geometry":{"type":"Point","coordinates":[-2.853,53.59875]},"properties":{"name":"Power infrastructure","category":"generator","osm_type":"node","osm_id":"8220390374"}},{"type":"Feature","geometry":{"type":"Point","coordinates":[-2.85296,53.59882]},"properties":{"name":"Power infrastructure","category":"generator","osm_type":"node","osm_id":"8220390375"}},{"type":"Feature","geometry":{"type":"Point","coordinates":[-2.8526,53.59855]},"properties":{"name":"Power infrastructure","category":"generator","osm_type":"node","osm_id":"8220390376"}},{"type":"Feature","geometry":{"type":"Point","coordinates":[-2.85263,53.59846]},"properties":{"name":"Power infrastructure","category":"generator","osm_type":"node","osm_id":"8220390377"}},{"type":"Feature","geometry":{"type":"Point","coordinates":[-2.85299,53.59852]},"properties":{"name":"Power infrastructure","category":"generator","osm_type":"node","osm_id":"8220390378"}},{"type":"Feature","geometry":{"type":"Point","coordinates":[-2.85295,53.5986]},"properties":{"name":"Power infrastructure","category":"generator","osm_type":"node","osm_id":"8220390379"}},{"type":"Feature","geometry":{"type":"Point","coordinates":[-2.8533,53.59865]},"properties":{"name":"Power infrastructure","category":"generator","osm_type":"node","osm_id":"8220390380"}},{"type":"Feature","geometry":{"type":"Point","coordinates":[-2.85336,53.59857]},"properties":{"name":"Power infrastructure","category":"generator","osm_type":"node","osm_id":"8220390381"}},{"type":"Feature","geometry":{"type":"Point","coordinates":[-2.85327,53.59829]},"properties":{"name":"Power infrastructure","category":"generator","osm_type":"node","osm_id":"8220390382"}},{"type":"Feature","geometry":{"type":"Point","coordinates":[-2.85338,53.5983]},"properties":{"name":"Power infrastructure","category":"generator","osm_type":"node","osm_id":"8220390383"}},{"type":"Feature","geometry":{"type":"Point","coordinates":[-2.85362,53.59834]},"properties":{"name":"Power infrastructure","category":"generator","osm_type":"node","osm_id":"8220390384"}},{"type":"Feature","geometry":{"type":"Point","coordinates":[-2.85219,53.60258]},"properties":{"name":"Power infrastructure","category":"generator","osm_type":"node","osm_id":"8220408431"}},{"type":"Feature","geometry":{"type":"Point","coordinates":[-2.85233,53.60257]},"properties":{"name":"Power infrastructure","category":"generator","osm_type":"node","osm_id":"8220408432"}},{"type":"Feature","geometry":{"type":"Point","coordinates":[-2.85419,53.60213]},"properties":{"name":"Power infrastructure","category":"generator","osm_type":"node","osm_id":"8220408433"}},{"type":"Feature","geometry":{"type":"Point","coordinates":[-2.85408,53.60205]},"properties":{"name":"Power infrastructure","category":"generator","osm_type":"node","osm_id":"8220408434"}},{"type":"Feature","geometry":{"type":"Point","coordinates":[-2.85366,53.60211]},"properties":{"name":"Power infrastructure","category":"generator","osm_type":"node","osm_id":"8220408435"}},{"type":"Feature","geometry":{"type":"Point","coordinates":[-2.85163,53.60217]},"properties":{"name":"Power infrastructure","category":"generator","osm_type":"node","osm_id":"8220408436"}},{"type":"Feature","geometry":{"type":"Point","coordinates":[-2.85322,53.6014]},"properties":{"name":"Power infrastructure","category":"generator","osm_type":"node","osm_id":"8220408437"}},{"type":"Feature","geometry":{"type":"Point","coordinates":[-2.8531,53.60136]},"properties":{"name":"Power infrastructure","category":"generator","osm_type":"node","osm_id":"8220408438"}},{"type":"Feature","geometry":{"type":"Point","coordinates":[-2.85222,53.60154]},"properties":{"name":"Power infrastructure","category":"generator","osm_type":"node","osm_id":"8220408439"}},{"type":"Feature","geometry":{"type":"Point","coordinates":[-2.85204,53.60125]},"properties":{"name":"Power infrastructure","category":"generator","osm_type":"node","osm_id":"8220408440"}},{"type":"Feature","geometry":{"type":"Point","coordinates":[-2.85193,53.60069]},"properties":{"name":"Power infrastructure","category":"generator","osm_type":"node","osm_id":"8220408441"}},{"type":"Feature","geometry":{"type":"Point","coordinates":[-2.8516,53.60067]},"properties":{"name":"Power infrastructure","category":"generator","osm_type":"node","osm_id":"8220408442"}},{"type":"Feature","geometry":{"type":"Point","coordinates":[-2.8502,53.60072]},"properties":{"name":"Power infrastructure","category":"generator","osm_type":"node","osm_id":"8220408443"}},{"type":"Feature","geometry":{"type":"Point","coordinates":[-2.84968,53.60014]},"properties":{"name":"Power infrastructure","category":"generator","osm_type":"node","osm_id":"8220408444"}},{"type":"Feature","geometry":{"type":"Point","coordinates":[-2.84837,53.60005]},"properties":{"name":"Power infrastructure","category":"generator","osm_type":"node","osm_id":"8220408445"}},{"type":"Feature","geometry":{"type":"Point","coordinates":[-2.84825,53.60004]},"properties":{"name":"Power infrastructure","category":"generator","osm_type":"node","osm_id":"8220408446"}},{"type":"Feature","geometry":{"type":"Point","coordinates":[-2.84814,53.60002]},"properties":{"name":"Power infrastructure","category":"generator","osm_type":"node","osm_id":"8220408447"}},{"type":"Feature","geometry":{"type":"Point","coordinates":[-2.84802,53.60001]},"properties":{"name":"Power infrastructure","category":"generator","osm_type":"node","osm_id":"8220408448"}},{"type":"Feature","geometry":{"type":"Point","coordinates":[-2.84848,53.59965]},"properties":{"name":"Power infrastructure","category":"generator","osm_type":"node","osm_id":"8220408449"}},{"type":"Feature","geometry":{"type":"Point","coordinates":[-2.84836,53.59964]},"properties":{"name":"Power infrastructure","category":"generator","osm_type":"node","osm_id":"8220408450"}},{"type":"Feature","geometry":{"type":"Point","coordinates":[-2.84825,53.59963]},"properties":{"name":"Power infrastructure","category":"generator","osm_type":"node","osm_id":"8220408451"}},{"type":"Feature","geometry":{"type":"Point","coordinates":[-2.84804,53.599]},"properties":{"name":"Power infrastructure","category":"generator","osm_type":"node","osm_id":"8220408452"}},{"type":"Feature","geometry":{"type":"Point","coordinates":[-2.84836,53.599]},"properties":{"name":"Power infrastructure","category":"generator","osm_type":"node","osm_id":"8220408453"}},{"type":"Feature","geometry":{"type":"Point","coordinates":[-2.84829,53.59924]},"properties":{"name":"Power infrastructure","category":"generator","osm_type":"node","osm_id":"8220408454"}},{"type":"Feature","geometry":{"type":"Point","coordinates":[-2.84818,53.59925]},"properties":{"name":"Power infrastructure","category":"generator","osm_type":"node","osm_id":"8220408455"}},{"type":"Feature","geometry":{"type":"Point","coordinates":[-2.84804,53.59925]},"properties":{"name":"Power infrastructure","category":"generator","osm_type":"node","osm_id":"8220408456"}},{"type":"Feature","geometry":{"type":"Point","coordinates":[-2.84782,53.59924]},"properties":{"name":"Power infrastructure","category":"generator","osm_type":"node","osm_id":"8220408457"}},{"type":"Feature","geometry":{"type":"Point","coordinates":[-2.84687,53.59798]},"properties":{"name":"Power infrastructure","category":"generator","osm_type":"node","osm_id":"8220408458"}},{"type":"Feature","geometry":{"type":"Point","coordinates":[-2.84796,53.59813]},"properties":{"name":"Power infrastructure","category":"generator","osm_type":"node","osm_id":"8220408459"}},{"type":"Feature","geometry":{"type":"Point","coordinates":[-2.84803,53.59778]},"properties":{"name":"Power infrastructure","category":"generator","osm_type":"node","osm_id":"8220408460"}},{"type":"Feature","geometry":{"type":"Point","coordinates":[-2.84833,53.59784]},"properties":{"name":"Power infrastructure","category":"generator","osm_type":"node","osm_id":"8220408461"}},{"type":"Feature","geometry":{"type":"Point","coordinates":[-2.84822,53.59784]},"properties":{"name":"Power infrastructure","category":"generator","osm_type":"node","osm_id":"8220408462"}},{"type":"Feature","geometry":{"type":"Point","coordinates":[-2.83427,53.5974]},"properties":{"name":"Power infrastructure","category":"generator","osm_type":"node","osm_id":"8220429225"}},{"type":"Feature","geometry":{"type":"Point","coordinates":[-2.83335,53.5975]},"properties":{"name":"Power infrastructure","category":"generator","osm_type":"node","osm_id":"8220429226"}},{"type":"Feature","geometry":{"type":"Point","coordinates":[-2.83142,53.59493]},"properties":{"name":"Power infrastructure","category":"generator","osm_type":"node","osm_id":"8220429227"}},{"type":"Feature","geometry":{"type":"Point","coordinates":[-2.82999,53.59496]},"properties":{"name":"Power infrastructure","category":"generator","osm_type":"node","osm_id":"8220429228"}},{"type":"Feature","geometry":{"type":"Point","coordinates":[-2.83484,53.59697]},"properties":{"name":"Power infrastructure","category":"generator","osm_type":"node","osm_id":"8220429229"}},{"type":"Feature","geometry":{"type":"Point","coordinates":[-2.84058,53.59372]},"properties":{"name":"Power infrastructure","category":"generator","osm_type":"node","osm_id":"8220429230"}},{"type":"Feature","geometry":{"type":"Point","coordinates":[-2.84061,53.59399]},"properties":{"name":"Power infrastructure","category":"generator","osm_type":"node","osm_id":"8220429231"}},{"type":"Feature","geometry":{"type":"Point","coordinates":[-2.83589,53.59503]},"properties":{"name":"Power infrastructure","category":"generator","osm_type":"node","osm_id":"8220429232"}},{"type":"Feature","geometry":{"type":"Point","coordinates":[-2.83751,53.59563]},"properties":{"name":"Power infrastructure","category":"generator","osm_type":"node","osm_id":"8220429233"}},{"type":"Feature","geometry":{"type":"Point","coordinates":[-2.83958,53.59579]},"properties":{"name":"Power infrastructure","category":"generator","osm_type":"node","osm_id":"8220429234"}},{"type":"Feature","geometry":{"type":"Point","coordinates":[-2.83952,53.59575]},"properties":{"name":"Power infrastructure","category":"generator","osm_type":"node","osm_id":"8220429235"}},{"type":"Feature","geometry":{"type":"Point","coordinates":[-2.84056,53.59569]},"properties":{"name":"Power infrastructure","category":"generator","osm_type":"node","osm_id":"8220429236"}},{"type":"Feature","geometry":{"type":"Point","coordinates":[-2.84127,53.59448]},"properties":{"name":"Power infrastructure","category":"generator","osm_type":"node","osm_id":"8220429237"}},{"type":"Feature","geometry":{"type":"Point","coordinates":[-2.84144,53.59456]},"properties":{"name":"Power infrastructure","category":"generator","osm_type":"node","osm_id":"8220429238"}},{"type":"Feature","geometry":{"type":"Point","coordinates":[-2.84162,53.59464]},"properties":{"name":"Power infrastructure","category":"generator","osm_type":"node","osm_id":"8220429239"}},{"type":"Feature","geometry":{"type":"Point","coordinates":[-2.8465,53.59558]},"properties":{"name":"Power infrastructure","category":"generator","osm_type":"node","osm_id":"8220429240"}},{"type":"Feature","geometry":{"type":"Point","coordinates":[-2.85348,53.58811]},"properties":{"name":"Power infrastructure","category":"generator","osm_type":"node","osm_id":"8220443543"}},{"type":"Feature","geometry":{"type":"Point","coordinates":[-2.85521,53.58888]},"properties":{"name":"Power infrastructure","category":"generator","osm_type":"node","osm_id":"8220443544"}},{"type":"Feature","geometry":{"type":"Point","coordinates":[-2.85516,53.5894]},"properties":{"name":"Power infrastructure","category":"generator","osm_type":"node","osm_id":"8220443545"}},{"type":"Feature","geometry":{"type":"Point","coordinates":[-2.85249,53.58944]},"properties":{"name":"Power infrastructure","category":"generator","osm_type":"node","osm_id":"8220443546"}},{"type":"Feature","geometry":{"type":"Point","coordinates":[-2.85288,53.59068]},"properties":{"name":"Power infrastructure","category":"generator","osm_type":"node","osm_id":"8220443547"}},{"type":"Feature","geometry":{"type":"Point","coordinates":[-2.8524,53.59108]},"properties":{"name":"Power infrastructure","category":"generator","osm_type":"node","osm_id":"8220443548"}},{"type":"Feature","geometry":{"type":"Point","coordinates":[-2.84985,53.59229]},"properties":{"name":"Power infrastructure","category":"generator","osm_type":"node","osm_id":"8220443549"}},{"type":"Feature","geometry":{"type":"Point","coordinates":[-2.84673,53.59383]},"properties":{"name":"Power infrastructure","category":"generator","osm_type":"node","osm_id":"8220443550"}},{"type":"Feature","geometry":{"type":"Point","coordinates":[-2.84814,53.59369]},"properties":{"name":"Power infrastructure","category":"generator","osm_type":"node","osm_id":"8220443551"}},{"type":"Feature","geometry":{"type":"Point","coordinates":[-2.84806,53.59368]},"properties":{"name":"Power infrastructure","category":"generator","osm_type":"node","osm_id":"8220443552"}},{"type":"Feature","geometry":{"type":"Point","coordinates":[-2.84802,53.59385]},"properties":{"name":"Power infrastructure","category":"generator","osm_type":"node","osm_id":"8220443553"}},{"type":"Feature","geometry":{"type":"Point","coordinates":[-2.84782,53.59276]},"properties":{"name":"Power infrastructure","category":"generator","osm_type":"node","osm_id":"8220443554"}},{"type":"Feature","geometry":{"type":"Point","coordinates":[-2.8475,53.59274]},"properties":{"name":"Power infrastructure","category":"generator","osm_type":"node","osm_id":"8220443555"}},{"type":"Feature","geometry":{"type":"Point","coordinates":[-2.84635,53.59205]},"properties":{"name":"Power infrastructure","category":"generator","osm_type":"node","osm_id":"8220443556"}},{"type":"Feature","geometry":{"type":"Point","coordinates":[-2.84165,53.59419]},"properties":{"name":"Power infrastructure","category":"generator","osm_type":"node","osm_id":"8220443557"}},{"type":"Feature","geometry":{"type":"Point","coordinates":[-2.8367,53.5991]},"properties":{"name":"Power infrastructure","category":"generator","osm_type":"node","osm_id":"8220443558"}},{"type":"Feature","geometry":{"type":"Point","coordinates":[-2.47662,53.74399]},"properties":{"name":"Power infrastructure","category":"generator","osm_type":"node","osm_id":"8223881128"}},{"type":"Feature","geometry":{"type":"Point","coordinates":[-2.4768,53.74399]},"properties":{"name":"Power infrastructure","category":"generator","osm_type":"node","osm_id":"8223881129"}},{"type":"Feature","geometry":{"type":"Point","coordinates":[-2.47219,53.74556]},"properties":{"name":"Power infrastructure","category":"generator","osm_type":"node","osm_id":"8224461042"}},{"type":"Feature","geometry":{"type":"Point","coordinates":[-2.4723,53.74553]},"properties":{"name":"Power infrastructure","category":"generator","osm_type":"node","osm_id":"8224461043"}},{"type":"Feature","geometry":{"type":"Point","coordinates":[-2.47277,53.74539]},"properties":{"name":"Power infrastructure","category":"generator","osm_type":"node","osm_id":"8224461044"}},{"type":"Feature","geometry":{"type":"Point","coordinates":[-2.47238,53.74514]},"properties":{"name":"Power infrastructure","category":"generator","osm_type":"node","osm_id":"8224461048"}},{"type":"Feature","geometry":{"type":"Point","coordinates":[-2.47249,53.74512]},"properties":{"name":"Power infrastructure","category":"generator","osm_type":"node","osm_id":"8224461049"}},{"type":"Feature","geometry":{"type":"Point","coordinates":[-2.47257,53.74511]},"properties":{"name":"Power infrastructure","category":"generator","osm_type":"node","osm_id":"8224461050"}},{"type":"Feature","geometry":{"type":"Point","coordinates":[-2.47267,53.74509]},"properties":{"name":"Power infrastructure","category":"generator","osm_type":"node","osm_id":"8224461051"}},{"type":"Feature","geometry":{"type":"Point","coordinates":[-2.47289,53.74504]},"properties":{"name":"Power infrastructure","category":"generator","osm_type":"node","osm_id":"8224461052"}},{"type":"Feature","geometry":{"type":"Point","coordinates":[-2.47338,53.74511]},"properties":{"name":"Power infrastructure","category":"generator","osm_type":"node","osm_id":"8224461053"}},{"type":"Feature","geometry":{"type":"Point","coordinates":[-2.47376,53.74499]},"properties":{"name":"Power infrastructure","category":"generator","osm_type":"node","osm_id":"8224461054"}},{"type":"Feature","geometry":{"type":"Point","coordinates":[-2.47292,53.74472]},"properties":{"name":"Power infrastructure","category":"generator","osm_type":"node","osm_id":"8227638417"}},{"type":"Feature","geometry":{"type":"Point","coordinates":[-2.47303,53.74406]},"properties":{"name":"Power infrastructure","category":"generator","osm_type":"node","osm_id":"8227638434"}},{"type":"Feature","geometry":{"type":"Point","coordinates":[-2.47199,53.74492]},"properties":{"name":"Power infrastructure","category":"generator","osm_type":"node","osm_id":"8231977500"}},{"type":"Feature","geometry":{"type":"Point","coordinates":[-2.47219,53.74489]},"properties":{"name":"Power infrastructure","category":"generator","osm_type":"node","osm_id":"8231977501"}},{"type":"Feature","geometry":{"type":"Point","coordinates":[-2.46687,53.74424]},"properties":{"name":"Power infrastructure","category":"generator","osm_type":"node","osm_id":"8231995397"}},{"type":"Feature","geometry":{"type":"Point","coordinates":[-2.46709,53.74422]},"properties":{"name":"Power infrastructure","category":"generator","osm_type":"node","osm_id":"8231995398"}},{"type":"Feature","geometry":{"type":"Point","coordinates":[-2.46724,53.74423]},"properties":{"name":"Power infrastructure","category":"generator","osm_type":"node","osm_id":"8231995399"}},{"type":"Feature","geometry":{"type":"Point","coordinates":[-2.47267,53.74364]},"properties":{"name":"Power infrastructure","category":"generator","osm_type":"node","osm_id":"8232012388"}},{"type":"Feature","geometry":{"type":"Point","coordinates":[-2.47019,53.74409]},"properties":{"name":"Power infrastructure","category":"generator","osm_type":"node","osm_id":"8232022422"}},{"type":"Feature","geometry":{"type":"Point","coordinates":[-2.47048,53.74404]},"properties":{"name":"Power infrastructure","category":"generator","osm_type":"node","osm_id":"8232022423"}},{"type":"Feature","geometry":{"type":"Point","coordinates":[-2.46883,53.73837]},"properties":{"name":"Power infrastructure","category":"generator","osm_type":"node","osm_id":"8232661068"}},{"type":"Feature","geometry":{"type":"Point","coordinates":[-2.46839,53.73842]},"properties":{"name":"Power infrastructure","category":"generator","osm_type":"node","osm_id":"8232661069"}},{"type":"Feature","geometry":{"type":"Point","coordinates":[-2.47393,53.73765]},"properties":{"name":"Power infrastructure","category":"generator","osm_type":"node","osm_id":"8232701500"}},{"type":"Feature","geometry":{"type":"Point","coordinates":[-2.4738,53.73765]},"properties":{"name":"Power infrastructure","category":"generator","osm_type":"node","osm_id":"8232701501"}},{"type":"Feature","geometry":{"type":"Point","coordinates":[-2.52882,53.74152]},"properties":{"name":"Power infrastructure","category":"generator","osm_type":"node","osm_id":"8234663353"}},{"type":"Feature","geometry":{"type":"Point","coordinates":[-2.53956,53.72685]},"properties":{"name":"Power infrastructure","category":"generator","osm_type":"node","osm_id":"8237083063"}},{"type":"Feature","geometry":{"type":"Point","coordinates":[-2.53943,53.72698]},"properties":{"name":"Power infrastructure","category":"generator","osm_type":"node","osm_id":"8237083064"}},{"type":"Feature","geometry":{"type":"Point","coordinates":[-2.53955,53.72727]},"properties":{"name":"Power infrastructure","category":"generator","osm_type":"node","osm_id":"8237083065"}},{"type":"Feature","geometry":{"type":"Point","coordinates":[-2.54398,53.72843]},"properties":{"name":"Power infrastructure","category":"generator","osm_type":"node","osm_id":"8237945268"}},{"type":"Feature","geometry":{"type":"Point","coordinates":[-2.5445,53.73441]},"properties":{"name":"Power infrastructure","category":"generator","osm_type":"node","osm_id":"8237960106"}},{"type":"Feature","geometry":{"type":"Point","coordinates":[-2.54436,53.7344]},"properties":{"name":"Power infrastructure","category":"generator","osm_type":"node","osm_id":"8237960107"}},{"type":"Feature","geometry":{"type":"Point","coordinates":[-2.61519,53.66974]},"properties":{"name":"Power infrastructure","category":"generator","osm_type":"node","osm_id":"8240484933"}},{"type":"Feature","geometry":{"type":"Point","coordinates":[-2.61516,53.66979]},"properties":{"name":"Power infrastructure","category":"generator","osm_type":"node","osm_id":"8240484934"}},{"type":"Feature","geometry":{"type":"Point","coordinates":[-2.61416,53.66949]},"properties":{"name":"Power infrastructure","category":"generator","osm_type":"node","osm_id":"8240484939"}},{"type":"Feature","geometry":{"type":"Point","coordinates":[-2.61462,53.66959]},"properties":{"name":"Power infrastructure","category":"generator","osm_type":"node","osm_id":"8240484940"}},{"type":"Feature","geometry":{"type":"Point","coordinates":[-2.37052,53.72934]},"properties":{"name":"Power infrastructure","category":"generator","osm_type":"node","osm_id":"8240645420"}},{"type":"Feature","geometry":{"type":"Point","coordinates":[-2.61018,53.6708]},"properties":{"name":"Power infrastructure","category":"generator","osm_type":"node","osm_id":"8240820516"}},{"type":"Feature","geometry":{"type":"Point","coordinates":[-2.61114,53.67046]},"properties":{"name":"Power infrastructure","category":"generator","osm_type":"node","osm_id":"8240821017"}},{"type":"Feature","geometry":{"type":"Point","coordinates":[-2.61096,53.6707]},"properties":{"name":"Power infrastructure","category":"generator","osm_type":"node","osm_id":"8240821018"}},{"type":"Feature","geometry":{"type":"Point","coordinates":[-2.61106,53.67067]},"properties":{"name":"Power infrastructure","category":"generator","osm_type":"node","osm_id":"8240821019"}},{"type":"Feature","geometry":{"type":"Point","coordinates":[-2.61117,53.67084]},"properties":{"name":"Power infrastructure","category":"generator","osm_type":"node","osm_id":"8240821020"}},{"type":"Feature","geometry":{"type":"Point","coordinates":[-2.61828,53.68187]},"properties":{"name":"Power infrastructure","category":"generator","osm_type":"node","osm_id":"8242541830"}},{"type":"Feature","geometry":{"type":"Point","coordinates":[-2.61598,53.67703]},"properties":{"name":"Power infrastructure","category":"generator","osm_type":"node","osm_id":"8242923286"}},{"type":"Feature","geometry":{"type":"Point","coordinates":[-2.61603,53.67703]},"properties":{"name":"Power infrastructure","category":"generator","osm_type":"node","osm_id":"8242923287"}},{"type":"Feature","geometry":{"type":"Point","coordinates":[-2.50726,53.73685]},"properties":{"name":"Power infrastructure","category":"generator","osm_type":"node","osm_id":"8253125943"}},{"type":"Feature","geometry":{"type":"Point","coordinates":[-2.50746,53.73675]},"properties":{"name":"Power infrastructure","category":"generator","osm_type":"node","osm_id":"8253125944"}},{"type":"Feature","geometry":{"type":"Point","coordinates":[-2.50756,53.73673]},"properties":{"name":"Power infrastructure","category":"generator","osm_type":"node","osm_id":"8253125945"}},{"type":"Feature","geometry":{"type":"Point","coordinates":[-2.61543,53.67041]},"properties":{"name":"Power infrastructure","category":"generator","osm_type":"node","osm_id":"8254283158"}},{"type":"Feature","geometry":{"type":"Point","coordinates":[-2.61424,53.67243]},"properties":{"name":"Power infrastructure","category":"generator","osm_type":"node","osm_id":"8257550408"}},{"type":"Feature","geometry":{"type":"Point","coordinates":[-2.61238,53.67259]},"properties":{"name":"Power infrastructure","category":"generator","osm_type":"node","osm_id":"8257565746"}},{"type":"Feature","geometry":{"type":"Point","coordinates":[-2.61312,53.6727]},"properties":{"name":"Power infrastructure","category":"generator","osm_type":"node","osm_id":"8257565747"}},{"type":"Feature","geometry":{"type":"Point","coordinates":[-2.61303,53.67234]},"properties":{"name":"Power infrastructure","category":"generator","osm_type":"node","osm_id":"8257565748"}},{"type":"Feature","geometry":{"type":"Point","coordinates":[-2.61309,53.67206]},"properties":{"name":"Power infrastructure","category":"generator","osm_type":"node","osm_id":"8257565749"}},{"type":"Feature","geometry":{"type":"Point","coordinates":[-2.61248,53.67184]},"properties":{"name":"Power infrastructure","category":"generator","osm_type":"node","osm_id":"8257565750"}},{"type":"Feature","geometry":{"type":"Point","coordinates":[-2.61235,53.55078]},"properties":{"name":"Power infrastructure","category":"generator","osm_type":"node","osm_id":"8261640511"}},{"type":"Feature","geometry":{"type":"Point","coordinates":[-2.61665,53.55092]},"properties":{"name":"Power infrastructure","category":"generator","osm_type":"node","osm_id":"8261640512"}},{"type":"Feature","geometry":{"type":"Point","coordinates":[-2.61052,53.55195]},"properties":{"name":"Power infrastructure","category":"generator","osm_type":"node","osm_id":"8261640513"}},{"type":"Feature","geometry":{"type":"Point","coordinates":[-2.60845,53.55134]},"properties":{"name":"Power infrastructure","category":"generator","osm_type":"node","osm_id":"8261640514"}},{"type":"Feature","geometry":{"type":"Point","coordinates":[-2.60842,53.55133]},"properties":{"name":"Power infrastructure","category":"generator","osm_type":"node","osm_id":"8261640515"}},{"type":"Feature","geometry":{"type":"Point","coordinates":[-2.60886,53.54977]},"properties":{"name":"Power infrastructure","category":"generator","osm_type":"node","osm_id":"8261640516"}},{"type":"Feature","geometry":{"type":"Point","coordinates":[-2.60881,53.54979]},"properties":{"name":"Power infrastructure","category":"generator","osm_type":"node","osm_id":"8261653617"}},{"type":"Feature","geometry":{"type":"Point","coordinates":[-2.60883,53.5495]},"properties":{"name":"Power infrastructure","category":"generator","osm_type":"node","osm_id":"8261653618"}},{"type":"Feature","geometry":{"type":"Point","coordinates":[-2.63838,53.68666]},"properties":{"name":"Power infrastructure","category":"generator","osm_type":"node","osm_id":"8262161159"}},{"type":"Feature","geometry":{"type":"Point","coordinates":[-2.39468,53.64368]},"properties":{"name":"Power infrastructure","category":"generator","osm_type":"node","osm_id":"8265980757"}},{"type":"Feature","geometry":{"type":"Point","coordinates":[-2.39411,53.64378]},"properties":{"name":"Power infrastructure","category":"generator","osm_type":"node","osm_id":"8265980758"}},{"type":"Feature","geometry":{"type":"Point","coordinates":[-2.39481,53.64362]},"properties":{"name":"Power infrastructure","category":"generator","osm_type":"node","osm_id":"8265980759"}},{"type":"Feature","geometry":{"type":"Point","coordinates":[-2.30095,53.79186]},"properties":{"name":"Power infrastructure","category":"generator","osm_type":"node","osm_id":"8267902993"}},{"type":"Feature","geometry":{"type":"Point","coordinates":[-2.30217,53.79217]},"properties":{"name":"Power infrastructure","category":"generator","osm_type":"node","osm_id":"8267902994"}},{"type":"Feature","geometry":{"type":"Point","coordinates":[-2.3073,53.79149]},"properties":{"name":"Power infrastructure","category":"generator","osm_type":"node","osm_id":"8267902995"}},{"type":"Feature","geometry":{"type":"Point","coordinates":[-2.30724,53.79151]},"properties":{"name":"Power infrastructure","category":"generator","osm_type":"node","osm_id":"8267902996"}},{"type":"Feature","geometry":{"type":"Point","coordinates":[-2.30333,53.7908]},"properties":{"name":"Power infrastructure","category":"generator","osm_type":"node","osm_id":"8267902997"}},{"type":"Feature","geometry":{"type":"Point","coordinates":[-2.30385,53.79087]},"properties":{"name":"Power infrastructure","category":"generator","osm_type":"node","osm_id":"8267902998"}},{"type":"Feature","geometry":{"type":"Point","coordinates":[-2.3074,53.79075]},"properties":{"name":"Power infrastructure","category":"generator","osm_type":"node","osm_id":"8267902999"}},{"type":"Feature","geometry":{"type":"Point","coordinates":[-2.30738,53.79079]},"properties":{"name":"Power infrastructure","category":"generator","osm_type":"node","osm_id":"8267903000"}},{"type":"Feature","geometry":{"type":"Point","coordinates":[-2.31202,53.79006]},"properties":{"name":"Power infrastructure","category":"generator","osm_type":"node","osm_id":"8267903001"}},{"type":"Feature","geometry":{"type":"Point","coordinates":[-2.31218,53.79074]},"properties":{"name":"Power infrastructure","category":"generator","osm_type":"node","osm_id":"8267903002"}},{"type":"Feature","geometry":{"type":"Point","coordinates":[-2.31368,53.79303]},"properties":{"name":"Power infrastructure","category":"generator","osm_type":"node","osm_id":"8267903003"}},{"type":"Feature","geometry":{"type":"Point","coordinates":[-2.3136,53.79302]},"properties":{"name":"Power infrastructure","category":"generator","osm_type":"node","osm_id":"8267903004"}},{"type":"Feature","geometry":{"type":"Point","coordinates":[-2.29138,53.78901]},"properties":{"name":"Power infrastructure","category":"generator","osm_type":"node","osm_id":"8267909652"}},{"type":"Feature","geometry":{"type":"Point","coordinates":[-2.29068,53.7898]},"properties":{"name":"Power infrastructure","category":"generator","osm_type":"node","osm_id":"8267909653"}},{"type":"Feature","geometry":{"type":"Point","coordinates":[-2.29178,53.79144]},"properties":{"name":"Power infrastructure","category":"generator","osm_type":"node","osm_id":"8267909654"}},{"type":"Feature","geometry":{"type":"Point","coordinates":[-2.29213,53.79055]},"properties":{"name":"Power infrastructure","category":"generator","osm_type":"node","osm_id":"8267909655"}},{"type":"Feature","geometry":{"type":"Point","coordinates":[-2.29539,53.79146]},"properties":{"name":"Power infrastructure","category":"generator","osm_type":"node","osm_id":"8267909656"}},{"type":"Feature","geometry":{"type":"Point","coordinates":[-2.29834,53.79203]},"properties":{"name":"Power infrastructure","category":"generator","osm_type":"node","osm_id":"8267909657"}},{"type":"Feature","geometry":{"type":"Point","coordinates":[-2.29826,53.79202]},"properties":{"name":"Power infrastructure","category":"generator","osm_type":"node","osm_id":"8267909658"}},{"type":"Feature","geometry":{"type":"Point","coordinates":[-2.29812,53.79178]},"properties":{"name":"Power infrastructure","category":"generator","osm_type":"node","osm_id":"8267909659"}},{"type":"Feature","geometry":{"type":"Point","coordinates":[-2.29815,53.79102]},"properties":{"name":"Power infrastructure","category":"generator","osm_type":"node","osm_id":"8267909660"}},{"type":"Feature","geometry":{"type":"Point","coordinates":[-2.29816,53.791]},"properties":{"name":"Power infrastructure","category":"generator","osm_type":"node","osm_id":"8267909661"}},{"type":"Feature","geometry":{"type":"Point","coordinates":[-2.29938,53.79023]},"properties":{"name":"Power infrastructure","category":"generator","osm_type":"node","osm_id":"8267909662"}},{"type":"Feature","geometry":{"type":"Point","coordinates":[-2.38688,53.54798]},"properties":{"name":"Power infrastructure","category":"generator","osm_type":"node","osm_id":"8267912320"}},{"type":"Feature","geometry":{"type":"Point","coordinates":[-2.38942,53.54939]},"properties":{"name":"Power infrastructure","category":"generator","osm_type":"node","osm_id":"8267912321"}},{"type":"Feature","geometry":{"type":"Point","coordinates":[-2.39287,53.55124]},"properties":{"name":"Power infrastructure","category":"generator","osm_type":"node","osm_id":"8267912322"}},{"type":"Feature","geometry":{"type":"Point","coordinates":[-2.39286,53.55129]},"properties":{"name":"Power infrastructure","category":"generator","osm_type":"node","osm_id":"8267912323"}},{"type":"Feature","geometry":{"type":"Point","coordinates":[-2.39665,53.55338]},"properties":{"name":"Power infrastructure","category":"generator","osm_type":"node","osm_id":"8267912324"}},{"type":"Feature","geometry":{"type":"Point","coordinates":[-2.39621,53.55271]},"properties":{"name":"Power infrastructure","category":"generator","osm_type":"node","osm_id":"8267912325"}},{"type":"Feature","geometry":{"type":"Point","coordinates":[-2.39954,53.55311]},"properties":{"name":"Power infrastructure","category":"generator","osm_type":"node","osm_id":"8267912326"}},{"type":"Feature","geometry":{"type":"Point","coordinates":[-2.39949,53.5531]},"properties":{"name":"Power infrastructure","category":"generator","osm_type":"node","osm_id":"8267912327"}},{"type":"Feature","geometry":{"type":"Point","coordinates":[-2.40535,53.55205]},"properties":{"name":"Power infrastructure","category":"generator","osm_type":"node","osm_id":"8267912328"}},{"type":"Feature","geometry":{"type":"Point","coordinates":[-2.40443,53.55113]},"properties":{"name":"Power infrastructure","category":"generator","osm_type":"node","osm_id":"8267912329"}},{"type":"Feature","geometry":{"type":"Point","coordinates":[-2.40532,53.55006]},"properties":{"name":"Power infrastructure","category":"generator","osm_type":"node","osm_id":"8267912330"}},{"type":"Feature","geometry":{"type":"Point","coordinates":[-2.39725,53.54565]},"properties":{"name":"Power infrastructure","category":"generator","osm_type":"node","osm_id":"8267912331"}},{"type":"Feature","geometry":{"type":"Point","coordinates":[-2.39725,53.54569]},"properties":{"name":"Power infrastructure","category":"generator","osm_type":"node","osm_id":"8267912332"}},{"type":"Feature","geometry":{"type":"Point","coordinates":[-2.39617,53.54501]},"properties":{"name":"Power infrastructure","category":"generator","osm_type":"node","osm_id":"8267912333"}},{"type":"Feature","geometry":{"type":"Point","coordinates":[-2.40382,53.54388]},"properties":{"name":"Power infrastructure","category":"generator","osm_type":"node","osm_id":"8267912334"}},{"type":"Feature","geometry":{"type":"Point","coordinates":[-2.40435,53.54402]},"properties":{"name":"Power infrastructure","category":"generator","osm_type":"node","osm_id":"8267912335"}},{"type":"Feature","geometry":{"type":"Point","coordinates":[-2.40586,53.54408]},"properties":{"name":"Power infrastructure","category":"generator","osm_type":"node","osm_id":"8267912336"}},{"type":"Feature","geometry":{"type":"Point","coordinates":[-2.40596,53.54412]},"properties":{"name":"Power infrastructure","category":"generator","osm_type":"node","osm_id":"8267912337"}},{"type":"Feature","geometry":{"type":"Point","coordinates":[-2.40606,53.54418]},"properties":{"name":"Power infrastructure","category":"generator","osm_type":"node","osm_id":"8267912338"}},{"type":"Feature","geometry":{"type":"Point","coordinates":[-2.40616,53.54442]},"properties":{"name":"Power infrastructure","category":"generator","osm_type":"node","osm_id":"8267912339"}},{"type":"Feature","geometry":{"type":"Point","coordinates":[-2.40474,53.54476]},"properties":{"name":"Power infrastructure","category":"generator","osm_type":"node","osm_id":"8267912340"}},{"type":"Feature","geometry":{"type":"Point","coordinates":[-2.40567,53.54307]},"properties":{"name":"Power infrastructure","category":"generator","osm_type":"node","osm_id":"8267912341"}},{"type":"Feature","geometry":{"type":"Point","coordinates":[-2.4051,53.54274]},"properties":{"name":"Power infrastructure","category":"generator","osm_type":"node","osm_id":"8267912342"}},{"type":"Feature","geometry":{"type":"Point","coordinates":[-2.40387,53.5432]},"properties":{"name":"Power infrastructure","category":"generator","osm_type":"node","osm_id":"8267912343"}},{"type":"Feature","geometry":{"type":"Point","coordinates":[-2.40255,53.54332]},"properties":{"name":"Power infrastructure","category":"generator","osm_type":"node","osm_id":"8267912344"}},{"type":"Feature","geometry":{"type":"Point","coordinates":[-2.41878,53.54339]},"properties":{"name":"Power infrastructure","category":"generator","osm_type":"node","osm_id":"8267912345"}},{"type":"Feature","geometry":{"type":"Point","coordinates":[-2.4188,53.54336]},"properties":{"name":"Power infrastructure","category":"generator","osm_type":"node","osm_id":"8267912346"}},{"type":"Feature","geometry":{"type":"Point","coordinates":[-2.41483,53.54288]},"properties":{"name":"Power infrastructure","category":"generator","osm_type":"node","osm_id":"8267912347"}},{"type":"Feature","geometry":{"type":"Point","coordinates":[-2.41412,53.54207]},"properties":{"name":"Power infrastructure","category":"generator","osm_type":"node","osm_id":"8267912348"}},{"type":"Feature","geometry":{"type":"Point","coordinates":[-2.41175,53.54089]},"properties":{"name":"Power infrastructure","category":"generator","osm_type":"node","osm_id":"8267912349"}},{"type":"Feature","geometry":{"type":"Point","coordinates":[-2.41168,53.54088]},"properties":{"name":"Power infrastructure","category":"generator","osm_type":"node","osm_id":"8267912350"}},{"type":"Feature","geometry":{"type":"Point","coordinates":[-2.40416,53.54073]},"properties":{"name":"Power infrastructure","category":"generator","osm_type":"node","osm_id":"8267912351"}},{"type":"Feature","geometry":{"type":"Point","coordinates":[-2.40618,53.54011]},"properties":{"name":"Power infrastructure","category":"generator","osm_type":"node","osm_id":"8267912352"}},{"type":"Feature","geometry":{"type":"Point","coordinates":[-2.4041,53.53935]},"properties":{"name":"Power infrastructure","category":"generator","osm_type":"node","osm_id":"8267912353"}},{"type":"Feature","geometry":{"type":"Point","coordinates":[-2.40416,53.53937]},"properties":{"name":"Power infrastructure","category":"generator","osm_type":"node","osm_id":"8267912354"}},{"type":"Feature","geometry":{"type":"Point","coordinates":[-2.40413,53.53939]},"properties":{"name":"Power infrastructure","category":"generator","osm_type":"node","osm_id":"8267912355"}},{"type":"Feature","geometry":{"type":"Point","coordinates":[-2.40078,53.5401]},"properties":{"name":"Power infrastructure","category":"generator","osm_type":"node","osm_id":"8267912356"}},{"type":"Feature","geometry":{"type":"Point","coordinates":[-2.40069,53.54011]},"properties":{"name":"Power infrastructure","category":"generator","osm_type":"node","osm_id":"8267912357"}},{"type":"Feature","geometry":{"type":"Point","coordinates":[-2.40062,53.5401]},"properties":{"name":"Power infrastructure","category":"generator","osm_type":"node","osm_id":"8267912358"}},{"type":"Feature","geometry":{"type":"Point","coordinates":[-2.39871,53.5411]},"properties":{"name":"Power infrastructure","category":"generator","osm_type":"node","osm_id":"8267912359"}},{"type":"Feature","geometry":{"type":"Point","coordinates":[-2.39866,53.54108]},"properties":{"name":"Power infrastructure","category":"generator","osm_type":"node","osm_id":"8267912360"}},{"type":"Feature","geometry":{"type":"Point","coordinates":[-2.39961,53.54107]},"properties":{"name":"Power infrastructure","category":"generator","osm_type":"node","osm_id":"8267912361"}},{"type":"Feature","geometry":{"type":"Point","coordinates":[-2.39953,53.54107]},"properties":{"name":"Power infrastructure","category":"generator","osm_type":"node","osm_id":"8267912362"}},{"type":"Feature","geometry":{"type":"Point","coordinates":[-2.39783,53.54245]},"properties":{"name":"Power infrastructure","category":"generator","osm_type":"node","osm_id":"8267912363"}},{"type":"Feature","geometry":{"type":"Point","coordinates":[-2.39772,53.54246]},"properties":{"name":"Power infrastructure","category":"generator","osm_type":"node","osm_id":"8267912364"}},{"type":"Feature","geometry":{"type":"Point","coordinates":[-2.39764,53.54247]},"properties":{"name":"Power infrastructure","category":"generator","osm_type":"node","osm_id":"8267912365"}},{"type":"Feature","geometry":{"type":"Point","coordinates":[-2.39757,53.54249]},"properties":{"name":"Power infrastructure","category":"generator","osm_type":"node","osm_id":"8267912366"}},{"type":"Feature","geometry":{"type":"Point","coordinates":[-2.39749,53.5425]},"properties":{"name":"Power infrastructure","category":"generator","osm_type":"node","osm_id":"8267912367"}},{"type":"Feature","geometry":{"type":"Point","coordinates":[-2.39741,53.54251]},"properties":{"name":"Power infrastructure","category":"generator","osm_type":"node","osm_id":"8267912368"}},{"type":"Feature","geometry":{"type":"Point","coordinates":[-2.39731,53.54252]},"properties":{"name":"Power infrastructure","category":"generator","osm_type":"node","osm_id":"8267912369"}},{"type":"Feature","geometry":{"type":"Point","coordinates":[-2.39411,53.54187]},"properties":{"name":"Power infrastructure","category":"generator","osm_type":"node","osm_id":"8267912370"}},{"type":"Feature","geometry":{"type":"Point","coordinates":[-2.39238,53.54179]},"properties":{"name":"Power infrastructure","category":"generator","osm_type":"node","osm_id":"8267912371"}},{"type":"Feature","geometry":{"type":"Point","coordinates":[-2.39231,53.54179]},"properties":{"name":"Power infrastructure","category":"generator","osm_type":"node","osm_id":"8267912372"}},{"type":"Feature","geometry":{"type":"Point","coordinates":[-2.39223,53.5418]},"properties":{"name":"Power infrastructure","category":"generator","osm_type":"node","osm_id":"8267912373"}},{"type":"Feature","geometry":{"type":"Point","coordinates":[-2.39215,53.54181]},"properties":{"name":"Power infrastructure","category":"generator","osm_type":"node","osm_id":"8267912374"}},{"type":"Feature","geometry":{"type":"Point","coordinates":[-2.39208,53.54182]},"properties":{"name":"Power infrastructure","category":"generator","osm_type":"node","osm_id":"8267912375"}},{"type":"Feature","geometry":{"type":"Point","coordinates":[-2.392,53.54183]},"properties":{"name":"Power infrastructure","category":"generator","osm_type":"node","osm_id":"8267912376"}},{"type":"Feature","geometry":{"type":"Point","coordinates":[-2.39193,53.54183]},"properties":{"name":"Power infrastructure","category":"generator","osm_type":"node","osm_id":"8267912377"}},{"type":"Feature","geometry":{"type":"Point","coordinates":[-2.39166,53.54181]},"properties":{"name":"Power infrastructure","category":"generator","osm_type":"node","osm_id":"8267912378"}},{"type":"Feature","geometry":{"type":"Point","coordinates":[-2.3954,53.54461]},"properties":{"name":"Power infrastructure","category":"generator","osm_type":"node","osm_id":"8267912379"}},{"type":"Feature","geometry":{"type":"Point","coordinates":[-2.3946,53.54614]},"properties":{"name":"Power infrastructure","category":"generator","osm_type":"node","osm_id":"8267912380"}},{"type":"Feature","geometry":{"type":"Point","coordinates":[-2.38971,53.54794]},"properties":{"name":"Power infrastructure","category":"generator","osm_type":"node","osm_id":"8267912381"}},{"type":"Feature","geometry":{"type":"Point","coordinates":[-2.38809,53.54584]},"properties":{"name":"Power infrastructure","category":"generator","osm_type":"node","osm_id":"8267912382"}},{"type":"Feature","geometry":{"type":"Point","coordinates":[-2.38801,53.54582]},"properties":{"name":"Power infrastructure","category":"generator","osm_type":"node","osm_id":"8267912383"}},{"type":"Feature","geometry":{"type":"Point","coordinates":[-2.38777,53.54595]},"properties":{"name":"Power infrastructure","category":"generator","osm_type":"node","osm_id":"8267912384"}},{"type":"Feature","geometry":{"type":"Point","coordinates":[-2.38111,53.54321]},"properties":{"name":"Power infrastructure","category":"generator","osm_type":"node","osm_id":"8267912385"}},{"type":"Feature","geometry":{"type":"Point","coordinates":[-2.38107,53.54324]},"properties":{"name":"Power infrastructure","category":"generator","osm_type":"node","osm_id":"8267912386"}},{"type":"Feature","geometry":{"type":"Point","coordinates":[-2.38062,53.54335]},"properties":{"name":"Power infrastructure","category":"generator","osm_type":"node","osm_id":"8267912387"}},{"type":"Feature","geometry":{"type":"Point","coordinates":[-2.38069,53.54336]},"properties":{"name":"Power infrastructure","category":"generator","osm_type":"node","osm_id":"8267912388"}},{"type":"Feature","geometry":{"type":"Point","coordinates":[-2.39608,53.64621]},"properties":{"name":"Power infrastructure","category":"generator","osm_type":"node","osm_id":"8270182578"}},{"type":"Feature","geometry":{"type":"Point","coordinates":[-2.65641,53.65996]},"properties":{"name":"Power infrastructure","category":"generator","osm_type":"node","osm_id":"8273485606"}},{"type":"Feature","geometry":{"type":"Point","coordinates":[-2.65602,53.65965]},"properties":{"name":"Power infrastructure","category":"generator","osm_type":"node","osm_id":"8273780311"}},{"type":"Feature","geometry":{"type":"Point","coordinates":[-2.6562,53.65826]},"properties":{"name":"Power infrastructure","category":"generator","osm_type":"node","osm_id":"8279310980"}},{"type":"Feature","geometry":{"type":"Point","coordinates":[-2.65628,53.6582]},"properties":{"name":"Power infrastructure","category":"generator","osm_type":"node","osm_id":"8279310981"}},{"type":"Feature","geometry":{"type":"Point","coordinates":[-2.65358,53.65741]},"properties":{"name":"Power infrastructure","category":"generator","osm_type":"node","osm_id":"8279327330"}},{"type":"Feature","geometry":{"type":"Point","coordinates":[-2.65297,53.65919]},"properties":{"name":"Power infrastructure","category":"generator","osm_type":"node","osm_id":"8279356392"}},{"type":"Feature","geometry":{"type":"Point","coordinates":[-2.65323,53.65946]},"properties":{"name":"Power infrastructure","category":"generator","osm_type":"node","osm_id":"8279356393"}},{"type":"Feature","geometry":{"type":"Point","coordinates":[-2.62311,53.53772]},"properties":{"name":"Power infrastructure","category":"generator","osm_type":"node","osm_id":"8282108576"}},{"type":"Feature","geometry":{"type":"Point","coordinates":[-2.62303,53.53773]},"properties":{"name":"Power infrastructure","category":"generator","osm_type":"node","osm_id":"8282108577"}},{"type":"Feature","geometry":{"type":"Point","coordinates":[-2.62267,53.53783]},"properties":{"name":"Power infrastructure","category":"generator","osm_type":"node","osm_id":"8282108578"}},{"type":"Feature","geometry":{"type":"Point","coordinates":[-2.62257,53.53785]},"properties":{"name":"Power infrastructure","category":"generator","osm_type":"node","osm_id":"8282108579"}},{"type":"Feature","geometry":{"type":"Point","coordinates":[-2.62243,53.53789]},"properties":{"name":"Power infrastructure","category":"generator","osm_type":"node","osm_id":"8282108580"}},{"type":"Feature","geometry":{"type":"Point","coordinates":[-2.62266,53.53755]},"properties":{"name":"Power infrastructure","category":"generator","osm_type":"node","osm_id":"8282108581"}},{"type":"Feature","geometry":{"type":"Point","coordinates":[-2.62257,53.53757]},"properties":{"name":"Power infrastructure","category":"generator","osm_type":"node","osm_id":"8282108582"}},{"type":"Feature","geometry":{"type":"Point","coordinates":[-2.62253,53.53727]},"properties":{"name":"Power infrastructure","category":"generator","osm_type":"node","osm_id":"8282108583"}},{"type":"Feature","geometry":{"type":"Point","coordinates":[-2.62241,53.53732]},"properties":{"name":"Power infrastructure","category":"generator","osm_type":"node","osm_id":"8282108584"}},{"type":"Feature","geometry":{"type":"Point","coordinates":[-2.62231,53.53733]},"properties":{"name":"Power infrastructure","category":"generator","osm_type":"node","osm_id":"8282108585"}},{"type":"Feature","geometry":{"type":"Point","coordinates":[-2.6222,53.53736]},"properties":{"name":"Power infrastructure","category":"generator","osm_type":"node","osm_id":"8282108586"}},{"type":"Feature","geometry":{"type":"Point","coordinates":[-2.62209,53.53738]},"properties":{"name":"Power infrastructure","category":"generator","osm_type":"node","osm_id":"8282108587"}},{"type":"Feature","geometry":{"type":"Point","coordinates":[-2.62182,53.53746]},"properties":{"name":"Power infrastructure","category":"generator","osm_type":"node","osm_id":"8282108588"}},{"type":"Feature","geometry":{"type":"Point","coordinates":[-2.6217,53.53746]},"properties":{"name":"Power infrastructure","category":"generator","osm_type":"node","osm_id":"8282108589"}},{"type":"Feature","geometry":{"type":"Point","coordinates":[-2.6217,53.53718]},"properties":{"name":"Power infrastructure","category":"generator","osm_type":"node","osm_id":"8282108590"}},{"type":"Feature","geometry":{"type":"Point","coordinates":[-2.6216,53.5372]},"properties":{"name":"Power infrastructure","category":"generator","osm_type":"node","osm_id":"8282108591"}},{"type":"Feature","geometry":{"type":"Point","coordinates":[-2.6215,53.53721]},"properties":{"name":"Power infrastructure","category":"generator","osm_type":"node","osm_id":"8282108592"}},{"type":"Feature","geometry":{"type":"Point","coordinates":[-2.62138,53.53722]},"properties":{"name":"Power infrastructure","category":"generator","osm_type":"node","osm_id":"8282108593"}},{"type":"Feature","geometry":{"type":"Point","coordinates":[-2.62128,53.53724]},"properties":{"name":"Power infrastructure","category":"generator","osm_type":"node","osm_id":"8282108594"}},{"type":"Feature","geometry":{"type":"Point","coordinates":[-2.62141,53.53752]},"properties":{"name":"Power infrastructure","category":"generator","osm_type":"node","osm_id":"8282108595"}},{"type":"Feature","geometry":{"type":"Point","coordinates":[-2.62119,53.53754]},"properties":{"name":"Power infrastructure","category":"generator","osm_type":"node","osm_id":"8282108596"}},{"type":"Feature","geometry":{"type":"Point","coordinates":[-2.62157,53.53801]},"properties":{"name":"Power infrastructure","category":"generator","osm_type":"node","osm_id":"8282108597"}},{"type":"Feature","geometry":{"type":"Point","coordinates":[-2.6139,53.54247]},"properties":{"name":"Power infrastructure","category":"generator","osm_type":"node","osm_id":"8282112329"}},{"type":"Feature","geometry":{"type":"Point","coordinates":[-2.61381,53.54249]},"properties":{"name":"Power infrastructure","category":"generator","osm_type":"node","osm_id":"8282112330"}},{"type":"Feature","geometry":{"type":"Point","coordinates":[-2.61369,53.54252]},"properties":{"name":"Power infrastructure","category":"generator","osm_type":"node","osm_id":"8282112331"}},{"type":"Feature","geometry":{"type":"Point","coordinates":[-2.61359,53.54254]},"properties":{"name":"Power infrastructure","category":"generator","osm_type":"node","osm_id":"8282112332"}},{"type":"Feature","geometry":{"type":"Point","coordinates":[-2.61347,53.54258]},"properties":{"name":"Power infrastructure","category":"generator","osm_type":"node","osm_id":"8282112333"}},{"type":"Feature","geometry":{"type":"Point","coordinates":[-2.61326,53.54263]},"properties":{"name":"Power infrastructure","category":"generator","osm_type":"node","osm_id":"8282112334"}},{"type":"Feature","geometry":{"type":"Point","coordinates":[-2.61316,53.54265]},"properties":{"name":"Power infrastructure","category":"generator","osm_type":"node","osm_id":"8282112335"}},{"type":"Feature","geometry":{"type":"Point","coordinates":[-2.61305,53.54268]},"properties":{"name":"Power infrastructure","category":"generator","osm_type":"node","osm_id":"8282112336"}},{"type":"Feature","geometry":{"type":"Point","coordinates":[-2.61294,53.5427]},"properties":{"name":"Power infrastructure","category":"generator","osm_type":"node","osm_id":"8282112337"}},{"type":"Feature","geometry":{"type":"Point","coordinates":[-2.61282,53.54272]},"properties":{"name":"Power infrastructure","category":"generator","osm_type":"node","osm_id":"8282112338"}},{"type":"Feature","geometry":{"type":"Point","coordinates":[-2.61273,53.54273]},"properties":{"name":"Power infrastructure","category":"generator","osm_type":"node","osm_id":"8282112339"}},{"type":"Feature","geometry":{"type":"Point","coordinates":[-2.61272,53.54248]},"properties":{"name":"Power infrastructure","category":"generator","osm_type":"node","osm_id":"8282112340"}},{"type":"Feature","geometry":{"type":"Point","coordinates":[-2.61262,53.5425]},"properties":{"name":"Power infrastructure","category":"generator","osm_type":"node","osm_id":"8282112341"}},{"type":"Feature","geometry":{"type":"Point","coordinates":[-2.61315,53.54237]},"properties":{"name":"Power infrastructure","category":"generator","osm_type":"node","osm_id":"8282112342"}},{"type":"Feature","geometry":{"type":"Point","coordinates":[-2.61307,53.5424]},"properties":{"name":"Power infrastructure","category":"generator","osm_type":"node","osm_id":"8282112343"}},{"type":"Feature","geometry":{"type":"Point","coordinates":[-2.61251,53.54279]},"properties":{"name":"Power infrastructure","category":"generator","osm_type":"node","osm_id":"8282112344"}},{"type":"Feature","geometry":{"type":"Point","coordinates":[-2.61228,53.54258]},"properties":{"name":"Power infrastructure","category":"generator","osm_type":"node","osm_id":"8282112345"}},{"type":"Feature","geometry":{"type":"Point","coordinates":[-2.6099,53.54343]},"properties":{"name":"Power infrastructure","category":"generator","osm_type":"node","osm_id":"8282112346"}},{"type":"Feature","geometry":{"type":"Point","coordinates":[-2.59611,53.6831]},"properties":{"name":"Power infrastructure","category":"generator","osm_type":"node","osm_id":"8283530572"}},{"type":"Feature","geometry":{"type":"Point","coordinates":[-2.56127,53.69087]},"properties":{"name":"Power infrastructure","category":"generator","osm_type":"node","osm_id":"8284251715"}},{"type":"Feature","geometry":{"type":"Point","coordinates":[-2.56626,53.68783]},"properties":{"name":"Power infrastructure","category":"generator","osm_type":"node","osm_id":"8286080261"}},{"type":"Feature","geometry":{"type":"Point","coordinates":[-2.56902,53.6874]},"properties":{"name":"Power infrastructure","category":"generator","osm_type":"node","osm_id":"8293545137"}},{"type":"Feature","geometry":{"type":"Point","coordinates":[-2.56759,53.68758]},"properties":{"name":"Power infrastructure","category":"generator","osm_type":"node","osm_id":"8293546445"}},{"type":"Feature","geometry":{"type":"Point","coordinates":[-2.60442,53.68595]},"properties":{"name":"Power infrastructure","category":"generator","osm_type":"node","osm_id":"8296310853"}},{"type":"Feature","geometry":{"type":"Point","coordinates":[-2.43229,53.53678]},"properties":{"name":"Power infrastructure","category":"generator","osm_type":"node","osm_id":"8296347173"}},{"type":"Feature","geometry":{"type":"Point","coordinates":[-2.52615,53.77325]},"properties":{"name":"Power infrastructure","category":"generator","osm_type":"node","osm_id":"8298190485"}},{"type":"Feature","geometry":{"type":"Point","coordinates":[-2.57215,53.68959]},"properties":{"name":"Power infrastructure","category":"generator","osm_type":"node","osm_id":"8300218149"}},{"type":"Feature","geometry":{"type":"Point","coordinates":[-2.57205,53.68957]},"properties":{"name":"Power infrastructure","category":"generator","osm_type":"node","osm_id":"8300218150"}},{"type":"Feature","geometry":{"type":"Point","coordinates":[-2.42604,53.53924]},"properties":{"name":"Power infrastructure","category":"generator","osm_type":"node","osm_id":"8301918665"}},{"type":"Feature","geometry":{"type":"Point","coordinates":[-2.57572,53.69063]},"properties":{"name":"Power infrastructure","category":"generator","osm_type":"node","osm_id":"8303291898"}},{"type":"Feature","geometry":{"type":"Point","coordinates":[-2.56964,53.69086]},"properties":{"name":"Power infrastructure","category":"generator","osm_type":"node","osm_id":"8303386770"}},{"type":"Feature","geometry":{"type":"Point","coordinates":[-2.56987,53.68979]},"properties":{"name":"Power infrastructure","category":"generator","osm_type":"node","osm_id":"8303386835"}},{"type":"Feature","geometry":{"type":"Point","coordinates":[-2.57004,53.68971]},"properties":{"name":"Power infrastructure","category":"generator","osm_type":"node","osm_id":"8303386836"}},{"type":"Feature","geometry":{"type":"Point","coordinates":[-2.57037,53.68949]},"properties":{"name":"Power infrastructure","category":"generator","osm_type":"node","osm_id":"8303386851"}},{"type":"Feature","geometry":{"type":"Point","coordinates":[-2.56947,53.68966]},"properties":{"name":"Power infrastructure","category":"generator","osm_type":"node","osm_id":"8303443713"}},{"type":"Feature","geometry":{"type":"Point","coordinates":[-2.5679,53.69065]},"properties":{"name":"Power infrastructure","category":"generator","osm_type":"node","osm_id":"8303459047"}},{"type":"Feature","geometry":{"type":"Point","coordinates":[-2.56769,53.6904]},"properties":{"name":"Power infrastructure","category":"generator","osm_type":"node","osm_id":"8303484482"}},{"type":"Feature","geometry":{"type":"Point","coordinates":[-2.56812,53.69142]},"properties":{"name":"Power infrastructure","category":"generator","osm_type":"node","osm_id":"8304609042"}},{"type":"Feature","geometry":{"type":"Point","coordinates":[-2.56823,53.69152]},"properties":{"name":"Power infrastructure","category":"generator","osm_type":"node","osm_id":"8304609043"}},{"type":"Feature","geometry":{"type":"Point","coordinates":[-2.56717,53.69116]},"properties":{"name":"Power infrastructure","category":"generator","osm_type":"node","osm_id":"8304609096"}},{"type":"Feature","geometry":{"type":"Point","coordinates":[-2.43283,53.53644]},"properties":{"name":"Power infrastructure","category":"generator","osm_type":"node","osm_id":"8305126668"}},{"type":"Feature","geometry":{"type":"Point","coordinates":[-2.43166,53.53635]},"properties":{"name":"Power infrastructure","category":"generator","osm_type":"node","osm_id":"8305126669"}},{"type":"Feature","geometry":{"type":"Point","coordinates":[-2.43374,53.53719]},"properties":{"name":"Power infrastructure","category":"generator","osm_type":"node","osm_id":"8305126736"}},{"type":"Feature","geometry":{"type":"Point","coordinates":[-2.43048,53.53713]},"properties":{"name":"Power infrastructure","category":"generator","osm_type":"node","osm_id":"8305132441"}},{"type":"Feature","geometry":{"type":"Point","coordinates":[-2.43038,53.53712]},"properties":{"name":"Power infrastructure","category":"generator","osm_type":"node","osm_id":"8305132442"}},{"type":"Feature","geometry":{"type":"Point","coordinates":[-2.42978,53.5371]},"properties":{"name":"Power infrastructure","category":"generator","osm_type":"node","osm_id":"8305132443"}},{"type":"Feature","geometry":{"type":"Point","coordinates":[-2.42944,53.5371]},"properties":{"name":"Power infrastructure","category":"generator","osm_type":"node","osm_id":"8305132444"}},{"type":"Feature","geometry":{"type":"Point","coordinates":[-2.42899,53.53706]},"properties":{"name":"Power infrastructure","category":"generator","osm_type":"node","osm_id":"8305132445"}},{"type":"Feature","geometry":{"type":"Point","coordinates":[-2.43375,53.53823]},"properties":{"name":"Power infrastructure","category":"generator","osm_type":"node","osm_id":"8305151974"}},{"type":"Feature","geometry":{"type":"Point","coordinates":[-2.43446,53.539]},"properties":{"name":"Power infrastructure","category":"generator","osm_type":"node","osm_id":"8305151979"}},{"type":"Feature","geometry":{"type":"Point","coordinates":[-2.43436,53.539]},"properties":{"name":"Power infrastructure","category":"generator","osm_type":"node","osm_id":"8305151980"}},{"type":"Feature","geometry":{"type":"Point","coordinates":[-2.43389,53.53898]},"properties":{"name":"Power infrastructure","category":"generator","osm_type":"node","osm_id":"8305151981"}},{"type":"Feature","geometry":{"type":"Point","coordinates":[-2.43377,53.53897]},"properties":{"name":"Power infrastructure","category":"generator","osm_type":"node","osm_id":"8305151982"}},{"type":"Feature","geometry":{"type":"Point","coordinates":[-2.43337,53.53869]},"properties":{"name":"Power infrastructure","category":"generator","osm_type":"node","osm_id":"8305151983"}},{"type":"Feature","geometry":{"type":"Point","coordinates":[-2.42544,53.53512]},"properties":{"name":"Power infrastructure","category":"generator","osm_type":"node","osm_id":"8305265206"}},{"type":"Feature","geometry":{"type":"Point","coordinates":[-2.43199,53.53824]},"properties":{"name":"Power infrastructure","category":"generator","osm_type":"node","osm_id":"8305332075"}},{"type":"Feature","geometry":{"type":"Point","coordinates":[-2.43108,53.5387]},"properties":{"name":"Power infrastructure","category":"generator","osm_type":"node","osm_id":"8305332082"}},{"type":"Feature","geometry":{"type":"Point","coordinates":[-2.57137,53.69103]},"properties":{"name":"Power infrastructure","category":"generator","osm_type":"node","osm_id":"8305492360"}},{"type":"Feature","geometry":{"type":"Point","coordinates":[-2.57153,53.6911]},"properties":{"name":"Power infrastructure","category":"generator","osm_type":"node","osm_id":"8305492361"}},{"type":"Feature","geometry":{"type":"Point","coordinates":[-2.56863,53.69174]},"properties":{"name":"Power infrastructure","category":"generator","osm_type":"node","osm_id":"8305492444"}},{"type":"Feature","geometry":{"type":"Point","coordinates":[-2.42582,53.53735]},"properties":{"name":"Power infrastructure","category":"generator","osm_type":"node","osm_id":"8305495990"}},{"type":"Feature","geometry":{"type":"Point","coordinates":[-2.42542,53.53742]},"properties":{"name":"Power infrastructure","category":"generator","osm_type":"node","osm_id":"8305495991"}},{"type":"Feature","geometry":{"type":"Point","coordinates":[-2.42705,53.53862]},"properties":{"name":"Power infrastructure","category":"generator","osm_type":"node","osm_id":"8305495992"}},{"type":"Feature","geometry":{"type":"Point","coordinates":[-2.42668,53.53849]},"properties":{"name":"Power infrastructure","category":"generator","osm_type":"node","osm_id":"8305495993"}},{"type":"Feature","geometry":{"type":"Point","coordinates":[-2.42651,53.53844]},"properties":{"name":"Power infrastructure","category":"generator","osm_type":"node","osm_id":"8305495994"}},{"type":"Feature","geometry":{"type":"Point","coordinates":[-2.42639,53.5384]},"properties":{"name":"Power infrastructure","category":"generator","osm_type":"node","osm_id":"8305495995"}},{"type":"Feature","geometry":{"type":"Point","coordinates":[-2.42635,53.53835]},"properties":{"name":"Power infrastructure","category":"generator","osm_type":"node","osm_id":"8305495996"}},{"type":"Feature","geometry":{"type":"Point","coordinates":[-2.42625,53.53824]},"properties":{"name":"Power infrastructure","category":"generator","osm_type":"node","osm_id":"8305495997"}},{"type":"Feature","geometry":{"type":"Point","coordinates":[-2.43204,53.52832]},"properties":{"name":"Power infrastructure","category":"generator","osm_type":"node","osm_id":"8306488329"}},{"type":"Feature","geometry":{"type":"Point","coordinates":[-2.4318,53.52825]},"properties":{"name":"Power infrastructure","category":"generator","osm_type":"node","osm_id":"8306488330"}},{"type":"Feature","geometry":{"type":"Point","coordinates":[-2.42743,53.53816]},"properties":{"name":"Power infrastructure","category":"generator","osm_type":"node","osm_id":"8308270012"}},{"type":"Feature","geometry":{"type":"Point","coordinates":[-2.42763,53.53823]},"properties":{"name":"Power infrastructure","category":"generator","osm_type":"node","osm_id":"8308270013"}},{"type":"Feature","geometry":{"type":"Point","coordinates":[-2.42739,53.53934]},"properties":{"name":"Power infrastructure","category":"generator","osm_type":"node","osm_id":"8308270088"}},{"type":"Feature","geometry":{"type":"Point","coordinates":[-2.57121,53.68929]},"properties":{"name":"Power infrastructure","category":"generator","osm_type":"node","osm_id":"8308487860"}},{"type":"Feature","geometry":{"type":"Point","coordinates":[-2.57097,53.68946]},"properties":{"name":"Power infrastructure","category":"generator","osm_type":"node","osm_id":"8308487867"}},{"type":"Feature","geometry":{"type":"Point","coordinates":[-2.57063,53.68969]},"properties":{"name":"Power infrastructure","category":"generator","osm_type":"node","osm_id":"8308487883"}},{"type":"Feature","geometry":{"type":"Point","coordinates":[-2.57034,53.68987]},"properties":{"name":"Power infrastructure","category":"generator","osm_type":"node","osm_id":"8308487900"}},{"type":"Feature","geometry":{"type":"Point","coordinates":[-2.57168,53.69185]},"properties":{"name":"Power infrastructure","category":"generator","osm_type":"node","osm_id":"8308491490"}},{"type":"Feature","geometry":{"type":"Point","coordinates":[-2.55917,53.69358]},"properties":{"name":"Power infrastructure","category":"generator","osm_type":"node","osm_id":"8308802206"}},{"type":"Feature","geometry":{"type":"Point","coordinates":[-2.55818,53.69361]},"properties":{"name":"Power infrastructure","category":"generator","osm_type":"node","osm_id":"8308802281"}},{"type":"Feature","geometry":{"type":"Point","coordinates":[-2.4286,53.53919]},"properties":{"name":"Power infrastructure","category":"generator","osm_type":"node","osm_id":"8309888437"}},{"type":"Feature","geometry":{"type":"Point","coordinates":[-2.42852,53.53948]},"properties":{"name":"Power infrastructure","category":"generator","osm_type":"node","osm_id":"8309888438"}},{"type":"Feature","geometry":{"type":"Point","coordinates":[-2.42665,53.53957]},"properties":{"name":"Power infrastructure","category":"generator","osm_type":"node","osm_id":"8309894628"}},{"type":"Feature","geometry":{"type":"Point","coordinates":[-2.42716,53.53979]},"properties":{"name":"Power infrastructure","category":"generator","osm_type":"node","osm_id":"8309894629"}},{"type":"Feature","geometry":{"type":"Point","coordinates":[-2.42712,53.53974]},"properties":{"name":"Power infrastructure","category":"generator","osm_type":"node","osm_id":"8309894630"}},{"type":"Feature","geometry":{"type":"Point","coordinates":[-2.42708,53.53969]},"properties":{"name":"Power infrastructure","category":"generator","osm_type":"node","osm_id":"8309894631"}},{"type":"Feature","geometry":{"type":"Point","coordinates":[-2.42582,53.53991]},"properties":{"name":"Power infrastructure","category":"generator","osm_type":"node","osm_id":"8309894644"}},{"type":"Feature","geometry":{"type":"Point","coordinates":[-2.4254,53.53997]},"properties":{"name":"Power infrastructure","category":"generator","osm_type":"node","osm_id":"8309894645"}},{"type":"Feature","geometry":{"type":"Point","coordinates":[-2.42517,53.53998]},"properties":{"name":"Power infrastructure","category":"generator","osm_type":"node","osm_id":"8309894646"}},{"type":"Feature","geometry":{"type":"Point","coordinates":[-2.42507,53.54]},"properties":{"name":"Power infrastructure","category":"generator","osm_type":"node","osm_id":"8309894647"}},{"type":"Feature","geometry":{"type":"Point","coordinates":[-2.42497,53.54001]},"properties":{"name":"Power infrastructure","category":"generator","osm_type":"node","osm_id":"8309894648"}},{"type":"Feature","geometry":{"type":"Point","coordinates":[-2.42548,53.53968]},"properties":{"name":"Power infrastructure","category":"generator","osm_type":"node","osm_id":"8309894649"}},{"type":"Feature","geometry":{"type":"Point","coordinates":[-2.42583,53.53957]},"properties":{"name":"Power infrastructure","category":"generator","osm_type":"node","osm_id":"8309894650"}},{"type":"Feature","geometry":{"type":"Point","coordinates":[-2.42489,53.53964]},"properties":{"name":"Power infrastructure","category":"generator","osm_type":"node","osm_id":"8309894651"}},{"type":"Feature","geometry":{"type":"Point","coordinates":[-2.4248,53.53967]},"properties":{"name":"Power infrastructure","category":"generator","osm_type":"node","osm_id":"8309894652"}},{"type":"Feature","geometry":{"type":"Point","coordinates":[-2.42473,53.5397]},"properties":{"name":"Power infrastructure","category":"generator","osm_type":"node","osm_id":"8309894653"}},{"type":"Feature","geometry":{"type":"Point","coordinates":[-2.4243,53.53946]},"properties":{"name":"Power infrastructure","category":"generator","osm_type":"node","osm_id":"8309894654"}},{"type":"Feature","geometry":{"type":"Point","coordinates":[-2.42422,53.5395]},"properties":{"name":"Power infrastructure","category":"generator","osm_type":"node","osm_id":"8309894655"}},{"type":"Feature","geometry":{"type":"Point","coordinates":[-2.42415,53.54017]},"properties":{"name":"Power infrastructure","category":"generator","osm_type":"node","osm_id":"8309894656"}},{"type":"Feature","geometry":{"type":"Point","coordinates":[-2.42406,53.54017]},"properties":{"name":"Power infrastructure","category":"generator","osm_type":"node","osm_id":"8309894657"}},{"type":"Feature","geometry":{"type":"Point","coordinates":[-2.42394,53.54004]},"properties":{"name":"Power infrastructure","category":"generator","osm_type":"node","osm_id":"8309894658"}},{"type":"Feature","geometry":{"type":"Point","coordinates":[-2.42391,53.53998]},"properties":{"name":"Power infrastructure","category":"generator","osm_type":"node","osm_id":"8309894659"}},{"type":"Feature","geometry":{"type":"Point","coordinates":[-2.42365,53.53965]},"properties":{"name":"Power infrastructure","category":"generator","osm_type":"node","osm_id":"8309894660"}},{"type":"Feature","geometry":{"type":"Point","coordinates":[-2.42336,53.53969]},"properties":{"name":"Power infrastructure","category":"generator","osm_type":"node","osm_id":"8309894661"}},{"type":"Feature","geometry":{"type":"Point","coordinates":[-2.42343,53.53998]},"properties":{"name":"Power infrastructure","category":"generator","osm_type":"node","osm_id":"8309894662"}},{"type":"Feature","geometry":{"type":"Point","coordinates":[-2.42347,53.5401]},"properties":{"name":"Power infrastructure","category":"generator","osm_type":"node","osm_id":"8309894663"}},{"type":"Feature","geometry":{"type":"Point","coordinates":[-2.42509,53.53918]},"properties":{"name":"Power infrastructure","category":"generator","osm_type":"node","osm_id":"8309894664"}},{"type":"Feature","geometry":{"type":"Point","coordinates":[-2.425,53.53922]},"properties":{"name":"Power infrastructure","category":"generator","osm_type":"node","osm_id":"8309894665"}},{"type":"Feature","geometry":{"type":"Point","coordinates":[-2.42737,53.53905]},"properties":{"name":"Power infrastructure","category":"generator","osm_type":"node","osm_id":"8309894666"}},{"type":"Feature","geometry":{"type":"Point","coordinates":[-2.42717,53.53894]},"properties":{"name":"Power infrastructure","category":"generator","osm_type":"node","osm_id":"8309894667"}},{"type":"Feature","geometry":{"type":"Point","coordinates":[-2.42549,53.53831]},"properties":{"name":"Power infrastructure","category":"generator","osm_type":"node","osm_id":"8309894668"}},{"type":"Feature","geometry":{"type":"Point","coordinates":[-2.42586,53.53776]},"properties":{"name":"Power infrastructure","category":"generator","osm_type":"node","osm_id":"8309894669"}},{"type":"Feature","geometry":{"type":"Point","coordinates":[-2.42494,53.53893]},"properties":{"name":"Power infrastructure","category":"generator","osm_type":"node","osm_id":"8309894670"}},{"type":"Feature","geometry":{"type":"Point","coordinates":[-2.42485,53.53897]},"properties":{"name":"Power infrastructure","category":"generator","osm_type":"node","osm_id":"8309894671"}},{"type":"Feature","geometry":{"type":"Point","coordinates":[-2.42728,53.53874]},"properties":{"name":"Power infrastructure","category":"generator","osm_type":"node","osm_id":"8309894680"}},{"type":"Feature","geometry":{"type":"Point","coordinates":[-2.42516,53.53641]},"properties":{"name":"Power infrastructure","category":"generator","osm_type":"node","osm_id":"8309931624"}},{"type":"Feature","geometry":{"type":"Point","coordinates":[-2.4248,53.53646]},"properties":{"name":"Power infrastructure","category":"generator","osm_type":"node","osm_id":"8309931625"}},{"type":"Feature","geometry":{"type":"Point","coordinates":[-2.42425,53.53719]},"properties":{"name":"Power infrastructure","category":"generator","osm_type":"node","osm_id":"8309931743"}},{"type":"Feature","geometry":{"type":"Point","coordinates":[-2.42396,53.53738]},"properties":{"name":"Power infrastructure","category":"generator","osm_type":"node","osm_id":"8309931744"}},{"type":"Feature","geometry":{"type":"Point","coordinates":[-2.42463,53.53903]},"properties":{"name":"Power infrastructure","category":"generator","osm_type":"node","osm_id":"8309931745"}},{"type":"Feature","geometry":{"type":"Point","coordinates":[-2.42446,53.53909]},"properties":{"name":"Power infrastructure","category":"generator","osm_type":"node","osm_id":"8309931746"}},{"type":"Feature","geometry":{"type":"Point","coordinates":[-2.42413,53.53924]},"properties":{"name":"Power infrastructure","category":"generator","osm_type":"node","osm_id":"8309931747"}},{"type":"Feature","geometry":{"type":"Point","coordinates":[-2.42335,53.54025]},"properties":{"name":"Power infrastructure","category":"generator","osm_type":"node","osm_id":"8310004624"}},{"type":"Feature","geometry":{"type":"Point","coordinates":[-2.42277,53.54036]},"properties":{"name":"Power infrastructure","category":"generator","osm_type":"node","osm_id":"8310004625"}},{"type":"Feature","geometry":{"type":"Point","coordinates":[-2.42268,53.54038]},"properties":{"name":"Power infrastructure","category":"generator","osm_type":"node","osm_id":"8310004626"}},{"type":"Feature","geometry":{"type":"Point","coordinates":[-2.42275,53.5401]},"properties":{"name":"Power infrastructure","category":"generator","osm_type":"node","osm_id":"8310004627"}},{"type":"Feature","geometry":{"type":"Point","coordinates":[-2.42361,53.53938]},"properties":{"name":"Power infrastructure","category":"generator","osm_type":"node","osm_id":"8310004628"}},{"type":"Feature","geometry":{"type":"Point","coordinates":[-2.42353,53.5394]},"properties":{"name":"Power infrastructure","category":"generator","osm_type":"node","osm_id":"8310004629"}},{"type":"Feature","geometry":{"type":"Point","coordinates":[-2.42329,53.53943]},"properties":{"name":"Power infrastructure","category":"generator","osm_type":"node","osm_id":"8310004630"}},{"type":"Feature","geometry":{"type":"Point","coordinates":[-2.42317,53.53945]},"properties":{"name":"Power infrastructure","category":"generator","osm_type":"node","osm_id":"8310004631"}},{"type":"Feature","geometry":{"type":"Point","coordinates":[-2.42346,53.53917]},"properties":{"name":"Power infrastructure","category":"generator","osm_type":"node","osm_id":"8310004632"}},{"type":"Feature","geometry":{"type":"Point","coordinates":[-2.42335,53.53918]},"properties":{"name":"Power infrastructure","category":"generator","osm_type":"node","osm_id":"8310004633"}},{"type":"Feature","geometry":{"type":"Point","coordinates":[-2.42314,53.5392]},"properties":{"name":"Power infrastructure","category":"generator","osm_type":"node","osm_id":"8310004634"}},{"type":"Feature","geometry":{"type":"Point","coordinates":[-2.42283,53.53905]},"properties":{"name":"Power infrastructure","category":"generator","osm_type":"node","osm_id":"8310004635"}},{"type":"Feature","geometry":{"type":"Point","coordinates":[-2.42272,53.53906]},"properties":{"name":"Power infrastructure","category":"generator","osm_type":"node","osm_id":"8310004636"}},{"type":"Feature","geometry":{"type":"Point","coordinates":[-2.42219,53.53931]},"properties":{"name":"Power infrastructure","category":"generator","osm_type":"node","osm_id":"8310004637"}},{"type":"Feature","geometry":{"type":"Point","coordinates":[-2.42213,53.53904]},"properties":{"name":"Power infrastructure","category":"generator","osm_type":"node","osm_id":"8310004638"}},{"type":"Feature","geometry":{"type":"Point","coordinates":[-2.42285,53.5388]},"properties":{"name":"Power infrastructure","category":"generator","osm_type":"node","osm_id":"8310004639"}},{"type":"Feature","geometry":{"type":"Point","coordinates":[-2.42303,53.53801]},"properties":{"name":"Power infrastructure","category":"generator","osm_type":"node","osm_id":"8310004644"}},{"type":"Feature","geometry":{"type":"Point","coordinates":[-2.54794,53.69928]},"properties":{"name":"Power infrastructure","category":"generator","osm_type":"node","osm_id":"8311597706"}},{"type":"Feature","geometry":{"type":"Point","coordinates":[-2.54823,53.69899]},"properties":{"name":"Power infrastructure","category":"generator","osm_type":"node","osm_id":"8311597707"}},{"type":"Feature","geometry":{"type":"Point","coordinates":[-2.54659,53.69968]},"properties":{"name":"Power infrastructure","category":"generator","osm_type":"node","osm_id":"8311666787"}},{"type":"Feature","geometry":{"type":"Point","coordinates":[-2.42118,53.53785]},"properties":{"name":"Power infrastructure","category":"generator","osm_type":"node","osm_id":"8314293677"}},{"type":"Feature","geometry":{"type":"Point","coordinates":[-2.41862,53.53778]},"properties":{"name":"Power infrastructure","category":"generator","osm_type":"node","osm_id":"8314293682"}},{"type":"Feature","geometry":{"type":"Point","coordinates":[-2.4165,53.5376]},"properties":{"name":"Power infrastructure","category":"generator","osm_type":"node","osm_id":"8314293683"}},{"type":"Feature","geometry":{"type":"Point","coordinates":[-2.66992,53.67791]},"properties":{"name":"Power infrastructure","category":"generator","osm_type":"node","osm_id":"8316878104"}},{"type":"Feature","geometry":{"type":"Point","coordinates":[-2.67008,53.67791]},"properties":{"name":"Power infrastructure","category":"generator","osm_type":"node","osm_id":"8316878105"}},{"type":"Feature","geometry":{"type":"Point","coordinates":[-2.67024,53.67794]},"properties":{"name":"Power infrastructure","category":"generator","osm_type":"node","osm_id":"8316878106"}},{"type":"Feature","geometry":{"type":"Point","coordinates":[-2.67038,53.67801]},"properties":{"name":"Power infrastructure","category":"generator","osm_type":"node","osm_id":"8316878107"}},{"type":"Feature","geometry":{"type":"Point","coordinates":[-2.66869,53.67791]},"properties":{"name":"Power infrastructure","category":"generator","osm_type":"node","osm_id":"8316878108"}},{"type":"Feature","geometry":{"type":"Point","coordinates":[-2.66874,53.67782]},"properties":{"name":"Power infrastructure","category":"generator","osm_type":"node","osm_id":"8316878109"}},{"type":"Feature","geometry":{"type":"Point","coordinates":[-2.66877,53.67772]},"properties":{"name":"Power infrastructure","category":"generator","osm_type":"node","osm_id":"8316878110"}},{"type":"Feature","geometry":{"type":"Point","coordinates":[-2.66882,53.67764]},"properties":{"name":"Power infrastructure","category":"generator","osm_type":"node","osm_id":"8316878111"}},{"type":"Feature","geometry":{"type":"Point","coordinates":[-2.66896,53.67749]},"properties":{"name":"Power infrastructure","category":"generator","osm_type":"node","osm_id":"8316878112"}},{"type":"Feature","geometry":{"type":"Point","coordinates":[-2.66906,53.67785]},"properties":{"name":"Power infrastructure","category":"generator","osm_type":"node","osm_id":"8316878113"}},{"type":"Feature","geometry":{"type":"Point","coordinates":[-2.66922,53.67785]},"properties":{"name":"Power infrastructure","category":"generator","osm_type":"node","osm_id":"8316878114"}},{"type":"Feature","geometry":{"type":"Point","coordinates":[-2.66943,53.67785]},"properties":{"name":"Power infrastructure","category":"generator","osm_type":"node","osm_id":"8316878115"}},{"type":"Feature","geometry":{"type":"Point","coordinates":[-2.66959,53.67787]},"properties":{"name":"Power infrastructure","category":"generator","osm_type":"node","osm_id":"8316878116"}},{"type":"Feature","geometry":{"type":"Point","coordinates":[-2.66941,53.67757]},"properties":{"name":"Power infrastructure","category":"generator","osm_type":"node","osm_id":"8316882221"}},{"type":"Feature","geometry":{"type":"Point","coordinates":[-2.66954,53.67758]},"properties":{"name":"Power infrastructure","category":"generator","osm_type":"node","osm_id":"8316882222"}},{"type":"Feature","geometry":{"type":"Point","coordinates":[-2.66923,53.67755]},"properties":{"name":"Power infrastructure","category":"generator","osm_type":"node","osm_id":"8316882223"}},{"type":"Feature","geometry":{"type":"Point","coordinates":[-2.66972,53.67756]},"properties":{"name":"Power infrastructure","category":"generator","osm_type":"node","osm_id":"8316882224"}},{"type":"Feature","geometry":{"type":"Point","coordinates":[-2.67016,53.67756]},"properties":{"name":"Power infrastructure","category":"generator","osm_type":"node","osm_id":"8316882225"}},{"type":"Feature","geometry":{"type":"Point","coordinates":[-2.67009,53.67764]},"properties":{"name":"Power infrastructure","category":"generator","osm_type":"node","osm_id":"8316882226"}},{"type":"Feature","geometry":{"type":"Point","coordinates":[-2.67003,53.67775]},"properties":{"name":"Power infrastructure","category":"generator","osm_type":"node","osm_id":"8316882227"}},{"type":"Feature","geometry":{"type":"Point","coordinates":[-2.67379,53.67953]},"properties":{"name":"Power infrastructure","category":"generator","osm_type":"node","osm_id":"8316915123"}},{"type":"Feature","geometry":{"type":"Point","coordinates":[-2.67383,53.67906]},"properties":{"name":"Power infrastructure","category":"generator","osm_type":"node","osm_id":"8316915124"}},{"type":"Feature","geometry":{"type":"Point","coordinates":[-2.67314,53.67895]},"properties":{"name":"Power infrastructure","category":"generator","osm_type":"node","osm_id":"8316915125"}},{"type":"Feature","geometry":{"type":"Point","coordinates":[-2.67038,53.67897]},"properties":{"name":"Power infrastructure","category":"generator","osm_type":"node","osm_id":"8316915126"}},{"type":"Feature","geometry":{"type":"Point","coordinates":[-2.67069,53.6789]},"properties":{"name":"Power infrastructure","category":"generator","osm_type":"node","osm_id":"8316915127"}},{"type":"Feature","geometry":{"type":"Point","coordinates":[-2.67068,53.67884]},"properties":{"name":"Power infrastructure","category":"generator","osm_type":"node","osm_id":"8316915128"}},{"type":"Feature","geometry":{"type":"Point","coordinates":[-2.67103,53.67866]},"properties":{"name":"Power infrastructure","category":"generator","osm_type":"node","osm_id":"8316915129"}},{"type":"Feature","geometry":{"type":"Point","coordinates":[-2.67079,53.67877]},"properties":{"name":"Power infrastructure","category":"generator","osm_type":"node","osm_id":"8316915130"}},{"type":"Feature","geometry":{"type":"Point","coordinates":[-2.66994,53.67839]},"properties":{"name":"Power infrastructure","category":"generator","osm_type":"node","osm_id":"8316915131"}},{"type":"Feature","geometry":{"type":"Point","coordinates":[-2.66923,53.67839]},"properties":{"name":"Power infrastructure","category":"generator","osm_type":"node","osm_id":"8316915132"}},{"type":"Feature","geometry":{"type":"Point","coordinates":[-2.6694,53.67839]},"properties":{"name":"Power infrastructure","category":"generator","osm_type":"node","osm_id":"8316915133"}},{"type":"Feature","geometry":{"type":"Point","coordinates":[-2.66956,53.67842]},"properties":{"name":"Power infrastructure","category":"generator","osm_type":"node","osm_id":"8316915134"}},{"type":"Feature","geometry":{"type":"Point","coordinates":[-2.66973,53.67851]},"properties":{"name":"Power infrastructure","category":"generator","osm_type":"node","osm_id":"8316915135"}},{"type":"Feature","geometry":{"type":"Point","coordinates":[-2.66992,53.67864]},"properties":{"name":"Power infrastructure","category":"generator","osm_type":"node","osm_id":"8316915136"}},{"type":"Feature","geometry":{"type":"Point","coordinates":[-2.67005,53.67869]},"properties":{"name":"Power infrastructure","category":"generator","osm_type":"node","osm_id":"8316915137"}},{"type":"Feature","geometry":{"type":"Point","coordinates":[-2.67018,53.67878]},"properties":{"name":"Power infrastructure","category":"generator","osm_type":"node","osm_id":"8316915138"}},{"type":"Feature","geometry":{"type":"Point","coordinates":[-2.67027,53.67885]},"properties":{"name":"Power infrastructure","category":"generator","osm_type":"node","osm_id":"8316915139"}},{"type":"Feature","geometry":{"type":"Point","coordinates":[-2.67035,53.67846]},"properties":{"name":"Power infrastructure","category":"generator","osm_type":"node","osm_id":"8316915140"}},{"type":"Feature","geometry":{"type":"Point","coordinates":[-2.67047,53.67853]},"properties":{"name":"Power infrastructure","category":"generator","osm_type":"node","osm_id":"8316915141"}},{"type":"Feature","geometry":{"type":"Point","coordinates":[-2.67059,53.67862]},"properties":{"name":"Power infrastructure","category":"generator","osm_type":"node","osm_id":"8316915142"}},{"type":"Feature","geometry":{"type":"Point","coordinates":[-2.67092,53.67848]},"properties":{"name":"Power infrastructure","category":"generator","osm_type":"node","osm_id":"8316915143"}},{"type":"Feature","geometry":{"type":"Point","coordinates":[-2.67083,53.6784]},"properties":{"name":"Power infrastructure","category":"generator","osm_type":"node","osm_id":"8316915144"}},{"type":"Feature","geometry":{"type":"Point","coordinates":[-2.67073,53.67833]},"properties":{"name":"Power infrastructure","category":"generator","osm_type":"node","osm_id":"8316915145"}},{"type":"Feature","geometry":{"type":"Point","coordinates":[-2.67052,53.67825]},"properties":{"name":"Power infrastructure","category":"generator","osm_type":"node","osm_id":"8316915146"}},{"type":"Feature","geometry":{"type":"Point","coordinates":[-2.67126,53.67851]},"properties":{"name":"Power infrastructure","category":"generator","osm_type":"node","osm_id":"8316915147"}},{"type":"Feature","geometry":{"type":"Point","coordinates":[-2.67018,53.6782]},"properties":{"name":"Power infrastructure","category":"generator","osm_type":"node","osm_id":"8316915279"}},{"type":"Feature","geometry":{"type":"Point","coordinates":[-2.66995,53.67818]},"properties":{"name":"Power infrastructure","category":"generator","osm_type":"node","osm_id":"8316915280"}},{"type":"Feature","geometry":{"type":"Point","coordinates":[-2.66958,53.67812]},"properties":{"name":"Power infrastructure","category":"generator","osm_type":"node","osm_id":"8316915281"}},{"type":"Feature","geometry":{"type":"Point","coordinates":[-2.66936,53.6781]},"properties":{"name":"Power infrastructure","category":"generator","osm_type":"node","osm_id":"8316915282"}},{"type":"Feature","geometry":{"type":"Point","coordinates":[-2.66982,53.67815]},"properties":{"name":"Power infrastructure","category":"generator","osm_type":"node","osm_id":"8316915283"}},{"type":"Feature","geometry":{"type":"Point","coordinates":[-2.66923,53.6781]},"properties":{"name":"Power infrastructure","category":"generator","osm_type":"node","osm_id":"8316915284"}},{"type":"Feature","geometry":{"type":"Point","coordinates":[-2.66893,53.67836]},"properties":{"name":"Power infrastructure","category":"generator","osm_type":"node","osm_id":"8316915285"}},{"type":"Feature","geometry":{"type":"Point","coordinates":[-2.66891,53.67827]},"properties":{"name":"Power infrastructure","category":"generator","osm_type":"node","osm_id":"8316915286"}},{"type":"Feature","geometry":{"type":"Point","coordinates":[-2.66888,53.67817]},"properties":{"name":"Power infrastructure","category":"generator","osm_type":"node","osm_id":"8316915287"}},{"type":"Feature","geometry":{"type":"Point","coordinates":[-2.66882,53.67808]},"properties":{"name":"Power infrastructure","category":"generator","osm_type":"node","osm_id":"8316915288"}},{"type":"Feature","geometry":{"type":"Point","coordinates":[-2.67134,53.67845]},"properties":{"name":"Power infrastructure","category":"generator","osm_type":"node","osm_id":"8316915289"}},{"type":"Feature","geometry":{"type":"Point","coordinates":[-2.67103,53.67822]},"properties":{"name":"Power infrastructure","category":"generator","osm_type":"node","osm_id":"8316915290"}},{"type":"Feature","geometry":{"type":"Point","coordinates":[-2.4269,53.53445]},"properties":{"name":"Power infrastructure","category":"generator","osm_type":"node","osm_id":"8320631542"}},{"type":"Feature","geometry":{"type":"Point","coordinates":[-2.42623,53.53388]},"properties":{"name":"Power infrastructure","category":"generator","osm_type":"node","osm_id":"8320631543"}},{"type":"Feature","geometry":{"type":"Point","coordinates":[-2.42628,53.53361]},"properties":{"name":"Power infrastructure","category":"generator","osm_type":"node","osm_id":"8320631544"}},{"type":"Feature","geometry":{"type":"Point","coordinates":[-2.42383,53.53473]},"properties":{"name":"Power infrastructure","category":"generator","osm_type":"node","osm_id":"8323515864"}},{"type":"Feature","geometry":{"type":"Point","coordinates":[-2.42611,53.53472]},"properties":{"name":"Power infrastructure","category":"generator","osm_type":"node","osm_id":"8323515877"}},{"type":"Feature","geometry":{"type":"Point","coordinates":[-2.42635,53.53482]},"properties":{"name":"Power infrastructure","category":"generator","osm_type":"node","osm_id":"8323515878"}},{"type":"Feature","geometry":{"type":"Point","coordinates":[-2.42672,53.53325]},"properties":{"name":"Power infrastructure","category":"generator","osm_type":"node","osm_id":"8323515879"}},{"type":"Feature","geometry":{"type":"Point","coordinates":[-2.42653,53.53314]},"properties":{"name":"Power infrastructure","category":"generator","osm_type":"node","osm_id":"8323515880"}},{"type":"Feature","geometry":{"type":"Point","coordinates":[-2.42635,53.5331]},"properties":{"name":"Power infrastructure","category":"generator","osm_type":"node","osm_id":"8323515881"}},{"type":"Feature","geometry":{"type":"Point","coordinates":[-2.42601,53.53328]},"properties":{"name":"Power infrastructure","category":"generator","osm_type":"node","osm_id":"8323515882"}},{"type":"Feature","geometry":{"type":"Point","coordinates":[-2.42592,53.53326]},"properties":{"name":"Power infrastructure","category":"generator","osm_type":"node","osm_id":"8323515883"}},{"type":"Feature","geometry":{"type":"Point","coordinates":[-2.42574,53.53321]},"properties":{"name":"Power infrastructure","category":"generator","osm_type":"node","osm_id":"8323515884"}},{"type":"Feature","geometry":{"type":"Point","coordinates":[-2.42523,53.53342]},"properties":{"name":"Power infrastructure","category":"generator","osm_type":"node","osm_id":"8323515885"}},{"type":"Feature","geometry":{"type":"Point","coordinates":[-2.42443,53.5331]},"properties":{"name":"Power infrastructure","category":"generator","osm_type":"node","osm_id":"8323515886"}},{"type":"Feature","geometry":{"type":"Point","coordinates":[-2.4249,53.53358]},"properties":{"name":"Power infrastructure","category":"generator","osm_type":"node","osm_id":"8323515887"}},{"type":"Feature","geometry":{"type":"Point","coordinates":[-2.42481,53.53356]},"properties":{"name":"Power infrastructure","category":"generator","osm_type":"node","osm_id":"8323515888"}},{"type":"Feature","geometry":{"type":"Point","coordinates":[-2.42533,53.53422]},"properties":{"name":"Power infrastructure","category":"generator","osm_type":"node","osm_id":"8323515889"}},{"type":"Feature","geometry":{"type":"Point","coordinates":[-2.42651,53.53231]},"properties":{"name":"Power infrastructure","category":"generator","osm_type":"node","osm_id":"8323515938"}},{"type":"Feature","geometry":{"type":"Point","coordinates":[-2.42535,53.53269]},"properties":{"name":"Power infrastructure","category":"generator","osm_type":"node","osm_id":"8323515939"}},{"type":"Feature","geometry":{"type":"Point","coordinates":[-2.66298,53.6812]},"properties":{"name":"Power infrastructure","category":"generator","osm_type":"node","osm_id":"8327420928"}},{"type":"Feature","geometry":{"type":"Point","coordinates":[-2.66216,53.68297]},"properties":{"name":"Power infrastructure","category":"generator","osm_type":"node","osm_id":"8327425403"}},{"type":"Feature","geometry":{"type":"Point","coordinates":[-2.66223,53.68292]},"properties":{"name":"Power infrastructure","category":"generator","osm_type":"node","osm_id":"8327425404"}},{"type":"Feature","geometry":{"type":"Point","coordinates":[-2.66319,53.68306]},"properties":{"name":"Power infrastructure","category":"generator","osm_type":"node","osm_id":"8327442169"}},{"type":"Feature","geometry":{"type":"Point","coordinates":[-2.72582,53.99461]},"properties":{"name":"Power infrastructure","category":"generator","osm_type":"node","osm_id":"8331187274"}},{"type":"Feature","geometry":{"type":"Point","coordinates":[-2.65792,53.62789]},"properties":{"name":"Power infrastructure","category":"generator","osm_type":"node","osm_id":"8331374264"}},{"type":"Feature","geometry":{"type":"Point","coordinates":[-2.65856,53.62815]},"properties":{"name":"Power infrastructure","category":"generator","osm_type":"node","osm_id":"8334157888"}},{"type":"Feature","geometry":{"type":"Point","coordinates":[-2.66064,53.62792]},"properties":{"name":"Power infrastructure","category":"generator","osm_type":"node","osm_id":"8334186337"}},{"type":"Feature","geometry":{"type":"Point","coordinates":[-2.66071,53.62792]},"properties":{"name":"Power infrastructure","category":"generator","osm_type":"node","osm_id":"8334186338"}},{"type":"Feature","geometry":{"type":"Point","coordinates":[-2.66005,53.63116]},"properties":{"name":"Power infrastructure","category":"generator","osm_type":"node","osm_id":"8338590595"}},{"type":"Feature","geometry":{"type":"Point","coordinates":[-2.65998,53.63142]},"properties":{"name":"Power infrastructure","category":"generator","osm_type":"node","osm_id":"8338885966"}},{"type":"Feature","geometry":{"type":"Point","coordinates":[-2.65701,53.62983]},"properties":{"name":"Power infrastructure","category":"generator","osm_type":"node","osm_id":"8339058151"}},{"type":"Feature","geometry":{"type":"Point","coordinates":[-2.41848,53.81783]},"properties":{"name":"Power infrastructure","category":"generator","osm_type":"node","osm_id":"8340184704"}},{"type":"Feature","geometry":{"type":"Point","coordinates":[-2.4196,53.82944]},"properties":{"name":"Power infrastructure","category":"generator","osm_type":"node","osm_id":"8340184755"}},{"type":"Feature","geometry":{"type":"Point","coordinates":[-2.66141,53.62489]},"properties":{"name":"Power infrastructure","category":"generator","osm_type":"node","osm_id":"8340227167"}},{"type":"Feature","geometry":{"type":"Point","coordinates":[-2.66062,53.62358]},"properties":{"name":"Power infrastructure","category":"generator","osm_type":"node","osm_id":"8341605959"}},{"type":"Feature","geometry":{"type":"Point","coordinates":[-2.66058,53.62358]},"properties":{"name":"Power infrastructure","category":"generator","osm_type":"node","osm_id":"8341605960"}},{"type":"Feature","geometry":{"type":"Point","coordinates":[-2.43305,53.53052]},"properties":{"name":"Power infrastructure","category":"generator","osm_type":"node","osm_id":"8341991532"}},{"type":"Feature","geometry":{"type":"Point","coordinates":[-2.43219,53.53051]},"properties":{"name":"Power infrastructure","category":"generator","osm_type":"node","osm_id":"8341991625"}}]}