{"type":"FeatureCollection","features":[{"type":"Feature","geometry":{"type":"Point","coordinates":[-2.8726,53.41699]},"properties":{"name":"Power infrastructure","category":"generator","osm_type":"node","osm_id":"6698007308"}},{"type":"Feature","geometry":{"type":"Point","coordinates":[-2.87275,53.41693]},"properties":{"name":"Power infrastructure","category":"generator","osm_type":"node","osm_id":"6698007309"}},{"type":"Feature","geometry":{"type":"Point","coordinates":[-2.87282,53.4169]},"properties":{"name":"Power infrastructure","category":"generator","osm_type":"node","osm_id":"6698007310"}},{"type":"Feature","geometry":{"type":"Point","coordinates":[-2.87111,53.41729]},"properties":{"name":"Power infrastructure","category":"generator","osm_type":"node","osm_id":"6698007311"}},{"type":"Feature","geometry":{"type":"Point","coordinates":[-2.87102,53.41727]},"properties":{"name":"Power infrastructure","category":"generator","osm_type":"node","osm_id":"6698007312"}},{"type":"Feature","geometry":{"type":"Point","coordinates":[-2.87127,53.41731]},"properties":{"name":"Power infrastructure","category":"generator","osm_type":"node","osm_id":"6698007313"}},{"type":"Feature","geometry":{"type":"Point","coordinates":[-2.87056,53.41744]},"properties":{"name":"Power infrastructure","category":"generator","osm_type":"node","osm_id":"6698007314"}},{"type":"Feature","geometry":{"type":"Point","coordinates":[-2.87063,53.41746]},"properties":{"name":"Power infrastructure","category":"generator","osm_type":"node","osm_id":"6698007315"}},{"type":"Feature","geometry":{"type":"Point","coordinates":[-2.8711,53.41754]},"properties":{"name":"Power infrastructure","category":"generator","osm_type":"node","osm_id":"6698007316"}},{"type":"Feature","geometry":{"type":"Point","coordinates":[-2.87027,53.41737]},"properties":{"name":"Power infrastructure","category":"generator","osm_type":"node","osm_id":"6698007317"}},{"type":"Feature","geometry":{"type":"Point","coordinates":[-2.87002,53.41731]},"properties":{"name":"Power infrastructure","category":"generator","osm_type":"node","osm_id":"6698007318"}},{"type":"Feature","geometry":{"type":"Point","coordinates":[-2.86942,53.41744]},"properties":{"name":"Power infrastructure","category":"generator","osm_type":"node","osm_id":"6698007319"}},{"type":"Feature","geometry":{"type":"Point","coordinates":[-2.86947,53.41746]},"properties":{"name":"Power infrastructure","category":"generator","osm_type":"node","osm_id":"6698007320"}},{"type":"Feature","geometry":{"type":"Point","coordinates":[-2.8702,53.41705]},"properties":{"name":"Power infrastructure","category":"generator","osm_type":"node","osm_id":"6698007321"}},{"type":"Feature","geometry":{"type":"Point","coordinates":[-2.86904,53.41671]},"properties":{"name":"Power infrastructure","category":"generator","osm_type":"node","osm_id":"6698007322"}},{"type":"Feature","geometry":{"type":"Point","coordinates":[-2.86896,53.41668]},"properties":{"name":"Power infrastructure","category":"generator","osm_type":"node","osm_id":"6698007323"}},{"type":"Feature","geometry":{"type":"Point","coordinates":[-2.86878,53.41663]},"properties":{"name":"Power infrastructure","category":"generator","osm_type":"node","osm_id":"6698007324"}},{"type":"Feature","geometry":{"type":"Point","coordinates":[-2.86829,53.41688]},"properties":{"name":"Power infrastructure","category":"generator","osm_type":"node","osm_id":"6698007325"}},{"type":"Feature","geometry":{"type":"Point","coordinates":[-2.86796,53.41709]},"properties":{"name":"Power infrastructure","category":"generator","osm_type":"node","osm_id":"6698007326"}},{"type":"Feature","geometry":{"type":"Point","coordinates":[-2.87038,53.41769]},"properties":{"name":"Power infrastructure","category":"generator","osm_type":"node","osm_id":"6698007327"}},{"type":"Feature","geometry":{"type":"Point","coordinates":[-2.87057,53.41821]},"properties":{"name":"Power infrastructure","category":"generator","osm_type":"node","osm_id":"6698007328"}},{"type":"Feature","geometry":{"type":"Point","coordinates":[-2.87042,53.41889]},"properties":{"name":"Power infrastructure","category":"generator","osm_type":"node","osm_id":"6698007329"}},{"type":"Feature","geometry":{"type":"Point","coordinates":[-2.86986,53.41947]},"properties":{"name":"Power infrastructure","category":"generator","osm_type":"node","osm_id":"6698007330"}},{"type":"Feature","geometry":{"type":"Point","coordinates":[-2.87041,53.41955]},"properties":{"name":"Power infrastructure","category":"generator","osm_type":"node","osm_id":"6698007331"}},{"type":"Feature","geometry":{"type":"Point","coordinates":[-2.87048,53.41957]},"properties":{"name":"Power infrastructure","category":"generator","osm_type":"node","osm_id":"6698007332"}},{"type":"Feature","geometry":{"type":"Point","coordinates":[-2.87056,53.41957]},"properties":{"name":"Power infrastructure","category":"generator","osm_type":"node","osm_id":"6698007333"}},{"type":"Feature","geometry":{"type":"Point","coordinates":[-2.87135,53.41959]},"properties":{"name":"Power infrastructure","category":"generator","osm_type":"node","osm_id":"6698007334"}},{"type":"Feature","geometry":{"type":"Point","coordinates":[-2.87154,53.41958]},"properties":{"name":"Power infrastructure","category":"generator","osm_type":"node","osm_id":"6698007335"}},{"type":"Feature","geometry":{"type":"Point","coordinates":[-2.87165,53.4196]},"properties":{"name":"Power infrastructure","category":"generator","osm_type":"node","osm_id":"6698007336"}},{"type":"Feature","geometry":{"type":"Point","coordinates":[-2.87225,53.41959]},"properties":{"name":"Power infrastructure","category":"generator","osm_type":"node","osm_id":"6698007337"}},{"type":"Feature","geometry":{"type":"Point","coordinates":[-2.87312,53.41953]},"properties":{"name":"Power infrastructure","category":"generator","osm_type":"node","osm_id":"6698007338"}},{"type":"Feature","geometry":{"type":"Point","coordinates":[-2.87304,53.41954]},"properties":{"name":"Power infrastructure","category":"generator","osm_type":"node","osm_id":"6698007339"}},{"type":"Feature","geometry":{"type":"Point","coordinates":[-2.87349,53.41948]},"properties":{"name":"Power infrastructure","category":"generator","osm_type":"node","osm_id":"6698007340"}},{"type":"Feature","geometry":{"type":"Point","coordinates":[-2.8736,53.41975]},"properties":{"name":"Power infrastructure","category":"generator","osm_type":"node","osm_id":"6698007341"}},{"type":"Feature","geometry":{"type":"Point","coordinates":[-2.87351,53.41975]},"properties":{"name":"Power infrastructure","category":"generator","osm_type":"node","osm_id":"6698007342"}},{"type":"Feature","geometry":{"type":"Point","coordinates":[-2.87308,53.4198]},"properties":{"name":"Power infrastructure","category":"generator","osm_type":"node","osm_id":"6698007343"}},{"type":"Feature","geometry":{"type":"Point","coordinates":[-2.87237,53.41983]},"properties":{"name":"Power infrastructure","category":"generator","osm_type":"node","osm_id":"6698007344"}},{"type":"Feature","geometry":{"type":"Point","coordinates":[-2.87153,53.41987]},"properties":{"name":"Power infrastructure","category":"generator","osm_type":"node","osm_id":"6698007345"}},{"type":"Feature","geometry":{"type":"Point","coordinates":[-2.87104,53.42012]},"properties":{"name":"Power infrastructure","category":"generator","osm_type":"node","osm_id":"6698007346"}},{"type":"Feature","geometry":{"type":"Point","coordinates":[-2.87094,53.41986]},"properties":{"name":"Power infrastructure","category":"generator","osm_type":"node","osm_id":"6698007347"}},{"type":"Feature","geometry":{"type":"Point","coordinates":[-2.87044,53.41982]},"properties":{"name":"Power infrastructure","category":"generator","osm_type":"node","osm_id":"6698007348"}},{"type":"Feature","geometry":{"type":"Point","coordinates":[-2.87034,53.41982]},"properties":{"name":"Power infrastructure","category":"generator","osm_type":"node","osm_id":"6698007349"}},{"type":"Feature","geometry":{"type":"Point","coordinates":[-2.86984,53.41975]},"properties":{"name":"Power infrastructure","category":"generator","osm_type":"node","osm_id":"6698007350"}},{"type":"Feature","geometry":{"type":"Point","coordinates":[-2.87237,53.42012]},"properties":{"name":"Power infrastructure","category":"generator","osm_type":"node","osm_id":"6698007351"}},{"type":"Feature","geometry":{"type":"Point","coordinates":[-2.86855,53.41962]},"properties":{"name":"Power infrastructure","category":"generator","osm_type":"node","osm_id":"6698007352"}},{"type":"Feature","geometry":{"type":"Point","coordinates":[-2.86846,53.41957]},"properties":{"name":"Power infrastructure","category":"generator","osm_type":"node","osm_id":"6698007353"}},{"type":"Feature","geometry":{"type":"Point","coordinates":[-2.86872,53.41932]},"properties":{"name":"Power infrastructure","category":"generator","osm_type":"node","osm_id":"6698007354"}},{"type":"Feature","geometry":{"type":"Point","coordinates":[-2.86903,53.41913]},"properties":{"name":"Power infrastructure","category":"generator","osm_type":"node","osm_id":"6698007355"}},{"type":"Feature","geometry":{"type":"Point","coordinates":[-2.8691,53.41918]},"properties":{"name":"Power infrastructure","category":"generator","osm_type":"node","osm_id":"6698007356"}},{"type":"Feature","geometry":{"type":"Point","coordinates":[-2.87014,53.41917]},"properties":{"name":"Power infrastructure","category":"generator","osm_type":"node","osm_id":"6698007357"}},{"type":"Feature","geometry":{"type":"Point","coordinates":[-2.86828,53.41992]},"properties":{"name":"Power infrastructure","category":"generator","osm_type":"node","osm_id":"6698007358"}},{"type":"Feature","geometry":{"type":"Point","coordinates":[-2.86814,53.42025]},"properties":{"name":"Power infrastructure","category":"generator","osm_type":"node","osm_id":"6698007359"}},{"type":"Feature","geometry":{"type":"Point","coordinates":[-2.86802,53.42026]},"properties":{"name":"Power infrastructure","category":"generator","osm_type":"node","osm_id":"6698007360"}},{"type":"Feature","geometry":{"type":"Point","coordinates":[-2.86743,53.41942]},"properties":{"name":"Power infrastructure","category":"generator","osm_type":"node","osm_id":"6698007361"}},{"type":"Feature","geometry":{"type":"Point","coordinates":[-2.86736,53.41938]},"properties":{"name":"Power infrastructure","category":"generator","osm_type":"node","osm_id":"6698007362"}},{"type":"Feature","geometry":{"type":"Point","coordinates":[-2.86724,53.4193]},"properties":{"name":"Power infrastructure","category":"generator","osm_type":"node","osm_id":"6698007363"}},{"type":"Feature","geometry":{"type":"Point","coordinates":[-2.86788,53.41967]},"properties":{"name":"Power infrastructure","category":"generator","osm_type":"node","osm_id":"6698007364"}},{"type":"Feature","geometry":{"type":"Point","coordinates":[-2.86789,53.41917]},"properties":{"name":"Power infrastructure","category":"generator","osm_type":"node","osm_id":"6698007365"}},{"type":"Feature","geometry":{"type":"Point","coordinates":[-2.86687,53.41903]},"properties":{"name":"Power infrastructure","category":"generator","osm_type":"node","osm_id":"6698007366"}},{"type":"Feature","geometry":{"type":"Point","coordinates":[-2.86707,53.41915]},"properties":{"name":"Power infrastructure","category":"generator","osm_type":"node","osm_id":"6698007367"}},{"type":"Feature","geometry":{"type":"Point","coordinates":[-2.86673,53.41894]},"properties":{"name":"Power infrastructure","category":"generator","osm_type":"node","osm_id":"6698007368"}},{"type":"Feature","geometry":{"type":"Point","coordinates":[-2.86666,53.41892]},"properties":{"name":"Power infrastructure","category":"generator","osm_type":"node","osm_id":"6698007369"}},{"type":"Feature","geometry":{"type":"Point","coordinates":[-2.86671,53.41846]},"properties":{"name":"Power infrastructure","category":"generator","osm_type":"node","osm_id":"6698007370"}},{"type":"Feature","geometry":{"type":"Point","coordinates":[-2.86677,53.4185]},"properties":{"name":"Power infrastructure","category":"generator","osm_type":"node","osm_id":"6698007371"}},{"type":"Feature","geometry":{"type":"Point","coordinates":[-2.86684,53.41855]},"properties":{"name":"Power infrastructure","category":"generator","osm_type":"node","osm_id":"6698007372"}},{"type":"Feature","geometry":{"type":"Point","coordinates":[-2.8669,53.41859]},"properties":{"name":"Power infrastructure","category":"generator","osm_type":"node","osm_id":"6698007373"}},{"type":"Feature","geometry":{"type":"Point","coordinates":[-2.86697,53.41863]},"properties":{"name":"Power infrastructure","category":"generator","osm_type":"node","osm_id":"6698007374"}},{"type":"Feature","geometry":{"type":"Point","coordinates":[-2.86705,53.4187]},"properties":{"name":"Power infrastructure","category":"generator","osm_type":"node","osm_id":"6698007375"}},{"type":"Feature","geometry":{"type":"Point","coordinates":[-2.86712,53.41823]},"properties":{"name":"Power infrastructure","category":"generator","osm_type":"node","osm_id":"6698007376"}},{"type":"Feature","geometry":{"type":"Point","coordinates":[-2.86729,53.41797]},"properties":{"name":"Power infrastructure","category":"generator","osm_type":"node","osm_id":"6698007377"}},{"type":"Feature","geometry":{"type":"Point","coordinates":[-2.86645,53.41744]},"properties":{"name":"Power infrastructure","category":"generator","osm_type":"node","osm_id":"6698007378"}},{"type":"Feature","geometry":{"type":"Point","coordinates":[-2.86652,53.41742]},"properties":{"name":"Power infrastructure","category":"generator","osm_type":"node","osm_id":"6698007379"}},{"type":"Feature","geometry":{"type":"Point","coordinates":[-2.86089,53.42043]},"properties":{"name":"Power infrastructure","category":"generator","osm_type":"node","osm_id":"6698007380"}},{"type":"Feature","geometry":{"type":"Point","coordinates":[-2.8607,53.42042]},"properties":{"name":"Power infrastructure","category":"generator","osm_type":"node","osm_id":"6698007381"}},{"type":"Feature","geometry":{"type":"Point","coordinates":[-2.86063,53.42043]},"properties":{"name":"Power infrastructure","category":"generator","osm_type":"node","osm_id":"6698007382"}},{"type":"Feature","geometry":{"type":"Point","coordinates":[-2.86054,53.42043]},"properties":{"name":"Power infrastructure","category":"generator","osm_type":"node","osm_id":"6698007383"}},{"type":"Feature","geometry":{"type":"Point","coordinates":[-2.86054,53.42068]},"properties":{"name":"Power infrastructure","category":"generator","osm_type":"node","osm_id":"6698007384"}},{"type":"Feature","geometry":{"type":"Point","coordinates":[-2.86018,53.42067]},"properties":{"name":"Power infrastructure","category":"generator","osm_type":"node","osm_id":"6698007385"}},{"type":"Feature","geometry":{"type":"Point","coordinates":[-2.86007,53.42067]},"properties":{"name":"Power infrastructure","category":"generator","osm_type":"node","osm_id":"6698007386"}},{"type":"Feature","geometry":{"type":"Point","coordinates":[-2.86021,53.42042]},"properties":{"name":"Power infrastructure","category":"generator","osm_type":"node","osm_id":"6698007387"}},{"type":"Feature","geometry":{"type":"Point","coordinates":[-2.86012,53.42042]},"properties":{"name":"Power infrastructure","category":"generator","osm_type":"node","osm_id":"6698007388"}},{"type":"Feature","geometry":{"type":"Point","coordinates":[-2.86003,53.42042]},"properties":{"name":"Power infrastructure","category":"generator","osm_type":"node","osm_id":"6698007389"}},{"type":"Feature","geometry":{"type":"Point","coordinates":[-2.86028,53.42121]},"properties":{"name":"Power infrastructure","category":"generator","osm_type":"node","osm_id":"6698007390"}},{"type":"Feature","geometry":{"type":"Point","coordinates":[-2.86021,53.42122]},"properties":{"name":"Power infrastructure","category":"generator","osm_type":"node","osm_id":"6698007391"}},{"type":"Feature","geometry":{"type":"Point","coordinates":[-2.86007,53.42121]},"properties":{"name":"Power infrastructure","category":"generator","osm_type":"node","osm_id":"6698007392"}},{"type":"Feature","geometry":{"type":"Point","coordinates":[-2.85998,53.42121]},"properties":{"name":"Power infrastructure","category":"generator","osm_type":"node","osm_id":"6698007393"}},{"type":"Feature","geometry":{"type":"Point","coordinates":[-2.85987,53.4212]},"properties":{"name":"Power infrastructure","category":"generator","osm_type":"node","osm_id":"6698007394"}},{"type":"Feature","geometry":{"type":"Point","coordinates":[-2.85974,53.42121]},"properties":{"name":"Power infrastructure","category":"generator","osm_type":"node","osm_id":"6698007395"}},{"type":"Feature","geometry":{"type":"Point","coordinates":[-2.86034,53.42094]},"properties":{"name":"Power infrastructure","category":"generator","osm_type":"node","osm_id":"6698007396"}},{"type":"Feature","geometry":{"type":"Point","coordinates":[-2.86025,53.42093]},"properties":{"name":"Power infrastructure","category":"generator","osm_type":"node","osm_id":"6698007397"}},{"type":"Feature","geometry":{"type":"Point","coordinates":[-2.8601,53.42092]},"properties":{"name":"Power infrastructure","category":"generator","osm_type":"node","osm_id":"6698007398"}},{"type":"Feature","geometry":{"type":"Point","coordinates":[-2.86002,53.42092]},"properties":{"name":"Power infrastructure","category":"generator","osm_type":"node","osm_id":"6698007399"}},{"type":"Feature","geometry":{"type":"Point","coordinates":[-2.85986,53.42093]},"properties":{"name":"Power infrastructure","category":"generator","osm_type":"node","osm_id":"6698007400"}},{"type":"Feature","geometry":{"type":"Point","coordinates":[-2.85979,53.42092]},"properties":{"name":"Power infrastructure","category":"generator","osm_type":"node","osm_id":"6698007401"}},{"type":"Feature","geometry":{"type":"Point","coordinates":[-2.85941,53.42091]},"properties":{"name":"Power infrastructure","category":"generator","osm_type":"node","osm_id":"6698007402"}},{"type":"Feature","geometry":{"type":"Point","coordinates":[-2.85933,53.42091]},"properties":{"name":"Power infrastructure","category":"generator","osm_type":"node","osm_id":"6698007403"}},{"type":"Feature","geometry":{"type":"Point","coordinates":[-2.85918,53.4209]},"properties":{"name":"Power infrastructure","category":"generator","osm_type":"node","osm_id":"6698007404"}},{"type":"Feature","geometry":{"type":"Point","coordinates":[-2.85908,53.42089]},"properties":{"name":"Power infrastructure","category":"generator","osm_type":"node","osm_id":"6698007405"}},{"type":"Feature","geometry":{"type":"Point","coordinates":[-2.85888,53.421]},"properties":{"name":"Power infrastructure","category":"generator","osm_type":"node","osm_id":"6698007406"}},{"type":"Feature","geometry":{"type":"Point","coordinates":[-2.85889,53.42104]},"properties":{"name":"Power infrastructure","category":"generator","osm_type":"node","osm_id":"6698007407"}},{"type":"Feature","geometry":{"type":"Point","coordinates":[-2.85889,53.4211]},"properties":{"name":"Power infrastructure","category":"generator","osm_type":"node","osm_id":"6698007408"}},{"type":"Feature","geometry":{"type":"Point","coordinates":[-2.85915,53.42118]},"properties":{"name":"Power infrastructure","category":"generator","osm_type":"node","osm_id":"6698007409"}},{"type":"Feature","geometry":{"type":"Point","coordinates":[-2.85906,53.42119]},"properties":{"name":"Power infrastructure","category":"generator","osm_type":"node","osm_id":"6698007410"}},{"type":"Feature","geometry":{"type":"Point","coordinates":[-2.85928,53.42118]},"properties":{"name":"Power infrastructure","category":"generator","osm_type":"node","osm_id":"6698007411"}},{"type":"Feature","geometry":{"type":"Point","coordinates":[-2.85939,53.42118]},"properties":{"name":"Power infrastructure","category":"generator","osm_type":"node","osm_id":"6698007412"}},{"type":"Feature","geometry":{"type":"Point","coordinates":[-2.85951,53.4212]},"properties":{"name":"Power infrastructure","category":"generator","osm_type":"node","osm_id":"6698007413"}},{"type":"Feature","geometry":{"type":"Point","coordinates":[-2.85962,53.4212]},"properties":{"name":"Power infrastructure","category":"generator","osm_type":"node","osm_id":"6698007414"}},{"type":"Feature","geometry":{"type":"Point","coordinates":[-2.85852,53.42088]},"properties":{"name":"Power infrastructure","category":"generator","osm_type":"node","osm_id":"6698007415"}},{"type":"Feature","geometry":{"type":"Point","coordinates":[-2.85839,53.42088]},"properties":{"name":"Power infrastructure","category":"generator","osm_type":"node","osm_id":"6698007416"}},{"type":"Feature","geometry":{"type":"Point","coordinates":[-2.85909,53.42065]},"properties":{"name":"Power infrastructure","category":"generator","osm_type":"node","osm_id":"6698007417"}},{"type":"Feature","geometry":{"type":"Point","coordinates":[-2.85848,53.42132]},"properties":{"name":"Power infrastructure","category":"generator","osm_type":"node","osm_id":"6698007418"}},{"type":"Feature","geometry":{"type":"Point","coordinates":[-2.8576,53.4211]},"properties":{"name":"Power infrastructure","category":"generator","osm_type":"node","osm_id":"6698007419"}},{"type":"Feature","geometry":{"type":"Point","coordinates":[-2.85909,53.42039]},"properties":{"name":"Power infrastructure","category":"generator","osm_type":"node","osm_id":"6698007420"}},{"type":"Feature","geometry":{"type":"Point","coordinates":[-2.859,53.42039]},"properties":{"name":"Power infrastructure","category":"generator","osm_type":"node","osm_id":"6698007421"}},{"type":"Feature","geometry":{"type":"Point","coordinates":[-2.85854,53.42036]},"properties":{"name":"Power infrastructure","category":"generator","osm_type":"node","osm_id":"6698007422"}},{"type":"Feature","geometry":{"type":"Point","coordinates":[-2.85847,53.42036]},"properties":{"name":"Power infrastructure","category":"generator","osm_type":"node","osm_id":"6698007423"}},{"type":"Feature","geometry":{"type":"Point","coordinates":[-2.85811,53.42034]},"properties":{"name":"Power infrastructure","category":"generator","osm_type":"node","osm_id":"6698007424"}},{"type":"Feature","geometry":{"type":"Point","coordinates":[-2.85723,53.42056]},"properties":{"name":"Power infrastructure","category":"generator","osm_type":"node","osm_id":"6698007425"}},{"type":"Feature","geometry":{"type":"Point","coordinates":[-2.85711,53.42056]},"properties":{"name":"Power infrastructure","category":"generator","osm_type":"node","osm_id":"6698007426"}},{"type":"Feature","geometry":{"type":"Point","coordinates":[-2.8569,53.42055]},"properties":{"name":"Power infrastructure","category":"generator","osm_type":"node","osm_id":"6698007427"}},{"type":"Feature","geometry":{"type":"Point","coordinates":[-2.85721,53.42097]},"properties":{"name":"Power infrastructure","category":"generator","osm_type":"node","osm_id":"6698007428"}},{"type":"Feature","geometry":{"type":"Point","coordinates":[-2.85659,53.42076]},"properties":{"name":"Power infrastructure","category":"generator","osm_type":"node","osm_id":"6698007429"}},{"type":"Feature","geometry":{"type":"Point","coordinates":[-2.85725,53.42031]},"properties":{"name":"Power infrastructure","category":"generator","osm_type":"node","osm_id":"6698007430"}},{"type":"Feature","geometry":{"type":"Point","coordinates":[-2.8558,53.42029]},"properties":{"name":"Power infrastructure","category":"generator","osm_type":"node","osm_id":"6698007431"}},{"type":"Feature","geometry":{"type":"Point","coordinates":[-2.85501,53.42025]},"properties":{"name":"Power infrastructure","category":"generator","osm_type":"node","osm_id":"6698007432"}},{"type":"Feature","geometry":{"type":"Point","coordinates":[-2.85372,53.41952]},"properties":{"name":"Power infrastructure","category":"generator","osm_type":"node","osm_id":"6698007433"}},{"type":"Feature","geometry":{"type":"Point","coordinates":[-2.85404,53.41981]},"properties":{"name":"Power infrastructure","category":"generator","osm_type":"node","osm_id":"6698007434"}},{"type":"Feature","geometry":{"type":"Point","coordinates":[-2.85374,53.41978]},"properties":{"name":"Power infrastructure","category":"generator","osm_type":"node","osm_id":"6698007435"}},{"type":"Feature","geometry":{"type":"Point","coordinates":[-2.85364,53.41977]},"properties":{"name":"Power infrastructure","category":"generator","osm_type":"node","osm_id":"6698007436"}},{"type":"Feature","geometry":{"type":"Point","coordinates":[-2.86262,53.41816]},"properties":{"name":"Power infrastructure","category":"generator","osm_type":"node","osm_id":"6698007437"}},{"type":"Feature","geometry":{"type":"Point","coordinates":[-2.86788,53.42312]},"properties":{"name":"Power infrastructure","category":"generator","osm_type":"node","osm_id":"6698026685"}},{"type":"Feature","geometry":{"type":"Point","coordinates":[-2.86708,53.42129]},"properties":{"name":"Power infrastructure","category":"generator","osm_type":"node","osm_id":"6698026686"}},{"type":"Feature","geometry":{"type":"Point","coordinates":[-2.8662,53.4215]},"properties":{"name":"Power infrastructure","category":"generator","osm_type":"node","osm_id":"6698026687"}},{"type":"Feature","geometry":{"type":"Point","coordinates":[-2.86586,53.42173]},"properties":{"name":"Power infrastructure","category":"generator","osm_type":"node","osm_id":"6698026688"}},{"type":"Feature","geometry":{"type":"Point","coordinates":[-2.86983,53.4226]},"properties":{"name":"Power infrastructure","category":"generator","osm_type":"node","osm_id":"6698026689"}},{"type":"Feature","geometry":{"type":"Point","coordinates":[-2.86991,53.4226]},"properties":{"name":"Power infrastructure","category":"generator","osm_type":"node","osm_id":"6698026690"}},{"type":"Feature","geometry":{"type":"Point","coordinates":[-2.86788,53.42344]},"properties":{"name":"Power infrastructure","category":"generator","osm_type":"node","osm_id":"6698026691"}},{"type":"Feature","geometry":{"type":"Point","coordinates":[-2.86794,53.42344]},"properties":{"name":"Power infrastructure","category":"generator","osm_type":"node","osm_id":"6698026692"}},{"type":"Feature","geometry":{"type":"Point","coordinates":[-2.8679,53.42584]},"properties":{"name":"Power infrastructure","category":"generator","osm_type":"node","osm_id":"6698026693"}},{"type":"Feature","geometry":{"type":"Point","coordinates":[-2.86994,53.42657]},"properties":{"name":"Power infrastructure","category":"generator","osm_type":"node","osm_id":"6698026694"}},{"type":"Feature","geometry":{"type":"Point","coordinates":[-2.87143,53.42697]},"properties":{"name":"Power infrastructure","category":"generator","osm_type":"node","osm_id":"6698026695"}},{"type":"Feature","geometry":{"type":"Point","coordinates":[-2.87129,53.42755]},"properties":{"name":"Power infrastructure","category":"generator","osm_type":"node","osm_id":"6698026696"}},{"type":"Feature","geometry":{"type":"Point","coordinates":[-2.8712,53.42755]},"properties":{"name":"Power infrastructure","category":"generator","osm_type":"node","osm_id":"6698026697"}},{"type":"Feature","geometry":{"type":"Point","coordinates":[-2.87111,53.42756]},"properties":{"name":"Power infrastructure","category":"generator","osm_type":"node","osm_id":"6698026698"}},{"type":"Feature","geometry":{"type":"Point","coordinates":[-2.87129,53.42842]},"properties":{"name":"Power infrastructure","category":"generator","osm_type":"node","osm_id":"6698026699"}},{"type":"Feature","geometry":{"type":"Point","coordinates":[-2.87142,53.4285]},"properties":{"name":"Power infrastructure","category":"generator","osm_type":"node","osm_id":"6698026700"}},{"type":"Feature","geometry":{"type":"Point","coordinates":[-2.87156,53.42858]},"properties":{"name":"Power infrastructure","category":"generator","osm_type":"node","osm_id":"6698026701"}},{"type":"Feature","geometry":{"type":"Point","coordinates":[-2.87194,53.42879]},"properties":{"name":"Power infrastructure","category":"generator","osm_type":"node","osm_id":"6698026702"}},{"type":"Feature","geometry":{"type":"Point","coordinates":[-2.87269,53.42922]},"properties":{"name":"Power infrastructure","category":"generator","osm_type":"node","osm_id":"6698026703"}},{"type":"Feature","geometry":{"type":"Point","coordinates":[-2.87258,53.43066]},"properties":{"name":"Power infrastructure","category":"generator","osm_type":"node","osm_id":"6698026704"}},{"type":"Feature","geometry":{"type":"Point","coordinates":[-2.87252,53.43063]},"properties":{"name":"Power infrastructure","category":"generator","osm_type":"node","osm_id":"6698026705"}},{"type":"Feature","geometry":{"type":"Point","coordinates":[-2.8717,53.43016]},"properties":{"name":"Power infrastructure","category":"generator","osm_type":"node","osm_id":"6698026706"}},{"type":"Feature","geometry":{"type":"Point","coordinates":[-2.87164,53.43013]},"properties":{"name":"Power infrastructure","category":"generator","osm_type":"node","osm_id":"6698026707"}},{"type":"Feature","geometry":{"type":"Point","coordinates":[-2.87155,53.43007]},"properties":{"name":"Power infrastructure","category":"generator","osm_type":"node","osm_id":"6698026708"}},{"type":"Feature","geometry":{"type":"Point","coordinates":[-2.87122,53.42983]},"properties":{"name":"Power infrastructure","category":"generator","osm_type":"node","osm_id":"6698026709"}},{"type":"Feature","geometry":{"type":"Point","coordinates":[-2.87107,53.43052]},"properties":{"name":"Power infrastructure","category":"generator","osm_type":"node","osm_id":"6698026710"}},{"type":"Feature","geometry":{"type":"Point","coordinates":[-2.87021,53.43078]},"properties":{"name":"Power infrastructure","category":"generator","osm_type":"node","osm_id":"6698026711"}},{"type":"Feature","geometry":{"type":"Point","coordinates":[-2.87027,53.43081]},"properties":{"name":"Power infrastructure","category":"generator","osm_type":"node","osm_id":"6698026712"}},{"type":"Feature","geometry":{"type":"Point","coordinates":[-2.8704,53.43088]},"properties":{"name":"Power infrastructure","category":"generator","osm_type":"node","osm_id":"6698026713"}},{"type":"Feature","geometry":{"type":"Point","coordinates":[-2.87063,53.43099]},"properties":{"name":"Power infrastructure","category":"generator","osm_type":"node","osm_id":"6698026714"}},{"type":"Feature","geometry":{"type":"Point","coordinates":[-2.87125,53.43111]},"properties":{"name":"Power infrastructure","category":"generator","osm_type":"node","osm_id":"6698026715"}},{"type":"Feature","geometry":{"type":"Point","coordinates":[-2.87119,53.4311]},"properties":{"name":"Power infrastructure","category":"generator","osm_type":"node","osm_id":"6698026716"}},{"type":"Feature","geometry":{"type":"Point","coordinates":[-2.87071,53.43102]},"properties":{"name":"Power infrastructure","category":"generator","osm_type":"node","osm_id":"6698026717"}},{"type":"Feature","geometry":{"type":"Point","coordinates":[-2.87066,53.4313]},"properties":{"name":"Power infrastructure","category":"generator","osm_type":"node","osm_id":"6698026718"}},{"type":"Feature","geometry":{"type":"Point","coordinates":[-2.87076,53.43132]},"properties":{"name":"Power infrastructure","category":"generator","osm_type":"node","osm_id":"6698026719"}},{"type":"Feature","geometry":{"type":"Point","coordinates":[-2.87022,53.43149]},"properties":{"name":"Power infrastructure","category":"generator","osm_type":"node","osm_id":"6698026720"}},{"type":"Feature","geometry":{"type":"Point","coordinates":[-2.87223,53.43101]},"properties":{"name":"Power infrastructure","category":"generator","osm_type":"node","osm_id":"6698026721"}},{"type":"Feature","geometry":{"type":"Point","coordinates":[-2.86936,53.43143]},"properties":{"name":"Power infrastructure","category":"generator","osm_type":"node","osm_id":"6698026722"}},{"type":"Feature","geometry":{"type":"Point","coordinates":[-2.86966,53.43138]},"properties":{"name":"Power infrastructure","category":"generator","osm_type":"node","osm_id":"6698026723"}},{"type":"Feature","geometry":{"type":"Point","coordinates":[-2.86978,53.43137]},"properties":{"name":"Power infrastructure","category":"generator","osm_type":"node","osm_id":"6698026724"}},{"type":"Feature","geometry":{"type":"Point","coordinates":[-2.86937,53.4303]},"properties":{"name":"Power infrastructure","category":"generator","osm_type":"node","osm_id":"6698026725"}},{"type":"Feature","geometry":{"type":"Point","coordinates":[-2.8692,53.42985]},"properties":{"name":"Power infrastructure","category":"generator","osm_type":"node","osm_id":"6698026726"}},{"type":"Feature","geometry":{"type":"Point","coordinates":[-2.86916,53.42967]},"properties":{"name":"Power infrastructure","category":"generator","osm_type":"node","osm_id":"6698026727"}},{"type":"Feature","geometry":{"type":"Point","coordinates":[-2.86755,53.42812]},"properties":{"name":"Power infrastructure","category":"generator","osm_type":"node","osm_id":"6698026728"}},{"type":"Feature","geometry":{"type":"Point","coordinates":[-2.86727,53.42834]},"properties":{"name":"Power infrastructure","category":"generator","osm_type":"node","osm_id":"6698026729"}},{"type":"Feature","geometry":{"type":"Point","coordinates":[-2.86731,53.42836]},"properties":{"name":"Power infrastructure","category":"generator","osm_type":"node","osm_id":"6698026730"}},{"type":"Feature","geometry":{"type":"Point","coordinates":[-2.8669,53.42813]},"properties":{"name":"Power infrastructure","category":"generator","osm_type":"node","osm_id":"6698026731"}},{"type":"Feature","geometry":{"type":"Point","coordinates":[-2.86683,53.42809]},"properties":{"name":"Power infrastructure","category":"generator","osm_type":"node","osm_id":"6698026732"}},{"type":"Feature","geometry":{"type":"Point","coordinates":[-2.86671,53.42802]},"properties":{"name":"Power infrastructure","category":"generator","osm_type":"node","osm_id":"6698026733"}},{"type":"Feature","geometry":{"type":"Point","coordinates":[-2.86665,53.42799]},"properties":{"name":"Power infrastructure","category":"generator","osm_type":"node","osm_id":"6698026734"}},{"type":"Feature","geometry":{"type":"Point","coordinates":[-2.86659,53.42796]},"properties":{"name":"Power infrastructure","category":"generator","osm_type":"node","osm_id":"6698026735"}},{"type":"Feature","geometry":{"type":"Point","coordinates":[-2.86694,53.42779]},"properties":{"name":"Power infrastructure","category":"generator","osm_type":"node","osm_id":"6698026736"}},{"type":"Feature","geometry":{"type":"Point","coordinates":[-2.86699,53.42783]},"properties":{"name":"Power infrastructure","category":"generator","osm_type":"node","osm_id":"6698026737"}},{"type":"Feature","geometry":{"type":"Point","coordinates":[-2.86712,53.4279]},"properties":{"name":"Power infrastructure","category":"generator","osm_type":"node","osm_id":"6698026738"}},{"type":"Feature","geometry":{"type":"Point","coordinates":[-2.86706,53.42786]},"properties":{"name":"Power infrastructure","category":"generator","osm_type":"node","osm_id":"6698026739"}},{"type":"Feature","geometry":{"type":"Point","coordinates":[-2.86857,53.42687]},"properties":{"name":"Power infrastructure","category":"generator","osm_type":"node","osm_id":"6698026740"}},{"type":"Feature","geometry":{"type":"Point","coordinates":[-2.86846,53.42681]},"properties":{"name":"Power infrastructure","category":"generator","osm_type":"node","osm_id":"6698026741"}},{"type":"Feature","geometry":{"type":"Point","coordinates":[-2.86851,53.42685]},"properties":{"name":"Power infrastructure","category":"generator","osm_type":"node","osm_id":"6698026742"}},{"type":"Feature","geometry":{"type":"Point","coordinates":[-2.86965,53.42783]},"properties":{"name":"Power infrastructure","category":"generator","osm_type":"node","osm_id":"6698026743"}},{"type":"Feature","geometry":{"type":"Point","coordinates":[-2.86971,53.42787]},"properties":{"name":"Power infrastructure","category":"generator","osm_type":"node","osm_id":"6698026744"}},{"type":"Feature","geometry":{"type":"Point","coordinates":[-2.86985,53.42794]},"properties":{"name":"Power infrastructure","category":"generator","osm_type":"node","osm_id":"6698026745"}},{"type":"Feature","geometry":{"type":"Point","coordinates":[-2.86978,53.4279]},"properties":{"name":"Power infrastructure","category":"generator","osm_type":"node","osm_id":"6698026746"}},{"type":"Feature","geometry":{"type":"Point","coordinates":[-2.87009,53.42773]},"properties":{"name":"Power infrastructure","category":"generator","osm_type":"node","osm_id":"6698026747"}},{"type":"Feature","geometry":{"type":"Point","coordinates":[-2.86929,53.42759]},"properties":{"name":"Power infrastructure","category":"generator","osm_type":"node","osm_id":"6698026748"}},{"type":"Feature","geometry":{"type":"Point","coordinates":[-2.86922,53.42795]},"properties":{"name":"Power infrastructure","category":"generator","osm_type":"node","osm_id":"6698026749"}},{"type":"Feature","geometry":{"type":"Point","coordinates":[-2.86967,53.42819]},"properties":{"name":"Power infrastructure","category":"generator","osm_type":"node","osm_id":"6698026750"}},{"type":"Feature","geometry":{"type":"Point","coordinates":[-2.87062,53.42736]},"properties":{"name":"Power infrastructure","category":"generator","osm_type":"node","osm_id":"6698026751"}},{"type":"Feature","geometry":{"type":"Point","coordinates":[-2.97502,53.46404]},"properties":{"name":"Power infrastructure","category":"generator","osm_type":"node","osm_id":"6698871992"}},{"type":"Feature","geometry":{"type":"Point","coordinates":[-2.97488,53.46399]},"properties":{"name":"Power infrastructure","category":"generator","osm_type":"node","osm_id":"6698871993"}},{"type":"Feature","geometry":{"type":"Point","coordinates":[-2.97476,53.46416]},"properties":{"name":"Power infrastructure","category":"generator","osm_type":"node","osm_id":"6698871994"}},{"type":"Feature","geometry":{"type":"Point","coordinates":[-2.97313,53.46441]},"properties":{"name":"Power infrastructure","category":"generator","osm_type":"node","osm_id":"6698871995"}},{"type":"Feature","geometry":{"type":"Point","coordinates":[-2.9719,53.4662]},"properties":{"name":"Power infrastructure","category":"generator","osm_type":"node","osm_id":"6698871996"}},{"type":"Feature","geometry":{"type":"Point","coordinates":[-2.97118,53.46639]},"properties":{"name":"Power infrastructure","category":"generator","osm_type":"node","osm_id":"6698871997"}},{"type":"Feature","geometry":{"type":"Point","coordinates":[-2.9711,53.4664]},"properties":{"name":"Power infrastructure","category":"generator","osm_type":"node","osm_id":"6698871998"}},{"type":"Feature","geometry":{"type":"Point","coordinates":[-2.97079,53.46714]},"properties":{"name":"Power infrastructure","category":"generator","osm_type":"node","osm_id":"6698871999"}},{"type":"Feature","geometry":{"type":"Point","coordinates":[-2.97071,53.46709]},"properties":{"name":"Power infrastructure","category":"generator","osm_type":"node","osm_id":"6698872000"}},{"type":"Feature","geometry":{"type":"Point","coordinates":[-2.97822,53.46709]},"properties":{"name":"Power infrastructure","category":"generator","osm_type":"node","osm_id":"6698872001"}},{"type":"Feature","geometry":{"type":"Point","coordinates":[-2.98212,53.46679]},"properties":{"name":"Power infrastructure","category":"generator","osm_type":"node","osm_id":"6698872002"}},{"type":"Feature","geometry":{"type":"Point","coordinates":[-2.97302,53.46148]},"properties":{"name":"Power infrastructure","category":"generator","osm_type":"node","osm_id":"6698872003"}},{"type":"Feature","geometry":{"type":"Point","coordinates":[-2.97302,53.46181]},"properties":{"name":"Power infrastructure","category":"generator","osm_type":"node","osm_id":"6698872004"}},{"type":"Feature","geometry":{"type":"Point","coordinates":[-2.97293,53.46182]},"properties":{"name":"Power infrastructure","category":"generator","osm_type":"node","osm_id":"6698872005"}},{"type":"Feature","geometry":{"type":"Point","coordinates":[-2.97243,53.45946]},"properties":{"name":"Power infrastructure","category":"generator","osm_type":"node","osm_id":"6698872006"}},{"type":"Feature","geometry":{"type":"Point","coordinates":[-2.9679,53.45925]},"properties":{"name":"Power infrastructure","category":"generator","osm_type":"node","osm_id":"6698872007"}},{"type":"Feature","geometry":{"type":"Point","coordinates":[-2.9804,53.43849]},"properties":{"name":"Power infrastructure","category":"generator","osm_type":"node","osm_id":"6698872008"}},{"type":"Feature","geometry":{"type":"Point","coordinates":[-2.9809,53.43832]},"properties":{"name":"Power infrastructure","category":"generator","osm_type":"node","osm_id":"6698872009"}},{"type":"Feature","geometry":{"type":"Point","coordinates":[-2.98106,53.43828]},"properties":{"name":"Power infrastructure","category":"generator","osm_type":"node","osm_id":"6698872010"}},{"type":"Feature","geometry":{"type":"Point","coordinates":[-2.98019,53.43809]},"properties":{"name":"Power infrastructure","category":"generator","osm_type":"node","osm_id":"6698872011"}},{"type":"Feature","geometry":{"type":"Point","coordinates":[-2.98113,53.43773]},"properties":{"name":"Power infrastructure","category":"generator","osm_type":"node","osm_id":"6698872012"}},{"type":"Feature","geometry":{"type":"Point","coordinates":[-2.97818,53.43762]},"properties":{"name":"Power infrastructure","category":"generator","osm_type":"node","osm_id":"6698872013"}},{"type":"Feature","geometry":{"type":"Point","coordinates":[-2.97796,53.43765]},"properties":{"name":"Power infrastructure","category":"generator","osm_type":"node","osm_id":"6698872014"}},{"type":"Feature","geometry":{"type":"Point","coordinates":[-2.97677,53.43744]},"properties":{"name":"Power infrastructure","category":"generator","osm_type":"node","osm_id":"6698872015"}},{"type":"Feature","geometry":{"type":"Point","coordinates":[-2.9766,53.43746]},"properties":{"name":"Power infrastructure","category":"generator","osm_type":"node","osm_id":"6698872016"}},{"type":"Feature","geometry":{"type":"Point","coordinates":[-2.97704,53.4381]},"properties":{"name":"Power infrastructure","category":"generator","osm_type":"node","osm_id":"6698872017"}},{"type":"Feature","geometry":{"type":"Point","coordinates":[-2.97779,53.43608]},"properties":{"name":"Power infrastructure","category":"generator","osm_type":"node","osm_id":"6698872018"}},{"type":"Feature","geometry":{"type":"Point","coordinates":[-2.97792,53.43625]},"properties":{"name":"Power infrastructure","category":"generator","osm_type":"node","osm_id":"6698872019"}},{"type":"Feature","geometry":{"type":"Point","coordinates":[-2.97803,53.4363]},"properties":{"name":"Power infrastructure","category":"generator","osm_type":"node","osm_id":"6698872020"}},{"type":"Feature","geometry":{"type":"Point","coordinates":[-2.97806,53.43635]},"properties":{"name":"Power infrastructure","category":"generator","osm_type":"node","osm_id":"6698872021"}},{"type":"Feature","geometry":{"type":"Point","coordinates":[-2.97813,53.43644]},"properties":{"name":"Power infrastructure","category":"generator","osm_type":"node","osm_id":"6698872022"}},{"type":"Feature","geometry":{"type":"Point","coordinates":[-2.97728,53.43661]},"properties":{"name":"Power infrastructure","category":"generator","osm_type":"node","osm_id":"6698872023"}},{"type":"Feature","geometry":{"type":"Point","coordinates":[-2.97804,53.43672]},"properties":{"name":"Power infrastructure","category":"generator","osm_type":"node","osm_id":"6698872024"}},{"type":"Feature","geometry":{"type":"Point","coordinates":[-2.97839,53.43536]},"properties":{"name":"Power infrastructure","category":"generator","osm_type":"node","osm_id":"6698872025"}},{"type":"Feature","geometry":{"type":"Point","coordinates":[-2.97923,53.43514]},"properties":{"name":"Power infrastructure","category":"generator","osm_type":"node","osm_id":"6698872026"}},{"type":"Feature","geometry":{"type":"Point","coordinates":[-2.979,53.43519]},"properties":{"name":"Power infrastructure","category":"generator","osm_type":"node","osm_id":"6698872027"}},{"type":"Feature","geometry":{"type":"Point","coordinates":[-2.97891,53.43521]},"properties":{"name":"Power infrastructure","category":"generator","osm_type":"node","osm_id":"6698872028"}},{"type":"Feature","geometry":{"type":"Point","coordinates":[-2.9801,53.43429]},"properties":{"name":"Power infrastructure","category":"generator","osm_type":"node","osm_id":"6698872029"}},{"type":"Feature","geometry":{"type":"Point","coordinates":[-2.97914,53.43426]},"properties":{"name":"Power infrastructure","category":"generator","osm_type":"node","osm_id":"6698872030"}},{"type":"Feature","geometry":{"type":"Point","coordinates":[-2.97181,53.43237]},"properties":{"name":"Power infrastructure","category":"generator","osm_type":"node","osm_id":"6698872031"}},{"type":"Feature","geometry":{"type":"Point","coordinates":[-2.96882,53.43266]},"properties":{"name":"Power infrastructure","category":"generator","osm_type":"node","osm_id":"6698872032"}},{"type":"Feature","geometry":{"type":"Point","coordinates":[-2.96957,53.43152]},"properties":{"name":"Power infrastructure","category":"generator","osm_type":"node","osm_id":"6698872033"}},{"type":"Feature","geometry":{"type":"Point","coordinates":[-2.95976,53.42516]},"properties":{"name":"Power infrastructure","category":"generator","osm_type":"node","osm_id":"6698872054"}},{"type":"Feature","geometry":{"type":"Point","coordinates":[-2.96254,53.4234]},"properties":{"name":"Power infrastructure","category":"generator","osm_type":"node","osm_id":"6698872055"}},{"type":"Feature","geometry":{"type":"Point","coordinates":[-2.96265,53.42338]},"properties":{"name":"Power infrastructure","category":"generator","osm_type":"node","osm_id":"6698872056"}},{"type":"Feature","geometry":{"type":"Point","coordinates":[-2.96284,53.42337]},"properties":{"name":"Power infrastructure","category":"generator","osm_type":"node","osm_id":"6698872057"}},{"type":"Feature","geometry":{"type":"Point","coordinates":[-2.96221,53.4232]},"properties":{"name":"Power infrastructure","category":"generator","osm_type":"node","osm_id":"6698872058"}},{"type":"Feature","geometry":{"type":"Point","coordinates":[-2.96326,53.42283]},"properties":{"name":"Power infrastructure","category":"generator","osm_type":"node","osm_id":"6698872059"}},{"type":"Feature","geometry":{"type":"Point","coordinates":[-2.96387,53.42268]},"properties":{"name":"Power infrastructure","category":"generator","osm_type":"node","osm_id":"6698872060"}},{"type":"Feature","geometry":{"type":"Point","coordinates":[-2.96411,53.42262]},"properties":{"name":"Power infrastructure","category":"generator","osm_type":"node","osm_id":"6698872061"}},{"type":"Feature","geometry":{"type":"Point","coordinates":[-2.96404,53.42263]},"properties":{"name":"Power infrastructure","category":"generator","osm_type":"node","osm_id":"6698872062"}},{"type":"Feature","geometry":{"type":"Point","coordinates":[-2.96394,53.42266]},"properties":{"name":"Power infrastructure","category":"generator","osm_type":"node","osm_id":"6698872063"}},{"type":"Feature","geometry":{"type":"Point","coordinates":[-2.96448,53.42138]},"properties":{"name":"Power infrastructure","category":"generator","osm_type":"node","osm_id":"6698872064"}},{"type":"Feature","geometry":{"type":"Point","coordinates":[-2.96507,53.42206]},"properties":{"name":"Power infrastructure","category":"generator","osm_type":"node","osm_id":"6698872065"}},{"type":"Feature","geometry":{"type":"Point","coordinates":[-2.96519,53.42239]},"properties":{"name":"Power infrastructure","category":"generator","osm_type":"node","osm_id":"6698872066"}},{"type":"Feature","geometry":{"type":"Point","coordinates":[-2.96524,53.4228]},"properties":{"name":"Power infrastructure","category":"generator","osm_type":"node","osm_id":"6698872067"}},{"type":"Feature","geometry":{"type":"Point","coordinates":[-2.96655,53.42216]},"properties":{"name":"Power infrastructure","category":"generator","osm_type":"node","osm_id":"6698872068"}},{"type":"Feature","geometry":{"type":"Point","coordinates":[-2.96602,53.42181]},"properties":{"name":"Power infrastructure","category":"generator","osm_type":"node","osm_id":"6698872069"}},{"type":"Feature","geometry":{"type":"Point","coordinates":[-2.96509,53.42091]},"properties":{"name":"Power infrastructure","category":"generator","osm_type":"node","osm_id":"6698872070"}},{"type":"Feature","geometry":{"type":"Point","coordinates":[-2.96763,53.42009]},"properties":{"name":"Power infrastructure","category":"generator","osm_type":"node","osm_id":"6698872071"}},{"type":"Feature","geometry":{"type":"Point","coordinates":[-2.9677,53.42007]},"properties":{"name":"Power infrastructure","category":"generator","osm_type":"node","osm_id":"6698872072"}},{"type":"Feature","geometry":{"type":"Point","coordinates":[-2.96742,53.41984]},"properties":{"name":"Power infrastructure","category":"generator","osm_type":"node","osm_id":"6698872073"}},{"type":"Feature","geometry":{"type":"Point","coordinates":[-2.9681,53.42043]},"properties":{"name":"Power infrastructure","category":"generator","osm_type":"node","osm_id":"6698872074"}},{"type":"Feature","geometry":{"type":"Point","coordinates":[-2.96746,53.42083]},"properties":{"name":"Power infrastructure","category":"generator","osm_type":"node","osm_id":"6698872075"}},{"type":"Feature","geometry":{"type":"Point","coordinates":[-2.96805,53.42078]},"properties":{"name":"Power infrastructure","category":"generator","osm_type":"node","osm_id":"6698872076"}},{"type":"Feature","geometry":{"type":"Point","coordinates":[-2.96488,53.41907]},"properties":{"name":"Power infrastructure","category":"generator","osm_type":"node","osm_id":"6698872077"}},{"type":"Feature","geometry":{"type":"Point","coordinates":[-2.96122,53.41837]},"properties":{"name":"Power infrastructure","category":"generator","osm_type":"node","osm_id":"6698872078"}},{"type":"Feature","geometry":{"type":"Point","coordinates":[-2.96488,53.4174]},"properties":{"name":"Power infrastructure","category":"generator","osm_type":"node","osm_id":"6698872079"}},{"type":"Feature","geometry":{"type":"Point","coordinates":[-2.96498,53.41759]},"properties":{"name":"Power infrastructure","category":"generator","osm_type":"node","osm_id":"6698872080"}},{"type":"Feature","geometry":{"type":"Point","coordinates":[-2.96085,53.413]},"properties":{"name":"Power infrastructure","category":"generator","osm_type":"node","osm_id":"6698872081"}},{"type":"Feature","geometry":{"type":"Point","coordinates":[-2.96075,53.41302]},"properties":{"name":"Power infrastructure","category":"generator","osm_type":"node","osm_id":"6698872082"}},{"type":"Feature","geometry":{"type":"Point","coordinates":[-2.96067,53.41303]},"properties":{"name":"Power infrastructure","category":"generator","osm_type":"node","osm_id":"6698872083"}},{"type":"Feature","geometry":{"type":"Point","coordinates":[-2.95997,53.41388]},"properties":{"name":"Power infrastructure","category":"generator","osm_type":"node","osm_id":"6698872084"}},{"type":"Feature","geometry":{"type":"Point","coordinates":[-2.95879,53.41314]},"properties":{"name":"Power infrastructure","category":"generator","osm_type":"node","osm_id":"6698876585"}},{"type":"Feature","geometry":{"type":"Point","coordinates":[-2.95275,53.41345]},"properties":{"name":"Power infrastructure","category":"generator","osm_type":"node","osm_id":"6698876586"}},{"type":"Feature","geometry":{"type":"Point","coordinates":[-2.95232,53.41357]},"properties":{"name":"Power infrastructure","category":"generator","osm_type":"node","osm_id":"6698876587"}},{"type":"Feature","geometry":{"type":"Point","coordinates":[-2.95223,53.41358]},"properties":{"name":"Power infrastructure","category":"generator","osm_type":"node","osm_id":"6698876588"}},{"type":"Feature","geometry":{"type":"Point","coordinates":[-2.95237,53.41321]},"properties":{"name":"Power infrastructure","category":"generator","osm_type":"node","osm_id":"6698876589"}},{"type":"Feature","geometry":{"type":"Point","coordinates":[-2.95316,53.41319]},"properties":{"name":"Power infrastructure","category":"generator","osm_type":"node","osm_id":"6698876590"}},{"type":"Feature","geometry":{"type":"Point","coordinates":[-2.95391,53.41339]},"properties":{"name":"Power infrastructure","category":"generator","osm_type":"node","osm_id":"6698876591"}},{"type":"Feature","geometry":{"type":"Point","coordinates":[-2.95118,53.4139]},"properties":{"name":"Power infrastructure","category":"generator","osm_type":"node","osm_id":"6698876592"}},{"type":"Feature","geometry":{"type":"Point","coordinates":[-2.95108,53.41269]},"properties":{"name":"Power infrastructure","category":"generator","osm_type":"node","osm_id":"6698876593"}},{"type":"Feature","geometry":{"type":"Point","coordinates":[-2.92979,53.41171]},"properties":{"name":"Power infrastructure","category":"generator","osm_type":"node","osm_id":"6698876594"}},{"type":"Feature","geometry":{"type":"Point","coordinates":[-2.90807,53.41187]},"properties":{"name":"Power infrastructure","category":"generator","osm_type":"node","osm_id":"6698876595"}},{"type":"Feature","geometry":{"type":"Point","coordinates":[-2.89687,53.41988]},"properties":{"name":"Power infrastructure","category":"generator","osm_type":"node","osm_id":"6698876596"}},{"type":"Feature","geometry":{"type":"Point","coordinates":[-2.89658,53.41995]},"properties":{"name":"Power infrastructure","category":"generator","osm_type":"node","osm_id":"6698876597"}},{"type":"Feature","geometry":{"type":"Point","coordinates":[-2.89666,53.41973]},"properties":{"name":"Power infrastructure","category":"generator","osm_type":"node","osm_id":"6698876598"}},{"type":"Feature","geometry":{"type":"Point","coordinates":[-2.89646,53.41983]},"properties":{"name":"Power infrastructure","category":"generator","osm_type":"node","osm_id":"6698876599"}},{"type":"Feature","geometry":{"type":"Point","coordinates":[-2.89044,53.41835]},"properties":{"name":"Power infrastructure","category":"generator","osm_type":"node","osm_id":"6698876600"}},{"type":"Feature","geometry":{"type":"Point","coordinates":[-2.89062,53.41832]},"properties":{"name":"Power infrastructure","category":"generator","osm_type":"node","osm_id":"6698876601"}},{"type":"Feature","geometry":{"type":"Point","coordinates":[-2.89031,53.41763]},"properties":{"name":"Power infrastructure","category":"generator","osm_type":"node","osm_id":"6698876602"}},{"type":"Feature","geometry":{"type":"Point","coordinates":[-2.88875,53.41712]},"properties":{"name":"Power infrastructure","category":"generator","osm_type":"node","osm_id":"6698876603"}},{"type":"Feature","geometry":{"type":"Point","coordinates":[-2.88867,53.41713]},"properties":{"name":"Power infrastructure","category":"generator","osm_type":"node","osm_id":"6698876604"}},{"type":"Feature","geometry":{"type":"Point","coordinates":[-2.88826,53.41679]},"properties":{"name":"Power infrastructure","category":"generator","osm_type":"node","osm_id":"6698876605"}},{"type":"Feature","geometry":{"type":"Point","coordinates":[-2.88573,53.41653]},"properties":{"name":"Power infrastructure","category":"generator","osm_type":"node","osm_id":"6698876606"}},{"type":"Feature","geometry":{"type":"Point","coordinates":[-2.88701,53.41647]},"properties":{"name":"Power infrastructure","category":"generator","osm_type":"node","osm_id":"6698876607"}},{"type":"Feature","geometry":{"type":"Point","coordinates":[-2.88658,53.41604]},"properties":{"name":"Power infrastructure","category":"generator","osm_type":"node","osm_id":"6698876608"}},{"type":"Feature","geometry":{"type":"Point","coordinates":[-2.88591,53.41679]},"properties":{"name":"Power infrastructure","category":"generator","osm_type":"node","osm_id":"6698876609"}},{"type":"Feature","geometry":{"type":"Point","coordinates":[-2.88697,53.41772]},"properties":{"name":"Power infrastructure","category":"generator","osm_type":"node","osm_id":"6698876610"}},{"type":"Feature","geometry":{"type":"Point","coordinates":[-2.88417,53.41792]},"properties":{"name":"Power infrastructure","category":"generator","osm_type":"node","osm_id":"6698876611"}},{"type":"Feature","geometry":{"type":"Point","coordinates":[-2.8792,53.41942]},"properties":{"name":"Power infrastructure","category":"generator","osm_type":"node","osm_id":"6698876612"}},{"type":"Feature","geometry":{"type":"Point","coordinates":[-2.87957,53.41942]},"properties":{"name":"Power infrastructure","category":"generator","osm_type":"node","osm_id":"6698876613"}},{"type":"Feature","geometry":{"type":"Point","coordinates":[-2.87822,53.42124]},"properties":{"name":"Power infrastructure","category":"generator","osm_type":"node","osm_id":"6698876614"}},{"type":"Feature","geometry":{"type":"Point","coordinates":[-2.87789,53.4212]},"properties":{"name":"Power infrastructure","category":"generator","osm_type":"node","osm_id":"6698876615"}},{"type":"Feature","geometry":{"type":"Point","coordinates":[-2.87784,53.42116]},"properties":{"name":"Power infrastructure","category":"generator","osm_type":"node","osm_id":"6698876616"}},{"type":"Feature","geometry":{"type":"Point","coordinates":[-2.87843,53.42091]},"properties":{"name":"Power infrastructure","category":"generator","osm_type":"node","osm_id":"6698876617"}},{"type":"Feature","geometry":{"type":"Point","coordinates":[-2.87833,53.42084]},"properties":{"name":"Power infrastructure","category":"generator","osm_type":"node","osm_id":"6698876618"}},{"type":"Feature","geometry":{"type":"Point","coordinates":[-2.87747,53.42065]},"properties":{"name":"Power infrastructure","category":"generator","osm_type":"node","osm_id":"6698876619"}},{"type":"Feature","geometry":{"type":"Point","coordinates":[-2.8776,53.42059]},"properties":{"name":"Power infrastructure","category":"generator","osm_type":"node","osm_id":"6698876620"}},{"type":"Feature","geometry":{"type":"Point","coordinates":[-2.87929,53.42237]},"properties":{"name":"Power infrastructure","category":"generator","osm_type":"node","osm_id":"6698876621"}},{"type":"Feature","geometry":{"type":"Point","coordinates":[-2.87939,53.42241]},"properties":{"name":"Power infrastructure","category":"generator","osm_type":"node","osm_id":"6698876622"}},{"type":"Feature","geometry":{"type":"Point","coordinates":[-2.8785,53.42314]},"properties":{"name":"Power infrastructure","category":"generator","osm_type":"node","osm_id":"6698876623"}},{"type":"Feature","geometry":{"type":"Point","coordinates":[-2.87861,53.42317]},"properties":{"name":"Power infrastructure","category":"generator","osm_type":"node","osm_id":"6698876624"}},{"type":"Feature","geometry":{"type":"Point","coordinates":[-2.87966,53.4228]},"properties":{"name":"Power infrastructure","category":"generator","osm_type":"node","osm_id":"6698876625"}},{"type":"Feature","geometry":{"type":"Point","coordinates":[-2.87655,53.42461]},"properties":{"name":"Power infrastructure","category":"generator","osm_type":"node","osm_id":"6698876626"}},{"type":"Feature","geometry":{"type":"Point","coordinates":[-2.87468,53.42699]},"properties":{"name":"Power infrastructure","category":"generator","osm_type":"node","osm_id":"6698876627"}},{"type":"Feature","geometry":{"type":"Point","coordinates":[-2.87429,53.42717]},"properties":{"name":"Power infrastructure","category":"generator","osm_type":"node","osm_id":"6698876628"}},{"type":"Feature","geometry":{"type":"Point","coordinates":[-2.87401,53.42729]},"properties":{"name":"Power infrastructure","category":"generator","osm_type":"node","osm_id":"6698876629"}},{"type":"Feature","geometry":{"type":"Point","coordinates":[-2.87379,53.42705]},"properties":{"name":"Power infrastructure","category":"generator","osm_type":"node","osm_id":"6698876630"}},{"type":"Feature","geometry":{"type":"Point","coordinates":[-2.87387,53.42703]},"properties":{"name":"Power infrastructure","category":"generator","osm_type":"node","osm_id":"6698876631"}},{"type":"Feature","geometry":{"type":"Point","coordinates":[-2.87401,53.42697]},"properties":{"name":"Power infrastructure","category":"generator","osm_type":"node","osm_id":"6698876632"}},{"type":"Feature","geometry":{"type":"Point","coordinates":[-2.87394,53.42699]},"properties":{"name":"Power infrastructure","category":"generator","osm_type":"node","osm_id":"6698876633"}},{"type":"Feature","geometry":{"type":"Point","coordinates":[-2.87567,53.42592]},"properties":{"name":"Power infrastructure","category":"generator","osm_type":"node","osm_id":"6698876644"}},{"type":"Feature","geometry":{"type":"Point","coordinates":[-2.87378,53.42346]},"properties":{"name":"Power infrastructure","category":"generator","osm_type":"node","osm_id":"6698876645"}},{"type":"Feature","geometry":{"type":"Point","coordinates":[-2.87469,53.42239]},"properties":{"name":"Power infrastructure","category":"generator","osm_type":"node","osm_id":"6698876646"}},{"type":"Feature","geometry":{"type":"Point","coordinates":[-2.86547,53.42552]},"properties":{"name":"Power infrastructure","category":"generator","osm_type":"node","osm_id":"6698876647"}},{"type":"Feature","geometry":{"type":"Point","coordinates":[-2.86113,53.42733]},"properties":{"name":"Power infrastructure","category":"generator","osm_type":"node","osm_id":"6698876648"}},{"type":"Feature","geometry":{"type":"Point","coordinates":[-2.85989,53.43168]},"properties":{"name":"Power infrastructure","category":"generator","osm_type":"node","osm_id":"6698918045"}},{"type":"Feature","geometry":{"type":"Point","coordinates":[-2.86012,53.43059]},"properties":{"name":"Power infrastructure","category":"generator","osm_type":"node","osm_id":"6698918046"}},{"type":"Feature","geometry":{"type":"Point","coordinates":[-2.86038,53.43046]},"properties":{"name":"Power infrastructure","category":"generator","osm_type":"node","osm_id":"6698918047"}},{"type":"Feature","geometry":{"type":"Point","coordinates":[-2.861,53.43042]},"properties":{"name":"Power infrastructure","category":"generator","osm_type":"node","osm_id":"6698918048"}},{"type":"Feature","geometry":{"type":"Point","coordinates":[-2.85734,53.43117]},"properties":{"name":"Power infrastructure","category":"generator","osm_type":"node","osm_id":"6698918049"}},{"type":"Feature","geometry":{"type":"Point","coordinates":[-2.86399,53.43221]},"properties":{"name":"Power infrastructure","category":"generator","osm_type":"node","osm_id":"6698918050"}},{"type":"Feature","geometry":{"type":"Point","coordinates":[-2.8601,53.43838]},"properties":{"name":"Power infrastructure","category":"generator","osm_type":"node","osm_id":"6698918051"}},{"type":"Feature","geometry":{"type":"Point","coordinates":[-2.86067,53.43891]},"properties":{"name":"Power infrastructure","category":"generator","osm_type":"node","osm_id":"6698918052"}},{"type":"Feature","geometry":{"type":"Point","coordinates":[-2.8621,53.43952]},"properties":{"name":"Power infrastructure","category":"generator","osm_type":"node","osm_id":"6698918053"}},{"type":"Feature","geometry":{"type":"Point","coordinates":[-2.86284,53.43961]},"properties":{"name":"Power infrastructure","category":"generator","osm_type":"node","osm_id":"6698918054"}},{"type":"Feature","geometry":{"type":"Point","coordinates":[-2.86314,53.44036]},"properties":{"name":"Power infrastructure","category":"generator","osm_type":"node","osm_id":"6698918055"}},{"type":"Feature","geometry":{"type":"Point","coordinates":[-2.86151,53.44092]},"properties":{"name":"Power infrastructure","category":"generator","osm_type":"node","osm_id":"6698918056"}},{"type":"Feature","geometry":{"type":"Point","coordinates":[-2.86143,53.44091]},"properties":{"name":"Power infrastructure","category":"generator","osm_type":"node","osm_id":"6698918057"}},{"type":"Feature","geometry":{"type":"Point","coordinates":[-2.86507,53.44121]},"properties":{"name":"Power infrastructure","category":"generator","osm_type":"node","osm_id":"6698918058"}},{"type":"Feature","geometry":{"type":"Point","coordinates":[-2.86505,53.44097]},"properties":{"name":"Power infrastructure","category":"generator","osm_type":"node","osm_id":"6698918059"}},{"type":"Feature","geometry":{"type":"Point","coordinates":[-2.86636,53.43968]},"properties":{"name":"Power infrastructure","category":"generator","osm_type":"node","osm_id":"6698918060"}},{"type":"Feature","geometry":{"type":"Point","coordinates":[-2.8666,53.43972]},"properties":{"name":"Power infrastructure","category":"generator","osm_type":"node","osm_id":"6698918061"}},{"type":"Feature","geometry":{"type":"Point","coordinates":[-2.86669,53.43972]},"properties":{"name":"Power infrastructure","category":"generator","osm_type":"node","osm_id":"6698918062"}},{"type":"Feature","geometry":{"type":"Point","coordinates":[-2.86549,53.43891]},"properties":{"name":"Power infrastructure","category":"generator","osm_type":"node","osm_id":"6698918063"}},{"type":"Feature","geometry":{"type":"Point","coordinates":[-2.8665,53.43902]},"properties":{"name":"Power infrastructure","category":"generator","osm_type":"node","osm_id":"6698918064"}},{"type":"Feature","geometry":{"type":"Point","coordinates":[-2.86626,53.43779]},"properties":{"name":"Power infrastructure","category":"generator","osm_type":"node","osm_id":"6698918065"}},{"type":"Feature","geometry":{"type":"Point","coordinates":[-2.86609,53.43775]},"properties":{"name":"Power infrastructure","category":"generator","osm_type":"node","osm_id":"6698918066"}},{"type":"Feature","geometry":{"type":"Point","coordinates":[-2.86569,53.43771]},"properties":{"name":"Power infrastructure","category":"generator","osm_type":"node","osm_id":"6698918067"}},{"type":"Feature","geometry":{"type":"Point","coordinates":[-2.86738,53.44004]},"properties":{"name":"Power infrastructure","category":"generator","osm_type":"node","osm_id":"6698918068"}},{"type":"Feature","geometry":{"type":"Point","coordinates":[-2.86699,53.44026]},"properties":{"name":"Power infrastructure","category":"generator","osm_type":"node","osm_id":"6698918069"}},{"type":"Feature","geometry":{"type":"Point","coordinates":[-2.86833,53.4409]},"properties":{"name":"Power infrastructure","category":"generator","osm_type":"node","osm_id":"6698918070"}},{"type":"Feature","geometry":{"type":"Point","coordinates":[-2.87189,53.43879]},"properties":{"name":"Power infrastructure","category":"generator","osm_type":"node","osm_id":"6698918071"}},{"type":"Feature","geometry":{"type":"Point","coordinates":[-2.87261,53.43875]},"properties":{"name":"Power infrastructure","category":"generator","osm_type":"node","osm_id":"6698918072"}},{"type":"Feature","geometry":{"type":"Point","coordinates":[-2.87285,53.43862]},"properties":{"name":"Power infrastructure","category":"generator","osm_type":"node","osm_id":"6698918073"}},{"type":"Feature","geometry":{"type":"Point","coordinates":[-2.87108,53.43772]},"properties":{"name":"Power infrastructure","category":"generator","osm_type":"node","osm_id":"6698918074"}},{"type":"Feature","geometry":{"type":"Point","coordinates":[-2.87042,53.43762]},"properties":{"name":"Power infrastructure","category":"generator","osm_type":"node","osm_id":"6698918075"}},{"type":"Feature","geometry":{"type":"Point","coordinates":[-2.86971,53.43753]},"properties":{"name":"Power infrastructure","category":"generator","osm_type":"node","osm_id":"6698918076"}},{"type":"Feature","geometry":{"type":"Point","coordinates":[-2.87049,53.43758]},"properties":{"name":"Power infrastructure","category":"generator","osm_type":"node","osm_id":"6698918077"}},{"type":"Feature","geometry":{"type":"Point","coordinates":[-2.86986,53.43619]},"properties":{"name":"Power infrastructure","category":"generator","osm_type":"node","osm_id":"6698918078"}},{"type":"Feature","geometry":{"type":"Point","coordinates":[-2.87121,53.43689]},"properties":{"name":"Power infrastructure","category":"generator","osm_type":"node","osm_id":"6698918079"}},{"type":"Feature","geometry":{"type":"Point","coordinates":[-2.87206,53.43702]},"properties":{"name":"Power infrastructure","category":"generator","osm_type":"node","osm_id":"6698918080"}},{"type":"Feature","geometry":{"type":"Point","coordinates":[-2.87255,53.43618]},"properties":{"name":"Power infrastructure","category":"generator","osm_type":"node","osm_id":"6698918081"}},{"type":"Feature","geometry":{"type":"Point","coordinates":[-2.87438,53.43523]},"properties":{"name":"Power infrastructure","category":"generator","osm_type":"node","osm_id":"6698918082"}},{"type":"Feature","geometry":{"type":"Point","coordinates":[-2.8782,53.43402]},"properties":{"name":"Power infrastructure","category":"generator","osm_type":"node","osm_id":"6698918083"}},{"type":"Feature","geometry":{"type":"Point","coordinates":[-2.87835,53.43396]},"properties":{"name":"Power infrastructure","category":"generator","osm_type":"node","osm_id":"6698918084"}},{"type":"Feature","geometry":{"type":"Point","coordinates":[-2.87532,53.43615]},"properties":{"name":"Power infrastructure","category":"generator","osm_type":"node","osm_id":"6698932785"}},{"type":"Feature","geometry":{"type":"Point","coordinates":[-2.87574,53.4364]},"properties":{"name":"Power infrastructure","category":"generator","osm_type":"node","osm_id":"6698932786"}},{"type":"Feature","geometry":{"type":"Point","coordinates":[-2.87543,53.43655]},"properties":{"name":"Power infrastructure","category":"generator","osm_type":"node","osm_id":"6698932787"}},{"type":"Feature","geometry":{"type":"Point","coordinates":[-2.87644,53.43651]},"properties":{"name":"Power infrastructure","category":"generator","osm_type":"node","osm_id":"6698932788"}},{"type":"Feature","geometry":{"type":"Point","coordinates":[-2.87642,53.43682]},"properties":{"name":"Power infrastructure","category":"generator","osm_type":"node","osm_id":"6698932789"}},{"type":"Feature","geometry":{"type":"Point","coordinates":[-2.87795,53.43653]},"properties":{"name":"Power infrastructure","category":"generator","osm_type":"node","osm_id":"6698932790"}},{"type":"Feature","geometry":{"type":"Point","coordinates":[-2.87934,53.43281]},"properties":{"name":"Power infrastructure","category":"generator","osm_type":"node","osm_id":"6698932791"}},{"type":"Feature","geometry":{"type":"Point","coordinates":[-2.87904,53.43257]},"properties":{"name":"Power infrastructure","category":"generator","osm_type":"node","osm_id":"6698932792"}},{"type":"Feature","geometry":{"type":"Point","coordinates":[-2.87843,53.43236]},"properties":{"name":"Power infrastructure","category":"generator","osm_type":"node","osm_id":"6698932793"}},{"type":"Feature","geometry":{"type":"Point","coordinates":[-2.87963,53.43215]},"properties":{"name":"Power infrastructure","category":"generator","osm_type":"node","osm_id":"6698932794"}},{"type":"Feature","geometry":{"type":"Point","coordinates":[-2.87888,53.43187]},"properties":{"name":"Power infrastructure","category":"generator","osm_type":"node","osm_id":"6698932795"}},{"type":"Feature","geometry":{"type":"Point","coordinates":[-2.8788,53.43185]},"properties":{"name":"Power infrastructure","category":"generator","osm_type":"node","osm_id":"6698932796"}},{"type":"Feature","geometry":{"type":"Point","coordinates":[-2.87918,53.43369]},"properties":{"name":"Power infrastructure","category":"generator","osm_type":"node","osm_id":"6698932797"}},{"type":"Feature","geometry":{"type":"Point","coordinates":[-2.883,53.43597]},"properties":{"name":"Power infrastructure","category":"generator","osm_type":"node","osm_id":"6698932798"}},{"type":"Feature","geometry":{"type":"Point","coordinates":[-2.88107,53.43705]},"properties":{"name":"Power infrastructure","category":"generator","osm_type":"node","osm_id":"6698932799"}},{"type":"Feature","geometry":{"type":"Point","coordinates":[-2.88129,53.437]},"properties":{"name":"Power infrastructure","category":"generator","osm_type":"node","osm_id":"6698932800"}},{"type":"Feature","geometry":{"type":"Point","coordinates":[-2.88161,53.4369]},"properties":{"name":"Power infrastructure","category":"generator","osm_type":"node","osm_id":"6698932801"}},{"type":"Feature","geometry":{"type":"Point","coordinates":[-2.88042,53.43161]},"properties":{"name":"Power infrastructure","category":"generator","osm_type":"node","osm_id":"6698932802"}},{"type":"Feature","geometry":{"type":"Point","coordinates":[-2.87928,53.43106]},"properties":{"name":"Power infrastructure","category":"generator","osm_type":"node","osm_id":"6698932803"}},{"type":"Feature","geometry":{"type":"Point","coordinates":[-2.88042,53.43085]},"properties":{"name":"Power infrastructure","category":"generator","osm_type":"node","osm_id":"6698932804"}},{"type":"Feature","geometry":{"type":"Point","coordinates":[-2.88048,53.43089]},"properties":{"name":"Power infrastructure","category":"generator","osm_type":"node","osm_id":"6698932805"}},{"type":"Feature","geometry":{"type":"Point","coordinates":[-2.87402,53.42872]},"properties":{"name":"Power infrastructure","category":"generator","osm_type":"node","osm_id":"6698932806"}},{"type":"Feature","geometry":{"type":"Point","coordinates":[-2.87393,53.42865]},"properties":{"name":"Power infrastructure","category":"generator","osm_type":"node","osm_id":"6698932807"}},{"type":"Feature","geometry":{"type":"Point","coordinates":[-2.87518,53.42846]},"properties":{"name":"Power infrastructure","category":"generator","osm_type":"node","osm_id":"6698932808"}},{"type":"Feature","geometry":{"type":"Point","coordinates":[-2.87645,53.429]},"properties":{"name":"Power infrastructure","category":"generator","osm_type":"node","osm_id":"6698932809"}},{"type":"Feature","geometry":{"type":"Point","coordinates":[-2.87554,53.43008]},"properties":{"name":"Power infrastructure","category":"generator","osm_type":"node","osm_id":"6698932810"}},{"type":"Feature","geometry":{"type":"Point","coordinates":[-2.88203,53.42429]},"properties":{"name":"Power infrastructure","category":"generator","osm_type":"node","osm_id":"6698932811"}},{"type":"Feature","geometry":{"type":"Point","coordinates":[-2.88192,53.42456]},"properties":{"name":"Power infrastructure","category":"generator","osm_type":"node","osm_id":"6698932812"}},{"type":"Feature","geometry":{"type":"Point","coordinates":[-2.88163,53.42483]},"properties":{"name":"Power infrastructure","category":"generator","osm_type":"node","osm_id":"6698932813"}},{"type":"Feature","geometry":{"type":"Point","coordinates":[-2.88131,53.42543]},"properties":{"name":"Power infrastructure","category":"generator","osm_type":"node","osm_id":"6698932814"}},{"type":"Feature","geometry":{"type":"Point","coordinates":[-2.8812,53.42538]},"properties":{"name":"Power infrastructure","category":"generator","osm_type":"node","osm_id":"6698932815"}},{"type":"Feature","geometry":{"type":"Point","coordinates":[-2.88111,53.42558]},"properties":{"name":"Power infrastructure","category":"generator","osm_type":"node","osm_id":"6698932816"}},{"type":"Feature","geometry":{"type":"Point","coordinates":[-2.88069,53.42542]},"properties":{"name":"Power infrastructure","category":"generator","osm_type":"node","osm_id":"6698932817"}},{"type":"Feature","geometry":{"type":"Point","coordinates":[-2.88076,53.42543]},"properties":{"name":"Power infrastructure","category":"generator","osm_type":"node","osm_id":"6698932818"}},{"type":"Feature","geometry":{"type":"Point","coordinates":[-2.88214,53.42307]},"properties":{"name":"Power infrastructure","category":"generator","osm_type":"node","osm_id":"6698932819"}},{"type":"Feature","geometry":{"type":"Point","coordinates":[-2.88428,53.42779]},"properties":{"name":"Power infrastructure","category":"generator","osm_type":"node","osm_id":"6698932820"}},{"type":"Feature","geometry":{"type":"Point","coordinates":[-2.8788,53.42608]},"properties":{"name":"Power infrastructure","category":"generator","osm_type":"node","osm_id":"6698932821"}},{"type":"Feature","geometry":{"type":"Point","coordinates":[-2.88685,53.43338]},"properties":{"name":"Power infrastructure","category":"generator","osm_type":"node","osm_id":"6698932822"}},{"type":"Feature","geometry":{"type":"Point","coordinates":[-2.88858,53.43341]},"properties":{"name":"Power infrastructure","category":"generator","osm_type":"node","osm_id":"6698932823"}},{"type":"Feature","geometry":{"type":"Point","coordinates":[-2.88833,53.43327]},"properties":{"name":"Power infrastructure","category":"generator","osm_type":"node","osm_id":"6698932824"}},{"type":"Feature","geometry":{"type":"Point","coordinates":[-2.88908,53.43337]},"properties":{"name":"Power infrastructure","category":"generator","osm_type":"node","osm_id":"6698932825"}},{"type":"Feature","geometry":{"type":"Point","coordinates":[-2.88926,53.43339]},"properties":{"name":"Power infrastructure","category":"generator","osm_type":"node","osm_id":"6698932826"}},{"type":"Feature","geometry":{"type":"Point","coordinates":[-2.88855,53.43776]},"properties":{"name":"Power infrastructure","category":"generator","osm_type":"node","osm_id":"6698932827"}},{"type":"Feature","geometry":{"type":"Point","coordinates":[-2.88853,53.43837]},"properties":{"name":"Power infrastructure","category":"generator","osm_type":"node","osm_id":"6698932828"}},{"type":"Feature","geometry":{"type":"Point","coordinates":[-2.89142,53.43697]},"properties":{"name":"Power infrastructure","category":"generator","osm_type":"node","osm_id":"6698932829"}},{"type":"Feature","geometry":{"type":"Point","coordinates":[-2.8916,53.43666]},"properties":{"name":"Power infrastructure","category":"generator","osm_type":"node","osm_id":"6698932830"}},{"type":"Feature","geometry":{"type":"Point","coordinates":[-2.89215,53.43629]},"properties":{"name":"Power infrastructure","category":"generator","osm_type":"node","osm_id":"6698932831"}},{"type":"Feature","geometry":{"type":"Point","coordinates":[-2.89225,53.43702]},"properties":{"name":"Power infrastructure","category":"generator","osm_type":"node","osm_id":"6698932832"}},{"type":"Feature","geometry":{"type":"Point","coordinates":[-2.89126,53.43756]},"properties":{"name":"Power infrastructure","category":"generator","osm_type":"node","osm_id":"6698932833"}},{"type":"Feature","geometry":{"type":"Point","coordinates":[-2.89113,53.43755]},"properties":{"name":"Power infrastructure","category":"generator","osm_type":"node","osm_id":"6698932834"}},{"type":"Feature","geometry":{"type":"Point","coordinates":[-2.89103,53.43764]},"properties":{"name":"Power infrastructure","category":"generator","osm_type":"node","osm_id":"6698932835"}},{"type":"Feature","geometry":{"type":"Point","coordinates":[-2.89078,53.43805]},"properties":{"name":"Power infrastructure","category":"generator","osm_type":"node","osm_id":"6698932836"}},{"type":"Feature","geometry":{"type":"Point","coordinates":[-2.89081,53.43801]},"properties":{"name":"Power infrastructure","category":"generator","osm_type":"node","osm_id":"6698932837"}},{"type":"Feature","geometry":{"type":"Point","coordinates":[-2.89084,53.43796]},"properties":{"name":"Power infrastructure","category":"generator","osm_type":"node","osm_id":"6698932838"}},{"type":"Feature","geometry":{"type":"Point","coordinates":[-2.8909,53.43789]},"properties":{"name":"Power infrastructure","category":"generator","osm_type":"node","osm_id":"6698932839"}},{"type":"Feature","geometry":{"type":"Point","coordinates":[-2.89092,53.43785]},"properties":{"name":"Power infrastructure","category":"generator","osm_type":"node","osm_id":"6698932840"}},{"type":"Feature","geometry":{"type":"Point","coordinates":[-2.89096,53.43778]},"properties":{"name":"Power infrastructure","category":"generator","osm_type":"node","osm_id":"6698932841"}},{"type":"Feature","geometry":{"type":"Point","coordinates":[-2.89099,53.43773]},"properties":{"name":"Power infrastructure","category":"generator","osm_type":"node","osm_id":"6698932842"}},{"type":"Feature","geometry":{"type":"Point","coordinates":[-2.89106,53.43757]},"properties":{"name":"Power infrastructure","category":"generator","osm_type":"node","osm_id":"6698932843"}},{"type":"Feature","geometry":{"type":"Point","coordinates":[-2.89023,53.43671]},"properties":{"name":"Power infrastructure","category":"generator","osm_type":"node","osm_id":"6698932844"}},{"type":"Feature","geometry":{"type":"Point","coordinates":[-2.8929,53.4371]},"properties":{"name":"Power infrastructure","category":"generator","osm_type":"node","osm_id":"6698932845"}},{"type":"Feature","geometry":{"type":"Point","coordinates":[-2.89295,53.43711]},"properties":{"name":"Power infrastructure","category":"generator","osm_type":"node","osm_id":"6698932846"}},{"type":"Feature","geometry":{"type":"Point","coordinates":[-2.889,53.4384]},"properties":{"name":"Power infrastructure","category":"generator","osm_type":"node","osm_id":"6698932847"}},{"type":"Feature","geometry":{"type":"Point","coordinates":[-2.89563,53.43499]},"properties":{"name":"Power infrastructure","category":"generator","osm_type":"node","osm_id":"6698932867"}},{"type":"Feature","geometry":{"type":"Point","coordinates":[-2.89692,53.43497]},"properties":{"name":"Power infrastructure","category":"generator","osm_type":"node","osm_id":"6698932868"}},{"type":"Feature","geometry":{"type":"Point","coordinates":[-2.897,53.43495]},"properties":{"name":"Power infrastructure","category":"generator","osm_type":"node","osm_id":"6698932869"}},{"type":"Feature","geometry":{"type":"Point","coordinates":[-2.89714,53.43472]},"properties":{"name":"Power infrastructure","category":"generator","osm_type":"node","osm_id":"6698932870"}},{"type":"Feature","geometry":{"type":"Point","coordinates":[-2.89743,53.43462]},"properties":{"name":"Power infrastructure","category":"generator","osm_type":"node","osm_id":"6698932871"}},{"type":"Feature","geometry":{"type":"Point","coordinates":[-2.89746,53.43446]},"properties":{"name":"Power infrastructure","category":"generator","osm_type":"node","osm_id":"6698932872"}},{"type":"Feature","geometry":{"type":"Point","coordinates":[-2.89344,53.43489]},"properties":{"name":"Power infrastructure","category":"generator","osm_type":"node","osm_id":"6698932873"}},{"type":"Feature","geometry":{"type":"Point","coordinates":[-2.89353,53.43485]},"properties":{"name":"Power infrastructure","category":"generator","osm_type":"node","osm_id":"6698932874"}},{"type":"Feature","geometry":{"type":"Point","coordinates":[-2.89329,53.43467]},"properties":{"name":"Power infrastructure","category":"generator","osm_type":"node","osm_id":"6698932875"}},{"type":"Feature","geometry":{"type":"Point","coordinates":[-2.89325,53.43464]},"properties":{"name":"Power infrastructure","category":"generator","osm_type":"node","osm_id":"6698932876"}},{"type":"Feature","geometry":{"type":"Point","coordinates":[-2.8932,53.43456]},"properties":{"name":"Power infrastructure","category":"generator","osm_type":"node","osm_id":"6698932877"}},{"type":"Feature","geometry":{"type":"Point","coordinates":[-2.89315,53.43448]},"properties":{"name":"Power infrastructure","category":"generator","osm_type":"node","osm_id":"6698932878"}},{"type":"Feature","geometry":{"type":"Point","coordinates":[-2.89384,53.43456]},"properties":{"name":"Power infrastructure","category":"generator","osm_type":"node","osm_id":"6698932879"}},{"type":"Feature","geometry":{"type":"Point","coordinates":[-2.8938,53.43454]},"properties":{"name":"Power infrastructure","category":"generator","osm_type":"node","osm_id":"6698932880"}},{"type":"Feature","geometry":{"type":"Point","coordinates":[-2.8937,53.43449]},"properties":{"name":"Power infrastructure","category":"generator","osm_type":"node","osm_id":"6698932881"}},{"type":"Feature","geometry":{"type":"Point","coordinates":[-2.89282,53.43442]},"properties":{"name":"Power infrastructure","category":"generator","osm_type":"node","osm_id":"6698932882"}},{"type":"Feature","geometry":{"type":"Point","coordinates":[-2.89292,53.43437]},"properties":{"name":"Power infrastructure","category":"generator","osm_type":"node","osm_id":"6698932883"}},{"type":"Feature","geometry":{"type":"Point","coordinates":[-2.89318,53.4344]},"properties":{"name":"Power infrastructure","category":"generator","osm_type":"node","osm_id":"6698932884"}},{"type":"Feature","geometry":{"type":"Point","coordinates":[-2.89355,53.43436]},"properties":{"name":"Power infrastructure","category":"generator","osm_type":"node","osm_id":"6698932885"}},{"type":"Feature","geometry":{"type":"Point","coordinates":[-2.89365,53.43446]},"properties":{"name":"Power infrastructure","category":"generator","osm_type":"node","osm_id":"6698932886"}},{"type":"Feature","geometry":{"type":"Point","coordinates":[-2.89298,53.43435]},"properties":{"name":"Power infrastructure","category":"generator","osm_type":"node","osm_id":"6698932887"}},{"type":"Feature","geometry":{"type":"Point","coordinates":[-2.8937,53.43425]},"properties":{"name":"Power infrastructure","category":"generator","osm_type":"node","osm_id":"6698932888"}},{"type":"Feature","geometry":{"type":"Point","coordinates":[-2.89382,53.43427]},"properties":{"name":"Power infrastructure","category":"generator","osm_type":"node","osm_id":"6698932889"}},{"type":"Feature","geometry":{"type":"Point","coordinates":[-2.89397,53.43431]},"properties":{"name":"Power infrastructure","category":"generator","osm_type":"node","osm_id":"6698932890"}},{"type":"Feature","geometry":{"type":"Point","coordinates":[-2.89408,53.43431]},"properties":{"name":"Power infrastructure","category":"generator","osm_type":"node","osm_id":"6698932891"}},{"type":"Feature","geometry":{"type":"Point","coordinates":[-2.89423,53.43431]},"properties":{"name":"Power infrastructure","category":"generator","osm_type":"node","osm_id":"6698932892"}},{"type":"Feature","geometry":{"type":"Point","coordinates":[-2.89432,53.43427]},"properties":{"name":"Power infrastructure","category":"generator","osm_type":"node","osm_id":"6698932893"}},{"type":"Feature","geometry":{"type":"Point","coordinates":[-2.89345,53.43338]},"properties":{"name":"Power infrastructure","category":"generator","osm_type":"node","osm_id":"6698932894"}},{"type":"Feature","geometry":{"type":"Point","coordinates":[-2.89396,53.43262]},"properties":{"name":"Power infrastructure","category":"generator","osm_type":"node","osm_id":"6698932895"}},{"type":"Feature","geometry":{"type":"Point","coordinates":[-2.89409,53.43254]},"properties":{"name":"Power infrastructure","category":"generator","osm_type":"node","osm_id":"6698932896"}},{"type":"Feature","geometry":{"type":"Point","coordinates":[-2.65237,53.49998]},"properties":{"name":"Power infrastructure","category":"generator","osm_type":"node","osm_id":"6700219089"}},{"type":"Feature","geometry":{"type":"Point","coordinates":[-2.65155,53.49998]},"properties":{"name":"Power infrastructure","category":"generator","osm_type":"node","osm_id":"6700219091"}},{"type":"Feature","geometry":{"type":"Point","coordinates":[-2.65125,53.49976]},"properties":{"name":"Power infrastructure","category":"generator","osm_type":"node","osm_id":"6700219095"}},{"type":"Feature","geometry":{"type":"Point","coordinates":[-2.65134,53.49974]},"properties":{"name":"Power infrastructure","category":"generator","osm_type":"node","osm_id":"6700219096"}},{"type":"Feature","geometry":{"type":"Point","coordinates":[-2.65151,53.49972]},"properties":{"name":"Power infrastructure","category":"generator","osm_type":"node","osm_id":"6700219097"}},{"type":"Feature","geometry":{"type":"Point","coordinates":[-2.65169,53.49959]},"properties":{"name":"Power infrastructure","category":"generator","osm_type":"node","osm_id":"6700219098"}},{"type":"Feature","geometry":{"type":"Point","coordinates":[-2.65181,53.49958]},"properties":{"name":"Power infrastructure","category":"generator","osm_type":"node","osm_id":"6700219099"}},{"type":"Feature","geometry":{"type":"Point","coordinates":[-2.65127,53.49944]},"properties":{"name":"Power infrastructure","category":"generator","osm_type":"node","osm_id":"6700219100"}},{"type":"Feature","geometry":{"type":"Point","coordinates":[-2.65137,53.49942]},"properties":{"name":"Power infrastructure","category":"generator","osm_type":"node","osm_id":"6700219101"}},{"type":"Feature","geometry":{"type":"Point","coordinates":[-2.65246,53.49951]},"properties":{"name":"Power infrastructure","category":"generator","osm_type":"node","osm_id":"6700219102"}},{"type":"Feature","geometry":{"type":"Point","coordinates":[-2.65219,53.4992]},"properties":{"name":"Power infrastructure","category":"generator","osm_type":"node","osm_id":"6700219103"}},{"type":"Feature","geometry":{"type":"Point","coordinates":[-2.6513,53.4986]},"properties":{"name":"Power infrastructure","category":"generator","osm_type":"node","osm_id":"6700219104"}},{"type":"Feature","geometry":{"type":"Point","coordinates":[-2.65043,53.49902]},"properties":{"name":"Power infrastructure","category":"generator","osm_type":"node","osm_id":"6700219105"}},{"type":"Feature","geometry":{"type":"Point","coordinates":[-2.6514,53.49859]},"properties":{"name":"Power infrastructure","category":"generator","osm_type":"node","osm_id":"6700219106"}},{"type":"Feature","geometry":{"type":"Point","coordinates":[-2.65,53.49935]},"properties":{"name":"Power infrastructure","category":"generator","osm_type":"node","osm_id":"6700219107"}},{"type":"Feature","geometry":{"type":"Point","coordinates":[-2.6499,53.49936]},"properties":{"name":"Power infrastructure","category":"generator","osm_type":"node","osm_id":"6700219108"}},{"type":"Feature","geometry":{"type":"Point","coordinates":[-2.64975,53.4995]},"properties":{"name":"Power infrastructure","category":"generator","osm_type":"node","osm_id":"6700219109"}},{"type":"Feature","geometry":{"type":"Point","coordinates":[-2.64899,53.49961]},"properties":{"name":"Power infrastructure","category":"generator","osm_type":"node","osm_id":"6700219110"}},{"type":"Feature","geometry":{"type":"Point","coordinates":[-2.65261,53.49995]},"properties":{"name":"Power infrastructure","category":"generator","osm_type":"node","osm_id":"6700219114"}},{"type":"Feature","geometry":{"type":"Point","coordinates":[-2.65272,53.49993]},"properties":{"name":"Power infrastructure","category":"generator","osm_type":"node","osm_id":"6700219115"}},{"type":"Feature","geometry":{"type":"Point","coordinates":[-2.65283,53.49954]},"properties":{"name":"Power infrastructure","category":"generator","osm_type":"node","osm_id":"6700219116"}},{"type":"Feature","geometry":{"type":"Point","coordinates":[-2.64948,53.49842]},"properties":{"name":"Power infrastructure","category":"generator","osm_type":"node","osm_id":"6700341550"}},{"type":"Feature","geometry":{"type":"Point","coordinates":[-2.6507,53.49793]},"properties":{"name":"Power infrastructure","category":"generator","osm_type":"node","osm_id":"6700341551"}},{"type":"Feature","geometry":{"type":"Point","coordinates":[-2.65103,53.49776]},"properties":{"name":"Power infrastructure","category":"generator","osm_type":"node","osm_id":"6700341552"}},{"type":"Feature","geometry":{"type":"Point","coordinates":[-2.65133,53.49761]},"properties":{"name":"Power infrastructure","category":"generator","osm_type":"node","osm_id":"6700341553"}},{"type":"Feature","geometry":{"type":"Point","coordinates":[-2.65145,53.49758]},"properties":{"name":"Power infrastructure","category":"generator","osm_type":"node","osm_id":"6700341554"}},{"type":"Feature","geometry":{"type":"Point","coordinates":[-2.65352,53.4967]},"properties":{"name":"Power infrastructure","category":"generator","osm_type":"node","osm_id":"6700341555"}},{"type":"Feature","geometry":{"type":"Point","coordinates":[-2.65421,53.4954]},"properties":{"name":"Power infrastructure","category":"generator","osm_type":"node","osm_id":"6700341556"}},{"type":"Feature","geometry":{"type":"Point","coordinates":[-2.65373,53.49552]},"properties":{"name":"Power infrastructure","category":"generator","osm_type":"node","osm_id":"6700341557"}},{"type":"Feature","geometry":{"type":"Point","coordinates":[-2.65189,53.4958]},"properties":{"name":"Power infrastructure","category":"generator","osm_type":"node","osm_id":"6700341558"}},{"type":"Feature","geometry":{"type":"Point","coordinates":[-2.65182,53.49581]},"properties":{"name":"Power infrastructure","category":"generator","osm_type":"node","osm_id":"6700341559"}},{"type":"Feature","geometry":{"type":"Point","coordinates":[-2.65175,53.49582]},"properties":{"name":"Power infrastructure","category":"generator","osm_type":"node","osm_id":"6700341560"}},{"type":"Feature","geometry":{"type":"Point","coordinates":[-2.65163,53.49583]},"properties":{"name":"Power infrastructure","category":"generator","osm_type":"node","osm_id":"6700341561"}},{"type":"Feature","geometry":{"type":"Point","coordinates":[-2.6515,53.49555]},"properties":{"name":"Power infrastructure","category":"generator","osm_type":"node","osm_id":"6700341562"}},{"type":"Feature","geometry":{"type":"Point","coordinates":[-2.65157,53.49555]},"properties":{"name":"Power infrastructure","category":"generator","osm_type":"node","osm_id":"6700341563"}},{"type":"Feature","geometry":{"type":"Point","coordinates":[-2.65143,53.49556]},"properties":{"name":"Power infrastructure","category":"generator","osm_type":"node","osm_id":"6700341564"}},{"type":"Feature","geometry":{"type":"Point","coordinates":[-2.65175,53.49552]},"properties":{"name":"Power infrastructure","category":"generator","osm_type":"node","osm_id":"6700341565"}},{"type":"Feature","geometry":{"type":"Point","coordinates":[-2.65188,53.49554]},"properties":{"name":"Power infrastructure","category":"generator","osm_type":"node","osm_id":"6700341566"}},{"type":"Feature","geometry":{"type":"Point","coordinates":[-2.65195,53.49553]},"properties":{"name":"Power infrastructure","category":"generator","osm_type":"node","osm_id":"6700341567"}},{"type":"Feature","geometry":{"type":"Point","coordinates":[-2.65211,53.49551]},"properties":{"name":"Power infrastructure","category":"generator","osm_type":"node","osm_id":"6700341568"}},{"type":"Feature","geometry":{"type":"Point","coordinates":[-2.65177,53.4951]},"properties":{"name":"Power infrastructure","category":"generator","osm_type":"node","osm_id":"6700341569"}},{"type":"Feature","geometry":{"type":"Point","coordinates":[-2.65186,53.49509]},"properties":{"name":"Power infrastructure","category":"generator","osm_type":"node","osm_id":"6700341570"}},{"type":"Feature","geometry":{"type":"Point","coordinates":[-2.65196,53.49507]},"properties":{"name":"Power infrastructure","category":"generator","osm_type":"node","osm_id":"6700341571"}},{"type":"Feature","geometry":{"type":"Point","coordinates":[-2.6517,53.4948]},"properties":{"name":"Power infrastructure","category":"generator","osm_type":"node","osm_id":"6700341572"}},{"type":"Feature","geometry":{"type":"Point","coordinates":[-2.65159,53.49481]},"properties":{"name":"Power infrastructure","category":"generator","osm_type":"node","osm_id":"6700341573"}},{"type":"Feature","geometry":{"type":"Point","coordinates":[-2.65147,53.49485]},"properties":{"name":"Power infrastructure","category":"generator","osm_type":"node","osm_id":"6700341574"}},{"type":"Feature","geometry":{"type":"Point","coordinates":[-2.65139,53.49485]},"properties":{"name":"Power infrastructure","category":"generator","osm_type":"node","osm_id":"6700341575"}},{"type":"Feature","geometry":{"type":"Point","coordinates":[-2.65126,53.49488]},"properties":{"name":"Power infrastructure","category":"generator","osm_type":"node","osm_id":"6700341576"}},{"type":"Feature","geometry":{"type":"Point","coordinates":[-2.65115,53.49489]},"properties":{"name":"Power infrastructure","category":"generator","osm_type":"node","osm_id":"6700341577"}},{"type":"Feature","geometry":{"type":"Point","coordinates":[-2.65103,53.49489]},"properties":{"name":"Power infrastructure","category":"generator","osm_type":"node","osm_id":"6700341578"}},{"type":"Feature","geometry":{"type":"Point","coordinates":[-2.65093,53.4949]},"properties":{"name":"Power infrastructure","category":"generator","osm_type":"node","osm_id":"6700341579"}},{"type":"Feature","geometry":{"type":"Point","coordinates":[-2.65053,53.49462]},"properties":{"name":"Power infrastructure","category":"generator","osm_type":"node","osm_id":"6700341580"}},{"type":"Feature","geometry":{"type":"Point","coordinates":[-2.65041,53.49464]},"properties":{"name":"Power infrastructure","category":"generator","osm_type":"node","osm_id":"6700341581"}},{"type":"Feature","geometry":{"type":"Point","coordinates":[-2.65025,53.49466]},"properties":{"name":"Power infrastructure","category":"generator","osm_type":"node","osm_id":"6700341582"}},{"type":"Feature","geometry":{"type":"Point","coordinates":[-2.65016,53.49467]},"properties":{"name":"Power infrastructure","category":"generator","osm_type":"node","osm_id":"6700341583"}},{"type":"Feature","geometry":{"type":"Point","coordinates":[-2.65065,53.49433]},"properties":{"name":"Power infrastructure","category":"generator","osm_type":"node","osm_id":"6700341584"}},{"type":"Feature","geometry":{"type":"Point","coordinates":[-2.65056,53.49434]},"properties":{"name":"Power infrastructure","category":"generator","osm_type":"node","osm_id":"6700391085"}},{"type":"Feature","geometry":{"type":"Point","coordinates":[-2.65042,53.49439]},"properties":{"name":"Power infrastructure","category":"generator","osm_type":"node","osm_id":"6700391086"}},{"type":"Feature","geometry":{"type":"Point","coordinates":[-2.65031,53.49441]},"properties":{"name":"Power infrastructure","category":"generator","osm_type":"node","osm_id":"6700391087"}},{"type":"Feature","geometry":{"type":"Point","coordinates":[-2.65016,53.49442]},"properties":{"name":"Power infrastructure","category":"generator","osm_type":"node","osm_id":"6700391088"}},{"type":"Feature","geometry":{"type":"Point","coordinates":[-2.65005,53.49444]},"properties":{"name":"Power infrastructure","category":"generator","osm_type":"node","osm_id":"6700391089"}},{"type":"Feature","geometry":{"type":"Point","coordinates":[-2.65139,53.49432]},"properties":{"name":"Power infrastructure","category":"generator","osm_type":"node","osm_id":"6700391090"}},{"type":"Feature","geometry":{"type":"Point","coordinates":[-2.65127,53.49434]},"properties":{"name":"Power infrastructure","category":"generator","osm_type":"node","osm_id":"6700391091"}},{"type":"Feature","geometry":{"type":"Point","coordinates":[-2.6513,53.49345]},"properties":{"name":"Power infrastructure","category":"generator","osm_type":"node","osm_id":"6700391092"}},{"type":"Feature","geometry":{"type":"Point","coordinates":[-2.65071,53.49346]},"properties":{"name":"Power infrastructure","category":"generator","osm_type":"node","osm_id":"6700391093"}},{"type":"Feature","geometry":{"type":"Point","coordinates":[-2.6506,53.49345]},"properties":{"name":"Power infrastructure","category":"generator","osm_type":"node","osm_id":"6700391094"}},{"type":"Feature","geometry":{"type":"Point","coordinates":[-2.65046,53.49345]},"properties":{"name":"Power infrastructure","category":"generator","osm_type":"node","osm_id":"6700391095"}},{"type":"Feature","geometry":{"type":"Point","coordinates":[-2.65034,53.49345]},"properties":{"name":"Power infrastructure","category":"generator","osm_type":"node","osm_id":"6700391096"}},{"type":"Feature","geometry":{"type":"Point","coordinates":[-2.6502,53.49344]},"properties":{"name":"Power infrastructure","category":"generator","osm_type":"node","osm_id":"6700391097"}},{"type":"Feature","geometry":{"type":"Point","coordinates":[-2.65011,53.49343]},"properties":{"name":"Power infrastructure","category":"generator","osm_type":"node","osm_id":"6700391098"}},{"type":"Feature","geometry":{"type":"Point","coordinates":[-2.64994,53.49342]},"properties":{"name":"Power infrastructure","category":"generator","osm_type":"node","osm_id":"6700391099"}},{"type":"Feature","geometry":{"type":"Point","coordinates":[-2.64985,53.49342]},"properties":{"name":"Power infrastructure","category":"generator","osm_type":"node","osm_id":"6700391100"}},{"type":"Feature","geometry":{"type":"Point","coordinates":[-2.64969,53.49341]},"properties":{"name":"Power infrastructure","category":"generator","osm_type":"node","osm_id":"6700391101"}},{"type":"Feature","geometry":{"type":"Point","coordinates":[-2.64957,53.4934]},"properties":{"name":"Power infrastructure","category":"generator","osm_type":"node","osm_id":"6700391102"}},{"type":"Feature","geometry":{"type":"Point","coordinates":[-2.64877,53.49465]},"properties":{"name":"Power infrastructure","category":"generator","osm_type":"node","osm_id":"6700391103"}},{"type":"Feature","geometry":{"type":"Point","coordinates":[-2.64785,53.49485]},"properties":{"name":"Power infrastructure","category":"generator","osm_type":"node","osm_id":"6700391104"}},{"type":"Feature","geometry":{"type":"Point","coordinates":[-2.64795,53.49537]},"properties":{"name":"Power infrastructure","category":"generator","osm_type":"node","osm_id":"6700391105"}},{"type":"Feature","geometry":{"type":"Point","coordinates":[-2.64779,53.49537]},"properties":{"name":"Power infrastructure","category":"generator","osm_type":"node","osm_id":"6700391106"}},{"type":"Feature","geometry":{"type":"Point","coordinates":[-2.64828,53.49532]},"properties":{"name":"Power infrastructure","category":"generator","osm_type":"node","osm_id":"6700391107"}},{"type":"Feature","geometry":{"type":"Point","coordinates":[-2.64893,53.49528]},"properties":{"name":"Power infrastructure","category":"generator","osm_type":"node","osm_id":"6700391108"}},{"type":"Feature","geometry":{"type":"Point","coordinates":[-2.64903,53.49527]},"properties":{"name":"Power infrastructure","category":"generator","osm_type":"node","osm_id":"6700391109"}},{"type":"Feature","geometry":{"type":"Point","coordinates":[-2.64904,53.49606]},"properties":{"name":"Power infrastructure","category":"generator","osm_type":"node","osm_id":"6700391110"}},{"type":"Feature","geometry":{"type":"Point","coordinates":[-2.64895,53.49607]},"properties":{"name":"Power infrastructure","category":"generator","osm_type":"node","osm_id":"6700391111"}},{"type":"Feature","geometry":{"type":"Point","coordinates":[-2.64876,53.4961]},"properties":{"name":"Power infrastructure","category":"generator","osm_type":"node","osm_id":"6700391112"}},{"type":"Feature","geometry":{"type":"Point","coordinates":[-2.64844,53.49614]},"properties":{"name":"Power infrastructure","category":"generator","osm_type":"node","osm_id":"6700391113"}},{"type":"Feature","geometry":{"type":"Point","coordinates":[-2.64835,53.49614]},"properties":{"name":"Power infrastructure","category":"generator","osm_type":"node","osm_id":"6700391114"}},{"type":"Feature","geometry":{"type":"Point","coordinates":[-2.64834,53.49587]},"properties":{"name":"Power infrastructure","category":"generator","osm_type":"node","osm_id":"6700391115"}},{"type":"Feature","geometry":{"type":"Point","coordinates":[-2.64882,53.49584]},"properties":{"name":"Power infrastructure","category":"generator","osm_type":"node","osm_id":"6700391116"}},{"type":"Feature","geometry":{"type":"Point","coordinates":[-2.64823,53.49589]},"properties":{"name":"Power infrastructure","category":"generator","osm_type":"node","osm_id":"6700391117"}},{"type":"Feature","geometry":{"type":"Point","coordinates":[-2.64794,53.49589]},"properties":{"name":"Power infrastructure","category":"generator","osm_type":"node","osm_id":"6700391118"}},{"type":"Feature","geometry":{"type":"Point","coordinates":[-2.64779,53.4959]},"properties":{"name":"Power infrastructure","category":"generator","osm_type":"node","osm_id":"6700391119"}},{"type":"Feature","geometry":{"type":"Point","coordinates":[-2.64769,53.49591]},"properties":{"name":"Power infrastructure","category":"generator","osm_type":"node","osm_id":"6700391120"}},{"type":"Feature","geometry":{"type":"Point","coordinates":[-2.64909,53.49581]},"properties":{"name":"Power infrastructure","category":"generator","osm_type":"node","osm_id":"6700391121"}},{"type":"Feature","geometry":{"type":"Point","coordinates":[-2.64777,53.49616]},"properties":{"name":"Power infrastructure","category":"generator","osm_type":"node","osm_id":"6700391122"}},{"type":"Feature","geometry":{"type":"Point","coordinates":[-2.64765,53.49617]},"properties":{"name":"Power infrastructure","category":"generator","osm_type":"node","osm_id":"6700391123"}},{"type":"Feature","geometry":{"type":"Point","coordinates":[-2.64883,53.49697]},"properties":{"name":"Power infrastructure","category":"generator","osm_type":"node","osm_id":"6700391124"}},{"type":"Feature","geometry":{"type":"Point","coordinates":[-2.64896,53.49696]},"properties":{"name":"Power infrastructure","category":"generator","osm_type":"node","osm_id":"6700391125"}},{"type":"Feature","geometry":{"type":"Point","coordinates":[-2.64787,53.49729]},"properties":{"name":"Power infrastructure","category":"generator","osm_type":"node","osm_id":"6700391126"}},{"type":"Feature","geometry":{"type":"Point","coordinates":[-2.64775,53.4973]},"properties":{"name":"Power infrastructure","category":"generator","osm_type":"node","osm_id":"6700391127"}},{"type":"Feature","geometry":{"type":"Point","coordinates":[-2.64758,53.49733]},"properties":{"name":"Power infrastructure","category":"generator","osm_type":"node","osm_id":"6700391128"}},{"type":"Feature","geometry":{"type":"Point","coordinates":[-2.64747,53.49734]},"properties":{"name":"Power infrastructure","category":"generator","osm_type":"node","osm_id":"6700391129"}},{"type":"Feature","geometry":{"type":"Point","coordinates":[-2.64788,53.49752]},"properties":{"name":"Power infrastructure","category":"generator","osm_type":"node","osm_id":"6700391130"}},{"type":"Feature","geometry":{"type":"Point","coordinates":[-2.64808,53.49751]},"properties":{"name":"Power infrastructure","category":"generator","osm_type":"node","osm_id":"6700391131"}},{"type":"Feature","geometry":{"type":"Point","coordinates":[-2.64819,53.49749]},"properties":{"name":"Power infrastructure","category":"generator","osm_type":"node","osm_id":"6700391132"}},{"type":"Feature","geometry":{"type":"Point","coordinates":[-2.64729,53.4976]},"properties":{"name":"Power infrastructure","category":"generator","osm_type":"node","osm_id":"6700391133"}},{"type":"Feature","geometry":{"type":"Point","coordinates":[-2.64681,53.49785]},"properties":{"name":"Power infrastructure","category":"generator","osm_type":"node","osm_id":"6700391134"}},{"type":"Feature","geometry":{"type":"Point","coordinates":[-2.64679,53.49762]},"properties":{"name":"Power infrastructure","category":"generator","osm_type":"node","osm_id":"6700391135"}},{"type":"Feature","geometry":{"type":"Point","coordinates":[-2.64757,53.49783]},"properties":{"name":"Power infrastructure","category":"generator","osm_type":"node","osm_id":"6700391136"}},{"type":"Feature","geometry":{"type":"Point","coordinates":[-2.64811,53.49777]},"properties":{"name":"Power infrastructure","category":"generator","osm_type":"node","osm_id":"6700391137"}},{"type":"Feature","geometry":{"type":"Point","coordinates":[-2.64881,53.49768]},"properties":{"name":"Power infrastructure","category":"generator","osm_type":"node","osm_id":"6700391138"}},{"type":"Feature","geometry":{"type":"Point","coordinates":[-2.64873,53.49739]},"properties":{"name":"Power infrastructure","category":"generator","osm_type":"node","osm_id":"6700391139"}},{"type":"Feature","geometry":{"type":"Point","coordinates":[-2.64863,53.4974]},"properties":{"name":"Power infrastructure","category":"generator","osm_type":"node","osm_id":"6700391140"}},{"type":"Feature","geometry":{"type":"Point","coordinates":[-2.64889,53.49734]},"properties":{"name":"Power infrastructure","category":"generator","osm_type":"node","osm_id":"6700391141"}},{"type":"Feature","geometry":{"type":"Point","coordinates":[-2.649,53.49733]},"properties":{"name":"Power infrastructure","category":"generator","osm_type":"node","osm_id":"6700391142"}},{"type":"Feature","geometry":{"type":"Point","coordinates":[-2.64915,53.49763]},"properties":{"name":"Power infrastructure","category":"generator","osm_type":"node","osm_id":"6700391143"}},{"type":"Feature","geometry":{"type":"Point","coordinates":[-2.64977,53.49735]},"properties":{"name":"Power infrastructure","category":"generator","osm_type":"node","osm_id":"6700391144"}},{"type":"Feature","geometry":{"type":"Point","coordinates":[-2.64942,53.49707]},"properties":{"name":"Power infrastructure","category":"generator","osm_type":"node","osm_id":"6700391145"}},{"type":"Feature","geometry":{"type":"Point","coordinates":[-2.64942,53.49638]},"properties":{"name":"Power infrastructure","category":"generator","osm_type":"node","osm_id":"6700391146"}},{"type":"Feature","geometry":{"type":"Point","coordinates":[-2.64934,53.49639]},"properties":{"name":"Power infrastructure","category":"generator","osm_type":"node","osm_id":"6700391147"}},{"type":"Feature","geometry":{"type":"Point","coordinates":[-2.64177,53.49938]},"properties":{"name":"Power infrastructure","category":"generator","osm_type":"node","osm_id":"6700391148"}},{"type":"Feature","geometry":{"type":"Point","coordinates":[-2.64091,53.49901]},"properties":{"name":"Power infrastructure","category":"generator","osm_type":"node","osm_id":"6700391149"}},{"type":"Feature","geometry":{"type":"Point","coordinates":[-2.64132,53.4986]},"properties":{"name":"Power infrastructure","category":"generator","osm_type":"node","osm_id":"6700391150"}},{"type":"Feature","geometry":{"type":"Point","coordinates":[-2.64115,53.49864]},"properties":{"name":"Power infrastructure","category":"generator","osm_type":"node","osm_id":"6700391151"}},{"type":"Feature","geometry":{"type":"Point","coordinates":[-2.7289,53.47388]},"properties":{"name":"Power infrastructure","category":"generator","osm_type":"node","osm_id":"6700523231"}},{"type":"Feature","geometry":{"type":"Point","coordinates":[-2.72899,53.47391]},"properties":{"name":"Power infrastructure","category":"generator","osm_type":"node","osm_id":"6700523232"}},{"type":"Feature","geometry":{"type":"Point","coordinates":[-2.72954,53.47384]},"properties":{"name":"Power infrastructure","category":"generator","osm_type":"node","osm_id":"6700523233"}},{"type":"Feature","geometry":{"type":"Point","coordinates":[-2.72975,53.47395]},"properties":{"name":"Power infrastructure","category":"generator","osm_type":"node","osm_id":"6700523234"}},{"type":"Feature","geometry":{"type":"Point","coordinates":[-2.72935,53.47411]},"properties":{"name":"Power infrastructure","category":"generator","osm_type":"node","osm_id":"6700523235"}},{"type":"Feature","geometry":{"type":"Point","coordinates":[-2.72917,53.47399]},"properties":{"name":"Power infrastructure","category":"generator","osm_type":"node","osm_id":"6700523236"}},{"type":"Feature","geometry":{"type":"Point","coordinates":[-2.72988,53.47403]},"properties":{"name":"Power infrastructure","category":"generator","osm_type":"node","osm_id":"6700523237"}},{"type":"Feature","geometry":{"type":"Point","coordinates":[-2.72994,53.47407]},"properties":{"name":"Power infrastructure","category":"generator","osm_type":"node","osm_id":"6700523238"}},{"type":"Feature","geometry":{"type":"Point","coordinates":[-2.72855,53.47463]},"properties":{"name":"Power infrastructure","category":"generator","osm_type":"node","osm_id":"6700523239"}},{"type":"Feature","geometry":{"type":"Point","coordinates":[-2.72898,53.47485]},"properties":{"name":"Power infrastructure","category":"generator","osm_type":"node","osm_id":"6700523240"}},{"type":"Feature","geometry":{"type":"Point","coordinates":[-2.72891,53.47487]},"properties":{"name":"Power infrastructure","category":"generator","osm_type":"node","osm_id":"6700523241"}},{"type":"Feature","geometry":{"type":"Point","coordinates":[-2.72874,53.4749]},"properties":{"name":"Power infrastructure","category":"generator","osm_type":"node","osm_id":"6700523242"}},{"type":"Feature","geometry":{"type":"Point","coordinates":[-2.72915,53.4748]},"properties":{"name":"Power infrastructure","category":"generator","osm_type":"node","osm_id":"6700523243"}},{"type":"Feature","geometry":{"type":"Point","coordinates":[-2.72949,53.47469]},"properties":{"name":"Power infrastructure","category":"generator","osm_type":"node","osm_id":"6700523244"}},{"type":"Feature","geometry":{"type":"Point","coordinates":[-2.72943,53.47471]},"properties":{"name":"Power infrastructure","category":"generator","osm_type":"node","osm_id":"6700523245"}},{"type":"Feature","geometry":{"type":"Point","coordinates":[-2.72917,53.47449]},"properties":{"name":"Power infrastructure","category":"generator","osm_type":"node","osm_id":"6700523246"}},{"type":"Feature","geometry":{"type":"Point","coordinates":[-2.72923,53.47447]},"properties":{"name":"Power infrastructure","category":"generator","osm_type":"node","osm_id":"6700523247"}},{"type":"Feature","geometry":{"type":"Point","coordinates":[-2.72968,53.47462]},"properties":{"name":"Power infrastructure","category":"generator","osm_type":"node","osm_id":"6700523248"}},{"type":"Feature","geometry":{"type":"Point","coordinates":[-2.73003,53.47494]},"properties":{"name":"Power infrastructure","category":"generator","osm_type":"node","osm_id":"6700523249"}},{"type":"Feature","geometry":{"type":"Point","coordinates":[-2.72989,53.47502]},"properties":{"name":"Power infrastructure","category":"generator","osm_type":"node","osm_id":"6700523250"}},{"type":"Feature","geometry":{"type":"Point","coordinates":[-2.72963,53.47516]},"properties":{"name":"Power infrastructure","category":"generator","osm_type":"node","osm_id":"6700523251"}},{"type":"Feature","geometry":{"type":"Point","coordinates":[-2.72941,53.47528]},"properties":{"name":"Power infrastructure","category":"generator","osm_type":"node","osm_id":"6700523252"}},{"type":"Feature","geometry":{"type":"Point","coordinates":[-2.72911,53.47548]},"properties":{"name":"Power infrastructure","category":"generator","osm_type":"node","osm_id":"6700523253"}},{"type":"Feature","geometry":{"type":"Point","coordinates":[-2.72897,53.47556]},"properties":{"name":"Power infrastructure","category":"generator","osm_type":"node","osm_id":"6700523254"}},{"type":"Feature","geometry":{"type":"Point","coordinates":[-2.72853,53.47585]},"properties":{"name":"Power infrastructure","category":"generator","osm_type":"node","osm_id":"6700523255"}},{"type":"Feature","geometry":{"type":"Point","coordinates":[-2.72875,53.47571]},"properties":{"name":"Power infrastructure","category":"generator","osm_type":"node","osm_id":"6700523256"}},{"type":"Feature","geometry":{"type":"Point","coordinates":[-2.72861,53.47649]},"properties":{"name":"Power infrastructure","category":"generator","osm_type":"node","osm_id":"6700523257"}},{"type":"Feature","geometry":{"type":"Point","coordinates":[-2.72851,53.47644]},"properties":{"name":"Power infrastructure","category":"generator","osm_type":"node","osm_id":"6700523258"}},{"type":"Feature","geometry":{"type":"Point","coordinates":[-2.72815,53.47651]},"properties":{"name":"Power infrastructure","category":"generator","osm_type":"node","osm_id":"6700523259"}},{"type":"Feature","geometry":{"type":"Point","coordinates":[-2.72776,53.4763]},"properties":{"name":"Power infrastructure","category":"generator","osm_type":"node","osm_id":"6700523260"}},{"type":"Feature","geometry":{"type":"Point","coordinates":[-2.72685,53.47604]},"properties":{"name":"Power infrastructure","category":"generator","osm_type":"node","osm_id":"6700523261"}},{"type":"Feature","geometry":{"type":"Point","coordinates":[-2.72591,53.47599]},"properties":{"name":"Power infrastructure","category":"generator","osm_type":"node","osm_id":"6700523262"}},{"type":"Feature","geometry":{"type":"Point","coordinates":[-2.72586,53.47595]},"properties":{"name":"Power infrastructure","category":"generator","osm_type":"node","osm_id":"6700523263"}},{"type":"Feature","geometry":{"type":"Point","coordinates":[-2.72601,53.47615]},"properties":{"name":"Power infrastructure","category":"generator","osm_type":"node","osm_id":"6700523264"}},{"type":"Feature","geometry":{"type":"Point","coordinates":[-2.72601,53.47621]},"properties":{"name":"Power infrastructure","category":"generator","osm_type":"node","osm_id":"6700523265"}},{"type":"Feature","geometry":{"type":"Point","coordinates":[-2.72637,53.47647]},"properties":{"name":"Power infrastructure","category":"generator","osm_type":"node","osm_id":"6700523266"}},{"type":"Feature","geometry":{"type":"Point","coordinates":[-2.72614,53.47637]},"properties":{"name":"Power infrastructure","category":"generator","osm_type":"node","osm_id":"6700523267"}},{"type":"Feature","geometry":{"type":"Point","coordinates":[-2.72663,53.47639]},"properties":{"name":"Power infrastructure","category":"generator","osm_type":"node","osm_id":"6700523268"}},{"type":"Feature","geometry":{"type":"Point","coordinates":[-2.72671,53.47636]},"properties":{"name":"Power infrastructure","category":"generator","osm_type":"node","osm_id":"6700523269"}},{"type":"Feature","geometry":{"type":"Point","coordinates":[-2.72628,53.47682]},"properties":{"name":"Power infrastructure","category":"generator","osm_type":"node","osm_id":"6700523270"}},{"type":"Feature","geometry":{"type":"Point","coordinates":[-2.72615,53.4768]},"properties":{"name":"Power infrastructure","category":"generator","osm_type":"node","osm_id":"6700523271"}},{"type":"Feature","geometry":{"type":"Point","coordinates":[-2.72529,53.47602]},"properties":{"name":"Power infrastructure","category":"generator","osm_type":"node","osm_id":"6700523272"}},{"type":"Feature","geometry":{"type":"Point","coordinates":[-2.72546,53.47597]},"properties":{"name":"Power infrastructure","category":"generator","osm_type":"node","osm_id":"6700523273"}},{"type":"Feature","geometry":{"type":"Point","coordinates":[-2.72502,53.47577]},"properties":{"name":"Power infrastructure","category":"generator","osm_type":"node","osm_id":"6700523274"}},{"type":"Feature","geometry":{"type":"Point","coordinates":[-2.72508,53.47575]},"properties":{"name":"Power infrastructure","category":"generator","osm_type":"node","osm_id":"6700523275"}},{"type":"Feature","geometry":{"type":"Point","coordinates":[-2.72528,53.4757]},"properties":{"name":"Power infrastructure","category":"generator","osm_type":"node","osm_id":"6700523276"}},{"type":"Feature","geometry":{"type":"Point","coordinates":[-2.72534,53.47568]},"properties":{"name":"Power infrastructure","category":"generator","osm_type":"node","osm_id":"6700523277"}},{"type":"Feature","geometry":{"type":"Point","coordinates":[-2.72552,53.47561]},"properties":{"name":"Power infrastructure","category":"generator","osm_type":"node","osm_id":"6700523278"}},{"type":"Feature","geometry":{"type":"Point","coordinates":[-2.72497,53.47547]},"properties":{"name":"Power infrastructure","category":"generator","osm_type":"node","osm_id":"6700523279"}},{"type":"Feature","geometry":{"type":"Point","coordinates":[-2.72506,53.47544]},"properties":{"name":"Power infrastructure","category":"generator","osm_type":"node","osm_id":"6700523280"}},{"type":"Feature","geometry":{"type":"Point","coordinates":[-2.72477,53.47551]},"properties":{"name":"Power infrastructure","category":"generator","osm_type":"node","osm_id":"6700523281"}},{"type":"Feature","geometry":{"type":"Point","coordinates":[-2.72468,53.47554]},"properties":{"name":"Power infrastructure","category":"generator","osm_type":"node","osm_id":"6700523282"}},{"type":"Feature","geometry":{"type":"Point","coordinates":[-2.72449,53.47558]},"properties":{"name":"Power infrastructure","category":"generator","osm_type":"node","osm_id":"6700523283"}},{"type":"Feature","geometry":{"type":"Point","coordinates":[-2.72438,53.4756]},"properties":{"name":"Power infrastructure","category":"generator","osm_type":"node","osm_id":"6700523284"}},{"type":"Feature","geometry":{"type":"Point","coordinates":[-2.73403,53.47513]},"properties":{"name":"Power infrastructure","category":"generator","osm_type":"node","osm_id":"6700524552"}},{"type":"Feature","geometry":{"type":"Point","coordinates":[-2.73424,53.47594]},"properties":{"name":"Power infrastructure","category":"generator","osm_type":"node","osm_id":"6700524553"}},{"type":"Feature","geometry":{"type":"Point","coordinates":[-2.73443,53.47596]},"properties":{"name":"Power infrastructure","category":"generator","osm_type":"node","osm_id":"6700524554"}},{"type":"Feature","geometry":{"type":"Point","coordinates":[-2.73474,53.47606]},"properties":{"name":"Power infrastructure","category":"generator","osm_type":"node","osm_id":"6700524555"}},{"type":"Feature","geometry":{"type":"Point","coordinates":[-2.73537,53.47567]},"properties":{"name":"Power infrastructure","category":"generator","osm_type":"node","osm_id":"6700524556"}},{"type":"Feature","geometry":{"type":"Point","coordinates":[-2.73573,53.47434]},"properties":{"name":"Power infrastructure","category":"generator","osm_type":"node","osm_id":"6700524557"}},{"type":"Feature","geometry":{"type":"Point","coordinates":[-2.73581,53.47439]},"properties":{"name":"Power infrastructure","category":"generator","osm_type":"node","osm_id":"6700524558"}},{"type":"Feature","geometry":{"type":"Point","coordinates":[-2.73559,53.47425]},"properties":{"name":"Power infrastructure","category":"generator","osm_type":"node","osm_id":"6700524559"}},{"type":"Feature","geometry":{"type":"Point","coordinates":[-2.73553,53.47421]},"properties":{"name":"Power infrastructure","category":"generator","osm_type":"node","osm_id":"6700524560"}},{"type":"Feature","geometry":{"type":"Point","coordinates":[-2.73522,53.47413]},"properties":{"name":"Power infrastructure","category":"generator","osm_type":"node","osm_id":"6700524561"}},{"type":"Feature","geometry":{"type":"Point","coordinates":[-2.73508,53.47405]},"properties":{"name":"Power infrastructure","category":"generator","osm_type":"node","osm_id":"6700524562"}},{"type":"Feature","geometry":{"type":"Point","coordinates":[-2.73501,53.47401]},"properties":{"name":"Power infrastructure","category":"generator","osm_type":"node","osm_id":"6700524563"}},{"type":"Feature","geometry":{"type":"Point","coordinates":[-2.73617,53.47416]},"properties":{"name":"Power infrastructure","category":"generator","osm_type":"node","osm_id":"6700524564"}},{"type":"Feature","geometry":{"type":"Point","coordinates":[-2.73632,53.47424]},"properties":{"name":"Power infrastructure","category":"generator","osm_type":"node","osm_id":"6700524565"}},{"type":"Feature","geometry":{"type":"Point","coordinates":[-2.73638,53.47428]},"properties":{"name":"Power infrastructure","category":"generator","osm_type":"node","osm_id":"6700524566"}},{"type":"Feature","geometry":{"type":"Point","coordinates":[-2.73652,53.47437]},"properties":{"name":"Power infrastructure","category":"generator","osm_type":"node","osm_id":"6700524567"}},{"type":"Feature","geometry":{"type":"Point","coordinates":[-2.7366,53.4744]},"properties":{"name":"Power infrastructure","category":"generator","osm_type":"node","osm_id":"6700524568"}},{"type":"Feature","geometry":{"type":"Point","coordinates":[-2.7368,53.47444]},"properties":{"name":"Power infrastructure","category":"generator","osm_type":"node","osm_id":"6700524569"}},{"type":"Feature","geometry":{"type":"Point","coordinates":[-2.73624,53.47463]},"properties":{"name":"Power infrastructure","category":"generator","osm_type":"node","osm_id":"6700524570"}},{"type":"Feature","geometry":{"type":"Point","coordinates":[-2.73616,53.47458]},"properties":{"name":"Power infrastructure","category":"generator","osm_type":"node","osm_id":"6700524571"}},{"type":"Feature","geometry":{"type":"Point","coordinates":[-2.73488,53.47393]},"properties":{"name":"Power infrastructure","category":"generator","osm_type":"node","osm_id":"6700524572"}},{"type":"Feature","geometry":{"type":"Point","coordinates":[-2.73482,53.47389]},"properties":{"name":"Power infrastructure","category":"generator","osm_type":"node","osm_id":"6700524573"}},{"type":"Feature","geometry":{"type":"Point","coordinates":[-2.73566,53.47245]},"properties":{"name":"Power infrastructure","category":"generator","osm_type":"node","osm_id":"6700524574"}},{"type":"Feature","geometry":{"type":"Point","coordinates":[-2.73559,53.47242]},"properties":{"name":"Power infrastructure","category":"generator","osm_type":"node","osm_id":"6700524575"}},{"type":"Feature","geometry":{"type":"Point","coordinates":[-2.73551,53.47237]},"properties":{"name":"Power infrastructure","category":"generator","osm_type":"node","osm_id":"6700524576"}},{"type":"Feature","geometry":{"type":"Point","coordinates":[-2.73545,53.47233]},"properties":{"name":"Power infrastructure","category":"generator","osm_type":"node","osm_id":"6700524577"}},{"type":"Feature","geometry":{"type":"Point","coordinates":[-2.73703,53.47306]},"properties":{"name":"Power infrastructure","category":"generator","osm_type":"node","osm_id":"6700524578"}},{"type":"Feature","geometry":{"type":"Point","coordinates":[-2.73839,53.47493]},"properties":{"name":"Power infrastructure","category":"generator","osm_type":"node","osm_id":"6700524579"}},{"type":"Feature","geometry":{"type":"Point","coordinates":[-2.73445,53.47669]},"properties":{"name":"Power infrastructure","category":"generator","osm_type":"node","osm_id":"6700524580"}},{"type":"Feature","geometry":{"type":"Point","coordinates":[-2.73422,53.4766]},"properties":{"name":"Power infrastructure","category":"generator","osm_type":"node","osm_id":"6700524581"}},{"type":"Feature","geometry":{"type":"Point","coordinates":[-2.73308,53.47732]},"properties":{"name":"Power infrastructure","category":"generator","osm_type":"node","osm_id":"6700524582"}},{"type":"Feature","geometry":{"type":"Point","coordinates":[-2.73317,53.47731]},"properties":{"name":"Power infrastructure","category":"generator","osm_type":"node","osm_id":"6700524583"}},{"type":"Feature","geometry":{"type":"Point","coordinates":[-2.73478,53.47335]},"properties":{"name":"Power infrastructure","category":"generator","osm_type":"node","osm_id":"6700524584"}},{"type":"Feature","geometry":{"type":"Point","coordinates":[-2.72417,53.47562]},"properties":{"name":"Power infrastructure","category":"generator","osm_type":"node","osm_id":"6700578585"}},{"type":"Feature","geometry":{"type":"Point","coordinates":[-2.72408,53.47562]},"properties":{"name":"Power infrastructure","category":"generator","osm_type":"node","osm_id":"6700578586"}},{"type":"Feature","geometry":{"type":"Point","coordinates":[-2.72388,53.4753]},"properties":{"name":"Power infrastructure","category":"generator","osm_type":"node","osm_id":"6700578587"}},{"type":"Feature","geometry":{"type":"Point","coordinates":[-2.72381,53.47528]},"properties":{"name":"Power infrastructure","category":"generator","osm_type":"node","osm_id":"6700578588"}},{"type":"Feature","geometry":{"type":"Point","coordinates":[-2.72498,53.47485]},"properties":{"name":"Power infrastructure","category":"generator","osm_type":"node","osm_id":"6700578589"}},{"type":"Feature","geometry":{"type":"Point","coordinates":[-2.72354,53.4746]},"properties":{"name":"Power infrastructure","category":"generator","osm_type":"node","osm_id":"6700578590"}},{"type":"Feature","geometry":{"type":"Point","coordinates":[-2.7251,53.47491]},"properties":{"name":"Power infrastructure","category":"generator","osm_type":"node","osm_id":"6700578591"}},{"type":"Feature","geometry":{"type":"Point","coordinates":[-2.72527,53.47498]},"properties":{"name":"Power infrastructure","category":"generator","osm_type":"node","osm_id":"6700578592"}},{"type":"Feature","geometry":{"type":"Point","coordinates":[-2.72519,53.47495]},"properties":{"name":"Power infrastructure","category":"generator","osm_type":"node","osm_id":"6700578593"}},{"type":"Feature","geometry":{"type":"Point","coordinates":[-2.7235,53.47496]},"properties":{"name":"Power infrastructure","category":"generator","osm_type":"node","osm_id":"6700578594"}},{"type":"Feature","geometry":{"type":"Point","coordinates":[-2.72323,53.47416]},"properties":{"name":"Power infrastructure","category":"generator","osm_type":"node","osm_id":"6700578595"}},{"type":"Feature","geometry":{"type":"Point","coordinates":[-2.72301,53.47408]},"properties":{"name":"Power infrastructure","category":"generator","osm_type":"node","osm_id":"6700578596"}},{"type":"Feature","geometry":{"type":"Point","coordinates":[-2.72286,53.474]},"properties":{"name":"Power infrastructure","category":"generator","osm_type":"node","osm_id":"6700578597"}},{"type":"Feature","geometry":{"type":"Point","coordinates":[-2.72279,53.47398]},"properties":{"name":"Power infrastructure","category":"generator","osm_type":"node","osm_id":"6700578598"}},{"type":"Feature","geometry":{"type":"Point","coordinates":[-2.72257,53.4739]},"properties":{"name":"Power infrastructure","category":"generator","osm_type":"node","osm_id":"6700578599"}},{"type":"Feature","geometry":{"type":"Point","coordinates":[-2.72243,53.47393]},"properties":{"name":"Power infrastructure","category":"generator","osm_type":"node","osm_id":"6700578600"}},{"type":"Feature","geometry":{"type":"Point","coordinates":[-2.72345,53.47387]},"properties":{"name":"Power infrastructure","category":"generator","osm_type":"node","osm_id":"6700578601"}},{"type":"Feature","geometry":{"type":"Point","coordinates":[-2.72384,53.47364]},"properties":{"name":"Power infrastructure","category":"generator","osm_type":"node","osm_id":"6700578602"}},{"type":"Feature","geometry":{"type":"Point","coordinates":[-2.72366,53.47355]},"properties":{"name":"Power infrastructure","category":"generator","osm_type":"node","osm_id":"6700578603"}},{"type":"Feature","geometry":{"type":"Point","coordinates":[-2.72467,53.47384]},"properties":{"name":"Power infrastructure","category":"generator","osm_type":"node","osm_id":"6700578604"}},{"type":"Feature","geometry":{"type":"Point","coordinates":[-2.72451,53.47378]},"properties":{"name":"Power infrastructure","category":"generator","osm_type":"node","osm_id":"6700578605"}},{"type":"Feature","geometry":{"type":"Point","coordinates":[-2.72477,53.47364]},"properties":{"name":"Power infrastructure","category":"generator","osm_type":"node","osm_id":"6700578606"}},{"type":"Feature","geometry":{"type":"Point","coordinates":[-2.72636,53.47476]},"properties":{"name":"Power infrastructure","category":"generator","osm_type":"node","osm_id":"6700578607"}},{"type":"Feature","geometry":{"type":"Point","coordinates":[-2.72642,53.47478]},"properties":{"name":"Power infrastructure","category":"generator","osm_type":"node","osm_id":"6700578608"}},{"type":"Feature","geometry":{"type":"Point","coordinates":[-2.72661,53.47483]},"properties":{"name":"Power infrastructure","category":"generator","osm_type":"node","osm_id":"6700578609"}},{"type":"Feature","geometry":{"type":"Point","coordinates":[-2.72668,53.47486]},"properties":{"name":"Power infrastructure","category":"generator","osm_type":"node","osm_id":"6700578610"}},{"type":"Feature","geometry":{"type":"Point","coordinates":[-2.72688,53.47491]},"properties":{"name":"Power infrastructure","category":"generator","osm_type":"node","osm_id":"6700578611"}},{"type":"Feature","geometry":{"type":"Point","coordinates":[-2.72699,53.47492]},"properties":{"name":"Power infrastructure","category":"generator","osm_type":"node","osm_id":"6700578612"}},{"type":"Feature","geometry":{"type":"Point","coordinates":[-2.72726,53.47497]},"properties":{"name":"Power infrastructure","category":"generator","osm_type":"node","osm_id":"6700578613"}},{"type":"Feature","geometry":{"type":"Point","coordinates":[-2.72722,53.47468]},"properties":{"name":"Power infrastructure","category":"generator","osm_type":"node","osm_id":"6700578614"}},{"type":"Feature","geometry":{"type":"Point","coordinates":[-2.72716,53.47468]},"properties":{"name":"Power infrastructure","category":"generator","osm_type":"node","osm_id":"6700578615"}},{"type":"Feature","geometry":{"type":"Point","coordinates":[-2.7269,53.47461]},"properties":{"name":"Power infrastructure","category":"generator","osm_type":"node","osm_id":"6700578616"}},{"type":"Feature","geometry":{"type":"Point","coordinates":[-2.72683,53.47459]},"properties":{"name":"Power infrastructure","category":"generator","osm_type":"node","osm_id":"6700578617"}},{"type":"Feature","geometry":{"type":"Point","coordinates":[-2.72754,53.4747]},"properties":{"name":"Power infrastructure","category":"generator","osm_type":"node","osm_id":"6700578618"}},{"type":"Feature","geometry":{"type":"Point","coordinates":[-2.72761,53.47469]},"properties":{"name":"Power infrastructure","category":"generator","osm_type":"node","osm_id":"6700578619"}},{"type":"Feature","geometry":{"type":"Point","coordinates":[-2.72778,53.47461]},"properties":{"name":"Power infrastructure","category":"generator","osm_type":"node","osm_id":"6700578620"}},{"type":"Feature","geometry":{"type":"Point","coordinates":[-2.72785,53.47459]},"properties":{"name":"Power infrastructure","category":"generator","osm_type":"node","osm_id":"6700578621"}},{"type":"Feature","geometry":{"type":"Point","coordinates":[-2.72748,53.47499]},"properties":{"name":"Power infrastructure","category":"generator","osm_type":"node","osm_id":"6700578622"}},{"type":"Feature","geometry":{"type":"Point","coordinates":[-2.72756,53.47501]},"properties":{"name":"Power infrastructure","category":"generator","osm_type":"node","osm_id":"6700578623"}},{"type":"Feature","geometry":{"type":"Point","coordinates":[-2.72797,53.47543]},"properties":{"name":"Power infrastructure","category":"generator","osm_type":"node","osm_id":"6700578624"}},{"type":"Feature","geometry":{"type":"Point","coordinates":[-2.72805,53.47543]},"properties":{"name":"Power infrastructure","category":"generator","osm_type":"node","osm_id":"6700578625"}},{"type":"Feature","geometry":{"type":"Point","coordinates":[-2.72784,53.47532]},"properties":{"name":"Power infrastructure","category":"generator","osm_type":"node","osm_id":"6700578626"}},{"type":"Feature","geometry":{"type":"Point","coordinates":[-2.72783,53.47528]},"properties":{"name":"Power infrastructure","category":"generator","osm_type":"node","osm_id":"6700578627"}},{"type":"Feature","geometry":{"type":"Point","coordinates":[-2.72783,53.47515]},"properties":{"name":"Power infrastructure","category":"generator","osm_type":"node","osm_id":"6700578628"}},{"type":"Feature","geometry":{"type":"Point","coordinates":[-2.72781,53.4751]},"properties":{"name":"Power infrastructure","category":"generator","osm_type":"node","osm_id":"6700578629"}},{"type":"Feature","geometry":{"type":"Point","coordinates":[-2.72842,53.47505]},"properties":{"name":"Power infrastructure","category":"generator","osm_type":"node","osm_id":"6700578630"}},{"type":"Feature","geometry":{"type":"Point","coordinates":[-2.72843,53.47511]},"properties":{"name":"Power infrastructure","category":"generator","osm_type":"node","osm_id":"6700578631"}},{"type":"Feature","geometry":{"type":"Point","coordinates":[-2.72844,53.47525]},"properties":{"name":"Power infrastructure","category":"generator","osm_type":"node","osm_id":"6700578632"}},{"type":"Feature","geometry":{"type":"Point","coordinates":[-2.72844,53.4753]},"properties":{"name":"Power infrastructure","category":"generator","osm_type":"node","osm_id":"6700578633"}},{"type":"Feature","geometry":{"type":"Point","coordinates":[-2.72836,53.47542]},"properties":{"name":"Power infrastructure","category":"generator","osm_type":"node","osm_id":"6700578634"}},{"type":"Feature","geometry":{"type":"Point","coordinates":[-2.72825,53.47542]},"properties":{"name":"Power infrastructure","category":"generator","osm_type":"node","osm_id":"6700578635"}},{"type":"Feature","geometry":{"type":"Point","coordinates":[-2.72918,53.47687]},"properties":{"name":"Power infrastructure","category":"generator","osm_type":"node","osm_id":"6700578636"}},{"type":"Feature","geometry":{"type":"Point","coordinates":[-2.72949,53.47706]},"properties":{"name":"Power infrastructure","category":"generator","osm_type":"node","osm_id":"6700578637"}},{"type":"Feature","geometry":{"type":"Point","coordinates":[-2.72959,53.47712]},"properties":{"name":"Power infrastructure","category":"generator","osm_type":"node","osm_id":"6700578638"}},{"type":"Feature","geometry":{"type":"Point","coordinates":[-2.72987,53.47731]},"properties":{"name":"Power infrastructure","category":"generator","osm_type":"node","osm_id":"6700578639"}},{"type":"Feature","geometry":{"type":"Point","coordinates":[-2.72887,53.47671]},"properties":{"name":"Power infrastructure","category":"generator","osm_type":"node","osm_id":"6700578640"}},{"type":"Feature","geometry":{"type":"Point","coordinates":[-2.72876,53.47664]},"properties":{"name":"Power infrastructure","category":"generator","osm_type":"node","osm_id":"6700578641"}},{"type":"Feature","geometry":{"type":"Point","coordinates":[-2.72955,53.47637]},"properties":{"name":"Power infrastructure","category":"generator","osm_type":"node","osm_id":"6700578642"}},{"type":"Feature","geometry":{"type":"Point","coordinates":[-2.73473,53.47332]},"properties":{"name":"Power infrastructure","category":"generator","osm_type":"node","osm_id":"6700587885"}},{"type":"Feature","geometry":{"type":"Point","coordinates":[-2.73456,53.47322]},"properties":{"name":"Power infrastructure","category":"generator","osm_type":"node","osm_id":"6700587886"}},{"type":"Feature","geometry":{"type":"Point","coordinates":[-2.72226,53.47046]},"properties":{"name":"Power infrastructure","category":"generator","osm_type":"node","osm_id":"6700587887"}},{"type":"Feature","geometry":{"type":"Point","coordinates":[-2.7324,53.47108]},"properties":{"name":"Power infrastructure","category":"generator","osm_type":"node","osm_id":"6700739812"}},{"type":"Feature","geometry":{"type":"Point","coordinates":[-2.72678,53.46918]},"properties":{"name":"Power infrastructure","category":"generator","osm_type":"node","osm_id":"6700739813"}},{"type":"Feature","geometry":{"type":"Point","coordinates":[-2.71908,53.46978]},"properties":{"name":"Power infrastructure","category":"generator","osm_type":"node","osm_id":"6700739814"}},{"type":"Feature","geometry":{"type":"Point","coordinates":[-2.7194,53.46943]},"properties":{"name":"Power infrastructure","category":"generator","osm_type":"node","osm_id":"6700739815"}},{"type":"Feature","geometry":{"type":"Point","coordinates":[-2.73961,53.45908]},"properties":{"name":"Power infrastructure","category":"generator","osm_type":"node","osm_id":"6700739816"}},{"type":"Feature","geometry":{"type":"Point","coordinates":[-2.73971,53.45908]},"properties":{"name":"Power infrastructure","category":"generator","osm_type":"node","osm_id":"6700739817"}},{"type":"Feature","geometry":{"type":"Point","coordinates":[-2.73982,53.45906]},"properties":{"name":"Power infrastructure","category":"generator","osm_type":"node","osm_id":"6700739818"}},{"type":"Feature","geometry":{"type":"Point","coordinates":[-2.73995,53.45904]},"properties":{"name":"Power infrastructure","category":"generator","osm_type":"node","osm_id":"6700739819"}},{"type":"Feature","geometry":{"type":"Point","coordinates":[-2.74004,53.45929]},"properties":{"name":"Power infrastructure","category":"generator","osm_type":"node","osm_id":"6700739820"}},{"type":"Feature","geometry":{"type":"Point","coordinates":[-2.73991,53.4593]},"properties":{"name":"Power infrastructure","category":"generator","osm_type":"node","osm_id":"6700739821"}},{"type":"Feature","geometry":{"type":"Point","coordinates":[-2.7398,53.45932]},"properties":{"name":"Power infrastructure","category":"generator","osm_type":"node","osm_id":"6700739822"}},{"type":"Feature","geometry":{"type":"Point","coordinates":[-2.73968,53.45932]},"properties":{"name":"Power infrastructure","category":"generator","osm_type":"node","osm_id":"6700739823"}},{"type":"Feature","geometry":{"type":"Point","coordinates":[-2.73966,53.45884]},"properties":{"name":"Power infrastructure","category":"generator","osm_type":"node","osm_id":"6700739824"}},{"type":"Feature","geometry":{"type":"Point","coordinates":[-2.73986,53.45881]},"properties":{"name":"Power infrastructure","category":"generator","osm_type":"node","osm_id":"6700739825"}},{"type":"Feature","geometry":{"type":"Point","coordinates":[-2.73978,53.45856]},"properties":{"name":"Power infrastructure","category":"generator","osm_type":"node","osm_id":"6700739826"}},{"type":"Feature","geometry":{"type":"Point","coordinates":[-2.73957,53.45858]},"properties":{"name":"Power infrastructure","category":"generator","osm_type":"node","osm_id":"6700739827"}},{"type":"Feature","geometry":{"type":"Point","coordinates":[-2.73969,53.45857]},"properties":{"name":"Power infrastructure","category":"generator","osm_type":"node","osm_id":"6700739828"}},{"type":"Feature","geometry":{"type":"Point","coordinates":[-2.73945,53.4586]},"properties":{"name":"Power infrastructure","category":"generator","osm_type":"node","osm_id":"6700739829"}},{"type":"Feature","geometry":{"type":"Point","coordinates":[-2.73929,53.45861]},"properties":{"name":"Power infrastructure","category":"generator","osm_type":"node","osm_id":"6700739830"}},{"type":"Feature","geometry":{"type":"Point","coordinates":[-2.73917,53.45862]},"properties":{"name":"Power infrastructure","category":"generator","osm_type":"node","osm_id":"6700739831"}},{"type":"Feature","geometry":{"type":"Point","coordinates":[-2.739,53.45864]},"properties":{"name":"Power infrastructure","category":"generator","osm_type":"node","osm_id":"6700739832"}},{"type":"Feature","geometry":{"type":"Point","coordinates":[-2.73974,53.45955]},"properties":{"name":"Power infrastructure","category":"generator","osm_type":"node","osm_id":"6700739833"}},{"type":"Feature","geometry":{"type":"Point","coordinates":[-2.73988,53.45954]},"properties":{"name":"Power infrastructure","category":"generator","osm_type":"node","osm_id":"6700739834"}},{"type":"Feature","geometry":{"type":"Point","coordinates":[-2.73999,53.45953]},"properties":{"name":"Power infrastructure","category":"generator","osm_type":"node","osm_id":"6700739835"}},{"type":"Feature","geometry":{"type":"Point","coordinates":[-2.7401,53.45953]},"properties":{"name":"Power infrastructure","category":"generator","osm_type":"node","osm_id":"6700739836"}},{"type":"Feature","geometry":{"type":"Point","coordinates":[-2.74853,53.45851]},"properties":{"name":"Power infrastructure","category":"generator","osm_type":"node","osm_id":"6700739843"}},{"type":"Feature","geometry":{"type":"Point","coordinates":[-2.11879,53.44442]},"properties":{"name":"Power infrastructure","category":"generator","osm_type":"node","osm_id":"6705389320"}},{"type":"Feature","geometry":{"type":"Point","coordinates":[-2.11446,53.44668]},"properties":{"name":"Power infrastructure","category":"generator","osm_type":"node","osm_id":"6705389321"}},{"type":"Feature","geometry":{"type":"Point","coordinates":[-2.11347,53.44672]},"properties":{"name":"Power infrastructure","category":"generator","osm_type":"node","osm_id":"6705389322"}},{"type":"Feature","geometry":{"type":"Point","coordinates":[-2.12035,53.44322]},"properties":{"name":"Power infrastructure","category":"generator","osm_type":"node","osm_id":"6705389323"}},{"type":"Feature","geometry":{"type":"Point","coordinates":[-2.1208,53.44323]},"properties":{"name":"Power infrastructure","category":"generator","osm_type":"node","osm_id":"6705389324"}},{"type":"Feature","geometry":{"type":"Point","coordinates":[-2.11674,53.44522]},"properties":{"name":"Power infrastructure","category":"generator","osm_type":"node","osm_id":"6705389325"}},{"type":"Feature","geometry":{"type":"Point","coordinates":[-2.11569,53.44674]},"properties":{"name":"Power infrastructure","category":"generator","osm_type":"node","osm_id":"6705389326"}},{"type":"Feature","geometry":{"type":"Point","coordinates":[-2.11225,53.44682]},"properties":{"name":"Power infrastructure","category":"generator","osm_type":"node","osm_id":"6705389327"}},{"type":"Feature","geometry":{"type":"Point","coordinates":[-2.11509,53.44615]},"properties":{"name":"Power infrastructure","category":"generator","osm_type":"node","osm_id":"6705389328"}},{"type":"Feature","geometry":{"type":"Point","coordinates":[-2.1207,53.44367]},"properties":{"name":"Power infrastructure","category":"generator","osm_type":"node","osm_id":"6705389329"}},{"type":"Feature","geometry":{"type":"Point","coordinates":[-2.11644,53.44525]},"properties":{"name":"Power infrastructure","category":"generator","osm_type":"node","osm_id":"6705389330"}},{"type":"Feature","geometry":{"type":"Point","coordinates":[-2.11811,53.44434]},"properties":{"name":"Power infrastructure","category":"generator","osm_type":"node","osm_id":"6705389331"}},{"type":"Feature","geometry":{"type":"Point","coordinates":[-2.11787,53.44496]},"properties":{"name":"Power infrastructure","category":"generator","osm_type":"node","osm_id":"6705389332"}},{"type":"Feature","geometry":{"type":"Point","coordinates":[-2.11916,53.44422]},"properties":{"name":"Power infrastructure","category":"generator","osm_type":"node","osm_id":"6705389333"}},{"type":"Feature","geometry":{"type":"Point","coordinates":[-2.11967,53.44363]},"properties":{"name":"Power infrastructure","category":"generator","osm_type":"node","osm_id":"6705389334"}},{"type":"Feature","geometry":{"type":"Point","coordinates":[-2.12039,53.44407]},"properties":{"name":"Power infrastructure","category":"generator","osm_type":"node","osm_id":"6705389335"}},{"type":"Feature","geometry":{"type":"Point","coordinates":[-2.12068,53.44323]},"properties":{"name":"Power infrastructure","category":"generator","osm_type":"node","osm_id":"6705389337"}},{"type":"Feature","geometry":{"type":"Point","coordinates":[-2.1202,53.44363]},"properties":{"name":"Power infrastructure","category":"generator","osm_type":"node","osm_id":"6705389338"}},{"type":"Feature","geometry":{"type":"Point","coordinates":[-2.11756,53.44481]},"properties":{"name":"Power infrastructure","category":"generator","osm_type":"node","osm_id":"6705389339"}},{"type":"Feature","geometry":{"type":"Point","coordinates":[-2.12046,53.44323]},"properties":{"name":"Power infrastructure","category":"generator","osm_type":"node","osm_id":"6705389340"}},{"type":"Feature","geometry":{"type":"Point","coordinates":[-2.11839,53.44526]},"properties":{"name":"Power infrastructure","category":"generator","osm_type":"node","osm_id":"6705389341"}},{"type":"Feature","geometry":{"type":"Point","coordinates":[-2.12114,53.44349]},"properties":{"name":"Power infrastructure","category":"generator","osm_type":"node","osm_id":"6705389342"}},{"type":"Feature","geometry":{"type":"Point","coordinates":[-2.11643,53.44647]},"properties":{"name":"Power infrastructure","category":"generator","osm_type":"node","osm_id":"6705389343"}},{"type":"Feature","geometry":{"type":"Point","coordinates":[-2.11827,53.44463]},"properties":{"name":"Power infrastructure","category":"generator","osm_type":"node","osm_id":"6705389344"}},{"type":"Feature","geometry":{"type":"Point","coordinates":[-2.11791,53.44493]},"properties":{"name":"Power infrastructure","category":"generator","osm_type":"node","osm_id":"6705389345"}},{"type":"Feature","geometry":{"type":"Point","coordinates":[-2.11614,53.44529]},"properties":{"name":"Power infrastructure","category":"generator","osm_type":"node","osm_id":"6705389346"}},{"type":"Feature","geometry":{"type":"Point","coordinates":[-2.11871,53.44439]},"properties":{"name":"Power infrastructure","category":"generator","osm_type":"node","osm_id":"6705389347"}},{"type":"Feature","geometry":{"type":"Point","coordinates":[-2.1171,53.4446]},"properties":{"name":"Power infrastructure","category":"generator","osm_type":"node","osm_id":"6705389348"}},{"type":"Feature","geometry":{"type":"Point","coordinates":[-2.11757,53.44433]},"properties":{"name":"Power infrastructure","category":"generator","osm_type":"node","osm_id":"6705389349"}},{"type":"Feature","geometry":{"type":"Point","coordinates":[-2.11355,53.44661]},"properties":{"name":"Power infrastructure","category":"generator","osm_type":"node","osm_id":"6705389350"}},{"type":"Feature","geometry":{"type":"Point","coordinates":[-2.1125,53.44652]},"properties":{"name":"Power infrastructure","category":"generator","osm_type":"node","osm_id":"6705389351"}},{"type":"Feature","geometry":{"type":"Point","coordinates":[-2.12014,53.44369]},"properties":{"name":"Power infrastructure","category":"generator","osm_type":"node","osm_id":"6705389352"}},{"type":"Feature","geometry":{"type":"Point","coordinates":[-2.11591,53.44646]},"properties":{"name":"Power infrastructure","category":"generator","osm_type":"node","osm_id":"6705389353"}},{"type":"Feature","geometry":{"type":"Point","coordinates":[-2.12004,53.44373]},"properties":{"name":"Power infrastructure","category":"generator","osm_type":"node","osm_id":"6705389354"}},{"type":"Feature","geometry":{"type":"Point","coordinates":[-2.11651,53.44649]},"properties":{"name":"Power infrastructure","category":"generator","osm_type":"node","osm_id":"6705389355"}},{"type":"Feature","geometry":{"type":"Point","coordinates":[-2.11274,53.44657]},"properties":{"name":"Power infrastructure","category":"generator","osm_type":"node","osm_id":"6705389356"}},{"type":"Feature","geometry":{"type":"Point","coordinates":[-2.11567,53.44702]},"properties":{"name":"Power infrastructure","category":"generator","osm_type":"node","osm_id":"6705389357"}},{"type":"Feature","geometry":{"type":"Point","coordinates":[-2.11979,53.44352]},"properties":{"name":"Power infrastructure","category":"generator","osm_type":"node","osm_id":"6705389358"}},{"type":"Feature","geometry":{"type":"Point","coordinates":[-2.11416,53.44649]},"properties":{"name":"Power infrastructure","category":"generator","osm_type":"node","osm_id":"6705389359"}},{"type":"Feature","geometry":{"type":"Point","coordinates":[-2.11761,53.44591]},"properties":{"name":"Power infrastructure","category":"generator","osm_type":"node","osm_id":"6705389360"}},{"type":"Feature","geometry":{"type":"Point","coordinates":[-2.11364,53.44701]},"properties":{"name":"Power infrastructure","category":"generator","osm_type":"node","osm_id":"6705389361"}},{"type":"Feature","geometry":{"type":"Point","coordinates":[-2.11895,53.44396]},"properties":{"name":"Power infrastructure","category":"generator","osm_type":"node","osm_id":"6705389362"}},{"type":"Feature","geometry":{"type":"Point","coordinates":[-2.11718,53.44464]},"properties":{"name":"Power infrastructure","category":"generator","osm_type":"node","osm_id":"6705389363"}},{"type":"Feature","geometry":{"type":"Point","coordinates":[-2.11819,53.44426]},"properties":{"name":"Power infrastructure","category":"generator","osm_type":"node","osm_id":"6705389364"}},{"type":"Feature","geometry":{"type":"Point","coordinates":[-2.11382,53.44705]},"properties":{"name":"Power infrastructure","category":"generator","osm_type":"node","osm_id":"6705389365"}},{"type":"Feature","geometry":{"type":"Point","coordinates":[-2.11654,53.44524]},"properties":{"name":"Power infrastructure","category":"generator","osm_type":"node","osm_id":"6705389366"}},{"type":"Feature","geometry":{"type":"Point","coordinates":[-2.12012,53.44326]},"properties":{"name":"Power infrastructure","category":"generator","osm_type":"node","osm_id":"6705389367"}},{"type":"Feature","geometry":{"type":"Point","coordinates":[-2.11126,53.44604]},"properties":{"name":"Power infrastructure","category":"generator","osm_type":"node","osm_id":"6705389368"}},{"type":"Feature","geometry":{"type":"Point","coordinates":[-2.11731,53.44595]},"properties":{"name":"Power infrastructure","category":"generator","osm_type":"node","osm_id":"6705389370"}},{"type":"Feature","geometry":{"type":"Point","coordinates":[-2.11296,53.44662]},"properties":{"name":"Power infrastructure","category":"generator","osm_type":"node","osm_id":"6705389371"}},{"type":"Feature","geometry":{"type":"Point","coordinates":[-2.12034,53.44367]},"properties":{"name":"Power infrastructure","category":"generator","osm_type":"node","osm_id":"6705389372"}},{"type":"Feature","geometry":{"type":"Point","coordinates":[-2.1187,53.44478]},"properties":{"name":"Power infrastructure","category":"generator","osm_type":"node","osm_id":"6705389373"}},{"type":"Feature","geometry":{"type":"Point","coordinates":[-2.11469,53.44634]},"properties":{"name":"Power infrastructure","category":"generator","osm_type":"node","osm_id":"6705389374"}},{"type":"Feature","geometry":{"type":"Point","coordinates":[-2.11587,53.44651]},"properties":{"name":"Power infrastructure","category":"generator","osm_type":"node","osm_id":"6705389375"}},{"type":"Feature","geometry":{"type":"Point","coordinates":[-2.11286,53.44659]},"properties":{"name":"Power infrastructure","category":"generator","osm_type":"node","osm_id":"6705389376"}},{"type":"Feature","geometry":{"type":"Point","coordinates":[-2.11998,53.44378]},"properties":{"name":"Power infrastructure","category":"generator","osm_type":"node","osm_id":"6705389377"}},{"type":"Feature","geometry":{"type":"Point","coordinates":[-2.11889,53.444]},"properties":{"name":"Power infrastructure","category":"generator","osm_type":"node","osm_id":"6705389378"}},{"type":"Feature","geometry":{"type":"Point","coordinates":[-2.11901,53.4439]},"properties":{"name":"Power infrastructure","category":"generator","osm_type":"node","osm_id":"6705389379"}},{"type":"Feature","geometry":{"type":"Point","coordinates":[-2.11608,53.44639]},"properties":{"name":"Power infrastructure","category":"generator","osm_type":"node","osm_id":"6705389380"}},{"type":"Feature","geometry":{"type":"Point","coordinates":[-2.11747,53.44593]},"properties":{"name":"Power infrastructure","category":"generator","osm_type":"node","osm_id":"6705389381"}},{"type":"Feature","geometry":{"type":"Point","coordinates":[-2.11922,53.44417]},"properties":{"name":"Power infrastructure","category":"generator","osm_type":"node","osm_id":"6705389382"}},{"type":"Feature","geometry":{"type":"Point","coordinates":[-2.11886,53.44445]},"properties":{"name":"Power infrastructure","category":"generator","osm_type":"node","osm_id":"6705389383"}},{"type":"Feature","geometry":{"type":"Point","coordinates":[-2.11684,53.44601]},"properties":{"name":"Power infrastructure","category":"generator","osm_type":"node","osm_id":"6705389384"}},{"type":"Feature","geometry":{"type":"Point","coordinates":[-2.11569,53.44571]},"properties":{"name":"Power infrastructure","category":"generator","osm_type":"node","osm_id":"6705407185"}},{"type":"Feature","geometry":{"type":"Point","coordinates":[-2.12054,53.44413]},"properties":{"name":"Power infrastructure","category":"generator","osm_type":"node","osm_id":"6705407186"}},{"type":"Feature","geometry":{"type":"Point","coordinates":[-2.11827,53.44393]},"properties":{"name":"Power infrastructure","category":"generator","osm_type":"node","osm_id":"6705407187"}},{"type":"Feature","geometry":{"type":"Point","coordinates":[-2.11877,53.44411]},"properties":{"name":"Power infrastructure","category":"generator","osm_type":"node","osm_id":"6705407188"}},{"type":"Feature","geometry":{"type":"Point","coordinates":[-2.11902,53.44355]},"properties":{"name":"Power infrastructure","category":"generator","osm_type":"node","osm_id":"6705407189"}},{"type":"Feature","geometry":{"type":"Point","coordinates":[-2.117,53.44498]},"properties":{"name":"Power infrastructure","category":"generator","osm_type":"node","osm_id":"6705407190"}},{"type":"Feature","geometry":{"type":"Point","coordinates":[-2.11706,53.44598]},"properties":{"name":"Power infrastructure","category":"generator","osm_type":"node","osm_id":"6705407191"}},{"type":"Feature","geometry":{"type":"Point","coordinates":[-2.1181,53.44545]},"properties":{"name":"Power infrastructure","category":"generator","osm_type":"node","osm_id":"6705407192"}},{"type":"Feature","geometry":{"type":"Point","coordinates":[-2.11743,53.44545]},"properties":{"name":"Power infrastructure","category":"generator","osm_type":"node","osm_id":"6705407193"}},{"type":"Feature","geometry":{"type":"Point","coordinates":[-2.12005,53.44332]},"properties":{"name":"Power infrastructure","category":"generator","osm_type":"node","osm_id":"6705407194"}},{"type":"Feature","geometry":{"type":"Point","coordinates":[-2.11308,53.44665]},"properties":{"name":"Power infrastructure","category":"generator","osm_type":"node","osm_id":"6705407195"}},{"type":"Feature","geometry":{"type":"Point","coordinates":[-2.11774,53.44589]},"properties":{"name":"Power infrastructure","category":"generator","osm_type":"node","osm_id":"6705407197"}},{"type":"Feature","geometry":{"type":"Point","coordinates":[-2.11748,53.4443]},"properties":{"name":"Power infrastructure","category":"generator","osm_type":"node","osm_id":"6705407198"}},{"type":"Feature","geometry":{"type":"Point","coordinates":[-2.1184,53.44452]},"properties":{"name":"Power infrastructure","category":"generator","osm_type":"node","osm_id":"6705407199"}},{"type":"Feature","geometry":{"type":"Point","coordinates":[-2.11474,53.44607]},"properties":{"name":"Power infrastructure","category":"generator","osm_type":"node","osm_id":"6705407200"}},{"type":"Feature","geometry":{"type":"Point","coordinates":[-2.11695,53.446]},"properties":{"name":"Power infrastructure","category":"generator","osm_type":"node","osm_id":"6705407201"}},{"type":"Feature","geometry":{"type":"Point","coordinates":[-2.11449,53.44663]},"properties":{"name":"Power infrastructure","category":"generator","osm_type":"node","osm_id":"6705407202"}},{"type":"Feature","geometry":{"type":"Point","coordinates":[-2.11336,53.44694]},"properties":{"name":"Power infrastructure","category":"generator","osm_type":"node","osm_id":"6705407203"}},{"type":"Feature","geometry":{"type":"Point","coordinates":[-2.11355,53.44698]},"properties":{"name":"Power infrastructure","category":"generator","osm_type":"node","osm_id":"6705407204"}},{"type":"Feature","geometry":{"type":"Point","coordinates":[-2.11483,53.44609]},"properties":{"name":"Power infrastructure","category":"generator","osm_type":"node","osm_id":"6705407205"}},{"type":"Feature","geometry":{"type":"Point","coordinates":[-2.11488,53.44568]},"properties":{"name":"Power infrastructure","category":"generator","osm_type":"node","osm_id":"6705407206"}},{"type":"Feature","geometry":{"type":"Point","coordinates":[-2.11919,53.44362]},"properties":{"name":"Power infrastructure","category":"generator","osm_type":"node","osm_id":"6705407207"}},{"type":"Feature","geometry":{"type":"Point","coordinates":[-2.11717,53.44597]},"properties":{"name":"Power infrastructure","category":"generator","osm_type":"node","osm_id":"6705407208"}},{"type":"Feature","geometry":{"type":"Point","coordinates":[-2.11467,53.44697]},"properties":{"name":"Power infrastructure","category":"generator","osm_type":"node","osm_id":"6705407209"}},{"type":"Feature","geometry":{"type":"Point","coordinates":[-2.11351,53.44667]},"properties":{"name":"Power infrastructure","category":"generator","osm_type":"node","osm_id":"6705407210"}},{"type":"Feature","geometry":{"type":"Point","coordinates":[-2.12058,53.44323]},"properties":{"name":"Power infrastructure","category":"generator","osm_type":"node","osm_id":"6705407211"}},{"type":"Feature","geometry":{"type":"Point","coordinates":[-2.12132,53.44384]},"properties":{"name":"Power infrastructure","category":"generator","osm_type":"node","osm_id":"6705407212"}},{"type":"Feature","geometry":{"type":"Point","coordinates":[-2.11984,53.44347]},"properties":{"name":"Power infrastructure","category":"generator","osm_type":"node","osm_id":"6705407213"}},{"type":"Feature","geometry":{"type":"Point","coordinates":[-2.11685,53.44521]},"properties":{"name":"Power infrastructure","category":"generator","osm_type":"node","osm_id":"6705407214"}},{"type":"Feature","geometry":{"type":"Point","coordinates":[-2.11519,53.44617]},"properties":{"name":"Power infrastructure","category":"generator","osm_type":"node","osm_id":"6705407215"}},{"type":"Feature","geometry":{"type":"Point","coordinates":[-2.11785,53.44583]},"properties":{"name":"Power infrastructure","category":"generator","osm_type":"node","osm_id":"6705407216"}},{"type":"Feature","geometry":{"type":"Point","coordinates":[-2.11555,53.44579]},"properties":{"name":"Power infrastructure","category":"generator","osm_type":"node","osm_id":"6705407217"}},{"type":"Feature","geometry":{"type":"Point","coordinates":[-2.1181,53.44386]},"properties":{"name":"Power infrastructure","category":"generator","osm_type":"node","osm_id":"6705407218"}},{"type":"Feature","geometry":{"type":"Point","coordinates":[-2.11766,53.44517]},"properties":{"name":"Power infrastructure","category":"generator","osm_type":"node","osm_id":"6705407219"}},{"type":"Feature","geometry":{"type":"Point","coordinates":[-2.11802,53.44382]},"properties":{"name":"Power infrastructure","category":"generator","osm_type":"node","osm_id":"6705407220"}},{"type":"Feature","geometry":{"type":"Point","coordinates":[-2.11751,53.44533]},"properties":{"name":"Power infrastructure","category":"generator","osm_type":"node","osm_id":"6705407221"}},{"type":"Feature","geometry":{"type":"Point","coordinates":[-2.12062,53.44416]},"properties":{"name":"Power infrastructure","category":"generator","osm_type":"node","osm_id":"6705407222"}},{"type":"Feature","geometry":{"type":"Point","coordinates":[-2.12091,53.44403]},"properties":{"name":"Power infrastructure","category":"generator","osm_type":"node","osm_id":"6705407223"}},{"type":"Feature","geometry":{"type":"Point","coordinates":[-2.11938,53.44465]},"properties":{"name":"Power infrastructure","category":"generator","osm_type":"node","osm_id":"6705407224"}},{"type":"Feature","geometry":{"type":"Point","coordinates":[-2.11262,53.44654]},"properties":{"name":"Power infrastructure","category":"generator","osm_type":"node","osm_id":"6705407225"}},{"type":"Feature","geometry":{"type":"Point","coordinates":[-2.12116,53.44391]},"properties":{"name":"Power infrastructure","category":"generator","osm_type":"node","osm_id":"6705407226"}},{"type":"Feature","geometry":{"type":"Point","coordinates":[-2.11478,53.447]},"properties":{"name":"Power infrastructure","category":"generator","osm_type":"node","osm_id":"6705407227"}},{"type":"Feature","geometry":{"type":"Point","coordinates":[-2.1209,53.44323]},"properties":{"name":"Power infrastructure","category":"generator","osm_type":"node","osm_id":"6705407228"}},{"type":"Feature","geometry":{"type":"Point","coordinates":[-2.11862,53.44435]},"properties":{"name":"Power infrastructure","category":"generator","osm_type":"node","osm_id":"6705407229"}},{"type":"Feature","geometry":{"type":"Point","coordinates":[-2.11623,53.44528]},"properties":{"name":"Power infrastructure","category":"generator","osm_type":"node","osm_id":"6705407230"}},{"type":"Feature","geometry":{"type":"Point","coordinates":[-2.11781,53.44501]},"properties":{"name":"Power infrastructure","category":"generator","osm_type":"node","osm_id":"6705407231"}},{"type":"Feature","geometry":{"type":"Point","coordinates":[-2.11906,53.44385]},"properties":{"name":"Power infrastructure","category":"generator","osm_type":"node","osm_id":"6705407232"}},{"type":"Feature","geometry":{"type":"Point","coordinates":[-2.11427,53.4469]},"properties":{"name":"Power infrastructure","category":"generator","osm_type":"node","osm_id":"6705407233"}},{"type":"Feature","geometry":{"type":"Point","coordinates":[-2.11633,53.44526]},"properties":{"name":"Power infrastructure","category":"generator","osm_type":"node","osm_id":"6705407234"}},{"type":"Feature","geometry":{"type":"Point","coordinates":[-2.11664,53.44523]},"properties":{"name":"Power infrastructure","category":"generator","osm_type":"node","osm_id":"6705407235"}},{"type":"Feature","geometry":{"type":"Point","coordinates":[-2.11852,53.44444]},"properties":{"name":"Power infrastructure","category":"generator","osm_type":"node","osm_id":"6705407236"}},{"type":"Feature","geometry":{"type":"Point","coordinates":[-2.11828,53.44349]},"properties":{"name":"Power infrastructure","category":"generator","osm_type":"node","osm_id":"6705407237"}},{"type":"Feature","geometry":{"type":"Point","coordinates":[-2.11912,53.44454]},"properties":{"name":"Power infrastructure","category":"generator","osm_type":"node","osm_id":"6705407238"}},{"type":"Feature","geometry":{"type":"Point","coordinates":[-2.11833,53.44531]},"properties":{"name":"Power infrastructure","category":"generator","osm_type":"node","osm_id":"6705407240"}},{"type":"Feature","geometry":{"type":"Point","coordinates":[-2.11464,53.4464]},"properties":{"name":"Power infrastructure","category":"generator","osm_type":"node","osm_id":"6705407241"}},{"type":"Feature","geometry":{"type":"Point","coordinates":[-2.12124,53.44388]},"properties":{"name":"Power infrastructure","category":"generator","osm_type":"node","osm_id":"6705407243"}},{"type":"Feature","geometry":{"type":"Point","coordinates":[-2.11549,53.44536]},"properties":{"name":"Power infrastructure","category":"generator","osm_type":"node","osm_id":"6705407244"}},{"type":"Feature","geometry":{"type":"Point","coordinates":[-2.11769,53.444]},"properties":{"name":"Power infrastructure","category":"generator","osm_type":"node","osm_id":"6705407245"}},{"type":"Feature","geometry":{"type":"Point","coordinates":[-2.12021,53.4443]},"properties":{"name":"Power infrastructure","category":"generator","osm_type":"node","osm_id":"6705407246"}},{"type":"Feature","geometry":{"type":"Point","coordinates":[-2.11962,53.44368]},"properties":{"name":"Power infrastructure","category":"generator","osm_type":"node","osm_id":"6705407247"}},{"type":"Feature","geometry":{"type":"Point","coordinates":[-2.11802,53.44791]},"properties":{"name":"Power infrastructure","category":"generator","osm_type":"node","osm_id":"6705457202"}},{"type":"Feature","geometry":{"type":"Point","coordinates":[-2.11799,53.44657]},"properties":{"name":"Power infrastructure","category":"generator","osm_type":"node","osm_id":"6705457203"}},{"type":"Feature","geometry":{"type":"Point","coordinates":[-2.11999,53.44551]},"properties":{"name":"Power infrastructure","category":"generator","osm_type":"node","osm_id":"6705457204"}},{"type":"Feature","geometry":{"type":"Point","coordinates":[-2.11832,53.4433]},"properties":{"name":"Power infrastructure","category":"generator","osm_type":"node","osm_id":"6705457205"}},{"type":"Feature","geometry":{"type":"Point","coordinates":[-2.11351,53.44736]},"properties":{"name":"Power infrastructure","category":"generator","osm_type":"node","osm_id":"6705457206"}},{"type":"Feature","geometry":{"type":"Point","coordinates":[-2.1111,53.44813]},"properties":{"name":"Power infrastructure","category":"generator","osm_type":"node","osm_id":"6705457207"}},{"type":"Feature","geometry":{"type":"Point","coordinates":[-2.11958,53.44556]},"properties":{"name":"Power infrastructure","category":"generator","osm_type":"node","osm_id":"6705457208"}},{"type":"Feature","geometry":{"type":"Point","coordinates":[-2.11081,53.44792]},"properties":{"name":"Power infrastructure","category":"generator","osm_type":"node","osm_id":"6705457209"}},{"type":"Feature","geometry":{"type":"Point","coordinates":[-2.11126,53.44755]},"properties":{"name":"Power infrastructure","category":"generator","osm_type":"node","osm_id":"6705457210"}},{"type":"Feature","geometry":{"type":"Point","coordinates":[-2.11059,53.44723]},"properties":{"name":"Power infrastructure","category":"generator","osm_type":"node","osm_id":"6705457211"}},{"type":"Feature","geometry":{"type":"Point","coordinates":[-2.11643,53.44804]},"properties":{"name":"Power infrastructure","category":"generator","osm_type":"node","osm_id":"6705457212"}},{"type":"Feature","geometry":{"type":"Point","coordinates":[-2.11649,53.44711]},"properties":{"name":"Power infrastructure","category":"generator","osm_type":"node","osm_id":"6705457213"}},{"type":"Feature","geometry":{"type":"Point","coordinates":[-2.11067,53.44803]},"properties":{"name":"Power infrastructure","category":"generator","osm_type":"node","osm_id":"6705457214"}},{"type":"Feature","geometry":{"type":"Point","coordinates":[-2.11632,53.44716]},"properties":{"name":"Power infrastructure","category":"generator","osm_type":"node","osm_id":"6705457215"}},{"type":"Feature","geometry":{"type":"Point","coordinates":[-2.11749,53.44741]},"properties":{"name":"Power infrastructure","category":"generator","osm_type":"node","osm_id":"6705457216"}},{"type":"Feature","geometry":{"type":"Point","coordinates":[-2.11506,53.44728]},"properties":{"name":"Power infrastructure","category":"generator","osm_type":"node","osm_id":"6705457217"}},{"type":"Feature","geometry":{"type":"Point","coordinates":[-2.11142,53.44795]},"properties":{"name":"Power infrastructure","category":"generator","osm_type":"node","osm_id":"6705457218"}},{"type":"Feature","geometry":{"type":"Point","coordinates":[-2.11908,53.44326]},"properties":{"name":"Power infrastructure","category":"generator","osm_type":"node","osm_id":"6705457219"}},{"type":"Feature","geometry":{"type":"Point","coordinates":[-2.11558,53.4476]},"properties":{"name":"Power infrastructure","category":"generator","osm_type":"node","osm_id":"6705457220"}},{"type":"Feature","geometry":{"type":"Point","coordinates":[-2.11594,53.44794]},"properties":{"name":"Power infrastructure","category":"generator","osm_type":"node","osm_id":"6705457221"}},{"type":"Feature","geometry":{"type":"Point","coordinates":[-2.11633,53.44802]},"properties":{"name":"Power infrastructure","category":"generator","osm_type":"node","osm_id":"6705457222"}},{"type":"Feature","geometry":{"type":"Point","coordinates":[-2.11136,53.44799]},"properties":{"name":"Power infrastructure","category":"generator","osm_type":"node","osm_id":"6705457223"}},{"type":"Feature","geometry":{"type":"Point","coordinates":[-2.1113,53.44802]},"properties":{"name":"Power infrastructure","category":"generator","osm_type":"node","osm_id":"6705457224"}},{"type":"Feature","geometry":{"type":"Point","coordinates":[-2.11513,53.44717]},"properties":{"name":"Power infrastructure","category":"generator","osm_type":"node","osm_id":"6705457225"}},{"type":"Feature","geometry":{"type":"Point","coordinates":[-2.11837,53.44824]},"properties":{"name":"Power infrastructure","category":"generator","osm_type":"node","osm_id":"6705457226"}},{"type":"Feature","geometry":{"type":"Point","coordinates":[-2.11624,53.448]},"properties":{"name":"Power infrastructure","category":"generator","osm_type":"node","osm_id":"6705457227"}},{"type":"Feature","geometry":{"type":"Point","coordinates":[-2.1181,53.44656]},"properties":{"name":"Power infrastructure","category":"generator","osm_type":"node","osm_id":"6705457228"}},{"type":"Feature","geometry":{"type":"Point","coordinates":[-2.11087,53.44746]},"properties":{"name":"Power infrastructure","category":"generator","osm_type":"node","osm_id":"6705457229"}},{"type":"Feature","geometry":{"type":"Point","coordinates":[-2.11099,53.44698]},"properties":{"name":"Power infrastructure","category":"generator","osm_type":"node","osm_id":"6705457230"}},{"type":"Feature","geometry":{"type":"Point","coordinates":[-2.11106,53.44735]},"properties":{"name":"Power infrastructure","category":"generator","osm_type":"node","osm_id":"6705457231"}},{"type":"Feature","geometry":{"type":"Point","coordinates":[-2.1179,53.44659]},"properties":{"name":"Power infrastructure","category":"generator","osm_type":"node","osm_id":"6705457232"}},{"type":"Feature","geometry":{"type":"Point","coordinates":[-2.11774,53.4474]},"properties":{"name":"Power infrastructure","category":"generator","osm_type":"node","osm_id":"6705457233"}},{"type":"Feature","geometry":{"type":"Point","coordinates":[-2.11011,53.44749]},"properties":{"name":"Power infrastructure","category":"generator","osm_type":"node","osm_id":"6705457234"}},{"type":"Feature","geometry":{"type":"Point","coordinates":[-2.11394,53.44746]},"properties":{"name":"Power infrastructure","category":"generator","osm_type":"node","osm_id":"6705457235"}},{"type":"Feature","geometry":{"type":"Point","coordinates":[-2.11722,53.44599]},"properties":{"name":"Power infrastructure","category":"generator","osm_type":"node","osm_id":"6705457236"}},{"type":"Feature","geometry":{"type":"Point","coordinates":[-2.11729,53.44779]},"properties":{"name":"Power infrastructure","category":"generator","osm_type":"node","osm_id":"6705457237"}},{"type":"Feature","geometry":{"type":"Point","coordinates":[-2.11113,53.4476]},"properties":{"name":"Power infrastructure","category":"generator","osm_type":"node","osm_id":"6705457238"}},{"type":"Feature","geometry":{"type":"Point","coordinates":[-2.11817,53.44845]},"properties":{"name":"Power infrastructure","category":"generator","osm_type":"node","osm_id":"6705457239"}},{"type":"Feature","geometry":{"type":"Point","coordinates":[-2.11088,53.44788]},"properties":{"name":"Power infrastructure","category":"generator","osm_type":"node","osm_id":"6705457240"}},{"type":"Feature","geometry":{"type":"Point","coordinates":[-2.11978,53.44554]},"properties":{"name":"Power infrastructure","category":"generator","osm_type":"node","osm_id":"6705457241"}},{"type":"Feature","geometry":{"type":"Point","coordinates":[-2.11731,53.4485]},"properties":{"name":"Power infrastructure","category":"generator","osm_type":"node","osm_id":"6705457242"}},{"type":"Feature","geometry":{"type":"Point","coordinates":[-2.11071,53.44716]},"properties":{"name":"Power infrastructure","category":"generator","osm_type":"node","osm_id":"6705457243"}},{"type":"Feature","geometry":{"type":"Point","coordinates":[-2.11808,53.44786]},"properties":{"name":"Power infrastructure","category":"generator","osm_type":"node","osm_id":"6705457244"}},{"type":"Feature","geometry":{"type":"Point","coordinates":[-2.11064,53.44719]},"properties":{"name":"Power infrastructure","category":"generator","osm_type":"node","osm_id":"6705457245"}},{"type":"Feature","geometry":{"type":"Point","coordinates":[-2.11575,53.44789]},"properties":{"name":"Power infrastructure","category":"generator","osm_type":"node","osm_id":"6705457246"}},{"type":"Feature","geometry":{"type":"Point","coordinates":[-2.11571,53.44727]},"properties":{"name":"Power infrastructure","category":"generator","osm_type":"node","osm_id":"6705457247"}},{"type":"Feature","geometry":{"type":"Point","coordinates":[-2.11648,53.44688]},"properties":{"name":"Power infrastructure","category":"generator","osm_type":"node","osm_id":"6705457248"}},{"type":"Feature","geometry":{"type":"Point","coordinates":[-2.11122,53.44725]},"properties":{"name":"Power infrastructure","category":"generator","osm_type":"node","osm_id":"6705457249"}},{"type":"Feature","geometry":{"type":"Point","coordinates":[-2.11659,53.44782]},"properties":{"name":"Power infrastructure","category":"generator","osm_type":"node","osm_id":"6705457250"}},{"type":"Feature","geometry":{"type":"Point","coordinates":[-2.11882,53.44287]},"properties":{"name":"Power infrastructure","category":"generator","osm_type":"node","osm_id":"6705457251"}},{"type":"Feature","geometry":{"type":"Point","coordinates":[-2.11791,53.44743]},"properties":{"name":"Power infrastructure","category":"generator","osm_type":"node","osm_id":"6705457252"}},{"type":"Feature","geometry":{"type":"Point","coordinates":[-2.11425,53.44714]},"properties":{"name":"Power infrastructure","category":"generator","osm_type":"node","osm_id":"6705457253"}},{"type":"Feature","geometry":{"type":"Point","coordinates":[-2.11782,53.44742]},"properties":{"name":"Power infrastructure","category":"generator","osm_type":"node","osm_id":"6705457255"}},{"type":"Feature","geometry":{"type":"Point","coordinates":[-2.11744,53.44841]},"properties":{"name":"Power infrastructure","category":"generator","osm_type":"node","osm_id":"6705457256"}},{"type":"Feature","geometry":{"type":"Point","coordinates":[-2.11755,53.44735]},"properties":{"name":"Power infrastructure","category":"generator","osm_type":"node","osm_id":"6705457257"}},{"type":"Feature","geometry":{"type":"Point","coordinates":[-2.11086,53.44706]},"properties":{"name":"Power infrastructure","category":"generator","osm_type":"node","osm_id":"6705457258"}},{"type":"Feature","geometry":{"type":"Point","coordinates":[-2.1164,53.44709]},"properties":{"name":"Power infrastructure","category":"generator","osm_type":"node","osm_id":"6705457259"}},{"type":"Feature","geometry":{"type":"Point","coordinates":[-2.11099,53.44739]},"properties":{"name":"Power infrastructure","category":"generator","osm_type":"node","osm_id":"6705457260"}},{"type":"Feature","geometry":{"type":"Point","coordinates":[-2.11499,53.44741]},"properties":{"name":"Power infrastructure","category":"generator","osm_type":"node","osm_id":"6705457261"}},{"type":"Feature","geometry":{"type":"Point","coordinates":[-2.11615,53.44798]},"properties":{"name":"Power infrastructure","category":"generator","osm_type":"node","osm_id":"6705457262"}},{"type":"Feature","geometry":{"type":"Point","coordinates":[-2.11023,53.44744]},"properties":{"name":"Power infrastructure","category":"generator","osm_type":"node","osm_id":"6705457263"}},{"type":"Feature","geometry":{"type":"Point","coordinates":[-2.11116,53.44729]},"properties":{"name":"Power infrastructure","category":"generator","osm_type":"node","osm_id":"6705457264"}},{"type":"Feature","geometry":{"type":"Point","coordinates":[-2.11385,53.44745]},"properties":{"name":"Power infrastructure","category":"generator","osm_type":"node","osm_id":"6705457265"}},{"type":"Feature","geometry":{"type":"Point","coordinates":[-2.11036,53.44737]},"properties":{"name":"Power infrastructure","category":"generator","osm_type":"node","osm_id":"6705457266"}},{"type":"Feature","geometry":{"type":"Point","coordinates":[-2.11005,53.44753]},"properties":{"name":"Power infrastructure","category":"generator","osm_type":"node","osm_id":"6705457267"}},{"type":"Feature","geometry":{"type":"Point","coordinates":[-2.11849,53.44268]},"properties":{"name":"Power infrastructure","category":"generator","osm_type":"node","osm_id":"6705457268"}},{"type":"Feature","geometry":{"type":"Point","coordinates":[-2.11924,53.44324]},"properties":{"name":"Power infrastructure","category":"generator","osm_type":"node","osm_id":"6705457269"}},{"type":"Feature","geometry":{"type":"Point","coordinates":[-2.11073,53.44799]},"properties":{"name":"Power infrastructure","category":"generator","osm_type":"node","osm_id":"6705457270"}},{"type":"Feature","geometry":{"type":"Point","coordinates":[-2.11764,53.44737]},"properties":{"name":"Power infrastructure","category":"generator","osm_type":"node","osm_id":"6705457271"}},{"type":"Feature","geometry":{"type":"Point","coordinates":[-2.11797,53.44797]},"properties":{"name":"Power infrastructure","category":"generator","osm_type":"node","osm_id":"6705457272"}},{"type":"Feature","geometry":{"type":"Point","coordinates":[-2.116,53.44769]},"properties":{"name":"Power infrastructure","category":"generator","osm_type":"node","osm_id":"6705457273"}},{"type":"Feature","geometry":{"type":"Point","coordinates":[-2.1112,53.44757]},"properties":{"name":"Power infrastructure","category":"generator","osm_type":"node","osm_id":"6705457274"}},{"type":"Feature","geometry":{"type":"Point","coordinates":[-2.11106,53.44763]},"properties":{"name":"Power infrastructure","category":"generator","osm_type":"node","osm_id":"6705457275"}},{"type":"Feature","geometry":{"type":"Point","coordinates":[-2.11527,53.4472]},"properties":{"name":"Power infrastructure","category":"generator","osm_type":"node","osm_id":"6705457276"}},{"type":"Feature","geometry":{"type":"Point","coordinates":[-2.1118,53.44666]},"properties":{"name":"Power infrastructure","category":"generator","osm_type":"node","osm_id":"6705457277"}},{"type":"Feature","geometry":{"type":"Point","coordinates":[-2.11029,53.44741]},"properties":{"name":"Power infrastructure","category":"generator","osm_type":"node","osm_id":"6705457278"}},{"type":"Feature","geometry":{"type":"Point","coordinates":[-2.12159,53.44361]},"properties":{"name":"Power infrastructure","category":"generator","osm_type":"node","osm_id":"6705457279"}},{"type":"Feature","geometry":{"type":"Point","coordinates":[-2.1195,53.44333]},"properties":{"name":"Power infrastructure","category":"generator","osm_type":"node","osm_id":"6705457280"}},{"type":"Feature","geometry":{"type":"Point","coordinates":[-2.11638,53.44686]},"properties":{"name":"Power infrastructure","category":"generator","osm_type":"node","osm_id":"6705457281"}},{"type":"Feature","geometry":{"type":"Point","coordinates":[-2.1186,53.4465]},"properties":{"name":"Power infrastructure","category":"generator","osm_type":"node","osm_id":"6705457282"}},{"type":"Feature","geometry":{"type":"Point","coordinates":[-2.11042,53.44733]},"properties":{"name":"Power infrastructure","category":"generator","osm_type":"node","osm_id":"6705457283"}},{"type":"Feature","geometry":{"type":"Point","coordinates":[-2.11403,53.44749]},"properties":{"name":"Power infrastructure","category":"generator","osm_type":"node","osm_id":"6705457284"}},{"type":"Feature","geometry":{"type":"Point","coordinates":[-2.11173,53.44664]},"properties":{"name":"Power infrastructure","category":"generator","osm_type":"node","osm_id":"6705467085"}},{"type":"Feature","geometry":{"type":"Point","coordinates":[-2.1194,53.4433]},"properties":{"name":"Power infrastructure","category":"generator","osm_type":"node","osm_id":"6705467086"}},{"type":"Feature","geometry":{"type":"Point","coordinates":[-2.11851,53.44651]},"properties":{"name":"Power infrastructure","category":"generator","osm_type":"node","osm_id":"6705467087"}},{"type":"Feature","geometry":{"type":"Point","coordinates":[-2.11781,53.44813]},"properties":{"name":"Power infrastructure","category":"generator","osm_type":"node","osm_id":"6705467088"}},{"type":"Feature","geometry":{"type":"Point","coordinates":[-2.11757,53.44831]},"properties":{"name":"Power infrastructure","category":"generator","osm_type":"node","osm_id":"6705467089"}},{"type":"Feature","geometry":{"type":"Point","coordinates":[-2.11485,53.44758]},"properties":{"name":"Power infrastructure","category":"generator","osm_type":"node","osm_id":"6705467090"}},{"type":"Feature","geometry":{"type":"Point","coordinates":[-2.1113,53.44684]},"properties":{"name":"Power infrastructure","category":"generator","osm_type":"node","osm_id":"6705467092"}},{"type":"Feature","geometry":{"type":"Point","coordinates":[-2.1109,53.44823]},"properties":{"name":"Power infrastructure","category":"generator","osm_type":"node","osm_id":"6705467093"}},{"type":"Feature","geometry":{"type":"Point","coordinates":[-2.11988,53.44553]},"properties":{"name":"Power infrastructure","category":"generator","osm_type":"node","osm_id":"6705467094"}},{"type":"Feature","geometry":{"type":"Point","coordinates":[-2.11886,53.44517]},"properties":{"name":"Power infrastructure","category":"generator","osm_type":"node","osm_id":"6705467095"}},{"type":"Feature","geometry":{"type":"Point","coordinates":[-2.11054,53.44765]},"properties":{"name":"Power infrastructure","category":"generator","osm_type":"node","osm_id":"6705467096"}},{"type":"Feature","geometry":{"type":"Point","coordinates":[-2.11932,53.44327]},"properties":{"name":"Power infrastructure","category":"generator","osm_type":"node","osm_id":"6705467097"}},{"type":"Feature","geometry":{"type":"Point","coordinates":[-2.11052,53.44727]},"properties":{"name":"Power infrastructure","category":"generator","osm_type":"node","osm_id":"6705467098"}},{"type":"Feature","geometry":{"type":"Point","coordinates":[-2.10993,53.44761]},"properties":{"name":"Power infrastructure","category":"generator","osm_type":"node","osm_id":"6705467099"}},{"type":"Feature","geometry":{"type":"Point","coordinates":[-2.11878,53.44372]},"properties":{"name":"Power infrastructure","category":"generator","osm_type":"node","osm_id":"6705467100"}},{"type":"Feature","geometry":{"type":"Point","coordinates":[-2.11605,53.4471]},"properties":{"name":"Power infrastructure","category":"generator","osm_type":"node","osm_id":"6705467101"}},{"type":"Feature","geometry":{"type":"Point","coordinates":[-2.1182,53.44655]},"properties":{"name":"Power infrastructure","category":"generator","osm_type":"node","osm_id":"6705467102"}},{"type":"Feature","geometry":{"type":"Point","coordinates":[-2.11048,53.44769]},"properties":{"name":"Power infrastructure","category":"generator","osm_type":"node","osm_id":"6705467103"}},{"type":"Feature","geometry":{"type":"Point","coordinates":[-2.11098,53.44819]},"properties":{"name":"Power infrastructure","category":"generator","osm_type":"node","osm_id":"6705467104"}},{"type":"Feature","geometry":{"type":"Point","coordinates":[-2.11897,53.44515]},"properties":{"name":"Power infrastructure","category":"generator","osm_type":"node","osm_id":"6705467105"}},{"type":"Feature","geometry":{"type":"Point","coordinates":[-2.11829,53.44654]},"properties":{"name":"Power infrastructure","category":"generator","osm_type":"node","osm_id":"6705467106"}},{"type":"Feature","geometry":{"type":"Point","coordinates":[-2.11123,53.44805]},"properties":{"name":"Power infrastructure","category":"generator","osm_type":"node","osm_id":"6705467107"}},{"type":"Feature","geometry":{"type":"Point","coordinates":[-2.11678,53.44832]},"properties":{"name":"Power infrastructure","category":"generator","osm_type":"node","osm_id":"6705467108"}},{"type":"Feature","geometry":{"type":"Point","coordinates":[-2.11734,53.44767]},"properties":{"name":"Power infrastructure","category":"generator","osm_type":"node","osm_id":"6705467109"}},{"type":"Feature","geometry":{"type":"Point","coordinates":[-2.11907,53.44514]},"properties":{"name":"Power infrastructure","category":"generator","osm_type":"node","osm_id":"6705467110"}},{"type":"Feature","geometry":{"type":"Point","coordinates":[-2.11548,53.44759]},"properties":{"name":"Power infrastructure","category":"generator","osm_type":"node","osm_id":"6705467111"}},{"type":"Feature","geometry":{"type":"Point","coordinates":[-2.10362,53.45384]},"properties":{"name":"Power infrastructure","category":"generator","osm_type":"node","osm_id":"6707838752"}},{"type":"Feature","geometry":{"type":"Point","coordinates":[-2.10365,53.45339]},"properties":{"name":"Power infrastructure","category":"generator","osm_type":"node","osm_id":"6707838754"}},{"type":"Feature","geometry":{"type":"Point","coordinates":[-2.10339,53.4534]},"properties":{"name":"Power infrastructure","category":"generator","osm_type":"node","osm_id":"6707838756"}},{"type":"Feature","geometry":{"type":"Point","coordinates":[-2.11836,53.44396]},"properties":{"name":"Power infrastructure","category":"generator","osm_type":"node","osm_id":"6707838757"}},{"type":"Feature","geometry":{"type":"Point","coordinates":[-2.10348,53.45385]},"properties":{"name":"Power infrastructure","category":"generator","osm_type":"node","osm_id":"6707838759"}},{"type":"Feature","geometry":{"type":"Point","coordinates":[-2.11587,53.44829]},"properties":{"name":"Power infrastructure","category":"generator","osm_type":"node","osm_id":"6707838760"}},{"type":"Feature","geometry":{"type":"Point","coordinates":[-2.10385,53.45383]},"properties":{"name":"Power infrastructure","category":"generator","osm_type":"node","osm_id":"6707838765"}},{"type":"Feature","geometry":{"type":"Point","coordinates":[-2.10308,53.45414]},"properties":{"name":"Power infrastructure","category":"generator","osm_type":"node","osm_id":"6707838777"}},{"type":"Feature","geometry":{"type":"Point","coordinates":[-2.10504,53.45287]},"properties":{"name":"Power infrastructure","category":"generator","osm_type":"node","osm_id":"6707838779"}},{"type":"Feature","geometry":{"type":"Point","coordinates":[-2.10647,53.45284]},"properties":{"name":"Power infrastructure","category":"generator","osm_type":"node","osm_id":"6707838780"}},{"type":"Feature","geometry":{"type":"Point","coordinates":[-2.10318,53.45299]},"properties":{"name":"Power infrastructure","category":"generator","osm_type":"node","osm_id":"6707838784"}},{"type":"Feature","geometry":{"type":"Point","coordinates":[-2.10521,53.45455]},"properties":{"name":"Power infrastructure","category":"generator","osm_type":"node","osm_id":"6707845088"}},{"type":"Feature","geometry":{"type":"Point","coordinates":[-2.10596,53.45287]},"properties":{"name":"Power infrastructure","category":"generator","osm_type":"node","osm_id":"6707845090"}},{"type":"Feature","geometry":{"type":"Point","coordinates":[-2.1182,53.44419]},"properties":{"name":"Power infrastructure","category":"generator","osm_type":"node","osm_id":"6707845093"}},{"type":"Feature","geometry":{"type":"Point","coordinates":[-2.10949,53.44816]},"properties":{"name":"Power infrastructure","category":"generator","osm_type":"node","osm_id":"6707845095"}},{"type":"Feature","geometry":{"type":"Point","coordinates":[-2.10354,53.4534]},"properties":{"name":"Power infrastructure","category":"generator","osm_type":"node","osm_id":"6707845097"}},{"type":"Feature","geometry":{"type":"Point","coordinates":[-2.10471,53.45263]},"properties":{"name":"Power infrastructure","category":"generator","osm_type":"node","osm_id":"6707845104"}},{"type":"Feature","geometry":{"type":"Point","coordinates":[-2.10263,53.45197]},"properties":{"name":"Power infrastructure","category":"generator","osm_type":"node","osm_id":"6707845105"}},{"type":"Feature","geometry":{"type":"Point","coordinates":[-2.10343,53.45297]},"properties":{"name":"Power infrastructure","category":"generator","osm_type":"node","osm_id":"6707845106"}},{"type":"Feature","geometry":{"type":"Point","coordinates":[-2.10563,53.45252]},"properties":{"name":"Power infrastructure","category":"generator","osm_type":"node","osm_id":"6707845109"}},{"type":"Feature","geometry":{"type":"Point","coordinates":[-2.10396,53.45421]},"properties":{"name":"Power infrastructure","category":"generator","osm_type":"node","osm_id":"6707845113"}},{"type":"Feature","geometry":{"type":"Point","coordinates":[-2.10497,53.45453]},"properties":{"name":"Power infrastructure","category":"generator","osm_type":"node","osm_id":"6707845114"}},{"type":"Feature","geometry":{"type":"Point","coordinates":[-2.10431,53.45425]},"properties":{"name":"Power infrastructure","category":"generator","osm_type":"node","osm_id":"6707845116"}},{"type":"Feature","geometry":{"type":"Point","coordinates":[-2.10311,53.45387]},"properties":{"name":"Power infrastructure","category":"generator","osm_type":"node","osm_id":"6707845119"}},{"type":"Feature","geometry":{"type":"Point","coordinates":[-2.11812,53.44416]},"properties":{"name":"Power infrastructure","category":"generator","osm_type":"node","osm_id":"6707845123"}},{"type":"Feature","geometry":{"type":"Point","coordinates":[-2.10454,53.45291]},"properties":{"name":"Power infrastructure","category":"generator","osm_type":"node","osm_id":"6707845124"}},{"type":"Feature","geometry":{"type":"Point","coordinates":[-2.10305,53.45299]},"properties":{"name":"Power infrastructure","category":"generator","osm_type":"node","osm_id":"6707845125"}},{"type":"Feature","geometry":{"type":"Point","coordinates":[-2.11937,53.44559]},"properties":{"name":"Power infrastructure","category":"generator","osm_type":"node","osm_id":"6707845126"}},{"type":"Feature","geometry":{"type":"Point","coordinates":[-2.10941,53.44808]},"properties":{"name":"Power infrastructure","category":"generator","osm_type":"node","osm_id":"6707845127"}},{"type":"Feature","geometry":{"type":"Point","coordinates":[-2.11805,53.44413]},"properties":{"name":"Power infrastructure","category":"generator","osm_type":"node","osm_id":"6707845130"}},{"type":"Feature","geometry":{"type":"Point","coordinates":[-2.11828,53.44422]},"properties":{"name":"Power infrastructure","category":"generator","osm_type":"node","osm_id":"6707845134"}},{"type":"Feature","geometry":{"type":"Point","coordinates":[-2.10722,53.45368]},"properties":{"name":"Power infrastructure","category":"generator","osm_type":"node","osm_id":"6707845139"}},{"type":"Feature","geometry":{"type":"Point","coordinates":[-2.10515,53.45286]},"properties":{"name":"Power infrastructure","category":"generator","osm_type":"node","osm_id":"6707845145"}},{"type":"Feature","geometry":{"type":"Point","coordinates":[-2.11605,53.44564]},"properties":{"name":"Power infrastructure","category":"generator","osm_type":"node","osm_id":"6707845149"}},{"type":"Feature","geometry":{"type":"Point","coordinates":[-2.10963,53.44829]},"properties":{"name":"Power infrastructure","category":"generator","osm_type":"node","osm_id":"6707845150"}},{"type":"Feature","geometry":{"type":"Point","coordinates":[-2.1101,53.44824]},"properties":{"name":"Power infrastructure","category":"generator","osm_type":"node","osm_id":"6707845156"}},{"type":"Feature","geometry":{"type":"Point","coordinates":[-2.10511,53.45455]},"properties":{"name":"Power infrastructure","category":"generator","osm_type":"node","osm_id":"6707845157"}},{"type":"Feature","geometry":{"type":"Point","coordinates":[-2.10312,53.45437]},"properties":{"name":"Power infrastructure","category":"generator","osm_type":"node","osm_id":"6707845159"}},{"type":"Feature","geometry":{"type":"Point","coordinates":[-2.10294,53.453]},"properties":{"name":"Power infrastructure","category":"generator","osm_type":"node","osm_id":"6707845160"}},{"type":"Feature","geometry":{"type":"Point","coordinates":[-2.11739,53.44426]},"properties":{"name":"Power infrastructure","category":"generator","osm_type":"node","osm_id":"6707845162"}},{"type":"Feature","geometry":{"type":"Point","coordinates":[-2.10334,53.45386]},"properties":{"name":"Power infrastructure","category":"generator","osm_type":"node","osm_id":"6707845164"}},{"type":"Feature","geometry":{"type":"Point","coordinates":[-2.1026,53.4531]},"properties":{"name":"Power infrastructure","category":"generator","osm_type":"node","osm_id":"6707845165"}},{"type":"Feature","geometry":{"type":"Point","coordinates":[-2.10375,53.45419]},"properties":{"name":"Power infrastructure","category":"generator","osm_type":"node","osm_id":"6707845167"}},{"type":"Feature","geometry":{"type":"Point","coordinates":[-2.10521,53.45352]},"properties":{"name":"Power infrastructure","category":"generator","osm_type":"node","osm_id":"6707845168"}},{"type":"Feature","geometry":{"type":"Point","coordinates":[-2.1039,53.45338]},"properties":{"name":"Power infrastructure","category":"generator","osm_type":"node","osm_id":"6707845171"}},{"type":"Feature","geometry":{"type":"Point","coordinates":[-2.10355,53.45296]},"properties":{"name":"Power infrastructure","category":"generator","osm_type":"node","osm_id":"6707845173"}},{"type":"Feature","geometry":{"type":"Point","coordinates":[-2.10352,53.45417]},"properties":{"name":"Power infrastructure","category":"generator","osm_type":"node","osm_id":"6707845176"}},{"type":"Feature","geometry":{"type":"Point","coordinates":[-2.10276,53.45196]},"properties":{"name":"Power infrastructure","category":"generator","osm_type":"node","osm_id":"6707845180"}},{"type":"Feature","geometry":{"type":"Point","coordinates":[-2.11788,53.44406]},"properties":{"name":"Power infrastructure","category":"generator","osm_type":"node","osm_id":"6707845183"}},{"type":"Feature","geometry":{"type":"Point","coordinates":[-2.103,53.45436]},"properties":{"name":"Power infrastructure","category":"generator","osm_type":"node","osm_id":"6707845184"}},{"type":"Feature","geometry":{"type":"Point","coordinates":[-2.11796,53.4441]},"properties":{"name":"Power infrastructure","category":"generator","osm_type":"node","osm_id":"6707845185"}},{"type":"Feature","geometry":{"type":"Point","coordinates":[-2.10456,53.4545]},"properties":{"name":"Power infrastructure","category":"generator","osm_type":"node","osm_id":"6707845188"}},{"type":"Feature","geometry":{"type":"Point","coordinates":[-2.10289,53.45435]},"properties":{"name":"Power infrastructure","category":"generator","osm_type":"node","osm_id":"6707845189"}},{"type":"Feature","geometry":{"type":"Point","coordinates":[-2.10339,53.45415]},"properties":{"name":"Power infrastructure","category":"generator","osm_type":"node","osm_id":"6707845192"}},{"type":"Feature","geometry":{"type":"Point","coordinates":[-2.10304,53.45342]},"properties":{"name":"Power infrastructure","category":"generator","osm_type":"node","osm_id":"6707845194"}},{"type":"Feature","geometry":{"type":"Point","coordinates":[-2.10534,53.45409]},"properties":{"name":"Power infrastructure","category":"generator","osm_type":"node","osm_id":"6707845195"}},{"type":"Feature","geometry":{"type":"Point","coordinates":[-2.10366,53.45296]},"properties":{"name":"Power infrastructure","category":"generator","osm_type":"node","osm_id":"6707845200"}},{"type":"Feature","geometry":{"type":"Point","coordinates":[-2.10391,53.45443]},"properties":{"name":"Power infrastructure","category":"generator","osm_type":"node","osm_id":"6707845202"}},{"type":"Feature","geometry":{"type":"Point","coordinates":[-2.10221,53.45606]},"properties":{"name":"Power infrastructure","category":"generator","osm_type":"node","osm_id":"6707851835"}},{"type":"Feature","geometry":{"type":"Point","coordinates":[-2.10188,53.45598]},"properties":{"name":"Power infrastructure","category":"generator","osm_type":"node","osm_id":"6707851837"}},{"type":"Feature","geometry":{"type":"Point","coordinates":[-2.10263,53.45557]},"properties":{"name":"Power infrastructure","category":"generator","osm_type":"node","osm_id":"6707851839"}},{"type":"Feature","geometry":{"type":"Point","coordinates":[-2.10278,53.45577]},"properties":{"name":"Power infrastructure","category":"generator","osm_type":"node","osm_id":"6707851842"}},{"type":"Feature","geometry":{"type":"Point","coordinates":[-2.10365,53.45549]},"properties":{"name":"Power infrastructure","category":"generator","osm_type":"node","osm_id":"6707851846"}},{"type":"Feature","geometry":{"type":"Point","coordinates":[-2.10459,53.45532]},"properties":{"name":"Power infrastructure","category":"generator","osm_type":"node","osm_id":"6707851848"}},{"type":"Feature","geometry":{"type":"Point","coordinates":[-2.10415,53.45536]},"properties":{"name":"Power infrastructure","category":"generator","osm_type":"node","osm_id":"6707851849"}},{"type":"Feature","geometry":{"type":"Point","coordinates":[-2.10435,53.45534]},"properties":{"name":"Power infrastructure","category":"generator","osm_type":"node","osm_id":"6707851851"}},{"type":"Feature","geometry":{"type":"Point","coordinates":[-2.10321,53.45499]},"properties":{"name":"Power infrastructure","category":"generator","osm_type":"node","osm_id":"6707851853"}},{"type":"Feature","geometry":{"type":"Point","coordinates":[-2.10503,53.45507]},"properties":{"name":"Power infrastructure","category":"generator","osm_type":"node","osm_id":"6707851855"}},{"type":"Feature","geometry":{"type":"Point","coordinates":[-2.10544,53.45542]},"properties":{"name":"Power infrastructure","category":"generator","osm_type":"node","osm_id":"6707851858"}},{"type":"Feature","geometry":{"type":"Point","coordinates":[-2.10404,53.45539]},"properties":{"name":"Power infrastructure","category":"generator","osm_type":"node","osm_id":"6707851859"}},{"type":"Feature","geometry":{"type":"Point","coordinates":[-2.10519,53.45535]},"properties":{"name":"Power infrastructure","category":"generator","osm_type":"node","osm_id":"6707851863"}},{"type":"Feature","geometry":{"type":"Point","coordinates":[-2.10357,53.45498]},"properties":{"name":"Power infrastructure","category":"generator","osm_type":"node","osm_id":"6707851864"}},{"type":"Feature","geometry":{"type":"Point","coordinates":[-2.10528,53.45537]},"properties":{"name":"Power infrastructure","category":"generator","osm_type":"node","osm_id":"6707851866"}},{"type":"Feature","geometry":{"type":"Point","coordinates":[-2.10326,53.45532]},"properties":{"name":"Power infrastructure","category":"generator","osm_type":"node","osm_id":"6707851869"}},{"type":"Feature","geometry":{"type":"Point","coordinates":[-2.10535,53.45539]},"properties":{"name":"Power infrastructure","category":"generator","osm_type":"node","osm_id":"6707851871"}},{"type":"Feature","geometry":{"type":"Point","coordinates":[-2.10315,53.45563]},"properties":{"name":"Power infrastructure","category":"generator","osm_type":"node","osm_id":"6707851873"}},{"type":"Feature","geometry":{"type":"Point","coordinates":[-2.10315,53.45535]},"properties":{"name":"Power infrastructure","category":"generator","osm_type":"node","osm_id":"6707851874"}},{"type":"Feature","geometry":{"type":"Point","coordinates":[-2.10395,53.45542]},"properties":{"name":"Power infrastructure","category":"generator","osm_type":"node","osm_id":"6707851876"}},{"type":"Feature","geometry":{"type":"Point","coordinates":[-2.10181,53.45593]},"properties":{"name":"Power infrastructure","category":"generator","osm_type":"node","osm_id":"6707851877"}},{"type":"Feature","geometry":{"type":"Point","coordinates":[-2.10355,53.45552]},"properties":{"name":"Power infrastructure","category":"generator","osm_type":"node","osm_id":"6707860486"}},{"type":"Feature","geometry":{"type":"Point","coordinates":[-2.10191,53.45466]},"properties":{"name":"Power infrastructure","category":"generator","osm_type":"node","osm_id":"6707860487"}},{"type":"Feature","geometry":{"type":"Point","coordinates":[-2.1047,53.45531]},"properties":{"name":"Power infrastructure","category":"generator","osm_type":"node","osm_id":"6707860490"}},{"type":"Feature","geometry":{"type":"Point","coordinates":[-2.10242,53.45608]},"properties":{"name":"Power infrastructure","category":"generator","osm_type":"node","osm_id":"6707860492"}},{"type":"Feature","geometry":{"type":"Point","coordinates":[-2.10448,53.45533]},"properties":{"name":"Power infrastructure","category":"generator","osm_type":"node","osm_id":"6707860499"}},{"type":"Feature","geometry":{"type":"Point","coordinates":[-2.10382,53.45544]},"properties":{"name":"Power infrastructure","category":"generator","osm_type":"node","osm_id":"6707860503"}},{"type":"Feature","geometry":{"type":"Point","coordinates":[-2.10349,53.45527]},"properties":{"name":"Power infrastructure","category":"generator","osm_type":"node","osm_id":"6707860504"}},{"type":"Feature","geometry":{"type":"Point","coordinates":[-2.10303,53.45565]},"properties":{"name":"Power infrastructure","category":"generator","osm_type":"node","osm_id":"6707860516"}},{"type":"Feature","geometry":{"type":"Point","coordinates":[-2.10271,53.45581]},"properties":{"name":"Power infrastructure","category":"generator","osm_type":"node","osm_id":"6707860517"}},{"type":"Feature","geometry":{"type":"Point","coordinates":[-2.10461,53.45477]},"properties":{"name":"Power infrastructure","category":"generator","osm_type":"node","osm_id":"6707860527"}},{"type":"Feature","geometry":{"type":"Point","coordinates":[-2.1025,53.45606]},"properties":{"name":"Power infrastructure","category":"generator","osm_type":"node","osm_id":"6707860529"}},{"type":"Feature","geometry":{"type":"Point","coordinates":[-2.10259,53.45587]},"properties":{"name":"Power infrastructure","category":"generator","osm_type":"node","osm_id":"6707860530"}},{"type":"Feature","geometry":{"type":"Point","coordinates":[-2.10219,53.45573]},"properties":{"name":"Power infrastructure","category":"generator","osm_type":"node","osm_id":"6707860533"}},{"type":"Feature","geometry":{"type":"Point","coordinates":[-2.10148,53.45465]},"properties":{"name":"Power infrastructure","category":"generator","osm_type":"node","osm_id":"6707860534"}},{"type":"Feature","geometry":{"type":"Point","coordinates":[-2.06447,53.47331]},"properties":{"name":"Power infrastructure","category":"generator","osm_type":"node","osm_id":"6708154258"}},{"type":"Feature","geometry":{"type":"Point","coordinates":[-2.06462,53.47324]},"properties":{"name":"Power infrastructure","category":"generator","osm_type":"node","osm_id":"6708154259"}},{"type":"Feature","geometry":{"type":"Point","coordinates":[-2.0643,53.47335]},"properties":{"name":"Power infrastructure","category":"generator","osm_type":"node","osm_id":"6708154260"}},{"type":"Feature","geometry":{"type":"Point","coordinates":[-2.06418,53.47343]},"properties":{"name":"Power infrastructure","category":"generator","osm_type":"node","osm_id":"6708154261"}},{"type":"Feature","geometry":{"type":"Point","coordinates":[-2.06454,53.47294]},"properties":{"name":"Power infrastructure","category":"generator","osm_type":"node","osm_id":"6708154262"}},{"type":"Feature","geometry":{"type":"Point","coordinates":[-2.06474,53.47288]},"properties":{"name":"Power infrastructure","category":"generator","osm_type":"node","osm_id":"6708154263"}},{"type":"Feature","geometry":{"type":"Point","coordinates":[-2.0658,53.47298]},"properties":{"name":"Power infrastructure","category":"generator","osm_type":"node","osm_id":"6708154264"}},{"type":"Feature","geometry":{"type":"Point","coordinates":[-2.06587,53.47292]},"properties":{"name":"Power infrastructure","category":"generator","osm_type":"node","osm_id":"6708154265"}},{"type":"Feature","geometry":{"type":"Point","coordinates":[-2.06598,53.47328]},"properties":{"name":"Power infrastructure","category":"generator","osm_type":"node","osm_id":"6708154266"}},{"type":"Feature","geometry":{"type":"Point","coordinates":[-2.06588,53.47336]},"properties":{"name":"Power infrastructure","category":"generator","osm_type":"node","osm_id":"6708154267"}},{"type":"Feature","geometry":{"type":"Point","coordinates":[-2.06508,53.47378]},"properties":{"name":"Power infrastructure","category":"generator","osm_type":"node","osm_id":"6708154268"}},{"type":"Feature","geometry":{"type":"Point","coordinates":[-2.06495,53.47381]},"properties":{"name":"Power infrastructure","category":"generator","osm_type":"node","osm_id":"6708154269"}},{"type":"Feature","geometry":{"type":"Point","coordinates":[-2.064,53.47417]},"properties":{"name":"Power infrastructure","category":"generator","osm_type":"node","osm_id":"6708154270"}},{"type":"Feature","geometry":{"type":"Point","coordinates":[-2.06448,53.47413]},"properties":{"name":"Power infrastructure","category":"generator","osm_type":"node","osm_id":"6708154271"}},{"type":"Feature","geometry":{"type":"Point","coordinates":[-2.06608,53.47401]},"properties":{"name":"Power infrastructure","category":"generator","osm_type":"node","osm_id":"6708154272"}},{"type":"Feature","geometry":{"type":"Point","coordinates":[-2.06533,53.47457]},"properties":{"name":"Power infrastructure","category":"generator","osm_type":"node","osm_id":"6708154273"}},{"type":"Feature","geometry":{"type":"Point","coordinates":[-2.06524,53.47457]},"properties":{"name":"Power infrastructure","category":"generator","osm_type":"node","osm_id":"6708154274"}},{"type":"Feature","geometry":{"type":"Point","coordinates":[-2.06284,53.47404]},"properties":{"name":"Power infrastructure","category":"generator","osm_type":"node","osm_id":"6708154275"}},{"type":"Feature","geometry":{"type":"Point","coordinates":[-2.06309,53.47375]},"properties":{"name":"Power infrastructure","category":"generator","osm_type":"node","osm_id":"6708154276"}},{"type":"Feature","geometry":{"type":"Point","coordinates":[-2.06297,53.47374]},"properties":{"name":"Power infrastructure","category":"generator","osm_type":"node","osm_id":"6708154277"}},{"type":"Feature","geometry":{"type":"Point","coordinates":[-2.06401,53.47275]},"properties":{"name":"Power infrastructure","category":"generator","osm_type":"node","osm_id":"6708154278"}},{"type":"Feature","geometry":{"type":"Point","coordinates":[-2.06413,53.47271]},"properties":{"name":"Power infrastructure","category":"generator","osm_type":"node","osm_id":"6708154279"}},{"type":"Feature","geometry":{"type":"Point","coordinates":[-2.06432,53.47263]},"properties":{"name":"Power infrastructure","category":"generator","osm_type":"node","osm_id":"6708154280"}},{"type":"Feature","geometry":{"type":"Point","coordinates":[-2.06368,53.4723]},"properties":{"name":"Power infrastructure","category":"generator","osm_type":"node","osm_id":"6708154281"}},{"type":"Feature","geometry":{"type":"Point","coordinates":[-2.06338,53.47233]},"properties":{"name":"Power infrastructure","category":"generator","osm_type":"node","osm_id":"6708154282"}},{"type":"Feature","geometry":{"type":"Point","coordinates":[-2.06333,53.47176]},"properties":{"name":"Power infrastructure","category":"generator","osm_type":"node","osm_id":"6708154283"}},{"type":"Feature","geometry":{"type":"Point","coordinates":[-2.06326,53.47178]},"properties":{"name":"Power infrastructure","category":"generator","osm_type":"node","osm_id":"6708154284"}},{"type":"Feature","geometry":{"type":"Point","coordinates":[-2.06292,53.4718]},"properties":{"name":"Power infrastructure","category":"generator","osm_type":"node","osm_id":"6708174485"}},{"type":"Feature","geometry":{"type":"Point","coordinates":[-2.06253,53.47188]},"properties":{"name":"Power infrastructure","category":"generator","osm_type":"node","osm_id":"6708174486"}},{"type":"Feature","geometry":{"type":"Point","coordinates":[-2.06222,53.4716]},"properties":{"name":"Power infrastructure","category":"generator","osm_type":"node","osm_id":"6708174487"}},{"type":"Feature","geometry":{"type":"Point","coordinates":[-2.06348,53.47139]},"properties":{"name":"Power infrastructure","category":"generator","osm_type":"node","osm_id":"6708174488"}},{"type":"Feature","geometry":{"type":"Point","coordinates":[-2.06364,53.47141]},"properties":{"name":"Power infrastructure","category":"generator","osm_type":"node","osm_id":"6708174489"}},{"type":"Feature","geometry":{"type":"Point","coordinates":[-2.06385,53.47143]},"properties":{"name":"Power infrastructure","category":"generator","osm_type":"node","osm_id":"6708174490"}},{"type":"Feature","geometry":{"type":"Point","coordinates":[-2.06403,53.47146]},"properties":{"name":"Power infrastructure","category":"generator","osm_type":"node","osm_id":"6708174491"}},{"type":"Feature","geometry":{"type":"Point","coordinates":[-2.0648,53.47156]},"properties":{"name":"Power infrastructure","category":"generator","osm_type":"node","osm_id":"6708174492"}},{"type":"Feature","geometry":{"type":"Point","coordinates":[-2.06494,53.47158]},"properties":{"name":"Power infrastructure","category":"generator","osm_type":"node","osm_id":"6708174493"}},{"type":"Feature","geometry":{"type":"Point","coordinates":[-2.06543,53.47228]},"properties":{"name":"Power infrastructure","category":"generator","osm_type":"node","osm_id":"6708174494"}},{"type":"Feature","geometry":{"type":"Point","coordinates":[-2.06638,53.47268]},"properties":{"name":"Power infrastructure","category":"generator","osm_type":"node","osm_id":"6708174495"}},{"type":"Feature","geometry":{"type":"Point","coordinates":[-2.06647,53.47273]},"properties":{"name":"Power infrastructure","category":"generator","osm_type":"node","osm_id":"6708174496"}},{"type":"Feature","geometry":{"type":"Point","coordinates":[-2.06671,53.47283]},"properties":{"name":"Power infrastructure","category":"generator","osm_type":"node","osm_id":"6708174497"}},{"type":"Feature","geometry":{"type":"Point","coordinates":[-2.06684,53.47286]},"properties":{"name":"Power infrastructure","category":"generator","osm_type":"node","osm_id":"6708174498"}},{"type":"Feature","geometry":{"type":"Point","coordinates":[-2.06694,53.47288]},"properties":{"name":"Power infrastructure","category":"generator","osm_type":"node","osm_id":"6708174499"}},{"type":"Feature","geometry":{"type":"Point","coordinates":[-2.0671,53.47292]},"properties":{"name":"Power infrastructure","category":"generator","osm_type":"node","osm_id":"6708174500"}},{"type":"Feature","geometry":{"type":"Point","coordinates":[-2.06719,53.47294]},"properties":{"name":"Power infrastructure","category":"generator","osm_type":"node","osm_id":"6708174501"}},{"type":"Feature","geometry":{"type":"Point","coordinates":[-2.06732,53.47299]},"properties":{"name":"Power infrastructure","category":"generator","osm_type":"node","osm_id":"6708174502"}},{"type":"Feature","geometry":{"type":"Point","coordinates":[-2.06744,53.47301]},"properties":{"name":"Power infrastructure","category":"generator","osm_type":"node","osm_id":"6708174503"}},{"type":"Feature","geometry":{"type":"Point","coordinates":[-2.06729,53.47248]},"properties":{"name":"Power infrastructure","category":"generator","osm_type":"node","osm_id":"6708174504"}},{"type":"Feature","geometry":{"type":"Point","coordinates":[-2.06738,53.47248]},"properties":{"name":"Power infrastructure","category":"generator","osm_type":"node","osm_id":"6708174505"}},{"type":"Feature","geometry":{"type":"Point","coordinates":[-2.06753,53.47309]},"properties":{"name":"Power infrastructure","category":"generator","osm_type":"node","osm_id":"6708174506"}},{"type":"Feature","geometry":{"type":"Point","coordinates":[-2.06816,53.47397]},"properties":{"name":"Power infrastructure","category":"generator","osm_type":"node","osm_id":"6708174507"}},{"type":"Feature","geometry":{"type":"Point","coordinates":[-2.06709,53.47529]},"properties":{"name":"Power infrastructure","category":"generator","osm_type":"node","osm_id":"6708174508"}},{"type":"Feature","geometry":{"type":"Point","coordinates":[-2.06762,53.47532]},"properties":{"name":"Power infrastructure","category":"generator","osm_type":"node","osm_id":"6708174509"}},{"type":"Feature","geometry":{"type":"Point","coordinates":[-2.06497,53.47564]},"properties":{"name":"Power infrastructure","category":"generator","osm_type":"node","osm_id":"6708174510"}},{"type":"Feature","geometry":{"type":"Point","coordinates":[-2.06081,53.47377]},"properties":{"name":"Power infrastructure","category":"generator","osm_type":"node","osm_id":"6708174511"}},{"type":"Feature","geometry":{"type":"Point","coordinates":[-2.06112,53.47378]},"properties":{"name":"Power infrastructure","category":"generator","osm_type":"node","osm_id":"6708174512"}},{"type":"Feature","geometry":{"type":"Point","coordinates":[-2.06078,53.4722]},"properties":{"name":"Power infrastructure","category":"generator","osm_type":"node","osm_id":"6708174513"}},{"type":"Feature","geometry":{"type":"Point","coordinates":[-2.0636,53.47082]},"properties":{"name":"Power infrastructure","category":"generator","osm_type":"node","osm_id":"6708174514"}},{"type":"Feature","geometry":{"type":"Point","coordinates":[-2.06391,53.47055]},"properties":{"name":"Power infrastructure","category":"generator","osm_type":"node","osm_id":"6708174515"}},{"type":"Feature","geometry":{"type":"Point","coordinates":[-2.06331,53.47043]},"properties":{"name":"Power infrastructure","category":"generator","osm_type":"node","osm_id":"6708174516"}},{"type":"Feature","geometry":{"type":"Point","coordinates":[-2.06456,53.47095]},"properties":{"name":"Power infrastructure","category":"generator","osm_type":"node","osm_id":"6708174517"}},{"type":"Feature","geometry":{"type":"Point","coordinates":[-2.0647,53.47097]},"properties":{"name":"Power infrastructure","category":"generator","osm_type":"node","osm_id":"6708174518"}},{"type":"Feature","geometry":{"type":"Point","coordinates":[-2.06463,53.47122]},"properties":{"name":"Power infrastructure","category":"generator","osm_type":"node","osm_id":"6708174519"}},{"type":"Feature","geometry":{"type":"Point","coordinates":[-2.06441,53.4712]},"properties":{"name":"Power infrastructure","category":"generator","osm_type":"node","osm_id":"6708174520"}},{"type":"Feature","geometry":{"type":"Point","coordinates":[-2.06367,53.4711]},"properties":{"name":"Power infrastructure","category":"generator","osm_type":"node","osm_id":"6708174521"}},{"type":"Feature","geometry":{"type":"Point","coordinates":[-2.0668,53.47082]},"properties":{"name":"Power infrastructure","category":"generator","osm_type":"node","osm_id":"6708174522"}},{"type":"Feature","geometry":{"type":"Point","coordinates":[-2.06634,53.47096]},"properties":{"name":"Power infrastructure","category":"generator","osm_type":"node","osm_id":"6708174523"}},{"type":"Feature","geometry":{"type":"Point","coordinates":[-2.0662,53.47096]},"properties":{"name":"Power infrastructure","category":"generator","osm_type":"node","osm_id":"6708174524"}},{"type":"Feature","geometry":{"type":"Point","coordinates":[-2.06607,53.47097]},"properties":{"name":"Power infrastructure","category":"generator","osm_type":"node","osm_id":"6708174525"}},{"type":"Feature","geometry":{"type":"Point","coordinates":[-2.06694,53.47079]},"properties":{"name":"Power infrastructure","category":"generator","osm_type":"node","osm_id":"6708174526"}},{"type":"Feature","geometry":{"type":"Point","coordinates":[-2.06713,53.47075]},"properties":{"name":"Power infrastructure","category":"generator","osm_type":"node","osm_id":"6708174527"}},{"type":"Feature","geometry":{"type":"Point","coordinates":[-2.06746,53.4707]},"properties":{"name":"Power infrastructure","category":"generator","osm_type":"node","osm_id":"6708174528"}},{"type":"Feature","geometry":{"type":"Point","coordinates":[-2.06754,53.47069]},"properties":{"name":"Power infrastructure","category":"generator","osm_type":"node","osm_id":"6708174529"}},{"type":"Feature","geometry":{"type":"Point","coordinates":[-2.06584,53.47142]},"properties":{"name":"Power infrastructure","category":"generator","osm_type":"node","osm_id":"6708174530"}},{"type":"Feature","geometry":{"type":"Point","coordinates":[-2.06638,53.47095]},"properties":{"name":"Power infrastructure","category":"generator","osm_type":"node","osm_id":"6708174531"}},{"type":"Feature","geometry":{"type":"Point","coordinates":[-2.06833,53.47053]},"properties":{"name":"Power infrastructure","category":"generator","osm_type":"node","osm_id":"6708174532"}},{"type":"Feature","geometry":{"type":"Point","coordinates":[-2.06854,53.47048]},"properties":{"name":"Power infrastructure","category":"generator","osm_type":"node","osm_id":"6708174533"}},{"type":"Feature","geometry":{"type":"Point","coordinates":[-2.06887,53.47043]},"properties":{"name":"Power infrastructure","category":"generator","osm_type":"node","osm_id":"6708174534"}},{"type":"Feature","geometry":{"type":"Point","coordinates":[-2.07076,53.47072]},"properties":{"name":"Power infrastructure","category":"generator","osm_type":"node","osm_id":"6708174535"}},{"type":"Feature","geometry":{"type":"Point","coordinates":[-2.07086,53.47071]},"properties":{"name":"Power infrastructure","category":"generator","osm_type":"node","osm_id":"6708174536"}},{"type":"Feature","geometry":{"type":"Point","coordinates":[-2.07139,53.47111]},"properties":{"name":"Power infrastructure","category":"generator","osm_type":"node","osm_id":"6708174537"}},{"type":"Feature","geometry":{"type":"Point","coordinates":[-2.07138,53.47149]},"properties":{"name":"Power infrastructure","category":"generator","osm_type":"node","osm_id":"6708174538"}},{"type":"Feature","geometry":{"type":"Point","coordinates":[-2.07112,53.47147]},"properties":{"name":"Power infrastructure","category":"generator","osm_type":"node","osm_id":"6708174539"}},{"type":"Feature","geometry":{"type":"Point","coordinates":[-2.07088,53.47147]},"properties":{"name":"Power infrastructure","category":"generator","osm_type":"node","osm_id":"6708174540"}},{"type":"Feature","geometry":{"type":"Point","coordinates":[-2.07037,53.47143]},"properties":{"name":"Power infrastructure","category":"generator","osm_type":"node","osm_id":"6708174541"}},{"type":"Feature","geometry":{"type":"Point","coordinates":[-2.07053,53.47172]},"properties":{"name":"Power infrastructure","category":"generator","osm_type":"node","osm_id":"6708174542"}},{"type":"Feature","geometry":{"type":"Point","coordinates":[-2.07087,53.47176]},"properties":{"name":"Power infrastructure","category":"generator","osm_type":"node","osm_id":"6708174543"}},{"type":"Feature","geometry":{"type":"Point","coordinates":[-2.07077,53.47174]},"properties":{"name":"Power infrastructure","category":"generator","osm_type":"node","osm_id":"6708174544"}},{"type":"Feature","geometry":{"type":"Point","coordinates":[-2.0712,53.47196]},"properties":{"name":"Power infrastructure","category":"generator","osm_type":"node","osm_id":"6708174545"}},{"type":"Feature","geometry":{"type":"Point","coordinates":[-2.07027,53.47248]},"properties":{"name":"Power infrastructure","category":"generator","osm_type":"node","osm_id":"6708174546"}},{"type":"Feature","geometry":{"type":"Point","coordinates":[-2.07039,53.4725]},"properties":{"name":"Power infrastructure","category":"generator","osm_type":"node","osm_id":"6708174547"}},{"type":"Feature","geometry":{"type":"Point","coordinates":[-2.06997,53.4727]},"properties":{"name":"Power infrastructure","category":"generator","osm_type":"node","osm_id":"6708174548"}},{"type":"Feature","geometry":{"type":"Point","coordinates":[-2.07028,53.47278]},"properties":{"name":"Power infrastructure","category":"generator","osm_type":"node","osm_id":"6708174549"}},{"type":"Feature","geometry":{"type":"Point","coordinates":[-2.07053,53.47287]},"properties":{"name":"Power infrastructure","category":"generator","osm_type":"node","osm_id":"6708174550"}},{"type":"Feature","geometry":{"type":"Point","coordinates":[-2.07085,53.47284]},"properties":{"name":"Power infrastructure","category":"generator","osm_type":"node","osm_id":"6708174551"}},{"type":"Feature","geometry":{"type":"Point","coordinates":[-2.07095,53.47279]},"properties":{"name":"Power infrastructure","category":"generator","osm_type":"node","osm_id":"6708174552"}},{"type":"Feature","geometry":{"type":"Point","coordinates":[-2.07103,53.47274]},"properties":{"name":"Power infrastructure","category":"generator","osm_type":"node","osm_id":"6708174553"}},{"type":"Feature","geometry":{"type":"Point","coordinates":[-2.07168,53.47361]},"properties":{"name":"Power infrastructure","category":"generator","osm_type":"node","osm_id":"6708174554"}},{"type":"Feature","geometry":{"type":"Point","coordinates":[-2.06766,53.47313]},"properties":{"name":"Power infrastructure","category":"generator","osm_type":"node","osm_id":"6708174555"}},{"type":"Feature","geometry":{"type":"Point","coordinates":[-2.06703,53.47617]},"properties":{"name":"Power infrastructure","category":"generator","osm_type":"node","osm_id":"6708174556"}},{"type":"Feature","geometry":{"type":"Point","coordinates":[-2.06402,53.47614]},"properties":{"name":"Power infrastructure","category":"generator","osm_type":"node","osm_id":"6708174557"}},{"type":"Feature","geometry":{"type":"Point","coordinates":[-2.06429,53.4772]},"properties":{"name":"Power infrastructure","category":"generator","osm_type":"node","osm_id":"6708174558"}},{"type":"Feature","geometry":{"type":"Point","coordinates":[-2.06437,53.47716]},"properties":{"name":"Power infrastructure","category":"generator","osm_type":"node","osm_id":"6708174559"}},{"type":"Feature","geometry":{"type":"Point","coordinates":[-2.06393,53.4774]},"properties":{"name":"Power infrastructure","category":"generator","osm_type":"node","osm_id":"6708174560"}},{"type":"Feature","geometry":{"type":"Point","coordinates":[-2.06315,53.47766]},"properties":{"name":"Power infrastructure","category":"generator","osm_type":"node","osm_id":"6708174561"}},{"type":"Feature","geometry":{"type":"Point","coordinates":[-2.06331,53.478]},"properties":{"name":"Power infrastructure","category":"generator","osm_type":"node","osm_id":"6708174562"}},{"type":"Feature","geometry":{"type":"Point","coordinates":[-2.06376,53.47815]},"properties":{"name":"Power infrastructure","category":"generator","osm_type":"node","osm_id":"6708174563"}},{"type":"Feature","geometry":{"type":"Point","coordinates":[-2.06482,53.47772]},"properties":{"name":"Power infrastructure","category":"generator","osm_type":"node","osm_id":"6708174564"}},{"type":"Feature","geometry":{"type":"Point","coordinates":[-2.06338,53.47862]},"properties":{"name":"Power infrastructure","category":"generator","osm_type":"node","osm_id":"6708174565"}},{"type":"Feature","geometry":{"type":"Point","coordinates":[-2.05966,53.49166]},"properties":{"name":"Power infrastructure","category":"generator","osm_type":"node","osm_id":"6708186103"}},{"type":"Feature","geometry":{"type":"Point","coordinates":[-2.05903,53.49187]},"properties":{"name":"Power infrastructure","category":"generator","osm_type":"node","osm_id":"6708186104"}},{"type":"Feature","geometry":{"type":"Point","coordinates":[-2.05857,53.49177]},"properties":{"name":"Power infrastructure","category":"generator","osm_type":"node","osm_id":"6708186105"}},{"type":"Feature","geometry":{"type":"Point","coordinates":[-2.05845,53.49177]},"properties":{"name":"Power infrastructure","category":"generator","osm_type":"node","osm_id":"6708186106"}},{"type":"Feature","geometry":{"type":"Point","coordinates":[-2.05832,53.49179]},"properties":{"name":"Power infrastructure","category":"generator","osm_type":"node","osm_id":"6708186107"}},{"type":"Feature","geometry":{"type":"Point","coordinates":[-2.05893,53.49242]},"properties":{"name":"Power infrastructure","category":"generator","osm_type":"node","osm_id":"6708186108"}},{"type":"Feature","geometry":{"type":"Point","coordinates":[-2.0595,53.49271]},"properties":{"name":"Power infrastructure","category":"generator","osm_type":"node","osm_id":"6708186109"}},{"type":"Feature","geometry":{"type":"Point","coordinates":[-2.05991,53.49339]},"properties":{"name":"Power infrastructure","category":"generator","osm_type":"node","osm_id":"6708186110"}},{"type":"Feature","geometry":{"type":"Point","coordinates":[-2.05976,53.49339]},"properties":{"name":"Power infrastructure","category":"generator","osm_type":"node","osm_id":"6708186111"}},{"type":"Feature","geometry":{"type":"Point","coordinates":[-2.05766,53.49089]},"properties":{"name":"Power infrastructure","category":"generator","osm_type":"node","osm_id":"6708186112"}},{"type":"Feature","geometry":{"type":"Point","coordinates":[-2.06071,53.49193]},"properties":{"name":"Power infrastructure","category":"generator","osm_type":"node","osm_id":"6708186113"}},{"type":"Feature","geometry":{"type":"Point","coordinates":[-2.06088,53.49184]},"properties":{"name":"Power infrastructure","category":"generator","osm_type":"node","osm_id":"6708186114"}},{"type":"Feature","geometry":{"type":"Point","coordinates":[-2.06206,53.4918]},"properties":{"name":"Power infrastructure","category":"generator","osm_type":"node","osm_id":"6708186115"}},{"type":"Feature","geometry":{"type":"Point","coordinates":[-2.06187,53.49183]},"properties":{"name":"Power infrastructure","category":"generator","osm_type":"node","osm_id":"6708186116"}}]}