{"type":"FeatureCollection","features":[{"type":"Feature","geometry":{"type":"Point","coordinates":[-2.15053,53.28695]},"properties":{"name":"Power infrastructure","category":"substation","osm_type":"node","osm_id":"248886980"}},{"type":"Feature","geometry":{"type":"Point","coordinates":[-2.21418,53.46564]},"properties":{"name":"Aked Close Substation","category":"substation","osm_type":"node","osm_id":"307502201","ref":"171082"}},{"type":"Feature","geometry":{"type":"Point","coordinates":[-2.20578,53.46103]},"properties":{"name":"Kingfisher Close Substation","category":"substation","osm_type":"node","osm_id":"307514075","ref":"172049"}},{"type":"Feature","geometry":{"type":"Point","coordinates":[-2.33254,53.48452]},"properties":{"name":"Trevelyan Street Substation","category":"substation","osm_type":"node","osm_id":"308058040"}},{"type":"Feature","geometry":{"type":"Point","coordinates":[-2.7202,53.33792]},"properties":{"name":"Power infrastructure","category":"substation","osm_type":"node","osm_id":"332393199"}},{"type":"Feature","geometry":{"type":"Point","coordinates":[-2.65309,53.16202]},"properties":{"name":"Portal Golf Club Electricity Sub-station","category":"substation","osm_type":"node","osm_id":"354867848"}},{"type":"Feature","geometry":{"type":"Point","coordinates":[-2.25291,53.32012]},"properties":{"name":"331863","category":"substation","osm_type":"node","osm_id":"526343446","ref":"331863"}},{"type":"Feature","geometry":{"type":"Point","coordinates":[-2.24833,53.31872]},"properties":{"name":"331637","category":"substation","osm_type":"node","osm_id":"526343449","ref":"331637"}},{"type":"Feature","geometry":{"type":"Point","coordinates":[-2.24971,53.32249]},"properties":{"name":"331355","category":"substation","osm_type":"node","osm_id":"526343451","ref":"331355"}},{"type":"Feature","geometry":{"type":"Point","coordinates":[-2.25747,53.31628]},"properties":{"name":"332956","category":"substation","osm_type":"node","osm_id":"527373046","ref":"332956"}},{"type":"Feature","geometry":{"type":"Point","coordinates":[-2.24615,53.31353]},"properties":{"name":"331474","category":"substation","osm_type":"node","osm_id":"529553599","ref":"331474"}},{"type":"Feature","geometry":{"type":"Point","coordinates":[-2.25403,53.31398]},"properties":{"name":"331251","category":"substation","osm_type":"node","osm_id":"532229908","ref":"331251"}},{"type":"Feature","geometry":{"type":"Point","coordinates":[-2.23576,53.32022]},"properties":{"name":"333138","category":"substation","osm_type":"node","osm_id":"532455598","ref":"333138"}},{"type":"Feature","geometry":{"type":"Point","coordinates":[-2.2395,53.3205]},"properties":{"name":"332671","category":"substation","osm_type":"node","osm_id":"533879113","ref":"332671"}},{"type":"Feature","geometry":{"type":"Point","coordinates":[-2.18169,53.30332]},"properties":{"name":"335738","category":"substation","osm_type":"node","osm_id":"534428631","ref":"335738"}},{"type":"Feature","geometry":{"type":"Point","coordinates":[-2.21902,53.34234]},"properties":{"name":"331608","category":"substation","osm_type":"node","osm_id":"535882685","ref":"331608"}},{"type":"Feature","geometry":{"type":"Point","coordinates":[-2.22527,53.3398]},"properties":{"name":"332207","category":"substation","osm_type":"node","osm_id":"536766633","ref":"332207"}},{"type":"Feature","geometry":{"type":"Point","coordinates":[-2.21911,53.32346]},"properties":{"name":"332744","category":"substation","osm_type":"node","osm_id":"538591026","ref":"332744"}},{"type":"Feature","geometry":{"type":"Point","coordinates":[-2.20322,53.28902]},"properties":{"name":"335263","category":"substation","osm_type":"node","osm_id":"539759148","ref":"335263"}},{"type":"Feature","geometry":{"type":"Point","coordinates":[-2.22745,53.33873]},"properties":{"name":"331343","category":"substation","osm_type":"node","osm_id":"542131538","ref":"331343"}},{"type":"Feature","geometry":{"type":"Point","coordinates":[-2.18067,53.28311]},"properties":{"name":"337187","category":"substation","osm_type":"node","osm_id":"549229025","ref":"337187"}},{"type":"Feature","geometry":{"type":"Point","coordinates":[-2.21706,53.33212]},"properties":{"name":"336082","category":"substation","osm_type":"node","osm_id":"555170121","ref":"336082"}},{"type":"Feature","geometry":{"type":"Point","coordinates":[-2.37039,53.11267]},"properties":{"name":"Ferney Heath","category":"substation","osm_type":"node","osm_id":"557328164"}},{"type":"Feature","geometry":{"type":"Point","coordinates":[-2.21003,53.33283]},"properties":{"name":"Power infrastructure","category":"substation","osm_type":"node","osm_id":"560895006"}},{"type":"Feature","geometry":{"type":"Point","coordinates":[-2.20928,53.3358]},"properties":{"name":"332317","category":"substation","osm_type":"node","osm_id":"561578891","ref":"332317"}},{"type":"Feature","geometry":{"type":"Point","coordinates":[-2.21792,53.33649]},"properties":{"name":"337680","category":"substation","osm_type":"node","osm_id":"563197374","ref":"337680"}},{"type":"Feature","geometry":{"type":"Point","coordinates":[-2.22829,53.33643]},"properties":{"name":"333225","category":"substation","osm_type":"node","osm_id":"563990478","ref":"333225"}},{"type":"Feature","geometry":{"type":"Point","coordinates":[-2.23552,53.33414]},"properties":{"name":"331237","category":"substation","osm_type":"node","osm_id":"565668878","ref":"331237"}},{"type":"Feature","geometry":{"type":"Point","coordinates":[-2.21868,53.33006]},"properties":{"name":"332810","category":"substation","osm_type":"node","osm_id":"566384611","ref":"332810"}},{"type":"Feature","geometry":{"type":"Point","coordinates":[-2.21008,53.34143]},"properties":{"name":"337699","category":"substation","osm_type":"node","osm_id":"567193844","ref":"337699"}},{"type":"Feature","geometry":{"type":"Point","coordinates":[-2.20857,53.33928]},"properties":{"name":"Power infrastructure","category":"substation","osm_type":"node","osm_id":"571532916"}},{"type":"Feature","geometry":{"type":"Point","coordinates":[-2.22387,53.33693]},"properties":{"name":"330959","category":"substation","osm_type":"node","osm_id":"582001812","ref":"330959"}},{"type":"Feature","geometry":{"type":"Point","coordinates":[-2.17477,53.05284]},"properties":{"name":"Power infrastructure","category":"substation","osm_type":"node","osm_id":"627561732"}},{"type":"Feature","geometry":{"type":"Point","coordinates":[-2.23171,53.29577]},"properties":{"name":"332132","category":"substation","osm_type":"node","osm_id":"649460114","ref":"332132"}},{"type":"Feature","geometry":{"type":"Point","coordinates":[-2.23663,53.29764]},"properties":{"name":"336828","category":"substation","osm_type":"node","osm_id":"658937613","ref":"336828"}},{"type":"Feature","geometry":{"type":"Point","coordinates":[-2.56513,53.37381]},"properties":{"name":"Montclare Crescent sub-station","category":"substation","osm_type":"node","osm_id":"695616193"}},{"type":"Feature","geometry":{"type":"Point","coordinates":[-2.3717,53.29455]},"properties":{"name":"Power infrastructure","category":"substation","osm_type":"node","osm_id":"704137958"}},{"type":"Feature","geometry":{"type":"Point","coordinates":[-2.37688,53.29654]},"properties":{"name":"06-7477-03","category":"substation","osm_type":"node","osm_id":"704812762","ref":"06-7477-03"}},{"type":"Feature","geometry":{"type":"Point","coordinates":[-2.37703,53.29946]},"properties":{"name":"Power infrastructure","category":"substation","osm_type":"node","osm_id":"704812781"}},{"type":"Feature","geometry":{"type":"Point","coordinates":[-2.40356,53.44376]},"properties":{"name":"Power infrastructure","category":"substation","osm_type":"node","osm_id":"705975061"}},{"type":"Feature","geometry":{"type":"Point","coordinates":[-2.40004,53.44867]},"properties":{"name":"165728","category":"substation","osm_type":"node","osm_id":"705975086","ref":"165728"}},{"type":"Feature","geometry":{"type":"Point","coordinates":[-2.3906,53.43997]},"properties":{"name":"165735","category":"substation","osm_type":"node","osm_id":"705975124","ref":"165735"}},{"type":"Feature","geometry":{"type":"Point","coordinates":[-2.38503,53.44334]},"properties":{"name":"165740","category":"substation","osm_type":"node","osm_id":"705975174","ref":"165740"}},{"type":"Feature","geometry":{"type":"Point","coordinates":[-2.38422,53.45067]},"properties":{"name":"165741","category":"substation","osm_type":"node","osm_id":"705975344","ref":"165741"}},{"type":"Feature","geometry":{"type":"Point","coordinates":[-2.38542,53.45285]},"properties":{"name":"Power infrastructure","category":"substation","osm_type":"node","osm_id":"705975352"}},{"type":"Feature","geometry":{"type":"Point","coordinates":[-2.3945,53.45701]},"properties":{"name":"165732","category":"substation","osm_type":"node","osm_id":"705975370","ref":"165732"}},{"type":"Feature","geometry":{"type":"Point","coordinates":[-2.38831,53.45476]},"properties":{"name":"165737","category":"substation","osm_type":"node","osm_id":"705975395","ref":"165737"}},{"type":"Feature","geometry":{"type":"Point","coordinates":[-2.38865,53.4573]},"properties":{"name":"166223","category":"substation","osm_type":"node","osm_id":"705975397","ref":"166223"}},{"type":"Feature","geometry":{"type":"Point","coordinates":[-2.38129,53.44849]},"properties":{"name":"Power infrastructure","category":"substation","osm_type":"node","osm_id":"705975398"}},{"type":"Feature","geometry":{"type":"Point","coordinates":[-2.22352,53.35134]},"properties":{"name":"Power infrastructure","category":"substation","osm_type":"node","osm_id":"708244061"}},{"type":"Feature","geometry":{"type":"Point","coordinates":[-2.22143,53.35346]},"properties":{"name":"331282","category":"substation","osm_type":"node","osm_id":"708244097","ref":"331282"}},{"type":"Feature","geometry":{"type":"Point","coordinates":[-2.38759,53.44684]},"properties":{"name":"166224","category":"substation","osm_type":"node","osm_id":"712602780","ref":"166224"}},{"type":"Feature","geometry":{"type":"Point","coordinates":[-2.38064,53.46082]},"properties":{"name":"166225","category":"substation","osm_type":"node","osm_id":"712713048","ref":"166225"}},{"type":"Feature","geometry":{"type":"Point","coordinates":[-2.37655,53.46026]},"properties":{"name":"165744","category":"substation","osm_type":"node","osm_id":"712713053","ref":"165744"}},{"type":"Feature","geometry":{"type":"Point","coordinates":[-2.35107,53.44464]},"properties":{"name":"165776","category":"substation","osm_type":"node","osm_id":"715865508","ref":"165776"}},{"type":"Feature","geometry":{"type":"Point","coordinates":[-2.35148,53.44501]},"properties":{"name":"167722","category":"substation","osm_type":"node","osm_id":"715865541","ref":"167722"}},{"type":"Feature","geometry":{"type":"Point","coordinates":[-2.36916,53.43962]},"properties":{"name":"165749","category":"substation","osm_type":"node","osm_id":"715865554","ref":"165749"}},{"type":"Feature","geometry":{"type":"Point","coordinates":[-2.36956,53.4463]},"properties":{"name":"100608","category":"substation","osm_type":"node","osm_id":"715865558","ref":"100608"}},{"type":"Feature","geometry":{"type":"Point","coordinates":[-2.36009,53.44601]},"properties":{"name":"166227","category":"substation","osm_type":"node","osm_id":"715865581","ref":"166227"}},{"type":"Feature","geometry":{"type":"Point","coordinates":[-2.37204,53.44186]},"properties":{"name":"Power infrastructure","category":"substation","osm_type":"node","osm_id":"715865702"}},{"type":"Feature","geometry":{"type":"Point","coordinates":[-2.35546,53.44402]},"properties":{"name":"165766","category":"substation","osm_type":"node","osm_id":"715865735","ref":"165766"}},{"type":"Feature","geometry":{"type":"Point","coordinates":[-2.36585,53.44164]},"properties":{"name":"Power infrastructure","category":"substation","osm_type":"node","osm_id":"715865811"}},{"type":"Feature","geometry":{"type":"Point","coordinates":[-2.36479,53.4486]},"properties":{"name":"165754","category":"substation","osm_type":"node","osm_id":"715880525","ref":"165754"}},{"type":"Feature","geometry":{"type":"Point","coordinates":[-2.35568,53.44937]},"properties":{"name":"168291","category":"substation","osm_type":"node","osm_id":"715888016","ref":"168291"}},{"type":"Feature","geometry":{"type":"Point","coordinates":[-2.35984,53.46003]},"properties":{"name":"165760","category":"substation","osm_type":"node","osm_id":"717762284","ref":"165760"}},{"type":"Feature","geometry":{"type":"Point","coordinates":[-2.35917,53.45654]},"properties":{"name":"165762","category":"substation","osm_type":"node","osm_id":"718597684","ref":"165762"}},{"type":"Feature","geometry":{"type":"Point","coordinates":[-2.36148,53.4534]},"properties":{"name":"165758","category":"substation","osm_type":"node","osm_id":"718597697","ref":"165758"}},{"type":"Feature","geometry":{"type":"Point","coordinates":[-2.34853,53.4548]},"properties":{"name":"165782","category":"substation","osm_type":"node","osm_id":"718623031","ref":"165782"}},{"type":"Feature","geometry":{"type":"Point","coordinates":[-2.36621,53.46001]},"properties":{"name":"165752","category":"substation","osm_type":"node","osm_id":"718623040","ref":"165752"}},{"type":"Feature","geometry":{"type":"Point","coordinates":[-2.34398,53.45998]},"properties":{"name":"165789","category":"substation","osm_type":"node","osm_id":"718623053","ref":"165789"}},{"type":"Feature","geometry":{"type":"Point","coordinates":[-2.34585,53.45738]},"properties":{"name":"Power infrastructure","category":"substation","osm_type":"node","osm_id":"718623058"}},{"type":"Feature","geometry":{"type":"Point","coordinates":[-2.35116,53.46194]},"properties":{"name":"165777","category":"substation","osm_type":"node","osm_id":"718623061","ref":"165777"}},{"type":"Feature","geometry":{"type":"Point","coordinates":[-2.34485,53.45337]},"properties":{"name":"165786","category":"substation","osm_type":"node","osm_id":"718623065","ref":"165786"}},{"type":"Feature","geometry":{"type":"Point","coordinates":[-2.33908,53.45615]},"properties":{"name":"165799","category":"substation","osm_type":"node","osm_id":"718623071","ref":"165799"}},{"type":"Feature","geometry":{"type":"Point","coordinates":[-2.36265,53.45137]},"properties":{"name":"165756","category":"substation","osm_type":"node","osm_id":"718623077","ref":"165756"}},{"type":"Feature","geometry":{"type":"Point","coordinates":[-2.35235,53.45796]},"properties":{"name":"Power infrastructure","category":"substation","osm_type":"node","osm_id":"718623080"}},{"type":"Feature","geometry":{"type":"Point","coordinates":[-2.32214,53.45338]},"properties":{"name":"Power infrastructure","category":"substation","osm_type":"node","osm_id":"733200884"}},{"type":"Feature","geometry":{"type":"Point","coordinates":[-2.33301,53.45601]},"properties":{"name":"166531","category":"substation","osm_type":"node","osm_id":"733200933","ref":"166531"}},{"type":"Feature","geometry":{"type":"Point","coordinates":[-2.33623,53.45339]},"properties":{"name":"165807","category":"substation","osm_type":"node","osm_id":"733200943","ref":"165807"}},{"type":"Feature","geometry":{"type":"Point","coordinates":[-2.329,53.4515]},"properties":{"name":"168184","category":"substation","osm_type":"node","osm_id":"736925089","ref":"168184"}},{"type":"Feature","geometry":{"type":"Point","coordinates":[-2.31735,53.44588]},"properties":{"name":"165862","category":"substation","osm_type":"node","osm_id":"740110005","ref":"165862"}},{"type":"Feature","geometry":{"type":"Point","coordinates":[-2.31564,53.44819]},"properties":{"name":"165871","category":"substation","osm_type":"node","osm_id":"740110125","ref":"165871"}},{"type":"Feature","geometry":{"type":"Point","coordinates":[-2.31428,53.45309]},"properties":{"name":"Power infrastructure","category":"substation","osm_type":"node","osm_id":"740110341"}},{"type":"Feature","geometry":{"type":"Point","coordinates":[-2.33706,53.44559]},"properties":{"name":"Power infrastructure","category":"substation","osm_type":"node","osm_id":"740110392"}},{"type":"Feature","geometry":{"type":"Point","coordinates":[-2.31098,53.45481]},"properties":{"name":"166549","category":"substation","osm_type":"node","osm_id":"740110482","ref":"166549"}},{"type":"Feature","geometry":{"type":"Point","coordinates":[-2.08496,53.41482]},"properties":{"name":"Sandy Lane substation","category":"substation","osm_type":"node","osm_id":"793803975","operator":"United Utilities"}},{"type":"Feature","geometry":{"type":"Point","coordinates":[-2.08159,53.41703]},"properties":{"name":"Broadhey (Romiley) substation","category":"substation","osm_type":"node","osm_id":"810792413","operator":"United Utilities"}},{"type":"Feature","geometry":{"type":"Point","coordinates":[-2.08077,53.41389]},"properties":{"name":"Compstall Rd substation","category":"substation","osm_type":"node","osm_id":"810792528","operator":"United Utilities"}},{"type":"Feature","geometry":{"type":"Point","coordinates":[-2.20536,53.3455]},"properties":{"name":"Power infrastructure","category":"substation","osm_type":"node","osm_id":"853887260"}},{"type":"Feature","geometry":{"type":"Point","coordinates":[-2.20297,53.34345]},"properties":{"name":"332593","category":"substation","osm_type":"node","osm_id":"853887409","ref":"332593"}},{"type":"Feature","geometry":{"type":"Point","coordinates":[-2.21248,53.34461]},"properties":{"name":"332613","category":"substation","osm_type":"node","osm_id":"855103290","ref":"332613"}},{"type":"Feature","geometry":{"type":"Point","coordinates":[-2.20995,53.34324]},"properties":{"name":"332614","category":"substation","osm_type":"node","osm_id":"855103462","ref":"332614"}},{"type":"Feature","geometry":{"type":"Point","coordinates":[-2.21606,53.34728]},"properties":{"name":"330918","category":"substation","osm_type":"node","osm_id":"864081381","ref":"330918"}},{"type":"Feature","geometry":{"type":"Point","coordinates":[-2.22277,53.34946]},"properties":{"name":"331675","category":"substation","osm_type":"node","osm_id":"869225629","ref":"331675"}},{"type":"Feature","geometry":{"type":"Point","coordinates":[-2.21207,53.3559]},"properties":{"name":"332452","category":"substation","osm_type":"node","osm_id":"893274110","ref":"332452"}},{"type":"Feature","geometry":{"type":"Point","coordinates":[-2.2108,53.35506]},"properties":{"name":"Power infrastructure","category":"substation","osm_type":"node","osm_id":"893274154"}},{"type":"Feature","geometry":{"type":"Point","coordinates":[-2.21423,53.35135]},"properties":{"name":"332455","category":"substation","osm_type":"node","osm_id":"901719247","ref":"332455"}},{"type":"Feature","geometry":{"type":"Point","coordinates":[-2.21342,53.34929]},"properties":{"name":"332456","category":"substation","osm_type":"node","osm_id":"901719249","ref":"332456"}},{"type":"Feature","geometry":{"type":"Point","coordinates":[-2.21779,53.35246]},"properties":{"name":"Power infrastructure","category":"substation","osm_type":"node","osm_id":"903201650"}},{"type":"Feature","geometry":{"type":"Point","coordinates":[-2.41936,53.42128]},"properties":{"name":"171131","category":"substation","osm_type":"node","osm_id":"909421187","operator":"SP Energy Networks","ref":"171131"}},{"type":"Feature","geometry":{"type":"Point","coordinates":[-2.41883,53.41901]},"properties":{"name":"171115","category":"substation","osm_type":"node","osm_id":"909421197","ref":"171115"}},{"type":"Feature","geometry":{"type":"Point","coordinates":[-2.4249,53.41524]},"properties":{"name":"171040","category":"substation","osm_type":"node","osm_id":"909421203","ref":"171040"}},{"type":"Feature","geometry":{"type":"Point","coordinates":[-2.37302,53.43346]},"properties":{"name":"178066","category":"substation","osm_type":"node","osm_id":"945433387","ref":"178066"}},{"type":"Feature","geometry":{"type":"Point","coordinates":[-2.396,53.43188]},"properties":{"name":"Power infrastructure","category":"substation","osm_type":"node","osm_id":"946042461"}},{"type":"Feature","geometry":{"type":"Point","coordinates":[-2.42936,53.41497]},"properties":{"name":"Power infrastructure","category":"substation","osm_type":"node","osm_id":"946073282"}},{"type":"Feature","geometry":{"type":"Point","coordinates":[-2.43873,53.41501]},"properties":{"name":"171614","category":"substation","osm_type":"node","osm_id":"946251868","ref":"171614"}},{"type":"Feature","geometry":{"type":"Point","coordinates":[-2.43579,53.41866]},"properties":{"name":"171149","category":"substation","osm_type":"node","osm_id":"946251919","ref":"171149"}},{"type":"Feature","geometry":{"type":"Point","coordinates":[-2.43322,53.41359]},"properties":{"name":"171648","category":"substation","osm_type":"node","osm_id":"946251971","ref":"171648"}},{"type":"Feature","geometry":{"type":"Point","coordinates":[-2.43881,53.41748]},"properties":{"name":"171026","category":"substation","osm_type":"node","osm_id":"946251990","ref":"171026"}},{"type":"Feature","geometry":{"type":"Point","coordinates":[-2.4344,53.4153]},"properties":{"name":"171219","category":"substation","osm_type":"node","osm_id":"946252090","ref":"171219"}},{"type":"Feature","geometry":{"type":"Point","coordinates":[-2.42852,53.41879]},"properties":{"name":"Power infrastructure","category":"substation","osm_type":"node","osm_id":"946252128"}},{"type":"Feature","geometry":{"type":"Point","coordinates":[-2.44461,53.41525]},"properties":{"name":"172051","category":"substation","osm_type":"node","osm_id":"946304233","ref":"172051"}},{"type":"Feature","geometry":{"type":"Point","coordinates":[-2.42317,53.41768]},"properties":{"name":"Power infrastructure","category":"substation","osm_type":"node","osm_id":"950723382"}},{"type":"Feature","geometry":{"type":"Point","coordinates":[-2.45309,53.40239]},"properties":{"name":"03/6989/1","category":"substation","osm_type":"node","osm_id":"950723397","ref":"03/6989/1"}},{"type":"Feature","geometry":{"type":"Point","coordinates":[-2.35097,53.42656]},"properties":{"name":"171779","category":"substation","osm_type":"node","osm_id":"955306520","ref":"171779"}},{"type":"Feature","geometry":{"type":"Point","coordinates":[-2.3523,53.42171]},"properties":{"name":"Power infrastructure","category":"substation","osm_type":"node","osm_id":"955306542"}},{"type":"Feature","geometry":{"type":"Point","coordinates":[-2.34936,53.42297]},"properties":{"name":"Power infrastructure","category":"substation","osm_type":"node","osm_id":"955306614"}},{"type":"Feature","geometry":{"type":"Point","coordinates":[-2.35298,53.42345]},"properties":{"name":"Power infrastructure","category":"substation","osm_type":"node","osm_id":"955306635"}},{"type":"Feature","geometry":{"type":"Point","coordinates":[-2.33834,53.4145]},"properties":{"name":"Power infrastructure","category":"substation","osm_type":"node","osm_id":"963912609"}},{"type":"Feature","geometry":{"type":"Point","coordinates":[-2.3455,53.41673]},"properties":{"name":"178220","category":"substation","osm_type":"node","osm_id":"963912629","ref":"178220"}},{"type":"Feature","geometry":{"type":"Point","coordinates":[-2.34425,53.41315]},"properties":{"name":"Power infrastructure","category":"substation","osm_type":"node","osm_id":"963941283"}},{"type":"Feature","geometry":{"type":"Point","coordinates":[-2.34224,53.40992]},"properties":{"name":"171309","category":"substation","osm_type":"node","osm_id":"979838477","ref":"171309"}},{"type":"Feature","geometry":{"type":"Point","coordinates":[-2.33585,53.41013]},"properties":{"name":"171833","category":"substation","osm_type":"node","osm_id":"979838481","ref":"171833"}},{"type":"Feature","geometry":{"type":"Point","coordinates":[-2.35211,53.40845]},"properties":{"name":"171212","category":"substation","osm_type":"node","osm_id":"979881938","ref":"171212"}},{"type":"Feature","geometry":{"type":"Point","coordinates":[-2.33466,53.41687]},"properties":{"name":"178219","category":"substation","osm_type":"node","osm_id":"979881979","ref":"178219"}},{"type":"Feature","geometry":{"type":"Point","coordinates":[-2.34506,53.40868]},"properties":{"name":"171790","category":"substation","osm_type":"node","osm_id":"979882006","ref":"171790"}},{"type":"Feature","geometry":{"type":"Point","coordinates":[-2.33879,53.41282]},"properties":{"name":"171842","category":"substation","osm_type":"node","osm_id":"979882057","ref":"171842"}},{"type":"Feature","geometry":{"type":"Point","coordinates":[-2.34606,53.41104]},"properties":{"name":"172362","category":"substation","osm_type":"node","osm_id":"979882084","ref":"172362"}},{"type":"Feature","geometry":{"type":"Point","coordinates":[-2.36176,53.41188]},"properties":{"name":"171484","category":"substation","osm_type":"node","osm_id":"984852415","ref":"171484"}},{"type":"Feature","geometry":{"type":"Point","coordinates":[-2.35956,53.41835]},"properties":{"name":"Power infrastructure","category":"substation","osm_type":"node","osm_id":"998863995"}},{"type":"Feature","geometry":{"type":"Point","coordinates":[-2.33978,53.40723]},"properties":{"name":"171330","category":"substation","osm_type":"node","osm_id":"1009367740","ref":"171330"}},{"type":"Feature","geometry":{"type":"Point","coordinates":[-2.35662,53.4265]},"properties":{"name":"171474","category":"substation","osm_type":"node","osm_id":"1009367815","ref":"171474"}},{"type":"Feature","geometry":{"type":"Point","coordinates":[-2.35677,53.42861]},"properties":{"name":"171509","category":"substation","osm_type":"node","osm_id":"1009367891","ref":"171509"}},{"type":"Feature","geometry":{"type":"Point","coordinates":[-2.32825,53.43193]},"properties":{"name":"171349","category":"substation","osm_type":"node","osm_id":"1012898494","ref":"171349"}},{"type":"Feature","geometry":{"type":"Point","coordinates":[-2.32304,53.42829]},"properties":{"name":"177136","category":"substation","osm_type":"node","osm_id":"1012898562","ref":"177136"}},{"type":"Feature","geometry":{"type":"Point","coordinates":[-2.33297,53.42674]},"properties":{"name":"171457","category":"substation","osm_type":"node","osm_id":"1013798590","ref":"171457"}},{"type":"Feature","geometry":{"type":"Point","coordinates":[-2.33945,53.43175]},"properties":{"name":"Power infrastructure","category":"substation","osm_type":"node","osm_id":"1013864227"}},{"type":"Feature","geometry":{"type":"Point","coordinates":[-2.18787,53.17436]},"properties":{"name":"982598","category":"substation","osm_type":"node","osm_id":"1049972383","ref":"982598"}},{"type":"Feature","geometry":{"type":"Point","coordinates":[-2.18864,53.17216]},"properties":{"name":"1781","category":"substation","osm_type":"node","osm_id":"1052552748","ref":"1781"}},{"type":"Feature","geometry":{"type":"Point","coordinates":[-2.24078,53.32987]},"properties":{"name":"333262","category":"substation","osm_type":"node","osm_id":"1056945574","ref":"333262"}},{"type":"Feature","geometry":{"type":"Point","coordinates":[-2.19241,53.17328]},"properties":{"name":"981744","category":"substation","osm_type":"node","osm_id":"1057066570","ref":"981744"}},{"type":"Feature","geometry":{"type":"Point","coordinates":[-2.19149,53.17121]},"properties":{"name":"Tall Ash Ave","category":"substation","osm_type":"node","osm_id":"1058079282","operator":"National Grid Electricity Distribution","ref":"982139"}},{"type":"Feature","geometry":{"type":"Point","coordinates":[-2.2019,53.15829]},"properties":{"name":"Power infrastructure","category":"substation","osm_type":"node","osm_id":"1079669550"}},{"type":"Feature","geometry":{"type":"Point","coordinates":[-2.19723,53.15881]},"properties":{"name":"Avon Drive","category":"substation","osm_type":"node","osm_id":"1079670071","ref":"98/2616"}},{"type":"Feature","geometry":{"type":"Point","coordinates":[-2.19892,53.15763]},"properties":{"name":"98/2576","category":"substation","osm_type":"node","osm_id":"1079670553","ref":"98/2576"}},{"type":"Feature","geometry":{"type":"Point","coordinates":[-2.18637,53.15852]},"properties":{"name":"45189","category":"substation","osm_type":"node","osm_id":"1092607951","ref":"45189"}},{"type":"Feature","geometry":{"type":"Point","coordinates":[-2.7221,53.32358]},"properties":{"name":"Power infrastructure","category":"substation","osm_type":"node","osm_id":"1134460608"}},{"type":"Feature","geometry":{"type":"Point","coordinates":[-2.17669,53.25949]},"properties":{"name":"332661","category":"substation","osm_type":"node","osm_id":"1235334389","ref":"332661"}},{"type":"Feature","geometry":{"type":"Point","coordinates":[-2.18322,53.26176]},"properties":{"name":"332794","category":"substation","osm_type":"node","osm_id":"1235334565","ref":"332794"}},{"type":"Feature","geometry":{"type":"Point","coordinates":[-2.32893,53.42296]},"properties":{"name":"171579","category":"substation","osm_type":"node","osm_id":"1256186770","ref":"171579"}},{"type":"Feature","geometry":{"type":"Point","coordinates":[-2.33775,53.42429]},"properties":{"name":"171544","category":"substation","osm_type":"node","osm_id":"1256186793","ref":"171544"}},{"type":"Feature","geometry":{"type":"Point","coordinates":[-2.33438,53.42286]},"properties":{"name":"171258","category":"substation","osm_type":"node","osm_id":"1256186796","ref":"171258"}},{"type":"Feature","geometry":{"type":"Point","coordinates":[-2.33862,53.42725]},"properties":{"name":"171051","category":"substation","osm_type":"node","osm_id":"1256186823","ref":"171051"}},{"type":"Feature","geometry":{"type":"Point","coordinates":[-2.32764,53.42481]},"properties":{"name":"171584","category":"substation","osm_type":"node","osm_id":"1256186851","ref":"171584"}},{"type":"Feature","geometry":{"type":"Point","coordinates":[-2.32639,53.4177]},"properties":{"name":"Power infrastructure","category":"substation","osm_type":"node","osm_id":"1264090664"}},{"type":"Feature","geometry":{"type":"Point","coordinates":[-2.32224,53.42289]},"properties":{"name":"Power infrastructure","category":"substation","osm_type":"node","osm_id":"1264124263"}},{"type":"Feature","geometry":{"type":"Point","coordinates":[-2.31655,53.42215]},"properties":{"name":"171836","category":"substation","osm_type":"node","osm_id":"1264990383","ref":"171836"}},{"type":"Feature","geometry":{"type":"Point","coordinates":[-2.32086,53.42166]},"properties":{"name":"171072","category":"substation","osm_type":"node","osm_id":"1264990406","ref":"171072"}},{"type":"Feature","geometry":{"type":"Point","coordinates":[-2.30888,53.41334]},"properties":{"name":"171568","category":"substation","osm_type":"node","osm_id":"1266048957","ref":"171568"}},{"type":"Feature","geometry":{"type":"Point","coordinates":[-2.3103,53.41726]},"properties":{"name":"Power infrastructure","category":"substation","osm_type":"node","osm_id":"1266049083"}},{"type":"Feature","geometry":{"type":"Point","coordinates":[-2.30737,53.41167]},"properties":{"name":"171264","category":"substation","osm_type":"node","osm_id":"1266049128","ref":"171264"}},{"type":"Feature","geometry":{"type":"Point","coordinates":[-2.31232,53.41437]},"properties":{"name":"171240","category":"substation","osm_type":"node","osm_id":"1266049146","ref":"171240"}},{"type":"Feature","geometry":{"type":"Point","coordinates":[-2.31775,53.41609]},"properties":{"name":"177463","category":"substation","osm_type":"node","osm_id":"1266049169","ref":"177463"}},{"type":"Feature","geometry":{"type":"Point","coordinates":[-2.31355,53.41249]},"properties":{"name":"171566","category":"substation","osm_type":"node","osm_id":"1266049180","ref":"171566"}},{"type":"Feature","geometry":{"type":"Point","coordinates":[-2.28921,53.41817]},"properties":{"name":"Power infrastructure","category":"substation","osm_type":"node","osm_id":"1268200301"}},{"type":"Feature","geometry":{"type":"Point","coordinates":[-2.29106,53.42219]},"properties":{"name":"177604","category":"substation","osm_type":"node","osm_id":"1272542176","ref":"177604"}},{"type":"Feature","geometry":{"type":"Point","coordinates":[-2.29142,53.42054]},"properties":{"name":"171560","category":"substation","osm_type":"node","osm_id":"1272542180","ref":"171560"}},{"type":"Feature","geometry":{"type":"Point","coordinates":[-2.29587,53.41999]},"properties":{"name":"171570","category":"substation","osm_type":"node","osm_id":"1272542181","ref":"171570"}},{"type":"Feature","geometry":{"type":"Point","coordinates":[-2.29528,53.44766]},"properties":{"name":"Power infrastructure","category":"substation","osm_type":"node","osm_id":"1278747836","operator":"Electricity North West","website":"https://www.enwl.co.uk"}},{"type":"Feature","geometry":{"type":"Point","coordinates":[-2.29784,53.45431]},"properties":{"name":"Power infrastructure","category":"substation","osm_type":"node","osm_id":"1278747929"}},{"type":"Feature","geometry":{"type":"Point","coordinates":[-2.29612,53.44998]},"properties":{"name":"Power infrastructure","category":"substation","osm_type":"node","osm_id":"1278748088"}},{"type":"Feature","geometry":{"type":"Point","coordinates":[-2.30043,53.44874]},"properties":{"name":"166509","category":"substation","osm_type":"node","osm_id":"1278748280","ref":"166509"}},{"type":"Feature","geometry":{"type":"Point","coordinates":[-2.30173,53.44541]},"properties":{"name":"165910","category":"substation","osm_type":"node","osm_id":"1279777419","ref":"165910"}},{"type":"Feature","geometry":{"type":"Point","coordinates":[-2.30269,53.4529]},"properties":{"name":"Power infrastructure","category":"substation","osm_type":"node","osm_id":"1279868556"}},{"type":"Feature","geometry":{"type":"Point","coordinates":[-2.2907,53.46075]},"properties":{"name":"Power infrastructure","category":"substation","osm_type":"node","osm_id":"1279869956"}},{"type":"Feature","geometry":{"type":"Point","coordinates":[-2.3233,53.46658]},"properties":{"name":"165839","category":"substation","osm_type":"node","osm_id":"1293896782","ref":"165839"}},{"type":"Feature","geometry":{"type":"Point","coordinates":[-2.31711,53.46295]},"properties":{"name":"100621","category":"substation","osm_type":"node","osm_id":"1293896871","ref":"100621"}},{"type":"Feature","geometry":{"type":"Point","coordinates":[-2.31354,53.4615]},"properties":{"name":"167592","category":"substation","osm_type":"node","osm_id":"1293896938","ref":"167592"}},{"type":"Feature","geometry":{"type":"Point","coordinates":[-2.31744,53.45916]},"properties":{"name":"167711","category":"substation","osm_type":"node","osm_id":"1293897056","ref":"167711"}},{"type":"Feature","geometry":{"type":"Point","coordinates":[-2.26903,53.45341]},"properties":{"name":"Power infrastructure","category":"substation","osm_type":"node","osm_id":"1307320041"}},{"type":"Feature","geometry":{"type":"Point","coordinates":[-2.27606,53.45666]},"properties":{"name":"Power infrastructure","category":"substation","osm_type":"node","osm_id":"1313536694"}},{"type":"Feature","geometry":{"type":"Point","coordinates":[-2.27874,53.4541]},"properties":{"name":"Power infrastructure","category":"substation","osm_type":"node","osm_id":"1313536735"}},{"type":"Feature","geometry":{"type":"Point","coordinates":[-2.27707,53.45941]},"properties":{"name":"165964","category":"substation","osm_type":"node","osm_id":"1313536794","ref":"165964"}},{"type":"Feature","geometry":{"type":"Point","coordinates":[-2.27419,53.45479]},"properties":{"name":"165968","category":"substation","osm_type":"node","osm_id":"1313536805","ref":"165968"}},{"type":"Feature","geometry":{"type":"Point","coordinates":[-2.27447,53.452]},"properties":{"name":"165967","category":"substation","osm_type":"node","osm_id":"1313536835","ref":"165967"}},{"type":"Feature","geometry":{"type":"Point","coordinates":[-2.28366,53.45616]},"properties":{"name":"165951","category":"substation","osm_type":"node","osm_id":"1313559552","ref":"165951"}},{"type":"Feature","geometry":{"type":"Point","coordinates":[-2.26006,53.46288]},"properties":{"name":"165981","category":"substation","osm_type":"node","osm_id":"1321056020","ref":"165981"}},{"type":"Feature","geometry":{"type":"Point","coordinates":[-2.26697,53.46805]},"properties":{"name":"172576","category":"substation","osm_type":"node","osm_id":"1341721645","ref":"172576"}},{"type":"Feature","geometry":{"type":"Point","coordinates":[-2.76338,53.01902]},"properties":{"name":"Power infrastructure","category":"substation","osm_type":"node","osm_id":"1357894384"}},{"type":"Feature","geometry":{"type":"Point","coordinates":[-2.76566,53.0217]},"properties":{"name":"Power infrastructure","category":"substation","osm_type":"node","osm_id":"1357894397"}},{"type":"Feature","geometry":{"type":"Point","coordinates":[-2.32665,53.42548]},"properties":{"name":"Power infrastructure","category":"substation","osm_type":"node","osm_id":"1440392407","operator":"united utilities"}},{"type":"Feature","geometry":{"type":"Point","coordinates":[-2.33011,53.4123]},"properties":{"name":"171731","category":"substation","osm_type":"node","osm_id":"1477948598","ref":"171731"}},{"type":"Feature","geometry":{"type":"Point","coordinates":[-2.18738,53.42207]},"properties":{"name":"Power infrastructure","category":"substation","osm_type":"node","osm_id":"1501383217"}},{"type":"Feature","geometry":{"type":"Point","coordinates":[-2.18513,53.42665]},"properties":{"name":"Power infrastructure","category":"substation","osm_type":"node","osm_id":"1501383219"}},{"type":"Feature","geometry":{"type":"Point","coordinates":[-2.04405,53.40222]},"properties":{"name":"Power infrastructure","category":"substation","osm_type":"node","osm_id":"1671075267"}},{"type":"Feature","geometry":{"type":"Point","coordinates":[-2.21012,53.33835]},"properties":{"name":"Power infrastructure","category":"substation","osm_type":"node","osm_id":"1935892336"}},{"type":"Feature","geometry":{"type":"Point","coordinates":[-2.25546,53.30997]},"properties":{"name":"Power infrastructure","category":"substation","osm_type":"node","osm_id":"1948321389"}},{"type":"Feature","geometry":{"type":"Point","coordinates":[-2.2671,53.41108]},"properties":{"name":"Power infrastructure","category":"substation","osm_type":"node","osm_id":"2143940618"}},{"type":"Feature","geometry":{"type":"Point","coordinates":[-2.88229,53.27696]},"properties":{"name":"Power infrastructure","category":"substation","osm_type":"node","osm_id":"2275542084"}},{"type":"Feature","geometry":{"type":"Point","coordinates":[-2.27748,53.48481]},"properties":{"name":"Power infrastructure","category":"substation","osm_type":"node","osm_id":"3388207077"}},{"type":"Feature","geometry":{"type":"Point","coordinates":[-2.32487,53.40403]},"properties":{"name":"Power infrastructure","category":"substation","osm_type":"node","osm_id":"3401650383"}},{"type":"Feature","geometry":{"type":"Point","coordinates":[-2.33212,53.402]},"properties":{"name":"Power infrastructure","category":"substation","osm_type":"node","osm_id":"3401665451"}},{"type":"Feature","geometry":{"type":"Point","coordinates":[-2.25417,53.47666]},"properties":{"name":"Air Museum","category":"substation","osm_type":"node","osm_id":"3405888607","operator":"Electricity North West","ref":"165991"}},{"type":"Feature","geometry":{"type":"Point","coordinates":[-2.25636,53.47723]},"properties":{"name":"Science Museum (Private)","category":"substation","osm_type":"node","osm_id":"3405888608","operator":"Electricity North West","ref":"167313"}},{"type":"Feature","geometry":{"type":"Point","coordinates":[-2.17201,53.2828]},"properties":{"name":"Power infrastructure","category":"generator","osm_type":"node","osm_id":"3850561647"}},{"type":"Feature","geometry":{"type":"Point","coordinates":[-2.163,53.2843]},"properties":{"name":"Power infrastructure","category":"substation","osm_type":"node","osm_id":"3850561648"}},{"type":"Feature","geometry":{"type":"Point","coordinates":[-2.05279,53.39993]},"properties":{"name":"Power infrastructure","category":"substation","osm_type":"node","osm_id":"3964984467"}},{"type":"Feature","geometry":{"type":"Point","coordinates":[-2.31502,53.4178]},"properties":{"name":"Power infrastructure","category":"substation","osm_type":"node","osm_id":"4171729210","operator":"Sale Grammar Scool"}},{"type":"Feature","geometry":{"type":"Point","coordinates":[-2.12629,53.05506]},"properties":{"name":"Power infrastructure","category":"generator","osm_type":"node","osm_id":"4366796443"}},{"type":"Feature","geometry":{"type":"Point","coordinates":[-2.7459,53.29863]},"properties":{"name":"Power infrastructure","category":"generator","osm_type":"node","osm_id":"4392586158","operator":"Peel"}},{"type":"Feature","geometry":{"type":"Point","coordinates":[-2.7392,53.29942]},"properties":{"name":"Power infrastructure","category":"generator","osm_type":"node","osm_id":"4392586159","operator":"Peel"}},{"type":"Feature","geometry":{"type":"Point","coordinates":[-2.74118,53.30281]},"properties":{"name":"Power infrastructure","category":"generator","osm_type":"node","osm_id":"4392586160","operator":"Peel"}},{"type":"Feature","geometry":{"type":"Point","coordinates":[-2.74532,53.30127]},"properties":{"name":"Power infrastructure","category":"generator","osm_type":"node","osm_id":"4392586161","operator":"Peel"}},{"type":"Feature","geometry":{"type":"Point","coordinates":[-2.74817,53.30613]},"properties":{"name":"Power infrastructure","category":"generator","osm_type":"node","osm_id":"4392586162","operator":"Peel"}},{"type":"Feature","geometry":{"type":"Point","coordinates":[-2.74469,53.30815]},"properties":{"name":"Power infrastructure","category":"generator","osm_type":"node","osm_id":"4392586163","operator":"Peel"}},{"type":"Feature","geometry":{"type":"Point","coordinates":[-2.78999,53.28976]},"properties":{"name":"Power infrastructure","category":"generator","osm_type":"node","osm_id":"4392611011","operator":"Peel"}},{"type":"Feature","geometry":{"type":"Point","coordinates":[-2.77691,53.29606]},"properties":{"name":"Power infrastructure","category":"generator","osm_type":"node","osm_id":"4392611012","operator":"Peel"}},{"type":"Feature","geometry":{"type":"Point","coordinates":[-2.7803,53.29452]},"properties":{"name":"Power infrastructure","category":"generator","osm_type":"node","osm_id":"4392611013","operator":"Peel"}},{"type":"Feature","geometry":{"type":"Point","coordinates":[-2.78394,53.29309]},"properties":{"name":"Power infrastructure","category":"generator","osm_type":"node","osm_id":"4392611014","operator":"Peel"}},{"type":"Feature","geometry":{"type":"Point","coordinates":[-2.78775,53.29181]},"properties":{"name":"Power infrastructure","category":"generator","osm_type":"node","osm_id":"4392611015","operator":"Peel"}},{"type":"Feature","geometry":{"type":"Point","coordinates":[-2.78734,53.28674]},"properties":{"name":"Power infrastructure","category":"generator","osm_type":"node","osm_id":"4392611016","operator":"Peel"}},{"type":"Feature","geometry":{"type":"Point","coordinates":[-2.7834,53.28827]},"properties":{"name":"Power infrastructure","category":"generator","osm_type":"node","osm_id":"4392611017","operator":"Peel"}},{"type":"Feature","geometry":{"type":"Point","coordinates":[-2.77994,53.28989]},"properties":{"name":"Power infrastructure","category":"generator","osm_type":"node","osm_id":"4392611018","operator":"Peel"}},{"type":"Feature","geometry":{"type":"Point","coordinates":[-2.77599,53.29167]},"properties":{"name":"Power infrastructure","category":"generator","osm_type":"node","osm_id":"4392611019","operator":"Peel"}},{"type":"Feature","geometry":{"type":"Point","coordinates":[-2.77168,53.29312]},"properties":{"name":"Power infrastructure","category":"generator","osm_type":"node","osm_id":"4392611020","operator":"Peel"}},{"type":"Feature","geometry":{"type":"Point","coordinates":[-2.78055,53.28521]},"properties":{"name":"Power infrastructure","category":"generator","osm_type":"node","osm_id":"4392611021","operator":"Peel"}},{"type":"Feature","geometry":{"type":"Point","coordinates":[-2.77349,53.28824]},"properties":{"name":"Power infrastructure","category":"generator","osm_type":"node","osm_id":"4392611022","operator":"Peel"}},{"type":"Feature","geometry":{"type":"Point","coordinates":[-2.7686,53.28892]},"properties":{"name":"Power infrastructure","category":"generator","osm_type":"node","osm_id":"4392611023","operator":"Peel"}},{"type":"Feature","geometry":{"type":"Point","coordinates":[-2.16466,53.45725]},"properties":{"name":"Dean Road Gorton","category":"substation","osm_type":"node","osm_id":"4395269133","operator":"Electricity North West","ref":"171506"}},{"type":"Feature","geometry":{"type":"Point","coordinates":[-2.17239,53.45687]},"properties":{"name":"Ryderbrow Road","category":"substation","osm_type":"node","osm_id":"4395269134","operator":"Electricity North West","ref":"172110"}},{"type":"Feature","geometry":{"type":"Point","coordinates":[-2.24275,53.48697]},"properties":{"name":"Victoria Approach Cheshams Electricity Substation","category":"substation","osm_type":"node","osm_id":"4400139779","operator":"Electricity North West","ref":"168462"}},{"type":"Feature","geometry":{"type":"Point","coordinates":[-2.14256,53.38362]},"properties":{"name":"Flowery Fields Electricity Substation","category":"substation","osm_type":"node","osm_id":"4401744172","operator":"Electricity North West","ref":"330151"}},{"type":"Feature","geometry":{"type":"Point","coordinates":[-2.23016,53.39444]},"properties":{"name":"Belmont Road Electricity Substation","category":"substation","osm_type":"node","osm_id":"4401785043","operator":"Electricity North West","ref":"171078"}},{"type":"Feature","geometry":{"type":"Point","coordinates":[-2.51266,53.23627]},"properties":{"name":"Power infrastructure","category":"substation","osm_type":"node","osm_id":"4512515212"}},{"type":"Feature","geometry":{"type":"Point","coordinates":[-2.66321,53.3509]},"properties":{"name":"Rokeby Court","category":"substation","osm_type":"node","osm_id":"4518824301","ref":"03-5583-28"}},{"type":"Feature","geometry":{"type":"Point","coordinates":[-2.78815,53.41576]},"properties":{"name":"Power infrastructure","category":"generator","osm_type":"node","osm_id":"4625690189"}},{"type":"Feature","geometry":{"type":"Point","coordinates":[-2.16362,53.44163]},"properties":{"name":"330191","category":"substation","osm_type":"node","osm_id":"4705123061","ref":"330191"}},{"type":"Feature","geometry":{"type":"Point","coordinates":[-2.97237,53.32244]},"properties":{"name":"Power infrastructure","category":"substation","osm_type":"node","osm_id":"4723921082"}},{"type":"Feature","geometry":{"type":"Point","coordinates":[-2.53747,53.26585]},"properties":{"name":"Muskett Drive","category":"substation","osm_type":"node","osm_id":"5137947098","ref":"SJ647/010"}},{"type":"Feature","geometry":{"type":"Point","coordinates":[-2.72039,53.38128]},"properties":{"name":"Power infrastructure","category":"substation","osm_type":"node","osm_id":"5162653564"}},{"type":"Feature","geometry":{"type":"Point","coordinates":[-2.24424,53.48711]},"properties":{"name":"Arena Point","category":"substation","osm_type":"node","osm_id":"5630756229","operator":"Electricity North West","ref":"16689"}},{"type":"Feature","geometry":{"type":"Point","coordinates":[-2.24442,53.48705]},"properties":{"name":"British Rail Victoria Station","category":"substation","osm_type":"node","osm_id":"5630756230","operator":"Electricity North West","ref":"166043"}},{"type":"Feature","geometry":{"type":"Point","coordinates":[-2.24085,53.17083]},"properties":{"name":"982647","category":"substation","osm_type":"node","osm_id":"5979856806","ref":"982647"}},{"type":"Feature","geometry":{"type":"Point","coordinates":[-2.24291,53.16929]},"properties":{"name":"Delamere Road","category":"substation","osm_type":"node","osm_id":"5979907658","ref":"981969"}},{"type":"Feature","geometry":{"type":"Point","coordinates":[-2.24103,53.16728]},"properties":{"name":"Grosvenor Road","category":"substation","osm_type":"node","osm_id":"5981114194","ref":"981612"}},{"type":"Feature","geometry":{"type":"Point","coordinates":[-2.17108,53.43641]},"properties":{"name":"Power infrastructure","category":"generator","osm_type":"node","osm_id":"6057880946"}},{"type":"Feature","geometry":{"type":"Point","coordinates":[-2.2358,53.16814]},"properties":{"name":"Churchill Close","category":"substation","osm_type":"node","osm_id":"6066787626","ref":"981818"}},{"type":"Feature","geometry":{"type":"Point","coordinates":[-2.24681,53.16922]},"properties":{"name":"981353","category":"substation","osm_type":"node","osm_id":"6069017150","ref":"981353"}},{"type":"Feature","geometry":{"type":"Point","coordinates":[-2.34487,53.02363]},"properties":{"name":"Power infrastructure","category":"generator","osm_type":"node","osm_id":"6088877684"}},{"type":"Feature","geometry":{"type":"Point","coordinates":[-2.21606,53.16932]},"properties":{"name":"Lady Warburtons Walk","category":"substation","osm_type":"node","osm_id":"6128240585","ref":"982331"}},{"type":"Feature","geometry":{"type":"Point","coordinates":[-2.19769,53.15673]},"properties":{"name":"982848","category":"substation","osm_type":"node","osm_id":"6140706642","ref":"982848"}},{"type":"Feature","geometry":{"type":"Point","coordinates":[-2.24253,53.32497]},"properties":{"name":"333581","category":"substation","osm_type":"node","osm_id":"6151626762","ref":"333581"}},{"type":"Feature","geometry":{"type":"Point","coordinates":[-2.18243,53.15488]},"properties":{"name":"63400","category":"substation","osm_type":"node","osm_id":"6153662083","ref":"63400"}},{"type":"Feature","geometry":{"type":"Point","coordinates":[-2.23906,53.16047]},"properties":{"name":"Windermere Drive","category":"substation","osm_type":"node","osm_id":"6156578417","ref":"982034"}},{"type":"Feature","geometry":{"type":"Point","coordinates":[-2.24382,53.16344]},"properties":{"name":"98575","category":"substation","osm_type":"node","osm_id":"6197312379","ref":"98575"}},{"type":"Feature","geometry":{"type":"Point","coordinates":[-2.25772,53.47821]},"properties":{"name":"166384","category":"substation","osm_type":"node","osm_id":"6207135789","operator":"Electricity North West","ref":"166384"}},{"type":"Feature","geometry":{"type":"Point","coordinates":[-2.45922,53.13356]},"properties":{"name":"Power infrastructure","category":"generator","osm_type":"node","osm_id":"6274205062"}},{"type":"Feature","geometry":{"type":"Point","coordinates":[-2.46418,53.14137]},"properties":{"name":"Power infrastructure","category":"generator","osm_type":"node","osm_id":"6274205078"}},{"type":"Feature","geometry":{"type":"Point","coordinates":[-2.45858,53.13086]},"properties":{"name":"Power infrastructure","category":"generator","osm_type":"node","osm_id":"6274205080"}},{"type":"Feature","geometry":{"type":"Point","coordinates":[-2.45845,53.13195]},"properties":{"name":"Power infrastructure","category":"generator","osm_type":"node","osm_id":"6274205084"}},{"type":"Feature","geometry":{"type":"Point","coordinates":[-2.46172,53.29089]},"properties":{"name":"Power infrastructure","category":"generator","osm_type":"node","osm_id":"6329816370"}},{"type":"Feature","geometry":{"type":"Point","coordinates":[-2.58636,53.41121]},"properties":{"name":"Power infrastructure","category":"generator","osm_type":"node","osm_id":"6365775690"}},{"type":"Feature","geometry":{"type":"Point","coordinates":[-2.58637,53.41143]},"properties":{"name":"Power infrastructure","category":"generator","osm_type":"node","osm_id":"6365775691"}},{"type":"Feature","geometry":{"type":"Point","coordinates":[-2.58624,53.41142]},"properties":{"name":"Power infrastructure","category":"generator","osm_type":"node","osm_id":"6365775692"}},{"type":"Feature","geometry":{"type":"Point","coordinates":[-2.58596,53.41112]},"properties":{"name":"Power infrastructure","category":"generator","osm_type":"node","osm_id":"6365775693"}},{"type":"Feature","geometry":{"type":"Point","coordinates":[-2.58646,53.41042]},"properties":{"name":"Power infrastructure","category":"generator","osm_type":"node","osm_id":"6365775694"}},{"type":"Feature","geometry":{"type":"Point","coordinates":[-2.58725,53.41076]},"properties":{"name":"Power infrastructure","category":"generator","osm_type":"node","osm_id":"6365775695"}},{"type":"Feature","geometry":{"type":"Point","coordinates":[-2.58772,53.41162]},"properties":{"name":"Power infrastructure","category":"generator","osm_type":"node","osm_id":"6365775696"}},{"type":"Feature","geometry":{"type":"Point","coordinates":[-2.58738,53.4116]},"properties":{"name":"Power infrastructure","category":"generator","osm_type":"node","osm_id":"6365775697"}},{"type":"Feature","geometry":{"type":"Point","coordinates":[-2.5858,53.41125]},"properties":{"name":"Power infrastructure","category":"generator","osm_type":"node","osm_id":"6365775698"}},{"type":"Feature","geometry":{"type":"Point","coordinates":[-2.58654,53.40967]},"properties":{"name":"Power infrastructure","category":"generator","osm_type":"node","osm_id":"6365775699"}},{"type":"Feature","geometry":{"type":"Point","coordinates":[-2.59342,53.41197]},"properties":{"name":"Power infrastructure","category":"generator","osm_type":"node","osm_id":"6365775731"}},{"type":"Feature","geometry":{"type":"Point","coordinates":[-2.59244,53.41198]},"properties":{"name":"Power infrastructure","category":"generator","osm_type":"node","osm_id":"6365775732"}},{"type":"Feature","geometry":{"type":"Point","coordinates":[-2.59231,53.41186]},"properties":{"name":"Power infrastructure","category":"generator","osm_type":"node","osm_id":"6365775733"}},{"type":"Feature","geometry":{"type":"Point","coordinates":[-2.5922,53.41177]},"properties":{"name":"Power infrastructure","category":"generator","osm_type":"node","osm_id":"6365775734"}},{"type":"Feature","geometry":{"type":"Point","coordinates":[-2.59215,53.41175]},"properties":{"name":"Power infrastructure","category":"generator","osm_type":"node","osm_id":"6365775735"}},{"type":"Feature","geometry":{"type":"Point","coordinates":[-2.59239,53.41195]},"properties":{"name":"Power infrastructure","category":"generator","osm_type":"node","osm_id":"6365775736"}},{"type":"Feature","geometry":{"type":"Point","coordinates":[-2.59258,53.41209]},"properties":{"name":"Power infrastructure","category":"generator","osm_type":"node","osm_id":"6365775737"}},{"type":"Feature","geometry":{"type":"Point","coordinates":[-2.59205,53.41213]},"properties":{"name":"Power infrastructure","category":"generator","osm_type":"node","osm_id":"6365775738"}},{"type":"Feature","geometry":{"type":"Point","coordinates":[-2.59201,53.41209]},"properties":{"name":"Power infrastructure","category":"generator","osm_type":"node","osm_id":"6365775739"}},{"type":"Feature","geometry":{"type":"Point","coordinates":[-2.59189,53.41197]},"properties":{"name":"Power infrastructure","category":"generator","osm_type":"node","osm_id":"6365775740"}},{"type":"Feature","geometry":{"type":"Point","coordinates":[-2.59158,53.41217]},"properties":{"name":"Power infrastructure","category":"generator","osm_type":"node","osm_id":"6365775741"}},{"type":"Feature","geometry":{"type":"Point","coordinates":[-2.59161,53.4122]},"properties":{"name":"Power infrastructure","category":"generator","osm_type":"node","osm_id":"6365775742"}},{"type":"Feature","geometry":{"type":"Point","coordinates":[-2.59166,53.41225]},"properties":{"name":"Power infrastructure","category":"generator","osm_type":"node","osm_id":"6365775743"}},{"type":"Feature","geometry":{"type":"Point","coordinates":[-2.5917,53.41228]},"properties":{"name":"Power infrastructure","category":"generator","osm_type":"node","osm_id":"6365775744"}},{"type":"Feature","geometry":{"type":"Point","coordinates":[-2.59213,53.41226]},"properties":{"name":"Power infrastructure","category":"generator","osm_type":"node","osm_id":"6365775745"}},{"type":"Feature","geometry":{"type":"Point","coordinates":[-2.59217,53.41231]},"properties":{"name":"Power infrastructure","category":"generator","osm_type":"node","osm_id":"6365775746"}},{"type":"Feature","geometry":{"type":"Point","coordinates":[-2.59183,53.41239]},"properties":{"name":"Power infrastructure","category":"generator","osm_type":"node","osm_id":"6365775747"}},{"type":"Feature","geometry":{"type":"Point","coordinates":[-2.5918,53.41236]},"properties":{"name":"Power infrastructure","category":"generator","osm_type":"node","osm_id":"6365775748"}},{"type":"Feature","geometry":{"type":"Point","coordinates":[-2.59224,53.41234]},"properties":{"name":"Power infrastructure","category":"generator","osm_type":"node","osm_id":"6365775749"}},{"type":"Feature","geometry":{"type":"Point","coordinates":[-2.59231,53.41243]},"properties":{"name":"Power infrastructure","category":"generator","osm_type":"node","osm_id":"6365775750"}},{"type":"Feature","geometry":{"type":"Point","coordinates":[-2.59233,53.41246]},"properties":{"name":"Power infrastructure","category":"generator","osm_type":"node","osm_id":"6365775751"}},{"type":"Feature","geometry":{"type":"Point","coordinates":[-2.59282,53.41243]},"properties":{"name":"Power infrastructure","category":"generator","osm_type":"node","osm_id":"6365775752"}},{"type":"Feature","geometry":{"type":"Point","coordinates":[-2.59278,53.41239]},"properties":{"name":"Power infrastructure","category":"generator","osm_type":"node","osm_id":"6365775753"}},{"type":"Feature","geometry":{"type":"Point","coordinates":[-2.59273,53.4123]},"properties":{"name":"Power infrastructure","category":"generator","osm_type":"node","osm_id":"6365775754"}},{"type":"Feature","geometry":{"type":"Point","coordinates":[-2.59135,53.41243]},"properties":{"name":"Power infrastructure","category":"generator","osm_type":"node","osm_id":"6365775755"}},{"type":"Feature","geometry":{"type":"Point","coordinates":[-2.5913,53.41238]},"properties":{"name":"Power infrastructure","category":"generator","osm_type":"node","osm_id":"6365775756"}},{"type":"Feature","geometry":{"type":"Point","coordinates":[-2.59149,53.4126]},"properties":{"name":"Power infrastructure","category":"generator","osm_type":"node","osm_id":"6365775757"}},{"type":"Feature","geometry":{"type":"Point","coordinates":[-2.59151,53.41266]},"properties":{"name":"Power infrastructure","category":"generator","osm_type":"node","osm_id":"6365775758"}},{"type":"Feature","geometry":{"type":"Point","coordinates":[-2.59189,53.41249]},"properties":{"name":"Power infrastructure","category":"generator","osm_type":"node","osm_id":"6365775759"}},{"type":"Feature","geometry":{"type":"Point","coordinates":[-2.59192,53.41255]},"properties":{"name":"Power infrastructure","category":"generator","osm_type":"node","osm_id":"6365775760"}},{"type":"Feature","geometry":{"type":"Point","coordinates":[-2.59196,53.4126]},"properties":{"name":"Power infrastructure","category":"generator","osm_type":"node","osm_id":"6365775761"}},{"type":"Feature","geometry":{"type":"Point","coordinates":[-2.59197,53.41263]},"properties":{"name":"Power infrastructure","category":"generator","osm_type":"node","osm_id":"6365775762"}},{"type":"Feature","geometry":{"type":"Point","coordinates":[-2.59243,53.41259]},"properties":{"name":"Power infrastructure","category":"generator","osm_type":"node","osm_id":"6365775763"}},{"type":"Feature","geometry":{"type":"Point","coordinates":[-2.59156,53.4127]},"properties":{"name":"Power infrastructure","category":"generator","osm_type":"node","osm_id":"6365775764"}},{"type":"Feature","geometry":{"type":"Point","coordinates":[-2.59061,53.41271]},"properties":{"name":"Power infrastructure","category":"generator","osm_type":"node","osm_id":"6365775765"}},{"type":"Feature","geometry":{"type":"Point","coordinates":[-2.59048,53.4126]},"properties":{"name":"Power infrastructure","category":"generator","osm_type":"node","osm_id":"6365775766"}},{"type":"Feature","geometry":{"type":"Point","coordinates":[-2.59036,53.41249]},"properties":{"name":"Power infrastructure","category":"generator","osm_type":"node","osm_id":"6365775767"}},{"type":"Feature","geometry":{"type":"Point","coordinates":[-2.5903,53.41245]},"properties":{"name":"Power infrastructure","category":"generator","osm_type":"node","osm_id":"6365775768"}},{"type":"Feature","geometry":{"type":"Point","coordinates":[-2.59147,53.41993]},"properties":{"name":"Power infrastructure","category":"generator","osm_type":"node","osm_id":"6365775772"}},{"type":"Feature","geometry":{"type":"Point","coordinates":[-2.59136,53.4199]},"properties":{"name":"Power infrastructure","category":"generator","osm_type":"node","osm_id":"6365775773"}},{"type":"Feature","geometry":{"type":"Point","coordinates":[-2.59119,53.41984]},"properties":{"name":"Power infrastructure","category":"generator","osm_type":"node","osm_id":"6365775774"}},{"type":"Feature","geometry":{"type":"Point","coordinates":[-2.59108,53.41981]},"properties":{"name":"Power infrastructure","category":"generator","osm_type":"node","osm_id":"6365775775"}},{"type":"Feature","geometry":{"type":"Point","coordinates":[-2.59091,53.41977]},"properties":{"name":"Power infrastructure","category":"generator","osm_type":"node","osm_id":"6365775776"}},{"type":"Feature","geometry":{"type":"Point","coordinates":[-2.59081,53.41974]},"properties":{"name":"Power infrastructure","category":"generator","osm_type":"node","osm_id":"6365775777"}},{"type":"Feature","geometry":{"type":"Point","coordinates":[-2.59067,53.41969]},"properties":{"name":"Power infrastructure","category":"generator","osm_type":"node","osm_id":"6365775778"}},{"type":"Feature","geometry":{"type":"Point","coordinates":[-2.59055,53.41965]},"properties":{"name":"Power infrastructure","category":"generator","osm_type":"node","osm_id":"6365775779"}},{"type":"Feature","geometry":{"type":"Point","coordinates":[-2.59671,53.42005]},"properties":{"name":"Power infrastructure","category":"generator","osm_type":"node","osm_id":"6365775780"}},{"type":"Feature","geometry":{"type":"Point","coordinates":[-2.59662,53.42004]},"properties":{"name":"Power infrastructure","category":"generator","osm_type":"node","osm_id":"6365775781"}},{"type":"Feature","geometry":{"type":"Point","coordinates":[-2.59674,53.41981]},"properties":{"name":"Power infrastructure","category":"generator","osm_type":"node","osm_id":"6365775782"}},{"type":"Feature","geometry":{"type":"Point","coordinates":[-2.59665,53.4198]},"properties":{"name":"Power infrastructure","category":"generator","osm_type":"node","osm_id":"6365775783"}},{"type":"Feature","geometry":{"type":"Point","coordinates":[-2.5968,53.4195]},"properties":{"name":"Power infrastructure","category":"generator","osm_type":"node","osm_id":"6365775784"}},{"type":"Feature","geometry":{"type":"Point","coordinates":[-2.59671,53.41949]},"properties":{"name":"Power infrastructure","category":"generator","osm_type":"node","osm_id":"6365776185"}},{"type":"Feature","geometry":{"type":"Point","coordinates":[-2.5964,53.41947]},"properties":{"name":"Power infrastructure","category":"generator","osm_type":"node","osm_id":"6365776186"}},{"type":"Feature","geometry":{"type":"Point","coordinates":[-2.5618,53.41296]},"properties":{"name":"Power infrastructure","category":"generator","osm_type":"node","osm_id":"6365776187"}},{"type":"Feature","geometry":{"type":"Point","coordinates":[-2.55533,53.41168]},"properties":{"name":"Power infrastructure","category":"generator","osm_type":"node","osm_id":"6365776188"}},{"type":"Feature","geometry":{"type":"Point","coordinates":[-2.55423,53.41146]},"properties":{"name":"Power infrastructure","category":"generator","osm_type":"node","osm_id":"6365776189"}},{"type":"Feature","geometry":{"type":"Point","coordinates":[-2.55366,53.41112]},"properties":{"name":"Power infrastructure","category":"generator","osm_type":"node","osm_id":"6365776190"}},{"type":"Feature","geometry":{"type":"Point","coordinates":[-2.55336,53.41116]},"properties":{"name":"Power infrastructure","category":"generator","osm_type":"node","osm_id":"6365776191"}},{"type":"Feature","geometry":{"type":"Point","coordinates":[-2.55277,53.41054]},"properties":{"name":"Power infrastructure","category":"generator","osm_type":"node","osm_id":"6365776192"}},{"type":"Feature","geometry":{"type":"Point","coordinates":[-2.55248,53.41033]},"properties":{"name":"Power infrastructure","category":"generator","osm_type":"node","osm_id":"6365776193"}},{"type":"Feature","geometry":{"type":"Point","coordinates":[-2.46258,53.29046]},"properties":{"name":"Power infrastructure","category":"generator","osm_type":"node","osm_id":"6383747940"}},{"type":"Feature","geometry":{"type":"Point","coordinates":[-2.46422,53.28987]},"properties":{"name":"Power infrastructure","category":"generator","osm_type":"node","osm_id":"6383761387"}},{"type":"Feature","geometry":{"type":"Point","coordinates":[-2.46627,53.28991]},"properties":{"name":"Power infrastructure","category":"generator","osm_type":"node","osm_id":"6383761388"}},{"type":"Feature","geometry":{"type":"Point","coordinates":[-2.46901,53.28751]},"properties":{"name":"Power infrastructure","category":"generator","osm_type":"node","osm_id":"6383761389"}},{"type":"Feature","geometry":{"type":"Point","coordinates":[-2.47054,53.28892]},"properties":{"name":"Power infrastructure","category":"generator","osm_type":"node","osm_id":"6383761390"}},{"type":"Feature","geometry":{"type":"Point","coordinates":[-2.25865,53.47578]},"properties":{"name":"Potato Wharf","category":"substation","osm_type":"node","osm_id":"6391590923","ref":"168185"}},{"type":"Feature","geometry":{"type":"Point","coordinates":[-2.83858,53.41242]},"properties":{"name":"Lathom Road","category":"substation","osm_type":"node","osm_id":"6415134289","ref":"02/4490/009"}},{"type":"Feature","geometry":{"type":"Point","coordinates":[-2.5561,53.2411]},"properties":{"name":"Power infrastructure","category":"generator","osm_type":"node","osm_id":"6459022434"}},{"type":"Feature","geometry":{"type":"Point","coordinates":[-2.55527,53.24114]},"properties":{"name":"Power infrastructure","category":"generator","osm_type":"node","osm_id":"6459022438"}},{"type":"Feature","geometry":{"type":"Point","coordinates":[-2.5556,53.24109]},"properties":{"name":"Power infrastructure","category":"generator","osm_type":"node","osm_id":"6459022442"}},{"type":"Feature","geometry":{"type":"Point","coordinates":[-2.55629,53.24111]},"properties":{"name":"Power infrastructure","category":"generator","osm_type":"node","osm_id":"6459022464"}},{"type":"Feature","geometry":{"type":"Point","coordinates":[-2.55595,53.2411]},"properties":{"name":"Power infrastructure","category":"generator","osm_type":"node","osm_id":"6459022469"}},{"type":"Feature","geometry":{"type":"Point","coordinates":[-2.82429,53.34638]},"properties":{"name":"Power infrastructure","category":"generator","osm_type":"node","osm_id":"6601354265"}},{"type":"Feature","geometry":{"type":"Point","coordinates":[-2.82448,53.34638]},"properties":{"name":"Power infrastructure","category":"generator","osm_type":"node","osm_id":"6601354266"}},{"type":"Feature","geometry":{"type":"Point","coordinates":[-2.82495,53.34634]},"properties":{"name":"Power infrastructure","category":"generator","osm_type":"node","osm_id":"6601354267"}},{"type":"Feature","geometry":{"type":"Point","coordinates":[-2.82456,53.34607]},"properties":{"name":"Power infrastructure","category":"generator","osm_type":"node","osm_id":"6601354268"}},{"type":"Feature","geometry":{"type":"Point","coordinates":[-2.82401,53.34616]},"properties":{"name":"Power infrastructure","category":"generator","osm_type":"node","osm_id":"6601354269"}},{"type":"Feature","geometry":{"type":"Point","coordinates":[-2.82351,53.34623]},"properties":{"name":"Power infrastructure","category":"generator","osm_type":"node","osm_id":"6601354270"}},{"type":"Feature","geometry":{"type":"Point","coordinates":[-2.82545,53.34626]},"properties":{"name":"Power infrastructure","category":"generator","osm_type":"node","osm_id":"6601354271"}},{"type":"Feature","geometry":{"type":"Point","coordinates":[-2.82574,53.3462]},"properties":{"name":"Power infrastructure","category":"generator","osm_type":"node","osm_id":"6601354272"}},{"type":"Feature","geometry":{"type":"Point","coordinates":[-2.82572,53.34586]},"properties":{"name":"Power infrastructure","category":"generator","osm_type":"node","osm_id":"6601354273"}},{"type":"Feature","geometry":{"type":"Point","coordinates":[-2.82636,53.34607]},"properties":{"name":"Power infrastructure","category":"generator","osm_type":"node","osm_id":"6601354274"}},{"type":"Feature","geometry":{"type":"Point","coordinates":[-2.82645,53.34643]},"properties":{"name":"Power infrastructure","category":"generator","osm_type":"node","osm_id":"6601354275"}},{"type":"Feature","geometry":{"type":"Point","coordinates":[-2.82636,53.34644]},"properties":{"name":"Power infrastructure","category":"generator","osm_type":"node","osm_id":"6601354276"}},{"type":"Feature","geometry":{"type":"Point","coordinates":[-2.82585,53.34655]},"properties":{"name":"Power infrastructure","category":"generator","osm_type":"node","osm_id":"6601354277"}},{"type":"Feature","geometry":{"type":"Point","coordinates":[-2.82576,53.34657]},"properties":{"name":"Power infrastructure","category":"generator","osm_type":"node","osm_id":"6601354278"}},{"type":"Feature","geometry":{"type":"Point","coordinates":[-2.82472,53.34677]},"properties":{"name":"Power infrastructure","category":"generator","osm_type":"node","osm_id":"6601354279"}},{"type":"Feature","geometry":{"type":"Point","coordinates":[-2.82436,53.34673]},"properties":{"name":"Power infrastructure","category":"generator","osm_type":"node","osm_id":"6601354280"}},{"type":"Feature","geometry":{"type":"Point","coordinates":[-2.82435,53.3471]},"properties":{"name":"Power infrastructure","category":"generator","osm_type":"node","osm_id":"6601354281"}},{"type":"Feature","geometry":{"type":"Point","coordinates":[-2.82446,53.34709]},"properties":{"name":"Power infrastructure","category":"generator","osm_type":"node","osm_id":"6601354282"}},{"type":"Feature","geometry":{"type":"Point","coordinates":[-2.82465,53.34708]},"properties":{"name":"Power infrastructure","category":"generator","osm_type":"node","osm_id":"6601354283"}},{"type":"Feature","geometry":{"type":"Point","coordinates":[-2.82475,53.34707]},"properties":{"name":"Power infrastructure","category":"generator","osm_type":"node","osm_id":"6601354284"}},{"type":"Feature","geometry":{"type":"Point","coordinates":[-2.82505,53.34705]},"properties":{"name":"Power infrastructure","category":"generator","osm_type":"node","osm_id":"6601390185"}},{"type":"Feature","geometry":{"type":"Point","coordinates":[-2.82568,53.34693]},"properties":{"name":"Power infrastructure","category":"generator","osm_type":"node","osm_id":"6601390186"}},{"type":"Feature","geometry":{"type":"Point","coordinates":[-2.82587,53.34689]},"properties":{"name":"Power infrastructure","category":"generator","osm_type":"node","osm_id":"6601390187"}},{"type":"Feature","geometry":{"type":"Point","coordinates":[-2.82606,53.34685]},"properties":{"name":"Power infrastructure","category":"generator","osm_type":"node","osm_id":"6601390188"}},{"type":"Feature","geometry":{"type":"Point","coordinates":[-2.82302,53.34659]},"properties":{"name":"Power infrastructure","category":"generator","osm_type":"node","osm_id":"6601390189"}},{"type":"Feature","geometry":{"type":"Point","coordinates":[-2.82264,53.34649]},"properties":{"name":"Power infrastructure","category":"generator","osm_type":"node","osm_id":"6601390190"}},{"type":"Feature","geometry":{"type":"Point","coordinates":[-2.82247,53.34647]},"properties":{"name":"Power infrastructure","category":"generator","osm_type":"node","osm_id":"6601390191"}},{"type":"Feature","geometry":{"type":"Point","coordinates":[-2.82201,53.34658]},"properties":{"name":"Power infrastructure","category":"generator","osm_type":"node","osm_id":"6601390192"}},{"type":"Feature","geometry":{"type":"Point","coordinates":[-2.82217,53.34665]},"properties":{"name":"Power infrastructure","category":"generator","osm_type":"node","osm_id":"6601390193"}},{"type":"Feature","geometry":{"type":"Point","coordinates":[-2.82313,53.34622]},"properties":{"name":"Power infrastructure","category":"generator","osm_type":"node","osm_id":"6601390194"}},{"type":"Feature","geometry":{"type":"Point","coordinates":[-2.82296,53.34618]},"properties":{"name":"Power infrastructure","category":"generator","osm_type":"node","osm_id":"6601390195"}},{"type":"Feature","geometry":{"type":"Point","coordinates":[-2.82274,53.34611]},"properties":{"name":"Power infrastructure","category":"generator","osm_type":"node","osm_id":"6601390196"}},{"type":"Feature","geometry":{"type":"Point","coordinates":[-2.82254,53.346]},"properties":{"name":"Power infrastructure","category":"generator","osm_type":"node","osm_id":"6601390197"}},{"type":"Feature","geometry":{"type":"Point","coordinates":[-2.8224,53.34592]},"properties":{"name":"Power infrastructure","category":"generator","osm_type":"node","osm_id":"6601390198"}},{"type":"Feature","geometry":{"type":"Point","coordinates":[-2.82228,53.34585]},"properties":{"name":"Power infrastructure","category":"generator","osm_type":"node","osm_id":"6601390199"}},{"type":"Feature","geometry":{"type":"Point","coordinates":[-2.82223,53.34581]},"properties":{"name":"Power infrastructure","category":"generator","osm_type":"node","osm_id":"6601390200"}},{"type":"Feature","geometry":{"type":"Point","coordinates":[-2.82271,53.34571]},"properties":{"name":"Power infrastructure","category":"generator","osm_type":"node","osm_id":"6601390201"}},{"type":"Feature","geometry":{"type":"Point","coordinates":[-2.82285,53.34578]},"properties":{"name":"Power infrastructure","category":"generator","osm_type":"node","osm_id":"6601390202"}},{"type":"Feature","geometry":{"type":"Point","coordinates":[-2.82319,53.34592]},"properties":{"name":"Power infrastructure","category":"generator","osm_type":"node","osm_id":"6601390203"}},{"type":"Feature","geometry":{"type":"Point","coordinates":[-2.82328,53.34594]},"properties":{"name":"Power infrastructure","category":"generator","osm_type":"node","osm_id":"6601390204"}},{"type":"Feature","geometry":{"type":"Point","coordinates":[-2.82241,53.34551]},"properties":{"name":"Power infrastructure","category":"generator","osm_type":"node","osm_id":"6601390205"}},{"type":"Feature","geometry":{"type":"Point","coordinates":[-2.82235,53.34545]},"properties":{"name":"Power infrastructure","category":"generator","osm_type":"node","osm_id":"6601390206"}},{"type":"Feature","geometry":{"type":"Point","coordinates":[-2.8217,53.34498]},"properties":{"name":"Power infrastructure","category":"generator","osm_type":"node","osm_id":"6601390207"}},{"type":"Feature","geometry":{"type":"Point","coordinates":[-2.82191,53.34499]},"properties":{"name":"Power infrastructure","category":"generator","osm_type":"node","osm_id":"6601390208"}},{"type":"Feature","geometry":{"type":"Point","coordinates":[-2.82209,53.34415]},"properties":{"name":"Power infrastructure","category":"generator","osm_type":"node","osm_id":"6601390209"}},{"type":"Feature","geometry":{"type":"Point","coordinates":[-2.82199,53.34413]},"properties":{"name":"Power infrastructure","category":"generator","osm_type":"node","osm_id":"6601390211"}},{"type":"Feature","geometry":{"type":"Point","coordinates":[-2.82243,53.344]},"properties":{"name":"Power infrastructure","category":"generator","osm_type":"node","osm_id":"6601390212"}},{"type":"Feature","geometry":{"type":"Point","coordinates":[-2.82188,53.34386]},"properties":{"name":"Power infrastructure","category":"generator","osm_type":"node","osm_id":"6601390213"}},{"type":"Feature","geometry":{"type":"Point","coordinates":[-2.82205,53.34364]},"properties":{"name":"Power infrastructure","category":"generator","osm_type":"node","osm_id":"6601390214"}},{"type":"Feature","geometry":{"type":"Point","coordinates":[-2.82209,53.34358]},"properties":{"name":"Power infrastructure","category":"generator","osm_type":"node","osm_id":"6601390215"}},{"type":"Feature","geometry":{"type":"Point","coordinates":[-2.82244,53.34311]},"properties":{"name":"Power infrastructure","category":"generator","osm_type":"node","osm_id":"6601390216"}},{"type":"Feature","geometry":{"type":"Point","coordinates":[-2.82249,53.34305]},"properties":{"name":"Power infrastructure","category":"generator","osm_type":"node","osm_id":"6601390217"}},{"type":"Feature","geometry":{"type":"Point","coordinates":[-2.82278,53.34283]},"properties":{"name":"Power infrastructure","category":"generator","osm_type":"node","osm_id":"6601390218"}},{"type":"Feature","geometry":{"type":"Point","coordinates":[-2.82194,53.34291]},"properties":{"name":"Power infrastructure","category":"generator","osm_type":"node","osm_id":"6601390219"}},{"type":"Feature","geometry":{"type":"Point","coordinates":[-2.82288,53.34285]},"properties":{"name":"Power infrastructure","category":"generator","osm_type":"node","osm_id":"6601390220"}},{"type":"Feature","geometry":{"type":"Point","coordinates":[-2.82186,53.34303]},"properties":{"name":"Power infrastructure","category":"generator","osm_type":"node","osm_id":"6601390221"}},{"type":"Feature","geometry":{"type":"Point","coordinates":[-2.82143,53.3433]},"properties":{"name":"Power infrastructure","category":"generator","osm_type":"node","osm_id":"6601390222"}},{"type":"Feature","geometry":{"type":"Point","coordinates":[-2.82137,53.34282]},"properties":{"name":"Power infrastructure","category":"generator","osm_type":"node","osm_id":"6601390223"}},{"type":"Feature","geometry":{"type":"Point","coordinates":[-2.82128,53.34293]},"properties":{"name":"Power infrastructure","category":"generator","osm_type":"node","osm_id":"6601390224"}},{"type":"Feature","geometry":{"type":"Point","coordinates":[-2.82182,53.34264]},"properties":{"name":"Power infrastructure","category":"generator","osm_type":"node","osm_id":"6601390225"}},{"type":"Feature","geometry":{"type":"Point","coordinates":[-2.82164,53.3426]},"properties":{"name":"Power infrastructure","category":"generator","osm_type":"node","osm_id":"6601390226"}},{"type":"Feature","geometry":{"type":"Point","coordinates":[-2.8219,53.34224]},"properties":{"name":"Power infrastructure","category":"generator","osm_type":"node","osm_id":"6601390227"}},{"type":"Feature","geometry":{"type":"Point","coordinates":[-2.82209,53.34228]},"properties":{"name":"Power infrastructure","category":"generator","osm_type":"node","osm_id":"6601390228"}},{"type":"Feature","geometry":{"type":"Point","coordinates":[-2.82219,53.3423]},"properties":{"name":"Power infrastructure","category":"generator","osm_type":"node","osm_id":"6601390229"}},{"type":"Feature","geometry":{"type":"Point","coordinates":[-2.82255,53.34208]},"properties":{"name":"Power infrastructure","category":"generator","osm_type":"node","osm_id":"6601390230"}},{"type":"Feature","geometry":{"type":"Point","coordinates":[-2.82298,53.34113]},"properties":{"name":"Power infrastructure","category":"generator","osm_type":"node","osm_id":"6601390231"}},{"type":"Feature","geometry":{"type":"Point","coordinates":[-2.82261,53.3408]},"properties":{"name":"Power infrastructure","category":"generator","osm_type":"node","osm_id":"6601390232"}},{"type":"Feature","geometry":{"type":"Point","coordinates":[-2.82331,53.34032]},"properties":{"name":"Power infrastructure","category":"generator","osm_type":"node","osm_id":"6601390234"}},{"type":"Feature","geometry":{"type":"Point","coordinates":[-2.82334,53.33991]},"properties":{"name":"Power infrastructure","category":"generator","osm_type":"node","osm_id":"6601390236"}},{"type":"Feature","geometry":{"type":"Point","coordinates":[-2.8231,53.33928]},"properties":{"name":"Power infrastructure","category":"generator","osm_type":"node","osm_id":"6601390237"}},{"type":"Feature","geometry":{"type":"Point","coordinates":[-2.82307,53.33933]},"properties":{"name":"Power infrastructure","category":"generator","osm_type":"node","osm_id":"6601390238"}},{"type":"Feature","geometry":{"type":"Point","coordinates":[-2.82427,53.33946]},"properties":{"name":"Power infrastructure","category":"generator","osm_type":"node","osm_id":"6601390239"}},{"type":"Feature","geometry":{"type":"Point","coordinates":[-2.82468,53.33914]},"properties":{"name":"Power infrastructure","category":"generator","osm_type":"node","osm_id":"6601390240"}},{"type":"Feature","geometry":{"type":"Point","coordinates":[-2.82475,53.3391]},"properties":{"name":"Power infrastructure","category":"generator","osm_type":"node","osm_id":"6601390241"}},{"type":"Feature","geometry":{"type":"Point","coordinates":[-2.82499,53.33902]},"properties":{"name":"Power infrastructure","category":"generator","osm_type":"node","osm_id":"6601390242"}},{"type":"Feature","geometry":{"type":"Point","coordinates":[-2.82507,53.33899]},"properties":{"name":"Power infrastructure","category":"generator","osm_type":"node","osm_id":"6601390243"}},{"type":"Feature","geometry":{"type":"Point","coordinates":[-2.82343,53.33893]},"properties":{"name":"Power infrastructure","category":"generator","osm_type":"node","osm_id":"6601390244"}},{"type":"Feature","geometry":{"type":"Point","coordinates":[-2.82445,53.33837]},"properties":{"name":"Power infrastructure","category":"generator","osm_type":"node","osm_id":"6601390245"}},{"type":"Feature","geometry":{"type":"Point","coordinates":[-2.82641,53.33816]},"properties":{"name":"Power infrastructure","category":"generator","osm_type":"node","osm_id":"6601390246"}},{"type":"Feature","geometry":{"type":"Point","coordinates":[-2.82666,53.33816]},"properties":{"name":"Power infrastructure","category":"generator","osm_type":"node","osm_id":"6601390247"}},{"type":"Feature","geometry":{"type":"Point","coordinates":[-2.82675,53.33816]},"properties":{"name":"Power infrastructure","category":"generator","osm_type":"node","osm_id":"6601390248"}},{"type":"Feature","geometry":{"type":"Point","coordinates":[-2.82641,53.33848]},"properties":{"name":"Power infrastructure","category":"generator","osm_type":"node","osm_id":"6601390249"}},{"type":"Feature","geometry":{"type":"Point","coordinates":[-2.82599,53.33847]},"properties":{"name":"Power infrastructure","category":"generator","osm_type":"node","osm_id":"6601390250"}},{"type":"Feature","geometry":{"type":"Point","coordinates":[-2.82682,53.33849]},"properties":{"name":"Power infrastructure","category":"generator","osm_type":"node","osm_id":"6601390251"}},{"type":"Feature","geometry":{"type":"Point","coordinates":[-2.82635,53.33886]},"properties":{"name":"Power infrastructure","category":"generator","osm_type":"node","osm_id":"6601390252"}},{"type":"Feature","geometry":{"type":"Point","coordinates":[-2.82604,53.33885]},"properties":{"name":"Power infrastructure","category":"generator","osm_type":"node","osm_id":"6601390253"}},{"type":"Feature","geometry":{"type":"Point","coordinates":[-2.82549,53.33889]},"properties":{"name":"Power infrastructure","category":"generator","osm_type":"node","osm_id":"6601390254"}},{"type":"Feature","geometry":{"type":"Point","coordinates":[-2.8254,53.33891]},"properties":{"name":"Power infrastructure","category":"generator","osm_type":"node","osm_id":"6601390255"}},{"type":"Feature","geometry":{"type":"Point","coordinates":[-2.82719,53.33889]},"properties":{"name":"Power infrastructure","category":"generator","osm_type":"node","osm_id":"6601390256"}},{"type":"Feature","geometry":{"type":"Point","coordinates":[-2.82672,53.33977]},"properties":{"name":"Power infrastructure","category":"generator","osm_type":"node","osm_id":"6601390257"}},{"type":"Feature","geometry":{"type":"Point","coordinates":[-2.82664,53.33978]},"properties":{"name":"Power infrastructure","category":"generator","osm_type":"node","osm_id":"6601390258"}},{"type":"Feature","geometry":{"type":"Point","coordinates":[-2.82652,53.33977]},"properties":{"name":"Power infrastructure","category":"generator","osm_type":"node","osm_id":"6601390259"}},{"type":"Feature","geometry":{"type":"Point","coordinates":[-2.82646,53.33975]},"properties":{"name":"Power infrastructure","category":"generator","osm_type":"node","osm_id":"6601390260"}},{"type":"Feature","geometry":{"type":"Point","coordinates":[-2.82616,53.33972]},"properties":{"name":"Power infrastructure","category":"generator","osm_type":"node","osm_id":"6601390261"}},{"type":"Feature","geometry":{"type":"Point","coordinates":[-2.82609,53.33969]},"properties":{"name":"Power infrastructure","category":"generator","osm_type":"node","osm_id":"6601390262"}},{"type":"Feature","geometry":{"type":"Point","coordinates":[-2.82595,53.33969]},"properties":{"name":"Power infrastructure","category":"generator","osm_type":"node","osm_id":"6601390263"}},{"type":"Feature","geometry":{"type":"Point","coordinates":[-2.82585,53.33968]},"properties":{"name":"Power infrastructure","category":"generator","osm_type":"node","osm_id":"6601390264"}},{"type":"Feature","geometry":{"type":"Point","coordinates":[-2.82564,53.33966]},"properties":{"name":"Power infrastructure","category":"generator","osm_type":"node","osm_id":"6601390265"}},{"type":"Feature","geometry":{"type":"Point","coordinates":[-2.82531,53.33962]},"properties":{"name":"Power infrastructure","category":"generator","osm_type":"node","osm_id":"6601390266"}},{"type":"Feature","geometry":{"type":"Point","coordinates":[-2.82523,53.33961]},"properties":{"name":"Power infrastructure","category":"generator","osm_type":"node","osm_id":"6601390267"}},{"type":"Feature","geometry":{"type":"Point","coordinates":[-2.82484,53.33958]},"properties":{"name":"Power infrastructure","category":"generator","osm_type":"node","osm_id":"6601390268"}},{"type":"Feature","geometry":{"type":"Point","coordinates":[-2.82498,53.34059]},"properties":{"name":"Power infrastructure","category":"generator","osm_type":"node","osm_id":"6601390269"}},{"type":"Feature","geometry":{"type":"Point","coordinates":[-2.82507,53.3406]},"properties":{"name":"Power infrastructure","category":"generator","osm_type":"node","osm_id":"6601390270"}},{"type":"Feature","geometry":{"type":"Point","coordinates":[-2.82528,53.34062]},"properties":{"name":"Power infrastructure","category":"generator","osm_type":"node","osm_id":"6601390271"}},{"type":"Feature","geometry":{"type":"Point","coordinates":[-2.8241,53.34045]},"properties":{"name":"Power infrastructure","category":"generator","osm_type":"node","osm_id":"6601390272"}},{"type":"Feature","geometry":{"type":"Point","coordinates":[-2.82655,53.34073]},"properties":{"name":"Power infrastructure","category":"generator","osm_type":"node","osm_id":"6601390273"}},{"type":"Feature","geometry":{"type":"Point","coordinates":[-2.82704,53.34076]},"properties":{"name":"Power infrastructure","category":"generator","osm_type":"node","osm_id":"6601390274"}},{"type":"Feature","geometry":{"type":"Point","coordinates":[-2.82813,53.34014]},"properties":{"name":"Power infrastructure","category":"generator","osm_type":"node","osm_id":"6601390275"}},{"type":"Feature","geometry":{"type":"Point","coordinates":[-2.82822,53.33914]},"properties":{"name":"Power infrastructure","category":"generator","osm_type":"node","osm_id":"6601390276"}},{"type":"Feature","geometry":{"type":"Point","coordinates":[-2.82867,53.33919]},"properties":{"name":"Power infrastructure","category":"generator","osm_type":"node","osm_id":"6601390277"}},{"type":"Feature","geometry":{"type":"Point","coordinates":[-2.82877,53.33919]},"properties":{"name":"Power infrastructure","category":"generator","osm_type":"node","osm_id":"6601390278"}},{"type":"Feature","geometry":{"type":"Point","coordinates":[-2.82797,53.33891]},"properties":{"name":"Power infrastructure","category":"generator","osm_type":"node","osm_id":"6601390279"}},{"type":"Feature","geometry":{"type":"Point","coordinates":[-2.82769,53.3389]},"properties":{"name":"Power infrastructure","category":"generator","osm_type":"node","osm_id":"6601390280"}},{"type":"Feature","geometry":{"type":"Point","coordinates":[-2.82938,53.33892]},"properties":{"name":"Power infrastructure","category":"generator","osm_type":"node","osm_id":"6601390281"}},{"type":"Feature","geometry":{"type":"Point","coordinates":[-2.82909,53.33861]},"properties":{"name":"Power infrastructure","category":"generator","osm_type":"node","osm_id":"6601390282"}},{"type":"Feature","geometry":{"type":"Point","coordinates":[-2.82862,53.33821]},"properties":{"name":"Power infrastructure","category":"generator","osm_type":"node","osm_id":"6601390283"}},{"type":"Feature","geometry":{"type":"Point","coordinates":[-2.82893,53.33823]},"properties":{"name":"Power infrastructure","category":"generator","osm_type":"node","osm_id":"6601390284"}},{"type":"Feature","geometry":{"type":"Point","coordinates":[-2.82912,53.33822]},"properties":{"name":"Power infrastructure","category":"generator","osm_type":"node","osm_id":"6601390285"}},{"type":"Feature","geometry":{"type":"Point","coordinates":[-2.82933,53.33823]},"properties":{"name":"Power infrastructure","category":"generator","osm_type":"node","osm_id":"6601390286"}},{"type":"Feature","geometry":{"type":"Point","coordinates":[-2.83024,53.33823]},"properties":{"name":"Power infrastructure","category":"generator","osm_type":"node","osm_id":"6601390287"}},{"type":"Feature","geometry":{"type":"Point","coordinates":[-2.83045,53.33862]},"properties":{"name":"Power infrastructure","category":"generator","osm_type":"node","osm_id":"6601390288"}},{"type":"Feature","geometry":{"type":"Point","coordinates":[-2.8307,53.33861]},"properties":{"name":"Power infrastructure","category":"generator","osm_type":"node","osm_id":"6601390289"}},{"type":"Feature","geometry":{"type":"Point","coordinates":[-2.8308,53.33861]},"properties":{"name":"Power infrastructure","category":"generator","osm_type":"node","osm_id":"6601390290"}},{"type":"Feature","geometry":{"type":"Point","coordinates":[-2.83088,53.33896]},"properties":{"name":"Power infrastructure","category":"generator","osm_type":"node","osm_id":"6601390291"}},{"type":"Feature","geometry":{"type":"Point","coordinates":[-2.83076,53.33896]},"properties":{"name":"Power infrastructure","category":"generator","osm_type":"node","osm_id":"6601390292"}},{"type":"Feature","geometry":{"type":"Point","coordinates":[-2.83066,53.33896]},"properties":{"name":"Power infrastructure","category":"generator","osm_type":"node","osm_id":"6601390293"}},{"type":"Feature","geometry":{"type":"Point","coordinates":[-2.83055,53.33896]},"properties":{"name":"Power infrastructure","category":"generator","osm_type":"node","osm_id":"6601390294"}},{"type":"Feature","geometry":{"type":"Point","coordinates":[-2.83024,53.33895]},"properties":{"name":"Power infrastructure","category":"generator","osm_type":"node","osm_id":"6601390295"}},{"type":"Feature","geometry":{"type":"Point","coordinates":[-2.83003,53.33895]},"properties":{"name":"Power infrastructure","category":"generator","osm_type":"node","osm_id":"6601390296"}},{"type":"Feature","geometry":{"type":"Point","coordinates":[-2.83136,53.33863]},"properties":{"name":"Power infrastructure","category":"generator","osm_type":"node","osm_id":"6601390297"}},{"type":"Feature","geometry":{"type":"Point","coordinates":[-2.83144,53.33863]},"properties":{"name":"Power infrastructure","category":"generator","osm_type":"node","osm_id":"6601390298"}},{"type":"Feature","geometry":{"type":"Point","coordinates":[-2.83182,53.33864]},"properties":{"name":"Power infrastructure","category":"generator","osm_type":"node","osm_id":"6601390299"}},{"type":"Feature","geometry":{"type":"Point","coordinates":[-2.83168,53.339]},"properties":{"name":"Power infrastructure","category":"generator","osm_type":"node","osm_id":"6601390300"}},{"type":"Feature","geometry":{"type":"Point","coordinates":[-2.83146,53.339]},"properties":{"name":"Power infrastructure","category":"generator","osm_type":"node","osm_id":"6601390301"}},{"type":"Feature","geometry":{"type":"Point","coordinates":[-2.83117,53.33899]},"properties":{"name":"Power infrastructure","category":"generator","osm_type":"node","osm_id":"6601390302"}},{"type":"Feature","geometry":{"type":"Point","coordinates":[-2.83188,53.339]},"properties":{"name":"Power infrastructure","category":"generator","osm_type":"node","osm_id":"6601390303"}},{"type":"Feature","geometry":{"type":"Point","coordinates":[-2.83218,53.339]},"properties":{"name":"Power infrastructure","category":"generator","osm_type":"node","osm_id":"6601390304"}},{"type":"Feature","geometry":{"type":"Point","coordinates":[-2.83229,53.339]},"properties":{"name":"Power infrastructure","category":"generator","osm_type":"node","osm_id":"6601390305"}},{"type":"Feature","geometry":{"type":"Point","coordinates":[-2.83208,53.339]},"properties":{"name":"Power infrastructure","category":"generator","osm_type":"node","osm_id":"6601390306"}},{"type":"Feature","geometry":{"type":"Point","coordinates":[-2.83249,53.33901]},"properties":{"name":"Power infrastructure","category":"generator","osm_type":"node","osm_id":"6601390307"}},{"type":"Feature","geometry":{"type":"Point","coordinates":[-2.83262,53.33903]},"properties":{"name":"Power infrastructure","category":"generator","osm_type":"node","osm_id":"6601390308"}},{"type":"Feature","geometry":{"type":"Point","coordinates":[-2.83281,53.33902]},"properties":{"name":"Power infrastructure","category":"generator","osm_type":"node","osm_id":"6601390309"}},{"type":"Feature","geometry":{"type":"Point","coordinates":[-2.83228,53.33865]},"properties":{"name":"Power infrastructure","category":"generator","osm_type":"node","osm_id":"6601390310"}},{"type":"Feature","geometry":{"type":"Point","coordinates":[-2.83217,53.33865]},"properties":{"name":"Power infrastructure","category":"generator","osm_type":"node","osm_id":"6601390311"}},{"type":"Feature","geometry":{"type":"Point","coordinates":[-2.8323,53.33829]},"properties":{"name":"Power infrastructure","category":"generator","osm_type":"node","osm_id":"6601390312"}},{"type":"Feature","geometry":{"type":"Point","coordinates":[-2.83195,53.33829]},"properties":{"name":"Power infrastructure","category":"generator","osm_type":"node","osm_id":"6601390313"}},{"type":"Feature","geometry":{"type":"Point","coordinates":[-2.83185,53.33828]},"properties":{"name":"Power infrastructure","category":"generator","osm_type":"node","osm_id":"6601390314"}},{"type":"Feature","geometry":{"type":"Point","coordinates":[-2.83174,53.33828]},"properties":{"name":"Power infrastructure","category":"generator","osm_type":"node","osm_id":"6601390315"}},{"type":"Feature","geometry":{"type":"Point","coordinates":[-2.83163,53.33828]},"properties":{"name":"Power infrastructure","category":"generator","osm_type":"node","osm_id":"6601390316"}},{"type":"Feature","geometry":{"type":"Point","coordinates":[-2.83118,53.33827]},"properties":{"name":"Power infrastructure","category":"generator","osm_type":"node","osm_id":"6601390317"}},{"type":"Feature","geometry":{"type":"Point","coordinates":[-2.83091,53.33825]},"properties":{"name":"Power infrastructure","category":"generator","osm_type":"node","osm_id":"6601390318"}},{"type":"Feature","geometry":{"type":"Point","coordinates":[-2.83073,53.33924]},"properties":{"name":"Power infrastructure","category":"generator","osm_type":"node","osm_id":"6601390319"}},{"type":"Feature","geometry":{"type":"Point","coordinates":[-2.82992,53.33995]},"properties":{"name":"Power infrastructure","category":"generator","osm_type":"node","osm_id":"6601390320"}},{"type":"Feature","geometry":{"type":"Point","coordinates":[-2.83082,53.34023]},"properties":{"name":"Power infrastructure","category":"generator","osm_type":"node","osm_id":"6601390321"}},{"type":"Feature","geometry":{"type":"Point","coordinates":[-2.83092,53.34023]},"properties":{"name":"Power infrastructure","category":"generator","osm_type":"node","osm_id":"6601390322"}},{"type":"Feature","geometry":{"type":"Point","coordinates":[-2.83104,53.34024]},"properties":{"name":"Power infrastructure","category":"generator","osm_type":"node","osm_id":"6601390323"}},{"type":"Feature","geometry":{"type":"Point","coordinates":[-2.83157,53.34025]},"properties":{"name":"Power infrastructure","category":"generator","osm_type":"node","osm_id":"6601390324"}},{"type":"Feature","geometry":{"type":"Point","coordinates":[-2.83167,53.34026]},"properties":{"name":"Power infrastructure","category":"generator","osm_type":"node","osm_id":"6601390325"}},{"type":"Feature","geometry":{"type":"Point","coordinates":[-2.83188,53.34027]},"properties":{"name":"Power infrastructure","category":"generator","osm_type":"node","osm_id":"6601390326"}},{"type":"Feature","geometry":{"type":"Point","coordinates":[-2.83198,53.34028]},"properties":{"name":"Power infrastructure","category":"generator","osm_type":"node","osm_id":"6601390327"}},{"type":"Feature","geometry":{"type":"Point","coordinates":[-2.83211,53.3393]},"properties":{"name":"Power infrastructure","category":"generator","osm_type":"node","osm_id":"6601390328"}},{"type":"Feature","geometry":{"type":"Point","coordinates":[-2.832,53.3393]},"properties":{"name":"Power infrastructure","category":"generator","osm_type":"node","osm_id":"6601390329"}},{"type":"Feature","geometry":{"type":"Point","coordinates":[-2.83179,53.33929]},"properties":{"name":"Power infrastructure","category":"generator","osm_type":"node","osm_id":"6601390330"}},{"type":"Feature","geometry":{"type":"Point","coordinates":[-2.83261,53.3406]},"properties":{"name":"Power infrastructure","category":"generator","osm_type":"node","osm_id":"6601390331"}},{"type":"Feature","geometry":{"type":"Point","coordinates":[-2.83251,53.3406]},"properties":{"name":"Power infrastructure","category":"generator","osm_type":"node","osm_id":"6601390332"}},{"type":"Feature","geometry":{"type":"Point","coordinates":[-2.83307,53.34065]},"properties":{"name":"Power infrastructure","category":"generator","osm_type":"node","osm_id":"6601390333"}},{"type":"Feature","geometry":{"type":"Point","coordinates":[-2.8324,53.34059]},"properties":{"name":"Power infrastructure","category":"generator","osm_type":"node","osm_id":"6601390334"}},{"type":"Feature","geometry":{"type":"Point","coordinates":[-2.83218,53.34057]},"properties":{"name":"Power infrastructure","category":"generator","osm_type":"node","osm_id":"6601390336"}},{"type":"Feature","geometry":{"type":"Point","coordinates":[-2.83198,53.34056]},"properties":{"name":"Power infrastructure","category":"generator","osm_type":"node","osm_id":"6601390337"}},{"type":"Feature","geometry":{"type":"Point","coordinates":[-2.83149,53.34054]},"properties":{"name":"Power infrastructure","category":"generator","osm_type":"node","osm_id":"6601390338"}},{"type":"Feature","geometry":{"type":"Point","coordinates":[-2.83134,53.34052]},"properties":{"name":"Power infrastructure","category":"generator","osm_type":"node","osm_id":"6601390339"}},{"type":"Feature","geometry":{"type":"Point","coordinates":[-2.83102,53.34052]},"properties":{"name":"Power infrastructure","category":"generator","osm_type":"node","osm_id":"6601390340"}},{"type":"Feature","geometry":{"type":"Point","coordinates":[-2.83091,53.34052]},"properties":{"name":"Power infrastructure","category":"generator","osm_type":"node","osm_id":"6601390341"}},{"type":"Feature","geometry":{"type":"Point","coordinates":[-2.83081,53.34051]},"properties":{"name":"Power infrastructure","category":"generator","osm_type":"node","osm_id":"6601390342"}},{"type":"Feature","geometry":{"type":"Point","coordinates":[-2.83072,53.34051]},"properties":{"name":"Power infrastructure","category":"generator","osm_type":"node","osm_id":"6601390343"}},{"type":"Feature","geometry":{"type":"Point","coordinates":[-2.83062,53.3405]},"properties":{"name":"Power infrastructure","category":"generator","osm_type":"node","osm_id":"6601390344"}},{"type":"Feature","geometry":{"type":"Point","coordinates":[-2.83042,53.34049]},"properties":{"name":"Power infrastructure","category":"generator","osm_type":"node","osm_id":"6601390345"}},{"type":"Feature","geometry":{"type":"Point","coordinates":[-2.83031,53.34048]},"properties":{"name":"Power infrastructure","category":"generator","osm_type":"node","osm_id":"6601390346"}},{"type":"Feature","geometry":{"type":"Point","coordinates":[-2.83023,53.34048]},"properties":{"name":"Power infrastructure","category":"generator","osm_type":"node","osm_id":"6601390347"}},{"type":"Feature","geometry":{"type":"Point","coordinates":[-2.83,53.34047]},"properties":{"name":"Power infrastructure","category":"generator","osm_type":"node","osm_id":"6601390348"}},{"type":"Feature","geometry":{"type":"Point","coordinates":[-2.82898,53.34046]},"properties":{"name":"Power infrastructure","category":"generator","osm_type":"node","osm_id":"6601390349"}},{"type":"Feature","geometry":{"type":"Point","coordinates":[-2.82888,53.34046]},"properties":{"name":"Power infrastructure","category":"generator","osm_type":"node","osm_id":"6601390350"}},{"type":"Feature","geometry":{"type":"Point","coordinates":[-2.82873,53.34042]},"properties":{"name":"Power infrastructure","category":"generator","osm_type":"node","osm_id":"6601390351"}},{"type":"Feature","geometry":{"type":"Point","coordinates":[-2.82804,53.3404]},"properties":{"name":"Power infrastructure","category":"generator","osm_type":"node","osm_id":"6601390352"}},{"type":"Feature","geometry":{"type":"Point","coordinates":[-2.82784,53.34081]},"properties":{"name":"Power infrastructure","category":"generator","osm_type":"node","osm_id":"6601390353"}},{"type":"Feature","geometry":{"type":"Point","coordinates":[-2.82839,53.34086]},"properties":{"name":"Power infrastructure","category":"generator","osm_type":"node","osm_id":"6601390354"}},{"type":"Feature","geometry":{"type":"Point","coordinates":[-2.8286,53.34087]},"properties":{"name":"Power infrastructure","category":"generator","osm_type":"node","osm_id":"6601390355"}},{"type":"Feature","geometry":{"type":"Point","coordinates":[-2.82894,53.34087]},"properties":{"name":"Power infrastructure","category":"generator","osm_type":"node","osm_id":"6601390356"}},{"type":"Feature","geometry":{"type":"Point","coordinates":[-2.82913,53.34088]},"properties":{"name":"Power infrastructure","category":"generator","osm_type":"node","osm_id":"6601390357"}},{"type":"Feature","geometry":{"type":"Point","coordinates":[-2.82787,53.34133]},"properties":{"name":"Power infrastructure","category":"generator","osm_type":"node","osm_id":"6601390358"}},{"type":"Feature","geometry":{"type":"Point","coordinates":[-2.82757,53.34132]},"properties":{"name":"Power infrastructure","category":"generator","osm_type":"node","osm_id":"6601390359"}},{"type":"Feature","geometry":{"type":"Point","coordinates":[-2.82746,53.34132]},"properties":{"name":"Power infrastructure","category":"generator","osm_type":"node","osm_id":"6601390360"}},{"type":"Feature","geometry":{"type":"Point","coordinates":[-2.82744,53.34157]},"properties":{"name":"Power infrastructure","category":"generator","osm_type":"node","osm_id":"6601390361"}},{"type":"Feature","geometry":{"type":"Point","coordinates":[-2.82775,53.34159]},"properties":{"name":"Power infrastructure","category":"generator","osm_type":"node","osm_id":"6601390362"}},{"type":"Feature","geometry":{"type":"Point","coordinates":[-2.8275,53.34214]},"properties":{"name":"Power infrastructure","category":"generator","osm_type":"node","osm_id":"6601390363"}},{"type":"Feature","geometry":{"type":"Point","coordinates":[-2.82759,53.34214]},"properties":{"name":"Power infrastructure","category":"generator","osm_type":"node","osm_id":"6601390364"}},{"type":"Feature","geometry":{"type":"Point","coordinates":[-2.82779,53.34214]},"properties":{"name":"Power infrastructure","category":"generator","osm_type":"node","osm_id":"6601390365"}},{"type":"Feature","geometry":{"type":"Point","coordinates":[-2.82678,53.34211]},"properties":{"name":"Power infrastructure","category":"generator","osm_type":"node","osm_id":"6601390366"}},{"type":"Feature","geometry":{"type":"Point","coordinates":[-2.82658,53.3421]},"properties":{"name":"Power infrastructure","category":"generator","osm_type":"node","osm_id":"6601390367"}},{"type":"Feature","geometry":{"type":"Point","coordinates":[-2.82648,53.3421]},"properties":{"name":"Power infrastructure","category":"generator","osm_type":"node","osm_id":"6601390368"}},{"type":"Feature","geometry":{"type":"Point","coordinates":[-2.82759,53.34241]},"properties":{"name":"Power infrastructure","category":"generator","osm_type":"node","osm_id":"6601390369"}},{"type":"Feature","geometry":{"type":"Point","coordinates":[-2.82768,53.34242]},"properties":{"name":"Power infrastructure","category":"generator","osm_type":"node","osm_id":"6601390370"}},{"type":"Feature","geometry":{"type":"Point","coordinates":[-2.82736,53.3429]},"properties":{"name":"Power infrastructure","category":"generator","osm_type":"node","osm_id":"6601390371"}},{"type":"Feature","geometry":{"type":"Point","coordinates":[-2.82757,53.3429]},"properties":{"name":"Power infrastructure","category":"generator","osm_type":"node","osm_id":"6601390372"}},{"type":"Feature","geometry":{"type":"Point","coordinates":[-2.82776,53.34291]},"properties":{"name":"Power infrastructure","category":"generator","osm_type":"node","osm_id":"6601390373"}},{"type":"Feature","geometry":{"type":"Point","coordinates":[-2.82785,53.34292]},"properties":{"name":"Power infrastructure","category":"generator","osm_type":"node","osm_id":"6601390374"}},{"type":"Feature","geometry":{"type":"Point","coordinates":[-2.82811,53.34292]},"properties":{"name":"Power infrastructure","category":"generator","osm_type":"node","osm_id":"6601390375"}},{"type":"Feature","geometry":{"type":"Point","coordinates":[-2.82821,53.34292]},"properties":{"name":"Power infrastructure","category":"generator","osm_type":"node","osm_id":"6601390376"}},{"type":"Feature","geometry":{"type":"Point","coordinates":[-2.82865,53.34294]},"properties":{"name":"Power infrastructure","category":"generator","osm_type":"node","osm_id":"6601390377"}},{"type":"Feature","geometry":{"type":"Point","coordinates":[-2.82884,53.34294]},"properties":{"name":"Power infrastructure","category":"generator","osm_type":"node","osm_id":"6601390378"}},{"type":"Feature","geometry":{"type":"Point","coordinates":[-2.82894,53.34294]},"properties":{"name":"Power infrastructure","category":"generator","osm_type":"node","osm_id":"6601390379"}},{"type":"Feature","geometry":{"type":"Point","coordinates":[-2.82889,53.34335]},"properties":{"name":"Power infrastructure","category":"generator","osm_type":"node","osm_id":"6601390380"}},{"type":"Feature","geometry":{"type":"Point","coordinates":[-2.82837,53.34337]},"properties":{"name":"Power infrastructure","category":"generator","osm_type":"node","osm_id":"6601390381"}},{"type":"Feature","geometry":{"type":"Point","coordinates":[-2.82826,53.34336]},"properties":{"name":"Power infrastructure","category":"generator","osm_type":"node","osm_id":"6601390382"}},{"type":"Feature","geometry":{"type":"Point","coordinates":[-2.82806,53.34335]},"properties":{"name":"Power infrastructure","category":"generator","osm_type":"node","osm_id":"6601390383"}},{"type":"Feature","geometry":{"type":"Point","coordinates":[-2.82798,53.34335]},"properties":{"name":"Power infrastructure","category":"generator","osm_type":"node","osm_id":"6601390384"}},{"type":"Feature","geometry":{"type":"Point","coordinates":[-2.82787,53.34335]},"properties":{"name":"Power infrastructure","category":"generator","osm_type":"node","osm_id":"6601390385"}},{"type":"Feature","geometry":{"type":"Point","coordinates":[-2.82778,53.34335]},"properties":{"name":"Power infrastructure","category":"generator","osm_type":"node","osm_id":"6601390386"}},{"type":"Feature","geometry":{"type":"Point","coordinates":[-2.82676,53.34328]},"properties":{"name":"Power infrastructure","category":"generator","osm_type":"node","osm_id":"6601390387"}},{"type":"Feature","geometry":{"type":"Point","coordinates":[-2.82647,53.34327]},"properties":{"name":"Power infrastructure","category":"generator","osm_type":"node","osm_id":"6601390388"}},{"type":"Feature","geometry":{"type":"Point","coordinates":[-2.82416,53.34264]},"properties":{"name":"Power infrastructure","category":"generator","osm_type":"node","osm_id":"6601390389"}},{"type":"Feature","geometry":{"type":"Point","coordinates":[-2.82386,53.3426]},"properties":{"name":"Power infrastructure","category":"generator","osm_type":"node","osm_id":"6601390390"}},{"type":"Feature","geometry":{"type":"Point","coordinates":[-2.82349,53.34252]},"properties":{"name":"Power infrastructure","category":"generator","osm_type":"node","osm_id":"6601390391"}},{"type":"Feature","geometry":{"type":"Point","coordinates":[-2.82376,53.34218]},"properties":{"name":"Power infrastructure","category":"generator","osm_type":"node","osm_id":"6601390392"}},{"type":"Feature","geometry":{"type":"Point","coordinates":[-2.82374,53.34179]},"properties":{"name":"Power infrastructure","category":"generator","osm_type":"node","osm_id":"6601390393"}},{"type":"Feature","geometry":{"type":"Point","coordinates":[-2.82353,53.34176]},"properties":{"name":"Power infrastructure","category":"generator","osm_type":"node","osm_id":"6601390394"}},{"type":"Feature","geometry":{"type":"Point","coordinates":[-2.82363,53.34357]},"properties":{"name":"Power infrastructure","category":"generator","osm_type":"node","osm_id":"6601390395"}},{"type":"Feature","geometry":{"type":"Point","coordinates":[-2.82395,53.34361]},"properties":{"name":"Power infrastructure","category":"generator","osm_type":"node","osm_id":"6601390396"}},{"type":"Feature","geometry":{"type":"Point","coordinates":[-2.82405,53.34362]},"properties":{"name":"Power infrastructure","category":"generator","osm_type":"node","osm_id":"6601390397"}},{"type":"Feature","geometry":{"type":"Point","coordinates":[-2.82424,53.34364]},"properties":{"name":"Power infrastructure","category":"generator","osm_type":"node","osm_id":"6601390398"}},{"type":"Feature","geometry":{"type":"Point","coordinates":[-2.82433,53.34365]},"properties":{"name":"Power infrastructure","category":"generator","osm_type":"node","osm_id":"6601390399"}},{"type":"Feature","geometry":{"type":"Point","coordinates":[-2.8246,53.34368]},"properties":{"name":"Power infrastructure","category":"generator","osm_type":"node","osm_id":"6601390400"}},{"type":"Feature","geometry":{"type":"Point","coordinates":[-2.82478,53.34369]},"properties":{"name":"Power infrastructure","category":"generator","osm_type":"node","osm_id":"6601390401"}},{"type":"Feature","geometry":{"type":"Point","coordinates":[-2.82505,53.34372]},"properties":{"name":"Power infrastructure","category":"generator","osm_type":"node","osm_id":"6601390402"}},{"type":"Feature","geometry":{"type":"Point","coordinates":[-2.82513,53.34373]},"properties":{"name":"Power infrastructure","category":"generator","osm_type":"node","osm_id":"6601390403"}},{"type":"Feature","geometry":{"type":"Point","coordinates":[-2.82533,53.34374]},"properties":{"name":"Power infrastructure","category":"generator","osm_type":"node","osm_id":"6601390404"}},{"type":"Feature","geometry":{"type":"Point","coordinates":[-2.82542,53.34375]},"properties":{"name":"Power infrastructure","category":"generator","osm_type":"node","osm_id":"6601390405"}},{"type":"Feature","geometry":{"type":"Point","coordinates":[-2.82567,53.34436]},"properties":{"name":"Power infrastructure","category":"generator","osm_type":"node","osm_id":"6601390406"}},{"type":"Feature","geometry":{"type":"Point","coordinates":[-2.82608,53.3444]},"properties":{"name":"Power infrastructure","category":"generator","osm_type":"node","osm_id":"6601390407"}},{"type":"Feature","geometry":{"type":"Point","coordinates":[-2.82617,53.34441]},"properties":{"name":"Power infrastructure","category":"generator","osm_type":"node","osm_id":"6601390408"}},{"type":"Feature","geometry":{"type":"Point","coordinates":[-2.82603,53.34408]},"properties":{"name":"Power infrastructure","category":"generator","osm_type":"node","osm_id":"6601390409"}},{"type":"Feature","geometry":{"type":"Point","coordinates":[-2.8263,53.3447]},"properties":{"name":"Power infrastructure","category":"generator","osm_type":"node","osm_id":"6601390410"}},{"type":"Feature","geometry":{"type":"Point","coordinates":[-2.82611,53.34468]},"properties":{"name":"Power infrastructure","category":"generator","osm_type":"node","osm_id":"6601390411"}},{"type":"Feature","geometry":{"type":"Point","coordinates":[-2.826,53.34467]},"properties":{"name":"Power infrastructure","category":"generator","osm_type":"node","osm_id":"6601390412"}},{"type":"Feature","geometry":{"type":"Point","coordinates":[-2.82578,53.34465]},"properties":{"name":"Power infrastructure","category":"generator","osm_type":"node","osm_id":"6601390413"}},{"type":"Feature","geometry":{"type":"Point","coordinates":[-2.82558,53.34464]},"properties":{"name":"Power infrastructure","category":"generator","osm_type":"node","osm_id":"6601390414"}},{"type":"Feature","geometry":{"type":"Point","coordinates":[-2.82548,53.34463]},"properties":{"name":"Power infrastructure","category":"generator","osm_type":"node","osm_id":"6601390415"}},{"type":"Feature","geometry":{"type":"Point","coordinates":[-2.82713,53.34532]},"properties":{"name":"Power infrastructure","category":"generator","osm_type":"node","osm_id":"6601390416"}},{"type":"Feature","geometry":{"type":"Point","coordinates":[-2.82714,53.34591]},"properties":{"name":"Power infrastructure","category":"generator","osm_type":"node","osm_id":"6601390417"}},{"type":"Feature","geometry":{"type":"Point","coordinates":[-2.82734,53.34587]},"properties":{"name":"Power infrastructure","category":"generator","osm_type":"node","osm_id":"6601390418"}},{"type":"Feature","geometry":{"type":"Point","coordinates":[-2.82743,53.34584]},"properties":{"name":"Power infrastructure","category":"generator","osm_type":"node","osm_id":"6601390419"}},{"type":"Feature","geometry":{"type":"Point","coordinates":[-2.82711,53.34632]},"properties":{"name":"Power infrastructure","category":"generator","osm_type":"node","osm_id":"6601390420"}},{"type":"Feature","geometry":{"type":"Point","coordinates":[-2.82721,53.34629]},"properties":{"name":"Power infrastructure","category":"generator","osm_type":"node","osm_id":"6601390421"}},{"type":"Feature","geometry":{"type":"Point","coordinates":[-2.82667,53.34673]},"properties":{"name":"Power infrastructure","category":"generator","osm_type":"node","osm_id":"6601390422"}},{"type":"Feature","geometry":{"type":"Point","coordinates":[-2.82683,53.34669]},"properties":{"name":"Power infrastructure","category":"generator","osm_type":"node","osm_id":"6601390423"}},{"type":"Feature","geometry":{"type":"Point","coordinates":[-2.82692,53.34667]},"properties":{"name":"Power infrastructure","category":"generator","osm_type":"node","osm_id":"6601390424"}},{"type":"Feature","geometry":{"type":"Point","coordinates":[-2.82725,53.34658]},"properties":{"name":"Power infrastructure","category":"generator","osm_type":"node","osm_id":"6601390425"}},{"type":"Feature","geometry":{"type":"Point","coordinates":[-2.82734,53.34656]},"properties":{"name":"Power infrastructure","category":"generator","osm_type":"node","osm_id":"6601390426"}},{"type":"Feature","geometry":{"type":"Point","coordinates":[-2.82753,53.34655]},"properties":{"name":"Power infrastructure","category":"generator","osm_type":"node","osm_id":"6601390427"}},{"type":"Feature","geometry":{"type":"Point","coordinates":[-2.82747,53.34621]},"properties":{"name":"Power infrastructure","category":"generator","osm_type":"node","osm_id":"6601390428"}},{"type":"Feature","geometry":{"type":"Point","coordinates":[-2.82775,53.34615]},"properties":{"name":"Power infrastructure","category":"generator","osm_type":"node","osm_id":"6601390429"}},{"type":"Feature","geometry":{"type":"Point","coordinates":[-2.82785,53.34613]},"properties":{"name":"Power infrastructure","category":"generator","osm_type":"node","osm_id":"6601390430"}},{"type":"Feature","geometry":{"type":"Point","coordinates":[-2.82804,53.34609]},"properties":{"name":"Power infrastructure","category":"generator","osm_type":"node","osm_id":"6601390431"}},{"type":"Feature","geometry":{"type":"Point","coordinates":[-2.828,53.34645]},"properties":{"name":"Power infrastructure","category":"generator","osm_type":"node","osm_id":"6601390432"}},{"type":"Feature","geometry":{"type":"Point","coordinates":[-2.82645,53.34679]},"properties":{"name":"Power infrastructure","category":"generator","osm_type":"node","osm_id":"6601390433"}},{"type":"Feature","geometry":{"type":"Point","coordinates":[-2.82848,53.34635]},"properties":{"name":"Power infrastructure","category":"generator","osm_type":"node","osm_id":"6601390434"}},{"type":"Feature","geometry":{"type":"Point","coordinates":[-2.82833,53.34603]},"properties":{"name":"Power infrastructure","category":"generator","osm_type":"node","osm_id":"6601390435"}},{"type":"Feature","geometry":{"type":"Point","coordinates":[-2.82771,53.34579]},"properties":{"name":"Power infrastructure","category":"generator","osm_type":"node","osm_id":"6601390436"}},{"type":"Feature","geometry":{"type":"Point","coordinates":[-2.82781,53.34576]},"properties":{"name":"Power infrastructure","category":"generator","osm_type":"node","osm_id":"6601390437"}},{"type":"Feature","geometry":{"type":"Point","coordinates":[-2.82811,53.3457]},"properties":{"name":"Power infrastructure","category":"generator","osm_type":"node","osm_id":"6601390438"}},{"type":"Feature","geometry":{"type":"Point","coordinates":[-2.82752,53.34533]},"properties":{"name":"Power infrastructure","category":"generator","osm_type":"node","osm_id":"6601390439"}},{"type":"Feature","geometry":{"type":"Point","coordinates":[-2.82756,53.34505]},"properties":{"name":"Power infrastructure","category":"generator","osm_type":"node","osm_id":"6601390440"}},{"type":"Feature","geometry":{"type":"Point","coordinates":[-2.82738,53.34504]},"properties":{"name":"Power infrastructure","category":"generator","osm_type":"node","osm_id":"6601390441"}},{"type":"Feature","geometry":{"type":"Point","coordinates":[-2.82727,53.34504]},"properties":{"name":"Power infrastructure","category":"generator","osm_type":"node","osm_id":"6601390442"}},{"type":"Feature","geometry":{"type":"Point","coordinates":[-2.82717,53.34503]},"properties":{"name":"Power infrastructure","category":"generator","osm_type":"node","osm_id":"6601390443"}},{"type":"Feature","geometry":{"type":"Point","coordinates":[-2.82764,53.34422]},"properties":{"name":"Power infrastructure","category":"generator","osm_type":"node","osm_id":"6601390444"}},{"type":"Feature","geometry":{"type":"Point","coordinates":[-2.82754,53.34421]},"properties":{"name":"Power infrastructure","category":"generator","osm_type":"node","osm_id":"6601390445"}},{"type":"Feature","geometry":{"type":"Point","coordinates":[-2.82723,53.3442]},"properties":{"name":"Power infrastructure","category":"generator","osm_type":"node","osm_id":"6601390446"}},{"type":"Feature","geometry":{"type":"Point","coordinates":[-2.83004,53.3434]},"properties":{"name":"Power infrastructure","category":"generator","osm_type":"node","osm_id":"6601390447"}},{"type":"Feature","geometry":{"type":"Point","coordinates":[-2.83016,53.34341]},"properties":{"name":"Power infrastructure","category":"generator","osm_type":"node","osm_id":"6601390448"}},{"type":"Feature","geometry":{"type":"Point","coordinates":[-2.83025,53.3434]},"properties":{"name":"Power infrastructure","category":"generator","osm_type":"node","osm_id":"6601390449"}},{"type":"Feature","geometry":{"type":"Point","coordinates":[-2.8305,53.34341]},"properties":{"name":"Power infrastructure","category":"generator","osm_type":"node","osm_id":"6601390450"}},{"type":"Feature","geometry":{"type":"Point","coordinates":[-2.83089,53.34344]},"properties":{"name":"Power infrastructure","category":"generator","osm_type":"node","osm_id":"6601390451"}},{"type":"Feature","geometry":{"type":"Point","coordinates":[-2.83106,53.34345]},"properties":{"name":"Power infrastructure","category":"generator","osm_type":"node","osm_id":"6601390452"}},{"type":"Feature","geometry":{"type":"Point","coordinates":[-2.83057,53.34372]},"properties":{"name":"Power infrastructure","category":"generator","osm_type":"node","osm_id":"6601390453"}},{"type":"Feature","geometry":{"type":"Point","coordinates":[-2.83003,53.34371]},"properties":{"name":"Power infrastructure","category":"generator","osm_type":"node","osm_id":"6601390454"}},{"type":"Feature","geometry":{"type":"Point","coordinates":[-2.83099,53.34375]},"properties":{"name":"Power infrastructure","category":"generator","osm_type":"node","osm_id":"6601390455"}},{"type":"Feature","geometry":{"type":"Point","coordinates":[-2.83108,53.34376]},"properties":{"name":"Power infrastructure","category":"generator","osm_type":"node","osm_id":"6601390456"}},{"type":"Feature","geometry":{"type":"Point","coordinates":[-2.83139,53.34377]},"properties":{"name":"Power infrastructure","category":"generator","osm_type":"node","osm_id":"6601390457"}},{"type":"Feature","geometry":{"type":"Point","coordinates":[-2.83151,53.34378]},"properties":{"name":"Power infrastructure","category":"generator","osm_type":"node","osm_id":"6601390458"}},{"type":"Feature","geometry":{"type":"Point","coordinates":[-2.83159,53.34378]},"properties":{"name":"Power infrastructure","category":"generator","osm_type":"node","osm_id":"6601390459"}},{"type":"Feature","geometry":{"type":"Point","coordinates":[-2.83171,53.34379]},"properties":{"name":"Power infrastructure","category":"generator","osm_type":"node","osm_id":"6601390460"}},{"type":"Feature","geometry":{"type":"Point","coordinates":[-2.83179,53.34379]},"properties":{"name":"Power infrastructure","category":"generator","osm_type":"node","osm_id":"6601390461"}},{"type":"Feature","geometry":{"type":"Point","coordinates":[-2.8318,53.3435]},"properties":{"name":"Power infrastructure","category":"generator","osm_type":"node","osm_id":"6601390462"}},{"type":"Feature","geometry":{"type":"Point","coordinates":[-2.83171,53.34349]},"properties":{"name":"Power infrastructure","category":"generator","osm_type":"node","osm_id":"6601390463"}},{"type":"Feature","geometry":{"type":"Point","coordinates":[-2.83123,53.34346]},"properties":{"name":"Power infrastructure","category":"generator","osm_type":"node","osm_id":"6601390464"}},{"type":"Feature","geometry":{"type":"Point","coordinates":[-2.83229,53.34308]},"properties":{"name":"Power infrastructure","category":"generator","osm_type":"node","osm_id":"6602207141"}},{"type":"Feature","geometry":{"type":"Point","coordinates":[-2.8322,53.34308]},"properties":{"name":"Power infrastructure","category":"generator","osm_type":"node","osm_id":"6602207142"}},{"type":"Feature","geometry":{"type":"Point","coordinates":[-2.83199,53.34307]},"properties":{"name":"Power infrastructure","category":"generator","osm_type":"node","osm_id":"6602207143"}},{"type":"Feature","geometry":{"type":"Point","coordinates":[-2.83188,53.34307]},"properties":{"name":"Power infrastructure","category":"generator","osm_type":"node","osm_id":"6602207144"}},{"type":"Feature","geometry":{"type":"Point","coordinates":[-2.83177,53.34306]},"properties":{"name":"Power infrastructure","category":"generator","osm_type":"node","osm_id":"6602207145"}},{"type":"Feature","geometry":{"type":"Point","coordinates":[-2.83147,53.34304]},"properties":{"name":"Power infrastructure","category":"generator","osm_type":"node","osm_id":"6602207146"}},{"type":"Feature","geometry":{"type":"Point","coordinates":[-2.83056,53.343]},"properties":{"name":"Power infrastructure","category":"generator","osm_type":"node","osm_id":"6602207147"}},{"type":"Feature","geometry":{"type":"Point","coordinates":[-2.83047,53.343]},"properties":{"name":"Power infrastructure","category":"generator","osm_type":"node","osm_id":"6602207148"}},{"type":"Feature","geometry":{"type":"Point","coordinates":[-2.83024,53.34299]},"properties":{"name":"Power infrastructure","category":"generator","osm_type":"node","osm_id":"6602207149"}},{"type":"Feature","geometry":{"type":"Point","coordinates":[-2.83016,53.34298]},"properties":{"name":"Power infrastructure","category":"generator","osm_type":"node","osm_id":"6602207150"}},{"type":"Feature","geometry":{"type":"Point","coordinates":[-2.83006,53.34298]},"properties":{"name":"Power infrastructure","category":"generator","osm_type":"node","osm_id":"6602207151"}},{"type":"Feature","geometry":{"type":"Point","coordinates":[-2.82974,53.34296]},"properties":{"name":"Power infrastructure","category":"generator","osm_type":"node","osm_id":"6602207152"}},{"type":"Feature","geometry":{"type":"Point","coordinates":[-2.82965,53.34296]},"properties":{"name":"Power infrastructure","category":"generator","osm_type":"node","osm_id":"6602207153"}},{"type":"Feature","geometry":{"type":"Point","coordinates":[-2.83035,53.34274]},"properties":{"name":"Power infrastructure","category":"generator","osm_type":"node","osm_id":"6602207154"}},{"type":"Feature","geometry":{"type":"Point","coordinates":[-2.83031,53.34272]},"properties":{"name":"Power infrastructure","category":"generator","osm_type":"node","osm_id":"6602207155"}},{"type":"Feature","geometry":{"type":"Point","coordinates":[-2.83024,53.34266]},"properties":{"name":"Power infrastructure","category":"generator","osm_type":"node","osm_id":"6602207156"}},{"type":"Feature","geometry":{"type":"Point","coordinates":[-2.83019,53.34262]},"properties":{"name":"Power infrastructure","category":"generator","osm_type":"node","osm_id":"6602207158"}},{"type":"Feature","geometry":{"type":"Point","coordinates":[-2.83129,53.34156]},"properties":{"name":"Power infrastructure","category":"generator","osm_type":"node","osm_id":"6602207159"}},{"type":"Feature","geometry":{"type":"Point","coordinates":[-2.83118,53.34156]},"properties":{"name":"Power infrastructure","category":"generator","osm_type":"node","osm_id":"6602207160"}},{"type":"Feature","geometry":{"type":"Point","coordinates":[-2.83108,53.34155]},"properties":{"name":"Power infrastructure","category":"generator","osm_type":"node","osm_id":"6602207161"}},{"type":"Feature","geometry":{"type":"Point","coordinates":[-2.83153,53.34167]},"properties":{"name":"Power infrastructure","category":"generator","osm_type":"node","osm_id":"6602207162"}},{"type":"Feature","geometry":{"type":"Point","coordinates":[-2.83188,53.34132]},"properties":{"name":"Power infrastructure","category":"generator","osm_type":"node","osm_id":"6602207163"}},{"type":"Feature","geometry":{"type":"Point","coordinates":[-2.83023,53.34137]},"properties":{"name":"Power infrastructure","category":"generator","osm_type":"node","osm_id":"6602207164"}},{"type":"Feature","geometry":{"type":"Point","coordinates":[-2.83192,53.34105]},"properties":{"name":"Power infrastructure","category":"generator","osm_type":"node","osm_id":"6602207165"}},{"type":"Feature","geometry":{"type":"Point","coordinates":[-2.83203,53.34105]},"properties":{"name":"Power infrastructure","category":"generator","osm_type":"node","osm_id":"6602207166"}},{"type":"Feature","geometry":{"type":"Point","coordinates":[-2.83104,53.341]},"properties":{"name":"Power infrastructure","category":"generator","osm_type":"node","osm_id":"6602207167"}},{"type":"Feature","geometry":{"type":"Point","coordinates":[-2.83054,53.34097]},"properties":{"name":"Power infrastructure","category":"generator","osm_type":"node","osm_id":"6602207168"}},{"type":"Feature","geometry":{"type":"Point","coordinates":[-2.83042,53.34097]},"properties":{"name":"Power infrastructure","category":"generator","osm_type":"node","osm_id":"6602207169"}},{"type":"Feature","geometry":{"type":"Point","coordinates":[-2.83001,53.34095]},"properties":{"name":"Power infrastructure","category":"generator","osm_type":"node","osm_id":"6602207170"}},{"type":"Feature","geometry":{"type":"Point","coordinates":[-2.83397,53.33836]},"properties":{"name":"Power infrastructure","category":"generator","osm_type":"node","osm_id":"6602207171"}},{"type":"Feature","geometry":{"type":"Point","coordinates":[-2.83407,53.33836]},"properties":{"name":"Power infrastructure","category":"generator","osm_type":"node","osm_id":"6602207172"}},{"type":"Feature","geometry":{"type":"Point","coordinates":[-2.83392,53.33908]},"properties":{"name":"Power infrastructure","category":"generator","osm_type":"node","osm_id":"6602207173"}},{"type":"Feature","geometry":{"type":"Point","coordinates":[-2.83395,53.33872]},"properties":{"name":"Power infrastructure","category":"generator","osm_type":"node","osm_id":"6602207174"}},{"type":"Feature","geometry":{"type":"Point","coordinates":[-2.83378,53.33907]},"properties":{"name":"Power infrastructure","category":"generator","osm_type":"node","osm_id":"6602207175"}},{"type":"Feature","geometry":{"type":"Point","coordinates":[-2.83358,53.33906]},"properties":{"name":"Power infrastructure","category":"generator","osm_type":"node","osm_id":"6602207176"}},{"type":"Feature","geometry":{"type":"Point","coordinates":[-2.83348,53.33906]},"properties":{"name":"Power infrastructure","category":"generator","osm_type":"node","osm_id":"6602207177"}},{"type":"Feature","geometry":{"type":"Point","coordinates":[-2.83466,53.33911]},"properties":{"name":"Power infrastructure","category":"generator","osm_type":"node","osm_id":"6602207178"}},{"type":"Feature","geometry":{"type":"Point","coordinates":[-2.83476,53.33911]},"properties":{"name":"Power infrastructure","category":"generator","osm_type":"node","osm_id":"6602207179"}},{"type":"Feature","geometry":{"type":"Point","coordinates":[-2.83486,53.33911]},"properties":{"name":"Power infrastructure","category":"generator","osm_type":"node","osm_id":"6602207180"}},{"type":"Feature","geometry":{"type":"Point","coordinates":[-2.83517,53.33912]},"properties":{"name":"Power infrastructure","category":"generator","osm_type":"node","osm_id":"6602207181"}},{"type":"Feature","geometry":{"type":"Point","coordinates":[-2.8354,53.33876]},"properties":{"name":"Power infrastructure","category":"generator","osm_type":"node","osm_id":"6602207182"}},{"type":"Feature","geometry":{"type":"Point","coordinates":[-2.8356,53.33877]},"properties":{"name":"Power infrastructure","category":"generator","osm_type":"node","osm_id":"6602207183"}},{"type":"Feature","geometry":{"type":"Point","coordinates":[-2.83581,53.33913]},"properties":{"name":"Power infrastructure","category":"generator","osm_type":"node","osm_id":"6602207184"}},{"type":"Feature","geometry":{"type":"Point","coordinates":[-2.83574,53.33841]},"properties":{"name":"Power infrastructure","category":"generator","osm_type":"node","osm_id":"6602241985"}},{"type":"Feature","geometry":{"type":"Point","coordinates":[-2.83543,53.33839]},"properties":{"name":"Power infrastructure","category":"generator","osm_type":"node","osm_id":"6602241986"}},{"type":"Feature","geometry":{"type":"Point","coordinates":[-2.83253,53.34108]},"properties":{"name":"Power infrastructure","category":"generator","osm_type":"node","osm_id":"6602241987"}},{"type":"Feature","geometry":{"type":"Point","coordinates":[-2.83243,53.34108]},"properties":{"name":"Power infrastructure","category":"generator","osm_type":"node","osm_id":"6602241988"}},{"type":"Feature","geometry":{"type":"Point","coordinates":[-2.83229,53.34134]},"properties":{"name":"Power infrastructure","category":"generator","osm_type":"node","osm_id":"6602241989"}},{"type":"Feature","geometry":{"type":"Point","coordinates":[-2.83249,53.34136]},"properties":{"name":"Power infrastructure","category":"generator","osm_type":"node","osm_id":"6602241990"}},{"type":"Feature","geometry":{"type":"Point","coordinates":[-2.83171,53.34277]},"properties":{"name":"Power infrastructure","category":"generator","osm_type":"node","osm_id":"6602241991"}},{"type":"Feature","geometry":{"type":"Point","coordinates":[-2.8319,53.34278]},"properties":{"name":"Power infrastructure","category":"generator","osm_type":"node","osm_id":"6602241992"}},{"type":"Feature","geometry":{"type":"Point","coordinates":[-2.83201,53.34279]},"properties":{"name":"Power infrastructure","category":"generator","osm_type":"node","osm_id":"6602241993"}},{"type":"Feature","geometry":{"type":"Point","coordinates":[-2.83025,53.34503]},"properties":{"name":"Power infrastructure","category":"generator","osm_type":"node","osm_id":"6602241994"}},{"type":"Feature","geometry":{"type":"Point","coordinates":[-2.83046,53.34501]},"properties":{"name":"Power infrastructure","category":"generator","osm_type":"node","osm_id":"6602241995"}},{"type":"Feature","geometry":{"type":"Point","coordinates":[-2.83055,53.345]},"properties":{"name":"Power infrastructure","category":"generator","osm_type":"node","osm_id":"6602241996"}},{"type":"Feature","geometry":{"type":"Point","coordinates":[-2.83066,53.34499]},"properties":{"name":"Power infrastructure","category":"generator","osm_type":"node","osm_id":"6602241997"}},{"type":"Feature","geometry":{"type":"Point","coordinates":[-2.83075,53.34498]},"properties":{"name":"Power infrastructure","category":"generator","osm_type":"node","osm_id":"6602241998"}},{"type":"Feature","geometry":{"type":"Point","coordinates":[-2.83052,53.34529]},"properties":{"name":"Power infrastructure","category":"generator","osm_type":"node","osm_id":"6602242002"}},{"type":"Feature","geometry":{"type":"Point","coordinates":[-2.83042,53.3453]},"properties":{"name":"Power infrastructure","category":"generator","osm_type":"node","osm_id":"6602242003"}},{"type":"Feature","geometry":{"type":"Point","coordinates":[-2.82989,53.34539]},"properties":{"name":"Power infrastructure","category":"generator","osm_type":"node","osm_id":"6602242004"}},{"type":"Feature","geometry":{"type":"Point","coordinates":[-2.82979,53.3454]},"properties":{"name":"Power infrastructure","category":"generator","osm_type":"node","osm_id":"6602242005"}},{"type":"Feature","geometry":{"type":"Point","coordinates":[-2.83012,53.34536]},"properties":{"name":"Power infrastructure","category":"generator","osm_type":"node","osm_id":"6602242006"}},{"type":"Feature","geometry":{"type":"Point","coordinates":[-2.83022,53.34535]},"properties":{"name":"Power infrastructure","category":"generator","osm_type":"node","osm_id":"6602242007"}},{"type":"Feature","geometry":{"type":"Point","coordinates":[-2.83031,53.34531]},"properties":{"name":"Power infrastructure","category":"generator","osm_type":"node","osm_id":"6602242008"}},{"type":"Feature","geometry":{"type":"Point","coordinates":[-2.83063,53.34528]},"properties":{"name":"Power infrastructure","category":"generator","osm_type":"node","osm_id":"6602242009"}},{"type":"Feature","geometry":{"type":"Point","coordinates":[-2.83073,53.34526]},"properties":{"name":"Power infrastructure","category":"generator","osm_type":"node","osm_id":"6602242010"}},{"type":"Feature","geometry":{"type":"Point","coordinates":[-2.83104,53.34525]},"properties":{"name":"Power infrastructure","category":"generator","osm_type":"node","osm_id":"6602242011"}},{"type":"Feature","geometry":{"type":"Point","coordinates":[-2.83172,53.34519]},"properties":{"name":"Power infrastructure","category":"generator","osm_type":"node","osm_id":"6602242012"}},{"type":"Feature","geometry":{"type":"Point","coordinates":[-2.83153,53.34521]},"properties":{"name":"Power infrastructure","category":"generator","osm_type":"node","osm_id":"6602242013"}},{"type":"Feature","geometry":{"type":"Point","coordinates":[-2.83143,53.34522]},"properties":{"name":"Power infrastructure","category":"generator","osm_type":"node","osm_id":"6602242014"}},{"type":"Feature","geometry":{"type":"Point","coordinates":[-2.83142,53.34558]},"properties":{"name":"Power infrastructure","category":"generator","osm_type":"node","osm_id":"6602242016"}},{"type":"Feature","geometry":{"type":"Point","coordinates":[-2.83133,53.34559]},"properties":{"name":"Power infrastructure","category":"generator","osm_type":"node","osm_id":"6602242017"}},{"type":"Feature","geometry":{"type":"Point","coordinates":[-2.83124,53.34559]},"properties":{"name":"Power infrastructure","category":"generator","osm_type":"node","osm_id":"6602242018"}},{"type":"Feature","geometry":{"type":"Point","coordinates":[-2.83073,53.34564]},"properties":{"name":"Power infrastructure","category":"generator","osm_type":"node","osm_id":"6602242019"}},{"type":"Feature","geometry":{"type":"Point","coordinates":[-2.83062,53.34565]},"properties":{"name":"Power infrastructure","category":"generator","osm_type":"node","osm_id":"6602242020"}},{"type":"Feature","geometry":{"type":"Point","coordinates":[-2.83054,53.34566]},"properties":{"name":"Power infrastructure","category":"generator","osm_type":"node","osm_id":"6602242021"}},{"type":"Feature","geometry":{"type":"Point","coordinates":[-2.83024,53.34568]},"properties":{"name":"Power infrastructure","category":"generator","osm_type":"node","osm_id":"6602242022"}},{"type":"Feature","geometry":{"type":"Point","coordinates":[-2.83014,53.34569]},"properties":{"name":"Power infrastructure","category":"generator","osm_type":"node","osm_id":"6602242023"}},{"type":"Feature","geometry":{"type":"Point","coordinates":[-2.83006,53.3457]},"properties":{"name":"Power infrastructure","category":"generator","osm_type":"node","osm_id":"6602242024"}},{"type":"Feature","geometry":{"type":"Point","coordinates":[-2.83016,53.34606]},"properties":{"name":"Power infrastructure","category":"generator","osm_type":"node","osm_id":"6602242025"}},{"type":"Feature","geometry":{"type":"Point","coordinates":[-2.83025,53.34604]},"properties":{"name":"Power infrastructure","category":"generator","osm_type":"node","osm_id":"6602242026"}},{"type":"Feature","geometry":{"type":"Point","coordinates":[-2.83036,53.34603]},"properties":{"name":"Power infrastructure","category":"generator","osm_type":"node","osm_id":"6602242027"}},{"type":"Feature","geometry":{"type":"Point","coordinates":[-2.83045,53.34602]},"properties":{"name":"Power infrastructure","category":"generator","osm_type":"node","osm_id":"6602242028"}},{"type":"Feature","geometry":{"type":"Point","coordinates":[-2.83102,53.34594]},"properties":{"name":"Power infrastructure","category":"generator","osm_type":"node","osm_id":"6602242029"}},{"type":"Feature","geometry":{"type":"Point","coordinates":[-2.83081,53.34596]},"properties":{"name":"Power infrastructure","category":"generator","osm_type":"node","osm_id":"6602242030"}},{"type":"Feature","geometry":{"type":"Point","coordinates":[-2.83071,53.34597]},"properties":{"name":"Power infrastructure","category":"generator","osm_type":"node","osm_id":"6602242031"}},{"type":"Feature","geometry":{"type":"Point","coordinates":[-2.83159,53.34589]},"properties":{"name":"Power infrastructure","category":"generator","osm_type":"node","osm_id":"6602242032"}},{"type":"Feature","geometry":{"type":"Point","coordinates":[-2.83263,53.34514]},"properties":{"name":"Power infrastructure","category":"generator","osm_type":"node","osm_id":"6602242033"}},{"type":"Feature","geometry":{"type":"Point","coordinates":[-2.83293,53.34549]},"properties":{"name":"Power infrastructure","category":"generator","osm_type":"node","osm_id":"6602242034"}},{"type":"Feature","geometry":{"type":"Point","coordinates":[-2.83321,53.34548]},"properties":{"name":"Power infrastructure","category":"generator","osm_type":"node","osm_id":"6602242035"}},{"type":"Feature","geometry":{"type":"Point","coordinates":[-2.83302,53.34583]},"properties":{"name":"Power infrastructure","category":"generator","osm_type":"node","osm_id":"6602242036"}},{"type":"Feature","geometry":{"type":"Point","coordinates":[-2.83432,53.34549]},"properties":{"name":"Power infrastructure","category":"generator","osm_type":"node","osm_id":"6602242037"}},{"type":"Feature","geometry":{"type":"Point","coordinates":[-2.8368,53.34335]},"properties":{"name":"Power infrastructure","category":"generator","osm_type":"node","osm_id":"6602242038"}},{"type":"Feature","geometry":{"type":"Point","coordinates":[-2.83698,53.34336]},"properties":{"name":"Power infrastructure","category":"generator","osm_type":"node","osm_id":"6602242039"}},{"type":"Feature","geometry":{"type":"Point","coordinates":[-2.83707,53.34336]},"properties":{"name":"Power infrastructure","category":"generator","osm_type":"node","osm_id":"6602242040"}},{"type":"Feature","geometry":{"type":"Point","coordinates":[-2.83717,53.34335]},"properties":{"name":"Power infrastructure","category":"generator","osm_type":"node","osm_id":"6602242041"}},{"type":"Feature","geometry":{"type":"Point","coordinates":[-2.83725,53.34336]},"properties":{"name":"Power infrastructure","category":"generator","osm_type":"node","osm_id":"6602242042"}},{"type":"Feature","geometry":{"type":"Point","coordinates":[-2.83709,53.34376]},"properties":{"name":"Power infrastructure","category":"generator","osm_type":"node","osm_id":"6602242043"}},{"type":"Feature","geometry":{"type":"Point","coordinates":[-2.837,53.34376]},"properties":{"name":"Power infrastructure","category":"generator","osm_type":"node","osm_id":"6602242044"}},{"type":"Feature","geometry":{"type":"Point","coordinates":[-2.83694,53.34375]},"properties":{"name":"Power infrastructure","category":"generator","osm_type":"node","osm_id":"6602242045"}},{"type":"Feature","geometry":{"type":"Point","coordinates":[-2.83672,53.34374]},"properties":{"name":"Power infrastructure","category":"generator","osm_type":"node","osm_id":"6602242046"}},{"type":"Feature","geometry":{"type":"Point","coordinates":[-2.83611,53.3441]},"properties":{"name":"Power infrastructure","category":"generator","osm_type":"node","osm_id":"6602242047"}},{"type":"Feature","geometry":{"type":"Point","coordinates":[-2.83622,53.3441]},"properties":{"name":"Power infrastructure","category":"generator","osm_type":"node","osm_id":"6602242048"}},{"type":"Feature","geometry":{"type":"Point","coordinates":[-2.83632,53.34411]},"properties":{"name":"Power infrastructure","category":"generator","osm_type":"node","osm_id":"6602242049"}},{"type":"Feature","geometry":{"type":"Point","coordinates":[-2.83632,53.34483]},"properties":{"name":"Power infrastructure","category":"generator","osm_type":"node","osm_id":"6602242050"}},{"type":"Feature","geometry":{"type":"Point","coordinates":[-2.83559,53.34516]},"properties":{"name":"Power infrastructure","category":"generator","osm_type":"node","osm_id":"6602242051"}},{"type":"Feature","geometry":{"type":"Point","coordinates":[-2.83567,53.34517]},"properties":{"name":"Power infrastructure","category":"generator","osm_type":"node","osm_id":"6602242052"}},{"type":"Feature","geometry":{"type":"Point","coordinates":[-2.83576,53.34518]},"properties":{"name":"Power infrastructure","category":"generator","osm_type":"node","osm_id":"6602242053"}},{"type":"Feature","geometry":{"type":"Point","coordinates":[-2.83585,53.34518]},"properties":{"name":"Power infrastructure","category":"generator","osm_type":"node","osm_id":"6602242054"}},{"type":"Feature","geometry":{"type":"Point","coordinates":[-2.83594,53.34519]},"properties":{"name":"Power infrastructure","category":"generator","osm_type":"node","osm_id":"6602242055"}},{"type":"Feature","geometry":{"type":"Point","coordinates":[-2.83611,53.3452]},"properties":{"name":"Power infrastructure","category":"generator","osm_type":"node","osm_id":"6602242056"}},{"type":"Feature","geometry":{"type":"Point","coordinates":[-2.8362,53.34521]},"properties":{"name":"Power infrastructure","category":"generator","osm_type":"node","osm_id":"6602242057"}},{"type":"Feature","geometry":{"type":"Point","coordinates":[-2.83695,53.34529]},"properties":{"name":"Power infrastructure","category":"generator","osm_type":"node","osm_id":"6602242058"}},{"type":"Feature","geometry":{"type":"Point","coordinates":[-2.836,53.34557]},"properties":{"name":"Power infrastructure","category":"generator","osm_type":"node","osm_id":"6602242059"}},{"type":"Feature","geometry":{"type":"Point","coordinates":[-2.83678,53.34565]},"properties":{"name":"Power infrastructure","category":"generator","osm_type":"node","osm_id":"6602242060"}},{"type":"Feature","geometry":{"type":"Point","coordinates":[-2.83669,53.34564]},"properties":{"name":"Power infrastructure","category":"generator","osm_type":"node","osm_id":"6602242061"}},{"type":"Feature","geometry":{"type":"Point","coordinates":[-2.83659,53.34563]},"properties":{"name":"Power infrastructure","category":"generator","osm_type":"node","osm_id":"6602242062"}},{"type":"Feature","geometry":{"type":"Point","coordinates":[-2.8365,53.34562]},"properties":{"name":"Power infrastructure","category":"generator","osm_type":"node","osm_id":"6602242063"}},{"type":"Feature","geometry":{"type":"Point","coordinates":[-2.83639,53.34561]},"properties":{"name":"Power infrastructure","category":"generator","osm_type":"node","osm_id":"6602242064"}},{"type":"Feature","geometry":{"type":"Point","coordinates":[-2.83629,53.3456]},"properties":{"name":"Power infrastructure","category":"generator","osm_type":"node","osm_id":"6602242065"}},{"type":"Feature","geometry":{"type":"Point","coordinates":[-2.83659,53.34596]},"properties":{"name":"Power infrastructure","category":"generator","osm_type":"node","osm_id":"6602242066"}},{"type":"Feature","geometry":{"type":"Point","coordinates":[-2.83649,53.34595]},"properties":{"name":"Power infrastructure","category":"generator","osm_type":"node","osm_id":"6602242067"}},{"type":"Feature","geometry":{"type":"Point","coordinates":[-2.8364,53.34594]},"properties":{"name":"Power infrastructure","category":"generator","osm_type":"node","osm_id":"6602242068"}},{"type":"Feature","geometry":{"type":"Point","coordinates":[-2.83591,53.3459]},"properties":{"name":"Power infrastructure","category":"generator","osm_type":"node","osm_id":"6602242069"}},{"type":"Feature","geometry":{"type":"Point","coordinates":[-2.83602,53.3459]},"properties":{"name":"Power infrastructure","category":"generator","osm_type":"node","osm_id":"6602242070"}},{"type":"Feature","geometry":{"type":"Point","coordinates":[-2.83611,53.34591]},"properties":{"name":"Power infrastructure","category":"generator","osm_type":"node","osm_id":"6602242071"}},{"type":"Feature","geometry":{"type":"Point","coordinates":[-2.83734,53.34204]},"properties":{"name":"Power infrastructure","category":"generator","osm_type":"node","osm_id":"6602242073"}},{"type":"Feature","geometry":{"type":"Point","coordinates":[-2.83702,53.34201]},"properties":{"name":"Power infrastructure","category":"generator","osm_type":"node","osm_id":"6602242074"}},{"type":"Feature","geometry":{"type":"Point","coordinates":[-2.8369,53.34201]},"properties":{"name":"Power infrastructure","category":"generator","osm_type":"node","osm_id":"6602242075"}},{"type":"Feature","geometry":{"type":"Point","coordinates":[-2.83678,53.342]},"properties":{"name":"Power infrastructure","category":"generator","osm_type":"node","osm_id":"6602242076"}},{"type":"Feature","geometry":{"type":"Point","coordinates":[-2.83658,53.34086]},"properties":{"name":"Power infrastructure","category":"generator","osm_type":"node","osm_id":"6602242077"}},{"type":"Feature","geometry":{"type":"Point","coordinates":[-2.83679,53.34088]},"properties":{"name":"Power infrastructure","category":"generator","osm_type":"node","osm_id":"6602242078"}},{"type":"Feature","geometry":{"type":"Point","coordinates":[-2.83694,53.34088]},"properties":{"name":"Power infrastructure","category":"generator","osm_type":"node","osm_id":"6602242079"}},{"type":"Feature","geometry":{"type":"Point","coordinates":[-2.83703,53.34089]},"properties":{"name":"Power infrastructure","category":"generator","osm_type":"node","osm_id":"6602242080"}},{"type":"Feature","geometry":{"type":"Point","coordinates":[-2.83721,53.34085]},"properties":{"name":"Power infrastructure","category":"generator","osm_type":"node","osm_id":"6602242081"}},{"type":"Feature","geometry":{"type":"Point","coordinates":[-2.83731,53.34077]},"properties":{"name":"Power infrastructure","category":"generator","osm_type":"node","osm_id":"6602242082"}},{"type":"Feature","geometry":{"type":"Point","coordinates":[-2.83767,53.34058]},"properties":{"name":"Power infrastructure","category":"generator","osm_type":"node","osm_id":"6602242083"}},{"type":"Feature","geometry":{"type":"Point","coordinates":[-2.83782,53.34054]},"properties":{"name":"Power infrastructure","category":"generator","osm_type":"node","osm_id":"6602242084"}},{"type":"Feature","geometry":{"type":"Point","coordinates":[-2.83701,53.34018]},"properties":{"name":"Power infrastructure","category":"generator","osm_type":"node","osm_id":"6602242085"}},{"type":"Feature","geometry":{"type":"Point","coordinates":[-2.83722,53.3402]},"properties":{"name":"Power infrastructure","category":"generator","osm_type":"node","osm_id":"6602242086"}},{"type":"Feature","geometry":{"type":"Point","coordinates":[-2.83656,53.33915]},"properties":{"name":"Power infrastructure","category":"generator","osm_type":"node","osm_id":"6602242087"}},{"type":"Feature","geometry":{"type":"Point","coordinates":[-2.83776,53.33919]},"properties":{"name":"Power infrastructure","category":"generator","osm_type":"node","osm_id":"6602242088"}},{"type":"Feature","geometry":{"type":"Point","coordinates":[-2.83766,53.33919]},"properties":{"name":"Power infrastructure","category":"generator","osm_type":"node","osm_id":"6602242089"}},{"type":"Feature","geometry":{"type":"Point","coordinates":[-2.83746,53.33918]},"properties":{"name":"Power infrastructure","category":"generator","osm_type":"node","osm_id":"6602242090"}},{"type":"Feature","geometry":{"type":"Point","coordinates":[-2.83725,53.33882]},"properties":{"name":"Power infrastructure","category":"generator","osm_type":"node","osm_id":"6602242091"}},{"type":"Feature","geometry":{"type":"Point","coordinates":[-2.83776,53.33884]},"properties":{"name":"Power infrastructure","category":"generator","osm_type":"node","osm_id":"6602242092"}},{"type":"Feature","geometry":{"type":"Point","coordinates":[-2.83767,53.33883]},"properties":{"name":"Power infrastructure","category":"generator","osm_type":"node","osm_id":"6602242093"}},{"type":"Feature","geometry":{"type":"Point","coordinates":[-2.83786,53.33884]},"properties":{"name":"Power infrastructure","category":"generator","osm_type":"node","osm_id":"6602242094"}},{"type":"Feature","geometry":{"type":"Point","coordinates":[-2.83728,53.33846]},"properties":{"name":"Power infrastructure","category":"generator","osm_type":"node","osm_id":"6602242095"}},{"type":"Feature","geometry":{"type":"Point","coordinates":[-2.83718,53.33846]},"properties":{"name":"Power infrastructure","category":"generator","osm_type":"node","osm_id":"6602242096"}},{"type":"Feature","geometry":{"type":"Point","coordinates":[-2.83911,53.33851]},"properties":{"name":"Power infrastructure","category":"generator","osm_type":"node","osm_id":"6602242097"}},{"type":"Feature","geometry":{"type":"Point","coordinates":[-2.83947,53.33853]},"properties":{"name":"Power infrastructure","category":"generator","osm_type":"node","osm_id":"6602242098"}},{"type":"Feature","geometry":{"type":"Point","coordinates":[-2.83959,53.33853]},"properties":{"name":"Power infrastructure","category":"generator","osm_type":"node","osm_id":"6602242099"}},{"type":"Feature","geometry":{"type":"Point","coordinates":[-2.83796,53.33919]},"properties":{"name":"Power infrastructure","category":"generator","osm_type":"node","osm_id":"6602242100"}},{"type":"Feature","geometry":{"type":"Point","coordinates":[-2.84254,53.34639]},"properties":{"name":"Power infrastructure","category":"generator","osm_type":"node","osm_id":"6602242101"}},{"type":"Feature","geometry":{"type":"Point","coordinates":[-2.84217,53.34596]},"properties":{"name":"Power infrastructure","category":"generator","osm_type":"node","osm_id":"6602242102"}},{"type":"Feature","geometry":{"type":"Point","coordinates":[-2.84226,53.34597]},"properties":{"name":"Power infrastructure","category":"generator","osm_type":"node","osm_id":"6602242103"}},{"type":"Feature","geometry":{"type":"Point","coordinates":[-2.84235,53.34598]},"properties":{"name":"Power infrastructure","category":"generator","osm_type":"node","osm_id":"6602242104"}},{"type":"Feature","geometry":{"type":"Point","coordinates":[-2.84243,53.34599]},"properties":{"name":"Power infrastructure","category":"generator","osm_type":"node","osm_id":"6602242105"}},{"type":"Feature","geometry":{"type":"Point","coordinates":[-2.84261,53.34602]},"properties":{"name":"Power infrastructure","category":"generator","osm_type":"node","osm_id":"6602242106"}},{"type":"Feature","geometry":{"type":"Point","coordinates":[-2.84269,53.34603]},"properties":{"name":"Power infrastructure","category":"generator","osm_type":"node","osm_id":"6602242107"}},{"type":"Feature","geometry":{"type":"Point","coordinates":[-2.84277,53.34604]},"properties":{"name":"Power infrastructure","category":"generator","osm_type":"node","osm_id":"6602242108"}},{"type":"Feature","geometry":{"type":"Point","coordinates":[-2.84286,53.34605]},"properties":{"name":"Power infrastructure","category":"generator","osm_type":"node","osm_id":"6602242109"}},{"type":"Feature","geometry":{"type":"Point","coordinates":[-2.84294,53.34606]},"properties":{"name":"Power infrastructure","category":"generator","osm_type":"node","osm_id":"6602242110"}},{"type":"Feature","geometry":{"type":"Point","coordinates":[-2.84269,53.34565]},"properties":{"name":"Power infrastructure","category":"generator","osm_type":"node","osm_id":"6602242111"}},{"type":"Feature","geometry":{"type":"Point","coordinates":[-2.84303,53.34568]},"properties":{"name":"Power infrastructure","category":"generator","osm_type":"node","osm_id":"6602242112"}},{"type":"Feature","geometry":{"type":"Point","coordinates":[-2.84293,53.34459]},"properties":{"name":"Power infrastructure","category":"generator","osm_type":"node","osm_id":"6602242113"}},{"type":"Feature","geometry":{"type":"Point","coordinates":[-2.84316,53.34461]},"properties":{"name":"Power infrastructure","category":"generator","osm_type":"node","osm_id":"6602242114"}},{"type":"Feature","geometry":{"type":"Point","coordinates":[-2.84327,53.34462]},"properties":{"name":"Power infrastructure","category":"generator","osm_type":"node","osm_id":"6602242115"}},{"type":"Feature","geometry":{"type":"Point","coordinates":[-2.84257,53.34415]},"properties":{"name":"Power infrastructure","category":"generator","osm_type":"node","osm_id":"6602242116"}},{"type":"Feature","geometry":{"type":"Point","coordinates":[-2.84266,53.34416]},"properties":{"name":"Power infrastructure","category":"generator","osm_type":"node","osm_id":"6602242117"}},{"type":"Feature","geometry":{"type":"Point","coordinates":[-2.84275,53.34416]},"properties":{"name":"Power infrastructure","category":"generator","osm_type":"node","osm_id":"6602242118"}},{"type":"Feature","geometry":{"type":"Point","coordinates":[-2.84283,53.34417]},"properties":{"name":"Power infrastructure","category":"generator","osm_type":"node","osm_id":"6602242119"}},{"type":"Feature","geometry":{"type":"Point","coordinates":[-2.843,53.34419]},"properties":{"name":"Power infrastructure","category":"generator","osm_type":"node","osm_id":"6602242120"}},{"type":"Feature","geometry":{"type":"Point","coordinates":[-2.84309,53.34419]},"properties":{"name":"Power infrastructure","category":"generator","osm_type":"node","osm_id":"6602242121"}},{"type":"Feature","geometry":{"type":"Point","coordinates":[-2.84343,53.34423]},"properties":{"name":"Power infrastructure","category":"generator","osm_type":"node","osm_id":"6602242122"}},{"type":"Feature","geometry":{"type":"Point","coordinates":[-2.84353,53.34423]},"properties":{"name":"Power infrastructure","category":"generator","osm_type":"node","osm_id":"6602242123"}},{"type":"Feature","geometry":{"type":"Point","coordinates":[-2.84361,53.34424]},"properties":{"name":"Power infrastructure","category":"generator","osm_type":"node","osm_id":"6602242124"}},{"type":"Feature","geometry":{"type":"Point","coordinates":[-2.84369,53.34425]},"properties":{"name":"Power infrastructure","category":"generator","osm_type":"node","osm_id":"6602242125"}},{"type":"Feature","geometry":{"type":"Point","coordinates":[-2.84401,53.34389]},"properties":{"name":"Power infrastructure","category":"generator","osm_type":"node","osm_id":"6602242126"}},{"type":"Feature","geometry":{"type":"Point","coordinates":[-2.84379,53.34386]},"properties":{"name":"Power infrastructure","category":"generator","osm_type":"node","osm_id":"6602242127"}},{"type":"Feature","geometry":{"type":"Point","coordinates":[-2.84353,53.34383]},"properties":{"name":"Power infrastructure","category":"generator","osm_type":"node","osm_id":"6602242128"}},{"type":"Feature","geometry":{"type":"Point","coordinates":[-2.84336,53.34382]},"properties":{"name":"Power infrastructure","category":"generator","osm_type":"node","osm_id":"6602242129"}},{"type":"Feature","geometry":{"type":"Point","coordinates":[-2.84327,53.34381]},"properties":{"name":"Power infrastructure","category":"generator","osm_type":"node","osm_id":"6602242130"}},{"type":"Feature","geometry":{"type":"Point","coordinates":[-2.84318,53.3438]},"properties":{"name":"Power infrastructure","category":"generator","osm_type":"node","osm_id":"6602242131"}},{"type":"Feature","geometry":{"type":"Point","coordinates":[-2.84308,53.3438]},"properties":{"name":"Power infrastructure","category":"generator","osm_type":"node","osm_id":"6602242132"}},{"type":"Feature","geometry":{"type":"Point","coordinates":[-2.843,53.34379]},"properties":{"name":"Power infrastructure","category":"generator","osm_type":"node","osm_id":"6602242133"}},{"type":"Feature","geometry":{"type":"Point","coordinates":[-2.84292,53.34378]},"properties":{"name":"Power infrastructure","category":"generator","osm_type":"node","osm_id":"6602242134"}},{"type":"Feature","geometry":{"type":"Point","coordinates":[-2.84285,53.34378]},"properties":{"name":"Power infrastructure","category":"generator","osm_type":"node","osm_id":"6602242135"}},{"type":"Feature","geometry":{"type":"Point","coordinates":[-2.84276,53.34377]},"properties":{"name":"Power infrastructure","category":"generator","osm_type":"node","osm_id":"6602242136"}},{"type":"Feature","geometry":{"type":"Point","coordinates":[-2.84266,53.34376]},"properties":{"name":"Power infrastructure","category":"generator","osm_type":"node","osm_id":"6602242137"}},{"type":"Feature","geometry":{"type":"Point","coordinates":[-2.84256,53.34376]},"properties":{"name":"Power infrastructure","category":"generator","osm_type":"node","osm_id":"6602242138"}},{"type":"Feature","geometry":{"type":"Point","coordinates":[-2.84356,53.34343]},"properties":{"name":"Power infrastructure","category":"generator","osm_type":"node","osm_id":"6602242139"}},{"type":"Feature","geometry":{"type":"Point","coordinates":[-2.84333,53.34342]},"properties":{"name":"Power infrastructure","category":"generator","osm_type":"node","osm_id":"6602242140"}},{"type":"Feature","geometry":{"type":"Point","coordinates":[-2.84322,53.34341]},"properties":{"name":"Power infrastructure","category":"generator","osm_type":"node","osm_id":"6602242141"}},{"type":"Feature","geometry":{"type":"Point","coordinates":[-2.84336,53.34274]},"properties":{"name":"Power infrastructure","category":"generator","osm_type":"node","osm_id":"6602242142"}},{"type":"Feature","geometry":{"type":"Point","coordinates":[-2.84347,53.34275]},"properties":{"name":"Power infrastructure","category":"generator","osm_type":"node","osm_id":"6602242143"}},{"type":"Feature","geometry":{"type":"Point","coordinates":[-2.84357,53.34276]},"properties":{"name":"Power infrastructure","category":"generator","osm_type":"node","osm_id":"6602242144"}},{"type":"Feature","geometry":{"type":"Point","coordinates":[-2.8437,53.34277]},"properties":{"name":"Power infrastructure","category":"generator","osm_type":"node","osm_id":"6602242145"}},{"type":"Feature","geometry":{"type":"Point","coordinates":[-2.84378,53.34278]},"properties":{"name":"Power infrastructure","category":"generator","osm_type":"node","osm_id":"6602242146"}},{"type":"Feature","geometry":{"type":"Point","coordinates":[-2.84353,53.3425]},"properties":{"name":"Power infrastructure","category":"generator","osm_type":"node","osm_id":"6602242147"}},{"type":"Feature","geometry":{"type":"Point","coordinates":[-2.84365,53.34251]},"properties":{"name":"Power infrastructure","category":"generator","osm_type":"node","osm_id":"6602242148"}},{"type":"Feature","geometry":{"type":"Point","coordinates":[-2.84304,53.34208]},"properties":{"name":"Power infrastructure","category":"generator","osm_type":"node","osm_id":"6602242149"}},{"type":"Feature","geometry":{"type":"Point","coordinates":[-2.8434,53.34193]},"properties":{"name":"Power infrastructure","category":"generator","osm_type":"node","osm_id":"6602242150"}},{"type":"Feature","geometry":{"type":"Point","coordinates":[-2.84377,53.34181]},"properties":{"name":"Power infrastructure","category":"generator","osm_type":"node","osm_id":"6602242151"}},{"type":"Feature","geometry":{"type":"Point","coordinates":[-2.844,53.34183]},"properties":{"name":"Power infrastructure","category":"generator","osm_type":"node","osm_id":"6602242152"}},{"type":"Feature","geometry":{"type":"Point","coordinates":[-2.84422,53.34185]},"properties":{"name":"Power infrastructure","category":"generator","osm_type":"node","osm_id":"6602242153"}},{"type":"Feature","geometry":{"type":"Point","coordinates":[-2.84445,53.34188]},"properties":{"name":"Power infrastructure","category":"generator","osm_type":"node","osm_id":"6602242154"}},{"type":"Feature","geometry":{"type":"Point","coordinates":[-2.84386,53.34138]},"properties":{"name":"Power infrastructure","category":"generator","osm_type":"node","osm_id":"6602242155"}},{"type":"Feature","geometry":{"type":"Point","coordinates":[-2.84396,53.34139]},"properties":{"name":"Power infrastructure","category":"generator","osm_type":"node","osm_id":"6602242156"}},{"type":"Feature","geometry":{"type":"Point","coordinates":[-2.8441,53.3414]},"properties":{"name":"Power infrastructure","category":"generator","osm_type":"node","osm_id":"6602242157"}},{"type":"Feature","geometry":{"type":"Point","coordinates":[-2.84418,53.34141]},"properties":{"name":"Power infrastructure","category":"generator","osm_type":"node","osm_id":"6602242158"}},{"type":"Feature","geometry":{"type":"Point","coordinates":[-2.84432,53.34142]},"properties":{"name":"Power infrastructure","category":"generator","osm_type":"node","osm_id":"6602242159"}},{"type":"Feature","geometry":{"type":"Point","coordinates":[-2.84441,53.34143]},"properties":{"name":"Power infrastructure","category":"generator","osm_type":"node","osm_id":"6602242160"}},{"type":"Feature","geometry":{"type":"Point","coordinates":[-2.84456,53.34144]},"properties":{"name":"Power infrastructure","category":"generator","osm_type":"node","osm_id":"6602242161"}},{"type":"Feature","geometry":{"type":"Point","coordinates":[-2.84464,53.34145]},"properties":{"name":"Power infrastructure","category":"generator","osm_type":"node","osm_id":"6602242162"}},{"type":"Feature","geometry":{"type":"Point","coordinates":[-2.84355,53.34114]},"properties":{"name":"Power infrastructure","category":"generator","osm_type":"node","osm_id":"6602242163"}},{"type":"Feature","geometry":{"type":"Point","coordinates":[-2.84335,53.341]},"properties":{"name":"Power infrastructure","category":"generator","osm_type":"node","osm_id":"6602242164"}},{"type":"Feature","geometry":{"type":"Point","coordinates":[-2.84382,53.34066]},"properties":{"name":"Power infrastructure","category":"generator","osm_type":"node","osm_id":"6602242165"}},{"type":"Feature","geometry":{"type":"Point","coordinates":[-2.8438,53.34042]},"properties":{"name":"Power infrastructure","category":"generator","osm_type":"node","osm_id":"6602242166"}},{"type":"Feature","geometry":{"type":"Point","coordinates":[-2.84413,53.33977]},"properties":{"name":"Power infrastructure","category":"generator","osm_type":"node","osm_id":"6602242167"}},{"type":"Feature","geometry":{"type":"Point","coordinates":[-2.84365,53.33937]},"properties":{"name":"Power infrastructure","category":"generator","osm_type":"node","osm_id":"6602242168"}},{"type":"Feature","geometry":{"type":"Point","coordinates":[-2.8444,53.33939]},"properties":{"name":"Power infrastructure","category":"generator","osm_type":"node","osm_id":"6602242169"}},{"type":"Feature","geometry":{"type":"Point","coordinates":[-2.84471,53.3394]},"properties":{"name":"Power infrastructure","category":"generator","osm_type":"node","osm_id":"6602242170"}},{"type":"Feature","geometry":{"type":"Point","coordinates":[-2.84481,53.33941]},"properties":{"name":"Power infrastructure","category":"generator","osm_type":"node","osm_id":"6602242171"}},{"type":"Feature","geometry":{"type":"Point","coordinates":[-2.84367,53.339]},"properties":{"name":"Power infrastructure","category":"generator","osm_type":"node","osm_id":"6602242172"}},{"type":"Feature","geometry":{"type":"Point","coordinates":[-2.84377,53.33901]},"properties":{"name":"Power infrastructure","category":"generator","osm_type":"node","osm_id":"6602242173"}},{"type":"Feature","geometry":{"type":"Point","coordinates":[-2.84387,53.33901]},"properties":{"name":"Power infrastructure","category":"generator","osm_type":"node","osm_id":"6602242174"}},{"type":"Feature","geometry":{"type":"Point","coordinates":[-2.84372,53.33864]},"properties":{"name":"Power infrastructure","category":"generator","osm_type":"node","osm_id":"6602242175"}},{"type":"Feature","geometry":{"type":"Point","coordinates":[-2.84423,53.33867]},"properties":{"name":"Power infrastructure","category":"generator","osm_type":"node","osm_id":"6602242176"}},{"type":"Feature","geometry":{"type":"Point","coordinates":[-2.84261,53.33861]},"properties":{"name":"Power infrastructure","category":"generator","osm_type":"node","osm_id":"6602242177"}},{"type":"Feature","geometry":{"type":"Point","coordinates":[-2.8427,53.33897]},"properties":{"name":"Power infrastructure","category":"generator","osm_type":"node","osm_id":"6602242178"}},{"type":"Feature","geometry":{"type":"Point","coordinates":[-2.84233,53.33896]},"properties":{"name":"Power infrastructure","category":"generator","osm_type":"node","osm_id":"6602242179"}},{"type":"Feature","geometry":{"type":"Point","coordinates":[-2.84187,53.33859]},"properties":{"name":"Power infrastructure","category":"generator","osm_type":"node","osm_id":"6602242180"}},{"type":"Feature","geometry":{"type":"Point","coordinates":[-2.84633,53.3388]},"properties":{"name":"Power infrastructure","category":"generator","osm_type":"node","osm_id":"6602242181"}},{"type":"Feature","geometry":{"type":"Point","coordinates":[-2.84599,53.33949]},"properties":{"name":"Power infrastructure","category":"generator","osm_type":"node","osm_id":"6602242182"}},{"type":"Feature","geometry":{"type":"Point","coordinates":[-2.84591,53.33948]},"properties":{"name":"Power infrastructure","category":"generator","osm_type":"node","osm_id":"6602242183"}},{"type":"Feature","geometry":{"type":"Point","coordinates":[-2.84573,53.33947]},"properties":{"name":"Power infrastructure","category":"generator","osm_type":"node","osm_id":"6602242184"}},{"type":"Feature","geometry":{"type":"Point","coordinates":[-2.84551,53.33946]},"properties":{"name":"Power infrastructure","category":"generator","osm_type":"node","osm_id":"6602242185"}},{"type":"Feature","geometry":{"type":"Point","coordinates":[-2.84693,53.3396]},"properties":{"name":"Power infrastructure","category":"generator","osm_type":"node","osm_id":"6602242186"}},{"type":"Feature","geometry":{"type":"Point","coordinates":[-2.8479,53.33893]},"properties":{"name":"Power infrastructure","category":"generator","osm_type":"node","osm_id":"6602242187"}},{"type":"Feature","geometry":{"type":"Point","coordinates":[-2.84812,53.33969]},"properties":{"name":"Power infrastructure","category":"generator","osm_type":"node","osm_id":"6602242188"}},{"type":"Feature","geometry":{"type":"Point","coordinates":[-2.84524,53.34149]},"properties":{"name":"Power infrastructure","category":"generator","osm_type":"node","osm_id":"6602242189"}},{"type":"Feature","geometry":{"type":"Point","coordinates":[-2.84507,53.34147]},"properties":{"name":"Power infrastructure","category":"generator","osm_type":"node","osm_id":"6602242190"}},{"type":"Feature","geometry":{"type":"Point","coordinates":[-2.84492,53.34194]},"properties":{"name":"Power infrastructure","category":"generator","osm_type":"node","osm_id":"6602242191"}},{"type":"Feature","geometry":{"type":"Point","coordinates":[-2.84502,53.34195]},"properties":{"name":"Power infrastructure","category":"generator","osm_type":"node","osm_id":"6602242192"}},{"type":"Feature","geometry":{"type":"Point","coordinates":[-2.8452,53.34196]},"properties":{"name":"Power infrastructure","category":"generator","osm_type":"node","osm_id":"6602242193"}},{"type":"Feature","geometry":{"type":"Point","coordinates":[-2.84528,53.34197]},"properties":{"name":"Power infrastructure","category":"generator","osm_type":"node","osm_id":"6602242194"}},{"type":"Feature","geometry":{"type":"Point","coordinates":[-2.84537,53.34198]},"properties":{"name":"Power infrastructure","category":"generator","osm_type":"node","osm_id":"6602242195"}},{"type":"Feature","geometry":{"type":"Point","coordinates":[-2.84563,53.342]},"properties":{"name":"Power infrastructure","category":"generator","osm_type":"node","osm_id":"6602242196"}},{"type":"Feature","geometry":{"type":"Point","coordinates":[-2.84572,53.34201]},"properties":{"name":"Power infrastructure","category":"generator","osm_type":"node","osm_id":"6602242197"}},{"type":"Feature","geometry":{"type":"Point","coordinates":[-2.84606,53.34204]},"properties":{"name":"Power infrastructure","category":"generator","osm_type":"node","osm_id":"6602242198"}},{"type":"Feature","geometry":{"type":"Point","coordinates":[-2.84614,53.34205]},"properties":{"name":"Power infrastructure","category":"generator","osm_type":"node","osm_id":"6602242199"}},{"type":"Feature","geometry":{"type":"Point","coordinates":[-2.84657,53.34209]},"properties":{"name":"Power infrastructure","category":"generator","osm_type":"node","osm_id":"6602242200"}},{"type":"Feature","geometry":{"type":"Point","coordinates":[-2.84666,53.34209]},"properties":{"name":"Power infrastructure","category":"generator","osm_type":"node","osm_id":"6602242201"}},{"type":"Feature","geometry":{"type":"Point","coordinates":[-2.84684,53.3421]},"properties":{"name":"Power infrastructure","category":"generator","osm_type":"node","osm_id":"6602242202"}},{"type":"Feature","geometry":{"type":"Point","coordinates":[-2.8472,53.34213]},"properties":{"name":"Power infrastructure","category":"generator","osm_type":"node","osm_id":"6602242203"}},{"type":"Feature","geometry":{"type":"Point","coordinates":[-2.84728,53.34214]},"properties":{"name":"Power infrastructure","category":"generator","osm_type":"node","osm_id":"6602242204"}},{"type":"Feature","geometry":{"type":"Point","coordinates":[-2.84707,53.34416]},"properties":{"name":"Power infrastructure","category":"generator","osm_type":"node","osm_id":"6602242205"}},{"type":"Feature","geometry":{"type":"Point","coordinates":[-2.84643,53.34654]},"properties":{"name":"Power infrastructure","category":"generator","osm_type":"node","osm_id":"6602242206"}},{"type":"Feature","geometry":{"type":"Point","coordinates":[-2.84539,53.3471]},"properties":{"name":"Power infrastructure","category":"generator","osm_type":"node","osm_id":"6602242207"}},{"type":"Feature","geometry":{"type":"Point","coordinates":[-2.84439,53.34698]},"properties":{"name":"Power infrastructure","category":"generator","osm_type":"node","osm_id":"6602242208"}},{"type":"Feature","geometry":{"type":"Point","coordinates":[-2.8443,53.34697]},"properties":{"name":"Power infrastructure","category":"generator","osm_type":"node","osm_id":"6602242209"}},{"type":"Feature","geometry":{"type":"Point","coordinates":[-2.84329,53.34611]},"properties":{"name":"Power infrastructure","category":"generator","osm_type":"node","osm_id":"6602242210"}},{"type":"Feature","geometry":{"type":"Point","coordinates":[-2.84312,53.34609]},"properties":{"name":"Power infrastructure","category":"generator","osm_type":"node","osm_id":"6602242211"}},{"type":"Feature","geometry":{"type":"Point","coordinates":[-2.84728,53.34735]},"properties":{"name":"Power infrastructure","category":"generator","osm_type":"node","osm_id":"6602242212"}},{"type":"Feature","geometry":{"type":"Point","coordinates":[-2.84758,53.34737]},"properties":{"name":"Power infrastructure","category":"generator","osm_type":"node","osm_id":"6602242213"}},{"type":"Feature","geometry":{"type":"Point","coordinates":[-2.84821,53.34747]},"properties":{"name":"Power infrastructure","category":"generator","osm_type":"node","osm_id":"6602242214"}},{"type":"Feature","geometry":{"type":"Point","coordinates":[-2.84831,53.34749]},"properties":{"name":"Power infrastructure","category":"generator","osm_type":"node","osm_id":"6602242215"}},{"type":"Feature","geometry":{"type":"Point","coordinates":[-2.84915,53.34689]},"properties":{"name":"Power infrastructure","category":"generator","osm_type":"node","osm_id":"6602242216"}},{"type":"Feature","geometry":{"type":"Point","coordinates":[-2.84771,53.34668]},"properties":{"name":"Power infrastructure","category":"generator","osm_type":"node","osm_id":"6602242217"}},{"type":"Feature","geometry":{"type":"Point","coordinates":[-2.84709,53.3466]},"properties":{"name":"Power infrastructure","category":"generator","osm_type":"node","osm_id":"6602242218"}},{"type":"Feature","geometry":{"type":"Point","coordinates":[-2.8473,53.3461]},"properties":{"name":"Power infrastructure","category":"generator","osm_type":"node","osm_id":"6602242219"}},{"type":"Feature","geometry":{"type":"Point","coordinates":[-2.84764,53.34523]},"properties":{"name":"Power infrastructure","category":"generator","osm_type":"node","osm_id":"6602242220"}},{"type":"Feature","geometry":{"type":"Point","coordinates":[-2.84771,53.34498]},"properties":{"name":"Power infrastructure","category":"generator","osm_type":"node","osm_id":"6602242221"}},{"type":"Feature","geometry":{"type":"Point","coordinates":[-2.8481,53.34492]},"properties":{"name":"Power infrastructure","category":"generator","osm_type":"node","osm_id":"6602242223"}},{"type":"Feature","geometry":{"type":"Point","coordinates":[-2.84821,53.34494]},"properties":{"name":"Power infrastructure","category":"generator","osm_type":"node","osm_id":"6602242224"}},{"type":"Feature","geometry":{"type":"Point","coordinates":[-2.84831,53.34495]},"properties":{"name":"Power infrastructure","category":"generator","osm_type":"node","osm_id":"6602242225"}},{"type":"Feature","geometry":{"type":"Point","coordinates":[-2.84841,53.34496]},"properties":{"name":"Power infrastructure","category":"generator","osm_type":"node","osm_id":"6602242226"}},{"type":"Feature","geometry":{"type":"Point","coordinates":[-2.84763,53.34461]},"properties":{"name":"Power infrastructure","category":"generator","osm_type":"node","osm_id":"6602242227"}},{"type":"Feature","geometry":{"type":"Point","coordinates":[-2.84803,53.34464]},"properties":{"name":"Power infrastructure","category":"generator","osm_type":"node","osm_id":"6602242228"}},{"type":"Feature","geometry":{"type":"Point","coordinates":[-2.84895,53.34472]},"properties":{"name":"Power infrastructure","category":"generator","osm_type":"node","osm_id":"6602242229"}},{"type":"Feature","geometry":{"type":"Point","coordinates":[-2.84876,53.34471]},"properties":{"name":"Power infrastructure","category":"generator","osm_type":"node","osm_id":"6602242230"}},{"type":"Feature","geometry":{"type":"Point","coordinates":[-2.84776,53.34421]},"properties":{"name":"Power infrastructure","category":"generator","osm_type":"node","osm_id":"6602242231"}},{"type":"Feature","geometry":{"type":"Point","coordinates":[-2.84785,53.34422]},"properties":{"name":"Power infrastructure","category":"generator","osm_type":"node","osm_id":"6602242232"}},{"type":"Feature","geometry":{"type":"Point","coordinates":[-2.84795,53.34423]},"properties":{"name":"Power infrastructure","category":"generator","osm_type":"node","osm_id":"6602242233"}},{"type":"Feature","geometry":{"type":"Point","coordinates":[-2.84828,53.34426]},"properties":{"name":"Power infrastructure","category":"generator","osm_type":"node","osm_id":"6602242234"}},{"type":"Feature","geometry":{"type":"Point","coordinates":[-2.84838,53.34427]},"properties":{"name":"Power infrastructure","category":"generator","osm_type":"node","osm_id":"6602242235"}},{"type":"Feature","geometry":{"type":"Point","coordinates":[-2.84847,53.34428]},"properties":{"name":"Power infrastructure","category":"generator","osm_type":"node","osm_id":"6602242236"}},{"type":"Feature","geometry":{"type":"Point","coordinates":[-2.84898,53.34433]},"properties":{"name":"Power infrastructure","category":"generator","osm_type":"node","osm_id":"6602242237"}},{"type":"Feature","geometry":{"type":"Point","coordinates":[-2.84908,53.34433]},"properties":{"name":"Power infrastructure","category":"generator","osm_type":"node","osm_id":"6602242238"}},{"type":"Feature","geometry":{"type":"Point","coordinates":[-2.84866,53.34391]},"properties":{"name":"Power infrastructure","category":"generator","osm_type":"node","osm_id":"6602242239"}},{"type":"Feature","geometry":{"type":"Point","coordinates":[-2.84814,53.34363]},"properties":{"name":"Power infrastructure","category":"generator","osm_type":"node","osm_id":"6602242240"}},{"type":"Feature","geometry":{"type":"Point","coordinates":[-2.848,53.34387]},"properties":{"name":"Power infrastructure","category":"generator","osm_type":"node","osm_id":"6602242241"}},{"type":"Feature","geometry":{"type":"Point","coordinates":[-2.84845,53.34289]},"properties":{"name":"Power infrastructure","category":"generator","osm_type":"node","osm_id":"6602242242"}},{"type":"Feature","geometry":{"type":"Point","coordinates":[-2.84864,53.34233]},"properties":{"name":"Power infrastructure","category":"generator","osm_type":"node","osm_id":"6602242243"}},{"type":"Feature","geometry":{"type":"Point","coordinates":[-2.84902,53.34236]},"properties":{"name":"Power infrastructure","category":"generator","osm_type":"node","osm_id":"6602242244"}},{"type":"Feature","geometry":{"type":"Point","coordinates":[-2.84838,53.34224]},"properties":{"name":"Power infrastructure","category":"generator","osm_type":"node","osm_id":"6602242245"}},{"type":"Feature","geometry":{"type":"Point","coordinates":[-2.84828,53.34223]},"properties":{"name":"Power infrastructure","category":"generator","osm_type":"node","osm_id":"6602242246"}},{"type":"Feature","geometry":{"type":"Point","coordinates":[-2.8495,53.34234]},"properties":{"name":"Power infrastructure","category":"generator","osm_type":"node","osm_id":"6602242247"}},{"type":"Feature","geometry":{"type":"Point","coordinates":[-2.84928,53.34174]},"properties":{"name":"Power infrastructure","category":"generator","osm_type":"node","osm_id":"6602242248"}},{"type":"Feature","geometry":{"type":"Point","coordinates":[-2.84952,53.34182]},"properties":{"name":"Power infrastructure","category":"generator","osm_type":"node","osm_id":"6602242249"}},{"type":"Feature","geometry":{"type":"Point","coordinates":[-2.84935,53.34151]},"properties":{"name":"Power infrastructure","category":"generator","osm_type":"node","osm_id":"6602242250"}},{"type":"Feature","geometry":{"type":"Point","coordinates":[-2.84926,53.3415]},"properties":{"name":"Power infrastructure","category":"generator","osm_type":"node","osm_id":"6602242251"}},{"type":"Feature","geometry":{"type":"Point","coordinates":[-2.84916,53.34149]},"properties":{"name":"Power infrastructure","category":"generator","osm_type":"node","osm_id":"6602242252"}},{"type":"Feature","geometry":{"type":"Point","coordinates":[-2.84899,53.34147]},"properties":{"name":"Power infrastructure","category":"generator","osm_type":"node","osm_id":"6602242253"}},{"type":"Feature","geometry":{"type":"Point","coordinates":[-2.84938,53.34068]},"properties":{"name":"Power infrastructure","category":"generator","osm_type":"node","osm_id":"6602242254"}},{"type":"Feature","geometry":{"type":"Point","coordinates":[-2.8496,53.34019]},"properties":{"name":"Power infrastructure","category":"generator","osm_type":"node","osm_id":"6602242255"}},{"type":"Feature","geometry":{"type":"Point","coordinates":[-2.84951,53.34018]},"properties":{"name":"Power infrastructure","category":"generator","osm_type":"node","osm_id":"6602242256"}},{"type":"Feature","geometry":{"type":"Point","coordinates":[-2.84924,53.34015]},"properties":{"name":"Power infrastructure","category":"generator","osm_type":"node","osm_id":"6602242257"}},{"type":"Feature","geometry":{"type":"Point","coordinates":[-2.84904,53.3398]},"properties":{"name":"Power infrastructure","category":"generator","osm_type":"node","osm_id":"6602242258"}},{"type":"Feature","geometry":{"type":"Point","coordinates":[-2.84912,53.33981]},"properties":{"name":"Power infrastructure","category":"generator","osm_type":"node","osm_id":"6602242259"}},{"type":"Feature","geometry":{"type":"Point","coordinates":[-2.8493,53.33983]},"properties":{"name":"Power infrastructure","category":"generator","osm_type":"node","osm_id":"6602242260"}},{"type":"Feature","geometry":{"type":"Point","coordinates":[-2.84955,53.3395]},"properties":{"name":"Power infrastructure","category":"generator","osm_type":"node","osm_id":"6602242261"}},{"type":"Feature","geometry":{"type":"Point","coordinates":[-2.85002,53.33953]},"properties":{"name":"Power infrastructure","category":"generator","osm_type":"node","osm_id":"6602242262"}},{"type":"Feature","geometry":{"type":"Point","coordinates":[-2.85012,53.33924]},"properties":{"name":"Power infrastructure","category":"generator","osm_type":"node","osm_id":"6602242263"}},{"type":"Feature","geometry":{"type":"Point","coordinates":[-2.84977,53.33917]},"properties":{"name":"Power infrastructure","category":"generator","osm_type":"node","osm_id":"6602242264"}},{"type":"Feature","geometry":{"type":"Point","coordinates":[-2.85159,53.33938]},"properties":{"name":"Power infrastructure","category":"generator","osm_type":"node","osm_id":"6602242265"}},{"type":"Feature","geometry":{"type":"Point","coordinates":[-2.85102,53.33968]},"properties":{"name":"Power infrastructure","category":"generator","osm_type":"node","osm_id":"6602242266"}},{"type":"Feature","geometry":{"type":"Point","coordinates":[-2.85047,53.33959]},"properties":{"name":"Power infrastructure","category":"generator","osm_type":"node","osm_id":"6602242267"}},{"type":"Feature","geometry":{"type":"Point","coordinates":[-2.85112,53.34005]},"properties":{"name":"Power infrastructure","category":"generator","osm_type":"node","osm_id":"6602242269"}},{"type":"Feature","geometry":{"type":"Point","coordinates":[-2.85129,53.34007]},"properties":{"name":"Power infrastructure","category":"generator","osm_type":"node","osm_id":"6602242270"}},{"type":"Feature","geometry":{"type":"Point","coordinates":[-2.85068,53.34195]},"properties":{"name":"Power infrastructure","category":"generator","osm_type":"node","osm_id":"6602242271"}},{"type":"Feature","geometry":{"type":"Point","coordinates":[-2.84984,53.34441]},"properties":{"name":"Power infrastructure","category":"generator","osm_type":"node","osm_id":"6602242272"}},{"type":"Feature","geometry":{"type":"Point","coordinates":[-2.84996,53.34441]},"properties":{"name":"Power infrastructure","category":"generator","osm_type":"node","osm_id":"6602242273"}},{"type":"Feature","geometry":{"type":"Point","coordinates":[-2.85005,53.34442]},"properties":{"name":"Power infrastructure","category":"generator","osm_type":"node","osm_id":"6602242274"}},{"type":"Feature","geometry":{"type":"Point","coordinates":[-2.84984,53.3448]},"properties":{"name":"Power infrastructure","category":"generator","osm_type":"node","osm_id":"6602242275"}},{"type":"Feature","geometry":{"type":"Point","coordinates":[-2.84893,53.34759]},"properties":{"name":"Power infrastructure","category":"generator","osm_type":"node","osm_id":"6602328843"}},{"type":"Feature","geometry":{"type":"Point","coordinates":[-2.84917,53.34763]},"properties":{"name":"Power infrastructure","category":"generator","osm_type":"node","osm_id":"6602328844"}},{"type":"Feature","geometry":{"type":"Point","coordinates":[-2.85106,53.34779]},"properties":{"name":"Power infrastructure","category":"generator","osm_type":"node","osm_id":"6602328845"}},{"type":"Feature","geometry":{"type":"Point","coordinates":[-2.85166,53.34751]},"properties":{"name":"Power infrastructure","category":"generator","osm_type":"node","osm_id":"6602328846"}},{"type":"Feature","geometry":{"type":"Point","coordinates":[-2.85176,53.34752]},"properties":{"name":"Power infrastructure","category":"generator","osm_type":"node","osm_id":"6602328847"}},{"type":"Feature","geometry":{"type":"Point","coordinates":[-2.85199,53.34754]},"properties":{"name":"Power infrastructure","category":"generator","osm_type":"node","osm_id":"6602328848"}},{"type":"Feature","geometry":{"type":"Point","coordinates":[-2.85236,53.34789]},"properties":{"name":"Power infrastructure","category":"generator","osm_type":"node","osm_id":"6602328849"}},{"type":"Feature","geometry":{"type":"Point","coordinates":[-2.85287,53.34795]},"properties":{"name":"Power infrastructure","category":"generator","osm_type":"node","osm_id":"6602328850"}},{"type":"Feature","geometry":{"type":"Point","coordinates":[-2.85317,53.34797]},"properties":{"name":"Power infrastructure","category":"generator","osm_type":"node","osm_id":"6602328851"}},{"type":"Feature","geometry":{"type":"Point","coordinates":[-2.85295,53.3476]},"properties":{"name":"Power infrastructure","category":"generator","osm_type":"node","osm_id":"6602328852"}},{"type":"Feature","geometry":{"type":"Point","coordinates":[-2.85345,53.34767]},"properties":{"name":"Power infrastructure","category":"generator","osm_type":"node","osm_id":"6602328853"}},{"type":"Feature","geometry":{"type":"Point","coordinates":[-2.85354,53.348]},"properties":{"name":"Power infrastructure","category":"generator","osm_type":"node","osm_id":"6602328854"}},{"type":"Feature","geometry":{"type":"Point","coordinates":[-2.85382,53.34804]},"properties":{"name":"Power infrastructure","category":"generator","osm_type":"node","osm_id":"6602328855"}},{"type":"Feature","geometry":{"type":"Point","coordinates":[-2.85379,53.34732]},"properties":{"name":"Power infrastructure","category":"generator","osm_type":"node","osm_id":"6602328856"}},{"type":"Feature","geometry":{"type":"Point","coordinates":[-2.8535,53.3473]},"properties":{"name":"Power infrastructure","category":"generator","osm_type":"node","osm_id":"6602328857"}},{"type":"Feature","geometry":{"type":"Point","coordinates":[-2.85248,53.3472]},"properties":{"name":"Power infrastructure","category":"generator","osm_type":"node","osm_id":"6602328858"}},{"type":"Feature","geometry":{"type":"Point","coordinates":[-2.85239,53.34719]},"properties":{"name":"Power infrastructure","category":"generator","osm_type":"node","osm_id":"6602328859"}},{"type":"Feature","geometry":{"type":"Point","coordinates":[-2.85201,53.34716]},"properties":{"name":"Power infrastructure","category":"generator","osm_type":"node","osm_id":"6602328860"}},{"type":"Feature","geometry":{"type":"Point","coordinates":[-2.85191,53.34715]},"properties":{"name":"Power infrastructure","category":"generator","osm_type":"node","osm_id":"6602328861"}},{"type":"Feature","geometry":{"type":"Point","coordinates":[-2.85182,53.34714]},"properties":{"name":"Power infrastructure","category":"generator","osm_type":"node","osm_id":"6602328862"}},{"type":"Feature","geometry":{"type":"Point","coordinates":[-2.8515,53.34712]},"properties":{"name":"Power infrastructure","category":"generator","osm_type":"node","osm_id":"6602328863"}},{"type":"Feature","geometry":{"type":"Point","coordinates":[-2.8514,53.34711]},"properties":{"name":"Power infrastructure","category":"generator","osm_type":"node","osm_id":"6602328864"}},{"type":"Feature","geometry":{"type":"Point","coordinates":[-2.85195,53.34686]},"properties":{"name":"Power infrastructure","category":"generator","osm_type":"node","osm_id":"6602328865"}},{"type":"Feature","geometry":{"type":"Point","coordinates":[-2.85214,53.34688]},"properties":{"name":"Power infrastructure","category":"generator","osm_type":"node","osm_id":"6602328866"}},{"type":"Feature","geometry":{"type":"Point","coordinates":[-2.85244,53.34693]},"properties":{"name":"Power infrastructure","category":"generator","osm_type":"node","osm_id":"6602328867"}},{"type":"Feature","geometry":{"type":"Point","coordinates":[-2.85194,53.34565]},"properties":{"name":"Power infrastructure","category":"generator","osm_type":"node","osm_id":"6602328868"}},{"type":"Feature","geometry":{"type":"Point","coordinates":[-2.85186,53.34563]},"properties":{"name":"Power infrastructure","category":"generator","osm_type":"node","osm_id":"6602328869"}},{"type":"Feature","geometry":{"type":"Point","coordinates":[-2.85446,53.34508]},"properties":{"name":"Power infrastructure","category":"generator","osm_type":"node","osm_id":"6602328870"}},{"type":"Feature","geometry":{"type":"Point","coordinates":[-2.85417,53.34513]},"properties":{"name":"Power infrastructure","category":"generator","osm_type":"node","osm_id":"6602328871"}},{"type":"Feature","geometry":{"type":"Point","coordinates":[-2.85384,53.34503]},"properties":{"name":"Power infrastructure","category":"generator","osm_type":"node","osm_id":"6602328872"}},{"type":"Feature","geometry":{"type":"Point","coordinates":[-2.85376,53.345]},"properties":{"name":"Power infrastructure","category":"generator","osm_type":"node","osm_id":"6602328873"}},{"type":"Feature","geometry":{"type":"Point","coordinates":[-2.85329,53.34484]},"properties":{"name":"Power infrastructure","category":"generator","osm_type":"node","osm_id":"6602328874"}},{"type":"Feature","geometry":{"type":"Point","coordinates":[-2.85373,53.34462]},"properties":{"name":"Power infrastructure","category":"generator","osm_type":"node","osm_id":"6602328875"}},{"type":"Feature","geometry":{"type":"Point","coordinates":[-2.85441,53.34482]},"properties":{"name":"Power infrastructure","category":"generator","osm_type":"node","osm_id":"6602328876"}},{"type":"Feature","geometry":{"type":"Point","coordinates":[-2.85321,53.34449]},"properties":{"name":"Power infrastructure","category":"generator","osm_type":"node","osm_id":"6602328877"}},{"type":"Feature","geometry":{"type":"Point","coordinates":[-2.85284,53.34441]},"properties":{"name":"Power infrastructure","category":"generator","osm_type":"node","osm_id":"6602328878"}},{"type":"Feature","geometry":{"type":"Point","coordinates":[-2.85275,53.34439]},"properties":{"name":"Power infrastructure","category":"generator","osm_type":"node","osm_id":"6602328879"}},{"type":"Feature","geometry":{"type":"Point","coordinates":[-2.85251,53.34471]},"properties":{"name":"Power infrastructure","category":"generator","osm_type":"node","osm_id":"6602328880"}},{"type":"Feature","geometry":{"type":"Point","coordinates":[-2.85233,53.34468]},"properties":{"name":"Power infrastructure","category":"generator","osm_type":"node","osm_id":"6602328881"}},{"type":"Feature","geometry":{"type":"Point","coordinates":[-2.85224,53.34467]},"properties":{"name":"Power infrastructure","category":"generator","osm_type":"node","osm_id":"6602328882"}},{"type":"Feature","geometry":{"type":"Point","coordinates":[-2.85321,53.34282]},"properties":{"name":"Power infrastructure","category":"generator","osm_type":"node","osm_id":"6602328883"}},{"type":"Feature","geometry":{"type":"Point","coordinates":[-2.85349,53.34247]},"properties":{"name":"Power infrastructure","category":"generator","osm_type":"node","osm_id":"6602328884"}},{"type":"Feature","geometry":{"type":"Point","coordinates":[-2.86262,53.3964]},"properties":{"name":"Power infrastructure","category":"generator","osm_type":"node","osm_id":"6602332632"}},{"type":"Feature","geometry":{"type":"Point","coordinates":[-2.8627,53.39644]},"properties":{"name":"Power infrastructure","category":"generator","osm_type":"node","osm_id":"6602332633"}},{"type":"Feature","geometry":{"type":"Point","coordinates":[-2.86277,53.39648]},"properties":{"name":"Power infrastructure","category":"generator","osm_type":"node","osm_id":"6602332634"}},{"type":"Feature","geometry":{"type":"Point","coordinates":[-2.86283,53.39651]},"properties":{"name":"Power infrastructure","category":"generator","osm_type":"node","osm_id":"6602332635"}},{"type":"Feature","geometry":{"type":"Point","coordinates":[-2.86293,53.39657]},"properties":{"name":"Power infrastructure","category":"generator","osm_type":"node","osm_id":"6602332636"}},{"type":"Feature","geometry":{"type":"Point","coordinates":[-2.86301,53.39661]},"properties":{"name":"Power infrastructure","category":"generator","osm_type":"node","osm_id":"6602332637"}},{"type":"Feature","geometry":{"type":"Point","coordinates":[-2.86308,53.39665]},"properties":{"name":"Power infrastructure","category":"generator","osm_type":"node","osm_id":"6602332638"}},{"type":"Feature","geometry":{"type":"Point","coordinates":[-2.86315,53.39668]},"properties":{"name":"Power infrastructure","category":"generator","osm_type":"node","osm_id":"6602332639"}},{"type":"Feature","geometry":{"type":"Point","coordinates":[-2.86324,53.39674]},"properties":{"name":"Power infrastructure","category":"generator","osm_type":"node","osm_id":"6602332640"}},{"type":"Feature","geometry":{"type":"Point","coordinates":[-2.86332,53.39677]},"properties":{"name":"Power infrastructure","category":"generator","osm_type":"node","osm_id":"6602332641"}},{"type":"Feature","geometry":{"type":"Point","coordinates":[-2.86358,53.3969]},"properties":{"name":"Power infrastructure","category":"generator","osm_type":"node","osm_id":"6602332642"}},{"type":"Feature","geometry":{"type":"Point","coordinates":[-2.86414,53.39717]},"properties":{"name":"Power infrastructure","category":"generator","osm_type":"node","osm_id":"6602332643"}},{"type":"Feature","geometry":{"type":"Point","coordinates":[-2.86426,53.3971]},"properties":{"name":"Power infrastructure","category":"generator","osm_type":"node","osm_id":"6602332644"}},{"type":"Feature","geometry":{"type":"Point","coordinates":[-2.86482,53.39757]},"properties":{"name":"Power infrastructure","category":"generator","osm_type":"node","osm_id":"6602332645"}},{"type":"Feature","geometry":{"type":"Point","coordinates":[-2.86489,53.39761]},"properties":{"name":"Power infrastructure","category":"generator","osm_type":"node","osm_id":"6602332646"}},{"type":"Feature","geometry":{"type":"Point","coordinates":[-2.86841,53.39762]},"properties":{"name":"Power infrastructure","category":"generator","osm_type":"node","osm_id":"6602332647"}},{"type":"Feature","geometry":{"type":"Point","coordinates":[-2.86819,53.39753]},"properties":{"name":"Power infrastructure","category":"generator","osm_type":"node","osm_id":"6602332648"}},{"type":"Feature","geometry":{"type":"Point","coordinates":[-2.86735,53.39734]},"properties":{"name":"Power infrastructure","category":"generator","osm_type":"node","osm_id":"6602332649"}},{"type":"Feature","geometry":{"type":"Point","coordinates":[-2.86672,53.39673]},"properties":{"name":"Power infrastructure","category":"generator","osm_type":"node","osm_id":"6602332650"}},{"type":"Feature","geometry":{"type":"Point","coordinates":[-2.86662,53.39668]},"properties":{"name":"Power infrastructure","category":"generator","osm_type":"node","osm_id":"6602332651"}},{"type":"Feature","geometry":{"type":"Point","coordinates":[-2.86561,53.39613]},"properties":{"name":"Power infrastructure","category":"generator","osm_type":"node","osm_id":"6602332652"}},{"type":"Feature","geometry":{"type":"Point","coordinates":[-2.86552,53.39608]},"properties":{"name":"Power infrastructure","category":"generator","osm_type":"node","osm_id":"6602332653"}},{"type":"Feature","geometry":{"type":"Point","coordinates":[-2.86528,53.39596]},"properties":{"name":"Power infrastructure","category":"generator","osm_type":"node","osm_id":"6602332654"}},{"type":"Feature","geometry":{"type":"Point","coordinates":[-2.86465,53.39563]},"properties":{"name":"Power infrastructure","category":"generator","osm_type":"node","osm_id":"6602332655"}},{"type":"Feature","geometry":{"type":"Point","coordinates":[-2.86393,53.39526]},"properties":{"name":"Power infrastructure","category":"generator","osm_type":"node","osm_id":"6602332656"}},{"type":"Feature","geometry":{"type":"Point","coordinates":[-2.86384,53.39521]},"properties":{"name":"Power infrastructure","category":"generator","osm_type":"node","osm_id":"6602332657"}},{"type":"Feature","geometry":{"type":"Point","coordinates":[-2.86312,53.39525]},"properties":{"name":"Power infrastructure","category":"generator","osm_type":"node","osm_id":"6602332658"}},{"type":"Feature","geometry":{"type":"Point","coordinates":[-2.8613,53.39572]},"properties":{"name":"Power infrastructure","category":"generator","osm_type":"node","osm_id":"6602332659"}},{"type":"Feature","geometry":{"type":"Point","coordinates":[-2.86116,53.39564]},"properties":{"name":"Power infrastructure","category":"generator","osm_type":"node","osm_id":"6602332660"}},{"type":"Feature","geometry":{"type":"Point","coordinates":[-2.86094,53.39567]},"properties":{"name":"Power infrastructure","category":"generator","osm_type":"node","osm_id":"6602332661"}},{"type":"Feature","geometry":{"type":"Point","coordinates":[-2.86072,53.39556]},"properties":{"name":"Power infrastructure","category":"generator","osm_type":"node","osm_id":"6602332662"}},{"type":"Feature","geometry":{"type":"Point","coordinates":[-2.86043,53.39575]},"properties":{"name":"Power infrastructure","category":"generator","osm_type":"node","osm_id":"6602332663"}},{"type":"Feature","geometry":{"type":"Point","coordinates":[-2.86052,53.3958]},"properties":{"name":"Power infrastructure","category":"generator","osm_type":"node","osm_id":"6602332664"}},{"type":"Feature","geometry":{"type":"Point","coordinates":[-2.86058,53.39583]},"properties":{"name":"Power infrastructure","category":"generator","osm_type":"node","osm_id":"6602332665"}},{"type":"Feature","geometry":{"type":"Point","coordinates":[-2.86037,53.39604]},"properties":{"name":"Power infrastructure","category":"generator","osm_type":"node","osm_id":"6602332666"}},{"type":"Feature","geometry":{"type":"Point","coordinates":[-2.86107,53.39628]},"properties":{"name":"Power infrastructure","category":"generator","osm_type":"node","osm_id":"6602332667"}},{"type":"Feature","geometry":{"type":"Point","coordinates":[-2.86128,53.3964]},"properties":{"name":"Power infrastructure","category":"generator","osm_type":"node","osm_id":"6602332668"}},{"type":"Feature","geometry":{"type":"Point","coordinates":[-2.86147,53.3965]},"properties":{"name":"Power infrastructure","category":"generator","osm_type":"node","osm_id":"6602332669"}},{"type":"Feature","geometry":{"type":"Point","coordinates":[-2.86135,53.39658]},"properties":{"name":"Power infrastructure","category":"generator","osm_type":"node","osm_id":"6602332670"}},{"type":"Feature","geometry":{"type":"Point","coordinates":[-2.86253,53.39453]},"properties":{"name":"Power infrastructure","category":"generator","osm_type":"node","osm_id":"6602332671"}},{"type":"Feature","geometry":{"type":"Point","coordinates":[-2.86234,53.39442]},"properties":{"name":"Power infrastructure","category":"generator","osm_type":"node","osm_id":"6602332672"}},{"type":"Feature","geometry":{"type":"Point","coordinates":[-2.86105,53.39374]},"properties":{"name":"Power infrastructure","category":"generator","osm_type":"node","osm_id":"6602332673"}},{"type":"Feature","geometry":{"type":"Point","coordinates":[-2.86012,53.39431]},"properties":{"name":"Power infrastructure","category":"generator","osm_type":"node","osm_id":"6602332674"}},{"type":"Feature","geometry":{"type":"Point","coordinates":[-2.86003,53.39426]},"properties":{"name":"Power infrastructure","category":"generator","osm_type":"node","osm_id":"6602332675"}},{"type":"Feature","geometry":{"type":"Point","coordinates":[-2.85993,53.39422]},"properties":{"name":"Power infrastructure","category":"generator","osm_type":"node","osm_id":"6602332676"}},{"type":"Feature","geometry":{"type":"Point","coordinates":[-2.85972,53.39411]},"properties":{"name":"Power infrastructure","category":"generator","osm_type":"node","osm_id":"6602332677"}},{"type":"Feature","geometry":{"type":"Point","coordinates":[-2.85816,53.39546]},"properties":{"name":"Power infrastructure","category":"generator","osm_type":"node","osm_id":"6602332678"}},{"type":"Feature","geometry":{"type":"Point","coordinates":[-2.85853,53.39306]},"properties":{"name":"Power infrastructure","category":"generator","osm_type":"node","osm_id":"6602332679"}},{"type":"Feature","geometry":{"type":"Point","coordinates":[-2.85885,53.39279]},"properties":{"name":"Power infrastructure","category":"generator","osm_type":"node","osm_id":"6602332680"}},{"type":"Feature","geometry":{"type":"Point","coordinates":[-2.85911,53.39299]},"properties":{"name":"Power infrastructure","category":"generator","osm_type":"node","osm_id":"6602332681"}},{"type":"Feature","geometry":{"type":"Point","coordinates":[-2.8599,53.39314]},"properties":{"name":"Power infrastructure","category":"generator","osm_type":"node","osm_id":"6602332682"}},{"type":"Feature","geometry":{"type":"Point","coordinates":[-2.85083,53.39547]},"properties":{"name":"Power infrastructure","category":"generator","osm_type":"node","osm_id":"6602332683"}},{"type":"Feature","geometry":{"type":"Point","coordinates":[-2.85071,53.39542]},"properties":{"name":"Power infrastructure","category":"generator","osm_type":"node","osm_id":"6602332684"}},{"type":"Feature","geometry":{"type":"Point","coordinates":[-2.85449,53.34245]},"properties":{"name":"Power infrastructure","category":"generator","osm_type":"node","osm_id":"6602335985"}},{"type":"Feature","geometry":{"type":"Point","coordinates":[-2.85452,53.3425]},"properties":{"name":"Power infrastructure","category":"generator","osm_type":"node","osm_id":"6602335986"}},{"type":"Feature","geometry":{"type":"Point","coordinates":[-2.85377,53.34204]},"properties":{"name":"Power infrastructure","category":"generator","osm_type":"node","osm_id":"6602335987"}},{"type":"Feature","geometry":{"type":"Point","coordinates":[-2.8519,53.34248]},"properties":{"name":"Power infrastructure","category":"generator","osm_type":"node","osm_id":"6602335988"}},{"type":"Feature","geometry":{"type":"Point","coordinates":[-2.85256,53.3411]},"properties":{"name":"Power infrastructure","category":"generator","osm_type":"node","osm_id":"6602335989"}},{"type":"Feature","geometry":{"type":"Point","coordinates":[-2.85264,53.34106]},"properties":{"name":"Power infrastructure","category":"generator","osm_type":"node","osm_id":"6602335990"}},{"type":"Feature","geometry":{"type":"Point","coordinates":[-2.85273,53.34103]},"properties":{"name":"Power infrastructure","category":"generator","osm_type":"node","osm_id":"6602335991"}},{"type":"Feature","geometry":{"type":"Point","coordinates":[-2.85285,53.34104]},"properties":{"name":"Power infrastructure","category":"generator","osm_type":"node","osm_id":"6602335992"}},{"type":"Feature","geometry":{"type":"Point","coordinates":[-2.85259,53.34024]},"properties":{"name":"Power infrastructure","category":"generator","osm_type":"node","osm_id":"6602335993"}},{"type":"Feature","geometry":{"type":"Point","coordinates":[-2.85268,53.34025]},"properties":{"name":"Power infrastructure","category":"generator","osm_type":"node","osm_id":"6602335994"}},{"type":"Feature","geometry":{"type":"Point","coordinates":[-2.85252,53.34023]},"properties":{"name":"Power infrastructure","category":"generator","osm_type":"node","osm_id":"6602335995"}},{"type":"Feature","geometry":{"type":"Point","coordinates":[-2.85356,53.33974]},"properties":{"name":"Power infrastructure","category":"generator","osm_type":"node","osm_id":"6602335996"}},{"type":"Feature","geometry":{"type":"Point","coordinates":[-2.85388,53.33996]},"properties":{"name":"Power infrastructure","category":"generator","osm_type":"node","osm_id":"6602335997"}},{"type":"Feature","geometry":{"type":"Point","coordinates":[-2.85416,53.34026]},"properties":{"name":"Power infrastructure","category":"generator","osm_type":"node","osm_id":"6602335998"}},{"type":"Feature","geometry":{"type":"Point","coordinates":[-2.85411,53.34021]},"properties":{"name":"Power infrastructure","category":"generator","osm_type":"node","osm_id":"6602335999"}},{"type":"Feature","geometry":{"type":"Point","coordinates":[-2.85355,53.34027]},"properties":{"name":"Power infrastructure","category":"generator","osm_type":"node","osm_id":"6602336000"}},{"type":"Feature","geometry":{"type":"Point","coordinates":[-2.85375,53.34144]},"properties":{"name":"Power infrastructure","category":"generator","osm_type":"node","osm_id":"6602336001"}},{"type":"Feature","geometry":{"type":"Point","coordinates":[-2.8546,53.34168]},"properties":{"name":"Power infrastructure","category":"generator","osm_type":"node","osm_id":"6602336002"}},{"type":"Feature","geometry":{"type":"Point","coordinates":[-2.85456,53.34163]},"properties":{"name":"Power infrastructure","category":"generator","osm_type":"node","osm_id":"6602336003"}},{"type":"Feature","geometry":{"type":"Point","coordinates":[-2.85507,53.3418]},"properties":{"name":"Power infrastructure","category":"generator","osm_type":"node","osm_id":"6602336004"}},{"type":"Feature","geometry":{"type":"Point","coordinates":[-2.85512,53.34222]},"properties":{"name":"Power infrastructure","category":"generator","osm_type":"node","osm_id":"6602336005"}},{"type":"Feature","geometry":{"type":"Point","coordinates":[-2.85573,53.34235]},"properties":{"name":"Power infrastructure","category":"generator","osm_type":"node","osm_id":"6602336006"}},{"type":"Feature","geometry":{"type":"Point","coordinates":[-2.85532,53.34264]},"properties":{"name":"Power infrastructure","category":"generator","osm_type":"node","osm_id":"6602336007"}},{"type":"Feature","geometry":{"type":"Point","coordinates":[-2.85557,53.34292]},"properties":{"name":"Power infrastructure","category":"generator","osm_type":"node","osm_id":"6602336008"}},{"type":"Feature","geometry":{"type":"Point","coordinates":[-2.85632,53.34289]},"properties":{"name":"Power infrastructure","category":"generator","osm_type":"node","osm_id":"6602336009"}},{"type":"Feature","geometry":{"type":"Point","coordinates":[-2.85687,53.34468]},"properties":{"name":"Power infrastructure","category":"generator","osm_type":"node","osm_id":"6602336010"}},{"type":"Feature","geometry":{"type":"Point","coordinates":[-2.8568,53.34472]},"properties":{"name":"Power infrastructure","category":"generator","osm_type":"node","osm_id":"6602336011"}},{"type":"Feature","geometry":{"type":"Point","coordinates":[-2.8562,53.34474]},"properties":{"name":"Power infrastructure","category":"generator","osm_type":"node","osm_id":"6602336012"}},{"type":"Feature","geometry":{"type":"Point","coordinates":[-2.85626,53.3447]},"properties":{"name":"Power infrastructure","category":"generator","osm_type":"node","osm_id":"6602336013"}},{"type":"Feature","geometry":{"type":"Point","coordinates":[-2.85615,53.34478]},"properties":{"name":"Power infrastructure","category":"generator","osm_type":"node","osm_id":"6602336014"}},{"type":"Feature","geometry":{"type":"Point","coordinates":[-2.85609,53.34483]},"properties":{"name":"Power infrastructure","category":"generator","osm_type":"node","osm_id":"6602336015"}},{"type":"Feature","geometry":{"type":"Point","coordinates":[-2.85546,53.34475]},"properties":{"name":"Power infrastructure","category":"generator","osm_type":"node","osm_id":"6602336016"}},{"type":"Feature","geometry":{"type":"Point","coordinates":[-2.85552,53.34471]},"properties":{"name":"Power infrastructure","category":"generator","osm_type":"node","osm_id":"6602336017"}},{"type":"Feature","geometry":{"type":"Point","coordinates":[-2.85513,53.345]},"properties":{"name":"Power infrastructure","category":"generator","osm_type":"node","osm_id":"6602336018"}},{"type":"Feature","geometry":{"type":"Point","coordinates":[-2.85585,53.34499]},"properties":{"name":"Power infrastructure","category":"generator","osm_type":"node","osm_id":"6602336019"}},{"type":"Feature","geometry":{"type":"Point","coordinates":[-2.85579,53.34504]},"properties":{"name":"Power infrastructure","category":"generator","osm_type":"node","osm_id":"6602336020"}},{"type":"Feature","geometry":{"type":"Point","coordinates":[-2.85573,53.34508]},"properties":{"name":"Power infrastructure","category":"generator","osm_type":"node","osm_id":"6602336021"}},{"type":"Feature","geometry":{"type":"Point","coordinates":[-2.85597,53.34491]},"properties":{"name":"Power infrastructure","category":"generator","osm_type":"node","osm_id":"6602336022"}},{"type":"Feature","geometry":{"type":"Point","coordinates":[-2.85554,53.34525]},"properties":{"name":"Power infrastructure","category":"generator","osm_type":"node","osm_id":"6602336023"}},{"type":"Feature","geometry":{"type":"Point","coordinates":[-2.85588,53.34541]},"properties":{"name":"Power infrastructure","category":"generator","osm_type":"node","osm_id":"6602336024"}},{"type":"Feature","geometry":{"type":"Point","coordinates":[-2.85572,53.34555]},"properties":{"name":"Power infrastructure","category":"generator","osm_type":"node","osm_id":"6602336025"}},{"type":"Feature","geometry":{"type":"Point","coordinates":[-2.85561,53.34564]},"properties":{"name":"Power infrastructure","category":"generator","osm_type":"node","osm_id":"6602336026"}},{"type":"Feature","geometry":{"type":"Point","coordinates":[-2.85624,53.34565]},"properties":{"name":"Power infrastructure","category":"generator","osm_type":"node","osm_id":"6602336027"}},{"type":"Feature","geometry":{"type":"Point","coordinates":[-2.85617,53.3457]},"properties":{"name":"Power infrastructure","category":"generator","osm_type":"node","osm_id":"6602336028"}},{"type":"Feature","geometry":{"type":"Point","coordinates":[-2.85611,53.34575]},"properties":{"name":"Power infrastructure","category":"generator","osm_type":"node","osm_id":"6602336029"}},{"type":"Feature","geometry":{"type":"Point","coordinates":[-2.85598,53.34585]},"properties":{"name":"Power infrastructure","category":"generator","osm_type":"node","osm_id":"6602336030"}},{"type":"Feature","geometry":{"type":"Point","coordinates":[-2.85658,53.34546]},"properties":{"name":"Power infrastructure","category":"generator","osm_type":"node","osm_id":"6602336031"}},{"type":"Feature","geometry":{"type":"Point","coordinates":[-2.8568,53.34528]},"properties":{"name":"Power infrastructure","category":"generator","osm_type":"node","osm_id":"6602336032"}},{"type":"Feature","geometry":{"type":"Point","coordinates":[-2.85646,53.34499]},"properties":{"name":"Power infrastructure","category":"generator","osm_type":"node","osm_id":"6602336033"}},{"type":"Feature","geometry":{"type":"Point","coordinates":[-2.8564,53.34504]},"properties":{"name":"Power infrastructure","category":"generator","osm_type":"node","osm_id":"6602336034"}},{"type":"Feature","geometry":{"type":"Point","coordinates":[-2.85737,53.34533]},"properties":{"name":"Power infrastructure","category":"generator","osm_type":"node","osm_id":"6602336035"}},{"type":"Feature","geometry":{"type":"Point","coordinates":[-2.85725,53.34541]},"properties":{"name":"Power infrastructure","category":"generator","osm_type":"node","osm_id":"6602336036"}},{"type":"Feature","geometry":{"type":"Point","coordinates":[-2.85789,53.34492]},"properties":{"name":"Power infrastructure","category":"generator","osm_type":"node","osm_id":"6602336037"}},{"type":"Feature","geometry":{"type":"Point","coordinates":[-2.85863,53.34473]},"properties":{"name":"Power infrastructure","category":"generator","osm_type":"node","osm_id":"6602336038"}},{"type":"Feature","geometry":{"type":"Point","coordinates":[-2.85879,53.34482]},"properties":{"name":"Power infrastructure","category":"generator","osm_type":"node","osm_id":"6602336039"}},{"type":"Feature","geometry":{"type":"Point","coordinates":[-2.85763,53.34633]},"properties":{"name":"Power infrastructure","category":"generator","osm_type":"node","osm_id":"6602336040"}},{"type":"Feature","geometry":{"type":"Point","coordinates":[-2.85739,53.3466]},"properties":{"name":"Power infrastructure","category":"generator","osm_type":"node","osm_id":"6602336041"}},{"type":"Feature","geometry":{"type":"Point","coordinates":[-2.85692,53.3466]},"properties":{"name":"Power infrastructure","category":"generator","osm_type":"node","osm_id":"6602336042"}},{"type":"Feature","geometry":{"type":"Point","coordinates":[-2.85633,53.34656]},"properties":{"name":"Power infrastructure","category":"generator","osm_type":"node","osm_id":"6602336043"}},{"type":"Feature","geometry":{"type":"Point","coordinates":[-2.85522,53.34602]},"properties":{"name":"Power infrastructure","category":"generator","osm_type":"node","osm_id":"6602336044"}},{"type":"Feature","geometry":{"type":"Point","coordinates":[-2.85504,53.34621]},"properties":{"name":"Power infrastructure","category":"generator","osm_type":"node","osm_id":"6602336045"}},{"type":"Feature","geometry":{"type":"Point","coordinates":[-2.85449,53.34632]},"properties":{"name":"Power infrastructure","category":"generator","osm_type":"node","osm_id":"6602336046"}},{"type":"Feature","geometry":{"type":"Point","coordinates":[-2.85446,53.34636]},"properties":{"name":"Power infrastructure","category":"generator","osm_type":"node","osm_id":"6602336047"}},{"type":"Feature","geometry":{"type":"Point","coordinates":[-2.85397,53.34619]},"properties":{"name":"Power infrastructure","category":"generator","osm_type":"node","osm_id":"6602336048"}},{"type":"Feature","geometry":{"type":"Point","coordinates":[-2.8556,53.34727]},"properties":{"name":"Power infrastructure","category":"generator","osm_type":"node","osm_id":"6602336049"}},{"type":"Feature","geometry":{"type":"Point","coordinates":[-2.85528,53.34701]},"properties":{"name":"Power infrastructure","category":"generator","osm_type":"node","osm_id":"6602336050"}},{"type":"Feature","geometry":{"type":"Point","coordinates":[-2.85532,53.34697]},"properties":{"name":"Power infrastructure","category":"generator","osm_type":"node","osm_id":"6602336051"}},{"type":"Feature","geometry":{"type":"Point","coordinates":[-2.85537,53.34691]},"properties":{"name":"Power infrastructure","category":"generator","osm_type":"node","osm_id":"6602336052"}},{"type":"Feature","geometry":{"type":"Point","coordinates":[-2.85612,53.34749]},"properties":{"name":"Power infrastructure","category":"generator","osm_type":"node","osm_id":"6602336053"}},{"type":"Feature","geometry":{"type":"Point","coordinates":[-2.85622,53.3475]},"properties":{"name":"Power infrastructure","category":"generator","osm_type":"node","osm_id":"6602336054"}},{"type":"Feature","geometry":{"type":"Point","coordinates":[-2.85633,53.34751]},"properties":{"name":"Power infrastructure","category":"generator","osm_type":"node","osm_id":"6602336055"}},{"type":"Feature","geometry":{"type":"Point","coordinates":[-2.85661,53.34754]},"properties":{"name":"Power infrastructure","category":"generator","osm_type":"node","osm_id":"6602336056"}},{"type":"Feature","geometry":{"type":"Point","coordinates":[-2.85687,53.34725]},"properties":{"name":"Power infrastructure","category":"generator","osm_type":"node","osm_id":"6602336057"}},{"type":"Feature","geometry":{"type":"Point","coordinates":[-2.85678,53.34724]},"properties":{"name":"Power infrastructure","category":"generator","osm_type":"node","osm_id":"6602336058"}},{"type":"Feature","geometry":{"type":"Point","coordinates":[-2.85872,53.34665]},"properties":{"name":"Power infrastructure","category":"generator","osm_type":"node","osm_id":"6602336059"}},{"type":"Feature","geometry":{"type":"Point","coordinates":[-2.85851,53.34664]},"properties":{"name":"Power infrastructure","category":"generator","osm_type":"node","osm_id":"6602336060"}},{"type":"Feature","geometry":{"type":"Point","coordinates":[-2.85886,53.3469]},"properties":{"name":"Power infrastructure","category":"generator","osm_type":"node","osm_id":"6602336061"}},{"type":"Feature","geometry":{"type":"Point","coordinates":[-2.85861,53.34637]},"properties":{"name":"Power infrastructure","category":"generator","osm_type":"node","osm_id":"6602336062"}},{"type":"Feature","geometry":{"type":"Point","coordinates":[-2.85787,53.34835]},"properties":{"name":"Power infrastructure","category":"generator","osm_type":"node","osm_id":"6602336063"}},{"type":"Feature","geometry":{"type":"Point","coordinates":[-2.85749,53.34832]},"properties":{"name":"Power infrastructure","category":"generator","osm_type":"node","osm_id":"6602336064"}},{"type":"Feature","geometry":{"type":"Point","coordinates":[-2.857,53.34828]},"properties":{"name":"Power infrastructure","category":"generator","osm_type":"node","osm_id":"6602336065"}},{"type":"Feature","geometry":{"type":"Point","coordinates":[-2.85576,53.34819]},"properties":{"name":"Power infrastructure","category":"generator","osm_type":"node","osm_id":"6602336066"}},{"type":"Feature","geometry":{"type":"Point","coordinates":[-2.85545,53.34816]},"properties":{"name":"Power infrastructure","category":"generator","osm_type":"node","osm_id":"6602336067"}},{"type":"Feature","geometry":{"type":"Point","coordinates":[-2.85613,53.34787]},"properties":{"name":"Power infrastructure","category":"generator","osm_type":"node","osm_id":"6602336068"}},{"type":"Feature","geometry":{"type":"Point","coordinates":[-2.85593,53.34786]},"properties":{"name":"Power infrastructure","category":"generator","osm_type":"node","osm_id":"6602336069"}},{"type":"Feature","geometry":{"type":"Point","coordinates":[-2.85548,53.34781]},"properties":{"name":"Power infrastructure","category":"generator","osm_type":"node","osm_id":"6602336070"}},{"type":"Feature","geometry":{"type":"Point","coordinates":[-2.85674,53.34792]},"properties":{"name":"Power infrastructure","category":"generator","osm_type":"node","osm_id":"6602336071"}},{"type":"Feature","geometry":{"type":"Point","coordinates":[-2.85715,53.34805]},"properties":{"name":"Power infrastructure","category":"generator","osm_type":"node","osm_id":"6602336072"}},{"type":"Feature","geometry":{"type":"Point","coordinates":[-2.85061,53.39538]},"properties":{"name":"Power infrastructure","category":"generator","osm_type":"node","osm_id":"6602361485"}},{"type":"Feature","geometry":{"type":"Point","coordinates":[-2.85096,53.39523]},"properties":{"name":"Power infrastructure","category":"generator","osm_type":"node","osm_id":"6602361486"}},{"type":"Feature","geometry":{"type":"Point","coordinates":[-2.85078,53.39515]},"properties":{"name":"Power infrastructure","category":"generator","osm_type":"node","osm_id":"6602361487"}},{"type":"Feature","geometry":{"type":"Point","coordinates":[-2.85116,53.39505]},"properties":{"name":"Power infrastructure","category":"generator","osm_type":"node","osm_id":"6602361488"}},{"type":"Feature","geometry":{"type":"Point","coordinates":[-2.85146,53.3949]},"properties":{"name":"Power infrastructure","category":"generator","osm_type":"node","osm_id":"6602361489"}},{"type":"Feature","geometry":{"type":"Point","coordinates":[-2.85109,53.39475]},"properties":{"name":"Power infrastructure","category":"generator","osm_type":"node","osm_id":"6602361490"}},{"type":"Feature","geometry":{"type":"Point","coordinates":[-2.85187,53.39455]},"properties":{"name":"Power infrastructure","category":"generator","osm_type":"node","osm_id":"6602361491"}},{"type":"Feature","geometry":{"type":"Point","coordinates":[-2.85163,53.39418]},"properties":{"name":"Power infrastructure","category":"generator","osm_type":"node","osm_id":"6602361492"}},{"type":"Feature","geometry":{"type":"Point","coordinates":[-2.85209,53.39437]},"properties":{"name":"Power infrastructure","category":"generator","osm_type":"node","osm_id":"6602361493"}},{"type":"Feature","geometry":{"type":"Point","coordinates":[-2.85229,53.39418]},"properties":{"name":"Power infrastructure","category":"generator","osm_type":"node","osm_id":"6602361494"}},{"type":"Feature","geometry":{"type":"Point","coordinates":[-2.8525,53.39401]},"properties":{"name":"Power infrastructure","category":"generator","osm_type":"node","osm_id":"6602361495"}},{"type":"Feature","geometry":{"type":"Point","coordinates":[-2.85261,53.39379]},"properties":{"name":"Power infrastructure","category":"generator","osm_type":"node","osm_id":"6602361496"}},{"type":"Feature","geometry":{"type":"Point","coordinates":[-2.85242,53.39371]},"properties":{"name":"Power infrastructure","category":"generator","osm_type":"node","osm_id":"6602361497"}},{"type":"Feature","geometry":{"type":"Point","coordinates":[-2.85255,53.39349]},"properties":{"name":"Power infrastructure","category":"generator","osm_type":"node","osm_id":"6602361498"}},{"type":"Feature","geometry":{"type":"Point","coordinates":[-2.8529,53.39364]},"properties":{"name":"Power infrastructure","category":"generator","osm_type":"node","osm_id":"6602361499"}},{"type":"Feature","geometry":{"type":"Point","coordinates":[-2.85322,53.39338]},"properties":{"name":"Power infrastructure","category":"generator","osm_type":"node","osm_id":"6602361500"}},{"type":"Feature","geometry":{"type":"Point","coordinates":[-2.85312,53.39334]},"properties":{"name":"Power infrastructure","category":"generator","osm_type":"node","osm_id":"6602361501"}},{"type":"Feature","geometry":{"type":"Point","coordinates":[-2.85304,53.39331]},"properties":{"name":"Power infrastructure","category":"generator","osm_type":"node","osm_id":"6602361502"}},{"type":"Feature","geometry":{"type":"Point","coordinates":[-2.85277,53.39319]},"properties":{"name":"Power infrastructure","category":"generator","osm_type":"node","osm_id":"6602361503"}},{"type":"Feature","geometry":{"type":"Point","coordinates":[-2.85269,53.39316]},"properties":{"name":"Power infrastructure","category":"generator","osm_type":"node","osm_id":"6602361504"}},{"type":"Feature","geometry":{"type":"Point","coordinates":[-2.8526,53.39313]},"properties":{"name":"Power infrastructure","category":"generator","osm_type":"node","osm_id":"6602361505"}},{"type":"Feature","geometry":{"type":"Point","coordinates":[-2.85223,53.39298]},"properties":{"name":"Power infrastructure","category":"generator","osm_type":"node","osm_id":"6602361506"}},{"type":"Feature","geometry":{"type":"Point","coordinates":[-2.85291,53.39257]},"properties":{"name":"Power infrastructure","category":"generator","osm_type":"node","osm_id":"6602361507"}},{"type":"Feature","geometry":{"type":"Point","coordinates":[-2.85189,53.39276]},"properties":{"name":"Power infrastructure","category":"generator","osm_type":"node","osm_id":"6602361508"}},{"type":"Feature","geometry":{"type":"Point","coordinates":[-2.85194,53.39272]},"properties":{"name":"Power infrastructure","category":"generator","osm_type":"node","osm_id":"6602361509"}},{"type":"Feature","geometry":{"type":"Point","coordinates":[-2.85158,53.39293]},"properties":{"name":"Power infrastructure","category":"generator","osm_type":"node","osm_id":"6602361510"}},{"type":"Feature","geometry":{"type":"Point","coordinates":[-2.85149,53.3929]},"properties":{"name":"Power infrastructure","category":"generator","osm_type":"node","osm_id":"6602361511"}},{"type":"Feature","geometry":{"type":"Point","coordinates":[-2.8514,53.39286]},"properties":{"name":"Power infrastructure","category":"generator","osm_type":"node","osm_id":"6602361512"}},{"type":"Feature","geometry":{"type":"Point","coordinates":[-2.85131,53.39282]},"properties":{"name":"Power infrastructure","category":"generator","osm_type":"node","osm_id":"6602361513"}},{"type":"Feature","geometry":{"type":"Point","coordinates":[-2.85121,53.39279]},"properties":{"name":"Power infrastructure","category":"generator","osm_type":"node","osm_id":"6602361514"}},{"type":"Feature","geometry":{"type":"Point","coordinates":[-2.85038,53.39271]},"properties":{"name":"Power infrastructure","category":"generator","osm_type":"node","osm_id":"6602361515"}},{"type":"Feature","geometry":{"type":"Point","coordinates":[-2.85017,53.39298]},"properties":{"name":"Power infrastructure","category":"generator","osm_type":"node","osm_id":"6602361516"}},{"type":"Feature","geometry":{"type":"Point","coordinates":[-2.8508,53.39323]},"properties":{"name":"Power infrastructure","category":"generator","osm_type":"node","osm_id":"6602361517"}},{"type":"Feature","geometry":{"type":"Point","coordinates":[-2.8508,53.39411]},"properties":{"name":"Power infrastructure","category":"generator","osm_type":"node","osm_id":"6602361518"}},{"type":"Feature","geometry":{"type":"Point","coordinates":[-2.85089,53.39415]},"properties":{"name":"Power infrastructure","category":"generator","osm_type":"node","osm_id":"6602361519"}},{"type":"Feature","geometry":{"type":"Point","coordinates":[-2.85128,53.3943]},"properties":{"name":"Power infrastructure","category":"generator","osm_type":"node","osm_id":"6602361520"}},{"type":"Feature","geometry":{"type":"Point","coordinates":[-2.84951,53.39447]},"properties":{"name":"Power infrastructure","category":"generator","osm_type":"node","osm_id":"6602361521"}},{"type":"Feature","geometry":{"type":"Point","coordinates":[-2.84936,53.39487]},"properties":{"name":"Power infrastructure","category":"generator","osm_type":"node","osm_id":"6602361522"}},{"type":"Feature","geometry":{"type":"Point","coordinates":[-2.84869,53.39071]},"properties":{"name":"Power infrastructure","category":"generator","osm_type":"node","osm_id":"6602361523"}},{"type":"Feature","geometry":{"type":"Point","coordinates":[-2.84878,53.39077]},"properties":{"name":"Power infrastructure","category":"generator","osm_type":"node","osm_id":"6602361524"}},{"type":"Feature","geometry":{"type":"Point","coordinates":[-2.84893,53.39087]},"properties":{"name":"Power infrastructure","category":"generator","osm_type":"node","osm_id":"6602361525"}},{"type":"Feature","geometry":{"type":"Point","coordinates":[-2.84903,53.39093]},"properties":{"name":"Power infrastructure","category":"generator","osm_type":"node","osm_id":"6602361526"}},{"type":"Feature","geometry":{"type":"Point","coordinates":[-2.84875,53.39114]},"properties":{"name":"Power infrastructure","category":"generator","osm_type":"node","osm_id":"6602361527"}},{"type":"Feature","geometry":{"type":"Point","coordinates":[-2.84864,53.39108]},"properties":{"name":"Power infrastructure","category":"generator","osm_type":"node","osm_id":"6602361528"}},{"type":"Feature","geometry":{"type":"Point","coordinates":[-2.84838,53.39093]},"properties":{"name":"Power infrastructure","category":"generator","osm_type":"node","osm_id":"6602361529"}},{"type":"Feature","geometry":{"type":"Point","coordinates":[-2.8481,53.39076]},"properties":{"name":"Power infrastructure","category":"generator","osm_type":"node","osm_id":"6602361530"}},{"type":"Feature","geometry":{"type":"Point","coordinates":[-2.84641,53.39082]},"properties":{"name":"Power infrastructure","category":"generator","osm_type":"node","osm_id":"6602361531"}},{"type":"Feature","geometry":{"type":"Point","coordinates":[-2.84636,53.39078]},"properties":{"name":"Power infrastructure","category":"generator","osm_type":"node","osm_id":"6602361532"}},{"type":"Feature","geometry":{"type":"Point","coordinates":[-2.84623,53.39074]},"properties":{"name":"Power infrastructure","category":"generator","osm_type":"node","osm_id":"6602361533"}},{"type":"Feature","geometry":{"type":"Point","coordinates":[-2.8459,53.3909]},"properties":{"name":"Power infrastructure","category":"generator","osm_type":"node","osm_id":"6602361534"}},{"type":"Feature","geometry":{"type":"Point","coordinates":[-2.84288,53.38953]},"properties":{"name":"Power infrastructure","category":"generator","osm_type":"node","osm_id":"6602361535"}}]}