{"type":"FeatureCollection","features":[{"type":"Feature","geometry":{"type":"Point","coordinates":[1.1136,51.30885]},"properties":{"name":"Power infrastructure","category":"generator","osm_type":"node","osm_id":"14157963097"}},{"type":"Feature","geometry":{"type":"Point","coordinates":[1.11308,51.30874]},"properties":{"name":"Power infrastructure","category":"generator","osm_type":"node","osm_id":"14157963098"}},{"type":"Feature","geometry":{"type":"Point","coordinates":[1.11308,51.30889]},"properties":{"name":"Power infrastructure","category":"generator","osm_type":"node","osm_id":"14157963099"}},{"type":"Feature","geometry":{"type":"Point","coordinates":[1.11172,51.30855]},"properties":{"name":"Power infrastructure","category":"generator","osm_type":"node","osm_id":"14157963100"}},{"type":"Feature","geometry":{"type":"Point","coordinates":[1.11359,51.3078]},"properties":{"name":"Power infrastructure","category":"generator","osm_type":"node","osm_id":"14157982439"}},{"type":"Feature","geometry":{"type":"Point","coordinates":[1.11118,51.30878]},"properties":{"name":"Power infrastructure","category":"generator","osm_type":"node","osm_id":"14157986101"}},{"type":"Feature","geometry":{"type":"Point","coordinates":[1.11106,51.30889]},"properties":{"name":"Power infrastructure","category":"generator","osm_type":"node","osm_id":"14157986102"}},{"type":"Feature","geometry":{"type":"Point","coordinates":[1.11099,51.30899]},"properties":{"name":"Power infrastructure","category":"generator","osm_type":"node","osm_id":"14157986103"}},{"type":"Feature","geometry":{"type":"Point","coordinates":[1.1104,51.3088]},"properties":{"name":"Power infrastructure","category":"generator","osm_type":"node","osm_id":"14157986104"}},{"type":"Feature","geometry":{"type":"Point","coordinates":[1.11046,51.30883]},"properties":{"name":"Power infrastructure","category":"generator","osm_type":"node","osm_id":"14157986105"}},{"type":"Feature","geometry":{"type":"Point","coordinates":[1.11053,51.30889]},"properties":{"name":"Power infrastructure","category":"generator","osm_type":"node","osm_id":"14157986106"}},{"type":"Feature","geometry":{"type":"Point","coordinates":[1.11063,51.30892]},"properties":{"name":"Power infrastructure","category":"generator","osm_type":"node","osm_id":"14157986107"}},{"type":"Feature","geometry":{"type":"Point","coordinates":[1.11069,51.30895]},"properties":{"name":"Power infrastructure","category":"generator","osm_type":"node","osm_id":"14157986108"}},{"type":"Feature","geometry":{"type":"Point","coordinates":[1.11049,51.30847]},"properties":{"name":"Power infrastructure","category":"generator","osm_type":"node","osm_id":"14157986109"}},{"type":"Feature","geometry":{"type":"Point","coordinates":[1.11054,51.3085]},"properties":{"name":"Power infrastructure","category":"generator","osm_type":"node","osm_id":"14157986110"}},{"type":"Feature","geometry":{"type":"Point","coordinates":[1.11062,51.30859]},"properties":{"name":"Power infrastructure","category":"generator","osm_type":"node","osm_id":"14157986111"}},{"type":"Feature","geometry":{"type":"Point","coordinates":[1.11068,51.30861]},"properties":{"name":"Power infrastructure","category":"generator","osm_type":"node","osm_id":"14157986112"}},{"type":"Feature","geometry":{"type":"Point","coordinates":[1.11074,51.30864]},"properties":{"name":"Power infrastructure","category":"generator","osm_type":"node","osm_id":"14157986113"}},{"type":"Feature","geometry":{"type":"Point","coordinates":[1.11081,51.30867]},"properties":{"name":"Power infrastructure","category":"generator","osm_type":"node","osm_id":"14157986114"}},{"type":"Feature","geometry":{"type":"Point","coordinates":[1.11088,51.30869]},"properties":{"name":"Power infrastructure","category":"generator","osm_type":"node","osm_id":"14157986115"}},{"type":"Feature","geometry":{"type":"Point","coordinates":[1.11094,51.30871]},"properties":{"name":"Power infrastructure","category":"generator","osm_type":"node","osm_id":"14157986116"}},{"type":"Feature","geometry":{"type":"Point","coordinates":[1.11112,51.30848]},"properties":{"name":"Power infrastructure","category":"generator","osm_type":"node","osm_id":"14157986117"}},{"type":"Feature","geometry":{"type":"Point","coordinates":[1.11079,51.30845]},"properties":{"name":"Power infrastructure","category":"generator","osm_type":"node","osm_id":"14157986118"}},{"type":"Feature","geometry":{"type":"Point","coordinates":[1.11082,51.30839]},"properties":{"name":"Power infrastructure","category":"generator","osm_type":"node","osm_id":"14157986119"}},{"type":"Feature","geometry":{"type":"Point","coordinates":[1.11089,51.30833]},"properties":{"name":"Power infrastructure","category":"generator","osm_type":"node","osm_id":"14157986120"}},{"type":"Feature","geometry":{"type":"Point","coordinates":[1.11093,51.3083]},"properties":{"name":"Power infrastructure","category":"generator","osm_type":"node","osm_id":"14157986121"}},{"type":"Feature","geometry":{"type":"Point","coordinates":[1.11097,51.30827]},"properties":{"name":"Power infrastructure","category":"generator","osm_type":"node","osm_id":"14157986122"}},{"type":"Feature","geometry":{"type":"Point","coordinates":[1.01751,51.25111]},"properties":{"name":"Power infrastructure","category":"generator","osm_type":"node","osm_id":"14178093324"}},{"type":"Feature","geometry":{"type":"Point","coordinates":[1.38937,51.36807]},"properties":{"name":"Thanet Grid","category":"substation","osm_type":"way","osm_id":"30451161","operator":"UK Power Networks","ref":"9949"}},{"type":"Feature","geometry":{"type":"Point","coordinates":[1.09633,51.29291]},"properties":{"name":"Canterbury North Substation","category":"substation","osm_type":"way","osm_id":"87953830"}},{"type":"Feature","geometry":{"type":"Point","coordinates":[1.09434,51.29195]},"properties":{"name":"Canterbury North Substation","category":"substation","osm_type":"way","osm_id":"87953834"}},{"type":"Feature","geometry":{"type":"Point","coordinates":[1.34367,51.22791]},"properties":{"name":"Betteshanger Grid;Betteshanger Local","category":"substation","osm_type":"way","osm_id":"91130930","operator":"UK Power Networks"}},{"type":"Feature","geometry":{"type":"Point","coordinates":[1.14775,51.09821]},"properties":{"name":"Eurotunnel Main Intake Substation","category":"substation","osm_type":"way","osm_id":"91233446","operator":"UK Power Networks"}},{"type":"Feature","geometry":{"type":"Point","coordinates":[1.14943,51.08434]},"properties":{"name":"Folkestone Grid 132kV 009920","category":"substation","osm_type":"way","osm_id":"96612295"}},{"type":"Feature","geometry":{"type":"Point","coordinates":[1.1483,51.08482]},"properties":{"name":"Folkestone 33 kV 00912","category":"substation","osm_type":"way","osm_id":"108329712"}},{"type":"Feature","geometry":{"type":"Point","coordinates":[1.0958,51.35332]},"properties":{"name":"Herne Bay Substation","category":"substation","osm_type":"way","osm_id":"116508415"}},{"type":"Feature","geometry":{"type":"Point","coordinates":[1.08653,51.29028]},"properties":{"name":"Canterbury South Substation","category":"substation","osm_type":"way","osm_id":"121233242"}},{"type":"Feature","geometry":{"type":"Point","coordinates":[1.24343,51.35794]},"properties":{"name":"St Nicholas Solar Farm","category":"plant","osm_type":"way","osm_id":"131981072"}},{"type":"Feature","geometry":{"type":"Point","coordinates":[1.1203,51.09257]},"properties":{"name":"Power infrastructure","category":"substation","osm_type":"way","osm_id":"132003657"}},{"type":"Feature","geometry":{"type":"Point","coordinates":[1.12011,51.0926]},"properties":{"name":"Power infrastructure","category":"substation","osm_type":"way","osm_id":"132003658"}},{"type":"Feature","geometry":{"type":"Point","coordinates":[1.41689,51.37178]},"properties":{"name":"St Peters","category":"substation","osm_type":"way","osm_id":"138018809","operator":"UK Power Networks"}},{"type":"Feature","geometry":{"type":"Point","coordinates":[1.28397,51.3576]},"properties":{"name":"Monkton Grid","category":"substation","osm_type":"way","osm_id":"148251646","operator":"UK Power Networks"}},{"type":"Feature","geometry":{"type":"Point","coordinates":[1.11801,51.09221]},"properties":{"name":"Electrical Substation","category":"substation","osm_type":"way","osm_id":"151331725"}},{"type":"Feature","geometry":{"type":"Point","coordinates":[1.27756,51.10602]},"properties":{"name":"Power infrastructure","category":"generator","osm_type":"way","osm_id":"154962019","operator":"Eurotunnel"}},{"type":"Feature","geometry":{"type":"Point","coordinates":[1.27749,51.10607]},"properties":{"name":"Power infrastructure","category":"generator","osm_type":"way","osm_id":"154962021","operator":"Eurotunnel"}},{"type":"Feature","geometry":{"type":"Point","coordinates":[1.27747,51.10598]},"properties":{"name":"Power infrastructure","category":"generator","osm_type":"way","osm_id":"154962024","operator":"Eurotunnel"}},{"type":"Feature","geometry":{"type":"Point","coordinates":[1.27741,51.10602]},"properties":{"name":"Power infrastructure","category":"generator","osm_type":"way","osm_id":"154962025","operator":"Eurotunnel"}},{"type":"Feature","geometry":{"type":"Point","coordinates":[1.1502,51.08564]},"properties":{"name":"Morehall Grid","category":"substation","osm_type":"way","osm_id":"158577211"}},{"type":"Feature","geometry":{"type":"Point","coordinates":[1.00531,51.34841]},"properties":{"name":"Power infrastructure","category":"substation","osm_type":"way","osm_id":"167911432","addr:city":"Seasalter"}},{"type":"Feature","geometry":{"type":"Point","coordinates":[1.08775,51.27603]},"properties":{"name":"Power infrastructure","category":"substation","osm_type":"way","osm_id":"177364121"}},{"type":"Feature","geometry":{"type":"Point","coordinates":[1.06414,51.28715]},"properties":{"name":"Power infrastructure","category":"substation","osm_type":"way","osm_id":"198670650"}},{"type":"Feature","geometry":{"type":"Point","coordinates":[1.05846,51.2686]},"properties":{"name":"Power infrastructure","category":"substation","osm_type":"way","osm_id":"209306065"}},{"type":"Feature","geometry":{"type":"Point","coordinates":[1.38924,51.22616]},"properties":{"name":"Deal Primary","category":"substation","osm_type":"way","osm_id":"214293347","operator":"UK Power Networks"}},{"type":"Feature","geometry":{"type":"Point","coordinates":[1.09522,51.35433]},"properties":{"name":"Power infrastructure","category":"substation","osm_type":"way","osm_id":"218284998"}},{"type":"Feature","geometry":{"type":"Point","coordinates":[1.27758,51.10612]},"properties":{"name":"Power infrastructure","category":"substation","osm_type":"way","osm_id":"220778376"}},{"type":"Feature","geometry":{"type":"Point","coordinates":[1.27773,51.10607]},"properties":{"name":"Power infrastructure","category":"substation","osm_type":"way","osm_id":"220778377"}},{"type":"Feature","geometry":{"type":"Point","coordinates":[1.27761,51.1061]},"properties":{"name":"Power infrastructure","category":"substation","osm_type":"way","osm_id":"220778378"}},{"type":"Feature","geometry":{"type":"Point","coordinates":[1.21386,51.25217]},"properties":{"name":"Wingham Primary","category":"substation","osm_type":"way","osm_id":"291520012","operator":"UK Power Networks"}},{"type":"Feature","geometry":{"type":"Point","coordinates":[1.05376,51.2781]},"properties":{"name":"Power infrastructure","category":"substation","osm_type":"way","osm_id":"340190905"}},{"type":"Feature","geometry":{"type":"Point","coordinates":[1.36954,51.35164]},"properties":{"name":"Manston Solar Farm","category":"plant","osm_type":"way","osm_id":"492866466","operator":"Lightsource BP"}},{"type":"Feature","geometry":{"type":"Point","coordinates":[1.22788,51.26831]},"properties":{"name":"G H Grain PV System","category":"generator","osm_type":"way","osm_id":"559094551"}},{"type":"Feature","geometry":{"type":"Point","coordinates":[1.0463,51.3584]},"properties":{"name":"Power infrastructure","category":"substation","osm_type":"way","osm_id":"613242151","operator":"UK Power Networks"}},{"type":"Feature","geometry":{"type":"Point","coordinates":[1.04143,51.35751]},"properties":{"name":"Summerfield Estate","category":"substation","osm_type":"way","osm_id":"613242179","operator":"UK Power Networks","ref":"341330"}},{"type":"Feature","geometry":{"type":"Point","coordinates":[1.04455,51.35475]},"properties":{"name":"Manor Farm","category":"substation","osm_type":"way","osm_id":"613495290","ref":"341315"}},{"type":"Feature","geometry":{"type":"Point","coordinates":[1.28842,51.15783]},"properties":{"name":"Bewsbury Cross","category":"substation","osm_type":"way","osm_id":"629244021","operator":"UK Power Networks","ref":"363004"}},{"type":"Feature","geometry":{"type":"Point","coordinates":[1.21983,51.2092]},"properties":{"name":"Lightweight Aggregates Primary","category":"substation","osm_type":"way","osm_id":"669701312"}},{"type":"Feature","geometry":{"type":"Point","coordinates":[1.14174,51.27866]},"properties":{"name":"Power infrastructure","category":"generator","osm_type":"way","osm_id":"681870498"}},{"type":"Feature","geometry":{"type":"Point","coordinates":[1.14117,51.27906]},"properties":{"name":"Power infrastructure","category":"generator","osm_type":"way","osm_id":"681870499"}},{"type":"Feature","geometry":{"type":"Point","coordinates":[1.14255,51.27958]},"properties":{"name":"Power infrastructure","category":"generator","osm_type":"way","osm_id":"681870500"}},{"type":"Feature","geometry":{"type":"Point","coordinates":[1.14233,51.2789]},"properties":{"name":"Power infrastructure","category":"generator","osm_type":"way","osm_id":"681870501"}},{"type":"Feature","geometry":{"type":"Point","coordinates":[1.14299,51.27909]},"properties":{"name":"Power infrastructure","category":"generator","osm_type":"way","osm_id":"681870502"}},{"type":"Feature","geometry":{"type":"Point","coordinates":[1.14386,51.2784]},"properties":{"name":"Power infrastructure","category":"generator","osm_type":"way","osm_id":"681870503"}},{"type":"Feature","geometry":{"type":"Point","coordinates":[1.14473,51.27845]},"properties":{"name":"Power infrastructure","category":"generator","osm_type":"way","osm_id":"681870504"}},{"type":"Feature","geometry":{"type":"Point","coordinates":[1.14468,51.27914]},"properties":{"name":"Power infrastructure","category":"generator","osm_type":"way","osm_id":"681870505"}},{"type":"Feature","geometry":{"type":"Point","coordinates":[1.14389,51.27972]},"properties":{"name":"Power infrastructure","category":"generator","osm_type":"way","osm_id":"681870506"}},{"type":"Feature","geometry":{"type":"Point","coordinates":[1.143,51.27982]},"properties":{"name":"Power infrastructure","category":"generator","osm_type":"way","osm_id":"681870507"}},{"type":"Feature","geometry":{"type":"Point","coordinates":[1.14183,51.28002]},"properties":{"name":"Power infrastructure","category":"generator","osm_type":"way","osm_id":"681870508"}},{"type":"Feature","geometry":{"type":"Point","coordinates":[1.14495,51.28088]},"properties":{"name":"Power infrastructure","category":"generator","osm_type":"way","osm_id":"681870509"}},{"type":"Feature","geometry":{"type":"Point","coordinates":[1.14387,51.28032]},"properties":{"name":"Power infrastructure","category":"generator","osm_type":"way","osm_id":"681870510"}},{"type":"Feature","geometry":{"type":"Point","coordinates":[1.14398,51.28219]},"properties":{"name":"Power infrastructure","category":"generator","osm_type":"way","osm_id":"681870511"}},{"type":"Feature","geometry":{"type":"Point","coordinates":[1.14499,51.28098]},"properties":{"name":"Power infrastructure","category":"generator","osm_type":"way","osm_id":"681870512"}},{"type":"Feature","geometry":{"type":"Point","coordinates":[1.14582,51.28098]},"properties":{"name":"Power infrastructure","category":"generator","osm_type":"way","osm_id":"681870514"}},{"type":"Feature","geometry":{"type":"Point","coordinates":[1.14531,51.27972]},"properties":{"name":"Power infrastructure","category":"generator","osm_type":"way","osm_id":"681870517"}},{"type":"Feature","geometry":{"type":"Point","coordinates":[1.14662,51.28093]},"properties":{"name":"Power infrastructure","category":"generator","osm_type":"way","osm_id":"681870520"}},{"type":"Feature","geometry":{"type":"Point","coordinates":[1.14584,51.27962]},"properties":{"name":"Power infrastructure","category":"generator","osm_type":"way","osm_id":"681870523"}},{"type":"Feature","geometry":{"type":"Point","coordinates":[1.14784,51.28179]},"properties":{"name":"Power infrastructure","category":"generator","osm_type":"way","osm_id":"681870526"}},{"type":"Feature","geometry":{"type":"Point","coordinates":[1.14729,51.28155]},"properties":{"name":"Power infrastructure","category":"generator","osm_type":"way","osm_id":"681870530"}},{"type":"Feature","geometry":{"type":"Point","coordinates":[1.14694,51.28249]},"properties":{"name":"Power infrastructure","category":"generator","osm_type":"way","osm_id":"681870533"}},{"type":"Feature","geometry":{"type":"Point","coordinates":[1.14605,51.28231]},"properties":{"name":"Power infrastructure","category":"generator","osm_type":"way","osm_id":"681870537"}},{"type":"Feature","geometry":{"type":"Point","coordinates":[1.14957,51.28336]},"properties":{"name":"Power infrastructure","category":"generator","osm_type":"way","osm_id":"681870540"}},{"type":"Feature","geometry":{"type":"Point","coordinates":[1.1496,51.2841]},"properties":{"name":"Power infrastructure","category":"generator","osm_type":"way","osm_id":"681870543"}},{"type":"Feature","geometry":{"type":"Point","coordinates":[1.1484,51.28333]},"properties":{"name":"Power infrastructure","category":"generator","osm_type":"way","osm_id":"681870544"}},{"type":"Feature","geometry":{"type":"Point","coordinates":[1.14758,51.28336]},"properties":{"name":"Power infrastructure","category":"generator","osm_type":"way","osm_id":"681870547"}},{"type":"Feature","geometry":{"type":"Point","coordinates":[1.14892,51.28407]},"properties":{"name":"Power infrastructure","category":"generator","osm_type":"way","osm_id":"681870550"}},{"type":"Feature","geometry":{"type":"Point","coordinates":[1.14609,51.28343]},"properties":{"name":"Power infrastructure","category":"generator","osm_type":"way","osm_id":"681870552"}},{"type":"Feature","geometry":{"type":"Point","coordinates":[1.276,51.23664]},"properties":{"name":"Power infrastructure","category":"generator","osm_type":"way","osm_id":"682218537"}},{"type":"Feature","geometry":{"type":"Point","coordinates":[1.27464,51.23709]},"properties":{"name":"Power infrastructure","category":"generator","osm_type":"way","osm_id":"682218539"}},{"type":"Feature","geometry":{"type":"Point","coordinates":[1.27327,51.23756]},"properties":{"name":"Power infrastructure","category":"generator","osm_type":"way","osm_id":"682218540"}},{"type":"Feature","geometry":{"type":"Point","coordinates":[1.27688,51.23756]},"properties":{"name":"Power infrastructure","category":"generator","osm_type":"way","osm_id":"682218542"}},{"type":"Feature","geometry":{"type":"Point","coordinates":[1.27586,51.23839]},"properties":{"name":"Power infrastructure","category":"generator","osm_type":"way","osm_id":"682218543"}},{"type":"Feature","geometry":{"type":"Point","coordinates":[1.27452,51.23862]},"properties":{"name":"Power infrastructure","category":"generator","osm_type":"way","osm_id":"682218544"}},{"type":"Feature","geometry":{"type":"Point","coordinates":[1.27237,51.23684]},"properties":{"name":"Power infrastructure","category":"generator","osm_type":"way","osm_id":"682218545"}},{"type":"Feature","geometry":{"type":"Point","coordinates":[1.27806,51.23912]},"properties":{"name":"Power infrastructure","category":"generator","osm_type":"way","osm_id":"682218546"}},{"type":"Feature","geometry":{"type":"Point","coordinates":[1.27669,51.23973]},"properties":{"name":"Power infrastructure","category":"generator","osm_type":"way","osm_id":"682218547"}},{"type":"Feature","geometry":{"type":"Point","coordinates":[1.27519,51.23977]},"properties":{"name":"Power infrastructure","category":"generator","osm_type":"way","osm_id":"682218548"}},{"type":"Feature","geometry":{"type":"Point","coordinates":[1.27706,51.2402]},"properties":{"name":"Power infrastructure","category":"generator","osm_type":"way","osm_id":"682218549"}},{"type":"Feature","geometry":{"type":"Point","coordinates":[1.27613,51.2407]},"properties":{"name":"Power infrastructure","category":"generator","osm_type":"way","osm_id":"682218550"}},{"type":"Feature","geometry":{"type":"Point","coordinates":[1.27418,51.23892]},"properties":{"name":"Power infrastructure","category":"generator","osm_type":"way","osm_id":"682218552"}},{"type":"Feature","geometry":{"type":"Point","coordinates":[1.32809,51.1498]},"properties":{"name":"Power infrastructure","category":"generator","osm_type":"way","osm_id":"682218806"}},{"type":"Feature","geometry":{"type":"Point","coordinates":[1.12819,51.32457]},"properties":{"name":"Power infrastructure","category":"generator","osm_type":"way","osm_id":"682222648"}},{"type":"Feature","geometry":{"type":"Point","coordinates":[1.12875,51.32589]},"properties":{"name":"Power infrastructure","category":"generator","osm_type":"way","osm_id":"682222649"}},{"type":"Feature","geometry":{"type":"Point","coordinates":[1.08436,51.36026]},"properties":{"name":"Power infrastructure","category":"generator","osm_type":"way","osm_id":"682224729"}},{"type":"Feature","geometry":{"type":"Point","coordinates":[1.08543,51.35935]},"properties":{"name":"Power infrastructure","category":"generator","osm_type":"way","osm_id":"682224732"}},{"type":"Feature","geometry":{"type":"Point","coordinates":[1.08665,51.36015]},"properties":{"name":"Power infrastructure","category":"generator","osm_type":"way","osm_id":"682224733"}},{"type":"Feature","geometry":{"type":"Point","coordinates":[1.08775,51.36001]},"properties":{"name":"Power infrastructure","category":"generator","osm_type":"way","osm_id":"682224734"}},{"type":"Feature","geometry":{"type":"Point","coordinates":[1.09032,51.35928]},"properties":{"name":"Power infrastructure","category":"generator","osm_type":"way","osm_id":"682224735"}},{"type":"Feature","geometry":{"type":"Point","coordinates":[1.08844,51.35875]},"properties":{"name":"Power infrastructure","category":"generator","osm_type":"way","osm_id":"682224736"}},{"type":"Feature","geometry":{"type":"Point","coordinates":[1.0855,51.35786]},"properties":{"name":"Power infrastructure","category":"generator","osm_type":"way","osm_id":"682224737"}},{"type":"Feature","geometry":{"type":"Point","coordinates":[1.0862,51.35871]},"properties":{"name":"Power infrastructure","category":"generator","osm_type":"way","osm_id":"682224738"}},{"type":"Feature","geometry":{"type":"Point","coordinates":[1.08681,51.35673]},"properties":{"name":"Power infrastructure","category":"generator","osm_type":"way","osm_id":"682224739"}},{"type":"Feature","geometry":{"type":"Point","coordinates":[1.08595,51.35525]},"properties":{"name":"Power infrastructure","category":"generator","osm_type":"way","osm_id":"682224740"}},{"type":"Feature","geometry":{"type":"Point","coordinates":[1.08536,51.35538]},"properties":{"name":"Power infrastructure","category":"generator","osm_type":"way","osm_id":"682224741"}},{"type":"Feature","geometry":{"type":"Point","coordinates":[1.08485,51.35667]},"properties":{"name":"Power infrastructure","category":"generator","osm_type":"way","osm_id":"682224742"}},{"type":"Feature","geometry":{"type":"Point","coordinates":[1.08301,51.35674]},"properties":{"name":"Power infrastructure","category":"generator","osm_type":"way","osm_id":"682224743"}},{"type":"Feature","geometry":{"type":"Point","coordinates":[1.08291,51.35529]},"properties":{"name":"Power infrastructure","category":"generator","osm_type":"way","osm_id":"682224744"}},{"type":"Feature","geometry":{"type":"Point","coordinates":[1.0863,51.35503]},"properties":{"name":"Power infrastructure","category":"generator","osm_type":"way","osm_id":"682224745"}},{"type":"Feature","geometry":{"type":"Point","coordinates":[1.08534,51.35522]},"properties":{"name":"Power infrastructure","category":"generator","osm_type":"way","osm_id":"682224746"}},{"type":"Feature","geometry":{"type":"Point","coordinates":[1.08471,51.35451]},"properties":{"name":"Power infrastructure","category":"generator","osm_type":"way","osm_id":"682224747"}},{"type":"Feature","geometry":{"type":"Point","coordinates":[1.0851,51.35439]},"properties":{"name":"Power infrastructure","category":"generator","osm_type":"way","osm_id":"682224748"}},{"type":"Feature","geometry":{"type":"Point","coordinates":[1.08626,51.35436]},"properties":{"name":"Power infrastructure","category":"generator","osm_type":"way","osm_id":"682224749"}},{"type":"Feature","geometry":{"type":"Point","coordinates":[1.08757,51.35438]},"properties":{"name":"Power infrastructure","category":"generator","osm_type":"way","osm_id":"682224750"}},{"type":"Feature","geometry":{"type":"Point","coordinates":[1.10096,51.34304]},"properties":{"name":"Power infrastructure","category":"generator","osm_type":"way","osm_id":"682224751"}},{"type":"Feature","geometry":{"type":"Point","coordinates":[1.10022,51.34417]},"properties":{"name":"Power infrastructure","category":"generator","osm_type":"way","osm_id":"682224752"}},{"type":"Feature","geometry":{"type":"Point","coordinates":[1.1022,51.34465]},"properties":{"name":"Power infrastructure","category":"generator","osm_type":"way","osm_id":"682224753"}},{"type":"Feature","geometry":{"type":"Point","coordinates":[1.10384,51.34662]},"properties":{"name":"Power infrastructure","category":"generator","osm_type":"way","osm_id":"682224754"}},{"type":"Feature","geometry":{"type":"Point","coordinates":[1.1034,51.34733]},"properties":{"name":"Power infrastructure","category":"generator","osm_type":"way","osm_id":"682224755"}},{"type":"Feature","geometry":{"type":"Point","coordinates":[1.09753,51.3464]},"properties":{"name":"Power infrastructure","category":"generator","osm_type":"way","osm_id":"682224756"}},{"type":"Feature","geometry":{"type":"Point","coordinates":[1.09897,51.34783]},"properties":{"name":"Power infrastructure","category":"generator","osm_type":"way","osm_id":"682224757"}},{"type":"Feature","geometry":{"type":"Point","coordinates":[1.10671,51.34746]},"properties":{"name":"Power infrastructure","category":"generator","osm_type":"way","osm_id":"682224760"}},{"type":"Feature","geometry":{"type":"Point","coordinates":[1.10776,51.34981]},"properties":{"name":"Power infrastructure","category":"generator","osm_type":"way","osm_id":"682224761"}},{"type":"Feature","geometry":{"type":"Point","coordinates":[1.10806,51.35049]},"properties":{"name":"Power infrastructure","category":"generator","osm_type":"way","osm_id":"682224762"}},{"type":"Feature","geometry":{"type":"Point","coordinates":[1.10979,51.35093]},"properties":{"name":"Power infrastructure","category":"generator","osm_type":"way","osm_id":"682224763"}},{"type":"Feature","geometry":{"type":"Point","coordinates":[1.09973,51.34929]},"properties":{"name":"Power infrastructure","category":"generator","osm_type":"way","osm_id":"682224764"}},{"type":"Feature","geometry":{"type":"Point","coordinates":[1.09832,51.34994]},"properties":{"name":"Power infrastructure","category":"generator","osm_type":"way","osm_id":"682224765"}},{"type":"Feature","geometry":{"type":"Point","coordinates":[1.09834,51.35094]},"properties":{"name":"Power infrastructure","category":"generator","osm_type":"way","osm_id":"682224766"}},{"type":"Feature","geometry":{"type":"Point","coordinates":[1.09962,51.35161]},"properties":{"name":"Power infrastructure","category":"generator","osm_type":"way","osm_id":"682224767"}},{"type":"Feature","geometry":{"type":"Point","coordinates":[1.09965,51.35198]},"properties":{"name":"Power infrastructure","category":"generator","osm_type":"way","osm_id":"682224768"}},{"type":"Feature","geometry":{"type":"Point","coordinates":[1.10029,51.35224]},"properties":{"name":"Power infrastructure","category":"generator","osm_type":"way","osm_id":"682224769"}},{"type":"Feature","geometry":{"type":"Point","coordinates":[1.09841,51.35279]},"properties":{"name":"Power infrastructure","category":"substation","osm_type":"way","osm_id":"682224773"}},{"type":"Feature","geometry":{"type":"Point","coordinates":[1.10345,51.34781]},"properties":{"name":"Power infrastructure","category":"generator","osm_type":"way","osm_id":"682224774"}},{"type":"Feature","geometry":{"type":"Point","coordinates":[1.10458,51.34989]},"properties":{"name":"Power infrastructure","category":"generator","osm_type":"way","osm_id":"682224777"}},{"type":"Feature","geometry":{"type":"Point","coordinates":[1.10549,51.35114]},"properties":{"name":"Power infrastructure","category":"generator","osm_type":"way","osm_id":"682224778"}},{"type":"Feature","geometry":{"type":"Point","coordinates":[1.10538,51.35224]},"properties":{"name":"Power infrastructure","category":"generator","osm_type":"way","osm_id":"682224779"}},{"type":"Feature","geometry":{"type":"Point","coordinates":[1.36886,51.35354]},"properties":{"name":"Power infrastructure","category":"generator","osm_type":"way","osm_id":"682227544"}},{"type":"Feature","geometry":{"type":"Point","coordinates":[1.3688,51.35512]},"properties":{"name":"Power infrastructure","category":"generator","osm_type":"way","osm_id":"682227545"}},{"type":"Feature","geometry":{"type":"Point","coordinates":[1.37028,51.35206]},"properties":{"name":"Power infrastructure","category":"generator","osm_type":"way","osm_id":"682227546"}},{"type":"Feature","geometry":{"type":"Point","coordinates":[1.37142,51.35176]},"properties":{"name":"Power infrastructure","category":"generator","osm_type":"way","osm_id":"682227547"}},{"type":"Feature","geometry":{"type":"Point","coordinates":[1.37121,51.35271]},"properties":{"name":"Power infrastructure","category":"generator","osm_type":"way","osm_id":"682227548"}},{"type":"Feature","geometry":{"type":"Point","coordinates":[1.36992,51.35382]},"properties":{"name":"Power infrastructure","category":"generator","osm_type":"way","osm_id":"682227549"}},{"type":"Feature","geometry":{"type":"Point","coordinates":[1.37064,51.35375]},"properties":{"name":"Power infrastructure","category":"generator","osm_type":"way","osm_id":"682227550"}},{"type":"Feature","geometry":{"type":"Point","coordinates":[1.3724,51.35102]},"properties":{"name":"Power infrastructure","category":"generator","osm_type":"way","osm_id":"682227551"}},{"type":"Feature","geometry":{"type":"Point","coordinates":[1.372,51.3518]},"properties":{"name":"Power infrastructure","category":"generator","osm_type":"way","osm_id":"682227552"}},{"type":"Feature","geometry":{"type":"Point","coordinates":[1.37403,51.35131]},"properties":{"name":"Power infrastructure","category":"generator","osm_type":"way","osm_id":"682227553"}},{"type":"Feature","geometry":{"type":"Point","coordinates":[1.37312,51.35215]},"properties":{"name":"Power infrastructure","category":"generator","osm_type":"way","osm_id":"682227554"}},{"type":"Feature","geometry":{"type":"Point","coordinates":[1.37309,51.35083]},"properties":{"name":"Power infrastructure","category":"generator","osm_type":"way","osm_id":"682227555"}},{"type":"Feature","geometry":{"type":"Point","coordinates":[1.36853,51.3554]},"properties":{"name":"Power infrastructure","category":"substation","osm_type":"way","osm_id":"682227556"}},{"type":"Feature","geometry":{"type":"Point","coordinates":[1.37198,51.35227]},"properties":{"name":"Power infrastructure","category":"generator","osm_type":"way","osm_id":"682227559"}},{"type":"Feature","geometry":{"type":"Point","coordinates":[1.36736,51.35386]},"properties":{"name":"Power infrastructure","category":"generator","osm_type":"way","osm_id":"682227561"}},{"type":"Feature","geometry":{"type":"Point","coordinates":[1.36674,51.35406]},"properties":{"name":"Power infrastructure","category":"generator","osm_type":"way","osm_id":"682227562"}},{"type":"Feature","geometry":{"type":"Point","coordinates":[1.36555,51.35218]},"properties":{"name":"Power infrastructure","category":"generator","osm_type":"way","osm_id":"682227563"}},{"type":"Feature","geometry":{"type":"Point","coordinates":[1.36658,51.35331]},"properties":{"name":"Power infrastructure","category":"generator","osm_type":"way","osm_id":"682227564"}},{"type":"Feature","geometry":{"type":"Point","coordinates":[1.36494,51.35213]},"properties":{"name":"Power infrastructure","category":"generator","osm_type":"way","osm_id":"682227565"}},{"type":"Feature","geometry":{"type":"Point","coordinates":[1.3658,51.35119]},"properties":{"name":"Power infrastructure","category":"generator","osm_type":"way","osm_id":"682227566"}},{"type":"Feature","geometry":{"type":"Point","coordinates":[1.36681,51.35071]},"properties":{"name":"Power infrastructure","category":"generator","osm_type":"way","osm_id":"682227567"}},{"type":"Feature","geometry":{"type":"Point","coordinates":[1.36815,51.35277]},"properties":{"name":"Power infrastructure","category":"generator","osm_type":"way","osm_id":"682227568"}},{"type":"Feature","geometry":{"type":"Point","coordinates":[1.36795,51.35017]},"properties":{"name":"Power infrastructure","category":"generator","osm_type":"way","osm_id":"682227569"}},{"type":"Feature","geometry":{"type":"Point","coordinates":[1.36958,51.35191]},"properties":{"name":"Power infrastructure","category":"generator","osm_type":"way","osm_id":"682227570"}},{"type":"Feature","geometry":{"type":"Point","coordinates":[1.36959,51.35031]},"properties":{"name":"Power infrastructure","category":"generator","osm_type":"way","osm_id":"682227571"}},{"type":"Feature","geometry":{"type":"Point","coordinates":[1.01807,51.34584]},"properties":{"name":"Power infrastructure","category":"substation","osm_type":"way","osm_id":"691366965"}},{"type":"Feature","geometry":{"type":"Point","coordinates":[1.01299,51.34998]},"properties":{"name":"341348","category":"substation","osm_type":"way","osm_id":"693464989","ref":"341348"}},{"type":"Feature","geometry":{"type":"Point","coordinates":[1.02244,51.3507]},"properties":{"name":"341346","category":"substation","osm_type":"way","osm_id":"698104155","ref":"341346"}},{"type":"Feature","geometry":{"type":"Point","coordinates":[1.1356,51.08555]},"properties":{"name":"Power infrastructure","category":"substation","osm_type":"way","osm_id":"699016396"}},{"type":"Feature","geometry":{"type":"Point","coordinates":[1.13791,51.08369]},"properties":{"name":"Power infrastructure","category":"substation","osm_type":"way","osm_id":"699016397"}},{"type":"Feature","geometry":{"type":"Point","coordinates":[1.06872,51.29767]},"properties":{"name":"Power infrastructure","category":"generator","osm_type":"way","osm_id":"699567240"}},{"type":"Feature","geometry":{"type":"Point","coordinates":[1.18348,51.28847]},"properties":{"name":"Power infrastructure","category":"generator","osm_type":"way","osm_id":"699638603"}},{"type":"Feature","geometry":{"type":"Point","coordinates":[1.18337,51.28856]},"properties":{"name":"Power infrastructure","category":"generator","osm_type":"way","osm_id":"699638604"}},{"type":"Feature","geometry":{"type":"Point","coordinates":[1.18282,51.28848]},"properties":{"name":"Power infrastructure","category":"generator","osm_type":"way","osm_id":"699638605"}},{"type":"Feature","geometry":{"type":"Point","coordinates":[1.06565,51.2479]},"properties":{"name":"Power infrastructure","category":"generator","osm_type":"way","osm_id":"699833181"}},{"type":"Feature","geometry":{"type":"Point","coordinates":[1.14856,51.25375]},"properties":{"name":"Power infrastructure","category":"generator","osm_type":"way","osm_id":"701754021"}},{"type":"Feature","geometry":{"type":"Point","coordinates":[1.14855,51.25389]},"properties":{"name":"Power infrastructure","category":"generator","osm_type":"way","osm_id":"701754022"}},{"type":"Feature","geometry":{"type":"Point","coordinates":[1.10573,51.30844]},"properties":{"name":"Power infrastructure","category":"generator","osm_type":"way","osm_id":"701945721"}},{"type":"Feature","geometry":{"type":"Point","coordinates":[1.12023,51.33899]},"properties":{"name":"Power infrastructure","category":"generator","osm_type":"way","osm_id":"701949184"}},{"type":"Feature","geometry":{"type":"Point","coordinates":[1.12046,51.33909]},"properties":{"name":"Power infrastructure","category":"generator","osm_type":"way","osm_id":"701949185"}},{"type":"Feature","geometry":{"type":"Point","coordinates":[1.13546,51.32854]},"properties":{"name":"Power infrastructure","category":"generator","osm_type":"way","osm_id":"701949990"}},{"type":"Feature","geometry":{"type":"Point","coordinates":[1.12983,51.32675]},"properties":{"name":"Power infrastructure","category":"generator","osm_type":"way","osm_id":"701949993"}},{"type":"Feature","geometry":{"type":"Point","coordinates":[1.10111,51.29359]},"properties":{"name":"Power infrastructure","category":"generator","osm_type":"way","osm_id":"701954245"}},{"type":"Feature","geometry":{"type":"Point","coordinates":[1.10068,51.29127]},"properties":{"name":"Power infrastructure","category":"generator","osm_type":"way","osm_id":"702025396"}},{"type":"Feature","geometry":{"type":"Point","coordinates":[1.10079,51.29131]},"properties":{"name":"Power infrastructure","category":"generator","osm_type":"way","osm_id":"702025397"}},{"type":"Feature","geometry":{"type":"Point","coordinates":[1.10084,51.29112]},"properties":{"name":"Power infrastructure","category":"generator","osm_type":"way","osm_id":"702025398"}},{"type":"Feature","geometry":{"type":"Point","coordinates":[1.09609,51.27049]},"properties":{"name":"Power infrastructure","category":"generator","osm_type":"way","osm_id":"702028715"}},{"type":"Feature","geometry":{"type":"Point","coordinates":[1.084,51.26044]},"properties":{"name":"Power infrastructure","category":"generator","osm_type":"way","osm_id":"702301571"}},{"type":"Feature","geometry":{"type":"Point","coordinates":[1.08476,51.26162]},"properties":{"name":"Power infrastructure","category":"generator","osm_type":"way","osm_id":"702301572"}},{"type":"Feature","geometry":{"type":"Point","coordinates":[1.08562,51.25572]},"properties":{"name":"Power infrastructure","category":"generator","osm_type":"way","osm_id":"702301858"}},{"type":"Feature","geometry":{"type":"Point","coordinates":[1.00875,51.34338]},"properties":{"name":"342749","category":"substation","osm_type":"way","osm_id":"702603318","ref":"342749"}},{"type":"Feature","geometry":{"type":"Point","coordinates":[1.01192,51.34338]},"properties":{"name":"343409","category":"substation","osm_type":"way","osm_id":"702603319","ref":"343409"}},{"type":"Feature","geometry":{"type":"Point","coordinates":[1.01002,51.34375]},"properties":{"name":"Power infrastructure","category":"generator","osm_type":"way","osm_id":"702603659"}},{"type":"Feature","geometry":{"type":"Point","coordinates":[1.00999,51.34379]},"properties":{"name":"Power infrastructure","category":"generator","osm_type":"way","osm_id":"702603660"}},{"type":"Feature","geometry":{"type":"Point","coordinates":[1.38221,51.38355]},"properties":{"name":"Power infrastructure","category":"generator","osm_type":"way","osm_id":"703051567"}},{"type":"Feature","geometry":{"type":"Point","coordinates":[1.3683,51.38013]},"properties":{"name":"Power infrastructure","category":"generator","osm_type":"way","osm_id":"703051568"}},{"type":"Feature","geometry":{"type":"Point","coordinates":[1.42339,51.38201]},"properties":{"name":"Power infrastructure","category":"generator","osm_type":"way","osm_id":"703055567"}},{"type":"Feature","geometry":{"type":"Point","coordinates":[1.42273,51.38182]},"properties":{"name":"Power infrastructure","category":"generator","osm_type":"way","osm_id":"703055568"}},{"type":"Feature","geometry":{"type":"Point","coordinates":[1.39112,51.36056]},"properties":{"name":"Power infrastructure","category":"generator","osm_type":"way","osm_id":"703057532"}},{"type":"Feature","geometry":{"type":"Point","coordinates":[1.40002,51.36052]},"properties":{"name":"Power infrastructure","category":"generator","osm_type":"way","osm_id":"703057853"}},{"type":"Feature","geometry":{"type":"Point","coordinates":[1.1928,51.35349]},"properties":{"name":"Power infrastructure","category":"generator","osm_type":"way","osm_id":"706889304"}},{"type":"Feature","geometry":{"type":"Point","coordinates":[1.28973,51.15163]},"properties":{"name":"Power infrastructure","category":"generator","osm_type":"way","osm_id":"707912209"}},{"type":"Feature","geometry":{"type":"Point","coordinates":[1.34761,51.23033]},"properties":{"name":"Power infrastructure","category":"generator","osm_type":"way","osm_id":"707917949"}},{"type":"Feature","geometry":{"type":"Point","coordinates":[1.34753,51.23023]},"properties":{"name":"Power infrastructure","category":"generator","osm_type":"way","osm_id":"707917950"}},{"type":"Feature","geometry":{"type":"Point","coordinates":[1.26708,51.23505]},"properties":{"name":"Power infrastructure","category":"generator","osm_type":"way","osm_id":"707918125"}},{"type":"Feature","geometry":{"type":"Point","coordinates":[1.22358,51.22666]},"properties":{"name":"Power infrastructure","category":"generator","osm_type":"way","osm_id":"707918435"}},{"type":"Feature","geometry":{"type":"Point","coordinates":[1.2767,51.20995]},"properties":{"name":"Power infrastructure","category":"generator","osm_type":"way","osm_id":"707920719"}},{"type":"Feature","geometry":{"type":"Point","coordinates":[1.30481,51.15203]},"properties":{"name":"Power infrastructure","category":"generator","osm_type":"way","osm_id":"707925877"}},{"type":"Feature","geometry":{"type":"Point","coordinates":[1.03058,51.26539]},"properties":{"name":"Power infrastructure","category":"generator","osm_type":"way","osm_id":"707934672"}},{"type":"Feature","geometry":{"type":"Point","coordinates":[1.36981,51.34669]},"properties":{"name":"Power infrastructure","category":"generator","osm_type":"way","osm_id":"709859309"}},{"type":"Feature","geometry":{"type":"Point","coordinates":[1.37812,51.35892]},"properties":{"name":"Power infrastructure","category":"generator","osm_type":"way","osm_id":"709859540"}},{"type":"Feature","geometry":{"type":"Point","coordinates":[1.38074,51.35936]},"properties":{"name":"Power infrastructure","category":"generator","osm_type":"way","osm_id":"709859541"}},{"type":"Feature","geometry":{"type":"Point","coordinates":[1.38122,51.35945]},"properties":{"name":"Power infrastructure","category":"generator","osm_type":"way","osm_id":"709859542"}},{"type":"Feature","geometry":{"type":"Point","coordinates":[1.34699,51.3615]},"properties":{"name":"Power infrastructure","category":"generator","osm_type":"way","osm_id":"709859957"}},{"type":"Feature","geometry":{"type":"Point","coordinates":[1.34746,51.36158]},"properties":{"name":"Power infrastructure","category":"generator","osm_type":"way","osm_id":"709859958"}},{"type":"Feature","geometry":{"type":"Point","coordinates":[1.34774,51.36167]},"properties":{"name":"Power infrastructure","category":"generator","osm_type":"way","osm_id":"709859959"}},{"type":"Feature","geometry":{"type":"Point","coordinates":[1.34779,51.36175]},"properties":{"name":"Power infrastructure","category":"generator","osm_type":"way","osm_id":"709859960"}},{"type":"Feature","geometry":{"type":"Point","coordinates":[1.34795,51.36186]},"properties":{"name":"Power infrastructure","category":"generator","osm_type":"way","osm_id":"709859961"}},{"type":"Feature","geometry":{"type":"Point","coordinates":[1.348,51.36194]},"properties":{"name":"Power infrastructure","category":"generator","osm_type":"way","osm_id":"709859962"}},{"type":"Feature","geometry":{"type":"Point","coordinates":[1.34808,51.36204]},"properties":{"name":"Power infrastructure","category":"generator","osm_type":"way","osm_id":"709859963"}},{"type":"Feature","geometry":{"type":"Point","coordinates":[1.34741,51.36141]},"properties":{"name":"Power infrastructure","category":"plant","osm_type":"way","osm_id":"709859964"}},{"type":"Feature","geometry":{"type":"Point","coordinates":[1.34307,51.36453]},"properties":{"name":"Power infrastructure","category":"generator","osm_type":"way","osm_id":"709860294"}},{"type":"Feature","geometry":{"type":"Point","coordinates":[1.34184,51.36505]},"properties":{"name":"Power infrastructure","category":"generator","osm_type":"way","osm_id":"709860296"}},{"type":"Feature","geometry":{"type":"Point","coordinates":[1.34262,51.36516]},"properties":{"name":"Power infrastructure","category":"generator","osm_type":"way","osm_id":"709860297"}},{"type":"Feature","geometry":{"type":"Point","coordinates":[1.34145,51.3652]},"properties":{"name":"Power infrastructure","category":"generator","osm_type":"way","osm_id":"709860298"}},{"type":"Feature","geometry":{"type":"Point","coordinates":[1.3427,51.36532]},"properties":{"name":"Power infrastructure","category":"generator","osm_type":"way","osm_id":"709860299"}},{"type":"Feature","geometry":{"type":"Point","coordinates":[1.34106,51.36536]},"properties":{"name":"Power infrastructure","category":"generator","osm_type":"way","osm_id":"709860300"}},{"type":"Feature","geometry":{"type":"Point","coordinates":[1.34087,51.36544]},"properties":{"name":"Power infrastructure","category":"generator","osm_type":"way","osm_id":"709860301"}},{"type":"Feature","geometry":{"type":"Point","coordinates":[1.34184,51.36499]},"properties":{"name":"Power infrastructure","category":"plant","osm_type":"way","osm_id":"709860302"}},{"type":"Feature","geometry":{"type":"Point","coordinates":[1.33002,51.34943]},"properties":{"name":"Power infrastructure","category":"generator","osm_type":"way","osm_id":"709860678"}},{"type":"Feature","geometry":{"type":"Point","coordinates":[1.32093,51.34993]},"properties":{"name":"Power infrastructure","category":"generator","osm_type":"way","osm_id":"709860679"}},{"type":"Feature","geometry":{"type":"Point","coordinates":[1.24372,51.35663]},"properties":{"name":"Power infrastructure","category":"generator","osm_type":"way","osm_id":"709861151"}},{"type":"Feature","geometry":{"type":"Point","coordinates":[1.24243,51.35626]},"properties":{"name":"Power infrastructure","category":"generator","osm_type":"way","osm_id":"709861152"}},{"type":"Feature","geometry":{"type":"Point","coordinates":[1.2417,51.3561]},"properties":{"name":"Power infrastructure","category":"generator","osm_type":"way","osm_id":"709861153"}},{"type":"Feature","geometry":{"type":"Point","coordinates":[1.28883,51.33794]},"properties":{"name":"Power infrastructure","category":"generator","osm_type":"way","osm_id":"709861156"}},{"type":"Feature","geometry":{"type":"Point","coordinates":[1.28902,51.33843]},"properties":{"name":"Power infrastructure","category":"generator","osm_type":"way","osm_id":"709861157"}},{"type":"Feature","geometry":{"type":"Point","coordinates":[1.28904,51.33851]},"properties":{"name":"Power infrastructure","category":"generator","osm_type":"way","osm_id":"709861158"}},{"type":"Feature","geometry":{"type":"Point","coordinates":[1.28903,51.33837]},"properties":{"name":"Power infrastructure","category":"plant","osm_type":"way","osm_id":"709861159"}},{"type":"Feature","geometry":{"type":"Point","coordinates":[1.24336,51.35804]},"properties":{"name":"Power infrastructure","category":"generator","osm_type":"way","osm_id":"710421206"}},{"type":"Feature","geometry":{"type":"Point","coordinates":[1.24336,51.35831]},"properties":{"name":"Power infrastructure","category":"generator","osm_type":"way","osm_id":"710421207"}},{"type":"Feature","geometry":{"type":"Point","coordinates":[1.24336,51.35813]},"properties":{"name":"Power infrastructure","category":"generator","osm_type":"way","osm_id":"710421208"}},{"type":"Feature","geometry":{"type":"Point","coordinates":[1.24336,51.35822]},"properties":{"name":"Power infrastructure","category":"generator","osm_type":"way","osm_id":"710421209"}},{"type":"Feature","geometry":{"type":"Point","coordinates":[1.24337,51.35857]},"properties":{"name":"Power infrastructure","category":"generator","osm_type":"way","osm_id":"710421210"}},{"type":"Feature","geometry":{"type":"Point","coordinates":[1.24337,51.3584]},"properties":{"name":"Power infrastructure","category":"generator","osm_type":"way","osm_id":"710421211"}},{"type":"Feature","geometry":{"type":"Point","coordinates":[1.24337,51.35849]},"properties":{"name":"Power infrastructure","category":"generator","osm_type":"way","osm_id":"710421212"}},{"type":"Feature","geometry":{"type":"Point","coordinates":[1.24337,51.35866]},"properties":{"name":"Power infrastructure","category":"generator","osm_type":"way","osm_id":"710421213"}},{"type":"Feature","geometry":{"type":"Point","coordinates":[1.24337,51.35875]},"properties":{"name":"Power infrastructure","category":"generator","osm_type":"way","osm_id":"710421214"}},{"type":"Feature","geometry":{"type":"Point","coordinates":[1.24337,51.35884]},"properties":{"name":"Power infrastructure","category":"generator","osm_type":"way","osm_id":"710421215"}},{"type":"Feature","geometry":{"type":"Point","coordinates":[1.23656,51.33754]},"properties":{"name":"Power infrastructure","category":"generator","osm_type":"way","osm_id":"710421216"}},{"type":"Feature","geometry":{"type":"Point","coordinates":[1.23706,51.33765]},"properties":{"name":"Power infrastructure","category":"generator","osm_type":"way","osm_id":"710421217"}},{"type":"Feature","geometry":{"type":"Point","coordinates":[1.23715,51.33772]},"properties":{"name":"Power infrastructure","category":"generator","osm_type":"way","osm_id":"710421218"}},{"type":"Feature","geometry":{"type":"Point","coordinates":[1.23719,51.33779]},"properties":{"name":"Power infrastructure","category":"generator","osm_type":"way","osm_id":"710421219"}},{"type":"Feature","geometry":{"type":"Point","coordinates":[1.23713,51.33787]},"properties":{"name":"Power infrastructure","category":"generator","osm_type":"way","osm_id":"710421220"}},{"type":"Feature","geometry":{"type":"Point","coordinates":[1.23689,51.33749]},"properties":{"name":"Power infrastructure","category":"plant","osm_type":"way","osm_id":"710421221"}},{"type":"Feature","geometry":{"type":"Point","coordinates":[1.25027,51.31689]},"properties":{"name":"Power infrastructure","category":"generator","osm_type":"way","osm_id":"710422119"}},{"type":"Feature","geometry":{"type":"Point","coordinates":[1.24372,51.31446]},"properties":{"name":"Power infrastructure","category":"generator","osm_type":"way","osm_id":"710422124"}},{"type":"Feature","geometry":{"type":"Point","coordinates":[1.23394,51.31916]},"properties":{"name":"Power infrastructure","category":"generator","osm_type":"way","osm_id":"710422385"}},{"type":"Feature","geometry":{"type":"Point","coordinates":[1.28962,51.30283]},"properties":{"name":"Power infrastructure","category":"generator","osm_type":"way","osm_id":"710422781"}},{"type":"Feature","geometry":{"type":"Point","coordinates":[1.2878,51.3015]},"properties":{"name":"Power infrastructure","category":"generator","osm_type":"way","osm_id":"710422784"}},{"type":"Feature","geometry":{"type":"Point","coordinates":[1.28796,51.30171]},"properties":{"name":"Power infrastructure","category":"generator","osm_type":"way","osm_id":"710422785"}},{"type":"Feature","geometry":{"type":"Point","coordinates":[1.27499,51.29778]},"properties":{"name":"Power infrastructure","category":"generator","osm_type":"way","osm_id":"710422789"}},{"type":"Feature","geometry":{"type":"Point","coordinates":[1.27486,51.29795]},"properties":{"name":"Power infrastructure","category":"generator","osm_type":"way","osm_id":"710422790"}},{"type":"Feature","geometry":{"type":"Point","coordinates":[1.30483,51.27124]},"properties":{"name":"Power infrastructure","category":"generator","osm_type":"way","osm_id":"710423464"}},{"type":"Feature","geometry":{"type":"Point","coordinates":[1.41047,51.35522]},"properties":{"name":"Power infrastructure","category":"generator","osm_type":"way","osm_id":"710426429"}},{"type":"Feature","geometry":{"type":"Point","coordinates":[1.41041,51.35527]},"properties":{"name":"Power infrastructure","category":"generator","osm_type":"way","osm_id":"710426430"}},{"type":"Feature","geometry":{"type":"Point","coordinates":[1.4105,51.35503]},"properties":{"name":"Power infrastructure","category":"generator","osm_type":"way","osm_id":"710426431"}},{"type":"Feature","geometry":{"type":"Point","coordinates":[1.41043,51.35508]},"properties":{"name":"Power infrastructure","category":"generator","osm_type":"way","osm_id":"710426432"}},{"type":"Feature","geometry":{"type":"Point","coordinates":[1.41006,51.35494]},"properties":{"name":"Power infrastructure","category":"generator","osm_type":"way","osm_id":"710426433"}},{"type":"Feature","geometry":{"type":"Point","coordinates":[1.40976,51.35464]},"properties":{"name":"Power infrastructure","category":"generator","osm_type":"way","osm_id":"710426434"}},{"type":"Feature","geometry":{"type":"Point","coordinates":[1.41042,51.35524]},"properties":{"name":"Power infrastructure","category":"generator","osm_type":"way","osm_id":"710426435"}},{"type":"Feature","geometry":{"type":"Point","coordinates":[1.40994,51.35504]},"properties":{"name":"Power infrastructure","category":"generator","osm_type":"way","osm_id":"710426436"}},{"type":"Feature","geometry":{"type":"Point","coordinates":[1.40965,51.35466]},"properties":{"name":"Power infrastructure","category":"generator","osm_type":"way","osm_id":"710426437"}},{"type":"Feature","geometry":{"type":"Point","coordinates":[1.41,51.35495]},"properties":{"name":"Power infrastructure","category":"generator","osm_type":"way","osm_id":"710426438"}},{"type":"Feature","geometry":{"type":"Point","coordinates":[1.40994,51.35501]},"properties":{"name":"Power infrastructure","category":"generator","osm_type":"way","osm_id":"710426439"}},{"type":"Feature","geometry":{"type":"Point","coordinates":[1.40988,51.35506]},"properties":{"name":"Power infrastructure","category":"generator","osm_type":"way","osm_id":"710426440"}},{"type":"Feature","geometry":{"type":"Point","coordinates":[1.4094,51.35486]},"properties":{"name":"Power infrastructure","category":"generator","osm_type":"way","osm_id":"710426441"}},{"type":"Feature","geometry":{"type":"Point","coordinates":[1.4099,51.35468]},"properties":{"name":"Power infrastructure","category":"plant","osm_type":"way","osm_id":"710426442"}},{"type":"Feature","geometry":{"type":"Point","coordinates":[1.07663,51.06501]},"properties":{"name":"Power infrastructure","category":"generator","osm_type":"way","osm_id":"710633074"}},{"type":"Feature","geometry":{"type":"Point","coordinates":[1.32,51.27689]},"properties":{"name":"Power infrastructure","category":"generator","osm_type":"way","osm_id":"713470198"}},{"type":"Feature","geometry":{"type":"Point","coordinates":[1.31806,51.27754]},"properties":{"name":"Power infrastructure","category":"generator","osm_type":"way","osm_id":"713470199"}},{"type":"Feature","geometry":{"type":"Point","coordinates":[1.31872,51.2744]},"properties":{"name":"Power infrastructure","category":"generator","osm_type":"way","osm_id":"713470200"}},{"type":"Feature","geometry":{"type":"Point","coordinates":[1.31792,51.27471]},"properties":{"name":"Power infrastructure","category":"generator","osm_type":"way","osm_id":"713470201"}},{"type":"Feature","geometry":{"type":"Point","coordinates":[1.31826,51.27533]},"properties":{"name":"Power infrastructure","category":"generator","osm_type":"way","osm_id":"713470202"}},{"type":"Feature","geometry":{"type":"Point","coordinates":[1.31732,51.27535]},"properties":{"name":"Power infrastructure","category":"generator","osm_type":"way","osm_id":"713470203"}},{"type":"Feature","geometry":{"type":"Point","coordinates":[1.31671,51.27342]},"properties":{"name":"Power infrastructure","category":"generator","osm_type":"way","osm_id":"713470204"}},{"type":"Feature","geometry":{"type":"Point","coordinates":[1.31905,51.27532]},"properties":{"name":"Power infrastructure","category":"generator","osm_type":"way","osm_id":"713470205"}},{"type":"Feature","geometry":{"type":"Point","coordinates":[1.31938,51.27442]},"properties":{"name":"Power infrastructure","category":"generator","osm_type":"way","osm_id":"713470206"}},{"type":"Feature","geometry":{"type":"Point","coordinates":[1.00479,51.03903]},"properties":{"name":"Power infrastructure","category":"generator","osm_type":"way","osm_id":"713863955"}},{"type":"Feature","geometry":{"type":"Point","coordinates":[1.07025,51.27276]},"properties":{"name":"Power infrastructure","category":"generator","osm_type":"way","osm_id":"717835741"}},{"type":"Feature","geometry":{"type":"Point","coordinates":[1.14672,51.09286]},"properties":{"name":"Power infrastructure","category":"generator","osm_type":"way","osm_id":"721519028"}},{"type":"Feature","geometry":{"type":"Point","coordinates":[1.14685,51.09286]},"properties":{"name":"Power infrastructure","category":"generator","osm_type":"way","osm_id":"721519029"}},{"type":"Feature","geometry":{"type":"Point","coordinates":[1.14672,51.09291]},"properties":{"name":"Power infrastructure","category":"generator","osm_type":"way","osm_id":"721519030"}},{"type":"Feature","geometry":{"type":"Point","coordinates":[1.14685,51.09297]},"properties":{"name":"Power infrastructure","category":"generator","osm_type":"way","osm_id":"721519031"}},{"type":"Feature","geometry":{"type":"Point","coordinates":[1.14684,51.09291]},"properties":{"name":"Power infrastructure","category":"generator","osm_type":"way","osm_id":"721519032"}},{"type":"Feature","geometry":{"type":"Point","coordinates":[1.14672,51.09297]},"properties":{"name":"Power infrastructure","category":"generator","osm_type":"way","osm_id":"721519033"}},{"type":"Feature","geometry":{"type":"Point","coordinates":[1.14685,51.09302]},"properties":{"name":"Power infrastructure","category":"generator","osm_type":"way","osm_id":"721519034"}},{"type":"Feature","geometry":{"type":"Point","coordinates":[1.14673,51.09302]},"properties":{"name":"Power infrastructure","category":"generator","osm_type":"way","osm_id":"721519035"}},{"type":"Feature","geometry":{"type":"Point","coordinates":[1.14686,51.09307]},"properties":{"name":"Power infrastructure","category":"generator","osm_type":"way","osm_id":"721519036"}},{"type":"Feature","geometry":{"type":"Point","coordinates":[1.14673,51.09307]},"properties":{"name":"Power infrastructure","category":"generator","osm_type":"way","osm_id":"721519037"}},{"type":"Feature","geometry":{"type":"Point","coordinates":[1.15367,51.21927]},"properties":{"name":"Power infrastructure","category":"generator","osm_type":"way","osm_id":"723955528"}},{"type":"Feature","geometry":{"type":"Point","coordinates":[1.0943,51.28822]},"properties":{"name":"Power infrastructure","category":"generator","osm_type":"way","osm_id":"729458321"}},{"type":"Feature","geometry":{"type":"Point","coordinates":[1.17278,51.31535]},"properties":{"name":"Power infrastructure","category":"generator","osm_type":"way","osm_id":"729729494"}},{"type":"Feature","geometry":{"type":"Point","coordinates":[1.17382,51.31595]},"properties":{"name":"Power infrastructure","category":"generator","osm_type":"way","osm_id":"729729495"}},{"type":"Feature","geometry":{"type":"Point","coordinates":[1.17368,51.31606]},"properties":{"name":"Power infrastructure","category":"generator","osm_type":"way","osm_id":"729729496"}},{"type":"Feature","geometry":{"type":"Point","coordinates":[1.17143,51.31472]},"properties":{"name":"Power infrastructure","category":"generator","osm_type":"way","osm_id":"729729497"}},{"type":"Feature","geometry":{"type":"Point","coordinates":[1.17126,51.31477]},"properties":{"name":"Power infrastructure","category":"generator","osm_type":"way","osm_id":"729729498"}},{"type":"Feature","geometry":{"type":"Point","coordinates":[1.17141,51.31478]},"properties":{"name":"Power infrastructure","category":"generator","osm_type":"way","osm_id":"729729499"}},{"type":"Feature","geometry":{"type":"Point","coordinates":[1.17133,51.31488]},"properties":{"name":"Power infrastructure","category":"generator","osm_type":"way","osm_id":"729729500"}},{"type":"Feature","geometry":{"type":"Point","coordinates":[1.17129,51.31493]},"properties":{"name":"Power infrastructure","category":"generator","osm_type":"way","osm_id":"729729501"}},{"type":"Feature","geometry":{"type":"Point","coordinates":[1.17111,51.31489]},"properties":{"name":"Power infrastructure","category":"generator","osm_type":"way","osm_id":"729729502"}},{"type":"Feature","geometry":{"type":"Point","coordinates":[1.17107,51.31495]},"properties":{"name":"Power infrastructure","category":"generator","osm_type":"way","osm_id":"729729503"}},{"type":"Feature","geometry":{"type":"Point","coordinates":[1.17112,51.31515]},"properties":{"name":"Power infrastructure","category":"generator","osm_type":"way","osm_id":"729729504"}},{"type":"Feature","geometry":{"type":"Point","coordinates":[1.17102,51.315]},"properties":{"name":"Power infrastructure","category":"generator","osm_type":"way","osm_id":"729729505"}},{"type":"Feature","geometry":{"type":"Point","coordinates":[1.17094,51.31511]},"properties":{"name":"Power infrastructure","category":"generator","osm_type":"way","osm_id":"729729506"}},{"type":"Feature","geometry":{"type":"Point","coordinates":[1.17104,51.31525]},"properties":{"name":"Power infrastructure","category":"generator","osm_type":"way","osm_id":"729729507"}},{"type":"Feature","geometry":{"type":"Point","coordinates":[1.17101,51.31528]},"properties":{"name":"Power infrastructure","category":"generator","osm_type":"way","osm_id":"729729508"}},{"type":"Feature","geometry":{"type":"Point","coordinates":[1.17127,51.31466]},"properties":{"name":"Power infrastructure","category":"generator","osm_type":"way","osm_id":"729729509"}},{"type":"Feature","geometry":{"type":"Point","coordinates":[1.1711,51.31467]},"properties":{"name":"Power infrastructure","category":"generator","osm_type":"way","osm_id":"729729510"}},{"type":"Feature","geometry":{"type":"Point","coordinates":[1.17118,51.31477]},"properties":{"name":"Power infrastructure","category":"generator","osm_type":"way","osm_id":"729729511"}},{"type":"Feature","geometry":{"type":"Point","coordinates":[1.171,51.31484]},"properties":{"name":"Power infrastructure","category":"generator","osm_type":"way","osm_id":"729729512"}},{"type":"Feature","geometry":{"type":"Point","coordinates":[1.17089,51.31497]},"properties":{"name":"Power infrastructure","category":"generator","osm_type":"way","osm_id":"729729513"}},{"type":"Feature","geometry":{"type":"Point","coordinates":[1.17075,51.31505]},"properties":{"name":"Power infrastructure","category":"generator","osm_type":"way","osm_id":"729729514"}},{"type":"Feature","geometry":{"type":"Point","coordinates":[1.17071,51.3151]},"properties":{"name":"Power infrastructure","category":"generator","osm_type":"way","osm_id":"729729515"}},{"type":"Feature","geometry":{"type":"Point","coordinates":[1.17082,51.31522]},"properties":{"name":"Power infrastructure","category":"generator","osm_type":"way","osm_id":"729729516"}},{"type":"Feature","geometry":{"type":"Point","coordinates":[1.09077,51.29153]},"properties":{"name":"Power infrastructure","category":"generator","osm_type":"way","osm_id":"731847810"}},{"type":"Feature","geometry":{"type":"Point","coordinates":[1.09192,51.29176]},"properties":{"name":"Power infrastructure","category":"generator","osm_type":"way","osm_id":"731853812"}},{"type":"Feature","geometry":{"type":"Point","coordinates":[1.0704,51.28161]},"properties":{"name":"Queens Avenue","category":"substation","osm_type":"way","osm_id":"737018343","ref":"341695"}},{"type":"Feature","geometry":{"type":"Point","coordinates":[1.01671,51.27224]},"properties":{"name":"Power infrastructure","category":"generator","osm_type":"way","osm_id":"739013302"}},{"type":"Feature","geometry":{"type":"Point","coordinates":[1.01646,51.27211]},"properties":{"name":"Power infrastructure","category":"generator","osm_type":"way","osm_id":"739013303"}},{"type":"Feature","geometry":{"type":"Point","coordinates":[1.0692,51.29888]},"properties":{"name":"Power infrastructure","category":"generator","osm_type":"way","osm_id":"739021296"}},{"type":"Feature","geometry":{"type":"Point","coordinates":[1.06893,51.29875]},"properties":{"name":"Power infrastructure","category":"generator","osm_type":"way","osm_id":"739021297"}},{"type":"Feature","geometry":{"type":"Point","coordinates":[1.08025,51.2769]},"properties":{"name":"Power infrastructure","category":"generator","osm_type":"way","osm_id":"739086438"}},{"type":"Feature","geometry":{"type":"Point","coordinates":[1.07075,51.27306]},"properties":{"name":"Power infrastructure","category":"generator","osm_type":"way","osm_id":"739097542"}},{"type":"Feature","geometry":{"type":"Point","coordinates":[1.05374,51.27859]},"properties":{"name":"Power infrastructure","category":"generator","osm_type":"way","osm_id":"739099718"}},{"type":"Feature","geometry":{"type":"Point","coordinates":[1.09347,51.28796]},"properties":{"name":"Power infrastructure","category":"generator","osm_type":"way","osm_id":"739729096"}},{"type":"Feature","geometry":{"type":"Point","coordinates":[1.09536,51.28805]},"properties":{"name":"Power infrastructure","category":"generator","osm_type":"way","osm_id":"739730044"}},{"type":"Feature","geometry":{"type":"Point","coordinates":[1.09658,51.28706]},"properties":{"name":"Power infrastructure","category":"generator","osm_type":"way","osm_id":"739730045"}},{"type":"Feature","geometry":{"type":"Point","coordinates":[1.03297,51.36066]},"properties":{"name":"Power infrastructure","category":"generator","osm_type":"way","osm_id":"740117153"}},{"type":"Feature","geometry":{"type":"Point","coordinates":[1.05336,51.29861]},"properties":{"name":"Power infrastructure","category":"generator","osm_type":"way","osm_id":"751275173"}},{"type":"Feature","geometry":{"type":"Point","coordinates":[1.05324,51.2986]},"properties":{"name":"Power infrastructure","category":"generator","osm_type":"way","osm_id":"751275174"}},{"type":"Feature","geometry":{"type":"Point","coordinates":[1.18949,51.24408]},"properties":{"name":"Power infrastructure","category":"generator","osm_type":"way","osm_id":"753752849"}},{"type":"Feature","geometry":{"type":"Point","coordinates":[1.39495,51.34319]},"properties":{"name":"Power infrastructure","category":"generator","osm_type":"way","osm_id":"762975268"}},{"type":"Feature","geometry":{"type":"Point","coordinates":[1.39478,51.34328]},"properties":{"name":"Power infrastructure","category":"generator","osm_type":"way","osm_id":"762975269"}},{"type":"Feature","geometry":{"type":"Point","coordinates":[1.39465,51.34342]},"properties":{"name":"Power infrastructure","category":"generator","osm_type":"way","osm_id":"762975270"}},{"type":"Feature","geometry":{"type":"Point","coordinates":[1.38474,51.34552]},"properties":{"name":"Power infrastructure","category":"generator","osm_type":"way","osm_id":"763037150"}},{"type":"Feature","geometry":{"type":"Point","coordinates":[1.38497,51.34565]},"properties":{"name":"Power infrastructure","category":"generator","osm_type":"way","osm_id":"763037151"}},{"type":"Feature","geometry":{"type":"Point","coordinates":[1.38593,51.34587]},"properties":{"name":"Power infrastructure","category":"generator","osm_type":"way","osm_id":"763037152"}},{"type":"Feature","geometry":{"type":"Point","coordinates":[1.38538,51.34594]},"properties":{"name":"Power infrastructure","category":"generator","osm_type":"way","osm_id":"763037153"}},{"type":"Feature","geometry":{"type":"Point","coordinates":[1.38873,51.34546]},"properties":{"name":"Power infrastructure","category":"generator","osm_type":"way","osm_id":"763037160"}},{"type":"Feature","geometry":{"type":"Point","coordinates":[1.34482,51.31144]},"properties":{"name":"Richborough 400kV Substation","category":"substation","osm_type":"way","osm_id":"771093002","operator":"National Grid"}},{"type":"Feature","geometry":{"type":"Point","coordinates":[1.34232,51.31255]},"properties":{"name":"Richborough Energy Park","category":"plant","osm_type":"way","osm_id":"771093003","operator":"Richborough Energy Park Limited"}},{"type":"Feature","geometry":{"type":"Point","coordinates":[1.14473,51.09807]},"properties":{"name":"Folkestone Converter Station","category":"substation","osm_type":"way","osm_id":"775577829","operator":"ElecLink"}},{"type":"Feature","geometry":{"type":"Point","coordinates":[1.03825,51.17801]},"properties":{"name":"Power infrastructure","category":"generator","osm_type":"way","osm_id":"799181367"}},{"type":"Feature","geometry":{"type":"Point","coordinates":[1.03617,51.18244]},"properties":{"name":"Power infrastructure","category":"generator","osm_type":"way","osm_id":"799181546"}},{"type":"Feature","geometry":{"type":"Point","coordinates":[1.00794,51.18642]},"properties":{"name":"Power infrastructure","category":"generator","osm_type":"way","osm_id":"799182217"}},{"type":"Feature","geometry":{"type":"Point","coordinates":[1.02042,51.19068]},"properties":{"name":"Power infrastructure","category":"generator","osm_type":"way","osm_id":"799182468"}},{"type":"Feature","geometry":{"type":"Point","coordinates":[1.02023,51.27276]},"properties":{"name":"Power infrastructure","category":"generator","osm_type":"way","osm_id":"799278852"}},{"type":"Feature","geometry":{"type":"Point","coordinates":[1.02014,51.27277]},"properties":{"name":"Power infrastructure","category":"generator","osm_type":"way","osm_id":"799278853"}},{"type":"Feature","geometry":{"type":"Point","coordinates":[1.16266,51.21227]},"properties":{"name":"Power infrastructure","category":"generator","osm_type":"way","osm_id":"800282210"}},{"type":"Feature","geometry":{"type":"Point","coordinates":[1.02116,51.34899]},"properties":{"name":"Power infrastructure","category":"generator","osm_type":"way","osm_id":"802860584"}},{"type":"Feature","geometry":{"type":"Point","coordinates":[1.33467,51.26364]},"properties":{"name":"Power infrastructure","category":"generator","osm_type":"way","osm_id":"819729197"}},{"type":"Feature","geometry":{"type":"Point","coordinates":[1.33592,51.26444]},"properties":{"name":"Power infrastructure","category":"generator","osm_type":"way","osm_id":"819729198"}},{"type":"Feature","geometry":{"type":"Point","coordinates":[1.33573,51.26441]},"properties":{"name":"Power infrastructure","category":"generator","osm_type":"way","osm_id":"819729199"}},{"type":"Feature","geometry":{"type":"Point","coordinates":[1.3467,51.30224]},"properties":{"name":"Power infrastructure","category":"generator","osm_type":"way","osm_id":"819733314"}},{"type":"Feature","geometry":{"type":"Point","coordinates":[1.34864,51.312]},"properties":{"name":"Power infrastructure","category":"generator","osm_type":"way","osm_id":"819734651"}},{"type":"Feature","geometry":{"type":"Point","coordinates":[1.34855,51.31196]},"properties":{"name":"Power infrastructure","category":"generator","osm_type":"way","osm_id":"819734652"}},{"type":"Feature","geometry":{"type":"Point","coordinates":[1.3494,51.31144]},"properties":{"name":"Power infrastructure","category":"generator","osm_type":"way","osm_id":"819734653"}},{"type":"Feature","geometry":{"type":"Point","coordinates":[1.36479,51.2161]},"properties":{"name":"Power infrastructure","category":"generator","osm_type":"way","osm_id":"822427283"}},{"type":"Feature","geometry":{"type":"Point","coordinates":[1.10189,51.09429]},"properties":{"name":"Power infrastructure","category":"generator","osm_type":"way","osm_id":"826997985"}},{"type":"Feature","geometry":{"type":"Point","coordinates":[1.29963,51.13544]},"properties":{"name":"Power infrastructure","category":"generator","osm_type":"way","osm_id":"828197552"}},{"type":"Feature","geometry":{"type":"Point","coordinates":[1.39513,51.22209]},"properties":{"name":"Power infrastructure","category":"generator","osm_type":"way","osm_id":"828449008"}},{"type":"Feature","geometry":{"type":"Point","coordinates":[1.39538,51.22188]},"properties":{"name":"Power infrastructure","category":"generator","osm_type":"way","osm_id":"828449009"}},{"type":"Feature","geometry":{"type":"Point","coordinates":[1.39623,51.22268]},"properties":{"name":"Power infrastructure","category":"generator","osm_type":"way","osm_id":"828449010"}},{"type":"Feature","geometry":{"type":"Point","coordinates":[1.39636,51.22265]},"properties":{"name":"Power infrastructure","category":"generator","osm_type":"way","osm_id":"828449011"}},{"type":"Feature","geometry":{"type":"Point","coordinates":[1.30812,51.25462]},"properties":{"name":"Power infrastructure","category":"generator","osm_type":"way","osm_id":"828523255"}},{"type":"Feature","geometry":{"type":"Point","coordinates":[1.30821,51.25479]},"properties":{"name":"Power infrastructure","category":"generator","osm_type":"way","osm_id":"828523256"}},{"type":"Feature","geometry":{"type":"Point","coordinates":[1.36348,51.19508]},"properties":{"name":"Power infrastructure","category":"generator","osm_type":"way","osm_id":"829784790"}},{"type":"Feature","geometry":{"type":"Point","coordinates":[1.36335,51.19472]},"properties":{"name":"Power infrastructure","category":"generator","osm_type":"way","osm_id":"829784791"}},{"type":"Feature","geometry":{"type":"Point","coordinates":[1.36324,51.19489]},"properties":{"name":"Power infrastructure","category":"generator","osm_type":"way","osm_id":"829784792"}},{"type":"Feature","geometry":{"type":"Point","coordinates":[1.363,51.19489]},"properties":{"name":"Power infrastructure","category":"generator","osm_type":"way","osm_id":"829784793"}},{"type":"Feature","geometry":{"type":"Point","coordinates":[1.31184,51.18099]},"properties":{"name":"Power infrastructure","category":"generator","osm_type":"way","osm_id":"829787459"}},{"type":"Feature","geometry":{"type":"Point","coordinates":[1.31176,51.18118]},"properties":{"name":"Power infrastructure","category":"generator","osm_type":"way","osm_id":"829787460"}},{"type":"Feature","geometry":{"type":"Point","coordinates":[1.12736,51.08947]},"properties":{"name":"Power infrastructure","category":"generator","osm_type":"way","osm_id":"829990206"}},{"type":"Feature","geometry":{"type":"Point","coordinates":[1.12945,51.07236]},"properties":{"name":"Power infrastructure","category":"generator","osm_type":"way","osm_id":"830220289"}},{"type":"Feature","geometry":{"type":"Point","coordinates":[1.15259,51.07421]},"properties":{"name":"Power infrastructure","category":"generator","osm_type":"way","osm_id":"830221333"}},{"type":"Feature","geometry":{"type":"Point","coordinates":[1.15312,51.07419]},"properties":{"name":"Power infrastructure","category":"generator","osm_type":"way","osm_id":"830221334"}},{"type":"Feature","geometry":{"type":"Point","coordinates":[1.15892,51.07374]},"properties":{"name":"Power infrastructure","category":"generator","osm_type":"way","osm_id":"830221335"}},{"type":"Feature","geometry":{"type":"Point","coordinates":[1.15898,51.07377]},"properties":{"name":"Power infrastructure","category":"generator","osm_type":"way","osm_id":"830221336"}},{"type":"Feature","geometry":{"type":"Point","coordinates":[1.15955,51.07371]},"properties":{"name":"Power infrastructure","category":"generator","osm_type":"way","osm_id":"830221337"}},{"type":"Feature","geometry":{"type":"Point","coordinates":[1.15952,51.07375]},"properties":{"name":"Power infrastructure","category":"generator","osm_type":"way","osm_id":"830221338"}},{"type":"Feature","geometry":{"type":"Point","coordinates":[1.15983,51.07371]},"properties":{"name":"Power infrastructure","category":"generator","osm_type":"way","osm_id":"830221339"}},{"type":"Feature","geometry":{"type":"Point","coordinates":[1.15986,51.07367]},"properties":{"name":"Power infrastructure","category":"generator","osm_type":"way","osm_id":"830221340"}},{"type":"Feature","geometry":{"type":"Point","coordinates":[1.28801,51.285]},"properties":{"name":"Power infrastructure","category":"generator","osm_type":"way","osm_id":"831940271"}},{"type":"Feature","geometry":{"type":"Point","coordinates":[1.28764,51.28516]},"properties":{"name":"Power infrastructure","category":"generator","osm_type":"way","osm_id":"831940272"}},{"type":"Feature","geometry":{"type":"Point","coordinates":[1.32479,51.29551]},"properties":{"name":"Power infrastructure","category":"generator","osm_type":"way","osm_id":"831942690"}},{"type":"Feature","geometry":{"type":"Point","coordinates":[1.32428,51.29483]},"properties":{"name":"Power infrastructure","category":"generator","osm_type":"way","osm_id":"831942691"}},{"type":"Feature","geometry":{"type":"Point","coordinates":[1.32411,51.29486]},"properties":{"name":"Power infrastructure","category":"generator","osm_type":"way","osm_id":"831942692"}},{"type":"Feature","geometry":{"type":"Point","coordinates":[1.08828,51.27934]},"properties":{"name":"Power infrastructure","category":"generator","osm_type":"way","osm_id":"832854038"}},{"type":"Feature","geometry":{"type":"Point","coordinates":[1.0962,51.27974]},"properties":{"name":"Power infrastructure","category":"generator","osm_type":"way","osm_id":"832855305"}},{"type":"Feature","geometry":{"type":"Point","coordinates":[1.09154,51.06872]},"properties":{"name":"Power infrastructure","category":"generator","osm_type":"way","osm_id":"833228728"}},{"type":"Feature","geometry":{"type":"Point","coordinates":[1.09159,51.06861]},"properties":{"name":"Power infrastructure","category":"generator","osm_type":"way","osm_id":"833228731"}},{"type":"Feature","geometry":{"type":"Point","coordinates":[1.15099,51.33389]},"properties":{"name":"Power infrastructure","category":"generator","osm_type":"way","osm_id":"835440484"}},{"type":"Feature","geometry":{"type":"Point","coordinates":[1.03374,51.35692]},"properties":{"name":"Power infrastructure","category":"generator","osm_type":"way","osm_id":"835454119"}},{"type":"Feature","geometry":{"type":"Point","coordinates":[1.12194,51.07233]},"properties":{"name":"Power infrastructure","category":"generator","osm_type":"way","osm_id":"835853745"}},{"type":"Feature","geometry":{"type":"Point","coordinates":[1.32215,51.33199]},"properties":{"name":"Power infrastructure","category":"generator","osm_type":"way","osm_id":"839909109"}},{"type":"Feature","geometry":{"type":"Point","coordinates":[1.32175,51.33198]},"properties":{"name":"Power infrastructure","category":"generator","osm_type":"way","osm_id":"839909110"}},{"type":"Feature","geometry":{"type":"Point","coordinates":[1.32089,51.34861]},"properties":{"name":"Power infrastructure","category":"generator","osm_type":"way","osm_id":"839910842"}},{"type":"Feature","geometry":{"type":"Point","coordinates":[1.32095,51.3486]},"properties":{"name":"Power infrastructure","category":"generator","osm_type":"way","osm_id":"839910843"}},{"type":"Feature","geometry":{"type":"Point","coordinates":[1.32101,51.34858]},"properties":{"name":"Power infrastructure","category":"generator","osm_type":"way","osm_id":"839910844"}},{"type":"Feature","geometry":{"type":"Point","coordinates":[1.32104,51.34863]},"properties":{"name":"Power infrastructure","category":"generator","osm_type":"way","osm_id":"839910845"}},{"type":"Feature","geometry":{"type":"Point","coordinates":[1.32098,51.34865]},"properties":{"name":"Power infrastructure","category":"generator","osm_type":"way","osm_id":"839910846"}},{"type":"Feature","geometry":{"type":"Point","coordinates":[1.32093,51.34866]},"properties":{"name":"Power infrastructure","category":"generator","osm_type":"way","osm_id":"839910847"}},{"type":"Feature","geometry":{"type":"Point","coordinates":[1.32304,51.35005]},"properties":{"name":"Power infrastructure","category":"generator","osm_type":"way","osm_id":"839910848"}},{"type":"Feature","geometry":{"type":"Point","coordinates":[1.32304,51.3501]},"properties":{"name":"Power infrastructure","category":"generator","osm_type":"way","osm_id":"839910849"}},{"type":"Feature","geometry":{"type":"Point","coordinates":[1.32253,51.34943]},"properties":{"name":"Power infrastructure","category":"generator","osm_type":"way","osm_id":"839910850"}},{"type":"Feature","geometry":{"type":"Point","coordinates":[1.32275,51.34946]},"properties":{"name":"Power infrastructure","category":"generator","osm_type":"way","osm_id":"839910851"}},{"type":"Feature","geometry":{"type":"Point","coordinates":[1.32268,51.34948]},"properties":{"name":"Power infrastructure","category":"generator","osm_type":"way","osm_id":"839910852"}},{"type":"Feature","geometry":{"type":"Point","coordinates":[1.32193,51.34948]},"properties":{"name":"Power infrastructure","category":"generator","osm_type":"way","osm_id":"839910853"}},{"type":"Feature","geometry":{"type":"Point","coordinates":[1.32205,51.34945]},"properties":{"name":"Power infrastructure","category":"generator","osm_type":"way","osm_id":"839910854"}},{"type":"Feature","geometry":{"type":"Point","coordinates":[1.26835,51.33904]},"properties":{"name":"Power infrastructure","category":"generator","osm_type":"way","osm_id":"839912583"}},{"type":"Feature","geometry":{"type":"Point","coordinates":[1.26873,51.33904]},"properties":{"name":"Power infrastructure","category":"generator","osm_type":"way","osm_id":"839912584"}},{"type":"Feature","geometry":{"type":"Point","coordinates":[1.26912,51.33903]},"properties":{"name":"Power infrastructure","category":"generator","osm_type":"way","osm_id":"839912585"}},{"type":"Feature","geometry":{"type":"Point","coordinates":[1.2694,51.33903]},"properties":{"name":"Power infrastructure","category":"generator","osm_type":"way","osm_id":"839912586"}},{"type":"Feature","geometry":{"type":"Point","coordinates":[1.26837,51.33913]},"properties":{"name":"Power infrastructure","category":"generator","osm_type":"way","osm_id":"839912587"}},{"type":"Feature","geometry":{"type":"Point","coordinates":[1.26876,51.33912]},"properties":{"name":"Power infrastructure","category":"generator","osm_type":"way","osm_id":"839912588"}},{"type":"Feature","geometry":{"type":"Point","coordinates":[1.26914,51.33912]},"properties":{"name":"Power infrastructure","category":"generator","osm_type":"way","osm_id":"839912589"}},{"type":"Feature","geometry":{"type":"Point","coordinates":[1.26942,51.33912]},"properties":{"name":"Power infrastructure","category":"generator","osm_type":"way","osm_id":"839912590"}},{"type":"Feature","geometry":{"type":"Point","coordinates":[1.2684,51.33922]},"properties":{"name":"Power infrastructure","category":"generator","osm_type":"way","osm_id":"839912591"}},{"type":"Feature","geometry":{"type":"Point","coordinates":[1.26878,51.33921]},"properties":{"name":"Power infrastructure","category":"generator","osm_type":"way","osm_id":"839912592"}},{"type":"Feature","geometry":{"type":"Point","coordinates":[1.26917,51.33921]},"properties":{"name":"Power infrastructure","category":"generator","osm_type":"way","osm_id":"839912593"}},{"type":"Feature","geometry":{"type":"Point","coordinates":[1.26945,51.3392]},"properties":{"name":"Power infrastructure","category":"generator","osm_type":"way","osm_id":"839912594"}},{"type":"Feature","geometry":{"type":"Point","coordinates":[1.26842,51.3393]},"properties":{"name":"Power infrastructure","category":"generator","osm_type":"way","osm_id":"839912595"}},{"type":"Feature","geometry":{"type":"Point","coordinates":[1.2688,51.3393]},"properties":{"name":"Power infrastructure","category":"generator","osm_type":"way","osm_id":"839912596"}},{"type":"Feature","geometry":{"type":"Point","coordinates":[1.26919,51.33929]},"properties":{"name":"Power infrastructure","category":"generator","osm_type":"way","osm_id":"839912597"}},{"type":"Feature","geometry":{"type":"Point","coordinates":[1.26947,51.33929]},"properties":{"name":"Power infrastructure","category":"generator","osm_type":"way","osm_id":"839912598"}},{"type":"Feature","geometry":{"type":"Point","coordinates":[1.2695,51.33937]},"properties":{"name":"Power infrastructure","category":"generator","osm_type":"way","osm_id":"839912599"}},{"type":"Feature","geometry":{"type":"Point","coordinates":[1.26921,51.33938]},"properties":{"name":"Power infrastructure","category":"generator","osm_type":"way","osm_id":"839912600"}},{"type":"Feature","geometry":{"type":"Point","coordinates":[1.26883,51.33938]},"properties":{"name":"Power infrastructure","category":"generator","osm_type":"way","osm_id":"839912601"}},{"type":"Feature","geometry":{"type":"Point","coordinates":[1.26845,51.33939]},"properties":{"name":"Power infrastructure","category":"generator","osm_type":"way","osm_id":"839912602"}},{"type":"Feature","geometry":{"type":"Point","coordinates":[1.26923,51.33947]},"properties":{"name":"Power infrastructure","category":"generator","osm_type":"way","osm_id":"839912603"}},{"type":"Feature","geometry":{"type":"Point","coordinates":[1.26923,51.33955]},"properties":{"name":"Power infrastructure","category":"generator","osm_type":"way","osm_id":"839912604"}},{"type":"Feature","geometry":{"type":"Point","coordinates":[1.269,51.33947]},"properties":{"name":"Power infrastructure","category":"generator","osm_type":"way","osm_id":"839912605"}},{"type":"Feature","geometry":{"type":"Point","coordinates":[1.26928,51.33942]},"properties":{"name":"Power infrastructure","category":"plant","osm_type":"way","osm_id":"839912606"}},{"type":"Feature","geometry":{"type":"Point","coordinates":[1.26899,51.33955]},"properties":{"name":"Power infrastructure","category":"generator","osm_type":"way","osm_id":"839912607"}},{"type":"Feature","geometry":{"type":"Point","coordinates":[1.38789,51.38588]},"properties":{"name":"Power infrastructure","category":"generator","osm_type":"way","osm_id":"842148696"}},{"type":"Feature","geometry":{"type":"Point","coordinates":[1.02048,51.2014]},"properties":{"name":"Power infrastructure","category":"generator","osm_type":"way","osm_id":"842238585"}},{"type":"Feature","geometry":{"type":"Point","coordinates":[1.15207,51.0945]},"properties":{"name":"Power infrastructure","category":"generator","osm_type":"way","osm_id":"844371075"}},{"type":"Feature","geometry":{"type":"Point","coordinates":[1.15234,51.09465]},"properties":{"name":"Power infrastructure","category":"generator","osm_type":"way","osm_id":"844371076"}},{"type":"Feature","geometry":{"type":"Point","coordinates":[1.16786,51.0929]},"properties":{"name":"Power infrastructure","category":"generator","osm_type":"way","osm_id":"844374680"}},{"type":"Feature","geometry":{"type":"Point","coordinates":[1.16783,51.093]},"properties":{"name":"Power infrastructure","category":"generator","osm_type":"way","osm_id":"844374681"}},{"type":"Feature","geometry":{"type":"Point","coordinates":[1.16766,51.09289]},"properties":{"name":"Power infrastructure","category":"generator","osm_type":"way","osm_id":"844374682"}},{"type":"Feature","geometry":{"type":"Point","coordinates":[1.16762,51.09299]},"properties":{"name":"Power infrastructure","category":"generator","osm_type":"way","osm_id":"844374683"}},{"type":"Feature","geometry":{"type":"Point","coordinates":[1.16745,51.09288]},"properties":{"name":"Power infrastructure","category":"generator","osm_type":"way","osm_id":"844374684"}},{"type":"Feature","geometry":{"type":"Point","coordinates":[1.16741,51.09298]},"properties":{"name":"Power infrastructure","category":"generator","osm_type":"way","osm_id":"844374685"}},{"type":"Feature","geometry":{"type":"Point","coordinates":[1.16731,51.09298]},"properties":{"name":"Power infrastructure","category":"generator","osm_type":"way","osm_id":"844374686"}},{"type":"Feature","geometry":{"type":"Point","coordinates":[1.16055,51.08717]},"properties":{"name":"Power infrastructure","category":"generator","osm_type":"way","osm_id":"844374687"}},{"type":"Feature","geometry":{"type":"Point","coordinates":[1.17257,51.09314]},"properties":{"name":"Power infrastructure","category":"generator","osm_type":"way","osm_id":"845456762"}},{"type":"Feature","geometry":{"type":"Point","coordinates":[1.004,51.03588]},"properties":{"name":"Dymchurch Primary 33kV","category":"substation","osm_type":"way","osm_id":"846116731","operator":"UK Power Networks"}},{"type":"Feature","geometry":{"type":"Point","coordinates":[1.16465,51.11459]},"properties":{"name":"Power infrastructure","category":"generator","osm_type":"way","osm_id":"846483184"}},{"type":"Feature","geometry":{"type":"Point","coordinates":[1.17821,51.12615]},"properties":{"name":"Power infrastructure","category":"generator","osm_type":"way","osm_id":"846484211"}},{"type":"Feature","geometry":{"type":"Point","coordinates":[1.09808,51.13928]},"properties":{"name":"Power infrastructure","category":"generator","osm_type":"way","osm_id":"846867333"}},{"type":"Feature","geometry":{"type":"Point","coordinates":[1.42331,51.38203]},"properties":{"name":"Power infrastructure","category":"generator","osm_type":"way","osm_id":"849095816"}},{"type":"Feature","geometry":{"type":"Point","coordinates":[1.2031,51.27092]},"properties":{"name":"Power infrastructure","category":"generator","osm_type":"way","osm_id":"851907057"}},{"type":"Feature","geometry":{"type":"Point","coordinates":[1.22897,51.28107]},"properties":{"name":"Power infrastructure","category":"generator","osm_type":"way","osm_id":"851907058"}},{"type":"Feature","geometry":{"type":"Point","coordinates":[1.43751,51.3739]},"properties":{"name":"Power infrastructure","category":"generator","osm_type":"way","osm_id":"852384055"}},{"type":"Feature","geometry":{"type":"Point","coordinates":[1.43684,51.3739]},"properties":{"name":"Power infrastructure","category":"generator","osm_type":"way","osm_id":"852384056"}},{"type":"Feature","geometry":{"type":"Point","coordinates":[1.42113,51.33771]},"properties":{"name":"Power infrastructure","category":"generator","osm_type":"way","osm_id":"852788416"}},{"type":"Feature","geometry":{"type":"Point","coordinates":[1.42628,51.33778]},"properties":{"name":"Power infrastructure","category":"generator","osm_type":"way","osm_id":"852788417"}},{"type":"Feature","geometry":{"type":"Point","coordinates":[1.4263,51.33769]},"properties":{"name":"Power infrastructure","category":"generator","osm_type":"way","osm_id":"852788418"}},{"type":"Feature","geometry":{"type":"Point","coordinates":[1.31121,51.18791]},"properties":{"name":"Power infrastructure","category":"generator","osm_type":"way","osm_id":"852789981"}},{"type":"Feature","geometry":{"type":"Point","coordinates":[1.09379,51.27504]},"properties":{"name":"Power infrastructure","category":"generator","osm_type":"way","osm_id":"853867655"}},{"type":"Feature","geometry":{"type":"Point","coordinates":[1.09306,51.2751]},"properties":{"name":"Power infrastructure","category":"generator","osm_type":"way","osm_id":"853867656"}},{"type":"Feature","geometry":{"type":"Point","coordinates":[1.09274,51.27507]},"properties":{"name":"Power infrastructure","category":"generator","osm_type":"way","osm_id":"853867657"}},{"type":"Feature","geometry":{"type":"Point","coordinates":[1.09069,51.27553]},"properties":{"name":"Power infrastructure","category":"generator","osm_type":"way","osm_id":"853867658"}},{"type":"Feature","geometry":{"type":"Point","coordinates":[1.09067,51.27547]},"properties":{"name":"Power infrastructure","category":"generator","osm_type":"way","osm_id":"853867659"}},{"type":"Feature","geometry":{"type":"Point","coordinates":[1.09057,51.2754]},"properties":{"name":"Power infrastructure","category":"generator","osm_type":"way","osm_id":"853867660"}},{"type":"Feature","geometry":{"type":"Point","coordinates":[1.09064,51.27538]},"properties":{"name":"Power infrastructure","category":"generator","osm_type":"way","osm_id":"853867661"}},{"type":"Feature","geometry":{"type":"Point","coordinates":[1.08971,51.27583]},"properties":{"name":"Power infrastructure","category":"generator","osm_type":"way","osm_id":"853867662"}},{"type":"Feature","geometry":{"type":"Point","coordinates":[1.08732,51.27584]},"properties":{"name":"Power infrastructure","category":"generator","osm_type":"way","osm_id":"854276930"}},{"type":"Feature","geometry":{"type":"Point","coordinates":[1.08591,51.27527]},"properties":{"name":"Power infrastructure","category":"generator","osm_type":"way","osm_id":"854276931"}},{"type":"Feature","geometry":{"type":"Point","coordinates":[1.03604,51.23439]},"properties":{"name":"Power infrastructure","category":"generator","osm_type":"way","osm_id":"854315510"}},{"type":"Feature","geometry":{"type":"Point","coordinates":[1.03615,51.23424]},"properties":{"name":"Power infrastructure","category":"generator","osm_type":"way","osm_id":"854315511"}},{"type":"Feature","geometry":{"type":"Point","coordinates":[1.07852,51.2718]},"properties":{"name":"Power infrastructure","category":"generator","osm_type":"way","osm_id":"857355697"}},{"type":"Feature","geometry":{"type":"Point","coordinates":[1.07856,51.27178]},"properties":{"name":"Power infrastructure","category":"generator","osm_type":"way","osm_id":"857355698"}},{"type":"Feature","geometry":{"type":"Point","coordinates":[1.04822,51.26892]},"properties":{"name":"Power infrastructure","category":"generator","osm_type":"way","osm_id":"857361764"}},{"type":"Feature","geometry":{"type":"Point","coordinates":[1.04764,51.26964]},"properties":{"name":"Power infrastructure","category":"generator","osm_type":"way","osm_id":"857361765"}},{"type":"Feature","geometry":{"type":"Point","coordinates":[1.04729,51.26996]},"properties":{"name":"Power infrastructure","category":"generator","osm_type":"way","osm_id":"857361766"}},{"type":"Feature","geometry":{"type":"Point","coordinates":[1.04733,51.26993]},"properties":{"name":"Power infrastructure","category":"generator","osm_type":"way","osm_id":"857361767"}},{"type":"Feature","geometry":{"type":"Point","coordinates":[1.04794,51.27045]},"properties":{"name":"Power infrastructure","category":"generator","osm_type":"way","osm_id":"857361768"}},{"type":"Feature","geometry":{"type":"Point","coordinates":[1.04796,51.27037]},"properties":{"name":"Power infrastructure","category":"generator","osm_type":"way","osm_id":"857361769"}},{"type":"Feature","geometry":{"type":"Point","coordinates":[1.05208,51.2641]},"properties":{"name":"Power infrastructure","category":"generator","osm_type":"way","osm_id":"857363286"}},{"type":"Feature","geometry":{"type":"Point","coordinates":[1.05208,51.26417]},"properties":{"name":"Power infrastructure","category":"generator","osm_type":"way","osm_id":"857363287"}},{"type":"Feature","geometry":{"type":"Point","coordinates":[1.0527,51.26415]},"properties":{"name":"Power infrastructure","category":"generator","osm_type":"way","osm_id":"857363288"}},{"type":"Feature","geometry":{"type":"Point","coordinates":[1.2176,51.1022]},"properties":{"name":"Power infrastructure","category":"generator","osm_type":"way","osm_id":"857509461"}},{"type":"Feature","geometry":{"type":"Point","coordinates":[1.06034,51.25473]},"properties":{"name":"Power infrastructure","category":"generator","osm_type":"way","osm_id":"858040018"}},{"type":"Feature","geometry":{"type":"Point","coordinates":[1.06014,51.25442]},"properties":{"name":"Power infrastructure","category":"generator","osm_type":"way","osm_id":"858040019"}},{"type":"Feature","geometry":{"type":"Point","coordinates":[1.06282,51.25661]},"properties":{"name":"Power infrastructure","category":"generator","osm_type":"way","osm_id":"858040020"}},{"type":"Feature","geometry":{"type":"Point","coordinates":[1.06344,51.25641]},"properties":{"name":"Power infrastructure","category":"generator","osm_type":"way","osm_id":"858040021"}},{"type":"Feature","geometry":{"type":"Point","coordinates":[1.21109,51.09981]},"properties":{"name":"Power infrastructure","category":"generator","osm_type":"way","osm_id":"863182786"}},{"type":"Feature","geometry":{"type":"Point","coordinates":[1.09447,51.27315]},"properties":{"name":"Power infrastructure","category":"generator","osm_type":"way","osm_id":"864835618"}},{"type":"Feature","geometry":{"type":"Point","coordinates":[1.09415,51.27305]},"properties":{"name":"Power infrastructure","category":"generator","osm_type":"way","osm_id":"864835619"}},{"type":"Feature","geometry":{"type":"Point","coordinates":[1.09399,51.27292]},"properties":{"name":"Power infrastructure","category":"generator","osm_type":"way","osm_id":"864835620"}},{"type":"Feature","geometry":{"type":"Point","coordinates":[1.09409,51.27298]},"properties":{"name":"Power infrastructure","category":"generator","osm_type":"way","osm_id":"864835621"}},{"type":"Feature","geometry":{"type":"Point","coordinates":[1.05547,51.24069]},"properties":{"name":"Power infrastructure","category":"generator","osm_type":"way","osm_id":"867995009"}},{"type":"Feature","geometry":{"type":"Point","coordinates":[1.05548,51.24074]},"properties":{"name":"Power infrastructure","category":"generator","osm_type":"way","osm_id":"867995010"}},{"type":"Feature","geometry":{"type":"Point","coordinates":[1.16603,51.07916]},"properties":{"name":"Power infrastructure","category":"generator","osm_type":"way","osm_id":"868763505"}},{"type":"Feature","geometry":{"type":"Point","coordinates":[1.16598,51.07919]},"properties":{"name":"Power infrastructure","category":"generator","osm_type":"way","osm_id":"868763506"}},{"type":"Feature","geometry":{"type":"Point","coordinates":[1.16605,51.07918]},"properties":{"name":"Power infrastructure","category":"generator","osm_type":"way","osm_id":"868763507"}},{"type":"Feature","geometry":{"type":"Point","coordinates":[1.29027,51.14937]},"properties":{"name":"Power infrastructure","category":"generator","osm_type":"way","osm_id":"871406352"}},{"type":"Feature","geometry":{"type":"Point","coordinates":[1.20664,51.15684]},"properties":{"name":"Power infrastructure","category":"generator","osm_type":"way","osm_id":"871469474"}},{"type":"Feature","geometry":{"type":"Point","coordinates":[1.20681,51.15828]},"properties":{"name":"Power infrastructure","category":"generator","osm_type":"way","osm_id":"871469475"}},{"type":"Feature","geometry":{"type":"Point","coordinates":[1.00435,51.28876]},"properties":{"name":"Power infrastructure","category":"generator","osm_type":"way","osm_id":"876069033"}},{"type":"Feature","geometry":{"type":"Point","coordinates":[1.16626,51.08085]},"properties":{"name":"Power infrastructure","category":"generator","osm_type":"way","osm_id":"876237694"}},{"type":"Feature","geometry":{"type":"Point","coordinates":[1.1663,51.08082]},"properties":{"name":"Power infrastructure","category":"generator","osm_type":"way","osm_id":"876237696"}},{"type":"Feature","geometry":{"type":"Point","coordinates":[1.16626,51.0797]},"properties":{"name":"Power infrastructure","category":"generator","osm_type":"way","osm_id":"876237704"}},{"type":"Feature","geometry":{"type":"Point","coordinates":[1.1664,51.07976]},"properties":{"name":"Power infrastructure","category":"generator","osm_type":"way","osm_id":"876237705"}},{"type":"Feature","geometry":{"type":"Point","coordinates":[1.1668,51.07943]},"properties":{"name":"Power infrastructure","category":"generator","osm_type":"way","osm_id":"876237713"}},{"type":"Feature","geometry":{"type":"Point","coordinates":[1.16695,51.07949]},"properties":{"name":"Power infrastructure","category":"generator","osm_type":"way","osm_id":"876237715"}},{"type":"Feature","geometry":{"type":"Point","coordinates":[1.167,51.0795]},"properties":{"name":"Power infrastructure","category":"generator","osm_type":"way","osm_id":"876237716"}},{"type":"Feature","geometry":{"type":"Point","coordinates":[1.16801,51.07826]},"properties":{"name":"Power infrastructure","category":"generator","osm_type":"way","osm_id":"876237748"}},{"type":"Feature","geometry":{"type":"Point","coordinates":[1.16841,51.07843]},"properties":{"name":"Power infrastructure","category":"generator","osm_type":"way","osm_id":"876237749"}},{"type":"Feature","geometry":{"type":"Point","coordinates":[1.16848,51.07853]},"properties":{"name":"Power infrastructure","category":"generator","osm_type":"way","osm_id":"876237750"}},{"type":"Feature","geometry":{"type":"Point","coordinates":[1.22989,51.1449]},"properties":{"name":"Power infrastructure","category":"generator","osm_type":"way","osm_id":"876651379"}},{"type":"Feature","geometry":{"type":"Point","coordinates":[1.22988,51.14379]},"properties":{"name":"Power infrastructure","category":"generator","osm_type":"way","osm_id":"876651380"}},{"type":"Feature","geometry":{"type":"Point","coordinates":[1.21165,51.14325]},"properties":{"name":"Power infrastructure","category":"generator","osm_type":"way","osm_id":"876651381"}},{"type":"Feature","geometry":{"type":"Point","coordinates":[1.20389,51.13732]},"properties":{"name":"Power infrastructure","category":"generator","osm_type":"way","osm_id":"876651382"}},{"type":"Feature","geometry":{"type":"Point","coordinates":[1.20067,51.14196]},"properties":{"name":"Power infrastructure","category":"generator","osm_type":"way","osm_id":"876651383"}},{"type":"Feature","geometry":{"type":"Point","coordinates":[1.22142,51.13342]},"properties":{"name":"Power infrastructure","category":"generator","osm_type":"way","osm_id":"876656175"}},{"type":"Feature","geometry":{"type":"Point","coordinates":[1.22179,51.13418]},"properties":{"name":"Power infrastructure","category":"generator","osm_type":"way","osm_id":"876656176"}},{"type":"Feature","geometry":{"type":"Point","coordinates":[1.22216,51.13399]},"properties":{"name":"Power infrastructure","category":"generator","osm_type":"way","osm_id":"876656177"}},{"type":"Feature","geometry":{"type":"Point","coordinates":[1.2257,51.13602]},"properties":{"name":"Power infrastructure","category":"generator","osm_type":"way","osm_id":"876656178"}},{"type":"Feature","geometry":{"type":"Point","coordinates":[1.22564,51.13522]},"properties":{"name":"Power infrastructure","category":"generator","osm_type":"way","osm_id":"876656179"}},{"type":"Feature","geometry":{"type":"Point","coordinates":[1.22551,51.13526]},"properties":{"name":"Power infrastructure","category":"generator","osm_type":"way","osm_id":"876656180"}},{"type":"Feature","geometry":{"type":"Point","coordinates":[1.22579,51.13531]},"properties":{"name":"Power infrastructure","category":"generator","osm_type":"way","osm_id":"876656181"}},{"type":"Feature","geometry":{"type":"Point","coordinates":[1.21374,51.13996]},"properties":{"name":"Power infrastructure","category":"generator","osm_type":"way","osm_id":"876656182"}},{"type":"Feature","geometry":{"type":"Point","coordinates":[1.2395,51.14556]},"properties":{"name":"Power infrastructure","category":"generator","osm_type":"way","osm_id":"876660008"}},{"type":"Feature","geometry":{"type":"Point","coordinates":[1.22004,51.12547]},"properties":{"name":"Power infrastructure","category":"generator","osm_type":"way","osm_id":"876660009"}},{"type":"Feature","geometry":{"type":"Point","coordinates":[1.22274,51.13602]},"properties":{"name":"Power infrastructure","category":"generator","osm_type":"way","osm_id":"876660010"}},{"type":"Feature","geometry":{"type":"Point","coordinates":[1.18298,51.1254]},"properties":{"name":"Power infrastructure","category":"generator","osm_type":"way","osm_id":"877951513"}},{"type":"Feature","geometry":{"type":"Point","coordinates":[1.18297,51.12541]},"properties":{"name":"Power infrastructure","category":"generator","osm_type":"way","osm_id":"877951514"}},{"type":"Feature","geometry":{"type":"Point","coordinates":[1.20457,51.10462]},"properties":{"name":"Power infrastructure","category":"generator","osm_type":"way","osm_id":"878210955"}},{"type":"Feature","geometry":{"type":"Point","coordinates":[1.20459,51.10462]},"properties":{"name":"Power infrastructure","category":"generator","osm_type":"way","osm_id":"878210956"}},{"type":"Feature","geometry":{"type":"Point","coordinates":[1.20464,51.10462]},"properties":{"name":"Power infrastructure","category":"generator","osm_type":"way","osm_id":"878210957"}},{"type":"Feature","geometry":{"type":"Point","coordinates":[1.20471,51.10463]},"properties":{"name":"Power infrastructure","category":"generator","osm_type":"way","osm_id":"878210958"}},{"type":"Feature","geometry":{"type":"Point","coordinates":[1.20477,51.10473]},"properties":{"name":"Power infrastructure","category":"generator","osm_type":"way","osm_id":"878210959"}},{"type":"Feature","geometry":{"type":"Point","coordinates":[1.24364,51.11768]},"properties":{"name":"Power infrastructure","category":"generator","osm_type":"way","osm_id":"878213121"}},{"type":"Feature","geometry":{"type":"Point","coordinates":[1.25178,51.13099]},"properties":{"name":"Power infrastructure","category":"generator","osm_type":"way","osm_id":"878213122"}},{"type":"Feature","geometry":{"type":"Point","coordinates":[1.23908,51.12401]},"properties":{"name":"Power infrastructure","category":"generator","osm_type":"way","osm_id":"878213123"}},{"type":"Feature","geometry":{"type":"Point","coordinates":[1.25889,51.11089]},"properties":{"name":"Power infrastructure","category":"generator","osm_type":"way","osm_id":"878215910"}},{"type":"Feature","geometry":{"type":"Point","coordinates":[1.25926,51.11106]},"properties":{"name":"Power infrastructure","category":"generator","osm_type":"way","osm_id":"878215911"}},{"type":"Feature","geometry":{"type":"Point","coordinates":[1.21584,51.17337]},"properties":{"name":"Power infrastructure","category":"generator","osm_type":"way","osm_id":"881404178"}},{"type":"Feature","geometry":{"type":"Point","coordinates":[1.21617,51.17338]},"properties":{"name":"Power infrastructure","category":"generator","osm_type":"way","osm_id":"881404179"}},{"type":"Feature","geometry":{"type":"Point","coordinates":[1.26394,51.20414]},"properties":{"name":"Power infrastructure","category":"generator","osm_type":"way","osm_id":"881409772"}},{"type":"Feature","geometry":{"type":"Point","coordinates":[1.03689,51.11978]},"properties":{"name":"Power infrastructure","category":"generator","osm_type":"way","osm_id":"882474239"}},{"type":"Feature","geometry":{"type":"Point","coordinates":[1.03595,51.11986]},"properties":{"name":"Power infrastructure","category":"generator","osm_type":"way","osm_id":"882474240"}},{"type":"Feature","geometry":{"type":"Point","coordinates":[1.03686,51.11891]},"properties":{"name":"Power infrastructure","category":"generator","osm_type":"way","osm_id":"882474241"}},{"type":"Feature","geometry":{"type":"Point","coordinates":[1.03756,51.11896]},"properties":{"name":"Power infrastructure","category":"generator","osm_type":"way","osm_id":"882474242"}},{"type":"Feature","geometry":{"type":"Point","coordinates":[1.03757,51.11879]},"properties":{"name":"Power infrastructure","category":"generator","osm_type":"way","osm_id":"882474243"}},{"type":"Feature","geometry":{"type":"Point","coordinates":[1.0577,51.11304]},"properties":{"name":"Power infrastructure","category":"generator","osm_type":"way","osm_id":"882474244"}},{"type":"Feature","geometry":{"type":"Point","coordinates":[1.05721,51.11219]},"properties":{"name":"Power infrastructure","category":"generator","osm_type":"way","osm_id":"882474245"}},{"type":"Feature","geometry":{"type":"Point","coordinates":[1.03825,51.10065]},"properties":{"name":"Power infrastructure","category":"generator","osm_type":"way","osm_id":"882475351"}},{"type":"Feature","geometry":{"type":"Point","coordinates":[1.03806,51.10142]},"properties":{"name":"Power infrastructure","category":"generator","osm_type":"way","osm_id":"882475352"}},{"type":"Feature","geometry":{"type":"Point","coordinates":[1.04485,51.09479]},"properties":{"name":"Power infrastructure","category":"generator","osm_type":"way","osm_id":"882476770"}},{"type":"Feature","geometry":{"type":"Point","coordinates":[1.04486,51.09482]},"properties":{"name":"Power infrastructure","category":"generator","osm_type":"way","osm_id":"882476771"}},{"type":"Feature","geometry":{"type":"Point","coordinates":[1.16288,51.08137]},"properties":{"name":"Power infrastructure","category":"generator","osm_type":"way","osm_id":"882722987"}},{"type":"Feature","geometry":{"type":"Point","coordinates":[1.16292,51.08139]},"properties":{"name":"Power infrastructure","category":"generator","osm_type":"way","osm_id":"882722988"}},{"type":"Feature","geometry":{"type":"Point","coordinates":[1.16288,51.08152]},"properties":{"name":"Power infrastructure","category":"generator","osm_type":"way","osm_id":"882722989"}},{"type":"Feature","geometry":{"type":"Point","coordinates":[1.16271,51.08144]},"properties":{"name":"Power infrastructure","category":"generator","osm_type":"way","osm_id":"882722990"}},{"type":"Feature","geometry":{"type":"Point","coordinates":[1.16244,51.08146]},"properties":{"name":"Power infrastructure","category":"generator","osm_type":"way","osm_id":"882722991"}},{"type":"Feature","geometry":{"type":"Point","coordinates":[1.163,51.08162]},"properties":{"name":"Power infrastructure","category":"generator","osm_type":"way","osm_id":"882722992"}},{"type":"Feature","geometry":{"type":"Point","coordinates":[1.16295,51.08142]},"properties":{"name":"Power infrastructure","category":"generator","osm_type":"way","osm_id":"882722993"}},{"type":"Feature","geometry":{"type":"Point","coordinates":[1.16047,51.09003]},"properties":{"name":"Power infrastructure","category":"generator","osm_type":"way","osm_id":"882763962"}},{"type":"Feature","geometry":{"type":"Point","coordinates":[1.15948,51.09109]},"properties":{"name":"Power infrastructure","category":"generator","osm_type":"way","osm_id":"882763965"}},{"type":"Feature","geometry":{"type":"Point","coordinates":[1.15994,51.09285]},"properties":{"name":"Power infrastructure","category":"generator","osm_type":"way","osm_id":"882763968"}},{"type":"Feature","geometry":{"type":"Point","coordinates":[1.16024,51.09349]},"properties":{"name":"Power infrastructure","category":"generator","osm_type":"way","osm_id":"882763969"}},{"type":"Feature","geometry":{"type":"Point","coordinates":[1.15626,51.08605]},"properties":{"name":"Power infrastructure","category":"generator","osm_type":"way","osm_id":"882763970"}},{"type":"Feature","geometry":{"type":"Point","coordinates":[1.16017,51.09256]},"properties":{"name":"Power infrastructure","category":"generator","osm_type":"way","osm_id":"882763971"}},{"type":"Feature","geometry":{"type":"Point","coordinates":[1.15896,51.09158]},"properties":{"name":"Power infrastructure","category":"generator","osm_type":"way","osm_id":"882763972"}},{"type":"Feature","geometry":{"type":"Point","coordinates":[1.1577,51.09061]},"properties":{"name":"Power infrastructure","category":"generator","osm_type":"way","osm_id":"882763973"}},{"type":"Feature","geometry":{"type":"Point","coordinates":[1.16058,51.09003]},"properties":{"name":"Power infrastructure","category":"generator","osm_type":"way","osm_id":"882763975"}},{"type":"Feature","geometry":{"type":"Point","coordinates":[1.15774,51.09065]},"properties":{"name":"Power infrastructure","category":"generator","osm_type":"way","osm_id":"882763978"}},{"type":"Feature","geometry":{"type":"Point","coordinates":[1.17449,51.08714]},"properties":{"name":"Power infrastructure","category":"generator","osm_type":"way","osm_id":"882774005"}},{"type":"Feature","geometry":{"type":"Point","coordinates":[1.16725,51.09248]},"properties":{"name":"Power infrastructure","category":"generator","osm_type":"way","osm_id":"882774007"}},{"type":"Feature","geometry":{"type":"Point","coordinates":[1.17322,51.09038]},"properties":{"name":"Power infrastructure","category":"generator","osm_type":"way","osm_id":"882774010"}},{"type":"Feature","geometry":{"type":"Point","coordinates":[1.16749,51.0924]},"properties":{"name":"Power infrastructure","category":"generator","osm_type":"way","osm_id":"882774011"}},{"type":"Feature","geometry":{"type":"Point","coordinates":[1.17471,51.08715]},"properties":{"name":"Power infrastructure","category":"generator","osm_type":"way","osm_id":"882774013"}},{"type":"Feature","geometry":{"type":"Point","coordinates":[1.16761,51.09255]},"properties":{"name":"Power infrastructure","category":"generator","osm_type":"way","osm_id":"882774015"}},{"type":"Feature","geometry":{"type":"Point","coordinates":[1.15383,51.0737]},"properties":{"name":"Power infrastructure","category":"generator","osm_type":"way","osm_id":"884052621"}},{"type":"Feature","geometry":{"type":"Point","coordinates":[1.15387,51.07375]},"properties":{"name":"Power infrastructure","category":"generator","osm_type":"way","osm_id":"884052623"}},{"type":"Feature","geometry":{"type":"Point","coordinates":[1.15446,51.07354]},"properties":{"name":"Power infrastructure","category":"generator","osm_type":"way","osm_id":"884052624"}},{"type":"Feature","geometry":{"type":"Point","coordinates":[1.15893,51.08875]},"properties":{"name":"Power infrastructure","category":"generator","osm_type":"way","osm_id":"886236240"}},{"type":"Feature","geometry":{"type":"Point","coordinates":[1.15881,51.08879]},"properties":{"name":"Power infrastructure","category":"generator","osm_type":"way","osm_id":"886236243"}},{"type":"Feature","geometry":{"type":"Point","coordinates":[1.22143,51.10419]},"properties":{"name":"Power infrastructure","category":"generator","osm_type":"way","osm_id":"886567993"}},{"type":"Feature","geometry":{"type":"Point","coordinates":[1.2102,51.10129]},"properties":{"name":"Power infrastructure","category":"generator","osm_type":"way","osm_id":"886568013"}},{"type":"Feature","geometry":{"type":"Point","coordinates":[1.2071,51.10003]},"properties":{"name":"Power infrastructure","category":"generator","osm_type":"way","osm_id":"886568014"}},{"type":"Feature","geometry":{"type":"Point","coordinates":[1.21601,51.10393]},"properties":{"name":"Power infrastructure","category":"generator","osm_type":"way","osm_id":"887353459"}},{"type":"Feature","geometry":{"type":"Point","coordinates":[1.21575,51.10436]},"properties":{"name":"Power infrastructure","category":"generator","osm_type":"way","osm_id":"887353469"}},{"type":"Feature","geometry":{"type":"Point","coordinates":[1.15921,51.07787]},"properties":{"name":"Power infrastructure","category":"generator","osm_type":"way","osm_id":"887578220"}},{"type":"Feature","geometry":{"type":"Point","coordinates":[1.15639,51.07538]},"properties":{"name":"Power infrastructure","category":"generator","osm_type":"way","osm_id":"887665665"}},{"type":"Feature","geometry":{"type":"Point","coordinates":[1.15705,51.07574]},"properties":{"name":"Power infrastructure","category":"generator","osm_type":"way","osm_id":"887665676"}},{"type":"Feature","geometry":{"type":"Point","coordinates":[1.15699,51.07573]},"properties":{"name":"Power infrastructure","category":"generator","osm_type":"way","osm_id":"887665677"}},{"type":"Feature","geometry":{"type":"Point","coordinates":[1.15708,51.07572]},"properties":{"name":"Power infrastructure","category":"generator","osm_type":"way","osm_id":"887665678"}},{"type":"Feature","geometry":{"type":"Point","coordinates":[1.15714,51.07576]},"properties":{"name":"Power infrastructure","category":"generator","osm_type":"way","osm_id":"887665679"}},{"type":"Feature","geometry":{"type":"Point","coordinates":[1.1832,51.07893]},"properties":{"name":"Power infrastructure","category":"generator","osm_type":"way","osm_id":"887882116"}},{"type":"Feature","geometry":{"type":"Point","coordinates":[1.1605,51.08315]},"properties":{"name":"Power infrastructure","category":"generator","osm_type":"way","osm_id":"887902018"}},{"type":"Feature","geometry":{"type":"Point","coordinates":[1.16031,51.08317]},"properties":{"name":"Power infrastructure","category":"generator","osm_type":"way","osm_id":"887902020"}},{"type":"Feature","geometry":{"type":"Point","coordinates":[1.15995,51.08325]},"properties":{"name":"Power infrastructure","category":"generator","osm_type":"way","osm_id":"887902022"}},{"type":"Feature","geometry":{"type":"Point","coordinates":[1.15874,51.08975]},"properties":{"name":"Power infrastructure","category":"generator","osm_type":"way","osm_id":"887902024"}},{"type":"Feature","geometry":{"type":"Point","coordinates":[1.15858,51.09028]},"properties":{"name":"Power infrastructure","category":"generator","osm_type":"way","osm_id":"887902026"}},{"type":"Feature","geometry":{"type":"Point","coordinates":[1.16012,51.09035]},"properties":{"name":"Power infrastructure","category":"generator","osm_type":"way","osm_id":"887902029"}},{"type":"Feature","geometry":{"type":"Point","coordinates":[1.16174,51.09]},"properties":{"name":"Power infrastructure","category":"generator","osm_type":"way","osm_id":"887902032"}},{"type":"Feature","geometry":{"type":"Point","coordinates":[1.16068,51.09071]},"properties":{"name":"Power infrastructure","category":"generator","osm_type":"way","osm_id":"887902034"}},{"type":"Feature","geometry":{"type":"Point","coordinates":[1.16411,51.09105]},"properties":{"name":"Power infrastructure","category":"generator","osm_type":"way","osm_id":"887902037"}},{"type":"Feature","geometry":{"type":"Point","coordinates":[1.16241,51.09082]},"properties":{"name":"Power infrastructure","category":"generator","osm_type":"way","osm_id":"887902040"}},{"type":"Feature","geometry":{"type":"Point","coordinates":[1.16111,51.09112]},"properties":{"name":"Power infrastructure","category":"generator","osm_type":"way","osm_id":"887902041"}},{"type":"Feature","geometry":{"type":"Point","coordinates":[1.16333,51.09167]},"properties":{"name":"Power infrastructure","category":"generator","osm_type":"way","osm_id":"887902044"}},{"type":"Feature","geometry":{"type":"Point","coordinates":[1.16328,51.09167]},"properties":{"name":"Power infrastructure","category":"generator","osm_type":"way","osm_id":"887902045"}},{"type":"Feature","geometry":{"type":"Point","coordinates":[1.16227,51.09222]},"properties":{"name":"Power infrastructure","category":"generator","osm_type":"way","osm_id":"887902047"}},{"type":"Feature","geometry":{"type":"Point","coordinates":[1.16222,51.09225]},"properties":{"name":"Power infrastructure","category":"generator","osm_type":"way","osm_id":"887902048"}},{"type":"Feature","geometry":{"type":"Point","coordinates":[1.16036,51.09204]},"properties":{"name":"Power infrastructure","category":"generator","osm_type":"way","osm_id":"887902050"}},{"type":"Feature","geometry":{"type":"Point","coordinates":[1.16043,51.09204]},"properties":{"name":"Power infrastructure","category":"generator","osm_type":"way","osm_id":"887902051"}},{"type":"Feature","geometry":{"type":"Point","coordinates":[1.1602,51.09218]},"properties":{"name":"Power infrastructure","category":"generator","osm_type":"way","osm_id":"887902053"}},{"type":"Feature","geometry":{"type":"Point","coordinates":[1.1602,51.09177]},"properties":{"name":"Power infrastructure","category":"generator","osm_type":"way","osm_id":"887902056"}},{"type":"Feature","geometry":{"type":"Point","coordinates":[1.16065,51.09165]},"properties":{"name":"Power infrastructure","category":"generator","osm_type":"way","osm_id":"887902058"}},{"type":"Feature","geometry":{"type":"Point","coordinates":[1.16156,51.09198]},"properties":{"name":"Power infrastructure","category":"generator","osm_type":"way","osm_id":"887902060"}},{"type":"Feature","geometry":{"type":"Point","coordinates":[1.15964,51.09315]},"properties":{"name":"Power infrastructure","category":"generator","osm_type":"way","osm_id":"889635353"}},{"type":"Feature","geometry":{"type":"Point","coordinates":[1.02646,51.25026]},"properties":{"name":"Power infrastructure","category":"generator","osm_type":"way","osm_id":"890128710"}},{"type":"Feature","geometry":{"type":"Point","coordinates":[1.16097,51.09304]},"properties":{"name":"Power infrastructure","category":"generator","osm_type":"way","osm_id":"890188108"}},{"type":"Feature","geometry":{"type":"Point","coordinates":[1.1625,51.09315]},"properties":{"name":"Power infrastructure","category":"generator","osm_type":"way","osm_id":"890188110"}},{"type":"Feature","geometry":{"type":"Point","coordinates":[1.16275,51.09345]},"properties":{"name":"Power infrastructure","category":"generator","osm_type":"way","osm_id":"890188113"}},{"type":"Feature","geometry":{"type":"Point","coordinates":[1.16218,51.09381]},"properties":{"name":"Power infrastructure","category":"generator","osm_type":"way","osm_id":"890188115"}},{"type":"Feature","geometry":{"type":"Point","coordinates":[1.16138,51.09341]},"properties":{"name":"Power infrastructure","category":"generator","osm_type":"way","osm_id":"890188117"}},{"type":"Feature","geometry":{"type":"Point","coordinates":[1.16165,51.09392]},"properties":{"name":"Power infrastructure","category":"generator","osm_type":"way","osm_id":"890188122"}},{"type":"Feature","geometry":{"type":"Point","coordinates":[1.16183,51.09402]},"properties":{"name":"Power infrastructure","category":"generator","osm_type":"way","osm_id":"890188123"}},{"type":"Feature","geometry":{"type":"Point","coordinates":[1.16172,51.09445]},"properties":{"name":"Power infrastructure","category":"generator","osm_type":"way","osm_id":"890188126"}},{"type":"Feature","geometry":{"type":"Point","coordinates":[1.161,51.09452]},"properties":{"name":"Power infrastructure","category":"generator","osm_type":"way","osm_id":"890188128"}},{"type":"Feature","geometry":{"type":"Point","coordinates":[1.15929,51.09446]},"properties":{"name":"Power infrastructure","category":"generator","osm_type":"way","osm_id":"890188129"}},{"type":"Feature","geometry":{"type":"Point","coordinates":[1.15891,51.09388]},"properties":{"name":"Power infrastructure","category":"generator","osm_type":"way","osm_id":"890835541"}},{"type":"Feature","geometry":{"type":"Point","coordinates":[1.05537,51.26749]},"properties":{"name":"Power infrastructure","category":"substation","osm_type":"way","osm_id":"890862620"}},{"type":"Feature","geometry":{"type":"Point","coordinates":[1.10958,51.27773]},"properties":{"name":"Power infrastructure","category":"generator","osm_type":"way","osm_id":"890867470"}},{"type":"Feature","geometry":{"type":"Point","coordinates":[1.10996,51.2781]},"properties":{"name":"Power infrastructure","category":"generator","osm_type":"way","osm_id":"890867471"}},{"type":"Feature","geometry":{"type":"Point","coordinates":[1.10991,51.27805]},"properties":{"name":"Power infrastructure","category":"generator","osm_type":"way","osm_id":"890867472"}},{"type":"Feature","geometry":{"type":"Point","coordinates":[1.10921,51.27807]},"properties":{"name":"Power infrastructure","category":"generator","osm_type":"way","osm_id":"890867476"}},{"type":"Feature","geometry":{"type":"Point","coordinates":[1.10926,51.27812]},"properties":{"name":"Power infrastructure","category":"generator","osm_type":"way","osm_id":"890867477"}},{"type":"Feature","geometry":{"type":"Point","coordinates":[1.09522,51.28235]},"properties":{"name":"Power infrastructure","category":"generator","osm_type":"way","osm_id":"890950761"}},{"type":"Feature","geometry":{"type":"Point","coordinates":[1.11052,51.27921]},"properties":{"name":"Power infrastructure","category":"generator","osm_type":"way","osm_id":"890951105"}},{"type":"Feature","geometry":{"type":"Point","coordinates":[1.11413,51.27696]},"properties":{"name":"Power infrastructure","category":"generator","osm_type":"way","osm_id":"890999197"}},{"type":"Feature","geometry":{"type":"Point","coordinates":[1.3973,51.34827]},"properties":{"name":"Power infrastructure","category":"substation","osm_type":"way","osm_id":"891263665"}},{"type":"Feature","geometry":{"type":"Point","coordinates":[1.14583,51.10722]},"properties":{"name":"Power infrastructure","category":"generator","osm_type":"way","osm_id":"891285705"}},{"type":"Feature","geometry":{"type":"Point","coordinates":[1.14583,51.10719]},"properties":{"name":"Power infrastructure","category":"generator","osm_type":"way","osm_id":"891285706"}},{"type":"Feature","geometry":{"type":"Point","coordinates":[1.15523,51.10776]},"properties":{"name":"Power infrastructure","category":"generator","osm_type":"way","osm_id":"891285732"}},{"type":"Feature","geometry":{"type":"Point","coordinates":[1.15526,51.10774]},"properties":{"name":"Power infrastructure","category":"generator","osm_type":"way","osm_id":"891285733"}},{"type":"Feature","geometry":{"type":"Point","coordinates":[1.14936,51.10995]},"properties":{"name":"Power infrastructure","category":"generator","osm_type":"way","osm_id":"891285734"}},{"type":"Feature","geometry":{"type":"Point","coordinates":[1.14946,51.10998]},"properties":{"name":"Power infrastructure","category":"generator","osm_type":"way","osm_id":"891285735"}},{"type":"Feature","geometry":{"type":"Point","coordinates":[1.15018,51.10998]},"properties":{"name":"Power infrastructure","category":"generator","osm_type":"way","osm_id":"891285737"}},{"type":"Feature","geometry":{"type":"Point","coordinates":[1.15093,51.1102]},"properties":{"name":"Power infrastructure","category":"generator","osm_type":"way","osm_id":"891285740"}},{"type":"Feature","geometry":{"type":"Point","coordinates":[1.16081,51.07803]},"properties":{"name":"Power infrastructure","category":"generator","osm_type":"way","osm_id":"891481766"}},{"type":"Feature","geometry":{"type":"Point","coordinates":[1.16078,51.07806]},"properties":{"name":"Power infrastructure","category":"generator","osm_type":"way","osm_id":"891481767"}},{"type":"Feature","geometry":{"type":"Point","coordinates":[1.16134,51.07795]},"properties":{"name":"Power infrastructure","category":"generator","osm_type":"way","osm_id":"891481768"}},{"type":"Feature","geometry":{"type":"Point","coordinates":[1.16063,51.07989]},"properties":{"name":"Power infrastructure","category":"generator","osm_type":"way","osm_id":"891481769"}},{"type":"Feature","geometry":{"type":"Point","coordinates":[1.16058,51.08001]},"properties":{"name":"Power infrastructure","category":"generator","osm_type":"way","osm_id":"891481770"}},{"type":"Feature","geometry":{"type":"Point","coordinates":[1.1636,51.08087]},"properties":{"name":"Power infrastructure","category":"generator","osm_type":"way","osm_id":"891481771"}},{"type":"Feature","geometry":{"type":"Point","coordinates":[1.16368,51.08086]},"properties":{"name":"Power infrastructure","category":"generator","osm_type":"way","osm_id":"891481772"}},{"type":"Feature","geometry":{"type":"Point","coordinates":[1.16381,51.08084]},"properties":{"name":"Power infrastructure","category":"generator","osm_type":"way","osm_id":"891481773"}},{"type":"Feature","geometry":{"type":"Point","coordinates":[1.16389,51.08084]},"properties":{"name":"Power infrastructure","category":"generator","osm_type":"way","osm_id":"891481774"}},{"type":"Feature","geometry":{"type":"Point","coordinates":[1.16397,51.08083]},"properties":{"name":"Power infrastructure","category":"generator","osm_type":"way","osm_id":"891481775"}},{"type":"Feature","geometry":{"type":"Point","coordinates":[1.15468,51.07694]},"properties":{"name":"Power infrastructure","category":"generator","osm_type":"way","osm_id":"891964237"}},{"type":"Feature","geometry":{"type":"Point","coordinates":[1.12605,51.29694]},"properties":{"name":"Power infrastructure","category":"generator","osm_type":"way","osm_id":"893037042"}},{"type":"Feature","geometry":{"type":"Point","coordinates":[1.12186,51.29926]},"properties":{"name":"Power infrastructure","category":"generator","osm_type":"way","osm_id":"893037583"}},{"type":"Feature","geometry":{"type":"Point","coordinates":[1.1236,51.29863]},"properties":{"name":"Power infrastructure","category":"generator","osm_type":"way","osm_id":"893037584"}},{"type":"Feature","geometry":{"type":"Point","coordinates":[1.14839,51.08322]},"properties":{"name":"Power infrastructure","category":"generator","osm_type":"way","osm_id":"893122404"}},{"type":"Feature","geometry":{"type":"Point","coordinates":[1.14479,51.08497]},"properties":{"name":"Power infrastructure","category":"generator","osm_type":"way","osm_id":"893147787"}},{"type":"Feature","geometry":{"type":"Point","coordinates":[1.21102,51.10149]},"properties":{"name":"Power infrastructure","category":"generator","osm_type":"way","osm_id":"893150958"}},{"type":"Feature","geometry":{"type":"Point","coordinates":[1.21159,51.10005]},"properties":{"name":"Power infrastructure","category":"generator","osm_type":"way","osm_id":"893150959"}},{"type":"Feature","geometry":{"type":"Point","coordinates":[1.21502,51.10075]},"properties":{"name":"Power infrastructure","category":"generator","osm_type":"way","osm_id":"893150960"}},{"type":"Feature","geometry":{"type":"Point","coordinates":[1.16444,51.08367]},"properties":{"name":"Power infrastructure","category":"generator","osm_type":"way","osm_id":"893162411"}},{"type":"Feature","geometry":{"type":"Point","coordinates":[1.16575,51.08339]},"properties":{"name":"Power infrastructure","category":"generator","osm_type":"way","osm_id":"893162413"}},{"type":"Feature","geometry":{"type":"Point","coordinates":[1.16367,51.08508]},"properties":{"name":"Power infrastructure","category":"generator","osm_type":"way","osm_id":"893162417"}},{"type":"Feature","geometry":{"type":"Point","coordinates":[1.16447,51.08593]},"properties":{"name":"Power infrastructure","category":"generator","osm_type":"way","osm_id":"893162418"}},{"type":"Feature","geometry":{"type":"Point","coordinates":[1.16456,51.08592]},"properties":{"name":"Power infrastructure","category":"generator","osm_type":"way","osm_id":"893162419"}},{"type":"Feature","geometry":{"type":"Point","coordinates":[1.16419,51.08634]},"properties":{"name":"Power infrastructure","category":"generator","osm_type":"way","osm_id":"893162421"}},{"type":"Feature","geometry":{"type":"Point","coordinates":[1.16497,51.08579]},"properties":{"name":"Power infrastructure","category":"generator","osm_type":"way","osm_id":"893162423"}},{"type":"Feature","geometry":{"type":"Point","coordinates":[1.19689,51.09324]},"properties":{"name":"Power infrastructure","category":"generator","osm_type":"way","osm_id":"893648129"}},{"type":"Feature","geometry":{"type":"Point","coordinates":[1.38744,51.34591]},"properties":{"name":"Power infrastructure","category":"generator","osm_type":"way","osm_id":"893911598"}},{"type":"Feature","geometry":{"type":"Point","coordinates":[1.3872,51.34064]},"properties":{"name":"Power infrastructure","category":"generator","osm_type":"way","osm_id":"893912852"}},{"type":"Feature","geometry":{"type":"Point","coordinates":[1.38742,51.34056]},"properties":{"name":"Power infrastructure","category":"generator","osm_type":"way","osm_id":"893912853"}},{"type":"Feature","geometry":{"type":"Point","coordinates":[1.3876,51.34063]},"properties":{"name":"Power infrastructure","category":"generator","osm_type":"way","osm_id":"893912854"}},{"type":"Feature","geometry":{"type":"Point","coordinates":[1.39,51.34134]},"properties":{"name":"Power infrastructure","category":"generator","osm_type":"way","osm_id":"893913359"}},{"type":"Feature","geometry":{"type":"Point","coordinates":[1.15699,51.07695]},"properties":{"name":"Power infrastructure","category":"generator","osm_type":"way","osm_id":"894362107"}},{"type":"Feature","geometry":{"type":"Point","coordinates":[1.15871,51.07739]},"properties":{"name":"Power infrastructure","category":"generator","osm_type":"way","osm_id":"894384497"}},{"type":"Feature","geometry":{"type":"Point","coordinates":[1.15877,51.07745]},"properties":{"name":"Power infrastructure","category":"generator","osm_type":"way","osm_id":"894384498"}},{"type":"Feature","geometry":{"type":"Point","coordinates":[1.15874,51.07748]},"properties":{"name":"Power infrastructure","category":"generator","osm_type":"way","osm_id":"894384499"}},{"type":"Feature","geometry":{"type":"Point","coordinates":[1.16052,51.07971]},"properties":{"name":"Power infrastructure","category":"generator","osm_type":"way","osm_id":"894603841"}},{"type":"Feature","geometry":{"type":"Point","coordinates":[1.1599,51.07989]},"properties":{"name":"Power infrastructure","category":"generator","osm_type":"way","osm_id":"894603842"}},{"type":"Feature","geometry":{"type":"Point","coordinates":[1.15943,51.08113]},"properties":{"name":"Power infrastructure","category":"generator","osm_type":"way","osm_id":"894603848"}},{"type":"Feature","geometry":{"type":"Point","coordinates":[1.17239,51.07744]},"properties":{"name":"Power infrastructure","category":"generator","osm_type":"way","osm_id":"894933310"}},{"type":"Feature","geometry":{"type":"Point","coordinates":[1.17243,51.07753]},"properties":{"name":"Power infrastructure","category":"generator","osm_type":"way","osm_id":"894933311"}},{"type":"Feature","geometry":{"type":"Point","coordinates":[1.17248,51.07754]},"properties":{"name":"Power infrastructure","category":"generator","osm_type":"way","osm_id":"894933312"}},{"type":"Feature","geometry":{"type":"Point","coordinates":[1.1723,51.07772]},"properties":{"name":"Power infrastructure","category":"generator","osm_type":"way","osm_id":"894933313"}},{"type":"Feature","geometry":{"type":"Point","coordinates":[1.1722,51.07804]},"properties":{"name":"Power infrastructure","category":"generator","osm_type":"way","osm_id":"894933314"}},{"type":"Feature","geometry":{"type":"Point","coordinates":[1.1721,51.07802]},"properties":{"name":"Power infrastructure","category":"generator","osm_type":"way","osm_id":"894933315"}},{"type":"Feature","geometry":{"type":"Point","coordinates":[1.17223,51.07784]},"properties":{"name":"Power infrastructure","category":"generator","osm_type":"way","osm_id":"894933316"}},{"type":"Feature","geometry":{"type":"Point","coordinates":[1.17426,51.08215]},"properties":{"name":"Power infrastructure","category":"generator","osm_type":"way","osm_id":"894961671"}},{"type":"Feature","geometry":{"type":"Point","coordinates":[1.17393,51.08196]},"properties":{"name":"Power infrastructure","category":"generator","osm_type":"way","osm_id":"894961675"}},{"type":"Feature","geometry":{"type":"Point","coordinates":[1.1739,51.08189]},"properties":{"name":"Power infrastructure","category":"generator","osm_type":"way","osm_id":"894961676"}},{"type":"Feature","geometry":{"type":"Point","coordinates":[1.17382,51.08186]},"properties":{"name":"Power infrastructure","category":"generator","osm_type":"way","osm_id":"894961677"}},{"type":"Feature","geometry":{"type":"Point","coordinates":[1.17372,51.08187]},"properties":{"name":"Power infrastructure","category":"generator","osm_type":"way","osm_id":"894961678"}},{"type":"Feature","geometry":{"type":"Point","coordinates":[1.17291,51.08202]},"properties":{"name":"Power infrastructure","category":"generator","osm_type":"way","osm_id":"894961686"}},{"type":"Feature","geometry":{"type":"Point","coordinates":[1.17285,51.08203]},"properties":{"name":"Power infrastructure","category":"generator","osm_type":"way","osm_id":"894961687"}},{"type":"Feature","geometry":{"type":"Point","coordinates":[1.18442,51.08468]},"properties":{"name":"Power infrastructure","category":"generator","osm_type":"way","osm_id":"894969259"}},{"type":"Feature","geometry":{"type":"Point","coordinates":[1.18436,51.08465]},"properties":{"name":"Power infrastructure","category":"generator","osm_type":"way","osm_id":"894969260"}},{"type":"Feature","geometry":{"type":"Point","coordinates":[1.18432,51.08462]},"properties":{"name":"Power infrastructure","category":"generator","osm_type":"way","osm_id":"894969261"}},{"type":"Feature","geometry":{"type":"Point","coordinates":[1.18426,51.08459]},"properties":{"name":"Power infrastructure","category":"generator","osm_type":"way","osm_id":"894969262"}},{"type":"Feature","geometry":{"type":"Point","coordinates":[1.18422,51.08456]},"properties":{"name":"Power infrastructure","category":"generator","osm_type":"way","osm_id":"894969263"}},{"type":"Feature","geometry":{"type":"Point","coordinates":[1.18417,51.08453]},"properties":{"name":"Power infrastructure","category":"generator","osm_type":"way","osm_id":"894969264"}},{"type":"Feature","geometry":{"type":"Point","coordinates":[1.18412,51.0845]},"properties":{"name":"Power infrastructure","category":"generator","osm_type":"way","osm_id":"894969265"}},{"type":"Feature","geometry":{"type":"Point","coordinates":[1.17966,51.08496]},"properties":{"name":"Power infrastructure","category":"generator","osm_type":"way","osm_id":"894969267"}},{"type":"Feature","geometry":{"type":"Point","coordinates":[1.1796,51.08507]},"properties":{"name":"Power infrastructure","category":"generator","osm_type":"way","osm_id":"894969268"}},{"type":"Feature","geometry":{"type":"Point","coordinates":[1.18463,51.0814]},"properties":{"name":"Power infrastructure","category":"generator","osm_type":"way","osm_id":"894969270"}},{"type":"Feature","geometry":{"type":"Point","coordinates":[1.19737,51.09282]},"properties":{"name":"Power infrastructure","category":"generator","osm_type":"way","osm_id":"895206162"}},{"type":"Feature","geometry":{"type":"Point","coordinates":[1.19683,51.09209]},"properties":{"name":"Power infrastructure","category":"generator","osm_type":"way","osm_id":"895206172"}},{"type":"Feature","geometry":{"type":"Point","coordinates":[1.19655,51.09193]},"properties":{"name":"Power infrastructure","category":"generator","osm_type":"way","osm_id":"895206174"}},{"type":"Feature","geometry":{"type":"Point","coordinates":[1.19653,51.09194]},"properties":{"name":"Power infrastructure","category":"generator","osm_type":"way","osm_id":"895206175"}},{"type":"Feature","geometry":{"type":"Point","coordinates":[1.19794,51.09245]},"properties":{"name":"Power infrastructure","category":"generator","osm_type":"way","osm_id":"895206182"}},{"type":"Feature","geometry":{"type":"Point","coordinates":[1.19862,51.09248]},"properties":{"name":"Power infrastructure","category":"generator","osm_type":"way","osm_id":"895206185"}},{"type":"Feature","geometry":{"type":"Point","coordinates":[1.19748,51.09129]},"properties":{"name":"Power infrastructure","category":"generator","osm_type":"way","osm_id":"895206201"}},{"type":"Feature","geometry":{"type":"Point","coordinates":[1.19862,51.09187]},"properties":{"name":"Power infrastructure","category":"generator","osm_type":"way","osm_id":"895206210"}},{"type":"Feature","geometry":{"type":"Point","coordinates":[1.17253,51.09517]},"properties":{"name":"Power infrastructure","category":"generator","osm_type":"way","osm_id":"895226429"}},{"type":"Feature","geometry":{"type":"Point","coordinates":[1.17267,51.09525]},"properties":{"name":"Power infrastructure","category":"generator","osm_type":"way","osm_id":"895226430"}},{"type":"Feature","geometry":{"type":"Point","coordinates":[1.17308,51.09505]},"properties":{"name":"Power infrastructure","category":"generator","osm_type":"way","osm_id":"895226434"}},{"type":"Feature","geometry":{"type":"Point","coordinates":[1.17321,51.09505]},"properties":{"name":"Power infrastructure","category":"generator","osm_type":"way","osm_id":"895226435"}},{"type":"Feature","geometry":{"type":"Point","coordinates":[1.17384,51.095]},"properties":{"name":"Power infrastructure","category":"generator","osm_type":"way","osm_id":"895226438"}},{"type":"Feature","geometry":{"type":"Point","coordinates":[1.17587,51.09485]},"properties":{"name":"Power infrastructure","category":"generator","osm_type":"way","osm_id":"895226448"}},{"type":"Feature","geometry":{"type":"Point","coordinates":[1.17697,51.09479]},"properties":{"name":"Power infrastructure","category":"generator","osm_type":"way","osm_id":"895226452"}},{"type":"Feature","geometry":{"type":"Point","coordinates":[1.17341,51.09473]},"properties":{"name":"Power infrastructure","category":"generator","osm_type":"way","osm_id":"895226455"}},{"type":"Feature","geometry":{"type":"Point","coordinates":[1.17497,51.09467]},"properties":{"name":"Power infrastructure","category":"generator","osm_type":"way","osm_id":"895226465"}},{"type":"Feature","geometry":{"type":"Point","coordinates":[1.17574,51.0946]},"properties":{"name":"Power infrastructure","category":"generator","osm_type":"way","osm_id":"895226468"}},{"type":"Feature","geometry":{"type":"Point","coordinates":[1.17588,51.09461]},"properties":{"name":"Power infrastructure","category":"generator","osm_type":"way","osm_id":"895226471"}},{"type":"Feature","geometry":{"type":"Point","coordinates":[1.17605,51.09457]},"properties":{"name":"Power infrastructure","category":"generator","osm_type":"way","osm_id":"895226474"}},{"type":"Feature","geometry":{"type":"Point","coordinates":[1.18243,51.09663]},"properties":{"name":"Power infrastructure","category":"generator","osm_type":"way","osm_id":"895234505"}},{"type":"Feature","geometry":{"type":"Point","coordinates":[1.18289,51.0967]},"properties":{"name":"Power infrastructure","category":"generator","osm_type":"way","osm_id":"895234510"}},{"type":"Feature","geometry":{"type":"Point","coordinates":[1.18337,51.09669]},"properties":{"name":"Power infrastructure","category":"generator","osm_type":"way","osm_id":"895234515"}},{"type":"Feature","geometry":{"type":"Point","coordinates":[1.18441,51.09633]},"properties":{"name":"Power infrastructure","category":"generator","osm_type":"way","osm_id":"895234524"}},{"type":"Feature","geometry":{"type":"Point","coordinates":[1.18382,51.0963]},"properties":{"name":"Power infrastructure","category":"generator","osm_type":"way","osm_id":"895234547"}},{"type":"Feature","geometry":{"type":"Point","coordinates":[1.18414,51.09601]},"properties":{"name":"Power infrastructure","category":"generator","osm_type":"way","osm_id":"895234548"}},{"type":"Feature","geometry":{"type":"Point","coordinates":[1.1854,51.09594]},"properties":{"name":"Power infrastructure","category":"generator","osm_type":"way","osm_id":"895234553"}},{"type":"Feature","geometry":{"type":"Point","coordinates":[1.16609,51.09066]},"properties":{"name":"Power infrastructure","category":"generator","osm_type":"way","osm_id":"895548761"}},{"type":"Feature","geometry":{"type":"Point","coordinates":[1.16653,51.09068]},"properties":{"name":"Power infrastructure","category":"generator","osm_type":"way","osm_id":"895548768"}},{"type":"Feature","geometry":{"type":"Point","coordinates":[1.16761,51.09067]},"properties":{"name":"Power infrastructure","category":"generator","osm_type":"way","osm_id":"895548783"}},{"type":"Feature","geometry":{"type":"Point","coordinates":[1.16733,51.09034]},"properties":{"name":"Power infrastructure","category":"generator","osm_type":"way","osm_id":"895548790"}},{"type":"Feature","geometry":{"type":"Point","coordinates":[1.16777,51.09037]},"properties":{"name":"Power infrastructure","category":"generator","osm_type":"way","osm_id":"895548792"}},{"type":"Feature","geometry":{"type":"Point","coordinates":[1.1669,51.08994]},"properties":{"name":"Power infrastructure","category":"generator","osm_type":"way","osm_id":"895548794"}},{"type":"Feature","geometry":{"type":"Point","coordinates":[1.16788,51.08959]},"properties":{"name":"Power infrastructure","category":"generator","osm_type":"way","osm_id":"895548806"}},{"type":"Feature","geometry":{"type":"Point","coordinates":[1.16785,51.08919]},"properties":{"name":"Power infrastructure","category":"generator","osm_type":"way","osm_id":"895548813"}},{"type":"Feature","geometry":{"type":"Point","coordinates":[1.16792,51.08919]},"properties":{"name":"Power infrastructure","category":"generator","osm_type":"way","osm_id":"895548814"}},{"type":"Feature","geometry":{"type":"Point","coordinates":[1.16573,51.08877]},"properties":{"name":"Power infrastructure","category":"generator","osm_type":"way","osm_id":"895548847"}},{"type":"Feature","geometry":{"type":"Point","coordinates":[1.16914,51.08933]},"properties":{"name":"Power infrastructure","category":"generator","osm_type":"way","osm_id":"895548858"}},{"type":"Feature","geometry":{"type":"Point","coordinates":[1.16849,51.08967]},"properties":{"name":"Power infrastructure","category":"generator","osm_type":"way","osm_id":"895548859"}},{"type":"Feature","geometry":{"type":"Point","coordinates":[1.17059,51.09049]},"properties":{"name":"Power infrastructure","category":"generator","osm_type":"way","osm_id":"895606229"}},{"type":"Feature","geometry":{"type":"Point","coordinates":[1.17053,51.0905]},"properties":{"name":"Power infrastructure","category":"generator","osm_type":"way","osm_id":"895606230"}},{"type":"Feature","geometry":{"type":"Point","coordinates":[1.17021,51.09023]},"properties":{"name":"Power infrastructure","category":"generator","osm_type":"way","osm_id":"895606234"}},{"type":"Feature","geometry":{"type":"Point","coordinates":[1.17055,51.08965]},"properties":{"name":"Power infrastructure","category":"generator","osm_type":"way","osm_id":"895606242"}},{"type":"Feature","geometry":{"type":"Point","coordinates":[1.17025,51.08936]},"properties":{"name":"Power infrastructure","category":"generator","osm_type":"way","osm_id":"895606247"}},{"type":"Feature","geometry":{"type":"Point","coordinates":[1.17031,51.08936]},"properties":{"name":"Power infrastructure","category":"generator","osm_type":"way","osm_id":"895606248"}},{"type":"Feature","geometry":{"type":"Point","coordinates":[1.17045,51.08849]},"properties":{"name":"Power infrastructure","category":"generator","osm_type":"way","osm_id":"895606251"}},{"type":"Feature","geometry":{"type":"Point","coordinates":[1.17013,51.08811]},"properties":{"name":"Power infrastructure","category":"generator","osm_type":"way","osm_id":"895606253"}},{"type":"Feature","geometry":{"type":"Point","coordinates":[1.17123,51.08811]},"properties":{"name":"Power infrastructure","category":"generator","osm_type":"way","osm_id":"895606262"}},{"type":"Feature","geometry":{"type":"Point","coordinates":[1.17127,51.08807]},"properties":{"name":"Power infrastructure","category":"generator","osm_type":"way","osm_id":"895606263"}},{"type":"Feature","geometry":{"type":"Point","coordinates":[1.1714,51.08837]},"properties":{"name":"Power infrastructure","category":"generator","osm_type":"way","osm_id":"895606266"}},{"type":"Feature","geometry":{"type":"Point","coordinates":[1.17134,51.08833]},"properties":{"name":"Power infrastructure","category":"generator","osm_type":"way","osm_id":"895606267"}},{"type":"Feature","geometry":{"type":"Point","coordinates":[1.173,51.08786]},"properties":{"name":"Power infrastructure","category":"generator","osm_type":"way","osm_id":"895606271"}},{"type":"Feature","geometry":{"type":"Point","coordinates":[1.1739,51.08807]},"properties":{"name":"Power infrastructure","category":"generator","osm_type":"way","osm_id":"895606274"}},{"type":"Feature","geometry":{"type":"Point","coordinates":[1.17395,51.08811]},"properties":{"name":"Power infrastructure","category":"generator","osm_type":"way","osm_id":"895606275"}},{"type":"Feature","geometry":{"type":"Point","coordinates":[1.38206,51.38351]},"properties":{"name":"Power infrastructure","category":"generator","osm_type":"way","osm_id":"896045026"}},{"type":"Feature","geometry":{"type":"Point","coordinates":[1.16943,51.09034]},"properties":{"name":"Power infrastructure","category":"generator","osm_type":"way","osm_id":"896284571"}},{"type":"Feature","geometry":{"type":"Point","coordinates":[1.16948,51.09033]},"properties":{"name":"Power infrastructure","category":"generator","osm_type":"way","osm_id":"896284572"}},{"type":"Feature","geometry":{"type":"Point","coordinates":[1.17165,51.0898]},"properties":{"name":"Power infrastructure","category":"generator","osm_type":"way","osm_id":"896284585"}},{"type":"Feature","geometry":{"type":"Point","coordinates":[1.1715,51.08957]},"properties":{"name":"Power infrastructure","category":"generator","osm_type":"way","osm_id":"896284586"}},{"type":"Feature","geometry":{"type":"Point","coordinates":[1.16644,51.08679]},"properties":{"name":"Power infrastructure","category":"generator","osm_type":"way","osm_id":"898019556"}},{"type":"Feature","geometry":{"type":"Point","coordinates":[1.16651,51.08678]},"properties":{"name":"Power infrastructure","category":"generator","osm_type":"way","osm_id":"898019557"}},{"type":"Feature","geometry":{"type":"Point","coordinates":[1.19213,51.09421]},"properties":{"name":"Power infrastructure","category":"generator","osm_type":"way","osm_id":"899165259"}},{"type":"Feature","geometry":{"type":"Point","coordinates":[1.21411,51.10983]},"properties":{"name":"Power infrastructure","category":"generator","osm_type":"way","osm_id":"899197839"}},{"type":"Feature","geometry":{"type":"Point","coordinates":[1.17354,51.09344]},"properties":{"name":"Power infrastructure","category":"generator","osm_type":"way","osm_id":"899951309"}},{"type":"Feature","geometry":{"type":"Point","coordinates":[1.17395,51.09328]},"properties":{"name":"Power infrastructure","category":"generator","osm_type":"way","osm_id":"899951313"}},{"type":"Feature","geometry":{"type":"Point","coordinates":[1.3003,51.34148]},"properties":{"name":"Power infrastructure","category":"generator","osm_type":"way","osm_id":"899983770"}},{"type":"Feature","geometry":{"type":"Point","coordinates":[1.30028,51.3414]},"properties":{"name":"Power infrastructure","category":"generator","osm_type":"way","osm_id":"899983771"}},{"type":"Feature","geometry":{"type":"Point","coordinates":[1.30026,51.34131]},"properties":{"name":"Power infrastructure","category":"generator","osm_type":"way","osm_id":"899983772"}},{"type":"Feature","geometry":{"type":"Point","coordinates":[1.29934,51.34133]},"properties":{"name":"Power infrastructure","category":"generator","osm_type":"way","osm_id":"899983773"}},{"type":"Feature","geometry":{"type":"Point","coordinates":[1.29936,51.34141]},"properties":{"name":"Power infrastructure","category":"generator","osm_type":"way","osm_id":"899983774"}},{"type":"Feature","geometry":{"type":"Point","coordinates":[1.29939,51.34149]},"properties":{"name":"Power infrastructure","category":"generator","osm_type":"way","osm_id":"899983775"}},{"type":"Feature","geometry":{"type":"Point","coordinates":[1.30032,51.34156]},"properties":{"name":"Power infrastructure","category":"generator","osm_type":"way","osm_id":"899983776"}},{"type":"Feature","geometry":{"type":"Point","coordinates":[1.2994,51.34157]},"properties":{"name":"Power infrastructure","category":"generator","osm_type":"way","osm_id":"899983777"}},{"type":"Feature","geometry":{"type":"Point","coordinates":[1.30034,51.34165]},"properties":{"name":"Power infrastructure","category":"generator","osm_type":"way","osm_id":"899983778"}},{"type":"Feature","geometry":{"type":"Point","coordinates":[1.30036,51.34173]},"properties":{"name":"Power infrastructure","category":"generator","osm_type":"way","osm_id":"899983779"}},{"type":"Feature","geometry":{"type":"Point","coordinates":[1.30038,51.34182]},"properties":{"name":"Power infrastructure","category":"generator","osm_type":"way","osm_id":"899983780"}},{"type":"Feature","geometry":{"type":"Point","coordinates":[1.3004,51.34191]},"properties":{"name":"Power infrastructure","category":"generator","osm_type":"way","osm_id":"899983781"}},{"type":"Feature","geometry":{"type":"Point","coordinates":[1.30043,51.34208]},"properties":{"name":"Power infrastructure","category":"generator","osm_type":"way","osm_id":"899983782"}},{"type":"Feature","geometry":{"type":"Point","coordinates":[1.30042,51.34199]},"properties":{"name":"Power infrastructure","category":"generator","osm_type":"way","osm_id":"899983783"}},{"type":"Feature","geometry":{"type":"Point","coordinates":[1.29975,51.34126]},"properties":{"name":"Power infrastructure","category":"plant","osm_type":"way","osm_id":"899983784"}},{"type":"Feature","geometry":{"type":"Point","coordinates":[1.29173,51.33296]},"properties":{"name":"Power infrastructure","category":"generator","osm_type":"way","osm_id":"899987023"}},{"type":"Feature","geometry":{"type":"Point","coordinates":[1.29177,51.33305]},"properties":{"name":"Power infrastructure","category":"generator","osm_type":"way","osm_id":"899987024"}},{"type":"Feature","geometry":{"type":"Point","coordinates":[1.29182,51.33314]},"properties":{"name":"Power infrastructure","category":"generator","osm_type":"way","osm_id":"899987025"}},{"type":"Feature","geometry":{"type":"Point","coordinates":[1.29187,51.33322]},"properties":{"name":"Power infrastructure","category":"generator","osm_type":"way","osm_id":"899987026"}},{"type":"Feature","geometry":{"type":"Point","coordinates":[1.29101,51.33304]},"properties":{"name":"Power infrastructure","category":"generator","osm_type":"way","osm_id":"899987027"}},{"type":"Feature","geometry":{"type":"Point","coordinates":[1.29105,51.33313]},"properties":{"name":"Power infrastructure","category":"generator","osm_type":"way","osm_id":"899987028"}},{"type":"Feature","geometry":{"type":"Point","coordinates":[1.2911,51.33321]},"properties":{"name":"Power infrastructure","category":"generator","osm_type":"way","osm_id":"899987029"}},{"type":"Feature","geometry":{"type":"Point","coordinates":[1.29115,51.3333]},"properties":{"name":"Power infrastructure","category":"generator","osm_type":"way","osm_id":"899987030"}},{"type":"Feature","geometry":{"type":"Point","coordinates":[1.29191,51.33331]},"properties":{"name":"Power infrastructure","category":"generator","osm_type":"way","osm_id":"899987031"}},{"type":"Feature","geometry":{"type":"Point","coordinates":[1.29193,51.3334]},"properties":{"name":"Power infrastructure","category":"generator","osm_type":"way","osm_id":"899987032"}},{"type":"Feature","geometry":{"type":"Point","coordinates":[1.29186,51.33314]},"properties":{"name":"Power infrastructure","category":"plant","osm_type":"way","osm_id":"899987033"}},{"type":"Feature","geometry":{"type":"Point","coordinates":[1.17573,51.09151]},"properties":{"name":"Power infrastructure","category":"generator","osm_type":"way","osm_id":"902086431"}},{"type":"Feature","geometry":{"type":"Point","coordinates":[1.17576,51.09149]},"properties":{"name":"Power infrastructure","category":"generator","osm_type":"way","osm_id":"902086432"}},{"type":"Feature","geometry":{"type":"Point","coordinates":[1.17635,51.09085]},"properties":{"name":"Power infrastructure","category":"generator","osm_type":"way","osm_id":"902086443"}},{"type":"Feature","geometry":{"type":"Point","coordinates":[1.17737,51.08968]},"properties":{"name":"Power infrastructure","category":"generator","osm_type":"way","osm_id":"902086460"}},{"type":"Feature","geometry":{"type":"Point","coordinates":[1.17927,51.08903]},"properties":{"name":"Power infrastructure","category":"generator","osm_type":"way","osm_id":"902409102"}},{"type":"Feature","geometry":{"type":"Point","coordinates":[1.17931,51.08906]},"properties":{"name":"Power infrastructure","category":"generator","osm_type":"way","osm_id":"902409103"}},{"type":"Feature","geometry":{"type":"Point","coordinates":[1.17932,51.09108]},"properties":{"name":"Power infrastructure","category":"generator","osm_type":"way","osm_id":"902713360"}},{"type":"Feature","geometry":{"type":"Point","coordinates":[1.17966,51.09184]},"properties":{"name":"Power infrastructure","category":"generator","osm_type":"way","osm_id":"902713373"}},{"type":"Feature","geometry":{"type":"Point","coordinates":[1.17958,51.09182]},"properties":{"name":"Power infrastructure","category":"generator","osm_type":"way","osm_id":"902713374"}},{"type":"Feature","geometry":{"type":"Point","coordinates":[1.17527,51.09343]},"properties":{"name":"Power infrastructure","category":"generator","osm_type":"way","osm_id":"902727020"}},{"type":"Feature","geometry":{"type":"Point","coordinates":[1.1753,51.09345]},"properties":{"name":"Power infrastructure","category":"generator","osm_type":"way","osm_id":"902727021"}},{"type":"Feature","geometry":{"type":"Point","coordinates":[1.17536,51.09345]},"properties":{"name":"Power infrastructure","category":"generator","osm_type":"way","osm_id":"902727022"}},{"type":"Feature","geometry":{"type":"Point","coordinates":[1.17802,51.09377]},"properties":{"name":"Power infrastructure","category":"generator","osm_type":"way","osm_id":"902727025"}},{"type":"Feature","geometry":{"type":"Point","coordinates":[1.17755,51.09364]},"properties":{"name":"Power infrastructure","category":"generator","osm_type":"way","osm_id":"902727030"}},{"type":"Feature","geometry":{"type":"Point","coordinates":[1.17684,51.09244]},"properties":{"name":"Power infrastructure","category":"generator","osm_type":"way","osm_id":"902727033"}},{"type":"Feature","geometry":{"type":"Point","coordinates":[1.17682,51.0924]},"properties":{"name":"Power infrastructure","category":"generator","osm_type":"way","osm_id":"902727034"}},{"type":"Feature","geometry":{"type":"Point","coordinates":[1.1768,51.09241]},"properties":{"name":"Power infrastructure","category":"generator","osm_type":"way","osm_id":"902727035"}},{"type":"Feature","geometry":{"type":"Point","coordinates":[1.15757,51.36863]},"properties":{"name":"Power infrastructure","category":"generator","osm_type":"way","osm_id":"902789316"}},{"type":"Feature","geometry":{"type":"Point","coordinates":[1.15774,51.36898]},"properties":{"name":"Power infrastructure","category":"generator","osm_type":"way","osm_id":"902789317"}},{"type":"Feature","geometry":{"type":"Point","coordinates":[1.32408,51.37531]},"properties":{"name":"Westgate","category":"substation","osm_type":"way","osm_id":"903996851","operator":"UK Power Networks"}},{"type":"Feature","geometry":{"type":"Point","coordinates":[1.29565,51.13826]},"properties":{"name":"Power infrastructure","category":"generator","osm_type":"way","osm_id":"905262732"}},{"type":"Feature","geometry":{"type":"Point","coordinates":[1.29557,51.13828]},"properties":{"name":"Power infrastructure","category":"generator","osm_type":"way","osm_id":"905262733"}},{"type":"Feature","geometry":{"type":"Point","coordinates":[1.40431,51.37619]},"properties":{"name":"Power infrastructure","category":"generator","osm_type":"way","osm_id":"905636634"}},{"type":"Feature","geometry":{"type":"Point","coordinates":[1.11588,51.36384]},"properties":{"name":"Power infrastructure","category":"generator","osm_type":"way","osm_id":"905810685"}},{"type":"Feature","geometry":{"type":"Point","coordinates":[1.13526,51.08076]},"properties":{"name":"Power infrastructure","category":"generator","osm_type":"way","osm_id":"912501861"}},{"type":"Feature","geometry":{"type":"Point","coordinates":[1.13508,51.08128]},"properties":{"name":"Power infrastructure","category":"generator","osm_type":"way","osm_id":"912501862"}},{"type":"Feature","geometry":{"type":"Point","coordinates":[1.13502,51.08126]},"properties":{"name":"Power infrastructure","category":"generator","osm_type":"way","osm_id":"912501863"}},{"type":"Feature","geometry":{"type":"Point","coordinates":[1.19105,51.10288]},"properties":{"name":"Power infrastructure","category":"generator","osm_type":"way","osm_id":"913525657"}},{"type":"Feature","geometry":{"type":"Point","coordinates":[1.41227,51.35867]},"properties":{"name":"Power infrastructure","category":"substation","osm_type":"way","osm_id":"914710321"}},{"type":"Feature","geometry":{"type":"Point","coordinates":[1.40835,51.35738]},"properties":{"name":"Power infrastructure","category":"substation","osm_type":"way","osm_id":"916214785"}},{"type":"Feature","geometry":{"type":"Point","coordinates":[1.1725,51.31584]},"properties":{"name":"Power infrastructure","category":"generator","osm_type":"way","osm_id":"916384782"}},{"type":"Feature","geometry":{"type":"Point","coordinates":[1.17447,51.31645]},"properties":{"name":"Power infrastructure","category":"generator","osm_type":"way","osm_id":"916386379"}},{"type":"Feature","geometry":{"type":"Point","coordinates":[1.17444,51.31649]},"properties":{"name":"Power infrastructure","category":"generator","osm_type":"way","osm_id":"916386380"}},{"type":"Feature","geometry":{"type":"Point","coordinates":[1.02413,51.25674]},"properties":{"name":"Power infrastructure","category":"substation","osm_type":"way","osm_id":"917880740"}},{"type":"Feature","geometry":{"type":"Point","coordinates":[1.15694,51.07418]},"properties":{"name":"Power infrastructure","category":"generator","osm_type":"way","osm_id":"917892273"}},{"type":"Feature","geometry":{"type":"Point","coordinates":[1.15864,51.07412]},"properties":{"name":"Power infrastructure","category":"generator","osm_type":"way","osm_id":"917892274"}},{"type":"Feature","geometry":{"type":"Point","coordinates":[1.34668,51.29134]},"properties":{"name":"Pfizers","category":"substation","osm_type":"way","osm_id":"918021133","operator":"UK Power Networks"}},{"type":"Feature","geometry":{"type":"Point","coordinates":[1.09282,51.27688]},"properties":{"name":"Power infrastructure","category":"generator","osm_type":"way","osm_id":"919705847"}},{"type":"Feature","geometry":{"type":"Point","coordinates":[1.09293,51.27686]},"properties":{"name":"Power infrastructure","category":"generator","osm_type":"way","osm_id":"919705848"}},{"type":"Feature","geometry":{"type":"Point","coordinates":[1.02044,51.25488]},"properties":{"name":"Power infrastructure","category":"substation","osm_type":"way","osm_id":"919763107"}},{"type":"Feature","geometry":{"type":"Point","coordinates":[1.1781,51.0789]},"properties":{"name":"Power infrastructure","category":"substation","osm_type":"way","osm_id":"920072464"}},{"type":"Feature","geometry":{"type":"Point","coordinates":[1.14823,51.07391]},"properties":{"name":"Power infrastructure","category":"generator","osm_type":"way","osm_id":"922180384"}},{"type":"Feature","geometry":{"type":"Point","coordinates":[1.01344,51.0776]},"properties":{"name":"Power infrastructure","category":"generator","osm_type":"way","osm_id":"923442071"}},{"type":"Feature","geometry":{"type":"Point","coordinates":[1.01345,51.07763]},"properties":{"name":"Power infrastructure","category":"generator","osm_type":"way","osm_id":"923442072"}},{"type":"Feature","geometry":{"type":"Point","coordinates":[1.01359,51.07767]},"properties":{"name":"Power infrastructure","category":"generator","osm_type":"way","osm_id":"923442073"}},{"type":"Feature","geometry":{"type":"Point","coordinates":[1.01361,51.07771]},"properties":{"name":"Power infrastructure","category":"generator","osm_type":"way","osm_id":"923442074"}},{"type":"Feature","geometry":{"type":"Point","coordinates":[1.01362,51.07775]},"properties":{"name":"Power infrastructure","category":"generator","osm_type":"way","osm_id":"923442075"}},{"type":"Feature","geometry":{"type":"Point","coordinates":[1.01352,51.07782]},"properties":{"name":"Power infrastructure","category":"generator","osm_type":"way","osm_id":"923442076"}},{"type":"Feature","geometry":{"type":"Point","coordinates":[1.01367,51.07785]},"properties":{"name":"Power infrastructure","category":"generator","osm_type":"way","osm_id":"923442077"}},{"type":"Feature","geometry":{"type":"Point","coordinates":[1.01368,51.07789]},"properties":{"name":"Power infrastructure","category":"generator","osm_type":"way","osm_id":"923442078"}},{"type":"Feature","geometry":{"type":"Point","coordinates":[1.01369,51.07793]},"properties":{"name":"Power infrastructure","category":"generator","osm_type":"way","osm_id":"923442079"}},{"type":"Feature","geometry":{"type":"Point","coordinates":[1.01359,51.078]},"properties":{"name":"Power infrastructure","category":"generator","osm_type":"way","osm_id":"923442080"}},{"type":"Feature","geometry":{"type":"Point","coordinates":[1.01361,51.07808]},"properties":{"name":"Power infrastructure","category":"generator","osm_type":"way","osm_id":"923442081"}},{"type":"Feature","geometry":{"type":"Point","coordinates":[1.01369,51.07827]},"properties":{"name":"Power infrastructure","category":"generator","osm_type":"way","osm_id":"923442082"}},{"type":"Feature","geometry":{"type":"Point","coordinates":[1.01384,51.07834]},"properties":{"name":"Power infrastructure","category":"generator","osm_type":"way","osm_id":"923442083"}},{"type":"Feature","geometry":{"type":"Point","coordinates":[1.01386,51.07837]},"properties":{"name":"Power infrastructure","category":"generator","osm_type":"way","osm_id":"923442084"}},{"type":"Feature","geometry":{"type":"Point","coordinates":[1.01387,51.07841]},"properties":{"name":"Power infrastructure","category":"generator","osm_type":"way","osm_id":"923442085"}},{"type":"Feature","geometry":{"type":"Point","coordinates":[1.0137,51.0783]},"properties":{"name":"Power infrastructure","category":"generator","osm_type":"way","osm_id":"923442086"}},{"type":"Feature","geometry":{"type":"Point","coordinates":[1.01377,51.07849]},"properties":{"name":"Power infrastructure","category":"generator","osm_type":"way","osm_id":"923442087"}},{"type":"Feature","geometry":{"type":"Point","coordinates":[1.01392,51.07852]},"properties":{"name":"Power infrastructure","category":"generator","osm_type":"way","osm_id":"923442088"}},{"type":"Feature","geometry":{"type":"Point","coordinates":[1.01393,51.07856]},"properties":{"name":"Power infrastructure","category":"generator","osm_type":"way","osm_id":"923442089"}},{"type":"Feature","geometry":{"type":"Point","coordinates":[1.01394,51.0786]},"properties":{"name":"Power infrastructure","category":"generator","osm_type":"way","osm_id":"923442090"}},{"type":"Feature","geometry":{"type":"Point","coordinates":[1.01384,51.07867]},"properties":{"name":"Power infrastructure","category":"generator","osm_type":"way","osm_id":"923442091"}},{"type":"Feature","geometry":{"type":"Point","coordinates":[1.01386,51.07875]},"properties":{"name":"Power infrastructure","category":"generator","osm_type":"way","osm_id":"923442092"}},{"type":"Feature","geometry":{"type":"Point","coordinates":[1.01512,51.08103]},"properties":{"name":"Power infrastructure","category":"generator","osm_type":"way","osm_id":"923442093"}},{"type":"Feature","geometry":{"type":"Point","coordinates":[1.00342,51.09626]},"properties":{"name":"Power infrastructure","category":"generator","osm_type":"way","osm_id":"923881921"}},{"type":"Feature","geometry":{"type":"Point","coordinates":[1.00342,51.09623]},"properties":{"name":"Power infrastructure","category":"generator","osm_type":"way","osm_id":"923881922"}},{"type":"Feature","geometry":{"type":"Point","coordinates":[1.00162,51.0966]},"properties":{"name":"Power infrastructure","category":"generator","osm_type":"way","osm_id":"923881923"}},{"type":"Feature","geometry":{"type":"Point","coordinates":[1.0118,51.0948]},"properties":{"name":"Power infrastructure","category":"generator","osm_type":"way","osm_id":"923881924"}},{"type":"Feature","geometry":{"type":"Point","coordinates":[1.01134,51.09481]},"properties":{"name":"Power infrastructure","category":"generator","osm_type":"way","osm_id":"923881925"}},{"type":"Feature","geometry":{"type":"Point","coordinates":[1.18388,51.09943]},"properties":{"name":"Power infrastructure","category":"generator","osm_type":"way","osm_id":"926277256"}},{"type":"Feature","geometry":{"type":"Point","coordinates":[1.21495,51.10071]},"properties":{"name":"Power infrastructure","category":"generator","osm_type":"way","osm_id":"928883513"}},{"type":"Feature","geometry":{"type":"Point","coordinates":[1.40492,51.3588]},"properties":{"name":"Power infrastructure","category":"substation","osm_type":"way","osm_id":"929722210"}},{"type":"Feature","geometry":{"type":"Point","coordinates":[1.15525,51.07791]},"properties":{"name":"Power infrastructure","category":"generator","osm_type":"way","osm_id":"931960288"}},{"type":"Feature","geometry":{"type":"Point","coordinates":[1.21413,51.10973]},"properties":{"name":"Power infrastructure","category":"generator","osm_type":"way","osm_id":"932825017"}},{"type":"Feature","geometry":{"type":"Point","coordinates":[1.21259,51.10532]},"properties":{"name":"Power infrastructure","category":"generator","osm_type":"way","osm_id":"932825083"}},{"type":"Feature","geometry":{"type":"Point","coordinates":[1.21099,51.10653]},"properties":{"name":"Power infrastructure","category":"generator","osm_type":"way","osm_id":"932825095"}},{"type":"Feature","geometry":{"type":"Point","coordinates":[1.2109,51.10691]},"properties":{"name":"Power infrastructure","category":"generator","osm_type":"way","osm_id":"932835518"}},{"type":"Feature","geometry":{"type":"Point","coordinates":[1.21085,51.10692]},"properties":{"name":"Power infrastructure","category":"generator","osm_type":"way","osm_id":"932835519"}},{"type":"Feature","geometry":{"type":"Point","coordinates":[1.21056,51.10506]},"properties":{"name":"Power infrastructure","category":"generator","osm_type":"way","osm_id":"932835552"}},{"type":"Feature","geometry":{"type":"Point","coordinates":[1.21053,51.10456]},"properties":{"name":"Power infrastructure","category":"generator","osm_type":"way","osm_id":"932887361"}},{"type":"Feature","geometry":{"type":"Point","coordinates":[1.20999,51.10358]},"properties":{"name":"Power infrastructure","category":"generator","osm_type":"way","osm_id":"932887380"}},{"type":"Feature","geometry":{"type":"Point","coordinates":[1.20947,51.10219]},"properties":{"name":"Power infrastructure","category":"generator","osm_type":"way","osm_id":"932887398"}},{"type":"Feature","geometry":{"type":"Point","coordinates":[1.2095,51.10226]},"properties":{"name":"Power infrastructure","category":"generator","osm_type":"way","osm_id":"932887399"}},{"type":"Feature","geometry":{"type":"Point","coordinates":[1.20785,51.10209]},"properties":{"name":"Power infrastructure","category":"generator","osm_type":"way","osm_id":"932887437"}},{"type":"Feature","geometry":{"type":"Point","coordinates":[1.20834,51.10121]},"properties":{"name":"Power infrastructure","category":"generator","osm_type":"way","osm_id":"932887455"}},{"type":"Feature","geometry":{"type":"Point","coordinates":[1.20631,51.10117]},"properties":{"name":"Power infrastructure","category":"generator","osm_type":"way","osm_id":"932887530"}},{"type":"Feature","geometry":{"type":"Point","coordinates":[1.20625,51.10116]},"properties":{"name":"Power infrastructure","category":"generator","osm_type":"way","osm_id":"932887531"}},{"type":"Feature","geometry":{"type":"Point","coordinates":[1.21089,51.10333]},"properties":{"name":"Power infrastructure","category":"generator","osm_type":"way","osm_id":"933334428"}},{"type":"Feature","geometry":{"type":"Point","coordinates":[1.21068,51.1034]},"properties":{"name":"Power infrastructure","category":"generator","osm_type":"way","osm_id":"933334434"}},{"type":"Feature","geometry":{"type":"Point","coordinates":[1.21013,51.10229]},"properties":{"name":"Power infrastructure","category":"generator","osm_type":"way","osm_id":"933334448"}},{"type":"Feature","geometry":{"type":"Point","coordinates":[1.20996,51.10223]},"properties":{"name":"Power infrastructure","category":"generator","osm_type":"way","osm_id":"933334449"}},{"type":"Feature","geometry":{"type":"Point","coordinates":[1.21038,51.10226]},"properties":{"name":"Power infrastructure","category":"generator","osm_type":"way","osm_id":"933334451"}},{"type":"Feature","geometry":{"type":"Point","coordinates":[1.21122,51.10465]},"properties":{"name":"Power infrastructure","category":"generator","osm_type":"way","osm_id":"933652458"}},{"type":"Feature","geometry":{"type":"Point","coordinates":[1.16216,51.08962]},"properties":{"name":"Power infrastructure","category":"generator","osm_type":"way","osm_id":"935909522"}},{"type":"Feature","geometry":{"type":"Point","coordinates":[1.3084,51.11643]},"properties":{"name":"Power infrastructure","category":"substation","osm_type":"way","osm_id":"937338139"}},{"type":"Feature","geometry":{"type":"Point","coordinates":[1.34607,51.31905]},"properties":{"name":"Power infrastructure","category":"generator","osm_type":"way","osm_id":"937357966"}},{"type":"Feature","geometry":{"type":"Point","coordinates":[1.34488,51.31889]},"properties":{"name":"Power infrastructure","category":"generator","osm_type":"way","osm_id":"937357967"}},{"type":"Feature","geometry":{"type":"Point","coordinates":[1.36922,51.35835]},"properties":{"name":"Power infrastructure","category":"generator","osm_type":"way","osm_id":"937359306"}},{"type":"Feature","geometry":{"type":"Point","coordinates":[1.15763,51.07809]},"properties":{"name":"Power infrastructure","category":"generator","osm_type":"way","osm_id":"938570588"}},{"type":"Feature","geometry":{"type":"Point","coordinates":[1.15647,51.07829]},"properties":{"name":"Power infrastructure","category":"generator","osm_type":"way","osm_id":"938570594"}},{"type":"Feature","geometry":{"type":"Point","coordinates":[1.15423,51.25514]},"properties":{"name":"Power infrastructure","category":"generator","osm_type":"way","osm_id":"940485942"}},{"type":"Feature","geometry":{"type":"Point","coordinates":[1.15429,51.25509]},"properties":{"name":"Power infrastructure","category":"generator","osm_type":"way","osm_id":"940485943"}},{"type":"Feature","geometry":{"type":"Point","coordinates":[1.15435,51.25511]},"properties":{"name":"Power infrastructure","category":"generator","osm_type":"way","osm_id":"940485944"}},{"type":"Feature","geometry":{"type":"Point","coordinates":[1.15251,51.25448]},"properties":{"name":"Power infrastructure","category":"generator","osm_type":"way","osm_id":"940485945"}},{"type":"Feature","geometry":{"type":"Point","coordinates":[1.15618,51.27559]},"properties":{"name":"Power infrastructure","category":"generator","osm_type":"way","osm_id":"940490035"}},{"type":"Feature","geometry":{"type":"Point","coordinates":[1.16285,51.26306]},"properties":{"name":"Power infrastructure","category":"generator","osm_type":"way","osm_id":"940490037"}},{"type":"Feature","geometry":{"type":"Point","coordinates":[1.16281,51.26316]},"properties":{"name":"Power infrastructure","category":"generator","osm_type":"way","osm_id":"940490038"}},{"type":"Feature","geometry":{"type":"Point","coordinates":[1.16286,51.26332]},"properties":{"name":"Power infrastructure","category":"generator","osm_type":"way","osm_id":"940490039"}},{"type":"Feature","geometry":{"type":"Point","coordinates":[1.15793,51.26161]},"properties":{"name":"Power infrastructure","category":"plant","osm_type":"way","osm_id":"940490040"}},{"type":"Feature","geometry":{"type":"Point","coordinates":[1.15764,51.26121]},"properties":{"name":"Power infrastructure","category":"generator","osm_type":"way","osm_id":"940490041"}},{"type":"Feature","geometry":{"type":"Point","coordinates":[1.15754,51.26131]},"properties":{"name":"Power infrastructure","category":"generator","osm_type":"way","osm_id":"940490042"}},{"type":"Feature","geometry":{"type":"Point","coordinates":[1.15745,51.26141]},"properties":{"name":"Power infrastructure","category":"generator","osm_type":"way","osm_id":"940490043"}},{"type":"Feature","geometry":{"type":"Point","coordinates":[1.17952,51.27951]},"properties":{"name":"Power infrastructure","category":"generator","osm_type":"way","osm_id":"940490427"}},{"type":"Feature","geometry":{"type":"Point","coordinates":[1.18488,51.28641]},"properties":{"name":"Power infrastructure","category":"generator","osm_type":"way","osm_id":"940506186"}},{"type":"Feature","geometry":{"type":"Point","coordinates":[1.18296,51.283]},"properties":{"name":"Power infrastructure","category":"generator","osm_type":"way","osm_id":"940506187"}},{"type":"Feature","geometry":{"type":"Point","coordinates":[1.18629,51.28534]},"properties":{"name":"Power infrastructure","category":"generator","osm_type":"way","osm_id":"940506188"}},{"type":"Feature","geometry":{"type":"Point","coordinates":[1.1864,51.29028]},"properties":{"name":"Power infrastructure","category":"generator","osm_type":"way","osm_id":"940508042"}},{"type":"Feature","geometry":{"type":"Point","coordinates":[1.18641,51.29026]},"properties":{"name":"Power infrastructure","category":"generator","osm_type":"way","osm_id":"940508043"}},{"type":"Feature","geometry":{"type":"Point","coordinates":[1.18315,51.30151]},"properties":{"name":"Power infrastructure","category":"generator","osm_type":"way","osm_id":"940508294"}},{"type":"Feature","geometry":{"type":"Point","coordinates":[1.18307,51.30154]},"properties":{"name":"Power infrastructure","category":"generator","osm_type":"way","osm_id":"940508295"}},{"type":"Feature","geometry":{"type":"Point","coordinates":[1.12872,51.21097]},"properties":{"name":"Power infrastructure","category":"generator","osm_type":"way","osm_id":"941535988"}},{"type":"Feature","geometry":{"type":"Point","coordinates":[1.12865,51.21098]},"properties":{"name":"Power infrastructure","category":"generator","osm_type":"way","osm_id":"941535989"}},{"type":"Feature","geometry":{"type":"Point","coordinates":[1.13742,51.21139]},"properties":{"name":"Power infrastructure","category":"generator","osm_type":"way","osm_id":"941535990"}},{"type":"Feature","geometry":{"type":"Point","coordinates":[1.14264,51.20575]},"properties":{"name":"Power infrastructure","category":"generator","osm_type":"way","osm_id":"941537736"}},{"type":"Feature","geometry":{"type":"Point","coordinates":[1.11262,51.18892]},"properties":{"name":"Power infrastructure","category":"generator","osm_type":"way","osm_id":"941537737"}},{"type":"Feature","geometry":{"type":"Point","coordinates":[1.08142,51.19852]},"properties":{"name":"Power infrastructure","category":"generator","osm_type":"way","osm_id":"942481783"}},{"type":"Feature","geometry":{"type":"Point","coordinates":[1.01804,51.20039]},"properties":{"name":"Power infrastructure","category":"generator","osm_type":"way","osm_id":"942572609"}},{"type":"Feature","geometry":{"type":"Point","coordinates":[1.02031,51.19073]},"properties":{"name":"Power infrastructure","category":"generator","osm_type":"way","osm_id":"942578810"}},{"type":"Feature","geometry":{"type":"Point","coordinates":[1.01921,51.1906]},"properties":{"name":"Power infrastructure","category":"generator","osm_type":"way","osm_id":"942578811"}},{"type":"Feature","geometry":{"type":"Point","coordinates":[1.01542,51.19751]},"properties":{"name":"Power infrastructure","category":"generator","osm_type":"way","osm_id":"942578812"}},{"type":"Feature","geometry":{"type":"Point","coordinates":[1.01466,51.19729]},"properties":{"name":"Power infrastructure","category":"generator","osm_type":"way","osm_id":"942578813"}},{"type":"Feature","geometry":{"type":"Point","coordinates":[1.01482,51.19746]},"properties":{"name":"Power infrastructure","category":"generator","osm_type":"way","osm_id":"942578814"}},{"type":"Feature","geometry":{"type":"Point","coordinates":[1.01776,51.2]},"properties":{"name":"Power infrastructure","category":"generator","osm_type":"way","osm_id":"942578815"}},{"type":"Feature","geometry":{"type":"Point","coordinates":[1.01778,51.19999]},"properties":{"name":"Power infrastructure","category":"generator","osm_type":"way","osm_id":"942578816"}},{"type":"Feature","geometry":{"type":"Point","coordinates":[1.01854,51.19997]},"properties":{"name":"Power infrastructure","category":"generator","osm_type":"way","osm_id":"942578817"}},{"type":"Feature","geometry":{"type":"Point","coordinates":[1.00778,51.18636]},"properties":{"name":"Power infrastructure","category":"generator","osm_type":"way","osm_id":"942579915"}},{"type":"Feature","geometry":{"type":"Point","coordinates":[1.00791,51.18644]},"properties":{"name":"Power infrastructure","category":"generator","osm_type":"way","osm_id":"942579916"}},{"type":"Feature","geometry":{"type":"Point","coordinates":[1.03617,51.1824]},"properties":{"name":"Power infrastructure","category":"generator","osm_type":"way","osm_id":"942581365"}},{"type":"Feature","geometry":{"type":"Point","coordinates":[1.05569,51.19496]},"properties":{"name":"Power infrastructure","category":"generator","osm_type":"way","osm_id":"942582430"}},{"type":"Feature","geometry":{"type":"Point","coordinates":[1.03642,51.20911]},"properties":{"name":"Power infrastructure","category":"generator","osm_type":"way","osm_id":"942583692"}},{"type":"Feature","geometry":{"type":"Point","coordinates":[1.04227,51.10849]},"properties":{"name":"Stanford Primary","category":"substation","osm_type":"way","osm_id":"942626657"}},{"type":"Feature","geometry":{"type":"Point","coordinates":[1.15071,51.36844]},"properties":{"name":"Power infrastructure","category":"generator","osm_type":"way","osm_id":"942780004"}},{"type":"Feature","geometry":{"type":"Point","coordinates":[1.15082,51.36841]},"properties":{"name":"Power infrastructure","category":"generator","osm_type":"way","osm_id":"942780005"}},{"type":"Feature","geometry":{"type":"Point","coordinates":[1.14947,51.36791]},"properties":{"name":"Power infrastructure","category":"generator","osm_type":"way","osm_id":"942780007"}},{"type":"Feature","geometry":{"type":"Point","coordinates":[1.14944,51.36793]},"properties":{"name":"Power infrastructure","category":"generator","osm_type":"way","osm_id":"942780008"}},{"type":"Feature","geometry":{"type":"Point","coordinates":[1.15009,51.36813]},"properties":{"name":"Power infrastructure","category":"generator","osm_type":"way","osm_id":"942780010"}},{"type":"Feature","geometry":{"type":"Point","coordinates":[1.15,51.36806]},"properties":{"name":"Power infrastructure","category":"generator","osm_type":"way","osm_id":"942780011"}},{"type":"Feature","geometry":{"type":"Point","coordinates":[1.15023,51.36807]},"properties":{"name":"Power infrastructure","category":"generator","osm_type":"way","osm_id":"942780012"}},{"type":"Feature","geometry":{"type":"Point","coordinates":[1.15276,51.36724]},"properties":{"name":"Power infrastructure","category":"generator","osm_type":"way","osm_id":"942780013"}},{"type":"Feature","geometry":{"type":"Point","coordinates":[1.153,51.36722]},"properties":{"name":"Power infrastructure","category":"generator","osm_type":"way","osm_id":"942780014"}},{"type":"Feature","geometry":{"type":"Point","coordinates":[1.1531,51.36713]},"properties":{"name":"Power infrastructure","category":"generator","osm_type":"way","osm_id":"942780015"}},{"type":"Feature","geometry":{"type":"Point","coordinates":[1.15505,51.36644]},"properties":{"name":"Power infrastructure","category":"generator","osm_type":"way","osm_id":"942780016"}},{"type":"Feature","geometry":{"type":"Point","coordinates":[1.15499,51.36827]},"properties":{"name":"Power infrastructure","category":"generator","osm_type":"way","osm_id":"942780017"}},{"type":"Feature","geometry":{"type":"Point","coordinates":[1.15702,51.36898]},"properties":{"name":"Power infrastructure","category":"generator","osm_type":"way","osm_id":"942780018"}},{"type":"Feature","geometry":{"type":"Point","coordinates":[1.15602,51.3719]},"properties":{"name":"Power infrastructure","category":"generator","osm_type":"way","osm_id":"942938148"}},{"type":"Feature","geometry":{"type":"Point","coordinates":[1.15664,51.37199]},"properties":{"name":"Power infrastructure","category":"generator","osm_type":"way","osm_id":"942938149"}},{"type":"Feature","geometry":{"type":"Point","coordinates":[1.15303,51.37173]},"properties":{"name":"Power infrastructure","category":"generator","osm_type":"way","osm_id":"942938150"}},{"type":"Feature","geometry":{"type":"Point","coordinates":[1.15305,51.3717]},"properties":{"name":"Power infrastructure","category":"generator","osm_type":"way","osm_id":"942938151"}},{"type":"Feature","geometry":{"type":"Point","coordinates":[1.15011,51.37134]},"properties":{"name":"Power infrastructure","category":"generator","osm_type":"way","osm_id":"942938152"}},{"type":"Feature","geometry":{"type":"Point","coordinates":[1.15305,51.37151]},"properties":{"name":"Power infrastructure","category":"generator","osm_type":"way","osm_id":"942938153"}},{"type":"Feature","geometry":{"type":"Point","coordinates":[1.15187,51.37123]},"properties":{"name":"Power infrastructure","category":"generator","osm_type":"way","osm_id":"942938154"}},{"type":"Feature","geometry":{"type":"Point","coordinates":[1.15077,51.37101]},"properties":{"name":"Power infrastructure","category":"generator","osm_type":"way","osm_id":"942938155"}},{"type":"Feature","geometry":{"type":"Point","coordinates":[1.15043,51.36999]},"properties":{"name":"Power infrastructure","category":"generator","osm_type":"way","osm_id":"942938156"}},{"type":"Feature","geometry":{"type":"Point","coordinates":[1.15105,51.36974]},"properties":{"name":"Power infrastructure","category":"generator","osm_type":"way","osm_id":"942938159"}},{"type":"Feature","geometry":{"type":"Point","coordinates":[1.15107,51.36975]},"properties":{"name":"Power infrastructure","category":"generator","osm_type":"way","osm_id":"942938160"}},{"type":"Feature","geometry":{"type":"Point","coordinates":[1.09302,51.07299]},"properties":{"name":"Hythe Main Primary","category":"substation","osm_type":"way","osm_id":"944222901","operator":"UK Power Networks","ref":"008421"}},{"type":"Feature","geometry":{"type":"Point","coordinates":[1.31085,51.12884]},"properties":{"name":"Dover Primary","category":"substation","osm_type":"way","osm_id":"944254876"}},{"type":"Feature","geometry":{"type":"Point","coordinates":[1.11741,51.33157]},"properties":{"name":"Power infrastructure","category":"generator","osm_type":"way","osm_id":"946033352","operator":"Wildwood Trust"}},{"type":"Feature","geometry":{"type":"Point","coordinates":[1.11723,51.33154]},"properties":{"name":"Power infrastructure","category":"generator","osm_type":"way","osm_id":"946033353","operator":"Wildwood Trust"}},{"type":"Feature","geometry":{"type":"Point","coordinates":[1.07515,51.28258]},"properties":{"name":"Power infrastructure","category":"generator","osm_type":"way","osm_id":"946036317"}},{"type":"Feature","geometry":{"type":"Point","coordinates":[1.0759,51.28296]},"properties":{"name":"Power infrastructure","category":"generator","osm_type":"way","osm_id":"946056272"}},{"type":"Feature","geometry":{"type":"Point","coordinates":[1.23875,51.26974]},"properties":{"name":"Power infrastructure","category":"generator","osm_type":"way","osm_id":"948394955"}},{"type":"Feature","geometry":{"type":"Point","coordinates":[1.23878,51.2698]},"properties":{"name":"Power infrastructure","category":"generator","osm_type":"way","osm_id":"948394956"}},{"type":"Feature","geometry":{"type":"Point","coordinates":[1.23877,51.26997]},"properties":{"name":"Power infrastructure","category":"generator","osm_type":"way","osm_id":"948394957"}},{"type":"Feature","geometry":{"type":"Point","coordinates":[1.23883,51.26997]},"properties":{"name":"Power infrastructure","category":"generator","osm_type":"way","osm_id":"948394958"}},{"type":"Feature","geometry":{"type":"Point","coordinates":[1.21686,51.2579]},"properties":{"name":"Power infrastructure","category":"generator","osm_type":"way","osm_id":"948395641"}},{"type":"Feature","geometry":{"type":"Point","coordinates":[1.20552,51.26586]},"properties":{"name":"Power infrastructure","category":"generator","osm_type":"way","osm_id":"948395642"}},{"type":"Feature","geometry":{"type":"Point","coordinates":[1.2295,51.26738]},"properties":{"name":"Power infrastructure","category":"generator","osm_type":"way","osm_id":"948395643"}},{"type":"Feature","geometry":{"type":"Point","coordinates":[1.22926,51.26737]},"properties":{"name":"Power infrastructure","category":"generator","osm_type":"way","osm_id":"948395644"}},{"type":"Feature","geometry":{"type":"Point","coordinates":[1.22967,51.26775]},"properties":{"name":"Power infrastructure","category":"generator","osm_type":"way","osm_id":"948395645"}},{"type":"Feature","geometry":{"type":"Point","coordinates":[1.22908,51.26762]},"properties":{"name":"Power infrastructure","category":"generator","osm_type":"way","osm_id":"948395646"}},{"type":"Feature","geometry":{"type":"Point","coordinates":[1.22109,51.27576]},"properties":{"name":"Power infrastructure","category":"generator","osm_type":"way","osm_id":"948395647"}},{"type":"Feature","geometry":{"type":"Point","coordinates":[1.22079,51.27577]},"properties":{"name":"Power infrastructure","category":"generator","osm_type":"way","osm_id":"948395648"}},{"type":"Feature","geometry":{"type":"Point","coordinates":[1.22107,51.27586]},"properties":{"name":"Power infrastructure","category":"generator","osm_type":"way","osm_id":"948395649"}},{"type":"Feature","geometry":{"type":"Point","coordinates":[1.22106,51.2759]},"properties":{"name":"Power infrastructure","category":"generator","osm_type":"way","osm_id":"948395650"}},{"type":"Feature","geometry":{"type":"Point","coordinates":[1.22104,51.27595]},"properties":{"name":"Power infrastructure","category":"generator","osm_type":"way","osm_id":"948395651"}},{"type":"Feature","geometry":{"type":"Point","coordinates":[1.22103,51.276]},"properties":{"name":"Power infrastructure","category":"generator","osm_type":"way","osm_id":"948395652"}},{"type":"Feature","geometry":{"type":"Point","coordinates":[1.03654,51.2368]},"properties":{"name":"Power infrastructure","category":"generator","osm_type":"way","osm_id":"949844283"}},{"type":"Feature","geometry":{"type":"Point","coordinates":[1.03645,51.23684]},"properties":{"name":"Power infrastructure","category":"generator","osm_type":"way","osm_id":"949844284"}},{"type":"Feature","geometry":{"type":"Point","coordinates":[1.13324,51.35182]},"properties":{"name":"Power infrastructure","category":"generator","osm_type":"way","osm_id":"955494982"}},{"type":"Feature","geometry":{"type":"Point","coordinates":[1.133,51.35192]},"properties":{"name":"Power infrastructure","category":"generator","osm_type":"way","osm_id":"955494983"}},{"type":"Feature","geometry":{"type":"Point","coordinates":[1.13349,51.35143]},"properties":{"name":"Power infrastructure","category":"generator","osm_type":"way","osm_id":"955494984"}},{"type":"Feature","geometry":{"type":"Point","coordinates":[1.16468,51.08357]},"properties":{"name":"Power infrastructure","category":"generator","osm_type":"way","osm_id":"957611573"}},{"type":"Feature","geometry":{"type":"Point","coordinates":[1.39625,51.20145]},"properties":{"name":"Power infrastructure","category":"generator","osm_type":"way","osm_id":"958497740"}},{"type":"Feature","geometry":{"type":"Point","coordinates":[1.39631,51.20146]},"properties":{"name":"Power infrastructure","category":"generator","osm_type":"way","osm_id":"958497741"}},{"type":"Feature","geometry":{"type":"Point","coordinates":[1.39708,51.20202]},"properties":{"name":"Power infrastructure","category":"generator","osm_type":"way","osm_id":"958497742"}},{"type":"Feature","geometry":{"type":"Point","coordinates":[1.3992,51.20423]},"properties":{"name":"Power infrastructure","category":"generator","osm_type":"way","osm_id":"958497782"}},{"type":"Feature","geometry":{"type":"Point","coordinates":[1.38966,51.20099]},"properties":{"name":"Power infrastructure","category":"generator","osm_type":"way","osm_id":"958497881"}},{"type":"Feature","geometry":{"type":"Point","coordinates":[1.38959,51.20103]},"properties":{"name":"Power infrastructure","category":"generator","osm_type":"way","osm_id":"958497882"}},{"type":"Feature","geometry":{"type":"Point","coordinates":[1.39465,51.20249]},"properties":{"name":"Power infrastructure","category":"generator","osm_type":"way","osm_id":"958497883"}},{"type":"Feature","geometry":{"type":"Point","coordinates":[1.39471,51.20249]},"properties":{"name":"Power infrastructure","category":"generator","osm_type":"way","osm_id":"958497884"}},{"type":"Feature","geometry":{"type":"Point","coordinates":[1.38795,51.20119]},"properties":{"name":"Power infrastructure","category":"generator","osm_type":"way","osm_id":"958498212"}},{"type":"Feature","geometry":{"type":"Point","coordinates":[1.38782,51.20121]},"properties":{"name":"Power infrastructure","category":"generator","osm_type":"way","osm_id":"958498213"}},{"type":"Feature","geometry":{"type":"Point","coordinates":[1.40288,51.18846]},"properties":{"name":"Power infrastructure","category":"generator","osm_type":"way","osm_id":"958498412"}},{"type":"Feature","geometry":{"type":"Point","coordinates":[1.40283,51.18846]},"properties":{"name":"Power infrastructure","category":"generator","osm_type":"way","osm_id":"958498413"}},{"type":"Feature","geometry":{"type":"Point","coordinates":[1.40083,51.18916]},"properties":{"name":"Power infrastructure","category":"generator","osm_type":"way","osm_id":"958498414"}},{"type":"Feature","geometry":{"type":"Point","coordinates":[1.40339,51.19436]},"properties":{"name":"Power infrastructure","category":"generator","osm_type":"way","osm_id":"958498415"}},{"type":"Feature","geometry":{"type":"Point","coordinates":[1.15041,51.36025]},"properties":{"name":"Power infrastructure","category":"generator","osm_type":"way","osm_id":"959830327"}},{"type":"Feature","geometry":{"type":"Point","coordinates":[1.15289,51.3595]},"properties":{"name":"Power infrastructure","category":"generator","osm_type":"way","osm_id":"959830328"}},{"type":"Feature","geometry":{"type":"Point","coordinates":[1.15276,51.35952]},"properties":{"name":"Power infrastructure","category":"generator","osm_type":"way","osm_id":"959830329"}},{"type":"Feature","geometry":{"type":"Point","coordinates":[1.15258,51.35947]},"properties":{"name":"Power infrastructure","category":"generator","osm_type":"way","osm_id":"959830330"}},{"type":"Feature","geometry":{"type":"Point","coordinates":[1.15244,51.35947]},"properties":{"name":"Power infrastructure","category":"generator","osm_type":"way","osm_id":"959830331"}},{"type":"Feature","geometry":{"type":"Point","coordinates":[1.15223,51.35948]},"properties":{"name":"Power infrastructure","category":"generator","osm_type":"way","osm_id":"959830332"}},{"type":"Feature","geometry":{"type":"Point","coordinates":[1.15103,51.35965]},"properties":{"name":"Power infrastructure","category":"generator","osm_type":"way","osm_id":"959830333"}},{"type":"Feature","geometry":{"type":"Point","coordinates":[1.15317,51.35996]},"properties":{"name":"Power infrastructure","category":"generator","osm_type":"way","osm_id":"959830334"}},{"type":"Feature","geometry":{"type":"Point","coordinates":[1.15289,51.36002]},"properties":{"name":"Power infrastructure","category":"generator","osm_type":"way","osm_id":"959830335"}},{"type":"Feature","geometry":{"type":"Point","coordinates":[1.16479,51.09564]},"properties":{"name":"Texas Folkestone","category":"substation","osm_type":"way","osm_id":"961898364","ref":"364294"}},{"type":"Feature","geometry":{"type":"Point","coordinates":[1.17189,51.0924]},"properties":{"name":"Park Farm Road","category":"substation","osm_type":"way","osm_id":"961898365","ref":"371538"}},{"type":"Feature","geometry":{"type":"Point","coordinates":[1.1745,51.08837]},"properties":{"name":"Mundella","category":"substation","osm_type":"way","osm_id":"961898366","operator":"UK Power Networks","ref":"361384"}},{"type":"Feature","geometry":{"type":"Point","coordinates":[1.18924,51.08239]},"properties":{"name":"East Cliff Gardens","category":"substation","osm_type":"way","osm_id":"961898367","operator":"UK Power Networks","ref":"362000"}},{"type":"Feature","geometry":{"type":"Point","coordinates":[1.18991,51.0813]},"properties":{"name":"The Stade","category":"substation","osm_type":"way","osm_id":"961898368","ref":"364462"}},{"type":"Feature","geometry":{"type":"Point","coordinates":[1.1584,51.10056]},"properties":{"name":"Crete Road West","category":"substation","osm_type":"way","osm_id":"961922501","operator":"UK Power Networks","ref":"361407"}},{"type":"Feature","geometry":{"type":"Point","coordinates":[1.0888,51.07678]},"properties":{"name":"Tanners Hil","category":"substation","osm_type":"way","osm_id":"961922502","ref":"362091"}},{"type":"Feature","geometry":{"type":"Point","coordinates":[1.09913,51.07243]},"properties":{"name":"Cannogate Road","category":"substation","osm_type":"way","osm_id":"961922503","operator":"UK Power Networks","ref":"362008"}},{"type":"Feature","geometry":{"type":"Point","coordinates":[1.09078,51.27432]},"properties":{"name":"Power infrastructure","category":"generator","osm_type":"way","osm_id":"962669342"}},{"type":"Feature","geometry":{"type":"Point","coordinates":[1.09096,51.27444]},"properties":{"name":"Power infrastructure","category":"generator","osm_type":"way","osm_id":"962669343"}},{"type":"Feature","geometry":{"type":"Point","coordinates":[1.09069,51.27451]},"properties":{"name":"Power infrastructure","category":"generator","osm_type":"way","osm_id":"962669344"}},{"type":"Feature","geometry":{"type":"Point","coordinates":[1.09076,51.27456]},"properties":{"name":"Power infrastructure","category":"generator","osm_type":"way","osm_id":"962669345"}},{"type":"Feature","geometry":{"type":"Point","coordinates":[1.09058,51.27444]},"properties":{"name":"Power infrastructure","category":"generator","osm_type":"way","osm_id":"962669346"}},{"type":"Feature","geometry":{"type":"Point","coordinates":[1.09076,51.27448]},"properties":{"name":"Power infrastructure","category":"generator","osm_type":"way","osm_id":"962669347"}},{"type":"Feature","geometry":{"type":"Point","coordinates":[1.09081,51.27445]},"properties":{"name":"Power infrastructure","category":"generator","osm_type":"way","osm_id":"962669348"}},{"type":"Feature","geometry":{"type":"Point","coordinates":[1.09089,51.27439]},"properties":{"name":"Power infrastructure","category":"generator","osm_type":"way","osm_id":"962669349"}},{"type":"Feature","geometry":{"type":"Point","coordinates":[1.0914,51.27483]},"properties":{"name":"Power infrastructure","category":"generator","osm_type":"way","osm_id":"962670411"}},{"type":"Feature","geometry":{"type":"Point","coordinates":[1.09132,51.27482]},"properties":{"name":"Power infrastructure","category":"generator","osm_type":"way","osm_id":"962670412"}},{"type":"Feature","geometry":{"type":"Point","coordinates":[1.09143,51.27489]},"properties":{"name":"Power infrastructure","category":"generator","osm_type":"way","osm_id":"962670413"}},{"type":"Feature","geometry":{"type":"Point","coordinates":[1.09147,51.27487]},"properties":{"name":"Power infrastructure","category":"generator","osm_type":"way","osm_id":"962670414"}},{"type":"Feature","geometry":{"type":"Point","coordinates":[1.09166,51.27498]},"properties":{"name":"Power infrastructure","category":"generator","osm_type":"way","osm_id":"962670415"}},{"type":"Feature","geometry":{"type":"Point","coordinates":[1.09163,51.27497]},"properties":{"name":"Power infrastructure","category":"generator","osm_type":"way","osm_id":"962670416"}},{"type":"Feature","geometry":{"type":"Point","coordinates":[1.09155,51.27496]},"properties":{"name":"Power infrastructure","category":"generator","osm_type":"way","osm_id":"962670417"}},{"type":"Feature","geometry":{"type":"Point","coordinates":[1.09162,51.27501]},"properties":{"name":"Power infrastructure","category":"generator","osm_type":"way","osm_id":"962670418"}},{"type":"Feature","geometry":{"type":"Point","coordinates":[1.09185,51.27512]},"properties":{"name":"Power infrastructure","category":"generator","osm_type":"way","osm_id":"962670419"}},{"type":"Feature","geometry":{"type":"Point","coordinates":[1.0918,51.27514]},"properties":{"name":"Power infrastructure","category":"generator","osm_type":"way","osm_id":"962670420"}},{"type":"Feature","geometry":{"type":"Point","coordinates":[1.09146,51.27509]},"properties":{"name":"Power infrastructure","category":"generator","osm_type":"way","osm_id":"962670421"}},{"type":"Feature","geometry":{"type":"Point","coordinates":[1.09158,51.27516]},"properties":{"name":"Power infrastructure","category":"generator","osm_type":"way","osm_id":"962670422"}},{"type":"Feature","geometry":{"type":"Point","coordinates":[1.09154,51.27519]},"properties":{"name":"Power infrastructure","category":"generator","osm_type":"way","osm_id":"962670423"}},{"type":"Feature","geometry":{"type":"Point","coordinates":[1.09142,51.27532]},"properties":{"name":"Power infrastructure","category":"generator","osm_type":"way","osm_id":"962670424"}},{"type":"Feature","geometry":{"type":"Point","coordinates":[1.09134,51.2753]},"properties":{"name":"Power infrastructure","category":"generator","osm_type":"way","osm_id":"962670425"}},{"type":"Feature","geometry":{"type":"Point","coordinates":[1.09131,51.27529]},"properties":{"name":"Power infrastructure","category":"generator","osm_type":"way","osm_id":"962670426"}},{"type":"Feature","geometry":{"type":"Point","coordinates":[1.09116,51.27518]},"properties":{"name":"Power infrastructure","category":"generator","osm_type":"way","osm_id":"962670427"}},{"type":"Feature","geometry":{"type":"Point","coordinates":[1.0912,51.27509]},"properties":{"name":"Power infrastructure","category":"generator","osm_type":"way","osm_id":"962670428"}},{"type":"Feature","geometry":{"type":"Point","coordinates":[1.09112,51.27506]},"properties":{"name":"Power infrastructure","category":"generator","osm_type":"way","osm_id":"962670429"}},{"type":"Feature","geometry":{"type":"Point","coordinates":[1.09114,51.27513]},"properties":{"name":"Power infrastructure","category":"generator","osm_type":"way","osm_id":"962670430"}},{"type":"Feature","geometry":{"type":"Point","coordinates":[1.09111,51.27515]},"properties":{"name":"Power infrastructure","category":"generator","osm_type":"way","osm_id":"962670431"}},{"type":"Feature","geometry":{"type":"Point","coordinates":[1.09108,51.275]},"properties":{"name":"Power infrastructure","category":"generator","osm_type":"way","osm_id":"962670432"}},{"type":"Feature","geometry":{"type":"Point","coordinates":[1.09105,51.27502]},"properties":{"name":"Power infrastructure","category":"generator","osm_type":"way","osm_id":"962670433"}},{"type":"Feature","geometry":{"type":"Point","coordinates":[1.09107,51.27508]},"properties":{"name":"Power infrastructure","category":"generator","osm_type":"way","osm_id":"962670434"}},{"type":"Feature","geometry":{"type":"Point","coordinates":[1.09099,51.27505]},"properties":{"name":"Power infrastructure","category":"generator","osm_type":"way","osm_id":"962670435"}},{"type":"Feature","geometry":{"type":"Point","coordinates":[1.09088,51.27498]},"properties":{"name":"Power infrastructure","category":"generator","osm_type":"way","osm_id":"962670436"}},{"type":"Feature","geometry":{"type":"Point","coordinates":[1.09091,51.27496]},"properties":{"name":"Power infrastructure","category":"generator","osm_type":"way","osm_id":"962670437"}},{"type":"Feature","geometry":{"type":"Point","coordinates":[1.09095,51.27494]},"properties":{"name":"Power infrastructure","category":"generator","osm_type":"way","osm_id":"962670438"}},{"type":"Feature","geometry":{"type":"Point","coordinates":[1.09098,51.27492]},"properties":{"name":"Power infrastructure","category":"generator","osm_type":"way","osm_id":"962670439"}},{"type":"Feature","geometry":{"type":"Point","coordinates":[1.10137,51.27156]},"properties":{"name":"Power infrastructure","category":"generator","osm_type":"way","osm_id":"962672131"}},{"type":"Feature","geometry":{"type":"Point","coordinates":[1.09693,51.26705]},"properties":{"name":"Power infrastructure","category":"generator","osm_type":"way","osm_id":"962672132"}},{"type":"Feature","geometry":{"type":"Point","coordinates":[1.09739,51.26765]},"properties":{"name":"Power infrastructure","category":"generator","osm_type":"way","osm_id":"962672133"}},{"type":"Feature","geometry":{"type":"Point","coordinates":[1.09735,51.26764]},"properties":{"name":"Power infrastructure","category":"generator","osm_type":"way","osm_id":"962672134"}},{"type":"Feature","geometry":{"type":"Point","coordinates":[1.09733,51.26761]},"properties":{"name":"Power infrastructure","category":"generator","osm_type":"way","osm_id":"962672135"}},{"type":"Feature","geometry":{"type":"Point","coordinates":[1.09824,51.26791]},"properties":{"name":"Power infrastructure","category":"generator","osm_type":"way","osm_id":"962672136"}},{"type":"Feature","geometry":{"type":"Point","coordinates":[1.09828,51.2679]},"properties":{"name":"Power infrastructure","category":"generator","osm_type":"way","osm_id":"962672137"}},{"type":"Feature","geometry":{"type":"Point","coordinates":[1.09868,51.2692]},"properties":{"name":"Power infrastructure","category":"generator","osm_type":"way","osm_id":"962672138"}},{"type":"Feature","geometry":{"type":"Point","coordinates":[1.09873,51.26919]},"properties":{"name":"Power infrastructure","category":"generator","osm_type":"way","osm_id":"962672139"}},{"type":"Feature","geometry":{"type":"Point","coordinates":[1.09875,51.26922]},"properties":{"name":"Power infrastructure","category":"generator","osm_type":"way","osm_id":"962672140"}},{"type":"Feature","geometry":{"type":"Point","coordinates":[1.10134,51.27085]},"properties":{"name":"Power infrastructure","category":"generator","osm_type":"way","osm_id":"962672141"}},{"type":"Feature","geometry":{"type":"Point","coordinates":[1.10086,51.27124]},"properties":{"name":"Power infrastructure","category":"generator","osm_type":"way","osm_id":"962672142"}},{"type":"Feature","geometry":{"type":"Point","coordinates":[1.10087,51.27117]},"properties":{"name":"Power infrastructure","category":"generator","osm_type":"way","osm_id":"962672143"}},{"type":"Feature","geometry":{"type":"Point","coordinates":[1.37939,51.381]},"properties":{"name":"Margate","category":"substation","osm_type":"way","osm_id":"963377692","operator":"UK Power Networks"}},{"type":"Feature","geometry":{"type":"Point","coordinates":[1.36491,51.35275]},"properties":{"name":"Manston","category":"substation","osm_type":"way","osm_id":"963387165","operator":"UK Power Networks"}},{"type":"Feature","geometry":{"type":"Point","coordinates":[1.32546,51.34677]},"properties":{"name":"Power infrastructure","category":"substation","osm_type":"way","osm_id":"963387166"}},{"type":"Feature","geometry":{"type":"Point","coordinates":[1.02393,51.24775]},"properties":{"name":"Power infrastructure","category":"generator","osm_type":"way","osm_id":"964361361"}},{"type":"Feature","geometry":{"type":"Point","coordinates":[1.02559,51.24808]},"properties":{"name":"Power infrastructure","category":"generator","osm_type":"way","osm_id":"964361362"}},{"type":"Feature","geometry":{"type":"Point","coordinates":[1.0254,51.24833]},"properties":{"name":"Power infrastructure","category":"generator","osm_type":"way","osm_id":"964361363"}},{"type":"Feature","geometry":{"type":"Point","coordinates":[1.03321,51.24551]},"properties":{"name":"Power infrastructure","category":"generator","osm_type":"way","osm_id":"964361364"}},{"type":"Feature","geometry":{"type":"Point","coordinates":[1.03316,51.24554]},"properties":{"name":"Power infrastructure","category":"generator","osm_type":"way","osm_id":"964361365"}},{"type":"Feature","geometry":{"type":"Point","coordinates":[1.03146,51.2455]},"properties":{"name":"Power infrastructure","category":"generator","osm_type":"way","osm_id":"964361366"}},{"type":"Feature","geometry":{"type":"Point","coordinates":[1.02884,51.24647]},"properties":{"name":"Power infrastructure","category":"generator","osm_type":"way","osm_id":"964361367"}},{"type":"Feature","geometry":{"type":"Point","coordinates":[1.02895,51.24673]},"properties":{"name":"Power infrastructure","category":"generator","osm_type":"way","osm_id":"964361368"}},{"type":"Feature","geometry":{"type":"Point","coordinates":[1.02891,51.24676]},"properties":{"name":"Power infrastructure","category":"generator","osm_type":"way","osm_id":"964361369"}},{"type":"Feature","geometry":{"type":"Point","coordinates":[1.02886,51.24674]},"properties":{"name":"Power infrastructure","category":"generator","osm_type":"way","osm_id":"964361370"}},{"type":"Feature","geometry":{"type":"Point","coordinates":[1.0289,51.24684]},"properties":{"name":"Power infrastructure","category":"generator","osm_type":"way","osm_id":"964361371"}},{"type":"Feature","geometry":{"type":"Point","coordinates":[1.42426,51.38674]},"properties":{"name":"Power infrastructure","category":"substation","osm_type":"way","osm_id":"967521314"}},{"type":"Feature","geometry":{"type":"Point","coordinates":[1.42449,51.34189]},"properties":{"name":"Power infrastructure","category":"substation","osm_type":"way","osm_id":"969861558"}},{"type":"Feature","geometry":{"type":"Point","coordinates":[1.4228,51.33669]},"properties":{"name":"Power infrastructure","category":"substation","osm_type":"way","osm_id":"969884546"}},{"type":"Feature","geometry":{"type":"Point","coordinates":[1.1807,51.08219]},"properties":{"name":"Power infrastructure","category":"generator","osm_type":"way","osm_id":"970389284"}},{"type":"Feature","geometry":{"type":"Point","coordinates":[1.40955,51.38634]},"properties":{"name":"Palm Bay","category":"substation","osm_type":"way","osm_id":"972571543","operator":"UK Power Networks","ref":"342037"}},{"type":"Feature","geometry":{"type":"Point","coordinates":[1.39524,51.38869]},"properties":{"name":"Power infrastructure","category":"substation","osm_type":"way","osm_id":"972595717"}},{"type":"Feature","geometry":{"type":"Point","coordinates":[1.17362,51.08081]},"properties":{"name":"Cheriton Gardens","category":"substation","osm_type":"way","osm_id":"972913140","operator":"UK Power Networks","ref":"362075"}},{"type":"Feature","geometry":{"type":"Point","coordinates":[1.37394,51.37969]},"properties":{"name":"MARGATE FOOTBALL GND","category":"substation","osm_type":"way","osm_id":"973148450","operator":"UK Power Networks","ref":"342061"}},{"type":"Feature","geometry":{"type":"Point","coordinates":[1.40157,51.38426]},"properties":{"name":"Power infrastructure","category":"substation","osm_type":"way","osm_id":"973536169"}},{"type":"Feature","geometry":{"type":"Point","coordinates":[1.16488,51.0855]},"properties":{"name":"Wilton Road","category":"substation","osm_type":"way","osm_id":"973547905","operator":"UK Power Networks","ref":"361376"}},{"type":"Feature","geometry":{"type":"Point","coordinates":[1.40444,51.38594]},"properties":{"name":"Power infrastructure","category":"substation","osm_type":"way","osm_id":"977928035"}},{"type":"Feature","geometry":{"type":"Point","coordinates":[1.16488,51.08136]},"properties":{"name":"Power infrastructure","category":"substation","osm_type":"way","osm_id":"977933956"}},{"type":"Feature","geometry":{"type":"Point","coordinates":[1.40265,51.38196]},"properties":{"name":"Power infrastructure","category":"substation","osm_type":"way","osm_id":"978240551","operator":"UK Power Networks"}},{"type":"Feature","geometry":{"type":"Point","coordinates":[1.18366,51.07985]},"properties":{"name":"The Bayle","category":"substation","osm_type":"way","osm_id":"979306865","operator":"UK Power Networks","ref":"362076"}},{"type":"Feature","geometry":{"type":"Point","coordinates":[1.18625,51.08227]},"properties":{"name":"Power infrastructure","category":"generator","osm_type":"way","osm_id":"979306867"}},{"type":"Feature","geometry":{"type":"Point","coordinates":[1.02929,51.35798]},"properties":{"name":"Power infrastructure","category":"generator","osm_type":"way","osm_id":"981291311"}},{"type":"Feature","geometry":{"type":"Point","coordinates":[1.05123,51.29384]},"properties":{"name":"Power infrastructure","category":"generator","osm_type":"way","osm_id":"981292622"}},{"type":"Feature","geometry":{"type":"Point","coordinates":[1.05119,51.29383]},"properties":{"name":"Power infrastructure","category":"generator","osm_type":"way","osm_id":"981292623"}},{"type":"Feature","geometry":{"type":"Point","coordinates":[1.05113,51.29383]},"properties":{"name":"Power infrastructure","category":"generator","osm_type":"way","osm_id":"981292624"}},{"type":"Feature","geometry":{"type":"Point","coordinates":[1.05059,51.294]},"properties":{"name":"Power infrastructure","category":"generator","osm_type":"way","osm_id":"981293489"}},{"type":"Feature","geometry":{"type":"Point","coordinates":[1.05063,51.29401]},"properties":{"name":"Power infrastructure","category":"generator","osm_type":"way","osm_id":"981293490"}},{"type":"Feature","geometry":{"type":"Point","coordinates":[1.04995,51.29473]},"properties":{"name":"Power infrastructure","category":"generator","osm_type":"way","osm_id":"981296197"}},{"type":"Feature","geometry":{"type":"Point","coordinates":[1.19452,51.08354]},"properties":{"name":"Power infrastructure","category":"generator","osm_type":"way","osm_id":"983622667"}},{"type":"Feature","geometry":{"type":"Point","coordinates":[1.19443,51.08352]},"properties":{"name":"Power infrastructure","category":"generator","osm_type":"way","osm_id":"983622668"}},{"type":"Feature","geometry":{"type":"Point","coordinates":[1.1941,51.08342]},"properties":{"name":"Power infrastructure","category":"generator","osm_type":"way","osm_id":"983622672"}},{"type":"Feature","geometry":{"type":"Point","coordinates":[1.1958,51.08412]},"properties":{"name":"Power infrastructure","category":"generator","osm_type":"way","osm_id":"983622679"}},{"type":"Feature","geometry":{"type":"Point","coordinates":[1.19573,51.08418]},"properties":{"name":"Power infrastructure","category":"generator","osm_type":"way","osm_id":"983622680"}},{"type":"Feature","geometry":{"type":"Point","coordinates":[1.19581,51.0844]},"properties":{"name":"Power infrastructure","category":"generator","osm_type":"way","osm_id":"983622682"}},{"type":"Feature","geometry":{"type":"Point","coordinates":[1.19576,51.08441]},"properties":{"name":"Power infrastructure","category":"generator","osm_type":"way","osm_id":"983622683"}},{"type":"Feature","geometry":{"type":"Point","coordinates":[1.19585,51.08484]},"properties":{"name":"Power infrastructure","category":"generator","osm_type":"way","osm_id":"983622690"}},{"type":"Feature","geometry":{"type":"Point","coordinates":[1.19546,51.08485]},"properties":{"name":"Power infrastructure","category":"generator","osm_type":"way","osm_id":"983622694"}},{"type":"Feature","geometry":{"type":"Point","coordinates":[1.06423,51.28715]},"properties":{"name":"Power infrastructure","category":"generator","osm_type":"way","osm_id":"984845681"}},{"type":"Feature","geometry":{"type":"Point","coordinates":[1.06309,51.29775]},"properties":{"name":"Power infrastructure","category":"generator","osm_type":"way","osm_id":"984851338"}},{"type":"Feature","geometry":{"type":"Point","coordinates":[1.0631,51.29777]},"properties":{"name":"Power infrastructure","category":"generator","osm_type":"way","osm_id":"984851339"}},{"type":"Feature","geometry":{"type":"Point","coordinates":[1.06298,51.29781]},"properties":{"name":"Power infrastructure","category":"generator","osm_type":"way","osm_id":"984851340"}},{"type":"Feature","geometry":{"type":"Point","coordinates":[1.06299,51.29784]},"properties":{"name":"Power infrastructure","category":"generator","osm_type":"way","osm_id":"984851341"}},{"type":"Feature","geometry":{"type":"Point","coordinates":[1.06296,51.29783]},"properties":{"name":"Power infrastructure","category":"generator","osm_type":"way","osm_id":"984851342"}},{"type":"Feature","geometry":{"type":"Point","coordinates":[1.06298,51.29786]},"properties":{"name":"Power infrastructure","category":"generator","osm_type":"way","osm_id":"984851343"}},{"type":"Feature","geometry":{"type":"Point","coordinates":[1.06313,51.299]},"properties":{"name":"Power infrastructure","category":"generator","osm_type":"way","osm_id":"984852025"}},{"type":"Feature","geometry":{"type":"Point","coordinates":[1.06273,51.29891]},"properties":{"name":"Power infrastructure","category":"generator","osm_type":"way","osm_id":"984852026"}},{"type":"Feature","geometry":{"type":"Point","coordinates":[1.06259,51.29891]},"properties":{"name":"Power infrastructure","category":"generator","osm_type":"way","osm_id":"984852027"}},{"type":"Feature","geometry":{"type":"Point","coordinates":[1.06241,51.29878]},"properties":{"name":"Power infrastructure","category":"generator","osm_type":"way","osm_id":"984852028"}},{"type":"Feature","geometry":{"type":"Point","coordinates":[1.06214,51.29872]},"properties":{"name":"Power infrastructure","category":"generator","osm_type":"way","osm_id":"984852029"}},{"type":"Feature","geometry":{"type":"Point","coordinates":[1.06188,51.29884]},"properties":{"name":"Power infrastructure","category":"generator","osm_type":"way","osm_id":"984852030"}},{"type":"Feature","geometry":{"type":"Point","coordinates":[1.08538,51.26646]},"properties":{"name":"Power infrastructure","category":"generator","osm_type":"way","osm_id":"984916746"}},{"type":"Feature","geometry":{"type":"Point","coordinates":[1.14142,51.34618]},"properties":{"name":"Power infrastructure","category":"generator","osm_type":"way","osm_id":"987905983"}},{"type":"Feature","geometry":{"type":"Point","coordinates":[1.13457,51.34881]},"properties":{"name":"Power infrastructure","category":"generator","osm_type":"way","osm_id":"987905984"}},{"type":"Feature","geometry":{"type":"Point","coordinates":[1.13322,51.34743]},"properties":{"name":"Power infrastructure","category":"generator","osm_type":"way","osm_id":"987905985"}},{"type":"Feature","geometry":{"type":"Point","coordinates":[1.1333,51.34799]},"properties":{"name":"Power infrastructure","category":"generator","osm_type":"way","osm_id":"987905986"}},{"type":"Feature","geometry":{"type":"Point","coordinates":[1.13459,51.34783]},"properties":{"name":"Power infrastructure","category":"generator","osm_type":"way","osm_id":"987905987"}},{"type":"Feature","geometry":{"type":"Point","coordinates":[1.13469,51.34779]},"properties":{"name":"Power infrastructure","category":"generator","osm_type":"way","osm_id":"987905988"}},{"type":"Feature","geometry":{"type":"Point","coordinates":[1.13488,51.34784]},"properties":{"name":"Power infrastructure","category":"generator","osm_type":"way","osm_id":"987905989"}},{"type":"Feature","geometry":{"type":"Point","coordinates":[1.13505,51.3479]},"properties":{"name":"Power infrastructure","category":"generator","osm_type":"way","osm_id":"987905990"}},{"type":"Feature","geometry":{"type":"Point","coordinates":[1.13536,51.34775]},"properties":{"name":"Power infrastructure","category":"generator","osm_type":"way","osm_id":"987905991"}},{"type":"Feature","geometry":{"type":"Point","coordinates":[1.14013,51.34602]},"properties":{"name":"Power infrastructure","category":"generator","osm_type":"way","osm_id":"987905993"}},{"type":"Feature","geometry":{"type":"Point","coordinates":[1.12806,51.34279]},"properties":{"name":"Power infrastructure","category":"generator","osm_type":"way","osm_id":"987905994"}},{"type":"Feature","geometry":{"type":"Point","coordinates":[1.12758,51.34234]},"properties":{"name":"Power infrastructure","category":"generator","osm_type":"way","osm_id":"987905995"}},{"type":"Feature","geometry":{"type":"Point","coordinates":[1.13185,51.34416]},"properties":{"name":"Power infrastructure","category":"generator","osm_type":"way","osm_id":"987905996"}},{"type":"Feature","geometry":{"type":"Point","coordinates":[1.13595,51.34668]},"properties":{"name":"Power infrastructure","category":"generator","osm_type":"way","osm_id":"987905997"}},{"type":"Feature","geometry":{"type":"Point","coordinates":[1.13365,51.34479]},"properties":{"name":"Power infrastructure","category":"generator","osm_type":"way","osm_id":"987905998"}},{"type":"Feature","geometry":{"type":"Point","coordinates":[1.1337,51.3448]},"properties":{"name":"Power infrastructure","category":"generator","osm_type":"way","osm_id":"987905999"}},{"type":"Feature","geometry":{"type":"Point","coordinates":[1.13372,51.34476]},"properties":{"name":"Power infrastructure","category":"generator","osm_type":"way","osm_id":"987906000"}},{"type":"Feature","geometry":{"type":"Point","coordinates":[1.13386,51.34483]},"properties":{"name":"Power infrastructure","category":"generator","osm_type":"way","osm_id":"987906001"}},{"type":"Feature","geometry":{"type":"Point","coordinates":[1.13393,51.34485]},"properties":{"name":"Power infrastructure","category":"generator","osm_type":"way","osm_id":"987906002"}},{"type":"Feature","geometry":{"type":"Point","coordinates":[1.13384,51.34483]},"properties":{"name":"Power infrastructure","category":"generator","osm_type":"way","osm_id":"987906003"}},{"type":"Feature","geometry":{"type":"Point","coordinates":[1.13131,51.34549]},"properties":{"name":"Power infrastructure","category":"generator","osm_type":"way","osm_id":"987906004"}},{"type":"Feature","geometry":{"type":"Point","coordinates":[1.13125,51.34495]},"properties":{"name":"Power infrastructure","category":"generator","osm_type":"way","osm_id":"987906005"}},{"type":"Feature","geometry":{"type":"Point","coordinates":[1.12986,51.34501]},"properties":{"name":"Power infrastructure","category":"generator","osm_type":"way","osm_id":"987906006"}},{"type":"Feature","geometry":{"type":"Point","coordinates":[1.13025,51.34495]},"properties":{"name":"Power infrastructure","category":"generator","osm_type":"way","osm_id":"987906007"}},{"type":"Feature","geometry":{"type":"Point","coordinates":[1.13,51.34476]},"properties":{"name":"Power infrastructure","category":"generator","osm_type":"way","osm_id":"987906008"}},{"type":"Feature","geometry":{"type":"Point","coordinates":[1.13094,51.3444]},"properties":{"name":"Power infrastructure","category":"generator","osm_type":"way","osm_id":"987906009"}},{"type":"Feature","geometry":{"type":"Point","coordinates":[1.13731,51.34575]},"properties":{"name":"Power infrastructure","category":"generator","osm_type":"way","osm_id":"987906187"}},{"type":"Feature","geometry":{"type":"Point","coordinates":[1.15575,51.08026]},"properties":{"name":"Power infrastructure","category":"generator","osm_type":"way","osm_id":"988877314"}},{"type":"Feature","geometry":{"type":"Point","coordinates":[1.15583,51.08023]},"properties":{"name":"Power infrastructure","category":"generator","osm_type":"way","osm_id":"988877315"}},{"type":"Feature","geometry":{"type":"Point","coordinates":[1.15651,51.07911]},"properties":{"name":"Power infrastructure","category":"generator","osm_type":"way","osm_id":"988877325"}},{"type":"Feature","geometry":{"type":"Point","coordinates":[1.17582,51.08114]},"properties":{"name":"Cambridge Gardens","category":"substation","osm_type":"way","osm_id":"989933606","operator":"UK Power Networks","ref":"364344"}},{"type":"Feature","geometry":{"type":"Point","coordinates":[1.21695,51.10102]},"properties":{"name":"Old Dover Road","category":"substation","osm_type":"way","osm_id":"991303828","ref":"363199"}},{"type":"Feature","geometry":{"type":"Point","coordinates":[1.17285,51.10359]},"properties":{"name":"Power infrastructure","category":"generator","osm_type":"way","osm_id":"991912984"}},{"type":"Feature","geometry":{"type":"Point","coordinates":[1.1027,51.27368]},"properties":{"name":"Power infrastructure","category":"generator","osm_type":"way","osm_id":"992062843"}},{"type":"Feature","geometry":{"type":"Point","coordinates":[1.01089,51.25216]},"properties":{"name":"Power infrastructure","category":"generator","osm_type":"way","osm_id":"996011168"}},{"type":"Feature","geometry":{"type":"Point","coordinates":[1.20918,51.10188]},"properties":{"name":"Power infrastructure","category":"generator","osm_type":"way","osm_id":"996244612"}},{"type":"Feature","geometry":{"type":"Point","coordinates":[1.21162,51.10698]},"properties":{"name":"Power infrastructure","category":"generator","osm_type":"way","osm_id":"996244617"}},{"type":"Feature","geometry":{"type":"Point","coordinates":[1.21173,51.10729]},"properties":{"name":"Power infrastructure","category":"generator","osm_type":"way","osm_id":"996244619"}},{"type":"Feature","geometry":{"type":"Point","coordinates":[1.15362,51.08074]},"properties":{"name":"Power infrastructure","category":"generator","osm_type":"way","osm_id":"997247785"}},{"type":"Feature","geometry":{"type":"Point","coordinates":[1.15357,51.08021]},"properties":{"name":"Power infrastructure","category":"generator","osm_type":"way","osm_id":"997247788"}},{"type":"Feature","geometry":{"type":"Point","coordinates":[1.15369,51.08022]},"properties":{"name":"Power infrastructure","category":"generator","osm_type":"way","osm_id":"997247790"}},{"type":"Feature","geometry":{"type":"Point","coordinates":[1.1743,51.0867]},"properties":{"name":"Power infrastructure","category":"substation","osm_type":"way","osm_id":"997542546"}},{"type":"Feature","geometry":{"type":"Point","coordinates":[1.31662,51.11687]},"properties":{"name":"Power infrastructure","category":"generator","osm_type":"way","osm_id":"997561022"}}]}