{"type":"FeatureCollection","source":"ONS December 2025 local authority boundaries, as used in the atlas","note":"Pilot search areas, not verified organisation service boundaries. London boroughs; Somerset Council; Cumberland and Westmorland and Furness.","features":[{"type":"Feature","properties":{"area_id":"cumbria","name":"Cumberland","code":"E06000063"},"geometry":{"type":"MultiPolygon","coordinates":[[[[-3.22485,54.27367],[-3.2251,54.27285],[-3.22503,54.27326],[-3.22485,54.27367]]],[[[-3.43607,54.3593],[-3.43546,54.35812],[-3.43831,54.3603],[-3.43607,54.3593]]],[[[-3.40899,54.36138],[-3.40968,54.36132],[-3.40983,54.36195],[-3.40899,54.36138]]],[[[-3.44001,54.36672],[-3.43775,54.36568],[-3.43952,54.36625],[-3.44001,54.36672]]],[[[-3.28635,54.87979],[-3.28535,54.87829],[-3.28864,54.8812],[-3.28635,54.87979]]],[[[-3.00129,54.93431],[-3.00191,54.93332],[-3.00178,54.93429],[-3.00129,54.93431]]],[[[-3.00188,54.93472],[-3.0021,54.93568],[-3.00103,54.93693],[-2.99982,54.93602],[-3.00188,54.93472]]],[[[-3.058,54.99148],[-3.05782,54.99002],[-3.05781,54.99166],[-3.058,54.99148]]],[[[-2.67427,55.17371],[-2.68325,55.16663],[-2.6761,55.15841],[-2.67732,55.15549],[-2.67489,55.15547],[-2.67253,55.15085],[-2.66858,55.14731],[-2.66162,55.14636],[-2.65694,55.13613],[-2.64712,55.13106],[-2.63571,55.12961],[-2.63264,55.12776],[-2.62569,55.12754],[-2.62435,55.12897],[-2.62127,55.12922],[-2.5989,55.12458],[-2.60159,55.12261],[-2.60047,55.11716],[-2.59344,55.11283],[-2.59356,55.10512],[-2.58334,55.10168],[-2.5835,55.097],[-2.57744,55.09674],[-2.57668,55.09585],[-2.57246,55.09763],[-2.56843,55.09626],[-2.56897,55.09439],[-2.56678,55.0937],[-2.56671,55.09197],[-2.56118,55.0903],[-2.56103,55.08874],[-2.55829,55.08881],[-2.56121,55.08752],[-2.55907,55.08772],[-2.56048,55.0863],[-2.55914,55.08539],[-2.56161,55.08539],[-2.56214,55.08346],[-2.55879,55.08378],[-2.55695,55.08104],[-2.55519,55.08276],[-2.55084,55.08088],[-2.54577,55.08378],[-2.54017,55.0843],[-2.53226,55.08276],[-2.53047,55.08519],[-2.52717,55.08507],[-2.52639,55.08396],[-2.52495,55.08548],[-2.51809,55.08496],[-2.51647,55.08912],[-2.50693,55.08915],[-2.50371,55.09075],[-2.50063,55.09019],[-2.49829,55.0873],[-2.49574,55.08667],[-2.49519,55.08771],[-2.49533,55.08647],[-2.4907,55.08586],[-2.4909,55.08375],[-2.48634,55.08305],[-2.48664,55.0811],[-2.49012,55.08078],[-2.4911,55.08227],[-2.49473,55.08182],[-2.49705,55.07742],[-2.50123,55.07522],[-2.49403,55.07166],[-2.4922,55.06815],[-2.4938,55.06596],[-2.49759,55.06566],[-2.50398,55.06243],[-2.50003,55.06212],[-2.50267,55.061],[-2.50202,55.05773],[-2.49975,55.05615],[-2.49731,55.0563],[-2.49545,55.05333],[-2.49075,55.05453],[-2.49434,55.05071],[-2.48757,55.04786],[-2.48812,55.04622],[-2.48296,55.0437],[-2.48305,55.04002],[-2.49344,55.03717],[-2.50567,55.03675],[-2.50448,55.03319],[-2.50892,55.03442],[-2.51017,55.03635],[-2.51256,55.03379],[-2.51624,55.03466],[-2.51579,55.03359],[-2.51911,55.03282],[-2.52691,55.03294],[-2.52762,55.0291],[-2.53198,55.03037],[-2.53406,55.02827],[-2.53957,55.02888],[-2.55262,55.02104],[-2.55698,55.01966],[-2.55875,55.02089],[-2.56504,55.02011],[-2.5679,55.01725],[-2.57319,55.01611],[-2.57178,55.01423],[-2.57481,55.01117],[-2.57187,55.00839],[-2.57365,55.00673],[-2.57024,55.00651],[-2.57418,55.0037],[-2.5702,55.00393],[-2.56771,55.00275],[-2.57443,54.99167],[-2.57331,54.98764],[-2.57924,54.98289],[-2.58663,54.98203],[-2.59159,54.97415],[-2.60035,54.97366],[-2.60143,54.97134],[-2.5988,54.96526],[-2.59557,54.96348],[-2.58653,54.96306],[-2.57143,54.96002],[-2.56843,54.95829],[-2.57129,54.94837],[-2.56765,54.94086],[-2.56494,54.94033],[-2.56019,54.9341],[-2.55441,54.93356],[-2.55199,54.93207],[-2.55154,54.92954],[-2.54683,54.93075],[-2.54527,54.92917],[-2.54761,54.92622],[-2.55941,54.92443],[-2.55719,54.92152],[-2.55984,54.92012],[-2.56622,54.91924],[-2.56757,54.909],[-2.57641,54.89672],[-2.59117,54.889],[-2.60455,54.88545],[-2.60545,54.88431],[-2.59025,54.87378],[-2.5886,54.86954],[-2.5812,54.86424],[-2.57335,54.85355],[-2.58178,54.84789],[-2.58267,54.84587],[-2.60375,54.85332],[-2.61488,54.85261],[-2.62402,54.85427],[-2.63513,54.85456],[-2.64907,54.8531],[-2.65534,54.85474],[-2.65777,54.84945],[-2.66897,54.84504],[-2.67665,54.837],[-2.68014,54.83532],[-2.68324,54.83505],[-2.68632,54.83795],[-2.6914,54.83734],[-2.70122,54.8336],[-2.68979,54.81919],[-2.70566,54.81636],[-2.70726,54.81877],[-2.71454,54.81994],[-2.72921,54.81866],[-2.74102,54.82426],[-2.74362,54.82785],[-2.75101,54.82906],[-2.75487,54.82706],[-2.75643,54.82286],[-2.76701,54.82331],[-2.7732,54.82052],[-2.78305,54.82229],[-2.79938,54.81872],[-2.81135,54.82345],[-2.81777,54.82754],[-2.82197,54.82507],[-2.82558,54.82774],[-2.82941,54.82548],[-2.83428,54.82836],[-2.83394,54.8312],[-2.83777,54.83175],[-2.83827,54.83417],[-2.84525,54.83295],[-2.85573,54.8334],[-2.86308,54.83723],[-2.87306,54.83314],[-2.8708,54.8318],[-2.87201,54.82856],[-2.88146,54.82345],[-2.89067,54.82126],[-2.89393,54.82248],[-2.90739,54.82189],[-2.90444,54.81883],[-2.90441,54.81302],[-2.92108,54.80921],[-2.91972,54.80599],[-2.92855,54.80124],[-2.93484,54.79296],[-2.93117,54.79216],[-2.94201,54.78763],[-2.94478,54.78404],[-2.95184,54.78384],[-2.96208,54.77862],[-2.96466,54.78026],[-2.96757,54.7799],[-2.96935,54.77714],[-2.97391,54.77831],[-2.98443,54.77616],[-2.98861,54.77005],[-2.98573,54.76603],[-2.99296,54.76022],[-2.9946,54.75939],[-2.99777,54.76207],[-3.00088,54.7553],[-3.02614,54.74794],[-3.0217,54.74599],[-3.02355,54.74229],[-3.02151,54.74014],[-3.01569,54.73883],[-3.01571,54.73757],[-3.01174,54.73656],[-3.01198,54.73476],[-3.00212,54.7332],[-2.99661,54.73363],[-2.99672,54.73178],[-2.99326,54.73121],[-2.99267,54.72892],[-2.98961,54.72777],[-2.98881,54.72409],[-2.98365,54.72094],[-2.98631,54.72055],[-2.98528,54.71927],[-2.983,54.71938],[-2.98476,54.71606],[-2.98883,54.71509],[-2.99123,54.71285],[-2.98912,54.71091],[-2.9897,54.70721],[-2.99453,54.6998],[-2.99227,54.69624],[-2.99577,54.69453],[-3.00478,54.69512],[-3.02286,54.69348],[-3.0337,54.69432],[-3.04073,54.69753],[-3.0638,54.70008],[-3.07363,54.69558],[-3.08192,54.69525],[-3.08719,54.68609],[-3.07043,54.68493],[-3.0546,54.67976],[-3.06352,54.67301],[-3.0693,54.67142],[-3.0729,54.66687],[-3.0777,54.66623],[-3.0839,54.66315],[-3.08665,54.66356],[-3.09204,54.6574],[-3.09429,54.64387],[-3.09066,54.63611],[-3.09199,54.62702],[-3.08961,54.62216],[-3.0924,54.61724],[-3.08757,54.61557],[-3.08697,54.6127],[-3.08026,54.61214],[-3.07776,54.61059],[-3.06807,54.61414],[-3.06286,54.61259],[-3.05511,54.61458],[-3.05321,54.61338],[-3.04445,54.61421],[-3.03919,54.61235],[-3.03903,54.60884],[-3.03433,54.60277],[-3.02273,54.60268],[-3.0178,54.60025],[-3.01153,54.5995],[-3.00744,54.59527],[-3.01622,54.5891],[-3.02598,54.58649],[-3.0311,54.58234],[-3.03705,54.58093],[-3.02703,54.5745],[-3.01954,54.57592],[-3.01829,54.57496],[-3.02418,54.56861],[-3.02882,54.56691],[-3.02103,54.5648],[-3.01673,54.56157],[-3.02039,54.55891],[-3.01842,54.55339],[-3.01964,54.55176],[-3.01666,54.54793],[-3.02506,54.54103],[-3.02329,54.53886],[-3.02578,54.53031],[-3.0153,54.52553],[-3.01696,54.51486],[-3.01495,54.50984],[-3.0116,54.50863],[-3.01134,54.50719],[-3.01355,54.50107],[-3.01483,54.49981],[-3.02287,54.49967],[-3.04229,54.49582],[-3.0483,54.49628],[-3.0508,54.49127],[-3.06199,54.49252],[-3.07621,54.48937],[-3.08171,54.48493],[-3.08438,54.48558],[-3.08827,54.48396],[-3.09382,54.4748],[-3.09775,54.4719],[-3.10948,54.474],[-3.1157,54.46658],[-3.11257,54.46149],[-3.11943,54.46024],[-3.13221,54.46454],[-3.13644,54.47075],[-3.14556,54.46844],[-3.15383,54.46015],[-3.15917,54.45786],[-3.16296,54.45812],[-3.16714,54.45411],[-3.16628,54.44777],[-3.16112,54.44704],[-3.1606,54.4431],[-3.15859,54.44218],[-3.16014,54.44077],[-3.15791,54.43477],[-3.16034,54.43392],[-3.15702,54.43028],[-3.13598,54.42188],[-3.12874,54.42153],[-3.124,54.42751],[-3.12053,54.42369],[-3.11493,54.42199],[-3.11526,54.41502],[-3.12282,54.41417],[-3.13693,54.40967],[-3.15278,54.40713],[-3.15933,54.40717],[-3.16526,54.40163],[-3.17076,54.39973],[-3.17274,54.3956],[-3.17252,54.38905],[-3.18153,54.38485],[-3.17908,54.38223],[-3.18096,54.37536],[-3.18914,54.36827],[-3.18891,54.36528],[-3.19597,54.35621],[-3.1946,54.35435],[-3.20709,54.35296],[-3.21238,54.34662],[-3.21596,54.34479],[-3.21856,54.345],[-3.2176,54.34238],[-3.22008,54.34049],[-3.21805,54.33932],[-3.21841,54.33603],[-3.22457,54.33279],[-3.23011,54.33217],[-3.2419,54.32348],[-3.23846,54.31882],[-3.23951,54.31721],[-3.237,54.31601],[-3.23354,54.31642],[-3.23092,54.31468],[-3.23114,54.31122],[-3.23391,54.30978],[-3.23267,54.30383],[-3.237,54.29822],[-3.23813,54.29108],[-3.23343,54.28362],[-3.2284,54.28151],[-3.22799,54.27754],[-3.22451,54.27565],[-3.22757,54.26841],[-3.22567,54.26443],[-3.2306,54.26019],[-3.2333,54.25982],[-3.23017,54.25998],[-3.22951,54.25674],[-3.22253,54.25275],[-3.22573,54.25012],[-3.22911,54.2518],[-3.2264,54.25033],[-3.22754,54.24956],[-3.23063,54.25068],[-3.23155,54.25062],[-3.23091,54.24913],[-3.23282,54.24847],[-3.23363,54.24906],[-3.23456,54.24932],[-3.2354,54.24783],[-3.23839,54.24727],[-3.23895,54.24835],[-3.23846,54.24718],[-3.23407,54.24771],[-3.23456,54.24914],[-3.23277,54.24829],[-3.23094,54.24885],[-3.23065,54.25048],[-3.22684,54.24898],[-3.22683,54.24673],[-3.226,54.24644],[-3.22648,54.24889],[-3.22499,54.24372],[-3.22644,54.24383],[-3.22647,54.24336],[-3.22634,54.2438],[-3.22496,54.24365],[-3.22462,54.24404],[-3.22458,54.24621],[-3.22295,54.2436],[-3.22606,54.24001],[-3.22245,54.24337],[-3.22222,54.24063],[-3.22096,54.24133],[-3.22195,54.24036],[-3.22023,54.2406],[-3.2227,54.23963],[-3.21975,54.24066],[-3.21626,54.23677],[-3.21747,54.23545],[-3.22181,54.23831],[-3.2194,54.23588],[-3.2205,54.23545],[-3.22123,54.23637],[-3.2236,54.2375],[-3.22353,54.23649],[-3.22433,54.23749],[-3.22545,54.23812],[-3.22628,54.23509],[-3.22453,54.23748],[-3.22359,54.2364],[-3.22135,54.2362],[-3.22068,54.23527],[-3.21873,54.23547],[-3.21892,54.23177],[-3.22092,54.23505],[-3.22222,54.23581],[-3.22396,54.23562],[-3.22412,54.23409],[-3.22214,54.23559],[-3.22331,54.23423],[-3.22132,54.23516],[-3.22057,54.23412],[-3.22184,54.234],[-3.22324,54.23291],[-3.22087,54.23405],[-3.22215,54.23312],[-3.2206,54.23342],[-3.22162,54.23216],[-3.21987,54.23252],[-3.21954,54.23157],[-3.22155,54.22948],[-3.22229,54.23211],[-3.22234,54.23029],[-3.22393,54.2315],[-3.2236,54.23084],[-3.22416,54.23047],[-3.22385,54.23225],[-3.22448,54.23064],[-3.22402,54.23023],[-3.22538,54.23044],[-3.22383,54.23291],[-3.22556,54.23241],[-3.22423,54.2333],[-3.22541,54.23294],[-3.22545,54.23367],[-3.22749,54.23503],[-3.22577,54.23356],[-3.22691,54.23416],[-3.23009,54.23413],[-3.22582,54.23341],[-3.22748,54.23321],[-3.22573,54.23291],[-3.22552,54.23147],[-3.22787,54.23309],[-3.22668,54.23135],[-3.22828,54.23251],[-3.22833,54.23129],[-3.23008,54.2313],[-3.22628,54.23079],[-3.23018,54.22927],[-3.2319,54.23001],[-3.23059,54.23329],[-3.23193,54.23424],[-3.23167,54.23492],[-3.23251,54.23549],[-3.23057,54.23705],[-3.23188,54.23809],[-3.23039,54.2377],[-3.23215,54.2382],[-3.2308,54.23717],[-3.23353,54.23538],[-3.2311,54.23351],[-3.23215,54.23367],[-3.23343,54.23348],[-3.23101,54.23328],[-3.23285,54.23174],[-3.23598,54.23205],[-3.23575,54.23305],[-3.23654,54.23352],[-3.23823,54.23295],[-3.23616,54.23422],[-3.23649,54.2351],[-3.23627,54.23423],[-3.23929,54.23386],[-3.23833,54.23286],[-3.2363,54.23326],[-3.23748,54.23177],[-3.23717,54.23134],[-3.23899,54.23147],[-3.23835,54.23222],[-3.24024,54.2335],[-3.24216,54.23268],[-3.2409,54.23289],[-3.23923,54.23144],[-3.237,54.23107],[-3.23679,54.23228],[-3.23606,54.23189],[-3.2336,54.23174],[-3.23509,54.23104],[-3.23302,54.23021],[-3.23489,54.22949],[-3.23298,54.23005],[-3.23147,54.22907],[-3.23393,54.22838],[-3.23133,54.22899],[-3.23012,54.22872],[-3.23175,54.22828],[-3.22895,54.22869],[-3.2258,54.22789],[-3.2269,54.22721],[-3.22772,54.22822],[-3.22853,54.22845],[-3.22825,54.22759],[-3.22926,54.2282],[-3.23202,54.22795],[-3.2328,54.22758],[-3.22919,54.22812],[-3.22922,54.22774],[-3.22834,54.22752],[-3.22727,54.22754],[-3.22709,54.227],[-3.2329,54.22675],[-3.22578,54.22651],[-3.233,54.22574],[-3.22662,54.22572],[-3.22856,54.22469],[-3.23009,54.22507],[-3.23289,54.22513],[-3.22841,54.22454],[-3.23009,54.224],[-3.22911,54.22289],[-3.23067,54.2222],[-3.23311,54.22437],[-3.23088,54.22192],[-3.23406,54.22344],[-3.23386,54.22157],[-3.23583,54.22102],[-3.23541,54.22223],[-3.237,54.22071],[-3.23801,54.22139],[-3.23699,54.2213],[-3.23568,54.22208],[-3.23565,54.22256],[-3.23775,54.22141],[-3.23803,54.2226],[-3.23609,54.22288],[-3.23868,54.22294],[-3.23716,54.22404],[-3.23991,54.22315],[-3.23814,54.22166],[-3.23938,54.22202],[-3.24018,54.223],[-3.23889,54.22423],[-3.23898,54.22362],[-3.2365,54.22444],[-3.23539,54.22408],[-3.23582,54.22527],[-3.23693,54.22437],[-3.23867,54.22447],[-3.23654,54.22493],[-3.23501,54.22642],[-3.23446,54.2278],[-3.23698,54.225],[-3.23756,54.22693],[-3.23562,54.22737],[-3.23853,54.22864],[-3.23766,54.22882],[-3.23721,54.22913],[-3.23713,54.22949],[-3.24179,54.23168],[-3.23941,54.2293],[-3.23992,54.22902],[-3.24083,54.22949],[-3.24166,54.22925],[-3.24163,54.23093],[-3.24211,54.23122],[-3.24337,54.23135],[-3.24165,54.2292],[-3.23986,54.22896],[-3.23747,54.22958],[-3.2389,54.22861],[-3.23629,54.22762],[-3.23864,54.22695],[-3.24089,54.2281],[-3.23871,54.2268],[-3.23887,54.22612],[-3.2398,54.22722],[-3.24223,54.22773],[-3.23984,54.22718],[-3.24083,54.22653],[-3.23903,54.22603],[-3.23778,54.22612],[-3.23959,54.2245],[-3.24068,54.22518],[-3.24027,54.22407],[-3.24262,54.22486],[-3.24133,54.22266],[-3.24296,54.22309],[-3.24147,54.22266],[-3.24097,54.22201],[-3.24138,54.22236],[-3.24251,54.22227],[-3.24291,54.22271],[-3.24298,54.2224],[-3.24322,54.22291],[-3.24324,54.22255],[-3.24306,54.22231],[-3.24243,54.22218],[-3.24147,54.22222],[-3.2409,54.22179],[-3.24227,54.22106],[-3.24133,54.22173],[-3.24346,54.22232],[-3.24342,54.22323],[-3.24362,54.22234],[-3.24181,54.22162],[-3.24537,54.22134],[-3.24499,54.22222],[-3.24475,54.22203],[-3.24419,54.22211],[-3.24482,54.22229],[-3.24392,54.22239],[-3.24362,54.22296],[-3.24394,54.22242],[-3.24447,54.22244],[-3.2451,54.22373],[-3.24078,54.22595],[-3.24235,54.22526],[-3.24286,54.22522],[-3.2424,54.22533],[-3.24183,54.22569],[-3.24248,54.22563],[-3.24234,54.22663],[-3.24257,54.22676],[-3.2425,54.22536],[-3.24482,54.22521],[-3.24339,54.22655],[-3.2435,54.22698],[-3.24508,54.22742],[-3.2444,54.22746],[-3.24399,54.22795],[-3.24463,54.22862],[-3.24593,54.22728],[-3.24626,54.22846],[-3.24788,54.22863],[-3.24597,54.22718],[-3.24358,54.22688],[-3.24558,54.22595],[-3.24657,54.22688],[-3.24736,54.22702],[-3.24838,54.22705],[-3.24908,54.22847],[-3.24858,54.22705],[-3.24429,54.22441],[-3.24635,54.22376],[-3.24698,54.22552],[-3.24837,54.22498],[-3.24855,54.22571],[-3.2494,54.22605],[-3.2494,54.22536],[-3.24815,54.22486],[-3.24728,54.22519],[-3.24662,54.22383],[-3.24996,54.22539],[-3.24836,54.2246],[-3.24991,54.2248],[-3.25043,54.22406],[-3.24883,54.2245],[-3.24612,54.22303],[-3.24738,54.22066],[-3.24798,54.22135],[-3.24689,54.21981],[-3.24909,54.221],[-3.24845,54.22097],[-3.24728,54.22303],[-3.24918,54.22317],[-3.24803,54.22271],[-3.24806,54.22184],[-3.24907,54.22128],[-3.2487,54.22158],[-3.24846,54.2225],[-3.24868,54.22268],[-3.24939,54.22291],[-3.2508,54.22012],[-3.24958,54.21813],[-3.25241,54.2173],[-3.25175,54.21888],[-3.25024,54.21867],[-3.25196,54.22028],[-3.25029,54.2213],[-3.25341,54.22108],[-3.25306,54.22166],[-3.25312,54.22227],[-3.25158,54.22199],[-3.25133,54.22243],[-3.25048,54.22231],[-3.25035,54.2225],[-3.25093,54.22309],[-3.25275,54.22324],[-3.252,54.2236],[-3.25088,54.22483],[-3.25221,54.22383],[-3.25112,54.22791],[-3.25231,54.22384],[-3.25267,54.22368],[-3.25312,54.22404],[-3.25361,54.22422],[-3.25416,54.22427],[-3.25354,54.22558],[-3.25422,54.22426],[-3.2522,54.22267],[-3.25059,54.22265],[-3.25342,54.22231],[-3.25377,54.22119],[-3.25132,54.2194],[-3.25293,54.21986],[-3.25226,54.21893],[-3.25429,54.21733],[-3.25333,54.21887],[-3.25378,54.22073],[-3.25486,54.21801],[-3.25441,54.21728],[-3.25392,54.21703],[-3.25545,54.21727],[-3.25487,54.21874],[-3.25562,54.21733],[-3.25472,54.22229],[-3.25604,54.21917],[-3.25609,54.21627],[-3.25364,54.2168],[-3.25339,54.21581],[-3.25583,54.21549],[-3.25654,54.21666],[-3.25711,54.21423],[-3.26181,54.21413],[-3.2619,54.21297],[-3.26257,54.21368],[-3.26584,54.21342],[-3.26184,54.2128],[-3.25759,54.21387],[-3.25707,54.21329],[-3.25932,54.21333],[-3.25954,54.21326],[-3.25997,54.21283],[-3.25686,54.21328],[-3.25768,54.21177],[-3.25971,54.21232],[-3.26042,54.21229],[-3.26068,54.2122],[-3.25783,54.21157],[-3.25618,54.21258],[-3.25709,54.21161],[-3.25412,54.2103],[-3.25579,54.2114],[-3.25588,54.21283],[-3.2572,54.2137],[-3.25634,54.21499],[-3.2505,54.21558],[-3.24985,54.20951],[-3.24519,54.20833],[-3.23922,54.20312],[-3.24512,54.20088],[-3.24611,54.19796],[-3.25423,54.19154],[-3.25631,54.19258],[-3.26261,54.19038],[-3.2689,54.19019],[-3.27591,54.19246],[-3.28176,54.19716],[-3.28744,54.19683],[-3.28721,54.19863],[-3.288,54.19696],[-3.28647,54.19556],[-3.28841,54.19359],[-3.29799,54.18998],[-3.28799,54.19248],[-3.29089,54.19029],[-3.2866,54.19087],[-3.29054,54.18886],[-3.28269,54.19113],[-3.27659,54.19057],[-3.28952,54.18791],[-3.31588,54.18867],[-3.32417,54.19152],[-3.36493,54.23178],[-3.37929,54.24434],[-3.39409,54.25436],[-3.42098,54.2849],[-3.41993,54.28775],[-3.42269,54.29394],[-3.41748,54.29713],[-3.4158,54.30528],[-3.41757,54.3141],[-3.42491,54.32868],[-3.42324,54.33914],[-3.41434,54.34533],[-3.41232,54.34981],[-3.41,54.35035],[-3.40983,54.34252],[-3.41191,54.33815],[-3.40259,54.33452],[-3.40297,54.33529],[-3.4002,54.33515],[-3.40176,54.33281],[-3.40092,54.33226],[-3.40013,54.33265],[-3.40073,54.33178],[-3.39906,54.33113],[-3.39992,54.33267],[-3.40154,54.33295],[-3.39662,54.3352],[-3.39813,54.33572],[-3.39794,54.33507],[-3.39974,54.33446],[-3.39919,54.33524],[-3.39222,54.3397],[-3.39336,54.33725],[-3.39196,54.33621],[-3.39318,54.33726],[-3.39171,54.33967],[-3.38789,54.34106],[-3.38785,54.34062],[-3.38695,54.34042],[-3.38661,54.34442],[-3.38592,54.34407],[-3.38521,54.34398],[-3.38392,54.34472],[-3.38607,54.3442],[-3.3872,54.34554],[-3.38351,54.34978],[-3.38104,54.35094],[-3.37707,54.34946],[-3.37447,54.34972],[-3.37288,54.3513],[-3.37402,54.35026],[-3.37385,54.35546],[-3.37259,54.35559],[-3.37217,54.35389],[-3.37122,54.35331],[-3.37004,54.35333],[-3.36653,54.35563],[-3.36769,54.35699],[-3.3625,54.35733],[-3.36065,54.3578],[-3.36047,54.35857],[-3.36239,54.35897],[-3.35858,54.35998],[-3.35523,54.3617],[-3.35528,54.36212],[-3.35672,54.36324],[-3.35409,54.36311],[-3.35331,54.36573],[-3.35447,54.36318],[-3.35698,54.36336],[-3.35549,54.36168],[-3.36252,54.35907],[-3.36246,54.35848],[-3.36063,54.35846],[-3.36077,54.35792],[-3.36759,54.35725],[-3.36812,54.35673],[-3.36683,54.35576],[-3.37019,54.35351],[-3.37206,54.35572],[-3.37369,54.35594],[-3.37431,54.35523],[-3.37488,54.3499],[-3.38041,54.35131],[-3.38204,54.35106],[-3.38389,54.3503],[-3.3894,54.34461],[-3.38983,54.34183],[-3.40024,54.33954],[-3.40032,54.34062],[-3.40276,54.34059],[-3.40038,54.33949],[-3.40403,54.33923],[-3.40448,54.33793],[-3.40703,54.34125],[-3.4052,54.34839],[-3.4066,54.35106],[-3.41165,54.35297],[-3.41134,54.35739],[-3.40782,54.36062],[-3.40273,54.36175],[-3.40102,54.36538],[-3.39961,54.3651],[-3.39987,54.36643],[-3.3989,54.36614],[-3.39791,54.36654],[-3.39996,54.36657],[-3.39979,54.36516],[-3.40117,54.36562],[-3.40421,54.36203],[-3.41045,54.36334],[-3.41069,54.36112],[-3.41252,54.36359],[-3.41615,54.36371],[-3.4107,54.36043],[-3.4129,54.36079],[-3.4135,54.35947],[-3.41185,54.35782],[-3.41481,54.35694],[-3.42252,54.3597],[-3.42674,54.35889],[-3.42837,54.35603],[-3.43091,54.35598],[-3.43051,54.35633],[-3.43159,54.35698],[-3.43231,54.35708],[-3.43216,54.35706],[-3.43172,54.35748],[-3.43241,54.3571],[-3.43237,54.35703],[-3.43063,54.35633],[-3.43138,54.35611],[-3.43269,54.35662],[-3.43577,54.35943],[-3.43792,54.3605],[-3.43764,54.36172],[-3.43533,54.36334],[-3.43521,54.36363],[-3.43544,54.36371],[-3.4348,54.36388],[-3.43459,54.36433],[-3.43477,54.36396],[-3.43537,54.36382],[-3.43592,54.36319],[-3.43548,54.36506],[-3.43644,54.36658],[-3.43605,54.36521],[-3.44244,54.36956],[-3.44034,54.3722],[-3.4369,54.37266],[-3.43613,54.37406],[-3.43412,54.37285],[-3.43202,54.37309],[-3.43261,54.37391],[-3.43428,54.37412],[-3.43224,54.37468],[-3.43065,54.37688],[-3.43454,54.37436],[-3.4343,54.37389],[-3.4328,54.37381],[-3.43234,54.3732],[-3.43606,54.37432],[-3.43761,54.37272],[-3.43963,54.37289],[-3.443,54.37162],[-3.44342,54.36901],[-3.43943,54.36421],[-3.44205,54.36153],[-3.43963,54.35747],[-3.433,54.35448],[-3.41745,54.35329],[-3.42035,54.35321],[-3.41677,54.3499],[-3.42934,54.34225],[-3.43472,54.34392],[-3.47333,54.3755],[-3.47263,54.37915],[-3.47639,54.38634],[-3.49253,54.40112],[-3.50543,54.40955],[-3.50287,54.41074],[-3.50476,54.41053],[-3.50764,54.41383],[-3.51315,54.41778],[-3.50624,54.41141],[-3.50831,54.41222],[-3.54196,54.43882],[-3.56356,54.45193],[-3.56785,54.45811],[-3.57843,54.46507],[-3.5823,54.4721],[-3.59329,54.48229],[-3.60813,54.49097],[-3.61679,54.48996],[-3.61961,54.49093],[-3.62711,54.50206],[-3.63353,54.50497],[-3.63894,54.51203],[-3.63851,54.5179],[-3.62554,54.52074],[-3.62271,54.52282],[-3.61328,54.52526],[-3.60725,54.53083],[-3.59817,54.55048],[-3.59925,54.55133],[-3.59899,54.55279],[-3.59562,54.54964],[-3.59255,54.55209],[-3.59582,54.55289],[-3.59111,54.55217],[-3.5903,54.55945],[-3.58441,54.56415],[-3.58294,54.57036],[-3.58035,54.57203],[-3.5834,54.58323],[-3.58175,54.58684],[-3.58294,54.59078],[-3.57838,54.59316],[-3.57586,54.59813],[-3.57073,54.60278],[-3.57137,54.61266],[-3.56805,54.61181],[-3.56588,54.61229],[-3.56825,54.61234],[-3.57069,54.61853],[-3.56978,54.62314],[-3.57552,54.63519],[-3.57587,54.64666],[-3.57992,54.65231],[-3.56192,54.6463],[-3.55707,54.64626],[-3.5634,54.64702],[-3.56442,54.64801],[-3.55996,54.64757],[-3.55327,54.64995],[-3.54433,54.64718],[-3.55125,54.65028],[-3.55579,54.6504],[-3.5634,54.64814],[-3.56801,54.64974],[-3.56724,54.65067],[-3.57171,54.65091],[-3.56871,54.65118],[-3.5639,54.65528],[-3.56132,54.6581],[-3.56109,54.66242],[-3.55316,54.66741],[-3.54763,54.67387],[-3.52624,54.68581],[-3.51921,54.69269],[-3.51162,54.70632],[-3.5094,54.71741],[-3.51066,54.71777],[-3.50745,54.71693],[-3.50706,54.71573],[-3.50416,54.71608],[-3.5042,54.71429],[-3.50344,54.71579],[-3.50163,54.71492],[-3.5018,54.71278],[-3.50428,54.71161],[-3.50325,54.71048],[-3.50132,54.7099],[-3.5003,54.71154],[-3.49709,54.71158],[-3.49513,54.71193],[-3.49359,54.71288],[-3.49615,54.71178],[-3.50005,54.71198],[-3.50134,54.71014],[-3.50307,54.71066],[-3.50385,54.7115],[-3.50124,54.71302],[-3.50105,54.71532],[-3.50362,54.71637],[-3.50225,54.71696],[-3.50443,54.71686],[-3.50769,54.71756],[-3.50113,54.71715],[-3.49405,54.72547],[-3.46106,54.74057],[-3.43662,54.75887],[-3.43193,54.77256],[-3.43139,54.78121],[-3.43763,54.79561],[-3.43771,54.802],[-3.40903,54.84406],[-3.40458,54.86057],[-3.39986,54.86742],[-3.39832,54.86889],[-3.39412,54.86807],[-3.39728,54.86944],[-3.39332,54.87044],[-3.38617,54.87502],[-3.37743,54.8839],[-3.36653,54.89167],[-3.34511,54.89967],[-3.33837,54.90032],[-3.33518,54.89863],[-3.35044,54.8937],[-3.35102,54.89336],[-3.35082,54.89262],[-3.35344,54.89245],[-3.35457,54.89204],[-3.35503,54.89119],[-3.35578,54.89197],[-3.35766,54.89197],[-3.35902,54.8913],[-3.3596,54.89079],[-3.35912,54.89015],[-3.36001,54.89019],[-3.36063,54.88957],[-3.36029,54.8892],[-3.35872,54.88827],[-3.35841,54.88817],[-3.35816,54.88819],[-3.35777,54.88848],[-3.35734,54.88824],[-3.3593,54.88756],[-3.35972,54.88636],[-3.35926,54.88579],[-3.35927,54.88755],[-3.35729,54.88821],[-3.35778,54.88851],[-3.35877,54.88832],[-3.36057,54.88957],[-3.35901,54.89017],[-3.35897,54.89125],[-3.35562,54.89181],[-3.35564,54.89122],[-3.35437,54.89036],[-3.3532,54.89],[-3.35415,54.88925],[-3.35317,54.88839],[-3.35311,54.88986],[-3.34971,54.88843],[-3.35484,54.89105],[-3.3531,54.89232],[-3.34949,54.89205],[-3.35066,54.89317],[-3.34815,54.89289],[-3.34785,54.89383],[-3.34625,54.89255],[-3.34995,54.89074],[-3.34849,54.891],[-3.34885,54.8891],[-3.3473,54.8886],[-3.34606,54.88914],[-3.34526,54.88862],[-3.34605,54.88867],[-3.34639,54.88866],[-3.34645,54.88859],[-3.34641,54.88823],[-3.34554,54.88798],[-3.34574,54.88779],[-3.34541,54.88797],[-3.34633,54.88863],[-3.34565,54.88841],[-3.34213,54.88881],[-3.34256,54.88602],[-3.34079,54.88567],[-3.33829,54.88597],[-3.34142,54.88517],[-3.34258,54.88428],[-3.34253,54.88509],[-3.34298,54.88524],[-3.34279,54.88371],[-3.34105,54.8825],[-3.34249,54.8842],[-3.3381,54.88595],[-3.32685,54.88523],[-3.33952,54.88637],[-3.34139,54.88582],[-3.34182,54.88899],[-3.34871,54.88944],[-3.34522,54.89243],[-3.34669,54.89109],[-3.34587,54.89117],[-3.34233,54.88942],[-3.33887,54.88848],[-3.34539,54.89107],[-3.34477,54.89238],[-3.34709,54.89379],[-3.34465,54.89444],[-3.34114,54.89108],[-3.34262,54.89285],[-3.3389,54.89065],[-3.33749,54.8902],[-3.33986,54.89138],[-3.33762,54.89149],[-3.33987,54.89147],[-3.34458,54.8946],[-3.34319,54.89525],[-3.34142,54.89333],[-3.3409,54.89344],[-3.34303,54.89524],[-3.34087,54.89581],[-3.33443,54.8906],[-3.33704,54.8901],[-3.3352,54.89007],[-3.33616,54.88828],[-3.33446,54.88765],[-3.33464,54.89034],[-3.33181,54.8901],[-3.33248,54.88878],[-3.32959,54.88958],[-3.32992,54.88938],[-3.32961,54.88896],[-3.33049,54.88833],[-3.32967,54.88833],[-3.32944,54.88891],[-3.3297,54.88946],[-3.32846,54.88918],[-3.32872,54.88908],[-3.32841,54.88885],[-3.32906,54.88811],[-3.32791,54.88917],[-3.33061,54.89006],[-3.32475,54.88907],[-3.32635,54.88799],[-3.32602,54.88691],[-3.32465,54.88894],[-3.31623,54.88892],[-3.31838,54.88855],[-3.31857,54.88785],[-3.31934,54.88808],[-3.31943,54.88774],[-3.31844,54.88786],[-3.31833,54.88848],[-3.31435,54.88877],[-3.30592,54.88587],[-3.30707,54.88489],[-3.30577,54.88584],[-3.30197,54.88523],[-3.29612,54.88242],[-3.29817,54.88269],[-3.29982,54.88159],[-3.30004,54.88175],[-3.3019,54.88232],[-3.30011,54.88169],[-3.30033,54.88125],[-3.29975,54.88047],[-3.29814,54.87979],[-3.30027,54.88129],[-3.29817,54.8826],[-3.2938,54.88079],[-3.29507,54.87919],[-3.296,54.88022],[-3.2964,54.88019],[-3.29685,54.87846],[-3.29608,54.88017],[-3.29441,54.87609],[-3.29434,54.87771],[-3.29014,54.87518],[-3.29514,54.87874],[-3.29331,54.88037],[-3.29062,54.87807],[-3.28849,54.87754],[-3.29165,54.87962],[-3.28545,54.87822],[-3.28223,54.87505],[-3.28818,54.86692],[-3.28626,54.86748],[-3.28264,54.86225],[-3.28548,54.85917],[-3.28928,54.85903],[-3.29109,54.86032],[-3.2925,54.86034],[-3.2963,54.85828],[-3.29743,54.85748],[-3.29573,54.85538],[-3.29206,54.85427],[-3.28907,54.85419],[-3.28838,54.85355],[-3.28728,54.8534],[-3.28576,54.85402],[-3.28359,54.85313],[-3.28494,54.85409],[-3.28617,54.85407],[-3.28755,54.85351],[-3.28918,54.85438],[-3.2945,54.85507],[-3.29694,54.85743],[-3.29177,54.86017],[-3.2896,54.85878],[-3.28429,54.85912],[-3.28011,54.86219],[-3.28408,54.8652],[-3.28438,54.86852],[-3.2796,54.87005],[-3.27863,54.86848],[-3.27702,54.86796],[-3.27962,54.87009],[-3.28378,54.86921],[-3.28088,54.87173],[-3.2791,54.87725],[-3.27673,54.87785],[-3.27864,54.87755],[-3.27774,54.87949],[-3.27962,54.87889],[-3.28176,54.88041],[-3.28175,54.88164],[-3.27963,54.8815],[-3.28171,54.88169],[-3.28132,54.88329],[-3.28371,54.88427],[-3.28388,54.88762],[-3.28328,54.88741],[-3.28331,54.88659],[-3.28161,54.88452],[-3.2808,54.88394],[-3.28006,54.88402],[-3.28257,54.88569],[-3.28294,54.88648],[-3.28133,54.88601],[-3.28317,54.88668],[-3.28336,54.88895],[-3.28779,54.8902],[-3.28394,54.8929],[-3.28218,54.89264],[-3.28353,54.89108],[-3.28206,54.89228],[-3.28165,54.89113],[-3.28099,54.89255],[-3.27879,54.89216],[-3.27977,54.89154],[-3.27448,54.89194],[-3.2727,54.89146],[-3.27389,54.89022],[-3.27593,54.89113],[-3.27821,54.89128],[-3.27505,54.8906],[-3.27594,54.88842],[-3.27505,54.88784],[-3.27506,54.89048],[-3.27387,54.8901],[-3.27347,54.89017],[-3.27062,54.89172],[-3.27183,54.88997],[-3.27106,54.8895],[-3.26939,54.89238],[-3.26246,54.89511],[-3.26656,54.89123],[-3.26644,54.88957],[-3.26592,54.88893],[-3.26381,54.88908],[-3.26586,54.88898],[-3.2663,54.89147],[-3.26383,54.89169],[-3.26309,54.89423],[-3.25847,54.89508],[-3.25956,54.89582],[-3.25715,54.89734],[-3.255,54.89613],[-3.2569,54.89742],[-3.25464,54.89762],[-3.25165,54.90399],[-3.25054,54.90234],[-3.25201,54.90216],[-3.25303,54.9009],[-3.25128,54.90065],[-3.25299,54.8997],[-3.25265,54.8976],[-3.25077,54.89948],[-3.25278,54.8998],[-3.25186,54.8998],[-3.24954,54.90072],[-3.2521,54.90117],[-3.25024,54.90231],[-3.25048,54.90442],[-3.25287,54.90436],[-3.25311,54.90291],[-3.25587,54.90427],[-3.25396,54.9065],[-3.25525,54.90643],[-3.255,54.90972],[-3.25234,54.91123],[-3.24762,54.91143],[-3.24684,54.91003],[-3.24479,54.90913],[-3.24444,54.90803],[-3.24326,54.90864],[-3.24373,54.90757],[-3.24213,54.90712],[-3.24326,54.90872],[-3.24434,54.90809],[-3.24447,54.90912],[-3.24628,54.91031],[-3.23337,54.90927],[-3.22982,54.90581],[-3.22001,54.90182],[-3.21319,54.90451],[-3.21132,54.90344],[-3.20954,54.90362],[-3.20486,54.9071],[-3.20084,54.90786],[-3.20236,54.90946],[-3.19828,54.9082],[-3.19592,54.90927],[-3.19428,54.91157],[-3.19219,54.91134],[-3.19169,54.90929],[-3.18998,54.90898],[-3.18805,54.90968],[-3.18692,54.90888],[-3.18885,54.90765],[-3.19084,54.90848],[-3.19267,54.90688],[-3.18969,54.90555],[-3.19209,54.90095],[-3.19196,54.9004],[-3.19099,54.90022],[-3.18878,54.90175],[-3.18516,54.89876],[-3.18643,54.89834],[-3.18927,54.89883],[-3.19004,54.89867],[-3.1896,54.89808],[-3.18548,54.89648],[-3.18747,54.89578],[-3.18608,54.89347],[-3.18999,54.89276],[-3.18722,54.89042],[-3.1846,54.89098],[-3.18287,54.89205],[-3.18728,54.89049],[-3.18988,54.89271],[-3.18605,54.8934],[-3.18598,54.89357],[-3.1873,54.89575],[-3.18534,54.89651],[-3.18986,54.89868],[-3.18661,54.89826],[-3.18505,54.89878],[-3.1887,54.90182],[-3.19182,54.90044],[-3.1895,54.90558],[-3.19252,54.90685],[-3.19079,54.90833],[-3.18898,54.90758],[-3.18784,54.90778],[-3.18676,54.90898],[-3.18815,54.90979],[-3.19153,54.90936],[-3.19138,54.91171],[-3.19457,54.91163],[-3.19852,54.90831],[-3.20255,54.90965],[-3.20115,54.90813],[-3.20583,54.90729],[-3.2099,54.90389],[-3.21397,54.9053],[-3.22079,54.90231],[-3.22295,54.90598],[-3.22754,54.906],[-3.22878,54.90715],[-3.22552,54.90755],[-3.22996,54.90752],[-3.23347,54.91139],[-3.24436,54.91169],[-3.24875,54.91378],[-3.26056,54.91049],[-3.26954,54.90009],[-3.27232,54.89957],[-3.27604,54.90119],[-3.27498,54.90164],[-3.27695,54.90134],[-3.28563,54.90443],[-3.28474,54.90529],[-3.28667,54.90476],[-3.29779,54.90739],[-3.30011,54.91015],[-3.30322,54.9092],[-3.30935,54.91208],[-3.31414,54.91547],[-3.31391,54.92078],[-3.30853,54.9254],[-3.29897,54.92924],[-3.29141,54.93734],[-3.28514,54.94156],[-3.26528,54.94304],[-3.26533,54.94167],[-3.26502,54.93999],[-3.26636,54.93957],[-3.26884,54.93708],[-3.26468,54.93957],[-3.26511,54.94312],[-3.24329,54.94516],[-3.23144,54.95015],[-3.23209,54.95309],[-3.22993,54.95023],[-3.23075,54.95208],[-3.22673,54.95125],[-3.21148,54.95431],[-3.20198,54.9534],[-3.19792,54.95208],[-3.19887,54.95137],[-3.19772,54.952],[-3.18586,54.94959],[-3.17882,54.94198],[-3.15655,54.93759],[-3.15502,54.93254],[-3.1534,54.93188],[-3.15093,54.93158],[-3.15384,54.93215],[-3.15535,54.93441],[-3.14016,54.9279],[-3.12281,54.92801],[-3.11838,54.92718],[-3.11959,54.92641],[-3.11892,54.92537],[-3.11783,54.92714],[-3.09979,54.92806],[-3.10229,54.92859],[-3.09545,54.93129],[-3.09648,54.9318],[-3.0852,54.93405],[-3.08409,54.92984],[-3.08471,54.93439],[-3.07266,54.93693],[-3.06585,54.93986],[-3.0675,54.93952],[-3.06164,54.94533],[-3.05718,54.94459],[-3.0566,54.94529],[-3.05831,54.94525],[-3.05643,54.94602],[-3.04718,54.94609],[-3.04796,54.94569],[-3.04861,54.94484],[-3.05042,54.94473],[-3.05127,54.94357],[-3.05278,54.94371],[-3.05308,54.94311],[-3.05275,54.94367],[-3.05134,54.94349],[-3.0511,54.94364],[-3.05039,54.94469],[-3.04931,54.9445],[-3.04827,54.94499],[-3.04778,54.94566],[-3.04681,54.94593],[-3.0358,54.94423],[-3.03728,54.94268],[-3.03716,54.94223],[-3.03654,54.9421],[-3.03809,54.94147],[-3.0382,54.94065],[-3.03642,54.94213],[-3.03558,54.94425],[-3.0248,54.94462],[-3.02613,54.94526],[-3.01291,54.94699],[-3.0079,54.94575],[-3.00651,54.94114],[-3.00275,54.93804],[-3.00597,54.93059],[-3.00114,54.93347],[-2.99924,54.93632],[-2.99867,54.93586],[-2.99854,54.93584],[-2.99614,54.93593],[-2.99863,54.9359],[-3.00085,54.93757],[-3.00836,54.94709],[-3.01553,54.94813],[-3.02815,54.9461],[-3.04023,54.94589],[-3.04422,54.94764],[-3.04415,54.94777],[-3.04327,54.94762],[-3.04176,54.94778],[-3.0462,54.94853],[-3.04607,54.9491],[-3.04941,54.95326],[-3.05222,54.95564],[-3.04972,54.95538],[-3.05184,54.95604],[-3.0543,54.95554],[-3.05211,54.95546],[-3.0465,54.94902],[-3.0512,54.94992],[-3.05176,54.95082],[-3.05293,54.95128],[-3.0522,54.95217],[-3.05256,54.95267],[-3.05374,54.95291],[-3.05492,54.95235],[-3.05409,54.95357],[-3.05473,54.95372],[-3.05508,54.95234],[-3.05454,54.95231],[-3.05392,54.95278],[-3.05276,54.95267],[-3.05321,54.95147],[-3.0522,54.95027],[-3.05976,54.94937],[-3.05888,54.95001],[-3.05906,54.95036],[-3.05939,54.95051],[-3.06,54.95023],[-3.06097,54.95047],[-3.06174,54.94986],[-3.05908,54.95002],[-3.06387,54.94903],[-3.06682,54.95228],[-3.06409,54.94884],[-3.06784,54.94789],[-3.07,54.94925],[-3.06919,54.94758],[-3.07593,54.94669],[-3.0788,54.94698],[-3.08196,54.94944],[-3.081,54.9496],[-3.07956,54.95063],[-3.07703,54.95069],[-3.07595,54.95144],[-3.0825,54.95018],[-3.08498,54.94947],[-3.08565,54.94861],[-3.08247,54.94959],[-3.08289,54.94738],[-3.08175,54.9481],[-3.08028,54.94698],[-3.08247,54.94698],[-3.08204,54.94652],[-3.07348,54.94595],[-3.07232,54.94477],[-3.08363,54.93995],[-3.08625,54.94119],[-3.0905,54.94093],[-3.08999,54.93883],[-3.09319,54.9388],[-3.09321,54.94008],[-3.09528,54.94212],[-3.09347,54.93881],[-3.09804,54.94201],[-3.09467,54.9391],[-3.0978,54.93866],[-3.1015,54.94165],[-3.0987,54.93781],[-3.10192,54.93551],[-3.10542,54.93624],[-3.10539,54.93795],[-3.1057,54.93618],[-3.10323,54.93503],[-3.10836,54.93222],[-3.11789,54.93356],[-3.12434,54.94162],[-3.1252,54.94405],[-3.12087,54.94389],[-3.11775,54.94207],[-3.11389,54.94071],[-3.12195,54.94454],[-3.11419,54.9472],[-3.12314,54.9459],[-3.12673,54.94939],[-3.12707,54.95092],[-3.11958,54.95432],[-3.11649,54.95156],[-3.10959,54.94808],[-3.10889,54.94584],[-3.0957,54.94622],[-3.11232,54.94956],[-3.11701,54.95226],[-3.11727,54.95591],[-3.11534,54.95697],[-3.11149,54.95514],[-3.10382,54.9486],[-3.10731,54.95279],[-3.10459,54.95237],[-3.1036,54.95282],[-3.10386,54.95334],[-3.10458,54.95249],[-3.10732,54.95321],[-3.11161,54.95763],[-3.10435,54.95809],[-3.0952,54.96322],[-3.09108,54.96259],[-3.0892,54.96479],[-3.08542,54.96517],[-3.08627,54.96836],[-3.08398,54.96661],[-3.08543,54.97034],[-3.07005,54.97432],[-3.06816,54.97646],[-3.07104,54.97436],[-3.07247,54.97497],[-3.06748,54.98129],[-3.06158,54.98479],[-3.04823,54.98339],[-3.04785,54.9787],[-3.04956,54.97978],[-3.04788,54.97808],[-3.05039,54.97792],[-3.05027,54.97696],[-3.05035,54.97789],[-3.048,54.97799],[-3.04568,54.97557],[-3.04742,54.9756],[-3.04195,54.97449],[-3.04257,54.96948],[-3.03716,54.96638],[-3.0374,54.96728],[-3.03494,54.96693],[-3.03659,54.96722],[-3.00895,54.97429],[-3.03662,54.96861],[-3.04035,54.9688],[-3.0416,54.9701],[-3.03924,54.97293],[-3.03706,54.9726],[-3.03919,54.9731],[-3.04064,54.97664],[-3.04544,54.97847],[-3.04647,54.98455],[-3.04868,54.98668],[-3.04793,54.98553],[-3.05355,54.98683],[-3.05312,54.98691],[-3.05244,54.98751],[-3.05526,54.98678],[-3.05728,54.98872],[-3.05772,54.99157],[-3.052,54.99323],[-3.05273,54.99456],[-3.04935,54.99696],[-3.0442,54.99844],[-3.04644,55.00059],[-3.04684,55.00472],[-3.04494,55.00766],[-3.04867,55.00678],[-3.04946,55.0094],[-3.04546,55.01066],[-3.04518,55.01265],[-3.03932,55.01642],[-3.04237,55.01957],[-3.0397,55.02042],[-3.04127,55.02122],[-3.04013,55.02264],[-3.03668,55.02192],[-3.03427,55.02408],[-3.03024,55.02465],[-3.03432,55.02991],[-3.02588,55.03649],[-3.03105,55.03798],[-3.03218,55.03987],[-3.03476,55.03894],[-3.03815,55.04134],[-3.04015,55.04114],[-3.0385,55.0437],[-3.04366,55.04475],[-3.04339,55.04737],[-3.05071,55.04883],[-3.05342,55.04728],[-3.05093,55.0528],[-3.04317,55.05566],[-3.02755,55.05528],[-2.95859,55.04929],[-2.95542,55.05462],[-2.94799,55.05554],[-2.94385,55.05814],[-2.93641,55.05959],[-2.94301,55.06416],[-2.94201,55.06809],[-2.93912,55.06985],[-2.93289,55.07126],[-2.92735,55.07033],[-2.92208,55.07211],[-2.91727,55.07512],[-2.9173,55.07808],[-2.915,55.07896],[-2.91243,55.07891],[-2.91057,55.07711],[-2.89986,55.07699],[-2.89688,55.07795],[-2.89263,55.08502],[-2.89331,55.08785],[-2.89073,55.08825],[-2.88603,55.08667],[-2.88379,55.08755],[-2.88623,55.08932],[-2.88303,55.09078],[-2.88232,55.09295],[-2.88587,55.0935],[-2.88629,55.09481],[-2.87687,55.0952],[-2.87133,55.10028],[-2.87282,55.10188],[-2.87074,55.10634],[-2.85209,55.10849],[-2.85012,55.11105],[-2.84454,55.11187],[-2.84646,55.11436],[-2.84111,55.11806],[-2.83902,55.11686],[-2.83788,55.11761],[-2.84219,55.12105],[-2.84125,55.1225],[-2.83262,55.12147],[-2.82761,55.12484],[-2.82674,55.12696],[-2.83306,55.13245],[-2.8255,55.13831],[-2.81932,55.13845],[-2.81278,55.13617],[-2.80191,55.13886],[-2.79079,55.13986],[-2.78984,55.14169],[-2.78485,55.14179],[-2.78192,55.14575],[-2.77503,55.14811],[-2.77493,55.14929],[-2.76621,55.15094],[-2.76558,55.15263],[-2.76134,55.1534],[-2.76028,55.1548],[-2.74625,55.15823],[-2.74525,55.16023],[-2.74388,55.15974],[-2.74069,55.16136],[-2.74141,55.16215],[-2.73572,55.1638],[-2.73261,55.16723],[-2.71375,55.17213],[-2.70348,55.17317],[-2.68979,55.18898],[-2.67456,55.17589],[-2.67427,55.17371]]]]}},{"type":"Feature","properties":{"area_id":"cumbria","name":"Westmorland and Furness","code":"E06000064"},"geometry":{"type":"MultiPolygon","coordinates":[[[[-3.20053,54.0644],[-3.20345,54.06527],[-3.203,54.06572],[-3.20178,54.06563],[-3.20053,54.0644]]],[[[-3.17268,54.06225],[-3.17689,54.06351],[-3.17414,54.06651],[-3.17229,54.0643],[-3.17268,54.06225]]],[[[-2.82396,54.09399],[-2.82768,54.09455],[-2.8275,54.0986],[-2.82513,54.10166],[-2.81956,54.10413],[-2.82396,54.09399]]],[[[-3.25215,54.15049],[-3.26445,54.14775],[-3.26446,54.1455],[-3.26613,54.14568],[-3.26483,54.14403],[-3.26668,54.14351],[-3.2659,54.1428],[-3.26452,54.14429],[-3.26422,54.14292],[-3.26687,54.14192],[-3.26431,54.14225],[-3.26552,54.13977],[-3.26413,54.14134],[-3.26326,54.13964],[-3.26443,54.13947],[-3.26471,54.13857],[-3.26302,54.13959],[-3.2633,54.13876],[-3.26066,54.13854],[-3.26082,54.13807],[-3.26113,54.13854],[-3.26138,54.13851],[-3.26172,54.13795],[-3.26192,54.13837],[-3.26242,54.13857],[-3.26381,54.13845],[-3.26246,54.13769],[-3.26167,54.13785],[-3.2612,54.13843],[-3.26185,54.13712],[-3.26351,54.13733],[-3.2623,54.13458],[-3.26335,54.13726],[-3.26187,54.137],[-3.26116,54.13797],[-3.2608,54.13647],[-3.26055,54.13791],[-3.25891,54.13751],[-3.25998,54.13716],[-3.26041,54.13636],[-3.25975,54.13712],[-3.25754,54.13633],[-3.25761,54.13582],[-3.25784,54.13606],[-3.25833,54.13601],[-3.25897,54.13651],[-3.26026,54.13578],[-3.25896,54.13642],[-3.25877,54.1353],[-3.25793,54.13598],[-3.25595,54.13493],[-3.25582,54.13417],[-3.25654,54.13505],[-3.25815,54.13438],[-3.25945,54.13515],[-3.25873,54.13388],[-3.25626,54.13448],[-3.2551,54.13293],[-3.25539,54.13322],[-3.25601,54.13337],[-3.25772,54.13315],[-3.25793,54.13369],[-3.25846,54.13344],[-3.25771,54.13304],[-3.25564,54.13275],[-3.25546,54.13314],[-3.2552,54.13194],[-3.25729,54.13282],[-3.25827,54.13232],[-3.25922,54.13321],[-3.2609,54.13345],[-3.25887,54.13183],[-3.25457,54.13179],[-3.25577,54.13145],[-3.25083,54.12585],[-3.25085,54.11595],[-3.24592,54.11061],[-3.24294,54.09894],[-3.24474,54.0981],[-3.2459,54.09871],[-3.24581,54.09807],[-3.24907,54.09857],[-3.25041,54.09803],[-3.25288,54.09965],[-3.25421,54.09887],[-3.25105,54.09805],[-3.25295,54.09749],[-3.24766,54.09807],[-3.25139,54.09646],[-3.25303,54.09708],[-3.25246,54.09577],[-3.25044,54.09637],[-3.25096,54.09611],[-3.25121,54.09527],[-3.25001,54.09604],[-3.25014,54.09685],[-3.24844,54.09698],[-3.24891,54.09523],[-3.25116,54.09456],[-3.24734,54.09528],[-3.2496,54.09422],[-3.24607,54.09556],[-3.24814,54.09604],[-3.24658,54.09582],[-3.24797,54.09626],[-3.24748,54.09733],[-3.24684,54.09703],[-3.24707,54.09649],[-3.24661,54.09615],[-3.24578,54.09689],[-3.24712,54.09739],[-3.24409,54.09736],[-3.24606,54.09594],[-3.24316,54.09752],[-3.24247,54.09664],[-3.24572,54.09579],[-3.24604,54.09524],[-3.24269,54.09583],[-3.24664,54.09497],[-3.24771,54.09455],[-3.24638,54.09478],[-3.24731,54.09451],[-3.2479,54.09425],[-3.24822,54.09402],[-3.24278,54.09499],[-3.24876,54.09371],[-3.24482,54.09389],[-3.24773,54.0931],[-3.24491,54.09374],[-3.24658,54.0928],[-3.24432,54.09346],[-3.24719,54.0922],[-3.24395,54.09351],[-3.24561,54.09208],[-3.24182,54.09232],[-3.24181,54.08966],[-3.23973,54.0902],[-3.24053,54.08944],[-3.23808,54.08875],[-3.24044,54.08821],[-3.23645,54.08695],[-3.23891,54.08637],[-3.22989,54.08844],[-3.22902,54.08592],[-3.23321,54.08405],[-3.22683,54.08355],[-3.22351,54.0803],[-3.22096,54.0805],[-3.22654,54.07763],[-3.22974,54.078],[-3.22648,54.07749],[-3.22682,54.07157],[-3.2224,54.06751],[-3.22337,54.06699],[-3.22141,54.06726],[-3.21902,54.06555],[-3.2149,54.06646],[-3.21027,54.0652],[-3.21073,54.0616],[-3.20627,54.05874],[-3.20812,54.05631],[-3.20549,54.05204],[-3.19602,54.04874],[-3.18503,54.05164],[-3.17859,54.05526],[-3.17689,54.05274],[-3.17466,54.05239],[-3.17456,54.05048],[-3.1766,54.05188],[-3.17574,54.05036],[-3.17702,54.0511],[-3.1741,54.04829],[-3.17276,54.05137],[-3.17537,54.05383],[-3.17283,54.05524],[-3.1707,54.0541],[-3.17316,54.04708],[-3.19555,54.04427],[-3.20991,54.04767],[-3.22506,54.0633],[-3.24709,54.08203],[-3.26855,54.10737],[-3.26943,54.11547],[-3.27264,54.11763],[-3.27102,54.11766],[-3.27134,54.11993],[-3.27553,54.13163],[-3.27665,54.14202],[-3.27141,54.14809],[-3.26825,54.14937],[-3.25721,54.15273],[-3.25374,54.15243],[-3.25215,54.15049]]],[[[-3.04153,54.17555],[-3.04071,54.17248],[-3.04225,54.17571],[-3.04153,54.17555]]],[[[-3.03412,54.20886],[-3.0378,54.20627],[-3.03937,54.20576],[-3.03927,54.20828],[-3.03707,54.2086],[-3.03643,54.20992],[-3.03678,54.21],[-3.03493,54.21099],[-3.0343,54.21141],[-3.03384,54.21184],[-3.03393,54.21217],[-3.03379,54.21219],[-3.03319,54.21263],[-3.03412,54.20886]]],[[[-3.22451,54.27566],[-3.22451,54.27565],[-3.22472,54.27575],[-3.22451,54.27566]]],[[[-2.40162,54.85148],[-2.3896,54.83195],[-2.37267,54.82738],[-2.374,54.82604],[-2.37088,54.82455],[-2.36983,54.82097],[-2.35993,54.81669],[-2.34843,54.80708],[-2.34361,54.80621],[-2.33833,54.80679],[-2.33162,54.80464],[-2.32739,54.80533],[-2.32328,54.79501],[-2.31209,54.79102],[-2.31367,54.79022],[-2.31392,54.78111],[-2.31168,54.77542],[-2.30849,54.77354],[-2.31757,54.76874],[-2.32248,54.76397],[-2.32322,54.7598],[-2.32082,54.755],[-2.32693,54.7473],[-2.32689,54.73791],[-2.33093,54.73516],[-2.33231,54.732],[-2.32961,54.72755],[-2.32575,54.72663],[-2.33757,54.71956],[-2.33797,54.71678],[-2.3421,54.71615],[-2.34115,54.71062],[-2.34503,54.70918],[-2.34146,54.706],[-2.34438,54.70177],[-2.35115,54.70072],[-2.35547,54.6972],[-2.35226,54.69449],[-2.3542,54.69173],[-2.35048,54.69003],[-2.35159,54.68574],[-2.34351,54.68222],[-2.34166,54.67885],[-2.33562,54.67533],[-2.32711,54.67367],[-2.32757,54.67087],[-2.3225,54.66902],[-2.30332,54.66963],[-2.3034,54.66682],[-2.29287,54.66389],[-2.2921,54.65587],[-2.28997,54.65498],[-2.28798,54.65048],[-2.29409,54.64939],[-2.30286,54.64278],[-2.30692,54.64228],[-2.31115,54.63763],[-2.32494,54.63165],[-2.30876,54.61188],[-2.30451,54.5962],[-2.27094,54.5822],[-2.26228,54.57423],[-2.24596,54.56506],[-2.20949,54.55171],[-2.21014,54.54366],[-2.19753,54.5327],[-2.18229,54.53586],[-2.1724,54.53244],[-2.17117,54.529],[-2.17449,54.52173],[-2.1687,54.51965],[-2.16239,54.50394],[-2.16647,54.48991],[-2.159,54.47203],[-2.1617,54.46473],[-2.17021,54.4582],[-2.17193,54.45947],[-2.17058,54.46114],[-2.17751,54.46163],[-2.18932,54.44898],[-2.23562,54.44823],[-2.23873,54.44988],[-2.24412,54.45007],[-2.24624,54.45178],[-2.24954,54.45194],[-2.2679,54.44723],[-2.26538,54.44293],[-2.27135,54.44092],[-2.28431,54.43844],[-2.29287,54.43931],[-2.29185,54.43146],[-2.29453,54.43127],[-2.29944,54.42704],[-2.30337,54.42628],[-2.30815,54.41979],[-2.30545,54.39709],[-2.2917,54.39063],[-2.29255,54.38833],[-2.29537,54.38714],[-2.29322,54.38681],[-2.29209,54.38417],[-2.29744,54.3769],[-2.31704,54.37631],[-2.32609,54.3681],[-2.32996,54.36713],[-2.33456,54.36382],[-2.33825,54.36383],[-2.34465,54.35963],[-2.35288,54.35833],[-2.36075,54.35495],[-2.36615,54.35504],[-2.36771,54.35607],[-2.35967,54.35027],[-2.34814,54.34678],[-2.34792,54.34514],[-2.33577,54.34043],[-2.33475,54.33494],[-2.32816,54.33215],[-2.3202,54.33175],[-2.31805,54.3281],[-2.30984,54.32431],[-2.31498,54.31359],[-2.31867,54.31129],[-2.32015,54.31209],[-2.32303,54.31108],[-2.3204,54.30677],[-2.32452,54.30318],[-2.32435,54.30078],[-2.32044,54.29999],[-2.32039,54.29904],[-2.32417,54.29361],[-2.31719,54.28717],[-2.31908,54.28382],[-2.32589,54.27969],[-2.32379,54.27932],[-2.31551,54.27028],[-2.32082,54.25993],[-2.3191,54.25716],[-2.32209,54.25502],[-2.32266,54.24546],[-2.32565,54.24144],[-2.32827,54.24189],[-2.33766,54.2376],[-2.34805,54.23781],[-2.35055,54.24137],[-2.36041,54.24665],[-2.36232,54.24975],[-2.37233,54.24823],[-2.37302,54.2401],[-2.39678,54.23938],[-2.40093,54.23404],[-2.40363,54.22558],[-2.40563,54.22492],[-2.41197,54.22669],[-2.42649,54.22371],[-2.43194,54.2242],[-2.43543,54.22288],[-2.44142,54.22574],[-2.46086,54.22672],[-2.45878,54.23248],[-2.45959,54.23957],[-2.46488,54.23622],[-2.47322,54.23374],[-2.47947,54.22825],[-2.4907,54.2248],[-2.4996,54.21956],[-2.52007,54.21645],[-2.52052,54.21487],[-2.52354,54.21433],[-2.52654,54.2118],[-2.53241,54.20913],[-2.5359,54.20948],[-2.54336,54.20568],[-2.55075,54.20029],[-2.55779,54.19867],[-2.57608,54.1956],[-2.58379,54.19524],[-2.58531,54.19634],[-2.587,54.19448],[-2.59555,54.19608],[-2.60575,54.19435],[-2.62496,54.19557],[-2.63994,54.20203],[-2.64773,54.18731],[-2.65325,54.1831],[-2.66617,54.17848],[-2.67264,54.17475],[-2.67247,54.17104],[-2.67644,54.16931],[-2.67714,54.16752],[-2.67579,54.16378],[-2.67984,54.16119],[-2.68797,54.16466],[-2.69293,54.16329],[-2.70132,54.16342],[-2.70564,54.16494],[-2.70865,54.16388],[-2.73649,54.16902],[-2.73706,54.17649],[-2.73439,54.18411],[-2.7486,54.18704],[-2.7493,54.18896],[-2.76823,54.18596],[-2.76976,54.18735],[-2.7802,54.18955],[-2.78646,54.1931],[-2.78863,54.19285],[-2.7949,54.19578],[-2.79501,54.19701],[-2.79923,54.19773],[-2.80007,54.19643],[-2.80286,54.19686],[-2.80618,54.19382],[-2.80904,54.19402],[-2.81633,54.18981],[-2.81352,54.18449],[-2.81563,54.18211],[-2.8288,54.17897],[-2.83722,54.17417],[-2.83947,54.17629],[-2.85031,54.18036],[-2.86354,54.18255],[-2.86495,54.18518],[-2.86414,54.192],[-2.8596,54.19384],[-2.85512,54.19386],[-2.85524,54.19365],[-2.85481,54.19333],[-2.85334,54.19272],[-2.8551,54.19365],[-2.85201,54.19554],[-2.83614,54.20158],[-2.83377,54.20371],[-2.83536,54.20523],[-2.82759,54.20298],[-2.83284,54.20502],[-2.82759,54.20316],[-2.82633,54.20291],[-2.82573,54.20305],[-2.82516,54.20284],[-2.8235,54.20286],[-2.82225,54.20305],[-2.82163,54.20321],[-2.82127,54.20333],[-2.81926,54.20417],[-2.8231,54.20292],[-2.82768,54.20327],[-2.82514,54.20363],[-2.82398,54.20394],[-2.82361,54.20436],[-2.82379,54.2055],[-2.82415,54.20391],[-2.82801,54.20399],[-2.82442,54.20475],[-2.82086,54.20976],[-2.81158,54.2135],[-2.81258,54.21187],[-2.8076,54.21869],[-2.80226,54.21982],[-2.79379,54.22413],[-2.7912,54.22704],[-2.78579,54.22647],[-2.79168,54.22744],[-2.78856,54.22957],[-2.79348,54.22706],[-2.79425,54.2246],[-2.79921,54.22594],[-2.7991,54.22232],[-2.80267,54.22023],[-2.80534,54.22015],[-2.7989,54.22744],[-2.79925,54.23345],[-2.79682,54.23546],[-2.79673,54.24139],[-2.80028,54.24592],[-2.80513,54.24696],[-2.81378,54.2453],[-2.81437,54.24824],[-2.81067,54.25026],[-2.80199,54.2495],[-2.79963,54.25077],[-2.79787,54.25316],[-2.79373,54.25242],[-2.79795,54.25347],[-2.80131,54.25032],[-2.80476,54.25022],[-2.81039,54.25506],[-2.81298,54.25597],[-2.81488,54.25584],[-2.81179,54.25761],[-2.81265,54.26056],[-2.81195,54.25763],[-2.81508,54.25586],[-2.81068,54.25511],[-2.80761,54.25135],[-2.81462,54.2494],[-2.81445,54.24439],[-2.81244,54.24337],[-2.80967,54.24381],[-2.80353,54.24631],[-2.80127,54.24465],[-2.80305,54.24431],[-2.80057,54.24375],[-2.80168,54.24208],[-2.80051,54.2437],[-2.79923,54.24157],[-2.80417,54.23442],[-2.80496,54.22767],[-2.80941,54.22332],[-2.81241,54.22278],[-2.8095,54.22321],[-2.81108,54.22126],[-2.80921,54.22132],[-2.81148,54.21908],[-2.81378,54.21951],[-2.81159,54.21898],[-2.81216,54.21777],[-2.81724,54.2151],[-2.83369,54.21243],[-2.83747,54.21086],[-2.82958,54.2198],[-2.82815,54.21924],[-2.82677,54.21929],[-2.82122,54.22048],[-2.83013,54.21982],[-2.83608,54.21507],[-2.84152,54.20713],[-2.83579,54.21628],[-2.83604,54.21916],[-2.83593,54.21635],[-2.8415,54.20957],[-2.84251,54.20559],[-2.86964,54.20254],[-2.86909,54.20319],[-2.87027,54.20382],[-2.86403,54.20589],[-2.87035,54.2038],[-2.8685,54.19923],[-2.87161,54.20411],[-2.86911,54.19969],[-2.87174,54.20231],[-2.88086,54.2004],[-2.88421,54.19771],[-2.88613,54.19751],[-2.88724,54.19907],[-2.887,54.19791],[-2.88614,54.19746],[-2.88494,54.19743],[-2.88676,54.19485],[-2.89631,54.19247],[-2.89516,54.19189],[-2.8971,54.18925],[-2.89958,54.19019],[-2.90198,54.18946],[-2.89768,54.18738],[-2.89929,54.18607],[-2.89713,54.186],[-2.89948,54.18108],[-2.89748,54.18082],[-2.89657,54.18248],[-2.89609,54.18118],[-2.90304,54.1791],[-2.90546,54.18118],[-2.90838,54.18142],[-2.9107,54.17947],[-2.90797,54.18049],[-2.90694,54.1785],[-2.89882,54.17679],[-2.9005,54.17546],[-2.90673,54.175],[-2.90907,54.1735],[-2.90804,54.17126],[-2.90988,54.16932],[-2.91475,54.16909],[-2.916,54.16726],[-2.91938,54.16663],[-2.92227,54.16504],[-2.91229,54.16775],[-2.90886,54.16675],[-2.90896,54.16367],[-2.91239,54.16288],[-2.911,54.16134],[-2.91802,54.16023],[-2.92536,54.15029],[-2.93175,54.15084],[-2.93304,54.1522],[-2.93311,54.15013],[-2.93911,54.15123],[-2.95011,54.14921],[-2.95221,54.14983],[-2.95095,54.15066],[-2.95594,54.15057],[-2.95968,54.15315],[-2.9664,54.15111],[-2.96447,54.15205],[-2.96653,54.15323],[-2.98004,54.15248],[-2.99312,54.15588],[-2.99292,54.15638],[-2.99172,54.15629],[-2.9906,54.15663],[-2.98919,54.15645],[-2.98774,54.15713],[-2.9939,54.15624],[-2.99538,54.15511],[-2.99464,54.15615],[-2.99711,54.15585],[-2.99655,54.155],[-2.99987,54.15476],[-3.0017,54.15669],[-3.00145,54.15812],[-2.99995,54.15799],[-3.00271,54.15999],[-3.00113,54.16242],[-3.00206,54.1667],[-3.00012,54.16838],[-3.00033,54.16744],[-2.99781,54.16539],[-2.99777,54.16702],[-2.9964,54.1652],[-2.99733,54.1668],[-3.00016,54.16882],[-2.99671,54.17068],[-2.99729,54.17315],[-2.99482,54.17261],[-2.99487,54.17193],[-2.9939,54.17068],[-2.99305,54.17027],[-2.99478,54.17203],[-2.99339,54.17222],[-2.99253,54.17335],[-2.9931,54.17539],[-2.99343,54.17564],[-2.99489,54.17597],[-2.99338,54.17708],[-2.99411,54.17752],[-2.99589,54.17749],[-2.99609,54.17782],[-2.99444,54.17792],[-2.98942,54.17946],[-2.99679,54.17885],[-2.99377,54.17843],[-2.99596,54.17805],[-2.99627,54.17767],[-2.99565,54.17735],[-2.99406,54.17742],[-2.99353,54.17706],[-2.99509,54.1763],[-2.99479,54.17572],[-2.99346,54.17551],[-2.99296,54.17451],[-2.99369,54.17226],[-2.99603,54.17329],[-2.99576,54.17352],[-2.99635,54.17397],[-2.99498,54.17525],[-2.99627,54.17592],[-2.99599,54.17436],[-2.99927,54.17545],[-2.9961,54.17438],[-2.9964,54.174],[-2.99615,54.17324],[-2.99894,54.17444],[-3.00025,54.17433],[-2.99745,54.17329],[-3.00093,54.17209],[-3.0016,54.17438],[-3.00349,54.17576],[-3.00149,54.17226],[-3.00649,54.17225],[-3.00997,54.17521],[-3.00973,54.17681],[-3.00823,54.17655],[-3.00824,54.17799],[-3.0052,54.17828],[-3.00503,54.18028],[-3.00529,54.17837],[-3.00841,54.17817],[-3.01028,54.17691],[-3.01195,54.17936],[-3.00704,54.18009],[-3.01194,54.17954],[-3.00979,54.18277],[-3.01217,54.17946],[-3.01466,54.18116],[-3.01324,54.18183],[-3.01565,54.182],[-3.0143,54.18313],[-3.01573,54.18232],[-3.01761,54.18335],[-3.01641,54.1822],[-3.02016,54.18451],[-3.01838,54.18617],[-3.0201,54.18507],[-3.02111,54.18529],[-3.01999,54.1857],[-3.0194,54.18646],[-3.0212,54.18815],[-3.02026,54.18866],[-3.02071,54.18909],[-3.02119,54.18891],[-3.02122,54.18947],[-3.02006,54.18954],[-3.02112,54.19018],[-3.02136,54.18899],[-3.02121,54.18889],[-3.02064,54.18902],[-3.02035,54.18863],[-3.02127,54.18818],[-3.01965,54.18628],[-3.02067,54.18546],[-3.02592,54.18871],[-3.02509,54.18863],[-3.02419,54.18966],[-3.02563,54.18881],[-3.02701,54.18964],[-3.025,54.19023],[-3.02577,54.19237],[-3.0254,54.19051],[-3.02778,54.19008],[-3.02925,54.19389],[-3.03866,54.19725],[-3.02281,54.19166],[-3.03474,54.19629],[-3.02603,54.19762],[-3.02282,54.20102],[-3.01848,54.20031],[-3.0164,54.20105],[-3.02016,54.20072],[-3.01453,54.20388],[-3.01456,54.20677],[-3.0187,54.21077],[-3.02091,54.21058],[-3.02233,54.21201],[-3.02184,54.21455],[-3.02459,54.2185],[-3.02319,54.2194],[-3.0248,54.21855],[-3.02471,54.21772],[-3.02757,54.21927],[-3.02782,54.22502],[-3.02904,54.22543],[-3.02907,54.22112],[-3.03367,54.22928],[-3.03307,54.22804],[-3.03941,54.22737],[-3.03868,54.22791],[-3.03912,54.2287],[-3.04046,54.2269],[-3.04627,54.22675],[-3.04872,54.23328],[-3.04343,54.23725],[-3.03801,54.23747],[-3.03416,54.23962],[-3.03308,54.24381],[-3.0287,54.24137],[-3.0321,54.23921],[-3.03023,54.23689],[-3.02809,54.23711],[-3.02544,54.24016],[-3.02281,54.2391],[-3.01739,54.24063],[-3.01428,54.23986],[-3.01383,54.24335],[-3.01468,54.24014],[-3.01761,54.24094],[-3.02267,54.23938],[-3.02563,54.24057],[-3.02907,54.23741],[-3.03154,54.23879],[-3.02731,54.24161],[-3.03099,54.24553],[-3.02884,54.24577],[-3.028,54.24669],[-3.02852,54.24837],[-3.02989,54.2498],[-3.02931,54.25191],[-3.03028,54.25286],[-3.02866,54.25333],[-3.0254,54.25517],[-3.02455,54.25627],[-3.0238,54.25603],[-3.02304,54.25608],[-3.02136,54.25677],[-3.01886,54.25905],[-3.01561,54.26005],[-3.01379,54.26133],[-3.01255,54.26231],[-3.00992,54.26543],[-3.00821,54.26898],[-3.01509,54.26053],[-3.01846,54.25943],[-3.0214,54.25688],[-3.02455,54.25647],[-3.03053,54.25299],[-3.03013,54.24925],[-3.02858,54.24635],[-3.03564,54.24434],[-3.03787,54.2398],[-3.04625,54.24057],[-3.04808,54.24228],[-3.04642,54.24052],[-3.05058,54.23387],[-3.05217,54.23578],[-3.0511,54.23362],[-3.05333,54.22579],[-3.05222,54.22622],[-3.05313,54.221],[-3.05034,54.21858],[-3.05157,54.21877],[-3.04928,54.21801],[-3.05059,54.21764],[-3.04498,54.21914],[-3.03484,54.21523],[-3.03279,54.21265],[-3.03302,54.21267],[-3.03337,54.21258],[-3.03378,54.21222],[-3.03403,54.21238],[-3.03395,54.21174],[-3.03674,54.21007],[-3.03682,54.20999],[-3.03669,54.20983],[-3.03876,54.21017],[-3.03714,54.20981],[-3.03772,54.20861],[-3.03811,54.20899],[-3.04084,54.20753],[-3.03915,54.20433],[-3.04462,54.19943],[-3.04983,54.20058],[-3.05319,54.19886],[-3.05497,54.19353],[-3.0534,54.18842],[-3.05987,54.1872],[-3.05594,54.18709],[-3.06197,54.18044],[-3.06225,54.18409],[-3.06352,54.18616],[-3.0627,54.17848],[-3.05868,54.17179],[-3.06085,54.16204],[-3.07053,54.15912],[-3.07774,54.15417],[-3.07929,54.15049],[-3.08371,54.147],[-3.08735,54.13656],[-3.10064,54.12797],[-3.1049,54.11974],[-3.12079,54.11253],[-3.12225,54.10948],[-3.13029,54.1054],[-3.1317,54.10208],[-3.15454,54.09064],[-3.1649,54.08319],[-3.168,54.08226],[-3.1691,54.08394],[-3.17245,54.08176],[-3.1664,54.0769],[-3.16462,54.07447],[-3.15788,54.07159],[-3.15168,54.06732],[-3.15416,54.07098],[-3.1518,54.07023],[-3.15074,54.06481],[-3.15402,54.06633],[-3.15584,54.06972],[-3.16581,54.07466],[-3.16653,54.0769],[-3.17143,54.07963],[-3.17346,54.07957],[-3.17397,54.07804],[-3.17315,54.07366],[-3.17803,54.07492],[-3.1749,54.07661],[-3.17369,54.08332],[-3.18686,54.09047],[-3.1879,54.09259],[-3.18431,54.09471],[-3.18615,54.09417],[-3.18513,54.09566],[-3.19105,54.10263],[-3.19421,54.10424],[-3.21479,54.09805],[-3.2201,54.09479],[-3.22033,54.08987],[-3.2217,54.09352],[-3.22637,54.09382],[-3.23199,54.09816],[-3.23215,54.09988],[-3.23343,54.09937],[-3.23267,54.10044],[-3.23925,54.10407],[-3.2421,54.10933],[-3.24149,54.11288],[-3.24487,54.11689],[-3.24423,54.13671],[-3.24004,54.14488],[-3.24013,54.15081],[-3.23699,54.15479],[-3.24224,54.1578],[-3.24062,54.15814],[-3.24011,54.15889],[-3.24541,54.15777],[-3.24712,54.15499],[-3.24962,54.15485],[-3.25192,54.15973],[-3.25719,54.16397],[-3.25653,54.16874],[-3.25461,54.17023],[-3.24639,54.17196],[-3.23394,54.1711],[-3.22559,54.17242],[-3.21716,54.17749],[-3.21517,54.1848],[-3.22307,54.18778],[-3.22159,54.18833],[-3.21624,54.18585],[-3.21485,54.18564],[-3.21797,54.18694],[-3.21455,54.18674],[-3.21653,54.18713],[-3.21576,54.18789],[-3.21902,54.18752],[-3.21651,54.18952],[-3.21659,54.19238],[-3.21205,54.19987],[-3.21223,54.20826],[-3.20764,54.20813],[-3.2035,54.21072],[-3.19853,54.22227],[-3.19018,54.23123],[-3.18965,54.23349],[-3.18772,54.23308],[-3.18576,54.23459],[-3.18574,54.23509],[-3.18769,54.23605],[-3.18362,54.23704],[-3.18325,54.23818],[-3.18218,54.23749],[-3.1797,54.23882],[-3.18076,54.24061],[-3.17981,54.23879],[-3.1821,54.23771],[-3.18342,54.23829],[-3.18379,54.23716],[-3.188,54.23607],[-3.18612,54.23495],[-3.18785,54.23336],[-3.18929,54.23561],[-3.18907,54.23406],[-3.19124,54.23309],[-3.19171,54.23453],[-3.19145,54.2331],[-3.19045,54.23197],[-3.19229,54.23153],[-3.19285,54.23399],[-3.19312,54.22887],[-3.1955,54.23138],[-3.19456,54.22862],[-3.19591,54.22889],[-3.19895,54.23407],[-3.19719,54.23488],[-3.19892,54.23437],[-3.20238,54.24078],[-3.20606,54.24321],[-3.2087,54.24262],[-3.21281,54.24764],[-3.21085,54.25086],[-3.21066,54.25393],[-3.21194,54.25027],[-3.21633,54.25653],[-3.22018,54.25811],[-3.21648,54.2559],[-3.22883,54.25816],[-3.22906,54.25956],[-3.22704,54.25897],[-3.22894,54.26049],[-3.226,54.26036],[-3.22824,54.26105],[-3.22391,54.26479],[-3.22581,54.26855],[-3.22397,54.2756],[-3.22498,54.27649],[-3.22358,54.2769],[-3.22263,54.27763],[-3.22192,54.28063],[-3.22387,54.28198],[-3.22276,54.27772],[-3.22524,54.27645],[-3.22782,54.27771],[-3.2284,54.28151],[-3.23343,54.28362],[-3.23776,54.29029],[-3.237,54.29822],[-3.23267,54.30383],[-3.23391,54.30978],[-3.23114,54.31122],[-3.23092,54.31468],[-3.23354,54.31642],[-3.237,54.31601],[-3.23951,54.31721],[-3.23846,54.31882],[-3.2419,54.32348],[-3.23011,54.33217],[-3.22457,54.33279],[-3.21841,54.33603],[-3.21805,54.33932],[-3.22008,54.34049],[-3.2176,54.34238],[-3.21856,54.345],[-3.21596,54.34479],[-3.21238,54.34662],[-3.20709,54.35296],[-3.1946,54.35435],[-3.19597,54.35621],[-3.18891,54.36528],[-3.18914,54.36827],[-3.18096,54.37536],[-3.17908,54.38223],[-3.18153,54.38485],[-3.17252,54.38905],[-3.17274,54.3956],[-3.17076,54.39973],[-3.16526,54.40163],[-3.15933,54.40717],[-3.15278,54.40713],[-3.13693,54.40967],[-3.12282,54.41417],[-3.11526,54.41502],[-3.11493,54.42199],[-3.12053,54.42369],[-3.124,54.42751],[-3.12874,54.42153],[-3.13598,54.42188],[-3.15702,54.43028],[-3.16034,54.43392],[-3.15791,54.43477],[-3.15808,54.43839],[-3.16112,54.44704],[-3.16628,54.44777],[-3.16714,54.45411],[-3.16296,54.45812],[-3.15644,54.45862],[-3.15003,54.46275],[-3.14556,54.46844],[-3.13644,54.47075],[-3.13221,54.46454],[-3.11943,54.46024],[-3.11257,54.46149],[-3.1157,54.46658],[-3.10948,54.474],[-3.09775,54.4719],[-3.09382,54.4748],[-3.08827,54.48396],[-3.08438,54.48558],[-3.08171,54.48493],[-3.07621,54.48937],[-3.06199,54.49252],[-3.0508,54.49127],[-3.0483,54.49628],[-3.04229,54.49582],[-3.02287,54.49967],[-3.01483,54.49981],[-3.01355,54.50107],[-3.01134,54.50719],[-3.0116,54.50863],[-3.01495,54.50984],[-3.01696,54.51486],[-3.0153,54.52553],[-3.02578,54.53031],[-3.02329,54.53886],[-3.02506,54.54103],[-3.01666,54.54793],[-3.01964,54.55176],[-3.01842,54.55339],[-3.02039,54.55891],[-3.01673,54.56157],[-3.02103,54.5648],[-3.02882,54.56691],[-3.02418,54.56861],[-3.01829,54.57496],[-3.01954,54.57592],[-3.02703,54.5745],[-3.03705,54.58093],[-3.0311,54.58234],[-3.02598,54.58649],[-3.01622,54.5891],[-3.00744,54.59527],[-3.01153,54.5995],[-3.0178,54.60025],[-3.02273,54.60268],[-3.03433,54.60277],[-3.03903,54.60884],[-3.03919,54.61235],[-3.04445,54.61421],[-3.05321,54.61338],[-3.05511,54.61458],[-3.06286,54.61259],[-3.06807,54.61414],[-3.07776,54.61059],[-3.08026,54.61214],[-3.08697,54.6127],[-3.08757,54.61557],[-3.0924,54.61724],[-3.08961,54.62216],[-3.09199,54.62702],[-3.09066,54.63611],[-3.09429,54.64387],[-3.09104,54.65913],[-3.08665,54.66356],[-3.0839,54.66315],[-3.0777,54.66623],[-3.0729,54.66687],[-3.0693,54.67142],[-3.06352,54.67301],[-3.0546,54.67976],[-3.07043,54.68493],[-3.08719,54.68609],[-3.08192,54.69525],[-3.07363,54.69558],[-3.0638,54.70008],[-3.04073,54.69753],[-3.0337,54.69432],[-3.02286,54.69348],[-3.00478,54.69512],[-2.99577,54.69453],[-2.99227,54.69624],[-2.99453,54.6998],[-2.9897,54.70721],[-2.98912,54.71091],[-2.99123,54.71285],[-2.98883,54.71509],[-2.98476,54.71606],[-2.983,54.71938],[-2.98528,54.71927],[-2.98631,54.72055],[-2.98365,54.72094],[-2.98881,54.72409],[-2.98961,54.72777],[-2.99267,54.72892],[-2.99326,54.73121],[-2.99672,54.73178],[-2.99661,54.73363],[-3.00212,54.7332],[-3.01198,54.73476],[-3.01174,54.73656],[-3.01571,54.73757],[-3.01569,54.73883],[-3.02151,54.74014],[-3.02355,54.74229],[-3.0217,54.74599],[-3.02614,54.74794],[-3.00088,54.7553],[-2.99777,54.76207],[-2.9946,54.75939],[-2.99296,54.76022],[-2.98573,54.76603],[-2.98861,54.77005],[-2.98443,54.77616],[-2.97391,54.77831],[-2.96935,54.77714],[-2.96757,54.7799],[-2.96466,54.78026],[-2.96208,54.77862],[-2.95184,54.78384],[-2.94478,54.78404],[-2.94201,54.78763],[-2.93117,54.79216],[-2.93484,54.79296],[-2.92855,54.80124],[-2.91972,54.80599],[-2.92108,54.80921],[-2.90441,54.81302],[-2.90444,54.81883],[-2.90739,54.82189],[-2.89393,54.82248],[-2.89067,54.82126],[-2.88146,54.82345],[-2.87201,54.82856],[-2.8708,54.8318],[-2.87306,54.83314],[-2.86308,54.83723],[-2.85573,54.8334],[-2.84525,54.83295],[-2.83827,54.83417],[-2.83777,54.83175],[-2.83394,54.8312],[-2.83428,54.82836],[-2.82941,54.82548],[-2.82558,54.82774],[-2.82197,54.82507],[-2.81777,54.82754],[-2.81135,54.82345],[-2.79938,54.81872],[-2.78305,54.82229],[-2.7732,54.82052],[-2.76701,54.82331],[-2.75643,54.82286],[-2.75487,54.82706],[-2.75101,54.82906],[-2.74362,54.82785],[-2.74102,54.82426],[-2.72921,54.81866],[-2.71454,54.81994],[-2.70726,54.81877],[-2.70566,54.81636],[-2.68979,54.81919],[-2.70122,54.8336],[-2.6914,54.83734],[-2.68632,54.83795],[-2.68324,54.83505],[-2.68014,54.83532],[-2.67665,54.837],[-2.66897,54.84504],[-2.65777,54.84945],[-2.65534,54.85474],[-2.64907,54.8531],[-2.63513,54.85456],[-2.62402,54.85427],[-2.61488,54.85261],[-2.60375,54.85332],[-2.58267,54.84587],[-2.57795,54.83645],[-2.57259,54.83144],[-2.56785,54.82357],[-2.55831,54.81672],[-2.54327,54.81212],[-2.53368,54.8067],[-2.52344,54.80605],[-2.51497,54.80864],[-2.50215,54.8106],[-2.49536,54.81034],[-2.48196,54.81697],[-2.46318,54.83055],[-2.4606,54.83417],[-2.45595,54.83148],[-2.45224,54.83201],[-2.44697,54.8351],[-2.4419,54.83565],[-2.43617,54.83879],[-2.42268,54.84287],[-2.41474,54.85068],[-2.41166,54.85645],[-2.40162,54.85148]]]]}},{"type":"Feature","properties":{"area_id":"somerset","name":"Somerset","code":"E06000066"},"geometry":{"type":"MultiPolygon","coordinates":[[[[-3.01299,51.22511],[-3.01575,51.22314],[-3.01702,51.22397],[-3.01573,51.23284],[-3.01566,51.22851],[-3.01299,51.22511]]],[[[-3.03547,51.32854],[-3.02216,51.3264],[-3.01886,51.32697],[-3.01114,51.32522],[-3.00296,51.32514],[-3.00135,51.32216],[-2.99428,51.32107],[-2.99323,51.31919],[-2.99533,51.31984],[-2.99638,51.31945],[-2.99309,51.31885],[-2.98725,51.31465],[-2.98636,51.31246],[-2.98936,51.30886],[-2.9952,51.30756],[-2.99357,51.30094],[-2.98807,51.29852],[-2.97721,51.29738],[-2.97371,51.29571],[-2.96436,51.29785],[-2.9623,51.29994],[-2.9626,51.30461],[-2.96098,51.30485],[-2.95371,51.3045],[-2.95071,51.30272],[-2.93643,51.30301],[-2.93165,51.29909],[-2.92792,51.29799],[-2.92417,51.29843],[-2.91796,51.29464],[-2.8971,51.29061],[-2.88812,51.3049],[-2.88494,51.30666],[-2.87911,51.30301],[-2.87719,51.3001],[-2.86793,51.30222],[-2.86434,51.30014],[-2.85317,51.29946],[-2.81024,51.30142],[-2.81207,51.3107],[-2.80725,51.31173],[-2.80782,51.31484],[-2.81273,51.3183],[-2.81794,51.31902],[-2.81857,51.32638],[-2.81214,51.32714],[-2.79979,51.32613],[-2.79848,51.32693],[-2.79565,51.32488],[-2.76863,51.32371],[-2.76148,51.32211],[-2.75486,51.32449],[-2.75498,51.32052],[-2.74901,51.31909],[-2.73599,51.31961],[-2.72807,51.31718],[-2.72143,51.31944],[-2.72085,51.32149],[-2.71681,51.31675],[-2.70311,51.31706],[-2.69694,51.31611],[-2.69755,51.31799],[-2.69488,51.31808],[-2.68547,51.31606],[-2.68594,51.31511],[-2.67639,51.31094],[-2.67064,51.3113],[-2.66661,51.30918],[-2.66698,51.30787],[-2.66248,51.30656],[-2.66679,51.30245],[-2.65999,51.30259],[-2.63862,51.2948],[-2.64038,51.29326],[-2.63721,51.28907],[-2.63823,51.28823],[-2.63354,51.28652],[-2.63007,51.28353],[-2.62491,51.28246],[-2.62458,51.2853],[-2.62101,51.28431],[-2.6184,51.28621],[-2.61297,51.28416],[-2.60034,51.28899],[-2.59488,51.29236],[-2.59547,51.29619],[-2.59163,51.29653],[-2.5859,51.29333],[-2.58218,51.29312],[-2.58228,51.29193],[-2.56267,51.29872],[-2.55782,51.30266],[-2.5528,51.30132],[-2.55416,51.29869],[-2.5514,51.29827],[-2.55001,51.30052],[-2.52811,51.29314],[-2.5135,51.29275],[-2.50638,51.29113],[-2.50528,51.2899],[-2.49742,51.29088],[-2.49697,51.2863],[-2.49835,51.28643],[-2.50044,51.2846],[-2.50012,51.28274],[-2.50636,51.27899],[-2.49596,51.27588],[-2.49385,51.27661],[-2.49057,51.27433],[-2.48791,51.27412],[-2.48716,51.27514],[-2.478,51.2731],[-2.47375,51.27797],[-2.46158,51.27419],[-2.45172,51.27425],[-2.4524,51.27711],[-2.44431,51.27741],[-2.44602,51.28084],[-2.43907,51.28384],[-2.43905,51.28519],[-2.4326,51.28604],[-2.43006,51.28464],[-2.42996,51.28678],[-2.42205,51.2875],[-2.42137,51.29106],[-2.41739,51.29213],[-2.42,51.29688],[-2.41165,51.30131],[-2.40704,51.30061],[-2.40092,51.3048],[-2.39747,51.30305],[-2.39189,51.29537],[-2.38718,51.29464],[-2.38158,51.30008],[-2.36926,51.30101],[-2.35442,51.30686],[-2.35042,51.30698],[-2.3416,51.30969],[-2.33905,51.30989],[-2.33735,51.30769],[-2.33252,51.30844],[-2.32482,51.31356],[-2.31954,51.31442],[-2.31073,51.31881],[-2.29409,51.32275],[-2.28909,51.32527],[-2.28516,51.32446],[-2.28216,51.32531],[-2.28126,51.32404],[-2.27776,51.32449],[-2.27775,51.3257],[-2.27494,51.32503],[-2.27309,51.32288],[-2.27521,51.32219],[-2.27233,51.3185],[-2.27552,51.31868],[-2.27195,51.31425],[-2.27681,51.31047],[-2.28328,51.31077],[-2.28512,51.30953],[-2.28122,51.30715],[-2.28226,51.30638],[-2.27682,51.30395],[-2.28149,51.29867],[-2.2795,51.29552],[-2.2807,51.29355],[-2.27888,51.29239],[-2.26547,51.29624],[-2.26299,51.29516],[-2.26529,51.29286],[-2.26098,51.29071],[-2.25744,51.29168],[-2.25558,51.28942],[-2.2535,51.28983],[-2.24517,51.27252],[-2.24443,51.26313],[-2.24958,51.25897],[-2.24534,51.25388],[-2.25284,51.24737],[-2.2547,51.24317],[-2.26079,51.23912],[-2.26976,51.21889],[-2.26667,51.21558],[-2.27984,51.20175],[-2.28087,51.19786],[-2.28456,51.19725],[-2.28478,51.19324],[-2.28846,51.19223],[-2.2882,51.18808],[-2.29113,51.18823],[-2.29163,51.18566],[-2.29778,51.18004],[-2.29846,51.17532],[-2.31009,51.16842],[-2.31273,51.16302],[-2.31953,51.15825],[-2.33229,51.14496],[-2.3309,51.141],[-2.33217,51.13798],[-2.34586,51.13336],[-2.3463,51.13051],[-2.34319,51.12744],[-2.34454,51.12468],[-2.35254,51.12281],[-2.35679,51.12033],[-2.36371,51.11947],[-2.36559,51.11499],[-2.36288,51.11578],[-2.36345,51.11338],[-2.36078,51.10884],[-2.36345,51.1043],[-2.36087,51.09902],[-2.35441,51.09645],[-2.34705,51.08824],[-2.32914,51.08526],[-2.32738,51.08007],[-2.32586,51.07968],[-2.33405,51.0754],[-2.34446,51.07433],[-2.34999,51.06888],[-2.34926,51.06124],[-2.34449,51.05548],[-2.34011,51.05606],[-2.33317,51.05148],[-2.33336,51.04669],[-2.33001,51.04134],[-2.33231,51.03971],[-2.33608,51.03993],[-2.33773,51.03699],[-2.34276,51.03522],[-2.34425,51.03252],[-2.36067,51.02517],[-2.36046,51.02341],[-2.3691,51.01593],[-2.36915,51.01428],[-2.37805,51.01171],[-2.37566,51.00928],[-2.38135,51.00492],[-2.38095,50.99671],[-2.37746,50.99361],[-2.37682,50.99073],[-2.3723,50.99048],[-2.37061,50.99175],[-2.36487,50.99042],[-2.35495,50.9909],[-2.35229,50.98814],[-2.34402,50.98484],[-2.34456,50.97883],[-2.35826,50.97742],[-2.37478,50.97323],[-2.38354,50.97236],[-2.39704,50.9684],[-2.41493,50.96058],[-2.41835,50.96233],[-2.42495,50.97027],[-2.42799,50.97139],[-2.44718,50.96785],[-2.44476,50.96306],[-2.44227,50.96252],[-2.44434,50.96106],[-2.44238,50.9608],[-2.4486,50.95291],[-2.45536,50.94927],[-2.46042,50.95113],[-2.45791,50.95279],[-2.45864,50.95429],[-2.46145,50.95631],[-2.46381,50.95535],[-2.46682,50.95981],[-2.47474,50.95795],[-2.47642,50.96076],[-2.47458,50.96251],[-2.48778,50.97311],[-2.49035,50.97277],[-2.48833,50.97576],[-2.49214,50.97852],[-2.50228,50.9938],[-2.51619,50.99451],[-2.51814,50.99333],[-2.51731,50.99461],[-2.52653,50.99193],[-2.53556,50.99402],[-2.53517,50.99937],[-2.54744,50.99954],[-2.54729,50.99642],[-2.55149,50.99634],[-2.55192,50.9937],[-2.54472,50.99167],[-2.54542,50.98508],[-2.55333,50.98283],[-2.55621,50.97954],[-2.56237,50.97771],[-2.5691,50.98537],[-2.57463,50.98669],[-2.57494,50.98332],[-2.58082,50.98135],[-2.58318,50.97886],[-2.58673,50.9778],[-2.58602,50.97687],[-2.58929,50.97692],[-2.59585,50.98134],[-2.60342,50.97628],[-2.59806,50.97361],[-2.59988,50.9674],[-2.59491,50.96223],[-2.59542,50.96089],[-2.59812,50.96057],[-2.59873,50.95857],[-2.5982,50.94857],[-2.60486,50.9454],[-2.60717,50.94576],[-2.60885,50.94201],[-2.61209,50.94007],[-2.61604,50.94145],[-2.6146,50.93815],[-2.60627,50.93467],[-2.60403,50.93098],[-2.60404,50.92672],[-2.61481,50.92326],[-2.61661,50.91337],[-2.62403,50.90799],[-2.61621,50.89946],[-2.61489,50.89326],[-2.60954,50.89153],[-2.61121,50.88501],[-2.61483,50.88388],[-2.61553,50.8819],[-2.62212,50.88078],[-2.62408,50.87929],[-2.62718,50.87988],[-2.62792,50.88631],[-2.64242,50.88673],[-2.64707,50.88836],[-2.64676,50.88417],[-2.65036,50.88333],[-2.66067,50.88714],[-2.67889,50.87752],[-2.69571,50.87601],[-2.69684,50.87368],[-2.70285,50.87328],[-2.7071,50.86973],[-2.71441,50.87116],[-2.71452,50.86394],[-2.718,50.86403],[-2.72309,50.86619],[-2.72991,50.8647],[-2.75094,50.86384],[-2.75434,50.86468],[-2.75499,50.86679],[-2.75751,50.86689],[-2.75994,50.86597],[-2.76182,50.86076],[-2.78006,50.86032],[-2.78229,50.8597],[-2.7862,50.85451],[-2.79253,50.85286],[-2.80784,50.85868],[-2.80559,50.86189],[-2.80807,50.86363],[-2.81015,50.86257],[-2.81151,50.86335],[-2.8161,50.85685],[-2.82578,50.85088],[-2.82868,50.85204],[-2.82862,50.84878],[-2.83103,50.84993],[-2.84286,50.84737],[-2.8452,50.85161],[-2.8507,50.85076],[-2.85258,50.8494],[-2.85801,50.85038],[-2.86442,50.84844],[-2.86679,50.84926],[-2.86973,50.84807],[-2.87284,50.84941],[-2.87705,50.84932],[-2.87924,50.84637],[-2.885,50.85029],[-2.88899,50.85005],[-2.89349,50.84674],[-2.89946,50.84727],[-2.90315,50.84374],[-2.91025,50.84475],[-2.91422,50.84201],[-2.91933,50.84177],[-2.92525,50.83944],[-2.93012,50.84092],[-2.93028,50.83907],[-2.93279,50.83877],[-2.93433,50.83648],[-2.938,50.83509],[-2.93975,50.83639],[-2.94169,50.83588],[-2.94426,50.83323],[-2.94411,50.82916],[-2.94602,50.82883],[-2.94607,50.82628],[-2.94802,50.82527],[-2.94734,50.82374],[-2.95295,50.82234],[-2.95388,50.82085],[-2.95905,50.82608],[-2.96293,50.82773],[-2.96169,50.8298],[-2.96558,50.83179],[-2.96633,50.83364],[-2.96983,50.8342],[-2.96854,50.84051],[-2.97257,50.84603],[-2.96805,50.8513],[-2.97463,50.85234],[-2.97359,50.85566],[-2.99444,50.85515],[-2.99626,50.85467],[-2.99855,50.85097],[-3.01144,50.85721],[-3.0141,50.85513],[-3.02111,50.85551],[-3.03681,50.85107],[-3.03637,50.85825],[-3.03263,50.86164],[-3.03473,50.86244],[-3.03844,50.86832],[-3.04373,50.8681],[-3.04611,50.87187],[-3.05406,50.87304],[-3.05498,50.87451],[-3.05177,50.88266],[-3.05568,50.89113],[-3.05509,50.89459],[-3.0499,50.90392],[-3.05311,50.90874],[-3.07809,50.90543],[-3.08789,50.90625],[-3.10357,50.90411],[-3.11205,50.9024],[-3.12208,50.89816],[-3.12634,50.90172],[-3.13963,50.89146],[-3.14156,50.89233],[-3.14792,50.89175],[-3.15288,50.89383],[-3.15616,50.90008],[-3.1704,50.90037],[-3.17186,50.90277],[-3.17056,50.90759],[-3.17583,50.90765],[-3.18796,50.91034],[-3.17917,50.92009],[-3.1803,50.92293],[-3.17244,50.92564],[-3.17246,50.93578],[-3.16395,50.94597],[-3.16648,50.94771],[-3.18892,50.94856],[-3.21835,50.94328],[-3.23251,50.94415],[-3.25483,50.94185],[-3.25698,50.94349],[-3.26189,50.94406],[-3.2643,50.94658],[-3.28441,50.95376],[-3.29385,50.95514],[-3.30009,50.9587],[-3.30182,50.96306],[-3.31215,50.9675],[-3.31737,50.97117],[-3.31987,50.97055],[-3.32346,50.97448],[-3.32318,50.97753],[-3.33367,50.98279],[-3.35982,50.9781],[-3.36617,50.97895],[-3.37245,50.97728],[-3.37866,50.97751],[-3.38343,50.99454],[-3.38142,50.99921],[-3.38241,51.00454],[-3.38019,51.00703],[-3.38085,51.01339],[-3.3789,51.01561],[-3.38049,51.01849],[-3.3899,51.01978],[-3.41417,51.0197],[-3.41296,51.02138],[-3.41577,51.02362],[-3.41506,51.0272],[-3.4213,51.03078],[-3.42539,51.03148],[-3.43678,51.03026],[-3.44545,51.02807],[-3.44644,51.02586],[-3.45431,51.0267],[-3.45975,51.02525],[-3.46369,51.02526],[-3.4833,51.03382],[-3.50492,51.03001],[-3.51352,51.02582],[-3.52046,51.0259],[-3.51937,51.02253],[-3.52174,51.0179],[-3.51888,51.0148],[-3.52303,51.01298],[-3.52324,51.0098],[-3.52669,51.0095],[-3.52756,51.00552],[-3.53505,51.00335],[-3.53439,51.00449],[-3.57098,51.00473],[-3.57649,51.00535],[-3.57654,51.00624],[-3.59165,51.00617],[-3.60975,51.00798],[-3.61069,51.01072],[-3.61471,51.01274],[-3.6147,51.01555],[-3.61193,51.01884],[-3.61091,51.02444],[-3.60278,51.02995],[-3.60252,51.03273],[-3.59821,51.03703],[-3.59755,51.04167],[-3.60029,51.05061],[-3.59447,51.05519],[-3.60143,51.0554],[-3.60485,51.05756],[-3.61033,51.05795],[-3.61305,51.05611],[-3.61935,51.05996],[-3.6243,51.06124],[-3.63128,51.05952],[-3.63535,51.0563],[-3.64245,51.05854],[-3.64884,51.05856],[-3.65233,51.05964],[-3.65029,51.06408],[-3.66434,51.06715],[-3.66638,51.07019],[-3.6728,51.07119],[-3.67563,51.07282],[-3.68237,51.07335],[-3.69244,51.08056],[-3.71995,51.08082],[-3.73005,51.08678],[-3.74134,51.08985],[-3.7674,51.10578],[-3.78012,51.1077],[-3.80429,51.11569],[-3.81641,51.12267],[-3.83449,51.13838],[-3.83447,51.14486],[-3.83207,51.15119],[-3.83535,51.15411],[-3.83982,51.17667],[-3.83228,51.17756],[-3.82436,51.17612],[-3.81752,51.17853],[-3.80627,51.17787],[-3.79338,51.17275],[-3.7863,51.17193],[-3.7573,51.17731],[-3.74588,51.17556],[-3.7381,51.17733],[-3.73285,51.17707],[-3.72603,51.17893],[-3.72383,51.18073],[-3.726,51.18635],[-3.73209,51.19097],[-3.73202,51.19362],[-3.729,51.19463],[-3.72621,51.19942],[-3.72848,51.20577],[-3.72773,51.20843],[-3.73157,51.21513],[-3.72905,51.21676],[-3.72874,51.21885],[-3.7332,51.22273],[-3.7267,51.22564],[-3.72707,51.22944],[-3.72312,51.23053],[-3.72082,51.23309],[-3.715,51.23168],[-3.69845,51.23107],[-3.69106,51.22856],[-3.6413,51.22291],[-3.63198,51.22361],[-3.62658,51.21993],[-3.62796,51.21947],[-3.63067,51.22242],[-3.62792,51.21912],[-3.62202,51.21667],[-3.61759,51.21684],[-3.6123,51.21873],[-3.60665,51.21729],[-3.60264,51.21911],[-3.60591,51.21852],[-3.60538,51.21933],[-3.60759,51.21961],[-3.61064,51.2187],[-3.61084,51.21959],[-3.59893,51.22082],[-3.59068,51.22326],[-3.58056,51.22937],[-3.57871,51.23214],[-3.5635,51.23143],[-3.55555,51.23328],[-3.54301,51.23238],[-3.51291,51.22595],[-3.50817,51.22394],[-3.503,51.22299],[-3.49689,51.22397],[-3.47255,51.21362],[-3.47475,51.21357],[-3.47094,51.2083],[-3.46415,51.20751],[-3.45524,51.20953],[-3.4476,51.2089],[-3.44201,51.2065],[-3.43549,51.19898],[-3.4235,51.19017],[-3.40774,51.18296],[-3.38472,51.18297],[-3.3724,51.18485],[-3.34577,51.18136],[-3.3288,51.18407],[-3.33101,51.18321],[-3.3285,51.18202],[-3.32711,51.18288],[-3.32855,51.18366],[-3.31975,51.18217],[-3.31937,51.18048],[-3.31246,51.17948],[-3.29658,51.18222],[-3.2861,51.18192],[-3.28274,51.18019],[-3.27598,51.17977],[-3.25684,51.18774],[-3.25006,51.18741],[-3.23704,51.19109],[-3.21632,51.19428],[-3.20221,51.2014],[-3.19045,51.20274],[-3.18069,51.19973],[-3.17199,51.20215],[-3.1647,51.20253],[-3.15394,51.20877],[-3.12655,51.21139],[-3.11502,51.20712],[-3.10057,51.20816],[-3.08062,51.20193],[-3.07101,51.20141],[-3.05939,51.20383],[-3.02963,51.21846],[-3.02295,51.21861],[-3.02032,51.21815],[-3.0206,51.21576],[-3.025,51.21277],[-3.02639,51.2153],[-3.0257,51.21243],[-3.02635,51.21223],[-3.02924,51.20901],[-3.02488,51.21236],[-3.02854,51.19968],[-3.03018,51.2011],[-3.03023,51.19987],[-3.03547,51.20034],[-3.03655,51.20256],[-3.03606,51.2004],[-3.03794,51.20068],[-3.03986,51.20436],[-3.0387,51.20084],[-3.04512,51.20293],[-3.04322,51.20163],[-3.05119,51.20153],[-3.04626,51.20072],[-3.0503,51.19862],[-3.0556,51.19883],[-3.05093,51.19825],[-3.0577,51.19423],[-3.06058,51.19337],[-3.0633,51.19414],[-3.06619,51.19237],[-3.06231,51.19113],[-3.06049,51.19329],[-3.05905,51.19289],[-3.05996,51.19339],[-3.05616,51.19455],[-3.05778,51.19101],[-3.0595,51.19238],[-3.06118,51.19123],[-3.05828,51.18961],[-3.0557,51.18966],[-3.05477,51.19084],[-3.05762,51.19097],[-3.05597,51.19436],[-3.05207,51.19693],[-3.0522,51.19446],[-3.0512,51.19748],[-3.04811,51.19922],[-3.04819,51.19529],[-3.04655,51.20002],[-3.0418,51.20082],[-3.04341,51.19959],[-3.04425,51.19697],[-3.04173,51.20051],[-3.03799,51.19987],[-3.03983,51.19932],[-3.04119,51.19794],[-3.03878,51.19948],[-3.03481,51.19936],[-3.03849,51.19732],[-3.03495,51.19876],[-3.03557,51.196],[-3.03384,51.19908],[-3.02987,51.19933],[-3.03321,51.19416],[-3.04517,51.19459],[-3.05532,51.18777],[-3.05982,51.17894],[-3.05789,51.17548],[-3.05967,51.17496],[-3.06013,51.17433],[-3.05743,51.17484],[-3.0435,51.16407],[-3.03641,51.16246],[-3.03322,51.16308],[-3.02904,51.16611],[-3.02881,51.1745],[-3.02042,51.17596],[-3.01161,51.17389],[-3.00739,51.17141],[-3.0035,51.16682],[-3.00562,51.163],[-3.0025,51.16097],[-2.99584,51.16077],[-2.99113,51.16209],[-2.98966,51.1612],[-2.99236,51.15657],[-2.99162,51.15393],[-2.99741,51.15316],[-2.99948,51.15169],[-2.99714,51.14859],[-2.99918,51.14497],[-2.99725,51.14437],[-2.99369,51.14487],[-2.99324,51.14162],[-2.99792,51.1401],[-3.00258,51.13737],[-3.00366,51.13354],[-2.9958,51.11889],[-2.99311,51.11666],[-2.9879,51.11587],[-2.98449,51.11657],[-2.98194,51.11542],[-2.97924,51.11484],[-2.97791,51.11367],[-2.9739,51.11137],[-2.97298,51.10797],[-2.97045,51.10478],[-2.96852,51.10375],[-2.96618,51.10299],[-2.9662,51.10048],[-2.96546,51.0996],[-2.95855,51.09469],[-2.95384,51.09216],[-2.94907,51.09075],[-2.94519,51.09125],[-2.94325,51.08801],[-2.93917,51.08439],[-2.938,51.08389],[-2.93491,51.08345],[-2.93363,51.07968],[-2.92686,51.07435],[-2.91987,51.07082],[-2.9172,51.06788],[-2.91919,51.06557],[-2.92098,51.06491],[-2.92145,51.06412],[-2.92494,51.06271],[-2.93019,51.05989],[-2.93171,51.05871],[-2.94383,51.04765],[-2.94488,51.04619],[-2.94727,51.0457],[-2.94933,51.04367],[-2.95073,51.04134],[-2.95433,51.04106],[-2.95907,51.0402],[-2.96579,51.03891],[-2.97114,51.03759],[-2.97609,51.03734],[-2.97138,51.03739],[-2.95117,51.04104],[-2.95001,51.04172],[-2.94709,51.04567],[-2.94481,51.04603],[-2.93134,51.05877],[-2.92144,51.06403],[-2.92082,51.06489],[-2.9192,51.06542],[-2.91712,51.06729],[-2.90529,51.06106],[-2.90176,51.06102],[-2.89671,51.06204],[-2.89497,51.06146],[-2.89278,51.06128],[-2.89339,51.05885],[-2.89295,51.05443],[-2.8876,51.04951],[-2.88392,51.04897],[-2.88406,51.04728],[-2.8835,51.04683],[-2.87937,51.04659],[-2.8835,51.04701],[-2.88381,51.04907],[-2.88743,51.04957],[-2.8928,51.05448],[-2.89272,51.06137],[-2.8967,51.06215],[-2.90564,51.0613],[-2.9168,51.06727],[-2.91732,51.06858],[-2.91966,51.07087],[-2.92681,51.07453],[-2.93371,51.08],[-2.9349,51.08366],[-2.93916,51.08467],[-2.94495,51.09136],[-2.9494,51.091],[-2.95792,51.09453],[-2.96554,51.0999],[-2.96612,51.10321],[-2.97022,51.10482],[-2.97405,51.11179],[-2.97946,51.11517],[-2.9844,51.11671],[-2.99249,51.11678],[-2.99505,51.11833],[-3.0032,51.13357],[-3.00208,51.13736],[-2.99263,51.14168],[-2.9926,51.14477],[-2.99401,51.14524],[-2.9987,51.14519],[-2.99648,51.14847],[-2.99881,51.1516],[-2.99091,51.15343],[-2.99095,51.1572],[-2.9878,51.15967],[-2.98989,51.1627],[-3.00154,51.1618],[-3.00129,51.16557],[-3.00587,51.17194],[-3.00894,51.17428],[-3.01872,51.17714],[-3.02887,51.17617],[-3.03165,51.17282],[-3.03133,51.16648],[-3.0356,51.16389],[-3.03957,51.16423],[-3.05489,51.17621],[-3.05554,51.18152],[-3.05102,51.18715],[-3.03521,51.18878],[-3.02592,51.19349],[-3.02112,51.19788],[-3.01829,51.20712],[-3.0158,51.20624],[-3.01719,51.2037],[-3.01619,51.20286],[-3.015,51.20649],[-3.01378,51.20639],[-3.01667,51.20712],[-3.01607,51.21035],[-3.01047,51.21757],[-3.00618,51.22133],[-3.00256,51.22233],[-3.00214,51.22603],[-2.99933,51.2255],[-2.99957,51.22248],[-2.99427,51.22267],[-2.98809,51.22042],[-2.98429,51.22043],[-2.99412,51.2235],[-2.99878,51.22307],[-2.99739,51.22548],[-3.00265,51.22782],[-2.99948,51.23691],[-3.00051,51.24162],[-3.00554,51.24743],[-3.01109,51.25106],[-3.01922,51.26049],[-3.02157,51.26598],[-3.01388,51.29776],[-3.01143,51.31744],[-3.01408,51.32346],[-3.02814,51.32421],[-3.03365,51.32624],[-3.03547,51.32854]]]]}},{"type":"Feature","properties":{"area_id":"london","name":"City of London","code":"E09000001"},"geometry":{"type":"MultiPolygon","coordinates":[[[[-0.10415,51.50854],[-0.10468,51.50841],[-0.10468,51.50861],[-0.10415,51.50854]]],[[[-0.09676,51.52331],[-0.0862,51.51881],[-0.08104,51.52197],[-0.07853,51.52151],[-0.07941,51.51889],[-0.074,51.51448],[-0.07281,51.51024],[-0.07786,51.51009],[-0.07947,51.50783],[-0.09518,51.51062],[-0.1115,51.51083],[-0.11251,51.51273],[-0.11106,51.51383],[-0.1138,51.51826],[-0.10782,51.51777],[-0.09766,51.52071],[-0.09676,51.52331]]]]}},{"type":"Feature","properties":{"area_id":"london","name":"Barking and Dagenham","code":"E09000002"},"geometry":{"type":"MultiPolygon","coordinates":[[[[0.06906,51.53884],[0.07565,51.52982],[0.07275,51.52927],[0.06953,51.53626],[0.06796,51.5362],[0.06891,51.53719],[0.06668,51.54065],[0.06836,51.54439],[0.06906,51.53884]]],[[[0.14815,51.59678],[0.14988,51.59701],[0.15114,51.59545],[0.15097,51.58383],[0.14745,51.58081],[0.14701,51.57571],[0.14974,51.56971],[0.1467,51.5688],[0.15131,51.56808],[0.16189,51.56162],[0.1734,51.56509],[0.18348,51.56463],[0.18518,51.56551],[0.18267,51.56124],[0.18479,51.55988],[0.18476,51.55641],[0.19017,51.55272],[0.1896,51.55146],[0.18038,51.5441],[0.17923,51.54029],[0.17507,51.53851],[0.16445,51.52701],[0.15876,51.51227],[0.14657,51.5141],[0.13628,51.51856],[0.12674,51.51957],[0.11899,51.51815],[0.10883,51.51417],[0.10106,51.51445],[0.09562,51.51699],[0.09574,51.52011],[0.09283,51.52263],[0.09217,51.52673],[0.08578,51.52599],[0.0764,51.52982],[0.07045,51.5391],[0.06947,51.53897],[0.06924,51.54356],[0.07796,51.54405],[0.08589,51.54734],[0.09154,51.5483],[0.09261,51.54965],[0.09352,51.54586],[0.10432,51.54984],[0.10842,51.5527],[0.11195,51.55267],[0.11474,51.55532],[0.11327,51.55727],[0.11708,51.55691],[0.12049,51.55857],[0.11749,51.55918],[0.11905,51.56305],[0.12932,51.56653],[0.12991,51.57154],[0.13158,51.57182],[0.12919,51.57631],[0.13164,51.57709],[0.13082,51.57937],[0.13357,51.57995],[0.13256,51.58131],[0.12776,51.58164],[0.12639,51.58673],[0.13102,51.58752],[0.12957,51.59005],[0.1466,51.59944],[0.14821,51.59897],[0.14815,51.59678]]]]}},{"type":"Feature","properties":{"area_id":"london","name":"Barnet","code":"E09000003"},"geometry":{"type":"Polygon","coordinates":[[[-0.19901,51.66821],[-0.19485,51.66831],[-0.19666,51.66548],[-0.19107,51.6639],[-0.18779,51.66788],[-0.18196,51.66868],[-0.18587,51.66284],[-0.15473,51.65555],[-0.15226,51.64982],[-0.14987,51.64881],[-0.15223,51.64797],[-0.15163,51.64532],[-0.14918,51.64531],[-0.14783,51.64207],[-0.14502,51.64263],[-0.14022,51.63749],[-0.13327,51.63327],[-0.12909,51.63227],[-0.13541,51.62177],[-0.1445,51.61551],[-0.13871,51.61019],[-0.14343,51.60883],[-0.14197,51.60371],[-0.14447,51.60012],[-0.15133,51.59747],[-0.15341,51.60285],[-0.15634,51.60537],[-0.16176,51.59748],[-0.15869,51.592],[-0.16023,51.58799],[-0.15713,51.58619],[-0.15962,51.58446],[-0.16134,51.58528],[-0.16572,51.58322],[-0.16681,51.57866],[-0.16806,51.57693],[-0.16931,51.57742],[-0.16944,51.57397],[-0.17438,51.56926],[-0.17812,51.57051],[-0.18965,51.56522],[-0.19112,51.56166],[-0.19673,51.5607],[-0.19937,51.55619],[-0.20578,51.55532],[-0.20597,51.55643],[-0.20884,51.55573],[-0.21001,51.55675],[-0.21349,51.55519],[-0.23342,51.57198],[-0.24596,51.57222],[-0.24654,51.56903],[-0.24857,51.56851],[-0.25251,51.57152],[-0.25127,51.57315],[-0.25426,51.58167],[-0.24823,51.58431],[-0.28739,51.61702],[-0.30557,51.63412],[-0.30378,51.63649],[-0.29613,51.63545],[-0.28139,51.63835],[-0.27371,51.63867],[-0.27287,51.6421],[-0.26825,51.64239],[-0.26835,51.64383],[-0.26436,51.64363],[-0.26327,51.64483],[-0.25737,51.64182],[-0.25156,51.64795],[-0.25058,51.65606],[-0.24787,51.65525],[-0.22892,51.65998],[-0.22646,51.65716],[-0.2198,51.66066],[-0.21889,51.66006],[-0.21339,51.66238],[-0.21214,51.66135],[-0.20786,51.66286],[-0.21113,51.66695],[-0.20984,51.66756],[-0.20796,51.66659],[-0.20563,51.6686],[-0.20223,51.66781],[-0.20335,51.67013],[-0.19987,51.67017],[-0.19901,51.66821]]]}},{"type":"Feature","properties":{"area_id":"london","name":"Bexley","code":"E09000004"},"geometry":{"type":"MultiPolygon","coordinates":[[[[0.19929,51.45842],[0.199,51.45812],[0.19856,51.4583],[0.19929,51.45842]]],[[[0.20063,51.47981],[0.20205,51.47902],[0.19869,51.47833],[0.20013,51.47891],[0.20052,51.47975],[0.20112,51.47952],[0.20063,51.47981]]],[[[0.13222,51.51227],[0.14945,51.50587],[0.16034,51.50548],[0.16658,51.50345],[0.17165,51.49772],[0.1725,51.48883],[0.17787,51.48302],[0.19045,51.47903],[0.19857,51.47968],[0.19744,51.47844],[0.20058,51.48007],[0.19859,51.4783],[0.20215,51.47899],[0.20226,51.4806],[0.20479,51.48084],[0.20286,51.4796],[0.21168,51.48271],[0.21767,51.48041],[0.21599,51.47949],[0.21642,51.47747],[0.2119,51.47583],[0.21136,51.47323],[0.20816,51.47084],[0.21101,51.46843],[0.21024,51.4625],[0.20261,51.45835],[0.19907,51.45858],[0.19838,51.45839],[0.19725,51.45759],[0.20305,51.45795],[0.20339,51.45433],[0.19911,51.45212],[0.19305,51.4517],[0.19101,51.44879],[0.18764,51.44872],[0.18739,51.44688],[0.18415,51.44464],[0.17604,51.44199],[0.17284,51.44329],[0.16669,51.43505],[0.16669,51.4313],[0.16422,51.42855],[0.15588,51.43088],[0.15116,51.42043],[0.15464,51.41847],[0.15106,51.41762],[0.14916,51.41244],[0.15377,51.41127],[0.15293,51.40871],[0.14887,51.40843],[0.12827,51.41496],[0.11312,51.41291],[0.1076,51.41409],[0.09513,51.42008],[0.08321,51.42987],[0.07467,51.43215],[0.07653,51.43486],[0.07497,51.43587],[0.07784,51.43644],[0.08088,51.4404],[0.08446,51.44198],[0.08302,51.44342],[0.08473,51.4426],[0.08743,51.44328],[0.08637,51.44531],[0.08811,51.44726],[0.08573,51.45645],[0.07867,51.45929],[0.08294,51.45983],[0.08231,51.46664],[0.0932,51.47295],[0.09658,51.47325],[0.09824,51.47545],[0.10201,51.47446],[0.10819,51.47612],[0.11199,51.47307],[0.11847,51.4789],[0.12419,51.47685],[0.12203,51.48287],[0.12022,51.51145],[0.12505,51.51299],[0.13222,51.51227]]]]}},{"type":"Feature","properties":{"area_id":"london","name":"Brent","code":"E09000005"},"geometry":{"type":"Polygon","coordinates":[[[-0.26711,51.60037],[-0.24823,51.58431],[-0.25426,51.58167],[-0.25127,51.57315],[-0.25251,51.57152],[-0.24857,51.56851],[-0.24654,51.56903],[-0.24596,51.57222],[-0.23548,51.57255],[-0.22546,51.56587],[-0.19147,51.53629],[-0.19648,51.52764],[-0.19817,51.53042],[-0.20301,51.5329],[-0.21527,51.53136],[-0.21602,51.52792],[-0.22766,51.52991],[-0.23441,51.53264],[-0.24324,51.53176],[-0.25075,51.53415],[-0.25599,51.53395],[-0.25774,51.53537],[-0.26857,51.52982],[-0.28037,51.52835],[-0.28573,51.52917],[-0.28938,51.53168],[-0.28401,51.53353],[-0.28096,51.53259],[-0.27896,51.53323],[-0.27777,51.53507],[-0.28246,51.53865],[-0.2934,51.53493],[-0.29645,51.53526],[-0.3027,51.53199],[-0.30745,51.53309],[-0.30472,51.53986],[-0.30852,51.5432],[-0.30888,51.54521],[-0.30711,51.54533],[-0.31766,51.55157],[-0.32701,51.55503],[-0.33556,51.55656],[-0.33126,51.56141],[-0.32824,51.56254],[-0.32985,51.56713],[-0.32215,51.56968],[-0.32663,51.5786],[-0.3047,51.58705],[-0.28246,51.58505],[-0.2842,51.5905],[-0.29041,51.59354],[-0.27651,51.59651],[-0.26711,51.60037]]]}},{"type":"Feature","properties":{"area_id":"london","name":"Bromley","code":"E09000006"},"geometry":{"type":"Polygon","coordinates":[[[0.03975,51.44098],[0.05821,51.42487],[0.06101,51.42508],[0.06171,51.4237],[0.07536,51.43199],[0.08321,51.42987],[0.09513,51.42008],[0.1076,51.41409],[0.11312,51.41291],[0.12827,51.41496],[0.14887,51.40843],[0.15525,51.40397],[0.15898,51.39582],[0.16238,51.39249],[0.14774,51.3928],[0.14984,51.39087],[0.14961,51.38009],[0.15324,51.37804],[0.15254,51.37523],[0.1496,51.37358],[0.15121,51.37219],[0.15013,51.37016],[0.15206,51.36969],[0.15162,51.36838],[0.14944,51.36916],[0.14728,51.36701],[0.14835,51.36637],[0.1445,51.36106],[0.14511,51.35576],[0.13944,51.34698],[0.1362,51.34594],[0.13696,51.34417],[0.12521,51.34587],[0.11846,51.34415],[0.11668,51.3413],[0.12168,51.33364],[0.1179,51.32965],[0.11574,51.32951],[0.11421,51.3274],[0.11015,51.32804],[0.10976,51.32668],[0.1049,51.32741],[0.09618,51.32129],[0.08779,51.31831],[0.08503,51.31602],[0.08357,51.31053],[0.08488,51.30604],[0.08282,51.30563],[0.08621,51.30017],[0.09118,51.29683],[0.08158,51.29184],[0.05851,51.28935],[0.05605,51.2924],[0.05439,51.29209],[0.05079,51.29399],[0.04573,51.294],[0.0424,51.29267],[0.0443,51.29858],[0.04262,51.30133],[0.03291,51.30752],[0.02484,51.30215],[0.0191,51.29168],[0.01501,51.29179],[0.00839,51.31056],[0.01035,51.31615],[0.0066,51.31568],[0.00226,51.32913],[0.00331,51.33216],[0.00086,51.3336],[-0.00531,51.35258],[-0.00856,51.35576],[-0.01556,51.35881],[-0.02227,51.36588],[-0.02357,51.36529],[-0.02359,51.37223],[-0.02677,51.37938],[-0.02982,51.37734],[-0.03678,51.377],[-0.03784,51.38327],[-0.03652,51.38843],[-0.04282,51.38946],[-0.04806,51.39314],[-0.05347,51.39492],[-0.05042,51.39801],[-0.05211,51.39826],[-0.05061,51.39952],[-0.05293,51.40144],[-0.06053,51.39914],[-0.06222,51.40155],[-0.06857,51.40384],[-0.07284,51.40849],[-0.07274,51.41269],[-0.08037,51.41554],[-0.08108,51.41731],[-0.07391,51.42621],[-0.0624,51.42515],[-0.05675,51.42296],[-0.0518,51.42357],[-0.05175,51.42252],[-0.04625,51.42237],[-0.03747,51.42498],[-0.03179,51.42471],[-0.03008,51.42565],[-0.021,51.42098],[-0.02256,51.41756],[-0.021,51.41602],[-0.01427,51.41516],[-0.01424,51.41365],[-0.01031,51.41358],[-0.00659,51.41466],[-0.00655,51.41598],[-0.00497,51.4146],[-0.00073,51.41591],[0.00174,51.41859],[0.00353,51.41743],[0.00811,51.42304],[0.00998,51.42248],[0.01412,51.42617],[0.02122,51.42686],[0.02546,51.42897],[0.03623,51.42239],[0.03906,51.42469],[0.03771,51.43334],[0.03374,51.4317],[0.03116,51.43209],[0.02859,51.43403],[0.02869,51.43641],[0.02544,51.43567],[0.02478,51.43821],[0.02882,51.43877],[0.03055,51.44433],[0.03975,51.44098]]]}},{"type":"Feature","properties":{"area_id":"london","name":"Camden","code":"E09000007"},"geometry":{"type":"Polygon","coordinates":[[[-0.17123,51.57242],[-0.15015,51.57155],[-0.1424,51.56911],[-0.14103,51.5605],[-0.13699,51.55526],[-0.12708,51.54753],[-0.1224,51.53705],[-0.12256,51.53075],[-0.11593,51.52983],[-0.11545,51.52776],[-0.11292,51.52641],[-0.11363,51.52457],[-0.107,51.52218],[-0.10529,51.51855],[-0.1138,51.51826],[-0.11157,51.51534],[-0.11383,51.51482],[-0.11469,51.51603],[-0.11945,51.5145],[-0.12285,51.51514],[-0.12765,51.51268],[-0.13078,51.51708],[-0.13252,51.51667],[-0.13696,51.51889],[-0.14338,51.52455],[-0.14521,51.52399],[-0.14576,51.52527],[-0.14712,51.52503],[-0.1527,51.53751],[-0.15935,51.53634],[-0.1604,51.5373],[-0.1649,51.53578],[-0.16945,51.53859],[-0.17348,51.53765],[-0.17391,51.53947],[-0.17834,51.53981],[-0.18416,51.53823],[-0.18872,51.53453],[-0.21349,51.55519],[-0.21001,51.55675],[-0.20884,51.55573],[-0.20597,51.55643],[-0.20578,51.55532],[-0.19937,51.55619],[-0.19673,51.5607],[-0.19112,51.56166],[-0.18965,51.56522],[-0.18099,51.56967],[-0.17812,51.57051],[-0.17438,51.56926],[-0.17123,51.57242]]]}},{"type":"Feature","properties":{"area_id":"london","name":"Croydon","code":"E09000008"},"geometry":{"type":"Polygon","coordinates":[[[-0.11263,51.42324],[-0.0927,51.42255],[-0.08628,51.41928],[-0.07856,51.41987],[-0.08076,51.41604],[-0.07274,51.41269],[-0.07284,51.40849],[-0.06857,51.40384],[-0.06222,51.40155],[-0.06053,51.39914],[-0.05293,51.40144],[-0.05061,51.39952],[-0.05211,51.39826],[-0.05042,51.39801],[-0.05347,51.39492],[-0.04806,51.39314],[-0.04282,51.38946],[-0.03652,51.38843],[-0.03784,51.38327],[-0.03678,51.377],[-0.02982,51.37734],[-0.02677,51.37938],[-0.02359,51.37223],[-0.02357,51.36529],[-0.02227,51.36588],[-0.01556,51.35881],[-0.00856,51.35576],[-0.00531,51.35258],[0.00086,51.3336],[0.00331,51.33216],[0.00226,51.32913],[-0.0005,51.32878],[-0.00713,51.33374],[-0.00966,51.33393],[-0.01432,51.32977],[-0.02215,51.33813],[-0.03282,51.33742],[-0.03792,51.33872],[-0.04199,51.33386],[-0.05028,51.33264],[-0.05108,51.33085],[-0.04787,51.32525],[-0.04977,51.32527],[-0.05131,51.32245],[-0.06399,51.31864],[-0.07007,51.3189],[-0.07102,51.32122],[-0.07891,51.31977],[-0.07883,51.3181],[-0.0848,51.31587],[-0.08193,51.31065],[-0.08883,51.30722],[-0.09122,51.30148],[-0.09734,51.3011],[-0.09428,51.29944],[-0.11105,51.29225],[-0.11473,51.29245],[-0.11779,51.28718],[-0.1243,51.28679],[-0.13721,51.30074],[-0.14086,51.29958],[-0.14358,51.30124],[-0.14563,51.29983],[-0.15532,51.30127],[-0.15774,51.30443],[-0.15451,51.30645],[-0.15716,51.30671],[-0.15432,51.31032],[-0.15833,51.31099],[-0.15717,51.31339],[-0.16188,51.31963],[-0.15272,51.323],[-0.15068,51.32217],[-0.14558,51.32349],[-0.14441,51.32646],[-0.14919,51.32885],[-0.14407,51.33069],[-0.14748,51.3388],[-0.14346,51.34054],[-0.14458,51.34209],[-0.13687,51.34472],[-0.13248,51.34427],[-0.13286,51.34543],[-0.12835,51.34745],[-0.12685,51.34486],[-0.11684,51.34576],[-0.12137,51.35774],[-0.12419,51.35741],[-0.12455,51.35836],[-0.12189,51.35907],[-0.12288,51.35992],[-0.1209,51.36331],[-0.1213,51.36473],[-0.12412,51.36535],[-0.12208,51.36575],[-0.12476,51.37369],[-0.12784,51.37474],[-0.12584,51.3756],[-0.13026,51.38221],[-0.12865,51.38249],[-0.12876,51.38564],[-0.13432,51.39085],[-0.12873,51.3935],[-0.12414,51.39761],[-0.13045,51.40327],[-0.13208,51.4092],[-0.12946,51.40957],[-0.11981,51.4188],[-0.11263,51.42324]]]}},{"type":"Feature","properties":{"area_id":"london","name":"Ealing","code":"E09000009"},"geometry":{"type":"Polygon","coordinates":[[[-0.32701,51.55503],[-0.31766,51.55157],[-0.30711,51.54533],[-0.30888,51.54521],[-0.30852,51.5432],[-0.30472,51.53986],[-0.30745,51.53309],[-0.3027,51.53199],[-0.29645,51.53526],[-0.2934,51.53493],[-0.28246,51.53865],[-0.27777,51.53507],[-0.28096,51.53259],[-0.28401,51.53353],[-0.28938,51.53168],[-0.28573,51.52917],[-0.28037,51.52835],[-0.26857,51.52982],[-0.25774,51.53537],[-0.25599,51.53395],[-0.25075,51.53415],[-0.24628,51.53274],[-0.24539,51.53104],[-0.24987,51.52887],[-0.25254,51.52499],[-0.24513,51.50677],[-0.24647,51.50674],[-0.24567,51.50463],[-0.25506,51.50433],[-0.25277,51.49989],[-0.25542,51.49498],[-0.26906,51.49403],[-0.2774,51.49909],[-0.28077,51.50285],[-0.28571,51.50078],[-0.2939,51.50158],[-0.30067,51.49933],[-0.29754,51.49488],[-0.30113,51.49441],[-0.30585,51.49618],[-0.30543,51.49454],[-0.31191,51.49197],[-0.31579,51.49591],[-0.31918,51.49422],[-0.32468,51.49599],[-0.32613,51.495],[-0.32734,51.496],[-0.32995,51.49502],[-0.34228,51.49599],[-0.35062,51.49911],[-0.36312,51.49588],[-0.36536,51.49331],[-0.37185,51.49048],[-0.37788,51.49661],[-0.38658,51.49469],[-0.40692,51.49967],[-0.40286,51.50358],[-0.39351,51.50701],[-0.38912,51.51467],[-0.38179,51.51862],[-0.37615,51.52495],[-0.37637,51.52888],[-0.38664,51.5304],[-0.38712,51.52957],[-0.39265,51.53145],[-0.41185,51.53407],[-0.41941,51.53829],[-0.41816,51.53915],[-0.4194,51.54039],[-0.40501,51.54249],[-0.39529,51.54255],[-0.39871,51.5479],[-0.39488,51.54765],[-0.39495,51.54873],[-0.38504,51.55126],[-0.37784,51.55498],[-0.37588,51.55308],[-0.36252,51.55604],[-0.3623,51.55725],[-0.34755,51.55966],[-0.34361,51.55772],[-0.32701,51.55503]]]}},{"type":"Feature","properties":{"area_id":"london","name":"Enfield","code":"E09000010"},"geometry":{"type":"Polygon","coordinates":[[[-0.07896,51.68884],[-0.06209,51.68298],[-0.04931,51.68424],[-0.01107,51.68087],[-0.01149,51.66389],[-0.00894,51.66022],[-0.01178,51.65304],[-0.01331,51.63969],[-0.02594,51.62174],[-0.03532,51.61298],[-0.03395,51.6095],[-0.04139,51.60565],[-0.05451,51.60889],[-0.0856,51.60847],[-0.09576,51.6093],[-0.10251,51.60804],[-0.11747,51.60821],[-0.1352,51.61122],[-0.13871,51.61019],[-0.1445,51.61551],[-0.13541,51.62177],[-0.12909,51.63227],[-0.13327,51.63327],[-0.14022,51.63749],[-0.14502,51.64263],[-0.14783,51.64207],[-0.14918,51.64531],[-0.15163,51.64532],[-0.15223,51.64797],[-0.14987,51.64881],[-0.15226,51.64982],[-0.15473,51.65555],[-0.18587,51.66284],[-0.18196,51.66868],[-0.17701,51.67268],[-0.17247,51.67309],[-0.16361,51.6824],[-0.16349,51.68812],[-0.14943,51.68551],[-0.13465,51.68879],[-0.12207,51.68852],[-0.10578,51.69188],[-0.07896,51.68884]]]}},{"type":"Feature","properties":{"area_id":"london","name":"Greenwich","code":"E09000011"},"geometry":{"type":"MultiPolygon","coordinates":[[[[-0.02059,51.4767],[-0.02059,51.47671],[-0.02056,51.47672],[-0.02059,51.4767]]],[[[-0.01639,51.48146],[-0.01709,51.48041],[-0.02304,51.47967],[-0.02328,51.48078],[-0.02637,51.48151],[-0.02471,51.48548],[-0.01639,51.48146]]],[[[0.12053,51.5111],[0.12203,51.48287],[0.12419,51.47685],[0.11847,51.4789],[0.11199,51.47307],[0.10819,51.47612],[0.10201,51.47446],[0.09824,51.47545],[0.09658,51.47325],[0.0932,51.47295],[0.08231,51.46664],[0.08294,51.45983],[0.07867,51.45929],[0.08573,51.45645],[0.08811,51.44726],[0.08637,51.44531],[0.08743,51.44328],[0.08473,51.4426],[0.08302,51.44342],[0.08446,51.44198],[0.08088,51.4404],[0.07784,51.43644],[0.07497,51.43587],[0.07653,51.43486],[0.07486,51.43081],[0.07336,51.43176],[0.0717,51.42944],[0.06171,51.4237],[0.06101,51.42508],[0.05821,51.42487],[0.03975,51.44098],[0.03055,51.44433],[0.02938,51.44171],[0.02151,51.44273],[0.02198,51.44894],[0.0151,51.45001],[0.01989,51.45073],[0.01956,51.45171],[0.01835,51.45158],[0.01755,51.45503],[0.01151,51.45669],[0.00909,51.46587],[0.01327,51.46684],[0.01261,51.46981],[0.01654,51.46913],[0.015,51.47308],[0.01796,51.47383],[-0.0009,51.4718],[-0.01405,51.47267],[-0.01515,51.47175],[-0.01311,51.46894],[-0.01506,51.46804],[-0.01911,51.47001],[-0.01997,51.473],[-0.02258,51.47411],[-0.02286,51.47531],[-0.02056,51.47566],[-0.01499,51.48175],[-0.0179,51.4832],[-0.00726,51.48377],[0.00138,51.48781],[0.00237,51.49299],[-0.00219,51.49984],[-0.00174,51.50284],[0.00082,51.50453],[0.00515,51.5044],[0.01388,51.497],[0.02157,51.49395],[0.0403,51.49543],[0.05778,51.49404],[0.07625,51.49585],[0.08232,51.49894],[0.09198,51.50898],[0.12053,51.5111]]]]}},{"type":"Feature","properties":{"area_id":"london","name":"Hackney","code":"E09000012"},"geometry":{"type":"Polygon","coordinates":[[[-0.06116,51.57779],[-0.05843,51.57256],[-0.04666,51.56438],[-0.04725,51.56271],[-0.04236,51.56137],[-0.02839,51.56102],[-0.02394,51.55737],[-0.01846,51.55518],[-0.01717,51.55158],[-0.01898,51.5516],[-0.01894,51.55053],[-0.01655,51.54333],[-0.02558,51.54334],[-0.02899,51.54227],[-0.03319,51.54469],[-0.04496,51.53578],[-0.05091,51.53646],[-0.05286,51.53494],[-0.05876,51.5341],[-0.06243,51.53553],[-0.06219,51.53326],[-0.06516,51.53316],[-0.06625,51.53122],[-0.07458,51.52985],[-0.07727,51.52731],[-0.07612,51.52237],[-0.08104,51.52197],[-0.08312,51.51985],[-0.08523,51.52035],[-0.08501,51.52624],[-0.08698,51.52577],[-0.08873,51.52745],[-0.09537,51.52921],[-0.09703,51.533],[-0.08656,51.5373],[-0.08379,51.54659],[-0.07669,51.54609],[-0.07633,51.5472],[-0.0794,51.55167],[-0.0854,51.55213],[-0.09036,51.55415],[-0.09172,51.5602],[-0.09859,51.56081],[-0.10437,51.56477],[-0.09602,51.57066],[-0.09763,51.57365],[-0.08084,51.57564],[-0.07624,51.57494],[-0.06116,51.57779]]]}},{"type":"Feature","properties":{"area_id":"london","name":"Hammersmith and Fulham","code":"E09000013"},"geometry":{"type":"Polygon","coordinates":[[[-0.23382,51.53233],[-0.22844,51.53032],[-0.22657,51.52463],[-0.22828,51.5211],[-0.22246,51.51541],[-0.21932,51.50955],[-0.21719,51.5104],[-0.21581,51.50915],[-0.21594,51.5064],[-0.21798,51.50614],[-0.21344,51.50018],[-0.20309,51.49337],[-0.18417,51.47718],[-0.17936,51.47762],[-0.18306,51.46922],[-0.18629,51.46653],[-0.19044,51.46526],[-0.20276,51.46534],[-0.21678,51.46961],[-0.22255,51.47475],[-0.22362,51.48189],[-0.22867,51.48883],[-0.23437,51.49041],[-0.24452,51.4887],[-0.24442,51.49794],[-0.2492,51.49695],[-0.25506,51.50433],[-0.24567,51.50463],[-0.24647,51.50674],[-0.24513,51.50677],[-0.25254,51.52499],[-0.24987,51.52887],[-0.24539,51.53104],[-0.24628,51.53274],[-0.24324,51.53176],[-0.23382,51.53233]]]}},{"type":"Feature","properties":{"area_id":"london","name":"Haringey","code":"E09000014"},"geometry":{"type":"Polygon","coordinates":[[[-0.12766,51.60941],[-0.12537,51.61002],[-0.12349,51.60868],[-0.10251,51.60804],[-0.09576,51.6093],[-0.0856,51.60847],[-0.05451,51.60889],[-0.04139,51.60565],[-0.0504,51.59666],[-0.05353,51.59001],[-0.05216,51.58766],[-0.06194,51.58003],[-0.06116,51.57779],[-0.07624,51.57494],[-0.08084,51.57564],[-0.09763,51.57365],[-0.09602,51.57066],[-0.10437,51.56477],[-0.11502,51.57059],[-0.11953,51.57551],[-0.13114,51.57359],[-0.1424,51.56911],[-0.15015,51.57155],[-0.16048,51.57278],[-0.17123,51.57242],[-0.16944,51.57397],[-0.16931,51.57742],[-0.16806,51.57693],[-0.16681,51.57866],[-0.16572,51.58322],[-0.16134,51.58528],[-0.15962,51.58446],[-0.15713,51.58619],[-0.16023,51.58799],[-0.15869,51.592],[-0.16176,51.59748],[-0.15634,51.60537],[-0.15341,51.60285],[-0.15133,51.59747],[-0.14447,51.60012],[-0.14197,51.60371],[-0.14343,51.60883],[-0.1352,51.61122],[-0.12766,51.60941]]]}},{"type":"Feature","properties":{"area_id":"london","name":"Harrow","code":"E09000015"},"geometry":{"type":"Polygon","coordinates":[[[-0.30557,51.63412],[-0.26711,51.60037],[-0.27651,51.59651],[-0.29041,51.59354],[-0.2842,51.5905],[-0.28246,51.58505],[-0.3047,51.58705],[-0.32663,51.5786],[-0.32215,51.56968],[-0.32985,51.56713],[-0.32824,51.56254],[-0.33126,51.56141],[-0.33556,51.55656],[-0.34361,51.55772],[-0.34755,51.55966],[-0.3623,51.55725],[-0.36252,51.55604],[-0.37588,51.55308],[-0.39156,51.58156],[-0.39198,51.58827],[-0.39549,51.59019],[-0.3977,51.59688],[-0.40033,51.59742],[-0.404,51.61318],[-0.37584,51.61819],[-0.36554,51.62133],[-0.35968,51.62526],[-0.34922,51.62691],[-0.33989,51.63072],[-0.33828,51.62947],[-0.33297,51.63384],[-0.31979,51.63822],[-0.31667,51.64054],[-0.30538,51.63711],[-0.30557,51.63412]]]}},{"type":"Feature","properties":{"area_id":"london","name":"Havering","code":"E09000016"},"geometry":{"type":"Polygon","coordinates":[[[0.22409,51.63174],[0.23735,51.62407],[0.25279,51.61743],[0.26456,51.60832],[0.25808,51.60651],[0.25401,51.6016],[0.26987,51.59955],[0.26933,51.5953],[0.2721,51.58766],[0.28667,51.57357],[0.29029,51.5643],[0.31304,51.56582],[0.31529,51.55784],[0.32205,51.5542],[0.32231,51.55278],[0.32516,51.55306],[0.32782,51.55099],[0.3289,51.54584],[0.33145,51.54594],[0.33402,51.5405],[0.30072,51.53876],[0.29721,51.53766],[0.29775,51.53532],[0.26535,51.53215],[0.26664,51.52296],[0.26501,51.5229],[0.26368,51.51787],[0.25383,51.51789],[0.25085,51.52882],[0.24896,51.52867],[0.24888,51.52741],[0.24632,51.52653],[0.24584,51.52352],[0.24286,51.52439],[0.24104,51.52261],[0.24072,51.52121],[0.2443,51.52047],[0.24491,51.51876],[0.23718,51.51933],[0.24114,51.51374],[0.23997,51.51305],[0.24192,51.50796],[0.22602,51.50588],[0.22997,51.49937],[0.22436,51.49733],[0.22165,51.49781],[0.21416,51.49604],[0.21193,51.49104],[0.20964,51.48977],[0.18917,51.48771],[0.18479,51.49071],[0.18256,51.49594],[0.18375,51.49715],[0.17853,51.50527],[0.165,51.51165],[0.15876,51.51227],[0.16445,51.52701],[0.17507,51.53851],[0.17923,51.54029],[0.18038,51.5441],[0.18601,51.54754],[0.19017,51.55272],[0.18476,51.55641],[0.18479,51.55988],[0.18267,51.56124],[0.18518,51.56551],[0.18348,51.56463],[0.1734,51.56509],[0.16189,51.56162],[0.15131,51.56808],[0.1467,51.5688],[0.14974,51.56971],[0.14701,51.57571],[0.14745,51.58081],[0.15097,51.58383],[0.15114,51.59545],[0.14988,51.59701],[0.14765,51.59679],[0.14951,51.6029],[0.14754,51.61222],[0.13818,51.62355],[0.15555,51.62334],[0.1689,51.62142],[0.1804,51.62447],[0.18124,51.62583],[0.18593,51.62437],[0.186,51.62552],[0.1894,51.62449],[0.19478,51.62571],[0.20361,51.62517],[0.22208,51.63013],[0.22409,51.63174]]]}},{"type":"Feature","properties":{"area_id":"london","name":"Hillingdon","code":"E09000017"},"geometry":{"type":"Polygon","coordinates":[[[-0.49713,51.63168],[-0.49153,51.63076],[-0.48818,51.62696],[-0.4767,51.62189],[-0.46915,51.61684],[-0.45713,51.61229],[-0.44888,51.61533],[-0.44555,51.61962],[-0.44058,51.62007],[-0.42648,51.61701],[-0.41662,51.61643],[-0.411,51.61379],[-0.404,51.61318],[-0.40033,51.59742],[-0.3977,51.59688],[-0.39549,51.59019],[-0.39198,51.58827],[-0.39156,51.58156],[-0.37766,51.5547],[-0.38504,51.55126],[-0.39495,51.54873],[-0.39488,51.54765],[-0.39871,51.5479],[-0.39529,51.54255],[-0.40501,51.54249],[-0.4194,51.54039],[-0.41816,51.53915],[-0.41941,51.53829],[-0.41185,51.53407],[-0.39265,51.53145],[-0.38712,51.52957],[-0.38664,51.5304],[-0.37637,51.52888],[-0.37615,51.52495],[-0.38179,51.51862],[-0.38912,51.51467],[-0.39351,51.50701],[-0.40286,51.50358],[-0.40692,51.49967],[-0.40964,51.49994],[-0.41263,51.48853],[-0.41692,51.48246],[-0.41489,51.47691],[-0.41577,51.47394],[-0.41113,51.46989],[-0.4336,51.46172],[-0.43658,51.45785],[-0.435,51.45688],[-0.44142,51.45678],[-0.44395,51.45329],[-0.46111,51.45717],[-0.47362,51.45858],[-0.47715,51.46138],[-0.4862,51.46137],[-0.49387,51.46276],[-0.49694,51.46585],[-0.50102,51.46731],[-0.51024,51.4675],[-0.50594,51.47248],[-0.50349,51.48052],[-0.4987,51.48608],[-0.49917,51.48858],[-0.4887,51.49597],[-0.48976,51.49899],[-0.48626,51.50086],[-0.48327,51.50664],[-0.48554,51.51003],[-0.48979,51.51153],[-0.48956,51.51408],[-0.49233,51.51708],[-0.48897,51.52909],[-0.49048,51.53416],[-0.49549,51.53843],[-0.49181,51.54157],[-0.49139,51.54608],[-0.48931,51.54638],[-0.4866,51.55003],[-0.47778,51.55484],[-0.4766,51.55803],[-0.47752,51.56028],[-0.48104,51.56071],[-0.48258,51.56573],[-0.48476,51.56687],[-0.48401,51.5712],[-0.48553,51.57384],[-0.48403,51.57513],[-0.48894,51.57727],[-0.4896,51.58177],[-0.49483,51.58478],[-0.49954,51.59214],[-0.49857,51.59444],[-0.50083,51.60025],[-0.50017,51.60123],[-0.49739,51.60096],[-0.49626,51.60244],[-0.49921,51.60888],[-0.49532,51.61894],[-0.50015,51.62207],[-0.49764,51.62662],[-0.50015,51.62864],[-0.49713,51.63168]]]}},{"type":"Feature","properties":{"area_id":"london","name":"Hounslow","code":"E09000018"},"geometry":{"type":"MultiPolygon","coordinates":[[[[-0.32639,51.46089],[-0.32639,51.46089],[-0.32643,51.46092],[-0.32639,51.46089]]],[[[-0.32369,51.46512],[-0.32434,51.46457],[-0.32399,51.46498],[-0.32369,51.46512]]],[[[-0.32174,51.46536],[-0.32258,51.46534],[-0.32174,51.46536],[-0.32174,51.46536]]],[[[-0.31978,51.47068],[-0.32091,51.46598],[-0.32122,51.46956],[-0.31978,51.47068]]],[[[-0.29767,51.48522],[-0.29857,51.48411],[-0.29904,51.48467],[-0.29767,51.48522]]],[[[-0.28043,51.4848],[-0.2808,51.48472],[-0.2818,51.48536],[-0.28043,51.4848]]],[[[-0.24478,51.488],[-0.24757,51.48654],[-0.24448,51.48827],[-0.24478,51.488]]],[[[-0.28077,51.50285],[-0.2774,51.49909],[-0.26906,51.49403],[-0.25542,51.49498],[-0.25304,51.50142],[-0.2492,51.49695],[-0.24442,51.49794],[-0.24452,51.4887],[-0.24971,51.48569],[-0.25153,51.47733],[-0.25465,51.47291],[-0.25807,51.47166],[-0.26568,51.47192],[-0.27306,51.47697],[-0.27672,51.48334],[-0.28157,51.48629],[-0.28725,51.48793],[-0.29246,51.48746],[-0.29902,51.48531],[-0.29972,51.48326],[-0.30051,51.48379],[-0.30627,51.48279],[-0.30009,51.4827],[-0.30467,51.47992],[-0.30693,51.47621],[-0.32253,51.47069],[-0.32177,51.46543],[-0.32351,51.46533],[-0.32404,51.46504],[-0.32678,51.46164],[-0.32559,51.45808],[-0.32693,51.45701],[-0.33037,51.45793],[-0.33303,51.45538],[-0.33627,51.45568],[-0.33698,51.45465],[-0.34064,51.45727],[-0.34011,51.45924],[-0.34857,51.45676],[-0.35281,51.45686],[-0.35349,51.45818],[-0.35581,51.45838],[-0.36844,51.45686],[-0.37302,51.45747],[-0.38375,51.44951],[-0.38779,51.44937],[-0.38622,51.44671],[-0.37975,51.44432],[-0.37821,51.44248],[-0.37308,51.44367],[-0.36682,51.44162],[-0.37776,51.43682],[-0.37609,51.43551],[-0.38773,51.42889],[-0.38408,51.42269],[-0.38543,51.42063],[-0.39275,51.42344],[-0.39132,51.42232],[-0.39811,51.42356],[-0.40536,51.42248],[-0.41309,51.42786],[-0.41381,51.43008],[-0.41908,51.43236],[-0.42749,51.43082],[-0.42953,51.4288],[-0.43998,51.43063],[-0.43975,51.43462],[-0.44772,51.435],[-0.44629,51.44],[-0.45648,51.43822],[-0.45539,51.44212],[-0.45744,51.443],[-0.45746,51.44909],[-0.46148,51.44899],[-0.45872,51.45634],[-0.44395,51.45329],[-0.44142,51.45678],[-0.435,51.45688],[-0.43658,51.45785],[-0.4336,51.46172],[-0.41113,51.46989],[-0.41577,51.47394],[-0.41489,51.47691],[-0.41692,51.48246],[-0.41263,51.48853],[-0.40922,51.50033],[-0.38658,51.49469],[-0.37788,51.49661],[-0.37185,51.49048],[-0.36536,51.49331],[-0.36312,51.49588],[-0.35062,51.49911],[-0.34228,51.49599],[-0.32995,51.49502],[-0.32734,51.496],[-0.32613,51.495],[-0.32468,51.49599],[-0.31918,51.49422],[-0.31579,51.49591],[-0.31191,51.49197],[-0.30543,51.49454],[-0.30585,51.49618],[-0.30113,51.49441],[-0.29754,51.49488],[-0.30067,51.49933],[-0.2939,51.50158],[-0.28571,51.50078],[-0.28077,51.50285]]]]}},{"type":"Feature","properties":{"area_id":"london","name":"Islington","code":"E09000019"},"geometry":{"type":"Polygon","coordinates":[[[-0.11755,51.57414],[-0.11502,51.57059],[-0.09859,51.56081],[-0.09172,51.5602],[-0.09036,51.55415],[-0.0854,51.55213],[-0.0794,51.55167],[-0.07633,51.5472],[-0.07669,51.54609],[-0.08379,51.54659],[-0.08656,51.5373],[-0.09703,51.533],[-0.09537,51.52921],[-0.08873,51.52745],[-0.08698,51.52577],[-0.08501,51.52624],[-0.08421,51.52393],[-0.0862,51.51881],[-0.09676,51.52331],[-0.09766,51.52071],[-0.10529,51.51855],[-0.107,51.52218],[-0.11363,51.52457],[-0.11292,51.52641],[-0.11545,51.52776],[-0.11593,51.52983],[-0.12256,51.53075],[-0.1224,51.53705],[-0.12708,51.54753],[-0.13699,51.55526],[-0.14103,51.5605],[-0.1424,51.56911],[-0.13114,51.57359],[-0.11953,51.57551],[-0.11955,51.57438],[-0.11755,51.57414]]]}},{"type":"Feature","properties":{"area_id":"london","name":"Kensington and Chelsea","code":"E09000020"},"geometry":{"type":"Polygon","coordinates":[[[-0.22873,51.52991],[-0.21779,51.5286],[-0.2155,51.52672],[-0.20602,51.52585],[-0.20163,51.52274],[-0.20062,51.52071],[-0.20374,51.52062],[-0.19917,51.51454],[-0.19505,51.51504],[-0.19212,51.50988],[-0.18786,51.51019],[-0.1842,51.50179],[-0.18031,51.50146],[-0.17952,51.49778],[-0.16542,51.49869],[-0.15846,51.50223],[-0.15497,51.49383],[-0.15583,51.48961],[-0.15002,51.48546],[-0.17576,51.48162],[-0.17926,51.47799],[-0.18388,51.47744],[-0.19363,51.48589],[-0.19797,51.48791],[-0.20309,51.49337],[-0.21344,51.50018],[-0.21798,51.50614],[-0.21594,51.5064],[-0.21581,51.50915],[-0.21719,51.5104],[-0.21932,51.50955],[-0.22246,51.51541],[-0.22828,51.5211],[-0.2267,51.52194],[-0.22873,51.52991]]]}},{"type":"Feature","properties":{"area_id":"london","name":"Kingston upon Thames","code":"E09000021"},"geometry":{"type":"Polygon","coordinates":[[[-0.25116,51.42239],[-0.2447,51.40386],[-0.24741,51.39757],[-0.24467,51.39472],[-0.24171,51.3939],[-0.23873,51.38609],[-0.24323,51.3826],[-0.24428,51.38307],[-0.24503,51.38006],[-0.25388,51.37875],[-0.26099,51.3796],[-0.26462,51.37562],[-0.28407,51.36515],[-0.2884,51.36216],[-0.28521,51.36119],[-0.2912,51.35658],[-0.29288,51.35235],[-0.29923,51.34837],[-0.30407,51.34317],[-0.30619,51.33508],[-0.31896,51.32796],[-0.32822,51.32647],[-0.33066,51.32901],[-0.32909,51.33026],[-0.32746,51.34401],[-0.33051,51.34842],[-0.31977,51.35993],[-0.31667,51.37317],[-0.31432,51.37464],[-0.30867,51.37545],[-0.30737,51.37838],[-0.31081,51.38621],[-0.31323,51.38872],[-0.31599,51.38757],[-0.31674,51.38877],[-0.31411,51.39022],[-0.3177,51.39367],[-0.3095,51.40014],[-0.30825,51.41531],[-0.30593,51.42126],[-0.30836,51.42501],[-0.31443,51.42825],[-0.3129,51.43026],[-0.31065,51.43221],[-0.30688,51.43015],[-0.30592,51.43136],[-0.30175,51.43039],[-0.30159,51.43143],[-0.29479,51.42644],[-0.29339,51.4265],[-0.29301,51.42894],[-0.29062,51.42899],[-0.28656,51.42019],[-0.2804,51.42189],[-0.27091,51.42956],[-0.25407,51.43729],[-0.25128,51.43423],[-0.25424,51.4293],[-0.25224,51.4257],[-0.25293,51.42321],[-0.25116,51.42239]]]}},{"type":"Feature","properties":{"area_id":"london","name":"Lambeth","code":"E09000022"},"geometry":{"type":"Polygon","coordinates":[[[-0.111,51.50849],[-0.10734,51.50707],[-0.10739,51.50304],[-0.10592,51.50203],[-0.11147,51.49646],[-0.10485,51.49353],[-0.10327,51.49125],[-0.10846,51.48585],[-0.10403,51.4809],[-0.10821,51.48029],[-0.09997,51.47686],[-0.10065,51.47445],[-0.09598,51.46987],[-0.09302,51.47203],[-0.09006,51.46583],[-0.09224,51.46106],[-0.10108,51.45393],[-0.10076,51.45034],[-0.09507,51.44541],[-0.0882,51.42934],[-0.08591,51.4285],[-0.08346,51.423],[-0.08173,51.42338],[-0.07829,51.4206],[-0.08628,51.41928],[-0.0927,51.42255],[-0.11263,51.42324],[-0.11981,51.4188],[-0.12445,51.41337],[-0.12788,51.412],[-0.1335,51.41294],[-0.13408,51.41099],[-0.1426,51.41335],[-0.14479,51.41239],[-0.14806,51.41287],[-0.13779,51.42111],[-0.13837,51.43048],[-0.13526,51.43032],[-0.13646,51.43388],[-0.13788,51.43378],[-0.13994,51.43695],[-0.13593,51.44201],[-0.14361,51.44184],[-0.14558,51.44602],[-0.14229,51.45098],[-0.1477,51.45234],[-0.15121,51.46586],[-0.15054,51.46763],[-0.13466,51.47334],[-0.12994,51.48117],[-0.12748,51.48201],[-0.12631,51.48447],[-0.12851,51.48504],[-0.1242,51.48785],[-0.12212,51.4919],[-0.11823,51.50583],[-0.111,51.50849]]]}},{"type":"Feature","properties":{"area_id":"london","name":"Lewisham","code":"E09000023"},"geometry":{"type":"Polygon","coordinates":[[[-0.03238,51.49305],[-0.02945,51.48855],[-0.02471,51.48548],[-0.02637,51.48151],[-0.02328,51.48078],[-0.02304,51.47967],[-0.01709,51.48041],[-0.01917,51.47965],[-0.01939,51.47719],[-0.0228,51.47593],[-0.02092,51.47613],[-0.02279,51.47447],[-0.01997,51.473],[-0.01911,51.47001],[-0.01506,51.46804],[-0.01311,51.46894],[-0.01515,51.47175],[-0.01405,51.47267],[-0.0009,51.4718],[0.01796,51.47383],[0.015,51.47308],[0.01654,51.46913],[0.01261,51.46981],[0.01327,51.46684],[0.00909,51.46587],[0.0099,51.45963],[0.01151,51.45669],[0.01755,51.45503],[0.01835,51.45158],[0.01956,51.45171],[0.01989,51.45073],[0.0151,51.45001],[0.02198,51.44894],[0.02151,51.44273],[0.02938,51.44171],[0.02882,51.43877],[0.02478,51.43821],[0.02544,51.43567],[0.02869,51.43641],[0.02859,51.43403],[0.03116,51.43209],[0.03374,51.4317],[0.03771,51.43334],[0.03906,51.42469],[0.03623,51.42239],[0.02546,51.42897],[0.02122,51.42686],[0.01412,51.42617],[0.00998,51.42248],[0.00811,51.42304],[0.00353,51.41743],[0.00174,51.41859],[-0.00328,51.41504],[-0.00497,51.4146],[-0.00655,51.41598],[-0.00659,51.41466],[-0.01424,51.41365],[-0.01427,51.41516],[-0.01797,51.41506],[-0.02217,51.41674],[-0.021,51.42098],[-0.03008,51.42565],[-0.03179,51.42471],[-0.03747,51.42498],[-0.04625,51.42237],[-0.05175,51.42252],[-0.0518,51.42357],[-0.05675,51.42296],[-0.0624,51.42515],[-0.07391,51.42621],[-0.07508,51.42898],[-0.07287,51.4321],[-0.06681,51.43388],[-0.0634,51.43757],[-0.06503,51.44116],[-0.0618,51.44779],[-0.05758,51.45033],[-0.05386,51.44869],[-0.04608,51.44987],[-0.04165,51.455],[-0.04613,51.45695],[-0.04597,51.46397],[-0.05081,51.46665],[-0.05227,51.46923],[-0.05397,51.48794],[-0.05049,51.48792],[-0.05194,51.48911],[-0.04654,51.49067],[-0.04226,51.49009],[-0.04028,51.49105],[-0.04049,51.4928],[-0.03238,51.49305]]]}},{"type":"Feature","properties":{"area_id":"london","name":"Merton","code":"E09000024"},"geometry":{"type":"Polygon","coordinates":[[[-0.18936,51.4376],[-0.19117,51.43345],[-0.18977,51.43135],[-0.18573,51.43317],[-0.18405,51.42635],[-0.18194,51.42473],[-0.16502,51.42011],[-0.16165,51.41986],[-0.15986,51.4226],[-0.14445,51.41775],[-0.14036,51.41926],[-0.14806,51.41287],[-0.14479,51.41239],[-0.1426,51.41335],[-0.13408,51.41099],[-0.1335,51.41294],[-0.12772,51.41232],[-0.12946,51.40957],[-0.13208,51.4092],[-0.1323,51.40681],[-0.12414,51.39761],[-0.12873,51.3935],[-0.13432,51.39085],[-0.14185,51.3893],[-0.14428,51.39067],[-0.1653,51.388],[-0.17131,51.39252],[-0.17481,51.39341],[-0.1884,51.38543],[-0.19384,51.38791],[-0.20028,51.38494],[-0.20341,51.38725],[-0.20507,51.38614],[-0.20978,51.3883],[-0.21808,51.38018],[-0.23371,51.38761],[-0.23464,51.39056],[-0.23969,51.38927],[-0.24171,51.3939],[-0.24467,51.39472],[-0.24741,51.39757],[-0.2447,51.40386],[-0.24534,51.40707],[-0.24748,51.40848],[-0.25424,51.4293],[-0.25109,51.43256],[-0.23124,51.43816],[-0.22431,51.43887],[-0.21253,51.43783],[-0.19003,51.44146],[-0.18936,51.4376]]]}},{"type":"Feature","properties":{"area_id":"london","name":"Newham","code":"E09000025"},"geometry":{"type":"Polygon","coordinates":[[[0.05034,51.56402],[0.06015,51.55641],[0.06364,51.55728],[0.06778,51.55327],[0.06871,51.54746],[0.06668,51.54065],[0.07275,51.52927],[0.07799,51.52912],[0.0852,51.52558],[0.09209,51.52562],[0.09225,51.52414],[0.0907,51.52394],[0.09446,51.5203],[0.09477,51.51649],[0.0969,51.51531],[0.09026,51.5148],[0.08332,51.51152],[0.07666,51.50492],[0.07823,51.50438],[0.07815,51.50398],[0.07396,51.50212],[0.07367,51.50036],[0.06969,51.49919],[0.06012,51.49836],[0.04347,51.49991],[0.02236,51.4989],[0.01713,51.501],[0.00969,51.50684],[0.01047,51.50858],[0.00657,51.51003],[0.00818,51.51254],[0.00721,51.51437],[0.00514,51.51418],[0.00257,51.51097],[0.00439,51.5147],[0.00315,51.51583],[-0.00254,51.51848],[-0.00512,51.51692],[-0.00855,51.52005],[-0.00651,51.52568],[-0.00209,51.52703],[0.00066,51.52831],[0.00182,51.53032],[0.00111,51.53109],[-0.0023,51.52716],[-0.0038,51.52696],[-0.00389,51.52826],[-0.00493,51.52645],[-0.00798,51.52723],[-0.00694,51.52606],[-0.00786,51.52303],[-0.00864,51.52756],[-0.01715,51.53132],[-0.02127,51.53701],[-0.01609,51.54248],[-0.01898,51.5516],[-0.01084,51.55262],[-0.00869,51.54992],[0.00332,51.5521],[0.00575,51.55186],[0.00577,51.55066],[0.00957,51.55125],[0.01114,51.55439],[0.01464,51.55496],[0.01699,51.55315],[0.02152,51.55489],[0.02047,51.55613],[0.02339,51.55679],[0.02552,51.55404],[0.03543,51.55526],[0.04627,51.55483],[0.04203,51.56149],[0.05034,51.56402]]]}},{"type":"Feature","properties":{"area_id":"london","name":"Redbridge","code":"E09000026"},"geometry":{"type":"Polygon","coordinates":[[[0.0327,51.62234],[0.04079,51.61573],[0.05367,51.61828],[0.05417,51.61668],[0.05015,51.61642],[0.04796,51.6133],[0.06262,51.60704],[0.07281,51.60468],[0.07937,51.60704],[0.08444,51.60634],[0.08714,51.60442],[0.09254,51.60619],[0.09194,51.60823],[0.09465,51.61079],[0.09228,51.61357],[0.09807,51.61542],[0.10019,51.61273],[0.10341,51.61345],[0.10384,51.61255],[0.11671,51.61692],[0.11931,51.61537],[0.12919,51.6214],[0.13818,51.62355],[0.14754,51.61222],[0.14951,51.6029],[0.14821,51.59897],[0.1466,51.59944],[0.12957,51.59005],[0.13102,51.58752],[0.12639,51.58673],[0.12776,51.58164],[0.13256,51.58131],[0.13357,51.57995],[0.13082,51.57937],[0.13164,51.57709],[0.12919,51.57631],[0.13158,51.57182],[0.12991,51.57154],[0.12932,51.56653],[0.11905,51.56305],[0.11749,51.55918],[0.12049,51.55857],[0.11708,51.55691],[0.11327,51.55727],[0.11474,51.55532],[0.11195,51.55267],[0.10842,51.5527],[0.10432,51.54984],[0.09352,51.54586],[0.09261,51.54965],[0.09154,51.5483],[0.08589,51.54734],[0.07796,51.54405],[0.07181,51.54356],[0.06971,51.54407],[0.06946,51.55038],[0.06798,51.5543],[0.06601,51.55679],[0.06326,51.55825],[0.06095,51.55848],[0.0574,51.56085],[0.06073,51.55842],[0.06587,51.55672],[0.06758,51.55466],[0.06934,51.54415],[0.06661,51.55472],[0.06364,51.55728],[0.06015,51.55641],[0.0572,51.558],[0.05034,51.56402],[0.04203,51.56149],[0.04627,51.55483],[0.03543,51.55526],[0.02552,51.55404],[0.02339,51.55679],[0.02047,51.55613],[0.01482,51.55943],[0.01446,51.56562],[0.01886,51.56633],[0.01768,51.57001],[0.01913,51.56985],[0.01892,51.57232],[0.01649,51.57289],[0.01751,51.57739],[0.01554,51.58335],[0.01341,51.58378],[0.0121,51.59269],[0.01297,51.59912],[0.02142,51.61109],[0.01627,51.61686],[0.00869,51.61907],[0.01454,51.61889],[0.01427,51.62028],[0.01885,51.62326],[0.021,51.62892],[0.0327,51.62234]]]}},{"type":"Feature","properties":{"area_id":"london","name":"Richmond upon Thames","code":"E09000027"},"geometry":{"type":"MultiPolygon","coordinates":[[[[-0.33119,51.43957],[-0.33067,51.43889],[-0.33148,51.43935],[-0.33119,51.43957]]],[[[-0.32176,51.44583],[-0.32549,51.44504],[-0.32807,51.44397],[-0.32579,51.44572],[-0.32176,51.44583]]],[[[-0.30874,51.45816],[-0.30845,51.45779],[-0.30992,51.45852],[-0.30874,51.45816]]],[[[-0.32688,51.46125],[-0.32689,51.46125],[-0.32686,51.46129],[-0.32688,51.46125]]],[[[-0.32521,51.46384],[-0.32572,51.46312],[-0.32534,51.46372],[-0.32521,51.46384]]],[[[-0.29479,51.48598],[-0.29742,51.48457],[-0.29641,51.48561],[-0.29479,51.48598]]],[[[-0.29395,51.4862],[-0.29453,51.48609],[-0.28989,51.48717],[-0.29395,51.4862]]],[[[-0.22802,51.48512],[-0.22362,51.47074],[-0.23273,51.47251],[-0.23329,51.46397],[-0.25295,51.46522],[-0.25595,51.46307],[-0.25911,51.45495],[-0.24729,51.4492],[-0.2416,51.44312],[-0.27091,51.42956],[-0.2804,51.42189],[-0.28656,51.42019],[-0.29062,51.42899],[-0.29301,51.42894],[-0.29339,51.4265],[-0.29479,51.42644],[-0.30159,51.43143],[-0.30175,51.43039],[-0.30592,51.43136],[-0.30688,51.43015],[-0.31065,51.43221],[-0.31443,51.42825],[-0.30836,51.42501],[-0.30593,51.42126],[-0.30825,51.41531],[-0.30873,51.40226],[-0.31293,51.39706],[-0.31983,51.39259],[-0.32759,51.39174],[-0.34053,51.40309],[-0.35914,51.4119],[-0.36474,51.41159],[-0.37943,51.40783],[-0.38335,51.40854],[-0.38378,51.41012],[-0.38965,51.41069],[-0.39029,51.41434],[-0.38612,51.41428],[-0.38664,51.42008],[-0.39291,51.42328],[-0.38543,51.42063],[-0.38408,51.42269],[-0.38773,51.42889],[-0.37609,51.43551],[-0.37776,51.43682],[-0.36682,51.44162],[-0.37308,51.44367],[-0.37821,51.44248],[-0.37975,51.44432],[-0.38622,51.44671],[-0.38779,51.44937],[-0.38375,51.44951],[-0.37302,51.45747],[-0.36844,51.45686],[-0.35581,51.45838],[-0.35349,51.45818],[-0.35281,51.45686],[-0.34857,51.45676],[-0.34011,51.45924],[-0.34064,51.45727],[-0.33698,51.45465],[-0.33627,51.45568],[-0.33303,51.45538],[-0.33037,51.45793],[-0.32693,51.45701],[-0.32559,51.45808],[-0.32638,51.46206],[-0.32369,51.46512],[-0.32174,51.46536],[-0.314,51.45971],[-0.30595,51.45616],[-0.30389,51.45329],[-0.30885,51.44868],[-0.3158,51.44666],[-0.32515,51.44653],[-0.33163,51.44126],[-0.33184,51.43917],[-0.32722,51.43243],[-0.32233,51.42989],[-0.31849,51.42909],[-0.32695,51.43339],[-0.33008,51.44159],[-0.32171,51.44537],[-0.30576,51.4486],[-0.30261,51.45223],[-0.30799,51.45881],[-0.31388,51.46073],[-0.31977,51.46467],[-0.31858,51.47021],[-0.3068,51.47493],[-0.29526,51.48483],[-0.29,51.48634],[-0.28443,51.4859],[-0.27794,51.48206],[-0.27049,51.4727],[-0.26403,51.47022],[-0.25855,51.47043],[-0.25148,51.47363],[-0.2484,51.48383],[-0.24108,51.48828],[-0.23564,51.489],[-0.23131,51.48788],[-0.22802,51.48512]]]]}},{"type":"Feature","properties":{"area_id":"london","name":"Southwark","code":"E09000028"},"geometry":{"type":"Polygon","coordinates":[[[-0.10886,51.50843],[-0.09611,51.50838],[-0.08114,51.50594],[-0.07087,51.50257],[-0.07349,51.50049],[-0.07078,51.50221],[-0.06379,51.50063],[-0.05725,51.50085],[-0.0413,51.50749],[-0.03419,51.5063],[-0.03232,51.50435],[-0.03255,51.49601],[-0.03396,51.49568],[-0.03253,51.49567],[-0.03239,51.49309],[-0.04049,51.4928],[-0.04028,51.49105],[-0.04226,51.49009],[-0.04654,51.49067],[-0.05194,51.48911],[-0.05049,51.48792],[-0.05397,51.48794],[-0.05227,51.46923],[-0.05081,51.46665],[-0.04597,51.46397],[-0.04613,51.45695],[-0.04165,51.455],[-0.04608,51.44987],[-0.05386,51.44869],[-0.05758,51.45033],[-0.0618,51.44779],[-0.06503,51.44116],[-0.0634,51.43757],[-0.06681,51.43388],[-0.07223,51.4325],[-0.07486,51.42984],[-0.07391,51.42621],[-0.07829,51.4206],[-0.08173,51.42338],[-0.08346,51.423],[-0.08591,51.4285],[-0.0882,51.42934],[-0.09507,51.44541],[-0.10145,51.45222],[-0.10108,51.45393],[-0.09224,51.46106],[-0.09006,51.46583],[-0.09302,51.47203],[-0.09598,51.46987],[-0.10065,51.47445],[-0.09997,51.47686],[-0.10821,51.48029],[-0.10403,51.4809],[-0.10846,51.48585],[-0.10327,51.49125],[-0.10485,51.49353],[-0.11147,51.49646],[-0.10592,51.50203],[-0.10886,51.50843]]]}},{"type":"Feature","properties":{"area_id":"london","name":"Sutton","code":"E09000029"},"geometry":{"type":"Polygon","coordinates":[[[-0.16633,51.38961],[-0.1653,51.388],[-0.16096,51.38782],[-0.15803,51.38925],[-0.14428,51.39067],[-0.14185,51.3893],[-0.13484,51.39096],[-0.13261,51.39012],[-0.12957,51.38723],[-0.13063,51.38627],[-0.12876,51.38564],[-0.12865,51.38249],[-0.13026,51.38221],[-0.12584,51.3756],[-0.12784,51.37474],[-0.12476,51.37369],[-0.12333,51.3712],[-0.12208,51.36575],[-0.12412,51.36535],[-0.1213,51.36473],[-0.1209,51.36331],[-0.12288,51.35992],[-0.12189,51.35907],[-0.12455,51.35836],[-0.12419,51.35741],[-0.12137,51.35774],[-0.11684,51.34576],[-0.12685,51.34486],[-0.12835,51.34745],[-0.13286,51.34543],[-0.13248,51.34427],[-0.13687,51.34472],[-0.14458,51.34209],[-0.14346,51.34054],[-0.14748,51.3388],[-0.14407,51.33069],[-0.14919,51.32885],[-0.14423,51.32593],[-0.14558,51.32349],[-0.15068,51.32217],[-0.15272,51.323],[-0.15652,51.32149],[-0.15863,51.32398],[-0.1606,51.32324],[-0.16419,51.32604],[-0.16308,51.33026],[-0.17285,51.33001],[-0.17414,51.33321],[-0.18746,51.34081],[-0.19732,51.3436],[-0.2012,51.33988],[-0.21305,51.33555],[-0.21197,51.33333],[-0.21423,51.33025],[-0.22084,51.3298],[-0.22982,51.33652],[-0.21726,51.34339],[-0.22042,51.35142],[-0.22209,51.35132],[-0.22406,51.35927],[-0.22694,51.36263],[-0.23319,51.36601],[-0.24538,51.36689],[-0.24494,51.38065],[-0.24428,51.38307],[-0.24323,51.3826],[-0.23873,51.38609],[-0.23969,51.38927],[-0.23464,51.39056],[-0.23371,51.38761],[-0.21808,51.38018],[-0.20978,51.3883],[-0.20507,51.38614],[-0.20341,51.38725],[-0.20028,51.38494],[-0.19384,51.38791],[-0.1884,51.38543],[-0.17481,51.39341],[-0.16633,51.38961]]]}},{"type":"Feature","properties":{"area_id":"london","name":"Tower Hamlets","code":"E09000030"},"geometry":{"type":"Polygon","coordinates":[[[-0.03319,51.54469],[-0.02899,51.54227],[-0.02558,51.54334],[-0.01655,51.54333],[-0.0166,51.54139],[-0.02127,51.53701],[-0.01715,51.53132],[-0.01069,51.52928],[-0.00756,51.52628],[-0.00917,51.5199],[-0.00597,51.51642],[-0.00259,51.51779],[0.00267,51.51552],[0.00281,51.51039],[0.00669,51.51392],[0.00558,51.51003],[0.00896,51.50884],[0.00879,51.50737],[0.00368,51.50838],[-0.00173,51.50748],[-0.00577,51.50514],[-0.00866,51.50135],[-0.00306,51.49088],[-0.00462,51.48814],[-0.0115,51.48614],[-0.02098,51.48733],[-0.0257,51.4907],[-0.02733,51.49351],[-0.02623,51.49401],[-0.02787,51.49468],[-0.02675,51.50334],[-0.03152,51.50784],[-0.02986,51.50891],[-0.0326,51.50824],[-0.03692,51.50998],[-0.04606,51.50936],[-0.05963,51.50283],[-0.06535,51.50349],[-0.07947,51.50783],[-0.07786,51.51009],[-0.07281,51.51024],[-0.074,51.51448],[-0.07941,51.51889],[-0.07825,51.5219],[-0.07612,51.52237],[-0.07727,51.52731],[-0.07458,51.52985],[-0.06625,51.53122],[-0.06516,51.53316],[-0.06219,51.53326],[-0.06243,51.53553],[-0.05876,51.5341],[-0.05286,51.53494],[-0.05091,51.53646],[-0.04496,51.53578],[-0.03319,51.54469]]]}},{"type":"Feature","properties":{"area_id":"london","name":"Waltham Forest","code":"E09000031"},"geometry":{"type":"Polygon","coordinates":[[[-0.00819,51.64361],[-0.00398,51.64272],[-0.00049,51.64371],[0.00107,51.64176],[0.01742,51.64026],[0.02272,51.64112],[0.02308,51.63772],[0.02516,51.63729],[0.02574,51.63457],[0.01454,51.61889],[0.00869,51.61907],[0.01627,51.61686],[0.02125,51.61231],[0.01958,51.60761],[0.01297,51.59912],[0.0121,51.59269],[0.01341,51.58378],[0.01554,51.58335],[0.01751,51.57739],[0.01649,51.57289],[0.01892,51.57232],[0.01913,51.56985],[0.01768,51.57001],[0.01886,51.56633],[0.01446,51.56562],[0.01482,51.55943],[0.02152,51.55489],[0.01699,51.55315],[0.01464,51.55496],[0.01114,51.55439],[0.00957,51.55125],[0.00577,51.55066],[0.00575,51.55186],[0.00332,51.5521],[-0.00869,51.54992],[-0.01084,51.55262],[-0.01692,51.5514],[-0.01846,51.55518],[-0.02394,51.55737],[-0.02839,51.56102],[-0.04236,51.56137],[-0.04725,51.56271],[-0.04666,51.56438],[-0.05843,51.57256],[-0.06218,51.57919],[-0.05216,51.58766],[-0.05353,51.59001],[-0.0504,51.59666],[-0.04139,51.60565],[-0.03395,51.6095],[-0.03532,51.61298],[-0.02594,51.62174],[-0.01681,51.63353],[-0.01331,51.63969],[-0.01226,51.64623],[-0.00734,51.64616],[-0.00819,51.64361]]]}},{"type":"Feature","properties":{"area_id":"london","name":"Wandsworth","code":"E09000032"},"geometry":{"type":"Polygon","coordinates":[[[-0.12631,51.48447],[-0.13466,51.47334],[-0.15054,51.46763],[-0.15121,51.46586],[-0.1477,51.45234],[-0.14229,51.45098],[-0.14558,51.44602],[-0.14361,51.44184],[-0.13593,51.44201],[-0.13994,51.43695],[-0.13788,51.43378],[-0.13646,51.43388],[-0.13526,51.43032],[-0.13837,51.43048],[-0.13779,51.42111],[-0.14036,51.41926],[-0.14445,51.41775],[-0.15986,51.4226],[-0.16165,51.41986],[-0.16502,51.42011],[-0.18194,51.42473],[-0.18405,51.42635],[-0.18573,51.43317],[-0.18977,51.43135],[-0.19117,51.43345],[-0.18922,51.43854],[-0.19064,51.43892],[-0.19003,51.44146],[-0.21253,51.43783],[-0.22431,51.43887],[-0.23124,51.43816],[-0.25109,51.43256],[-0.25407,51.43729],[-0.2416,51.44312],[-0.24729,51.4492],[-0.25911,51.45495],[-0.2568,51.45982],[-0.25796,51.46038],[-0.25295,51.46522],[-0.23329,51.46397],[-0.23296,51.47168],[-0.23119,51.47282],[-0.22362,51.47074],[-0.22289,51.47172],[-0.21276,51.46555],[-0.20727,51.4639],[-0.1955,51.46289],[-0.19514,51.46002],[-0.1933,51.4598],[-0.19475,51.46018],[-0.19479,51.46291],[-0.1836,51.46546],[-0.1779,51.47063],[-0.17526,51.47775],[-0.17163,51.48026],[-0.14893,51.48361],[-0.13691,51.48244],[-0.12851,51.48504],[-0.12631,51.48447]]]}},{"type":"Feature","properties":{"area_id":"london","name":"Westminster","code":"E09000033"},"geometry":{"type":"Polygon","coordinates":[[[-0.17413,51.53826],[-0.16945,51.53859],[-0.1649,51.53578],[-0.1604,51.5373],[-0.15935,51.53634],[-0.1527,51.53751],[-0.14712,51.52503],[-0.14576,51.52527],[-0.14521,51.52399],[-0.14338,51.52455],[-0.13696,51.51889],[-0.13252,51.51667],[-0.13078,51.51708],[-0.12765,51.51268],[-0.12285,51.51514],[-0.11945,51.5145],[-0.11469,51.51603],[-0.11383,51.51482],[-0.11157,51.51534],[-0.1115,51.51083],[-0.11954,51.50906],[-0.12239,51.50606],[-0.1254,51.49164],[-0.1325,51.48573],[-0.1381,51.48481],[-0.14907,51.48621],[-0.15002,51.48546],[-0.15583,51.48961],[-0.15497,51.49383],[-0.15846,51.50223],[-0.16542,51.49869],[-0.17952,51.49778],[-0.18031,51.50146],[-0.1842,51.50179],[-0.18786,51.51019],[-0.19212,51.50988],[-0.19505,51.51504],[-0.19917,51.51454],[-0.20374,51.52062],[-0.20062,51.52071],[-0.20163,51.52274],[-0.2073,51.52623],[-0.2155,51.52672],[-0.21527,51.53136],[-0.20301,51.5329],[-0.19817,51.53042],[-0.19648,51.52764],[-0.19147,51.53629],[-0.18872,51.53453],[-0.18416,51.53823],[-0.18011,51.53956],[-0.17391,51.53947],[-0.17413,51.53826]]]}}]}
