id,title,organisation,area_ids,kind,status,themes,description,resilience_relevance,employee_fit,duration,team_size,cost,accessibility,requirements,location_lat,location_lon,location_label,location_basis,location_source_url,coverage_note,source_url,apply_url,checked_at,review_due,starts_on,ends_on,application_deadline,source_published,availability_note,evidence,record_extra_json,location_extra_json
london-thames21-corporate-river-days,River and flood-mitigation team days,Thames21,london,programme,enquiry,preparedness|environment,Arrange a corporate river volunteering day. Seasonal tasks can include wetland planting and reconnecting rivers with floodplains.,Supports practical flood-risk reduction where the agreed activity has that purpose.,team_day,One day; agree the activity with the host.,Tailored to the group; enquire with preferred size.,"Host example: approximately £2,500 plus VAT for 20 people. Request a current quotation; cancellation terms apply.",Host offers activities for different abilities; confirm the chosen site's requirements.,"Enquire at least eight weeks ahead for fewer than 70 people, or twelve weeks for 70 or more.",51.489335,'-0.08811,London area marker · activity location to be agreed,area_anchor,https://hughlamarque-dev.github.io/england-country-atlas/data/volunteering-areas.geojson,London river sites; location agreed when arranging the day.,https://www.thames21.org.uk/get-involved-2/corporateteamdays/,https://www.thames21.org.uk/get-involved-2/corporateteamdays/,2026-09-18,2026-10-18,,,,,"Enquiry programme; dates, site, activity and capacity require agreement with Thames21.","[{""url"":""https://www.thames21.org.uk/get-involved-2/corporateteamdays/"",""claim"":""Host describes seasonal corporate activities, booking lead times and an indicative price.""}]","{""location_postcode"": null, ""location_address"": null, ""location_basis"": null, ""coverage_names"": [""London""], ""coverage_level"": ""regional"", ""coverage_codes"": [], ""partner_directory"": false}","{""precision"": ""pilot_area""}"
london-thames21-oxleas-20260929,Oxleas Woods: Slowing the Flow — 29 September,Thames21,london,opportunity,advertised,preparedness|environment,A community volunteering session improving wet woodland and slowing floodwater through work on tributaries and woodland habitat.,The host explicitly connects this work to protecting downstream communities from flooding.,individual,"29 September 2026, 11:00–15:00.",,Free.,Ask the organiser about access needs before booking.,Book before attending. Under-18s need a parent or guardian. Corporate groups must use the separate corporate programme.,51.4676617,0.0680179,"Oxleas Wood Café, Crown Woods Lane, SE18 3JA; meeting point may change",venue,https://www.thames21.org.uk/event/oxleas-woods-slowing-the-flow/,"Oxleas Woods, London; normally meet at the café car park. The organiser may update the meeting point before the event.",https://www.thames21.org.uk/event/oxleas-woods-slowing-the-flow/,https://book.plinth.org.uk/e/9TPs7t51MkYdlQFqEbKm,2026-09-18,2026-10-18,2026-09-29,2026-09-29,,2026-08-04,"Published event with a booking route; remaining places were not verified. Designed for the public, not corporate groups.","[{""url"":""https://www.thames21.org.uk/event/oxleas-woods-slowing-the-flow/"",""claim"":""Official event page supplies the date, venue coordinates in structured data, flood-management purpose and corporate-group restriction.""},{""url"":""https://book.plinth.org.uk/e/9TPs7t51MkYdlQFqEbKm"",""claim"":""Linked host booking page confirms registration is required.""}]","{""location_postcode"": ""SE18 3JA"", ""location_address"": ""Oxleas Wood Café, Crown Woods Lane, London"", ""location_basis"": ""venue"", ""coverage_names"": [""Oxleas Woods""], ""coverage_level"": ""local"", ""coverage_codes"": [""E09000011""], ""partner_directory"": false}","{""precision"": ""host_map_pin""}"
london-city-harvest-corporate,Food redistribution team day,City Harvest London,london,programme,enquiry,community_support,Teams help sort donated food and prepare deliveries for charities supporting people facing food poverty.,Supports the local food-assistance network; this is everyday community support rather than a disaster deployment.,team_day,Full day.,10–12 people.,A corporate group donation is requested; amount is not stated on the page.,,,51.489335,'-0.08811,London area marker · activity location to be agreed,area_anchor,https://hughlamarque-dev.github.io/england-country-atlas/data/volunteering-areas.geojson,"Corporate page lists Acton, Battersea and Leyton sites; the host must confirm the team's venue.",https://cityharvest.org.uk/corporate-volunteering/,https://cityharvest.org.uk/corporate-volunteering/,2026-09-18,2026-10-18,,,,,Contact-form enquiry; the host discusses dates. No individual date or capacity is confirmed here.,"[{""url"":""https://cityharvest.org.uk/corporate-volunteering/"",""claim"":""Host offers full-day warehouse support for groups of 10–12 and requests a donation.""}]","{""location_postcode"": null, ""location_address"": null, ""location_basis"": null, ""coverage_names"": [""Acton"", ""Battersea"", ""Leyton""], ""coverage_level"": ""local"", ""coverage_codes"": [""E09000009"", ""E09000031"", ""E09000032""], ""partner_directory"": false}","{""precision"": ""pilot_area""}"
london-city-harvest-individual,Flexible food redistribution shifts — Acton,City Harvest London,london,programme,enquiry,community_support,Register to help with food redistribution at City Harvest’s Acton warehouse. The host offers regular or ad hoc shifts.,Helps local charities maintain food provision for people experiencing hardship.,individual,Flexible shifts; check the registration system for times.,,,"Warehouse work includes standing, walking and lifting; discuss alternatives with the host if needed.",Warehouse volunteers receive manual-handling training and an induction. Age requirements apply.,51.505229,'-0.257634,"Unit 8, Acton Park Industrial Estate, London · approximate postcode position",venue,https://cityharvest.org.uk/community-volunteering/,"Acton warehouse, Unit 8, Acton Park Industrial Estate, London W3 7QE; confirm the selected shift with the host.",https://cityharvest.org.uk/community-volunteering/,https://cityharvest.org.uk/community-volunteering/,2026-09-18,2026-10-18,,,,,Registration route is published; specific available shifts were not inspected or reserved.,"[{""url"":""https://cityharvest.org.uk/community-volunteering/"",""claim"":""Host describes flexible individual shifts and links to its booking system.""},{""url"":""https://cityharvest.org.uk/volunteer/"",""claim"":""FAQs describe physical warehouse tasks, induction and manual-handling preparation.""}]","{""location_postcode"": ""W3 7QE"", ""location_address"": ""Unit 8, Acton Park Industrial Estate, London"", ""location_basis"": ""venue"", ""coverage_names"": [""Acton""], ""coverage_level"": ""local"", ""coverage_codes"": [""E09000009""], ""partner_directory"": false}","{""precision"": ""postcode"", ""geocode_source_url"": ""https://api.postcodes.io/postcodes/W3%207QE"", ""geocode_checked_at"": ""2026-09-18""}"
london-sar-support-skills,Professional skills for search-and-rescue support,London Search and Rescue,london,programme,enquiry,preparedness|skills,"Support the charity through communications, fundraising, training administration, technology, finance or other professional skills.",Strengthens the organisation behind London missing-person search operations.,individual|skills|ongoing,The host describes a few hours a week from home or a particular project; agree the commitment.,,,,Apply through the charity's volunteer recruitment route; role and commitment need agreement.,51.521673,'-0.143705,"167–169 Great Portland Street, London · approximate postcode position",office,https://www.londonsar.com/volunteer-support-services,Supports London operations. Some support tasks can be done from home; an office pin would not identify the work location.,https://www.londonsar.com/volunteer-support-services,https://www.londonsar.com/application-form,2026-09-18,2026-10-18,,,,,Ongoing recruitment route; no one-day placement or specific vacancy is guaranteed.,"[{""url"":""https://www.londonsar.com/volunteer-support-services"",""claim"":""Host lists support disciplines and describes home-based weekly or project contributions.""},{""url"":""https://www.londonsar.com/volunteer"",""claim"":""The charity states that it supports searches across London.""}]","{""location_postcode"": ""W1W 5PF"", ""location_address"": ""167–169 Great Portland Street, London"", ""location_basis"": ""office"", ""coverage_names"": [""London""], ""coverage_level"": ""regional"", ""coverage_codes"": [], ""partner_directory"": false}","{""precision"": ""postcode"", ""geocode_source_url"": ""https://api.postcodes.io/postcodes/W1W%205PF"", ""geocode_checked_at"": ""2026-09-18""}"
london-sar-search-technician,Search technician training and ongoing response,London Search and Rescue,london,programme,ongoing,preparedness|response,Apply to train as a search technician supporting emergency services in searches for missing people.,Builds trained local search-and-rescue capacity.,individual|ongoing,"The host describes ten training days, followed by an ongoing operational commitment.",,,,"Selection, training, assessment and probation are part of the pathway. This is not a single-day employee activity.",51.521673,'-0.143705,"167–169 Great Portland Street, London · approximate postcode position",office,https://www.londonsar.com/volunteer-opportunities,Search operations across London; training and operational locations vary.,https://www.londonsar.com/volunteer-opportunities,https://www.londonsar.com/application-form,2026-09-18,2026-10-18,,,,,Recruitment pathway is published; the next intake and acceptance are not confirmed.,"[{""url"":""https://www.londonsar.com/volunteer-opportunities"",""claim"":""Host describes its training, selection, assessment and ongoing response pathway.""}]","{""location_postcode"": ""W1W 5PF"", ""location_address"": ""167–169 Great Portland Street, London"", ""location_basis"": ""office"", ""coverage_names"": [""London""], ""coverage_level"": ""regional"", ""coverage_codes"": [], ""partner_directory"": false}","{""precision"": ""postcode"", ""geocode_source_url"": ""https://api.postcodes.io/postcodes/W1W%205PF"", ""geocode_checked_at"": ""2026-09-18""}"
london-handson-wrapup-2026,WrapUp London 2026: workplace coat-sorting sessions,HandsOn London,london,programme,enquiry,community_support,Enquire about workplace-team sessions sorting winter coats for distribution through local charities.,Helps community organisations support people facing cold-weather hardship.,team_day,Workplace sessions are advertised Tuesday–Friday between 17 November and 17 December 2026; confirm session hours.,,,,Arrange the session with the organiser before attending.,51.489335,'-0.08811,London area marker · activity location to be agreed,area_anchor,https://hughlamarque-dev.github.io/england-country-atlas/data/volunteering-areas.geojson,London campaign; the 2026 sorting-hub location is due to be published in October.,https://www.handsonlondon.org.uk/wrap-uplondon,https://www.handsonlondon.org.uk/wrap-uplondon,2026-09-18,2026-10-18,2026-11-17,2026-12-17,,,Host invites enquiries for 2026; dates and team capacity must be agreed. Older-looking drop-off entries on the same page were not used as volunteer venues.,"[{""url"":""https://www.handsonlondon.org.uk/wrap-uplondon"",""claim"":""The 2026 page's volunteering FAQ gives a workplace sorting window and organiser contact, while saying the hub location will follow in October.""}]","{""location_postcode"": null, ""location_address"": null, ""location_basis"": null, ""coverage_names"": [""London""], ""coverage_level"": ""regional"", ""coverage_codes"": [], ""partner_directory"": false}","{""precision"": ""pilot_area""}"
london-felix-green-scheme,Short food-rescue delivery shifts,Felix,london,programme,enquiry,community_support|environment,"Green Scheme volunteers collect surplus food from suppliers and deliver it to local community groups on foot, by bicycle or using small electric vans.",Supports neighbourhood food assistance and local redistribution connections.,individual,"Routes take approximately 1–3 hours, Monday–Friday.",,,,Attend an information session and complete portal training before booking a shift.,51.489335,'-0.08811,London area marker · activity location to be agreed,area_anchor,https://hughlamarque-dev.github.io/england-country-atlas/data/volunteering-areas.geojson,"Central London routes include Old Street, Bishopsgate, Marylebone, Canary Wharf, Victoria and Barbican; choose a specific route with the host.",https://felix.org/get-involved/volunteering/green-scheme,https://felix.org/get-involved/volunteering/green-scheme,2026-09-18,2026-10-18,,,,,The route and onboarding process are published; actual shift vacancies require registration and host confirmation.,"[{""url"":""https://felix.org/get-involved/volunteering/green-scheme"",""claim"":""Host states the route locations, typical duration, weekdays and induction process.""}]","{""location_postcode"": null, ""location_address"": null, ""location_basis"": null, ""coverage_names"": [], ""coverage_level"": ""unspecified"", ""coverage_codes"": [], ""partner_directory"": false}","{""precision"": ""pilot_area""}"
london-felix-team-shifts,Food sorting and preparation team shifts — Poplar,Felix,london,programme,enquiry,community_support,Arrange a group food-production or warehouse shift at Felix’s Poplar operation.,Supports food supply to community organisations serving people in need.,team_day,"Monday–Friday: 08:30–13:00, 12:30–17:00 or 17:00–20:00; attend the full shift.",Up to 15 people.,Non-partners are asked for a voluntary £50 per person donation. Late cancellation and no-show terms apply; check before booking.,,"Group-lead approval, advance virtual training and the start-of-shift safety briefing are required.",51.516006,'-0.024147,"Felix Poplar operation, London · approximate postcode position",venue,https://felix.org/get-involved/volunteering/groups,"Poplar operation, London E14 7BN; confirm arrival details with the host.",https://felix.org/get-involved/volunteering/groups,https://felix.org/get-involved/volunteering/groups,2026-09-18,2026-10-18,,,,,Enquiry and approval route. Corporate partners receive priority booking; no available dates have been confirmed.,"[{""url"":""https://felix.org/get-involved/volunteering/groups"",""claim"":""Host lists London group operations, limits, registration requirements and donation terms.""}]","{""location_postcode"": ""E14 7BN"", ""location_address"": ""Felix Poplar operation, London"", ""location_basis"": ""venue"", ""coverage_names"": [""Poplar""], ""coverage_level"": ""local"", ""coverage_codes"": [""E09000030""], ""partner_directory"": false}","{""precision"": ""postcode"", ""geocode_source_url"": ""https://api.postcodes.io/postcodes/E14%207BN"", ""geocode_checked_at"": ""2026-09-18""}"
somerset-spark-skillshare,Share professional skills with local charities,Spark Somerset,south-west,programme,enquiry,skills|community_support,"SkillShare matches business professionals with voluntary and community organisations seeking expertise, workshops or mentoring. It accepts one-off offers and longer collaborations.",Professional support can strengthen the local organisations residents rely on; a specific preparedness or recovery task would need agreement with the host.,skills|individual,Flexible; one-off offers or longer collaborations.,,,,,51.074695,'-3.042125,Somerset area marker · activity location to be agreed,area_anchor,https://hughlamarque-dev.github.io/england-country-atlas/data/volunteering-areas.geojson,Supports voluntary and community organisations in Somerset; matching determines where each activity takes place.,https://www.sparksomerset.org.uk/skillshare/,https://www.sparksomerset.org.uk/skillshare/,2026-09-18,2026-10-18,,,,,"A matching programme, with no dated placement or team capacity published on this page.","[{""url"":""https://www.sparksomerset.org.uk/skillshare/"",""claim"":""Invites business and voluntary-sector professionals to offer expertise; matches one-off and longer support.""}]","{""coverage_names"": [""Somerset""], ""coverage_level"": ""county"", ""coverage_codes"": [""E06000066""], ""partner_directory"": false}","{""precision"": ""pilot_area""}"
somerset-spark-digital-champions,Digital Champions: local digital inclusion,Spark iT / Spark Somerset,south-west,opportunity,advertised,skills|community_support,Help residents learn everyday digital tasks at community cafés or occasional pop-up events. The host advertises flexible volunteer recruitment.,Digital inclusion helps people access services and information; emergency-specific work would require a separate agreed brief.,individual|skills,"A couple of hours weekly or monthly, or ad-hoc pop-up events.",,The listing offers reimbursement of costs; confirm eligible expenses with the host.,,"Patience, people skills and good digital skills; advanced technical expertise is not required.",51.074695,'-3.042125,Somerset area marker · activity location to be agreed,area_anchor,https://hughlamarque-dev.github.io/england-country-atlas/data/volunteering-areas.geojson,"Somerset; the listing particularly seeks volunteers in West Somerset, Taunton, Yeovil, Wellington, Chard, Highbridge and Somerton.",https://www.sparkachange.org.uk/o/Spark-iT/opportunities/Recruiting-Volunteers-to-be-Digital-Champions/86638,https://www.sparkachange.org.uk/o/Spark-iT/opportunities/Recruiting-Volunteers-to-be-Digital-Champions/86638,2026-09-18,2026-10-18,,,,,"Recruitment listing is published, but individual session places and onboarding must be confirmed; no one-day team booking is advertised.","[{""url"":""https://www.sparkachange.org.uk/o/Spark-iT/opportunities/Recruiting-Volunteers-to-be-Digital-Champions/86638"",""claim"":""Recruiting Digital Champions, including an ad-hoc event pool; offers expense reimbursement.""},{""url"":""https://www.sparksomerset.org.uk/spark-it/"",""claim"":""Spark Somerset links directly to this recruitment listing and describes its local Digital Cafés.""}]","{""coverage_names"": [""Somerset""], ""coverage_level"": ""county"", ""coverage_codes"": [""E06000066""], ""partner_directory"": false}","{""precision"": ""pilot_area""}"
somerset-taunton-foodbank-business,Foodbank team volunteering and skills support,Taunton Foodbank,south-west,programme,enquiry,community_support|skills,"Taunton Foodbank invites businesses to discuss team volunteering, workplace expertise and office food drives.",Supports local food assistance and organisational capacity for people in crisis; no disaster-response deployment is advertised.,team_day|skills,,,,,,51.022941,'-3.107975,"Unit 4, Belvedere Trading Estate, Albemarle Road, Taunton, TA1 1BH · approximate postcode position",office,https://taunton.foodbank.org.uk/contact-us/,Taunton Foodbank; agree the activity venue with the host. Its service also lists distribution points in Wellington and Wiveliscombe.,https://taunton.foodbank.org.uk/give-help/partner-with-us/,https://taunton.foodbank.org.uk/contact-us/,2026-09-18,2026-10-18,,,,,"Business volunteering is invited by enquiry. A one-day format, date, team size and venue are not confirmed.","[{""url"":""https://taunton.foodbank.org.uk/give-help/partner-with-us/"",""claim"":""Invites team volunteering, workplace skills sharing and office food drives.""},{""url"":""https://taunton.foodbank.org.uk/contact-us/"",""claim"":""Publishes the Taunton contact address; this does not confirm a team activity venue.""},{""url"":""https://taunton.foodbank.org.uk/locations/"",""claim"":""Lists Taunton, Wellington and Wiveliscombe service locations.""}]","{""location_postcode"": ""TA1 1BH"", ""location_address"": ""Unit 4, Belvedere Trading Estate, Albemarle Road, Taunton, TA1 1BH"", ""location_basis"": ""office"", ""location_source_url"": ""https://taunton.foodbank.org.uk/contact-us/"", ""coverage_names"": [""Somerset""], ""coverage_level"": ""county"", ""coverage_codes"": [""E06000066""], ""partner_directory"": false}","{""precision"": ""postcode"", ""geocode_source_url"": ""https://api.postcodes.io/postcodes/TA1%201BH"", ""geocode_checked_at"": ""2026-09-18""}"
somerset-emergency-community-contact,Become a nominated Emergency Community Contact,Somerset Prepared,south-west,programme,ongoing,preparedness|response,Locally nominated contacts relay information between their community and public agencies during emergencies. Prospective contacts should first approach their parish council.,Directly supports local preparedness and emergency communication; it requires continuing local responsibility rather than a single volunteering day.,individual|ongoing,,,,,"Must be based within the parish, able to represent the community and nominated locally; access to phone, email and internet is required.",51.074695,'-3.042125,Somerset area marker · activity location to be agreed,area_anchor,https://hughlamarque-dev.github.io/england-country-atlas/data/volunteering-areas.geojson,Parishes and communities within Somerset; each contact represents their own locality.,https://www.somersetprepared.org.uk/get-involved/emergency-community-contacts/,https://www.somersetprepared.org.uk/get-involved/emergency-community-contacts/,2026-09-18,2026-10-18,,,,,"Published nomination route, not an open shift. Local need and nomination must be established through the parish council.","[{""url"":""https://www.somersetprepared.org.uk/get-involved/emergency-community-contacts/"",""claim"":""Defines the local liaison role, parish-location requirement and requirement to speak with the parish council first.""}]","{""coverage_names"": [""Somerset""], ""coverage_level"": ""county"", ""coverage_codes"": [""E06000066""], ""partner_directory"": false}","{""precision"": ""pilot_area""}"
somerset-act-to-adapt,Community climate adaptation: Act to Adapt,Somerset Wildlife Trust,south-west,programme,enquiry,preparedness|environment,Act to Adapt helps Somerset communities develop and implement local climate adaptation plans through collaborative events. Communities can enquire about involvement.,Directly relevant to preparing for flooding and other climate hazards; employee contributions need a task agreed with the local project.,unknown,,,,,,51.074695,'-3.042125,Somerset area marker · activity location to be agreed,area_anchor,https://hughlamarque-dev.github.io/england-country-atlas/data/volunteering-areas.geojson,"Somerset communities; the page lists work in Frome, Minehead, Burnham-on-Sea and Highbridge, Spaxton, Wells and other Somerset locations.",https://www.somersetwildlife.org/act-to-adapt,https://www.somersetwildlife.org/act-to-adapt,2026-09-18,2026-10-18,,,,,"Community participation route, not an advertised employee placement. No volunteering date, capacity or duration is published.","[{""url"":""https://www.somersetwildlife.org/act-to-adapt"",""claim"":""Describes local adaptation planning and invites communities to contact the programme about involvement.""}]","{""coverage_names"": [""Somerset""], ""coverage_level"": ""county"", ""coverage_codes"": [""E06000066""], ""partner_directory"": false}","{""precision"": ""pilot_area""}"
somerset-minehead-eye-maintenance,Maintain a youth and community centre,Minehead EYE,south-west,opportunity,advertised,community_support|skills,"Help the centre team with minor repairs, painting and equipment upkeep. The host marks this flexible role as suitable for corporate volunteers.",Maintains premises and equipment used by local community services; the source does not identify the centre as an emergency shelter.,individual|skills,Flexible hours.,,,,Disclosure and Barring Service check required.,51.203611,'-3.468078,"1 Mart Road, Minehead, TA24 5BJ · approximate postcode position",venue,https://www.sparkachange.org.uk/o/Minehead-EYE/opportunities/Maintenance-Volunteer/125055,"Minehead EYE, 1 Mart Road, Minehead. The listing gives this venue for the role.",https://www.sparkachange.org.uk/o/Minehead-EYE/opportunities/Maintenance-Volunteer/125055,https://www.sparkachange.org.uk/o/Minehead-EYE/opportunities/Maintenance-Volunteer/125055,2026-09-18,2026-10-18,,,,,"Published recruitment listing. Corporate suitability is stated, but a one-day group arrangement and places require confirmation.","[{""url"":""https://www.sparkachange.org.uk/o/Minehead-EYE/opportunities/Maintenance-Volunteer/125055"",""claim"":""Host advertises maintenance tasks, flexible hours, DBS requirement, venue and corporate suitability.""}]","{""location_postcode"": ""TA24 5BJ"", ""location_address"": ""1 Mart Road, Minehead, TA24 5BJ"", ""location_basis"": ""venue"", ""location_source_url"": ""https://www.sparkachange.org.uk/o/Minehead-EYE/opportunities/Maintenance-Volunteer/125055"", ""coverage_names"": [""Somerset""], ""coverage_level"": ""county"", ""coverage_codes"": [""E06000066""], ""partner_directory"": false}","{""precision"": ""postcode"", ""geocode_source_url"": ""https://api.postcodes.io/postcodes/TA24%205BJ"", ""geocode_checked_at"": ""2026-09-18""}"
somerset-minehead-eye-centre-assistant,Support community-centre activities,Minehead EYE,south-west,opportunity,advertised,community_support,"Support room preparation, visitor reception, bookings and deliveries at a youth and community centre. The host marks the role as suitable for corporate volunteers.",Helps local services and community activities operate; emergency response use is not established by the listing.,individual,Flexible hours.,,,,Disclosure and Barring Service check required.,51.203611,'-3.468078,"Minehead EYE, Minehead, TA24 5BJ · approximate postcode position",venue,https://www.sparkachange.org.uk/o/Minehead-EYE/opportunities/Centre-Assistant-Volunteer/124603,Minehead EYE in Minehead; the listing publishes postcode TA24 5BJ.,https://www.sparkachange.org.uk/o/Minehead-EYE/opportunities/Centre-Assistant-Volunteer/124603,https://www.sparkachange.org.uk/o/Minehead-EYE/opportunities/Centre-Assistant-Volunteer/124603,2026-09-18,2026-10-18,,,,,"Published recruitment listing, with no guaranteed places or one-day team format. Confirm commitment and onboarding with the host.","[{""url"":""https://www.sparkachange.org.uk/o/Minehead-EYE/opportunities/Centre-Assistant-Volunteer/124603"",""claim"":""Host advertises centre support tasks, flexible hours, DBS requirement, postcode and corporate suitability.""}]","{""location_postcode"": ""TA24 5BJ"", ""location_address"": ""Minehead EYE, Minehead, TA24 5BJ"", ""location_basis"": ""venue"", ""location_source_url"": ""https://www.sparkachange.org.uk/o/Minehead-EYE/opportunities/Centre-Assistant-Volunteer/124603"", ""coverage_names"": [""Somerset""], ""coverage_level"": ""county"", ""coverage_codes"": [""E06000066""], ""partner_directory"": false}","{""precision"": ""postcode"", ""geocode_source_url"": ""https://api.postcodes.io/postcodes/TA24%205BJ"", ""geocode_checked_at"": ""2026-09-18""}"
somerset-sevag-volunteering-route,Find a trained emergency volunteering agency,Somerset Prepared / Somerset Emergency Voluntary Agencies Group,south-west,broker,enquiry,preparedness|response|recovery,"Somerset Prepared signposts established voluntary agencies supporting communities before, during and after emergencies, with agency-led training and exercises.",A route into coordinated emergency capabilities; specific roles and commitments belong to individual agencies.,ongoing|individual,,,,,Training and exercising arrangements are agency-specific; enquire with the relevant member agency.,51.074695,'-3.042125,Somerset area marker · activity location to be agreed,area_anchor,https://hughlamarque-dev.github.io/england-country-atlas/data/volunteering-areas.geojson,Emergency volunteering routes affecting Somerset; member agencies have different service areas.,https://www.somersetprepared.org.uk/get-involved/volunteer/,https://www.somersetprepared.org.uk/contact-us/,2026-09-18,2026-10-18,,,,,"Signposting and enquiry route only. No vacancy, deployment, place or employee volunteering day is confirmed.","[{""url"":""https://www.somersetprepared.org.uk/get-involved/volunteer/"",""claim"":""Describes SEVAG member capabilities and agency training and exercises, with contact and member routes.""}]","{""coverage_names"": [""Somerset""], ""coverage_level"": ""county"", ""coverage_codes"": [""E06000066""], ""partner_directory"": true}","{""precision"": ""pilot_area""}"
cumbria-wcrt-corporate-days,River conservation team days,West Cumbria Rivers Trust,north-west,programme,enquiry,environment|preparedness,The trust invites companies to arrange environmental leave days and offers conservation activities tailored to team size.,A route to a charity delivering natural flood management. Ask whether the proposed team task contributes to a specific flood-risk project.,team_day,An environmental leave day; exact timings by arrangement.,,,,,54.616625,'-2.89897,Cumbria area marker · activity location to be agreed,area_anchor,https://hughlamarque-dev.github.io/england-country-atlas/data/volunteering-areas.geojson,West Cumbrian river catchments; the activity site is arranged with the host.,https://www.westcumbriariverstrust.org/volunteer,https://www.westcumbriariverstrust.org/contact-us,2026-09-18,2026-10-18,,,,,Bespoke enquiry route; no dated places or team capacity confirmed.,"[{""url"":""https://www.westcumbriariverstrust.org/volunteer"",""claim"":""Companies can arrange tailored conservation volunteering days; the page links a costs leaflet.""},{""url"":""https://www.westcumbriariverstrust.org/natural-flood-management"",""claim"":""The trust undertakes work to slow or store water and reduce downstream flood risk.""}]","{""coverage_names"": [""Cumberland""], ""coverage_level"": ""local"", ""coverage_codes"": [""E06000063""], ""partner_directory"": false}","{""precision"": ""pilot_area""}"
cumbria-eden-tree-nursery,Eden Community Tree Nursery sessions,Eden Rivers Trust,north-west,programme,enquiry,environment|preparedness|community_support,Help grow native saplings and maintain a community tree nursery in Penrith. Trees support conservation projects across the Eden catchment.,"The host links the nursery to flood and drought management, accessible participation and community resilience.",individual,Usually Tuesday 13:00–16:00 or Friday 10:00–13:00; confirm each session.,,The public session page lists participation as free.,Wheelchair-friendly listing; little shelter and no facilities stated. Discuss access needs before attending.,Tell the coordinator in advance; outdoor clothing and suitable footwear required. Under-18s need an accompanying adult.,54.66444356876869,'-2.7669282947449365,"Eden Community Tree Nursery, 99 Brackenber Allotments, Penrith",venue,https://edenriverstrust.org.uk/events/eden-community-tree-nursery-drop-in-session/,Activity in Penrith; saplings are used at sites throughout the Eden catchment.,https://edenriverstrust.org.uk/projects/eden-community-tree-nursery/,https://edenriverstrust.org.uk/events/eden-community-tree-nursery-drop-in-session/,2026-09-18,2026-10-18,,,,,Recurring programme. The host asks attendees to confirm arrangements because sessions can change or be cancelled.,"[{""url"":""https://edenriverstrust.org.uk/projects/eden-community-tree-nursery/"",""claim"":""The nursery grows local native trees for river conservation and describes flood mitigation and accessibility benefits.""},{""url"":""https://edenriverstrust.org.uk/events/eden-community-tree-nursery-drop-in-session/"",""claim"":""The page supplies session times, access information, address and a venue map pin; advance contact is requested.""}]","{""location_postcode"": null, ""location_address"": ""99 Brackenber Allotments, Gilwilly Industrial Estate, Penrith"", ""location_basis"": ""venue"", ""coverage_names"": [""Penrith""], ""coverage_level"": ""local"", ""coverage_codes"": [""E06000064""], ""partner_directory"": false}","{""precision"": ""host_map_pin""}"
cumbria-eden-river-volunteering,Eden river practical volunteering,Eden Rivers Trust,north-west,programme,enquiry,environment|preparedness,"Register for seasonal river conservation work, including tree planting, riverbank maintenance and surveys.",The trust works on river resilience and nature-based flood-risk reduction; ask which available tasks contribute to those outcomes.,individual,,,,,New volunteers register with the trust; approval is needed before booking activities.,54.616625,'-2.89897,Cumbria area marker · activity location to be agreed,area_anchor,https://hughlamarque-dev.github.io/england-country-atlas/data/volunteering-areas.geojson,Sites across the River Eden catchment in Cumbria; meeting places vary.,https://edenriverstrust.org.uk/volunteer/,https://edenriverstrust.org.uk/volunteer-registration/,2026-09-18,2026-10-18,,,,,General registration route; available activities and dates depend on the season and host schedule.,"[{""url"":""https://edenriverstrust.org.uk/volunteer/"",""claim"":""The trust offers practical work parties and surveys and explains registration and booking.""},{""url"":""https://edenriverstrust.org.uk/tackling-climate-change/"",""claim"":""Its wider work includes nature-based approaches to flood risk and water resilience.""}]","{""coverage_names"": [], ""coverage_level"": ""unspecified"", ""coverage_codes"": [], ""partner_directory"": false}","{""precision"": ""pilot_area""}"
cumbria-wildlife-wild-work-days,Wild Work Days for employee teams,Cumbria Wildlife Trust,north-west,programme,enquiry,environment,"Arrange a conservation day at a reserve or project site, with seasonal tasks such as woodland maintenance or peatland work.",The programme describes climate-resilience benefits. Ask the host to select a task with a clear local preparedness or community benefit.,team_day,Usually 10:00–16:00; the host says timings are flexible.,Base price covers up to 10 people; additional participants priced separately.,"Published price: £500 plus VAT for up to 10 people, plus £60 per additional person. Confirm the quote.",,Outdoor clothing suitable for the weather.,54.616625,'-2.89897,Cumbria area marker · activity location to be agreed,area_anchor,https://hughlamarque-dev.github.io/england-country-atlas/data/volunteering-areas.geojson,Reserves and project sites across Cumbria; location agreed with the host.,https://www.cumbriawildlifetrust.org.uk/wild-work-days,https://www.cumbriawildlifetrust.org.uk/form/wild-work-days-enquiry-form,2026-09-18,2026-10-18,,,,,"Enquiry required; dates, task and site depend on season and availability.","[{""url"":""https://www.cumbriawildlifetrust.org.uk/wild-work-days"",""claim"":""The host publishes team-day tasks, indicative timing, pricing and an enquiry route.""}]","{""coverage_names"": [""Cumbria""], ""coverage_level"": ""local"", ""coverage_codes"": [""E06000063"", ""E06000064""], ""partner_directory"": false}","{""precision"": ""pilot_area""}"
cumbria-carlisle-foodbank,Carlisle Foodbank volunteering enquiries,Carlisle Foodbank,north-west,programme,enquiry,community_support,The foodbank invites volunteering enquiries to support its emergency food service for local people referred by community agencies.,Supports an existing local crisis-support organisation. A specific preparedness or disaster-recovery role has not been established.,unknown,,,,,,54.896472,'-2.937696,"4 Tower Court, West Tower Street, Carlisle · approximate postcode position",office,https://www.carlislefoodbank.org.uk/,Carlisle local community. Published contact address is not a confirmed volunteering meeting point.,https://www.carlislefoodbank.org.uk/,https://www.carlislefoodbank.org.uk/contact-us,2026-09-18,2026-10-18,,,,,"General enquiry route only; tasks, one-day suitability and capacity are not published.","[{""url"":""https://www.carlislefoodbank.org.uk/"",""claim"":""The foodbank invites volunteers and provides emergency food through agency referrals.""},{""url"":""https://www.carlislefoodbank.org.uk/contact-us"",""claim"":""The host publishes its Carlisle contact address and enquiry form.""}]","{""location_postcode"": ""CA3 8QT"", ""location_address"": ""4 Tower Court, West Tower Street, Carlisle"", ""location_basis"": ""office"", ""coverage_names"": [""Carlisle""], ""coverage_level"": ""local"", ""coverage_codes"": [""E06000063""], ""partner_directory"": false}","{""precision"": ""postcode"", ""geocode_source_url"": ""https://api.postcodes.io/postcodes/CA3%208QT"", ""geocode_checked_at"": ""2026-09-18""}"
cumbria-bay-search-rescue,Bay Search and Rescue operational membership,Bay Search and Rescue,north-west,programme,ongoing,response|preparedness,Apply to join a trained rescue team serving the South Lakes and North Lancashire.,"Builds trained response capacity, including water and flood rescue. This requires sustained commitment.",individual|ongoing,"Ongoing commitment, including a 12-month probationary period.",,,,Age 18+; relevant skills or interests; suitable fitness and transport; call-out availability; attendance at least 50% of first-year training.,54.157798,'-2.96578,"Training HQ, Moor Lane, Flookburgh, Cumbria · approximate postcode position",venue,https://www.baysearchandrescue.org.uk/apply/,South Lakes and North Lancashire; training HQ is at Flookburgh.,https://www.baysearchandrescue.org.uk/apply/,https://www.baysearchandrescue.org.uk/apply/,2026-09-18,2026-10-18,,,,,Application and selection required; not a single-day employee volunteering activity.,"[{""url"":""https://www.baysearchandrescue.org.uk/apply/"",""claim"":""The application page sets out selection, probation and regular training requirements.""},{""url"":""https://www.baysearchandrescue.org.uk/skills/"",""claim"":""The team describes water rescue and flood operations.""},{""url"":""https://www.baysearchandrescue.org.uk/contact/"",""claim"":""The published training HQ is Moor Lane, Flookburgh, LA11 7LT.""}]","{""location_postcode"": ""LA11 7LT"", ""location_address"": ""Training HQ, Moor Lane, Flookburgh, Cumbria"", ""location_basis"": ""venue"", ""coverage_names"": [], ""coverage_level"": ""unspecified"", ""coverage_codes"": [], ""partner_directory"": false}","{""precision"": ""postcode"", ""geocode_source_url"": ""https://api.postcodes.io/postcodes/LA11%207LT"", ""geocode_checked_at"": ""2026-09-18""}"
east-england-get-involved-norfolk,Norfolk volunteering search and local matching,Voluntary Norfolk — Get InVOLved Norfolk,east-england,platform,enquiry,community_support,"Search Norfolk volunteering routes for individuals and employee teams. Employers can create a page, add members and track volunteering hours.",A useful starting point for finding community-support hosts; individual roles need assessment for preparedness or recovery relevance.,team_day|individual,,,,,,52.659564,1.152369,Norfolk,area_anchor,https://www.getinvolvednorfolk.org.uk/corporate-volunteering,Source describes Norfolk; individual arrangements and availability require confirmation.,https://www.getinvolvednorfolk.org.uk/corporate-volunteering,https://www.getinvolvednorfolk.org.uk/corporate-volunteering,2026-09-18,2026-10-18,,,,,Public enquiry route; no dates or places have been confirmed with the host.,"[{""url"":""https://www.getinvolvednorfolk.org.uk/"",""claim"":""The platform publishes Norfolk roles and identifies Voluntary Norfolk as its provider.""},{""url"":""https://www.getinvolvednorfolk.org.uk/corporate-volunteering"",""claim"":""Corporate page describes employer accounts, team and individual applications, hour logging and potentially chargeable host activities.""}]","{""coverage_names"": [""Norfolk""], ""coverage_level"": ""county"", ""coverage_codes"": [""E07000143"", ""E07000144"", ""E07000145"", ""E07000146"", ""E07000147"", ""E07000148"", ""E07000149""], ""partner_directory"": true}","{""precision"": ""area""}"
east-england-cas-volunteering,Suffolk volunteer and employer-support brokerage,Community Action Suffolk,east-england,broker,enquiry,community_support,CAS manages Volunteer Suffolk and supports volunteer managers and employer-supported volunteering across Suffolk.,Local brokerage can help businesses identify organisations that want support and understand their capacity.,team_day|individual,,,,,,52.171261,1.067289,Suffolk,area_anchor,https://www.communityactionsuffolk.org.uk/volunteering/,Source describes Suffolk; individual arrangements and availability require confirmation.,https://www.communityactionsuffolk.org.uk/volunteering/,https://volunteersuffolk.org.uk/volunteer-roles/,2026-09-18,2026-10-18,,,,,Public enquiry route; no dates or places have been confirmed with the host.,"[{""url"":""https://www.communityactionsuffolk.org.uk/volunteering/"",""claim"":""CAS states that its volunteering team covers all Suffolk local-authority boundaries, manages Volunteer Suffolk and has an employer-supported volunteering officer.""},{""url"":""https://volunteersuffolk.org.uk/volunteer-roles/"",""claim"":""CAS platform supports employer volunteering as a team or individually through a workplace.""}]","{""location_postcode"": ""IP2 0HH"", ""location_address"": ""Brightspace, 160 Hadleigh Road, Ipswich"", ""location_basis"": ""office"", ""coverage_names"": [""Suffolk""], ""coverage_level"": ""county"", ""coverage_codes"": [""E07000200"", ""E07000202"", ""E07000203"", ""E07000244"", ""E07000245""], ""partner_directory"": true}","{""precision"": ""area""}"
east-england-community360-drivers,Community transport volunteer drivers,Community360,east-england,opportunity,ongoing,community_support,"Volunteer car and minibus drivers help residents who struggle to use public transport reach appointments, shops and community activities.",Supports access to essential services and connections for isolated residents; this is an ongoing transport role.,individual|ongoing,,,,,"Over 21; driving licence, references and DBS check. Host provides induction and safeguarding training.",51.778615,0.70728,"Colchester, Chelmsford, Maldon",area_anchor,https://community360.org.uk/volunteering/,"Source describes Colchester, Chelmsford, Maldon; individual arrangements and availability require confirmation.",https://community360.org.uk/volunteering/,https://community360.org.uk/volunteering/,2026-09-18,2026-10-18,,,,,Ongoing recruitment listing; confirm shifts and onboarding. Not a drop-in employee day.,"[{""url"":""https://community360.org.uk/volunteering/"",""claim"":""Host describes transport in Colchester, Chelmsford and Maldon, induction and safeguarding training, expenses and driver requirements.""}]","{""coverage_names"": [""Colchester"", ""Chelmsford"", ""Maldon""], ""coverage_level"": ""local"", ""coverage_codes"": [""E07000070"", ""E07000071"", ""E07000074""], ""partner_directory"": false}","{""precision"": ""area""}"
east-england-dens-business-skills,Professional skills for homelessness and food support,DENS,east-england,programme,enquiry,community_support,"Businesses can offer pro-bono professional help, including marketing, legal or digital expertise, and support training or work experience for clients.",Could strengthen a charity providing housing and food support to people facing hardship.,skills,,,,,,51.768995,'-0.5753,Dacorum,area_anchor,https://www.dens.org.uk/support-us/business/,Source describes Dacorum; individual arrangements and availability require confirmation.,https://www.dens.org.uk/support-us/business/,https://www.dens.org.uk/support-us/business/,2026-09-18,2026-10-18,,,,,Public enquiry route; no dates or places have been confirmed with the host.,"[{""url"":""https://www.dens.org.uk/support-us/business/"",""claim"":""DENS invites business skills and expertise and describes supporting people facing homelessness, social exclusion and poverty in Dacorum.""}]","{""coverage_names"": [""Dacorum""], ""coverage_level"": ""local"", ""coverage_codes"": [""E07000096""], ""partner_directory"": false}","{""precision"": ""area""}"
east-england-govolherts,Hertfordshire volunteering platform,GoVolHerts / North Herts and Stevenage CVS,east-england,platform,enquiry,community_support,"Search Hertfordshire charity roles, including community support and professional or trustee opportunities. An account is required to apply through the platform.",Provides a county route to local hosts; search results are not automatically resilience or employee-day opportunities.,unknown,,,,,Free personal account needed to apply through the platform.,51.778516,'-0.263174,Hertfordshire,area_anchor,https://www.govolherts.org.uk/,Source describes Hertfordshire; individual arrangements and availability require confirmation.,https://www.govolherts.org.uk/,https://www.govolherts.org.uk/,2026-09-18,2026-10-18,,,,,Public enquiry route; no dates or places have been confirmed with the host.,"[{""url"":""https://www.govolherts.org.uk/"",""claim"":""Platform describes connecting charities and volunteers, account requirements and its operator and county-council funding.""}]","{""coverage_names"": [""Hertfordshire""], ""coverage_level"": ""county"", ""coverage_codes"": [""E07000095"", ""E07000096"", ""E07000098"", ""E07000099"", ""E07000102"", ""E07000103"", ""E07000240"", ""E07000241"", ""E07000242"", ""E07000243""], ""partner_directory"": true}","{""precision"": ""area""}"
east-england-support-cambridgeshire,Cambridgeshire volunteering and community-group support,Support Cambridgeshire,east-england,broker,enquiry,community_support,Find roles through Volunteer Cambs and access local volunteering support and introductions.,Helps identify community organisations and volunteer routes; hosts must confirm suitable tasks and capacity.,unknown,,,,,,52.329179,0.05779,Cambridgeshire,area_anchor,https://supportcambridgeshire.org.uk/volunteering/i-want-to-volunteer/how-to-find-opportunities/,Source describes Cambridgeshire; individual arrangements and availability require confirmation.,https://supportcambridgeshire.org.uk/volunteering/i-want-to-volunteer/how-to-find-opportunities/,https://supportcambridgeshire.org.uk/volunteering/i-want-to-volunteer/how-to-find-opportunities/,2026-09-18,2026-10-18,,,,,Public enquiry route; no dates or places have been confirmed with the host.,"[{""url"":""https://supportcambridgeshire.org.uk/volunteering/i-want-to-volunteer/how-to-find-opportunities/"",""claim"":""Official page directs users to Volunteer Cambs and identifies local support in Cambridge, Fenland, Huntingdonshire, East Cambridgeshire and Peterborough.""}]","{""coverage_names"": [""Cambridgeshire""], ""coverage_level"": ""county"", ""coverage_codes"": [""E07000008"", ""E07000009"", ""E07000010"", ""E07000011"", ""E07000012""], ""partner_directory"": true}","{""precision"": ""area""}"
east-england-cvs-bedfordshire,Bedfordshire and Luton volunteer matching,Community Voluntary Service Bedfordshire,east-england,broker,enquiry,community_support,CVS matches volunteers to local opportunities and supports voluntary and community organisations. Its website links to a role search and corporate-volunteering support.,A local starting point for agreeing useful support with community hosts.,unknown,,,,,,52.025958,'-0.435215,"Bedfordshire, Luton",area_anchor,https://www.cvsbeds.org.uk/,"Source describes Bedfordshire, Luton; individual arrangements and availability require confirmation.",https://www.cvsbeds.org.uk/,https://www.cvsbeds.org.uk/,2026-09-18,2026-10-18,,,,,Public enquiry route; no dates or places have been confirmed with the host.,"[{""url"":""https://www.cvsbeds.org.uk/"",""claim"":""CVS explicitly describes matching volunteers with opportunities in Bedfordshire and Luton and provides corporate-volunteering and role-search links.""}]","{""location_postcode"": ""MK40 2AA"", ""location_address"": ""43 Bromham Road, Bedford"", ""location_basis"": ""office"", ""coverage_names"": [""Bedfordshire"", ""Luton""], ""coverage_level"": ""county"", ""coverage_codes"": [""E06000032"", ""E06000055"", ""E06000056""], ""partner_directory"": true}","{""precision"": ""area""}"
east-england-red-cross-norwich-response,Norwich emergency-response volunteer,British Red Cross Emergency Response,east-england,opportunity,ongoing,response|recovery,Join the Norwich-based team providing practical and emotional support after incidents such as fire and flooding.,"Direct crisis-response work requiring training and sustained availability, beyond a single employee volunteering day.",individual|ongoing,At least four six-hour on-call shifts per month; minimum twelve-month commitment.,,,,"Live within 30 minutes of the Norwich base; UK-valid driving licence held for at least two years; training, meetings and DBS check.",52.640075,1.273065,Norwich,area_anchor,https://www.getinvolvednorfolk.org.uk/o/httpsvolunteerredcrossorgukopportunities36490-youth-education-volunteer-norwich-2022-08-22/opportunities/Volunteer-in-UK-emergency-response/120814,Norwich-based team. Applicant travel restriction is within 30 minutes of the base; this is not a verified response-service boundary.,https://www.getinvolvednorfolk.org.uk/o/httpsvolunteerredcrossorgukopportunities36490-youth-education-volunteer-norwich-2022-08-22/opportunities/Volunteer-in-UK-emergency-response/120814,https://www.getinvolvednorfolk.org.uk/o/httpsvolunteerredcrossorgukopportunities36490-youth-education-volunteer-norwich-2022-08-22/opportunities/Volunteer-in-UK-emergency-response/120814,2026-09-18,2026-10-18,2026-06-09,,,,Published ongoing role; listing capacity has not been confirmed with the host. Training and regular on-call availability required.,"[{""url"":""https://www.getinvolvednorfolk.org.uk/o/httpsvolunteerredcrossorgukopportunities36490-youth-education-volunteer-norwich-2022-08-22/opportunities/Volunteer-in-UK-emergency-response/120814"",""claim"":""Host listing specifies Norwich base, four six-hour on-call shifts monthly, at least twelve months, driving requirements, training and DBS checks.""}]","{""location_postcode"": ""NR6 5HD"", ""location_address"": ""British Red Cross base, Coronation Road, Norwich"", ""location_basis"": ""office"", ""coverage_names"": [""Norwich""], ""coverage_level"": ""local"", ""coverage_codes"": [""E07000148""], ""partner_directory"": false}","{""precision"": ""area""}"
east-england-pcvs,Peterborough volunteer matching and support,Peterborough Council for Voluntary Service,east-england,broker,enquiry,community_support,"The volunteer centre helps people find roles, supports volunteer managers and provides the Go Volunteer in Peterborough platform.",A local connection to potential community-support hosts and their recruitment processes.,unknown,,,,,,52.590665,'-0.255245,Peterborough,area_anchor,https://www.pcvs.co.uk/what-we-do/volunteering/,Source describes Peterborough; individual arrangements and availability require confirmation.,https://www.pcvs.co.uk/what-we-do/volunteering/,https://www.pcvs.co.uk/what-we-do/volunteering/,2026-09-18,2026-10-18,,,,,Public enquiry route; no dates or places have been confirmed with the host.,"[{""url"":""https://www.pcvs.co.uk/what-we-do/volunteering/"",""claim"":""PCVS describes matching volunteers, supporting volunteer managers and offering the Go-ViP Peterborough role platform.""}]","{""coverage_names"": [""Peterborough""], ""coverage_level"": ""local"", ""coverage_codes"": [""E06000031""], ""partner_directory"": true}","{""precision"": ""area""}"
east-england-volunteer-essex,Essex postcode-based volunteering search,Volunteer Essex,east-england,platform,enquiry,community_support,"Search volunteering roles by postcode, interests and activity, or seek help from a local volunteer centre.",Helps identify local community organisations; a listed role is not automatically suitable for a corporate day.,unknown,,,,,,51.741348,0.540156,Essex,area_anchor,https://www.volunteeressex.org/,Source describes Essex; individual arrangements and availability require confirmation.,https://www.volunteeressex.org/,https://www.volunteeressex.org/,2026-09-18,2026-10-18,,,,,Public enquiry route; no dates or places have been confirmed with the host.,"[{""url"":""https://www.volunteeressex.org/"",""claim"":""The site explicitly offers Essex postcode searching and local volunteer-centre advice.""}]","{""coverage_names"": [""Essex""], ""coverage_level"": ""county"", ""coverage_codes"": [""E07000066"", ""E07000067"", ""E07000068"", ""E07000069"", ""E07000070"", ""E07000071"", ""E07000072"", ""E07000073"", ""E07000074"", ""E07000075"", ""E07000076"", ""E07000077""], ""partner_directory"": true}","{""precision"": ""area""}"
east-england-communities-first,Local volunteer centre and community support,Communities 1st,east-england,broker,enquiry,community_support,Communities 1st supports local voluntary organisations and connects people to volunteering opportunities.,"Can help identify appropriate local hosts and support needs, including services for isolated residents.",unknown,,,,,,51.740755,'-0.266965,"St Albans, Hertsmere, Welwyn Hatfield",area_anchor,https://www.communities1st.org.uk/,"Named membership remit: St Albans, Hertsmere and Welwyn Hatfield. Individual services may have different coverage.",https://www.communities1st.org.uk/,https://www.communities1st.org.uk/,2026-09-18,2026-10-18,,,,,Public enquiry route; no dates or places have been confirmed with the host.,"[{""url"":""https://www.communities1st.org.uk/"",""claim"":""The organisation states its membership remit covers St Albans, Hertsmere and Welwyn Hatfield and publishes volunteer-centre and role-search routes.""}]","{""location_postcode"": ""AL2 2DR"", ""location_address"": ""Ver House, Park Estate, Frogmore, St Albans"", ""location_basis"": ""office"", ""coverage_names"": [""St Albans"", ""Hertsmere"", ""Welwyn Hatfield""], ""coverage_level"": ""local"", ""coverage_codes"": [""E07000098"", ""E07000240"", ""E07000241""], ""partner_directory"": true}","{""precision"": ""area""}"
east-england-essex-suffolk-river-teams,River stewardship corporate team days,Essex & Suffolk Rivers Trust,east-england,programme,enquiry,environment,"Arrange a team day taking practical action on rivers at locations across Essex and Suffolk, with river and climate learning.",Supports environmental stewardship and local knowledge. Flood-prevention benefit depends on the task agreed; the offer is not an emergency-response placement.,team_day,Team day; exact schedule agreed with host.,,,,Host recommends enquiring at least six to eight weeks before the preferred activity date.,51.867793,0.695195,"Essex, Suffolk",area_anchor,https://www.essexsuffolkriverstrust.org/corporate-volunteering,"Source describes Essex, Suffolk; individual arrangements and availability require confirmation.",https://www.essexsuffolkriverstrust.org/corporate-volunteering,https://www.essexsuffolkriverstrust.org/corporate-volunteering,2026-09-18,2026-10-18,,,,,Public enquiry route; no dates or places have been confirmed with the host.,"[{""url"":""https://www.essexsuffolkriverstrust.org/corporate-volunteering"",""claim"":""The host offers corporate days across Essex and Suffolk, asks for preferred month and group size, and recommends six to eight weeks notice.""}]","{""coverage_names"": [""Essex"", ""Suffolk""], ""coverage_level"": ""regional"", ""coverage_codes"": [""E07000066"", ""E07000067"", ""E07000068"", ""E07000069"", ""E07000070"", ""E07000071"", ""E07000072"", ""E07000073"", ""E07000074"", ""E07000075"", ""E07000076"", ""E07000077"", ""E07000200"", ""E07000202"", ""E07000203"", ""E07000244"", ""E07000245""], ""partner_directory"": false}","{""precision"": ""area""}"
east-england-luton-foodbank-warehouse,Luton emergency-food warehouse volunteering,Luton Foodbank,east-england,opportunity,ongoing,community_support,Help with warehouse tasks supporting emergency food provision. The host advertises weekday morning or afternoon shifts.,Supports the local distribution capacity used by people in food crisis.,individual|ongoing,Published warehouse shifts: weekdays 10am–midday or 1pm–3pm; agree attendance with host.,,,,Warehouse volunteers must be over 18; lifting and carrying required.,51.891115,'-0.42788,Luton,area_anchor,https://lutonfoodbank.org.uk/get-involved/volunteer/,Source describes Luton; individual arrangements and availability require confirmation.,https://lutonfoodbank.org.uk/get-involved/volunteer/,https://lutonfoodbank.org.uk/get-involved/volunteer/,2026-09-18,2026-10-18,,,,,Ongoing published recruitment route; confirm current shifts and onboarding with the foodbank.,"[{""url"":""https://lutonfoodbank.org.uk/get-involved/volunteer/"",""claim"":""Host requests warehouse volunteers aged over eighteen and lists weekday 10am–midday or 1pm–3pm shifts, involving lifting and carrying.""}]","{""coverage_names"": [""Luton""], ""coverage_level"": ""local"", ""coverage_codes"": [""E06000032""], ""partner_directory"": false}","{""precision"": ""area""}"
east-england-norwich-foodbank-distribution,Friday emergency-food distribution support,Norwich Foodbank,east-england,opportunity,ongoing,community_support,"The foodbank advertises a Friday role at its Alive Distribution Centre, speaking with clients and distributing food and toiletries.",Provides practical support to people facing immediate food hardship.,individual|ongoing,"Fridays, 9.30am–midday.",,,,"Over 18; references, induction and training. Role involves lifting boxes.",52.640075,1.273065,Norwich,area_anchor,https://norwich.foodbank.org.uk/give-help/volunteer/,Source describes Norwich; individual arrangements and availability require confirmation.,https://norwich.foodbank.org.uk/give-help/volunteer/,https://norwich.foodbank.org.uk/give-help/volunteer/,2026-09-18,2026-10-18,,,,,Published recruitment listing; confirm whether the Friday role remains vacant and agree commitment with the host.,"[{""url"":""https://norwich.foodbank.org.uk/give-help/volunteer/"",""claim"":""Host lists Friday 9.30am–midday at Alive Distribution Centre on Nelson Street, over-eighteen roles, references and induction.""}]","{""location_address"": ""Alive Distribution Centre, Nelson Street, Norwich"", ""location_basis"": ""venue"", ""coverage_names"": [""Norwich""], ""coverage_level"": ""local"", ""coverage_codes"": [""E07000148""], ""partner_directory"": false}","{""precision"": ""area""}"
east-england-norfolk-skills-exchange,Skills Exchange: one-off professional support for charities,Norfolk Community Foundation,east-england,programme,enquiry,skills|community_support,"Businesses can offer specialist help with a defined project, mentor charity staff or provide strategic advice through the Skills Exchange.",Professional support can improve the continuity and capacity of local charities; the specific community benefit depends on the match.,skills,,,,,,52.659564,1.152369,Norfolk,area_anchor,https://www.norfolkfoundation.com/good-for-good/join-skills-exchange/,Source describes Norfolk; individual arrangements and availability require confirmation.,https://www.norfolkfoundation.com/good-for-good/join-skills-exchange/,https://www.norfolkfoundation.com/good-for-good/join-skills-exchange/,2026-09-18,2026-10-18,,,,,Public enquiry route; no dates or places have been confirmed with the host.,"[{""url"":""https://www.norfolkfoundation.com/good-for-good/join-skills-exchange/"",""claim"":""The foundation invites businesses to register, then pairs charity requests with local business capacity; offers include one-off projects, coaching and strategic support.""}]","{""location_postcode"": ""NR3 1SL"", ""location_address"": ""First Floor, Carmelite House, 2 St James Court, Norwich"", ""location_basis"": ""office"", ""coverage_names"": [""Norfolk""], ""coverage_level"": ""county"", ""coverage_codes"": [""E07000143"", ""E07000144"", ""E07000145"", ""E07000146"", ""E07000147"", ""E07000148"", ""E07000149""], ""partner_directory"": false}","{""precision"": ""area""}"
east-england-mind-norfolk-corporate,Employee volunteering for local mental-health support,Norfolk and Waveney Mind,east-england,programme,enquiry,community_support,"Discuss a staff volunteering programme with the charity, which invites corporate support ranging from events to specialist projects.",Supports local mental-health services and community connections. The enquiry does not establish an emergency or clinical role.,team_day|skills,,,,,Agree a suitable role and its checks or training with the host.,52.659564,1.152369,"Norfolk, Waveney",area_anchor,https://www.norfolkandwaveneymind.org.uk/volunteering,Norfolk and Waveney charity; agree activity location and beneficiary area with the host. The office is not a confirmed volunteering venue.,https://www.norfolkandwaveneymind.org.uk/volunteering,https://www.norfolkandwaveneymind.org.uk/volunteering,2026-09-18,2026-10-18,,,,,Public enquiry route; no dates or places have been confirmed with the host.,"[{""url"":""https://www.norfolkandwaveneymind.org.uk/volunteering"",""claim"":""The charity explicitly offers to develop company volunteering programmes and describes administration, community-group and REST-hub volunteering.""},{""url"":""https://www.norfolkandwaveneymind.org.uk/support-information/about-us"",""claim"":""The organisation describes its local mental-health services, including drop-in hubs and support programmes.""}]","{""location_postcode"": ""NR7 9TP"", ""location_address"": ""50 Sale Road, Norwich, Norfolk"", ""location_basis"": ""office"", ""coverage_names"": [""Norfolk"", ""Waveney""], ""coverage_level"": ""regional"", ""coverage_codes"": [""E07000143"", ""E07000144"", ""E07000145"", ""E07000146"", ""E07000147"", ""E07000148"", ""E07000149""], ""partner_directory"": false}","{""precision"": ""area""}"
east-england-emmaus-cambridge,Volunteering alongside the Emmaus Cambridge community,Emmaus Cambridge,east-england,programme,enquiry,community_support,Offer time and skills alongside companions and staff in the Emmaus community at Landbeach.,Supports a community addressing homelessness and social exclusion; tasks and commitment require agreement.,individual,,,,,,52.17951,0.09284,Landbeach,area_anchor,https://emmaus.org.uk/cambridge/support-us/volunteer-with-us/,Activity community at Landbeach. This does not define who is eligible for accommodation or the charity service boundary.,https://emmaus.org.uk/cambridge/support-us/volunteer-with-us/,https://emmaus.org.uk/cambridge/support-us/volunteer-with-us/,2026-09-18,2026-10-18,,,,,Public enquiry route; no dates or places have been confirmed with the host.,"[{""url"":""https://emmaus.org.uk/cambridge/support-us/volunteer-with-us/"",""claim"":""Emmaus invites volunteers to work alongside companions and gives its community address at Green End, Landbeach.""}]","{""location_postcode"": ""CB25 9FD"", ""location_address"": ""Emmaus Cambridge, Green End, Landbeach"", ""location_basis"": ""venue"", ""coverage_names"": [""Landbeach""], ""coverage_level"": ""local"", ""coverage_codes"": [""E07000012""], ""partner_directory"": false}","{""precision"": ""area""}"
east-england-emmaus-carlton-teams,Workplace volunteering days supporting homelessness services,Emmaus Village Carlton,east-england,programme,enquiry,community_support,The charity welcomes colleagues using workplace volunteering days to support its community for people who have experienced homelessness.,Helps maintain the practical operations and community facilities supporting people rebuilding their lives.,team_day,Workplace volunteering day; schedule agreed with host.,,,,,52.188745,'-0.45469,Carlton,area_anchor,https://emmaus.org.uk/village-carlton/about-us/corporate-volunteers/,"Activity site at Carlton, Bedfordshire. Beneficiary eligibility is not inferred from this location.",https://emmaus.org.uk/village-carlton/about-us/corporate-volunteers/,https://emmaus.org.uk/village-carlton/about-us/corporate-volunteers/,2026-09-18,2026-10-18,,,,,Public enquiry route; no dates or places have been confirmed with the host.,"[{""url"":""https://emmaus.org.uk/village-carlton/about-us/corporate-volunteers/"",""claim"":""The host expressly welcomes workplace volunteering days and supplies its School Lane, Carlton address.""}]","{""location_postcode"": ""MK43 7LQ"", ""location_address"": ""Emmaus Village Carlton, School Lane, Carlton"", ""location_basis"": ""venue"", ""coverage_names"": [""Carlton""], ""coverage_level"": ""local"", ""coverage_codes"": [""E06000055""], ""partner_directory"": false}","{""precision"": ""area""}"
east-england-wintercomfort-volunteers,Daytime support for homeless and vulnerably housed people,Wintercomfort,east-england,programme,enquiry,community_support,"Offer help with services, publicity or events at the Cambridge homelessness support charity.",Supports services assisting people with immediate welfare needs and longer-term stability.,individual,,,,,Over 18; enhanced DBS check for most roles. Opportunities take place during daytime hours.,52.197615,0.126595,Cambridge,area_anchor,https://wintercomfort.org.uk/volunteering/,Source describes Cambridge; individual arrangements and availability require confirmation.,https://wintercomfort.org.uk/volunteering/,https://wintercomfort.org.uk/volunteering/,2026-09-18,2026-10-18,,,,,Public enquiry route; no dates or places have been confirmed with the host.,"[{""url"":""https://wintercomfort.org.uk/volunteering/"",""claim"":""The host describes volunteering for homeless and vulnerably housed people in Cambridge, daytime hours, over-eighteen eligibility and enhanced DBS checks for most roles.""}]","{""location_postcode"": ""CB4 1EG"", ""location_address"": ""Overstream House, Victoria Avenue, Cambridge"", ""location_basis"": ""office"", ""coverage_names"": [""Cambridge""], ""coverage_level"": ""local"", ""coverage_codes"": [""E07000008""], ""partner_directory"": false}","{""precision"": ""area""}"
east-england-food-etc-cookery,Affordable-food cookery workshop volunteering,Food etc,east-england,programme,ongoing,skills|community_support,"Help deliver practical cookery workshops teaching people to prepare affordable, healthy meals in and around Bedford.",Builds practical household food skills and supports community groups facing hardship.,individual|skills|ongoing,Workshops 1.5–2 hours plus preparation; usually weekly over a six-week course.,,,,"Interest in cooking and confidence with groups; host provides Level 2 food-hygiene training, DBS check and mentoring.",52.188745,'-0.45469,Bedford,area_anchor,https://foodetc.org.uk/volunteer-with-us/,Source describes Bedford; individual arrangements and availability require confirmation.,https://foodetc.org.uk/volunteer-with-us/,https://foodetc.org.uk/volunteer-with-us/,2026-09-18,2026-10-18,,,,,Ongoing workshop recruitment route; confirm training and the course commitment. Not presented as a one-day placement.,"[{""url"":""https://foodetc.org.uk/volunteer-with-us/"",""claim"":""Host recruits volunteers for workshops around Bedford, normally a six-week course, and provides food-hygiene training, DBS checks and mentoring.""}]","{""coverage_names"": [""Bedford""], ""coverage_level"": ""local"", ""coverage_codes"": [""E06000055""], ""partner_directory"": false}","{""precision"": ""area""}"
east-england-herts-young-homeless,Skills and volunteering support for youth homelessness prevention,Herts Young Homeless,east-england,programme,enquiry,community_support,Offer relevant experience through the charity volunteering route or review its current support roles. Frontline positions are rarely available.,Could support a local charity preventing housing crises among young people; available tasks need careful matching.,individual|skills,,,,,Host asks applicants with relevant skills and experience to describe these in its application form.,51.778516,'-0.263174,Hertfordshire,area_anchor,https://www.hyh.org.uk/get-involved/volunteer,Source describes Hertfordshire; individual arrangements and availability require confirmation.,https://www.hyh.org.uk/get-involved/volunteer,https://www.hyh.org.uk/get-involved/volunteer,2026-09-18,2026-10-18,,,,,Public enquiry route; no dates or places have been confirmed with the host.,"[{""url"":""https://www.hyh.org.uk/get-involved/volunteer"",""claim"":""Host provides application and vacancy routes and states frontline volunteering is rarely available.""},{""url"":""https://www.hyh.org.uk/"",""claim"":""The charity states its mission is preventing youth homelessness in Hertfordshire.""}]","{""location_postcode"": ""AL10 8HX"", ""location_address"": ""Gracemead House, 1st Floor, Woods Avenue, Hatfield"", ""location_basis"": ""office"", ""coverage_names"": [""Hertfordshire""], ""coverage_level"": ""county"", ""coverage_codes"": [""E07000095"", ""E07000096"", ""E07000098"", ""E07000099"", ""E07000102"", ""E07000103"", ""E07000240"", ""E07000241"", ""E07000242"", ""E07000243""], ""partner_directory"": false}","{""precision"": ""area""}"
east-england-north-norfolk-community-coordinator,Community emergency-coordinator enquiry,North Norfolk District Council / local parish and town councils,east-england,programme,enquiry,preparedness,Ask your parish or town council about helping as a community emergency coordinator and whether someone already holds the role.,Directly supports local preparedness and neighbour-to-neighbour support during disruption.,individual|ongoing,,,,,,52.830095,1.191385,North Norfolk,area_anchor,https://www.north-norfolk.gov.uk/tasks/emergency-planning/find-out-how-to-promote-resilience-in-your-community/,North Norfolk council guidance for local communities; enquire with the relevant parish or town council. No vacancy or full service boundary is asserted.,https://www.north-norfolk.gov.uk/tasks/emergency-planning/find-out-how-to-promote-resilience-in-your-community/,https://www.north-norfolk.gov.uk/tasks/emergency-planning/find-out-how-to-promote-resilience-in-your-community/,2026-09-18,2026-10-18,,,,,General enquiry route. The role may already be filled; ongoing local responsibility rather than a bookable employee day.,"[{""url"":""https://www.north-norfolk.gov.uk/tasks/emergency-planning/find-out-how-to-promote-resilience-in-your-community/"",""claim"":""Council guidance identifies a volunteer community emergency-coordinator route through parish and town councils.""}]","{""coverage_names"": [""North Norfolk""], ""coverage_level"": ""local"", ""coverage_codes"": [""E07000147""], ""partner_directory"": false}","{""precision"": ""area""}"
east-england-find-ipswich-drivers,Volunteer drivers supporting crisis food provision,FIND (Families in Need),east-england,opportunity,ongoing,community_support,FIND invites volunteer-driver interest for its work providing food and essential items to people experiencing hardship.,Supports practical deliveries for households facing an immediate crisis.,individual|ongoing,,,,,,52.05725,1.165445,Ipswich,area_anchor,https://findipswich.org.uk/,Ipswich and surrounding areas as described by the host; outer service boundary is not verified.,https://findipswich.org.uk/,https://findipswich.org.uk/,2026-09-18,2026-10-18,,,,,Host homepage advertises volunteer drivers. Detailed driver conditions and current capacity need confirmation; linked role PDF was not accessible during this check.,"[{""url"":""https://findipswich.org.uk/"",""claim"":""The host describes Ipswich and surrounding-area support, volunteer food collection and delivery, and a current volunteer-driver recruitment notice.""}]","{""coverage_names"": [""Ipswich""], ""coverage_level"": ""local"", ""coverage_codes"": [""E07000202""], ""partner_directory"": false}","{""precision"": ""area""}"
east-england-harp-corporate,Team and skills support for homelessness services,HARP,east-england,programme,enquiry,community_support,"HARP invites corporate volunteers to contribute individually or as a team, share skills or help with a specific project.",Could strengthen local homelessness services and support for people in crisis. Tasks must be agreed with the host.,team_day|skills,,,,,,52.219435,0.508985,East of England · broad discovery area,area_anchor,https://harphomeless.org/get-involved/volunteer/volunteer/,Host describes its services as South Essex. No exact service boundary or activity venue is inferred from its Southend office.,https://harphomeless.org/get-involved/volunteer/volunteer/,https://harphomeless.org/get-involved/volunteer/volunteer/,2026-09-18,2026-10-18,,,,,Public enquiry route; no dates or places have been confirmed with the host.,"[{""url"":""https://harphomeless.org/get-involved/volunteer/volunteer/"",""claim"":""Host offers corporate volunteering individually or in teams, involving skills or a specific project.""},{""url"":""https://harphomeless.org/"",""claim"":""Host identifies itself as a South Essex homelessness charity.""}]","{""location_postcode"": ""SS1 1JN"", ""location_address"": ""Registered office, 104–106 High Street, Southend-on-Sea"", ""location_basis"": ""office"", ""coverage_names"": [""South Essex""], ""coverage_level"": ""regional"", ""coverage_codes"": [], ""partner_directory"": false}","{""precision"": ""area""}"
east-england-huntingdonshire-volunteer-centre,Huntingdonshire volunteer matching,Huntingdonshire Volunteer Centre,east-england,broker,enquiry,community_support,The centre matches people to local volunteering roles and runs community transport and shop services.,Provides a local connection to voluntary organisations and services supporting isolated residents.,unknown,,,,,,52.370885,'-0.22416,Huntingdonshire,area_anchor,https://huntsvc.org.uk/,Source describes Huntingdonshire; individual arrangements and availability require confirmation.,https://huntsvc.org.uk/,https://huntsvc.org.uk/,2026-09-18,2026-10-18,,,,,Public enquiry route; no dates or places have been confirmed with the host.,"[{""url"":""https://huntsvc.org.uk/"",""claim"":""The centre states its Huntingdonshire remit and describes volunteer matching and car schemes in Huntingdon, St Ives, St Neots and Ramsey.""}]","{""location_postcode"": ""PE29 3GH"", ""location_address"": ""St George’s House, 14 George Street, Huntingdon"", ""location_basis"": ""office"", ""coverage_names"": [""Huntingdonshire""], ""coverage_level"": ""local"", ""coverage_codes"": [""E07000011""], ""partner_directory"": true}","{""precision"": ""area""}"
east-england-thurrock-cvs,Thurrock volunteer and employee-team matching,Thurrock CVS,east-england,broker,enquiry,community_support|skills,"Volunteer Centre Thurrock matches residents with local roles. Its business service also offers matching for employee teams, from a single team day to longer commitments.",A borough-level route for employers to discuss useful support for local community organisations before agreeing a task.,team_day|individual|skills,,,,,,51.47439,0.322501,"The Beehive, West Street, Grays, Essex RM17 6XP",office,https://thurrockcvs.org/volunteer-centre/,"The volunteer centre and business pages explicitly describe Thurrock-wide services. The Grays address is an office, not a confirmed activity venue.",https://thurrockcvs.org/volunteer-centre/,https://thurrockcvs.org/volunteer-centre/,2026-09-18,2026-10-18,,,,,Public enquiry route; no dates or places have been confirmed with the host.,"[{""url"":""https://thurrockcvs.org/volunteer-centre/"",""claim"":""The volunteer centre matches volunteers across Thurrock and publishes its Grays office address.""},{""url"":""https://thurrockcvs.org/about/working-with-businesses/"",""claim"":""The business route explicitly offers employee-team matching from single team days to longer-term commitments and accepts professional skills.""}]","{""location_postcode"": ""RM17 6XP"", ""location_address"": ""The Beehive, West Street, Grays, Essex RM17 6XP"", ""location_basis"": ""office"", ""location_source_url"": ""https://thurrockcvs.org/volunteer-centre/"", ""coverage_names"": [""Thurrock""], ""coverage_level"": ""local"", ""coverage_codes"": [""E06000034""], ""partner_directory"": true}","{""precision"": ""postcode"", ""geocode_source_url"": ""https://api.postcodes.io/postcodes/RM17%206XP"", ""geocode_checked_at"": ""2026-09-18""}"
east-england-savs-southend,Southend Volunteer Hub and business support,Southend Association of Voluntary Services (SAVS),east-england,broker,enquiry,community_support|skills,SAVS links people with volunteering organisations across Southend through its Volunteer Hub. Businesses can also discuss tailored local projects and professional support through its social-value service.,A local matching and consultation route to help companies identify community organisations needing suitable support.,individual|skills,,,,,,51.535015,0.711793,"29–31 Alexandra Street, Southend-on-Sea SS1 1BW",office,https://www.savs-southend.org/contact-us/,The host explicitly describes organisations and business activity across the City of Southend. Its office is not a confirmed volunteering venue.,https://www.savs-southend.org/savs-project/southend-volunteer-hub/,https://www.savs-southend.org/savs-project/southend-volunteer-hub/,2026-09-18,2026-10-18,,,,,Public enquiry route; no dates or places have been confirmed with the host.,"[{""url"":""https://www.savs-southend.org/savs-project/southend-volunteer-hub/"",""claim"":""SAVS links volunteers to organisations across Southend and supports those organisations with recruitment.""},{""url"":""https://www.savs-southend.org/savs-social-value/"",""claim"":""SAVS offers business consultations and bespoke community projects in the City of Southend, with an example of professional IT knowledge-sharing.""},{""url"":""https://www.savs-southend.org/contact-us/"",""claim"":""Official contact page publishes the Alexandra Street office address and postcode.""}]","{""location_postcode"": ""SS1 1BW"", ""location_address"": ""29–31 Alexandra Street, Southend-on-Sea SS1 1BW"", ""location_basis"": ""office"", ""location_source_url"": ""https://www.savs-southend.org/contact-us/"", ""coverage_names"": [""Southend-on-Sea""], ""coverage_level"": ""local"", ""coverage_codes"": [""E06000033""], ""partner_directory"": true}","{""precision"": ""postcode"", ""geocode_source_url"": ""https://api.postcodes.io/postcodes/SS1%201BW"", ""geocode_checked_at"": ""2026-09-18""}"
east-midlands-cvs-lincolnshire,Lincolnshire employee-volunteering brokerage,CVS Lincolnshire,east-midlands,broker,enquiry,community_support,Helps employers arrange volunteer team challenges with local community organisations and accepts enquiries from potential hosts.,A local route to organisations supporting residents; agree a specific useful preparedness or community-support task with the eventual host.,team_day|individual,,,,,,53.081546,'-0.291611,Lincolnshire,area_anchor,https://cvslincolnshire.org.uk/employer-supported-volunteering-esv/,Source describes work in Lincolnshire. Specific host locations and service areas require confirmation.,https://cvslincolnshire.org.uk/employer-supported-volunteering-esv/,https://cvslincolnshire.org.uk/employer-supported-volunteering-esv/,2026-09-18,2026-10-18,,,,,"Public enquiry route; no place, date or host capacity has been confirmed for this atlas.","[{""url"":""https://cvslincolnshire.org.uk/employer-supported-volunteering-esv/"",""claim"":""Employer supported team challenges are offered through an enquiry form.""},{""url"":""https://cvslincolnshire.org.uk/"",""claim"":""CVS Lincolnshire supports the Lincolnshire voluntary sector; it combines former LCVS and Voluntary Centre Services.""}]","{""coverage_names"": [""Lincolnshire""], ""coverage_level"": ""county"", ""coverage_codes"": [""E07000136"", ""E07000137"", ""E07000138"", ""E07000139"", ""E07000140"", ""E07000141"", ""E07000142""], ""partner_directory"": true}","{""precision"": ""area""}"
east-midlands-nottingham-cvs,Find a local volunteer role in Nottingham,Nottingham Community and Voluntary Service,east-midlands,broker,enquiry,community_support,"Offers a searchable volunteer directory and advisor support to match interests, skills and availability with local roles.",A local route to organisations supporting residents; agree a specific useful preparedness or community-support task with the eventual host.,individual,,,,,,52.953795,'-1.16648,Nottingham,area_anchor,https://www.nottinghamcvs.co.uk/volunteering/want-to-volunteer,Source describes work in Nottingham. Specific host locations and service areas require confirmation.,https://www.nottinghamcvs.co.uk/volunteering/want-to-volunteer,https://www.nottinghamcvs.co.uk/volunteering/want-to-volunteer,2026-09-18,2026-10-18,,,,,"Public enquiry route; no place, date or host capacity has been confirmed for this atlas.","[{""url"":""https://www.nottinghamcvs.co.uk/volunteering/want-to-volunteer"",""claim"":""NCVS provides volunteer advice and a database filterable by role, organisation type, time and Nottingham electoral ward.""}]","{""coverage_names"": [""Nottingham""], ""coverage_level"": ""local"", ""coverage_codes"": [""E06000018""], ""partner_directory"": true}","{""precision"": ""area""}"
east-midlands-derbyshire-voluntary-action,Derbyshire community and voluntary-sector connections,Derbyshire Voluntary Action,east-midlands,broker,enquiry,community_support,"Connects charities, community groups and partners through development support and voluntary-sector forums.",A coordination route to local community organisations; a volunteering placement would need to be developed separately.,unknown,,,,,,53.120325,'-1.50114,Derbyshire,area_anchor,https://dva.org.uk/,Source describes work in Derbyshire. Specific host locations and service areas require confirmation.,https://dva.org.uk/,https://dva.org.uk/,2026-09-18,2026-10-18,,,,,"Public enquiry route; no place, date or host capacity has been confirmed for this atlas.","[{""url"":""https://dva.org.uk/"",""claim"":""Works with groups across Derbyshire and supports networks and community development.""}]","{""coverage_names"": [""Derbyshire""], ""coverage_level"": ""county"", ""coverage_codes"": [""E07000032"", ""E07000033"", ""E07000034"", ""E07000035"", ""E07000036"", ""E07000037"", ""E07000038"", ""E07000039""], ""partner_directory"": true}","{""precision"": ""area""}"
east-midlands-val-volunteering,Find volunteering in Leicester and Leicestershire,Voluntary Action LeicesterShire,east-midlands,broker,enquiry,community_support,Supports local voluntary organisations and links people to its volunteering opportunity service.,A local route to organisations supporting residents; agree a specific useful preparedness or community-support task with the eventual host.,individual,,,,,,52.658772,'-1.1546,"Leicester, Leicestershire",area_anchor,https://valonline.org.uk/,"Source describes work in Leicester, Leicestershire. Specific host locations and service areas require confirmation.",https://valonline.org.uk/,https://volunteer.valonline.org.uk/,2026-09-18,2026-10-18,,,,,"Public enquiry route; no place, date or host capacity has been confirmed for this atlas.","[{""url"":""https://valonline.org.uk/"",""claim"":""VAL serves Leicester and Leicestershire and publishes a dedicated volunteer-search route.""}]","{""coverage_names"": [""Leicester"", ""Leicestershire""], ""coverage_level"": ""county"", ""coverage_codes"": [""E06000016"", ""E07000129"", ""E07000130"", ""E07000131"", ""E07000132"", ""E07000133"", ""E07000134"", ""E07000135""], ""partner_directory"": true}","{""precision"": ""area""}"
east-midlands-vin-corporate,Northamptonshire corporate volunteering connections,Voluntary Impact Northamptonshire,east-midlands,broker,enquiry,community_support,Links employers and individuals to corporate volunteering opportunities and invites charities to submit tasks.,A local route to organisations supporting residents; agree a specific useful preparedness or community-support task with the eventual host.,team_day|individual,,,,,,52.3225,'-0.821185,Northamptonshire,area_anchor,https://voluntaryimpact.org.uk/volunteer/corporate-volunteering/,Source describes work in Northamptonshire. Specific host locations and service areas require confirmation.,https://voluntaryimpact.org.uk/volunteer/corporate-volunteering/,https://voluntaryimpact.org.uk/volunteer/corporate-volunteering/,2026-09-18,2026-10-18,,,,,"Public enquiry route; no place, date or host capacity has been confirmed for this atlas.","[{""url"":""https://voluntaryimpact.org.uk/volunteer/corporate-volunteering/"",""claim"":""Offers corporate volunteering routes for groups or individuals and collects host role descriptions.""},{""url"":""https://voluntaryimpact.org.uk/"",""claim"":""Voluntary Impact Northamptonshire is the local community-sector support organisation.""}]","{""coverage_names"": [""Northamptonshire""], ""coverage_level"": ""county"", ""coverage_codes"": [""E06000061"", ""E06000062""], ""partner_directory"": true}","{""precision"": ""area""}"
west-midlands-support-staffordshire-volunteers,Find volunteering across Staffordshire,Support Staffordshire,west-midlands,broker,enquiry,community_support,Provides volunteer brokerage and adviser support to help people identify suitable roles with local organisations.,A local route to organisations supporting residents; agree a specific useful preparedness or community-support task with the eventual host.,individual,,,,,,52.804154,'-1.988187,Staffordshire,area_anchor,https://supportstaffordshire.org.uk/volunteers/,Source describes work in Staffordshire. Specific host locations and service areas require confirmation.,https://supportstaffordshire.org.uk/volunteers/,https://supportstaffordshire.org.uk/volunteers/,2026-09-18,2026-10-18,,,,,"Public enquiry route; no place, date or host capacity has been confirmed for this atlas.","[{""url"":""https://supportstaffordshire.org.uk/volunteers/"",""claim"":""Provides a free confidential volunteer brokerage service for people across Staffordshire.""}]","{""coverage_names"": [""Staffordshire""], ""coverage_level"": ""county"", ""coverage_codes"": [""E07000192"", ""E07000193"", ""E07000194"", ""E07000195"", ""E07000196"", ""E07000197"", ""E07000198"", ""E07000199""], ""partner_directory"": true}","{""precision"": ""area""}"
west-midlands-support-staffordshire-resilience,Staffordshire voluntary-sector emergency connections,Support Staffordshire,west-midlands,broker,enquiry,preparedness|recovery|response,Works with the Civil Contingency Unit to involve voluntary organisations in emergency response and recovery.,"A direct route to local voluntary-sector emergency coordination, rather than an advertised corporate placement.",unknown,,,,,,52.804154,'-1.988187,Staffordshire,area_anchor,https://supportstaffordshire.org.uk/local-emergency-resilience/,Source describes work in Staffordshire. Specific host locations and service areas require confirmation.,https://supportstaffordshire.org.uk/local-emergency-resilience/,https://supportstaffordshire.org.uk/local-emergency-resilience/,2026-09-18,2026-10-18,,,,,"Public enquiry route; no place, date or host capacity has been confirmed for this atlas.","[{""url"":""https://supportstaffordshire.org.uk/local-emergency-resilience/"",""claim"":""The page describes coordination on emergency volunteers, rest centres and specialist voluntary capabilities.""}]","{""coverage_names"": [""Staffordshire""], ""coverage_level"": ""county"", ""coverage_codes"": [""E07000192"", ""E07000193"", ""E07000194"", ""E07000195"", ""E07000196"", ""E07000197"", ""E07000198"", ""E07000199""], ""partner_directory"": true}","{""precision"": ""area""}"
west-midlands-shropshire-community-resource,Shropshire community organisation support,Community Resource,west-midlands,broker,enquiry,community_support,"Supports community groups with governance, funding and local organisational development.",Can inform locally useful organisational support; a volunteer task and willing host must be agreed separately.,unknown,,,,,,52.652345,'-2.73422,Shropshire,area_anchor,https://community-resource.org.uk/service-community-support/,Source describes work in Shropshire. Specific host locations and service areas require confirmation.,https://community-resource.org.uk/service-community-support/,https://community-resource.org.uk/service-community-support/,2026-09-18,2026-10-18,,,,,"Public enquiry route; no place, date or host capacity has been confirmed for this atlas.","[{""url"":""https://community-resource.org.uk/service-community-support/"",""claim"":""The community infrastructure service provides advice and training to Shropshire voluntary and community organisations.""}]","{""coverage_names"": [""Shropshire""], ""coverage_level"": ""county"", ""coverage_codes"": [""E06000051""], ""partner_directory"": true}","{""precision"": ""area""}"
west-midlands-hvoss-corporate,Herefordshire team and skills volunteering brokerage,hvoss,west-midlands,broker,enquiry,community_support|skills,"Helps companies develop volunteering programmes, connect with local charities and find potential team challenges.",A local route to organisations supporting residents; agree a specific useful preparedness or community-support task with the eventual host.,team_day|skills|individual,,,,,,52.110805,'-2.73994,Herefordshire,area_anchor,https://www.hvoss.org.uk/corporate-volunteering/,Source describes work in Herefordshire. Specific host locations and service areas require confirmation.,https://www.hvoss.org.uk/corporate-volunteering/,https://www.hvoss.org.uk/corporate-volunteering/,2026-09-18,2026-10-18,,,,,"Public enquiry route; no place, date or host capacity has been confirmed for this atlas.","[{""url"":""https://www.hvoss.org.uk/corporate-volunteering/"",""claim"":""Offers programme design, local charity connections and team-challenge sourcing, including practical and skilled contributions.""}]","{""coverage_names"": [""Herefordshire""], ""coverage_level"": ""county"", ""coverage_codes"": [""E06000019""], ""partner_directory"": true}","{""precision"": ""area""}"
west-midlands-wcava-business,Warwickshire and Solihull team and skills brokerage,Warwickshire & Solihull Community and Voluntary Action,west-midlands,broker,enquiry,community_support|skills,Invites employers to arrange team support for community groups or contribute one-off specialist skills.,A local route to organisations supporting residents; agree a specific useful preparedness or community-support task with the eventual host.,team_day|skills|individual,,,,,,52.391707,'-1.557442,"Warwickshire, Solihull",area_anchor,https://www.wcava.org.uk/volunteering/business-volunteering-support/,"Source describes work in Warwickshire, Solihull. Specific host locations and service areas require confirmation.",https://www.wcava.org.uk/volunteering/business-volunteering-support/,https://www.wcava.org.uk/volunteering/business-volunteering-support/,2026-09-18,2026-10-18,,,,,"Public enquiry route; no place, date or host capacity has been confirmed for this atlas.","[{""url"":""https://www.wcava.org.uk/volunteering/business-volunteering-support/"",""claim"":""Offers business volunteering support and one-off specialist skills connections.""},{""url"":""https://www.wcava.org.uk/"",""claim"":""CAVA identifies its local infrastructure coverage as Warwickshire and Solihull.""}]","{""coverage_names"": [""Warwickshire"", ""Solihull""], ""coverage_level"": ""county"", ""coverage_codes"": [""E07000218"", ""E07000219"", ""E07000220"", ""E07000221"", ""E07000222"", ""E08000029""], ""partner_directory"": true}","{""precision"": ""area""}"
west-midlands-bvsc-volunteer,Birmingham volunteering connections,Birmingham Voluntary Service Council,west-midlands,broker,enquiry,community_support,Provides a public route into volunteering in Birmingham.,A local route to organisations supporting residents; agree a specific useful preparedness or community-support task with the eventual host.,individual,,,,,,52.49495,'-1.881245,Birmingham,area_anchor,https://www.bvsc.org/become-a-volunteer,Source describes work in Birmingham. Specific host locations and service areas require confirmation.,https://www.bvsc.org/become-a-volunteer,https://www.bvsc.org/become-a-volunteer,2026-09-18,2026-10-18,,,,,"Public enquiry route; no place, date or host capacity has been confirmed for this atlas.","[{""url"":""https://www.bvsc.org/become-a-volunteer"",""claim"":""BVSC directs people to ways of getting involved in Birmingham volunteering.""}]","{""coverage_names"": [""Birmingham""], ""coverage_level"": ""local"", ""coverage_codes"": [""E08000025""], ""partner_directory"": true}","{""precision"": ""area""}"
west-midlands-vac-volunteering,Coventry volunteer matching and support,Voluntary Action Coventry,west-midlands,broker,enquiry,community_support,Helps people find local volunteering and supports organisations involving volunteers in Coventry.,A local route to organisations supporting residents; agree a specific useful preparedness or community-support task with the eventual host.,individual,,,,,,52.414345,'-1.5193,Coventry,area_anchor,https://www.vacoventry.org.uk/volunteering-landing-page/,Source describes work in Coventry. Specific host locations and service areas require confirmation.,https://www.vacoventry.org.uk/volunteering-landing-page/,https://www.getinvolvedcoventry.org.uk/,2026-09-18,2026-10-18,,,,,"Public enquiry route; no place, date or host capacity has been confirmed for this atlas.","[{""url"":""https://www.vacoventry.org.uk/volunteering-landing-page/"",""claim"":""VAC supports volunteering and provides a link to the Get Involved Coventry opportunity platform.""}]","{""coverage_names"": [""Coventry""], ""coverage_level"": ""local"", ""coverage_codes"": [""E08000026""], ""partner_directory"": true}","{""precision"": ""area""}"
west-midlands-one-walsall-corporate,Walsall corporate team and skills connections,One Walsall,west-midlands,broker,enquiry,community_support|skills,"Connects corporate volunteers with local charities and community organisations, including practical and skills-based challenges.",A local route to organisations supporting residents; agree a specific useful preparedness or community-support task with the eventual host.,team_day|skills|individual,,,,,,52.605045,'-1.975175,Walsall,area_anchor,https://onewalsall.org/volunteering-opportunities,Source describes work in Walsall. Specific host locations and service areas require confirmation.,https://onewalsall.org/volunteering-opportunities,https://onewalsall.org/volunteering-opportunities,2026-09-18,2026-10-18,,,,,"Public enquiry route; no place, date or host capacity has been confirmed for this atlas.","[{""url"":""https://onewalsall.org/volunteering-opportunities"",""claim"":""CSR enquiry asks about team or skills challenges, offered skills and one-off or regular availability.""}]","{""coverage_names"": [""Walsall""], ""coverage_level"": ""local"", ""coverage_codes"": [""E08000030""], ""partner_directory"": true}","{""precision"": ""area""}"
west-midlands-scvo-volunteering,Sandwell volunteer opportunities and support,Sandwell Council of Voluntary Organisations,west-midlands,broker,enquiry,community_support,Supports local organisations to recruit and manage volunteers and promotes opportunities through its Let’s Go portal.,A local route to organisations supporting residents; agree a specific useful preparedness or community-support task with the eventual host.,individual,,,,,,52.51491,'-2.007615,Sandwell,area_anchor,https://www.scvo.info/support-services-2/volunteering-support/,Source describes work in Sandwell. Specific host locations and service areas require confirmation.,https://www.scvo.info/support-services-2/volunteering-support/,https://www.scvo.info/lets-go-sandwell/,2026-09-18,2026-10-18,,,,,"Public enquiry route; no place, date or host capacity has been confirmed for this atlas.","[{""url"":""https://www.scvo.info/support-services-2/volunteering-support/"",""claim"":""SCVO supports volunteer participation across Sandwell, including work with local businesses and a public opportunity portal.""}]","{""coverage_names"": [""Sandwell""], ""coverage_level"": ""local"", ""coverage_codes"": [""E08000028""], ""partner_directory"": true}","{""precision"": ""area""}"
west-midlands-dudley-volunteer-centre,Dudley volunteering and pro-bono connections,Dudley CVS,west-midlands,broker,enquiry,community_support|skills,Helps individuals find local roles and businesses connect with community organisations through volunteering or pro-bono support.,A local route to organisations supporting residents; agree a specific useful preparedness or community-support task with the eventual host.,individual|skills,,,,,,52.49224,'-2.101655,Dudley,area_anchor,https://www.dudleycvs.org.uk/about/who-we-are/volunteer-centre/,Source describes work in Dudley. Specific host locations and service areas require confirmation.,https://www.dudleycvs.org.uk/about/who-we-are/volunteer-centre/,https://www.dudleycvs.org.uk/about/who-we-are/volunteer-centre/,2026-09-18,2026-10-18,,,,,"Public enquiry route; no place, date or host capacity has been confirmed for this atlas.","[{""url"":""https://www.dudleycvs.org.uk/about/who-we-are/volunteer-centre/"",""claim"":""Volunteer Centre Dudley serves Dudley Borough and explicitly supports businesses volunteering or offering pro-bono help.""}]","{""coverage_names"": [""Dudley""], ""coverage_level"": ""local"", ""coverage_codes"": [""E08000027""], ""partner_directory"": true}","{""precision"": ""area""}"
west-midlands-wolverhampton-volunteers,Wolverhampton volunteer matching,Wolverhampton Voluntary & Community Action,west-midlands,broker,enquiry,community_support,Connects volunteers and local businesses with community roles and supports host organisations with recruitment and good practice.,A local route to organisations supporting residents; agree a specific useful preparedness or community-support task with the eventual host.,individual,,,,,,52.590925,'-2.12745,Wolverhampton,area_anchor,https://www.wvca.org.uk/wolverhampton-volunteers/,Source describes work in Wolverhampton. Specific host locations and service areas require confirmation.,https://www.wvca.org.uk/wolverhampton-volunteers/,https://www.wtonvolunteers.org/,2026-09-18,2026-10-18,,,,,"Public enquiry route; no place, date or host capacity has been confirmed for this atlas.","[{""url"":""https://www.wvca.org.uk/wolverhampton-volunteers/"",""claim"":""Wolverhampton Volunteers provides a registration route and support for local volunteer-involving organisations.""}]","{""coverage_names"": [""Wolverhampton""], ""coverage_level"": ""local"", ""coverage_codes"": [""E08000031""], ""partner_directory"": true}","{""precision"": ""area""}"
west-midlands-worcester-community-action,Worcester volunteer matching,Worcester Community Action,west-midlands,broker,enquiry,community_support,Recruits volunteers for local organisations and offers a register-interest route to help people find suitable roles.,A local route to organisations supporting residents; agree a specific useful preparedness or community-support task with the eventual host.,individual,,,,,,52.196515,'-2.20999,Worcester,area_anchor,https://worcestercommunityaction.org.uk/volunteer/,Worcester volunteer centre; this record does not establish countywide Worcestershire coverage.,https://worcestercommunityaction.org.uk/volunteer/,https://worcestercommunityaction.org.uk/volunteer/,2026-09-18,2026-10-18,,,,,"Public enquiry route; no place, date or host capacity has been confirmed for this atlas.","[{""url"":""https://worcestercommunityaction.org.uk/volunteer/"",""claim"":""The volunteer centre recruits on behalf of organisations and invites people to discuss roles beyond the online listings.""}]","{""coverage_names"": [""Worcester""], ""coverage_level"": ""local"", ""coverage_codes"": [""E07000237""], ""partner_directory"": true}","{""precision"": ""area""}"
east-midlands-community-action-derby,Derby city volunteering advice,Community Action Derby,east-midlands,broker,enquiry,community_support,Helps people find volunteering in Derby and supports local organisations that involve volunteers.,A local route to organisations supporting residents; agree a specific useful preparedness or community-support task with the eventual host.,individual,,,,,,52.91473,'-1.46995,Derby,area_anchor,https://www.communityactionderby.org.uk/how-we-can-help/volunteering,Source identifies Derby city volunteering support; not assumed to cover all Derbyshire.,https://www.communityactionderby.org.uk/how-we-can-help/volunteering,https://www.communityactionderby.org.uk/how-we-can-help/volunteering,2026-09-18,2026-10-18,,,,,"Public enquiry route; no place, date or host capacity has been confirmed for this atlas.","[{""url"":""https://www.communityactionderby.org.uk/how-we-can-help/volunteering"",""claim"":""The city volunteer centre provides matching advice and support for volunteer-involving organisations.""}]","{""coverage_names"": [""Derby""], ""coverage_level"": ""local"", ""coverage_codes"": [""E06000015""], ""partner_directory"": true}","{""precision"": ""area""}"
east-midlands-mansfield-cvs,Mansfield volunteer connections,Mansfield CVS,east-midlands,broker,enquiry,community_support,Supports people interested in volunteering and organisations recruiting volunteers in Mansfield and district.,A local route to organisations supporting residents; agree a specific useful preparedness or community-support task with the eventual host.,individual,,,,,,53.17521,'-1.177415,Mansfield,area_anchor,https://www.mansfieldcvs.org/,Source describes Mansfield and district. Only Mansfield is assigned; the wider district wording is not expanded into neighbouring council areas.,https://www.mansfieldcvs.org/,https://www.mansfieldcvs.org/,2026-09-18,2026-10-18,,,,,"Public enquiry route; no place, date or host capacity has been confirmed for this atlas.","[{""url"":""https://www.mansfieldcvs.org/"",""claim"":""Mansfield CVS provides volunteer information and links to roles for individuals and local organisations.""}]","{""coverage_names"": [""Mansfield""], ""coverage_level"": ""local"", ""coverage_codes"": [""E07000174""], ""partner_directory"": true}","{""precision"": ""area""}"
east-midlands-rutland-early-help,Volunteer with Rutland family and youth services,Rutland County Council,east-midlands,programme,enquiry,community_support,"Invites interest in Early Help volunteering, including family, youth and SEND activity support.",Supports local family and youth services; the source does not establish an emergency deployment or corporate team day.,individual,,,,,Role-dependent safeguarding and DBS requirements; induction and training provided. Confirm age and parental-consent requirements with the council.,52.642225,'-0.62506,Rutland,area_anchor,https://www.rutland.gov.uk/jobs-volunteering/volunteering,Source describes work in Rutland. Specific host locations and service areas require confirmation.,https://www.rutland.gov.uk/jobs-volunteering/volunteering,https://www.rutland.gov.uk/jobs-volunteering/volunteering,2026-09-18,2026-10-18,,,,,"Public enquiry route; no place, date or host capacity has been confirmed for this atlas.","[{""url"":""https://www.rutland.gov.uk/jobs-volunteering/volunteering"",""claim"":""Council describes Early Help volunteering and provides a register-interest route with induction and training.""}]","{""coverage_names"": [""Rutland""], ""coverage_level"": ""county"", ""coverage_codes"": [""E06000017""], ""partner_directory"": false}","{""precision"": ""area""}"
midlands-fareshare-corporate,Team food-redistribution volunteering,FareShare Midlands,east-midlands|west-midlands,programme,enquiry,community_support,"Offers guided corporate warehouse volunteering at its Birmingham, Leicester and Nottingham depots.",Practical support for a food-redistribution network serving local community organisations.,team_day,,Published standard session: 6–15 people; larger groups by enquiry.,Published corporate rate £50 per person excluding VAT; confirm the chosen depot and package.,,,52.694947,'-1.392938,"Birmingham, Leicester, Nottingham",area_anchor,https://www.faresharemidlands.org.uk/corporate-volunteering,"Birmingham, Leicester and Nottingham are advertised depot locations for this programme. This does not establish availability across the wider Midlands.",https://www.faresharemidlands.org.uk/corporate-volunteering,https://www.faresharemidlands.org.uk/corporate-volunteering,2026-09-18,2026-10-18,,,,,"Public enquiry route; no place, date or host capacity has been confirmed for this atlas.","[{""url"":""https://www.faresharemidlands.org.uk/corporate-volunteering"",""claim"":""Corporate volunteering page identifies three depots, warehouse activity, published group sizes and pricing.""}]","{""coverage_names"": [""Birmingham"", ""Leicester"", ""Nottingham""], ""coverage_level"": ""local"", ""coverage_codes"": [""E06000016"", ""E06000018"", ""E08000025""], ""partner_directory"": false}","{""precision"": ""area""}"
midlands-fareshare-admin,Food-redistribution administration volunteering,FareShare Midlands,east-midlands|west-midlands,opportunity,advertised,community_support|skills,"Warehouse administration role supporting records, schedules and communication with community food members.",Administrative capacity helps community organisations receive food reliably.,individual|skills,,,,,"IT literacy, numeracy, planning, attention to detail and communication skills; confirm the required commitment with the host.",52.79691,'-0.83924,East Midlands · broad discovery area,area_anchor,https://www.faresharemidlands.org.uk/volunteer-admin,"Regional FareShare Midlands role; this page does not name a specific placement depot, so no council or venue is inferred.",https://www.faresharemidlands.org.uk/volunteer-admin,https://www.faresharemidlands.org.uk/volunteer-admin,2026-09-18,2026-10-18,,,,,"Published role with an application route; location, hours and a place must be confirmed by the host.","[{""url"":""https://www.faresharemidlands.org.uk/volunteer-admin"",""claim"":""The role page describes data management, Excel scheduling and member liaison, with IT, numeracy and organisation skills requested.""}]","{""coverage_names"": [""Midlands""], ""coverage_level"": ""regional"", ""coverage_codes"": [], ""partner_directory"": false}","{""precision"": ""area""}"
west-midlands-fareshare-kitchen,Birmingham community kitchen volunteering,FareShare Midlands,west-midlands,opportunity,advertised,community_support,"Kitchen assistants help prepare and serve food, wash up and keep the kitchen organised.",Supports food provision using surplus ingredients for local community benefit.,individual,Morning or afternoon shifts; exact hours by arrangement.,,,,No formal experience required; follow instructions and complete host-provided food-hygiene training.,52.49495,'-1.881245,Birmingham,area_anchor,https://www.faresharemidlands.org.uk/volunteer-vacancies/volunteer-kitchen-assistant,The advertised kitchen role is in Birmingham; exact venue and available shifts require host confirmation.,https://www.faresharemidlands.org.uk/volunteer-vacancies/volunteer-kitchen-assistant,https://www.faresharemidlands.org.uk/volunteer-vacancies/volunteer-kitchen-assistant,2026-09-18,2026-10-18,,,,,Published role; no available shift or place has been confirmed for this atlas.,"[{""url"":""https://www.faresharemidlands.org.uk/volunteer-vacancies/volunteer-kitchen-assistant"",""claim"":""The Birmingham kitchen-assistant listing offers morning or afternoon shifts and provides food-hygiene training.""}]","{""coverage_names"": [""Birmingham""], ""coverage_level"": ""local"", ""coverage_codes"": [""E08000025""], ""partner_directory"": false}","{""precision"": ""area""}"
west-midlands-sifa-corporate,Birmingham homelessness-service team volunteering,SIFA Fireside,west-midlands,programme,enquiry,community_support,Invites companies to discuss volunteering at its Support Centre for people affected by homelessness.,Supports an established service for people experiencing homelessness; emergency-response activity is not implied.,team_day,,,,,,52.49495,'-1.881245,Birmingham,area_anchor,https://sifafireside.co.uk/work-with-us/,Source describes work in Birmingham. Specific host locations and service areas require confirmation.,https://sifafireside.co.uk/work-with-us/,https://sifafireside.co.uk/work-with-us/,2026-09-18,2026-10-18,,,,,Corporate enquiry route. Individual-volunteer hours and minimum commitments on the same page are not assumed to apply to corporate groups.,"[{""url"":""https://sifafireside.co.uk/work-with-us/"",""claim"":""The work-with-us page has a dedicated corporate volunteering enquiry route for the Support Centre.""}]","{""coverage_names"": [""Birmingham""], ""coverage_level"": ""local"", ""coverage_codes"": [""E08000025""], ""partner_directory"": false}","{""precision"": ""area""}"
west-midlands-community-resource-buddy,Shropshire community buddy volunteering,Community Resource,west-midlands,opportunity,advertised,community_support,Matches volunteers with adults who need support to join local activities and build confidence and social connections.,Builds supportive local relationships and reduces isolation; no disaster-specific role is claimed.,individual|ongoing,"Usually 6–12 sessions, with frequency agreed locally.",,,,Age 18 or over; DBS check; safeguarding and other induction training provided.,52.68691,'-2.612003,"Shropshire, Telford and Wrekin",area_anchor,https://community-resource.org.uk/volunteer-with-us/,"Host advertises volunteering across Shropshire, Telford and Wrekin; buddy locations and matches are agreed individually.",https://community-resource.org.uk/volunteer-with-us/,https://community-resource.org.uk/volunteer-with-us/,2026-09-18,2026-10-18,,,,,Host states it is recruiting; a suitable local match and times still require confirmation.,"[{""url"":""https://community-resource.org.uk/volunteer-with-us/"",""claim"":""The current volunteer page covers Shropshire, Telford and Wrekin and recruits buddies for a flexible sequence of supported meetings.""}]","{""coverage_names"": [""Shropshire"", ""Telford and Wrekin""], ""coverage_level"": ""county"", ""coverage_codes"": [""E06000020"", ""E06000051""], ""partner_directory"": false}","{""precision"": ""area""}"
west-midlands-vast-stoke,Stoke-on-Trent volunteer matching,VAST,west-midlands,broker,enquiry,community_support,"Matches people with local volunteering, from occasional events to longer placements, through a conversation about their interests and commitments.",A local route to organisations supporting residents; agree a specific useful preparedness or community-support task with the eventual host.,individual,,,,,,53.019445,'-2.159,Stoke-on-Trent,area_anchor,https://vast.org.uk/volunteering/,Source describes work in Stoke-on-Trent. Specific host locations and service areas require confirmation.,https://vast.org.uk/volunteering/,https://vast.org.uk/volunteering/,2026-09-18,2026-10-18,,,,,"Public enquiry route; no place, date or host capacity has been confirmed for this atlas.","[{""url"":""https://vast.org.uk/volunteering/"",""claim"":""VAST describes individual volunteer matching and its Stoke-on-Trent volunteering network and vision.""}]","{""coverage_names"": [""Stoke-on-Trent""], ""coverage_level"": ""local"", ""coverage_codes"": [""E06000021""], ""partner_directory"": true}","{""precision"": ""area""}"
west-midlands-we-can-worcestershire,Worcestershire local volunteer-centre network,Worcestershire Community Action Network,west-midlands,broker,enquiry,community_support,Connects people to local community-action organisations and volunteer centres across Worcestershire.,A local route to organisations supporting residents; agree a specific useful preparedness or community-support task with the eventual host.,individual,,,,,,52.261746,'-2.143938,Worcestershire,area_anchor,https://we-can.today/,Countywide referral network. Source explicitly says Wyre Forest has no active Volunteer Centre or CVS support and invites enquiries for signposting; do not interpret this entry as an equivalent service or a placement in every district.,https://we-can.today/,https://we-can.today/,2026-09-18,2026-10-18,,,,,"Public enquiry route; no place, date or host capacity has been confirmed for this atlas.","[{""url"":""https://we-can.today/"",""claim"":""Lists six member organisations and a separate signposting enquiry for Wyre Forest.""},{""url"":""https://www.worcestershire.gov.uk/council-services/communities/volunteering"",""claim"":""Council directs county residents to We CAN for matching local people and volunteering opportunities.""}]","{""coverage_names"": [""Worcestershire""], ""coverage_level"": ""county"", ""coverage_codes"": [""E07000234"", ""E07000235"", ""E07000236"", ""E07000237"", ""E07000238"", ""E07000239""], ""partner_directory"": true}","{""precision"": ""area""}"
east-midlands-ashfield-voluntary-action,Ashfield volunteering advice and matching,Ashfield Voluntary Action,east-midlands,broker,enquiry,community_support,Brokers volunteering across Ashfield district and supports people to find suitable roles with local organisations.,A local route to organisations supporting residents; agree a specific useful preparedness or community-support task with the eventual host.,individual,,,,"Broker describes additional support for volunteers with learning, physical or acquired disabilities; discuss individual needs.",References requested; DBS checks apply to some host roles.,53.08997,'-1.25442,Ashfield,area_anchor,https://www.ashfieldvoluntaryaction.org.uk/our-work/volunteering/,Source describes work in Ashfield. Specific host locations and service areas require confirmation.,https://www.ashfieldvoluntaryaction.org.uk/our-work/volunteering/,https://www.ashfieldvoluntaryaction.org.uk/our-work/volunteering/,2026-09-18,2026-10-18,,,,,"Public enquiry route; no place, date or host capacity has been confirmed for this atlas.","[{""url"":""https://www.ashfieldvoluntaryaction.org.uk/our-work/volunteering/"",""claim"":""AVA explicitly acts as a broker across Ashfield district, uses a local opportunity database and offers an enquiry form.""}]","{""coverage_names"": [""Ashfield""], ""coverage_level"": ""local"", ""coverage_codes"": [""E07000170""], ""partner_directory"": true}","{""precision"": ""area""}"
east-midlands-lincolnshire-ready-anything,Lincolnshire Ready for Anything volunteers,Lincolnshire Resilience Forum,east-midlands,programme,ongoing,preparedness|response,"Recruits volunteers for coordinated welfare and logistical support during emergencies, including support centres, information and supplies.",Directly supports organised community welfare during emergencies; suitable for continuing involvement rather than a scheduled company day.,individual|ongoing,No fixed weekly shift; respond to callout texts when available. Training is offered regularly.,,,,Recruitment and training required. Follow the coordination team’s briefing; no self-deployment.,53.081546,'-0.291611,Lincolnshire,area_anchor,https://www.lincolnshireresilienceforum.org/ready-for-anything/,Lincolnshire emergency-volunteer scheme; individual deployments depend on incident needs and coordinator instructions.,https://www.lincolnshireresilienceforum.org/ready-for-anything/,https://www.lincolnshireresilienceforum.org/ready-for-anything/,2026-09-18,2026-10-18,,,,,"Public registration route for an ongoing scheme; no particular deployment, date or place is promised.","[{""url"":""https://www.lincolnshireresilienceforum.org/ready-for-anything/"",""claim"":""The scheme accepts registrations, provides training and deploys volunteers only after official contact and briefing.""}]","{""coverage_names"": [""Lincolnshire""], ""coverage_level"": ""county"", ""coverage_codes"": [""E07000136"", ""E07000137"", ""E07000138"", ""E07000139"", ""E07000140"", ""E07000141"", ""E07000142""], ""partner_directory"": false}","{""precision"": ""area""}"
east-midlands-lincolnshire-community-plans,Lincolnshire community emergency-planning support,Lincolnshire Resilience Forum,east-midlands,programme,enquiry,preparedness,"Provides community emergency-plan templates, guidance and a route to get feedback on a locally developed plan.",A practical starting point for agreeing a preparedness project with a willing community and the council planning team.,unknown,,,,,,53.081546,'-0.291611,Lincolnshire,area_anchor,https://www.lincolnshireresilienceforum.org/resilient-communities-programme/,Source describes work in Lincolnshire. Specific host locations and service areas require confirmation.,https://www.lincolnshireresilienceforum.org/resilient-communities-programme/,https://www.lincolnshireresilienceforum.org/resilient-communities-programme/,2026-09-18,2026-10-18,,,,,Support and enquiry route for community-led planning; this is not an advertised employee placement or a dated training event.,"[{""url"":""https://www.lincolnshireresilienceforum.org/resilient-communities-programme/"",""claim"":""The programme offers planning guidance, support for community groups and draft-plan review; no upcoming training dates are currently listed.""}]","{""coverage_names"": [""Lincolnshire""], ""coverage_level"": ""county"", ""coverage_codes"": [""E07000136"", ""E07000137"", ""E07000138"", ""E07000139"", ""E07000140"", ""E07000141"", ""E07000142""], ""partner_directory"": false}","{""precision"": ""area""}"
east-midlands-bassetlaw-bolsover-cvs,Bassetlaw and Bolsover volunteer matching,Bassetlaw Community and Voluntary Service,east-midlands,broker,enquiry,community_support,"Publishes volunteer opportunities, registration, coordinator support and routes into trusteeship.",A local route to organisations supporting residents; agree a specific useful preparedness or community-support task with the eventual host.,individual,,,,,,53.273385,'-1.12641,"Bassetlaw, Bolsover",area_anchor,https://www.bcvs.org.uk/volunteer,"Source describes work in Bassetlaw, Bolsover. Specific host locations and service areas require confirmation.",https://www.bcvs.org.uk/volunteer,https://www.bcvs.org.uk/volunteer,2026-09-18,2026-10-18,,,,,"Public enquiry route; no place, date or host capacity has been confirmed for this atlas.","[{""url"":""https://www.bcvs.org.uk/volunteer"",""claim"":""Publishes opportunity search, volunteer registration and volunteer-coordinator contact.""},{""url"":""https://www.bcvs.org.uk/"",""claim"":""Host identifies its Bassetlaw and Bolsover district community and voluntary services.""}]","{""coverage_names"": [""Bassetlaw"", ""Bolsover""], ""coverage_level"": ""local"", ""coverage_codes"": [""E07000033"", ""E07000171""], ""partner_directory"": true}","{""precision"": ""area""}"
east-midlands-nottinghamshire-community-team,Nottinghamshire community networks and support,Nottinghamshire County Council Communities Team,east-midlands,broker,enquiry,community_support,Provides community groups with practical organisational advice and information about local contacts and networks.,A route to identifying local community partners and developing useful support; a willing host and specific volunteer task must still be found.,unknown,,,,,,53.090906,'-1.10832,Nottinghamshire,area_anchor,https://www.nottinghamshire.gov.uk/business-community/community-and-voluntary-sector/supporting-voluntary-sector,Countywide organisational support and signposting. This does not establish a volunteer-placement brokerage or an available activity in each Nottinghamshire district.,https://www.nottinghamshire.gov.uk/business-community/community-and-voluntary-sector/supporting-voluntary-sector,https://www.nottinghamshire.gov.uk/business-community/community-and-voluntary-sector/supporting-voluntary-sector,2026-09-18,2026-10-18,,,,,"Community support contact, not an advertised vacancy or confirmed employee-volunteering host.","[{""url"":""https://www.nottinghamshire.gov.uk/business-community/community-and-voluntary-sector/supporting-voluntary-sector"",""claim"":""The Communities Team supports Nottinghamshire voluntary groups and offers local network contacts and advice on group management.""}]","{""coverage_names"": [""Nottinghamshire""], ""coverage_level"": ""county"", ""coverage_codes"": [""E07000170"", ""E07000171"", ""E07000172"", ""E07000173"", ""E07000174"", ""E07000175"", ""E07000176""], ""partner_directory"": true}","{""precision"": ""area""}"
northumberland-ncva-volunteer-broker,Find volunteering in Northumberland,Northumberland Community and Voluntary Action,north-east,broker,enquiry,community_support,NCVA helps people find volunteering routes and supports local groups to recruit and manage volunteers.,A local route for finding community organisations and volunteer support; specific emergency capabilities need confirmation.,unknown,,,,,,55.183494,'-1.575726,"107 Station Road, Ashington, Northumberland",office,https://northumberlandcva.org.uk/,Source describes support in Northumberland. Confirm the geography of each role with the host.,https://northumberlandcva.org.uk/,https://northumberlandcva.org.uk/,2026-09-18,2026-10-18,,,,,"Public enquiry or search route; current roles, dates and capacity must be confirmed with the organisation.","[{""url"":""https://northumberlandcva.org.uk/"",""claim"":""The official page identifies county-wide community support and a service helping volunteers and organisations find suitable routes.""}]","{""location_postcode"": ""NE63 8RS"", ""location_address"": ""107 Station Road, Ashington, Northumberland"", ""location_basis"": ""office"", ""location_source_url"": ""https://northumberlandcva.org.uk/"", ""coverage_names"": [""Northumberland""], ""coverage_level"": ""county"", ""coverage_codes"": [""E06000057""], ""partner_directory"": true}","{""precision"": ""postcode"", ""geocode_source_url"": ""https://api.postcodes.io/postcodes/NE63%208RS"", ""geocode_checked_at"": ""2026-09-18""}"
newcastle-gateshead-connected-voice-volunteering,Local volunteering support in Newcastle and Gateshead,Connected Voice,north-east,broker,enquiry,community_support,"Connected Voice provides Gateshead Volunteer Centre, Volunteering Newcastle and support for volunteer-involving organisations.",A local route for finding community organisations and volunteer support; specific emergency capabilities need confirmation.,unknown,,,,,,54.974712,'-1.619202,"One Strawberry Lane, Newcastle upon Tyne",office,https://www.connectedvoice.org.uk/services/connected-voice-volunteering,"Source describes support in Newcastle upon Tyne, Gateshead. Confirm the geography of each role with the host.",https://www.connectedvoice.org.uk/services/connected-voice-volunteering,https://www.connectedvoice.org.uk/services/connected-voice-volunteering,2026-09-18,2026-10-18,,,,,"Public enquiry or search route; current roles, dates and capacity must be confirmed with the organisation.","[{""url"":""https://www.connectedvoice.org.uk/services/connected-voice-volunteering"",""claim"":""The service page names Gateshead Volunteer Centre, Volunteering Newcastle and networks across both places.""}]","{""location_postcode"": ""NE1 4BX"", ""location_address"": ""One Strawberry Lane, Newcastle upon Tyne"", ""location_basis"": ""office"", ""location_source_url"": ""https://www.connectedvoice.org.uk/services/connected-voice-volunteering"", ""coverage_names"": [""Newcastle upon Tyne"", ""Gateshead""], ""coverage_level"": ""local"", ""coverage_codes"": [""E08000021"", ""E08000037""], ""partner_directory"": true}","{""precision"": ""postcode"", ""geocode_source_url"": ""https://api.postcodes.io/postcodes/NE1%204BX"", ""geocode_checked_at"": ""2026-09-18""}"
newcastle-gateshead-sector-connector,Offer professional skills to local charities,Connected Voice,north-east,programme,enquiry,skills|community_support,"Sector Connector matches business expertise with community organisations through advice, mentoring and training.",Professional support can strengthen local charities’ systems and ability to sustain community services.,skills,,,,,,54.974712,'-1.619202,"One Strawberry Lane, Newcastle upon Tyne",office,https://www.connectedvoice.org.uk/services/connected-voice-volunteering/sector-connector,"Source describes support in Newcastle upon Tyne, Gateshead. Confirm the geography of each role with the host.",https://www.connectedvoice.org.uk/services/connected-voice-volunteering/sector-connector,https://www.connectedvoice.org.uk/services/connected-voice-volunteering/sector-connector,2026-09-18,2026-10-18,,,,,"Public enquiry or search route; current roles, dates and capacity must be confirmed with the organisation.","[{""url"":""https://www.connectedvoice.org.uk/services/connected-voice-volunteering/sector-connector"",""claim"":""The programme invites businesses and VCSE organisations in Newcastle or Gateshead; examples include HR, marketing, legal and digital support.""}]","{""location_postcode"": ""NE1 4BX"", ""location_address"": ""One Strawberry Lane, Newcastle upon Tyne"", ""location_basis"": ""office"", ""location_source_url"": ""https://www.connectedvoice.org.uk/services/connected-voice-volunteering/sector-connector"", ""coverage_names"": [""Newcastle upon Tyne"", ""Gateshead""], ""coverage_level"": ""local"", ""coverage_codes"": [""E08000021"", ""E08000037""], ""partner_directory"": false}","{""precision"": ""postcode"", ""geocode_source_url"": ""https://api.postcodes.io/postcodes/NE1%204BX"", ""geocode_checked_at"": ""2026-09-18""}"
north-tyneside-voda-volunteering,Find local volunteering through VODA,North Tyneside VODA,north-east,broker,enquiry,community_support,VODA supports volunteers and voluntary groups in North Tyneside and links to a local opportunity search.,A local route for finding community organisations and volunteer support; specific emergency capabilities need confirmation.,unknown,,,,,,55.028725,'-1.52184,North Tyneside,area_anchor,https://voda.org.uk/,Source describes support in North Tyneside. Confirm the geography of each role with the host.,https://voda.org.uk/,https://voda.org.uk/,2026-09-18,2026-10-18,,,,,"Public enquiry or search route; current roles, dates and capacity must be confirmed with the organisation.","[{""url"":""https://voda.org.uk/"",""claim"":""The homepage explicitly identifies North Tyneside and offers help finding volunteering roles and support for local organisations.""}]","{""coverage_names"": [""North Tyneside""], ""coverage_level"": ""local"", ""coverage_codes"": [""E08000022""], ""partner_directory"": true}","{""precision"": ""area""}"
north-tyneside-voda-sector-connector,Team volunteering and business skills for local groups,North Tyneside VODA,north-east,programme,enquiry,community_support|skills,VODA connects employers with community organisations for one-off team activities and professional support.,Host-defined team tasks and professional support can strengthen local community facilities and services.,team_day|skills,,,,,,55.028725,'-1.52184,North Tyneside,area_anchor,https://voda.org.uk/volunteering/employee-volunteering/,Source describes support in North Tyneside. Confirm the geography of each role with the host.,https://voda.org.uk/volunteering/employee-volunteering/,https://voda.org.uk/our-projects/sector-connector/,2026-09-18,2026-10-18,,,,,"Public enquiry or search route; current roles, dates and capacity must be confirmed with the organisation.","[{""url"":""https://voda.org.uk/volunteering/employee-volunteering/"",""claim"":""The employee volunteering page identifies North Tyneside and explicitly describes team activities and marketing, HR, finance, legal and digital support.""}]","{""coverage_names"": [""North Tyneside""], ""coverage_level"": ""local"", ""coverage_codes"": [""E08000022""], ""partner_directory"": false}","{""precision"": ""area""}"
south-tyneside-inspire-network,Connect with South Tyneside community organisations,Inspire South Tyneside,north-east,broker,enquiry,community_support,Inspire is the umbrella body for the voluntary and community sector across South Tyneside and hosts a voluntary-sector coalition.,A local route for finding community organisations and volunteer support; specific emergency capabilities need confirmation.,unknown,,,,,,54.995815,'-1.428932,"John Hunt House, 27 Beach Road, South Shields",office,https://inspiresouthtyneside.co.uk/,Source describes support in South Tyneside. Confirm the geography of each role with the host.,https://inspiresouthtyneside.co.uk/,https://inspiresouthtyneside.co.uk/,2026-09-18,2026-10-18,,,,,The website is under reconstruction; use the published contact route to ask about local organisations or volunteering.,"[{""url"":""https://inspiresouthtyneside.co.uk/"",""claim"":""The homepage states borough-wide infrastructure and coalition roles and publishes contact details while the website is being rebuilt.""}]","{""location_postcode"": ""NE33 2QA"", ""location_address"": ""John Hunt House, 27 Beach Road, South Shields"", ""location_basis"": ""office"", ""location_source_url"": ""https://inspiresouthtyneside.co.uk/"", ""coverage_names"": [""South Tyneside""], ""coverage_level"": ""local"", ""coverage_codes"": [""E08000023""], ""partner_directory"": true}","{""precision"": ""postcode"", ""geocode_source_url"": ""https://api.postcodes.io/postcodes/NE33%202QA"", ""geocode_checked_at"": ""2026-09-18""}"
sunderland-vcas-community-network,Connect with Sunderland’s voluntary sector,Voluntary and Community Action Sunderland,north-east,broker,enquiry,community_support,"VCAS supports Sunderland community organisations with connections, practical guidance and governance support.",A local route for finding community organisations and volunteer support; specific emergency capabilities need confirmation.,unknown,,,,,,54.87162,'-1.45845,Sunderland,area_anchor,https://www.vcas2020.org/,Source describes support in Sunderland. Confirm the geography of each role with the host.,https://www.vcas2020.org/,https://www.vcas2020.org/,2026-09-18,2026-10-18,,,,,"Public enquiry or search route; current roles, dates and capacity must be confirmed with the organisation.","[{""url"":""https://www.vcas2020.org/"",""claim"":""The organisation explicitly supports Sunderland’s voluntary and community sector.""},{""url"":""https://www.sunderlandvsa.co.uk/volunteer"",""claim"":""The Sunderland Voluntary Sector Alliance lists VCAS among local organisations that can signpost volunteer opportunities.""}]","{""coverage_names"": [""Sunderland""], ""coverage_level"": ""local"", ""coverage_codes"": [""E08000024""], ""partner_directory"": true}","{""precision"": ""area""}"
durham-dca-volunteer-broker,Find volunteering across County Durham,Durham Community Action,north-east,broker,enquiry,community_support,Durham Community Action provides volunteering brokerage and support to community groups across County Durham.,A local route for finding community organisations and volunteer support; specific emergency capabilities need confirmation.,unknown,,,,,,54.715122,'-1.677609,"9 St Stephen’s Court, Low Willington, Crook, County Durham",office,https://www.durhamcommunityaction.org.uk/,Source describes support in County Durham. Confirm the geography of each role with the host.,https://www.durhamcommunityaction.org.uk/,https://www.countydurhamvolunteering.org.uk/,2026-09-18,2026-10-18,,,,,"Public enquiry or search route; current roles, dates and capacity must be confirmed with the organisation.","[{""url"":""https://www.durhamcommunityaction.org.uk/"",""claim"":""The official homepage describes county-wide volunteering brokerage and links to the County Durham volunteering register.""}]","{""location_postcode"": ""DL15 0BF"", ""location_address"": ""9 St Stephen’s Court, Low Willington, Crook, County Durham"", ""location_basis"": ""office"", ""location_source_url"": ""https://www.durhamcommunityaction.org.uk/"", ""coverage_names"": [""County Durham""], ""coverage_level"": ""county"", ""coverage_codes"": [""E06000047""], ""partner_directory"": true}","{""precision"": ""postcode"", ""geocode_source_url"": ""https://api.postcodes.io/postcodes/DL15%200BF"", ""geocode_checked_at"": ""2026-09-18""}"
durham-employer-supported-volunteering,Arrange employer-supported volunteering in County Durham,Durham Community Action,north-east,programme,enquiry,community_support|skills,"DCA connects businesses and local organisations for team projects, individual volunteering and skills-based support.",Brokered tasks can add practical capacity and expertise requested by local community organisations.,team_day|individual|skills,,,,,,54.715122,'-1.677609,"9 St Stephen’s Court, Low Willington, Crook, County Durham",office,https://www.durhamcommunityaction.org.uk/employer-supported-volunteering,Source describes support in County Durham. Confirm the geography of each role with the host.,https://www.durhamcommunityaction.org.uk/employer-supported-volunteering,https://www.durhamcommunityaction.org.uk/employer-supported-volunteering,2026-09-18,2026-10-18,,,,,"Public enquiry or search route; current roles, dates and capacity must be confirmed with the organisation.","[{""url"":""https://www.durhamcommunityaction.org.uk/employer-supported-volunteering"",""claim"":""The official ESV page describes those formats across County Durham and a network connecting employers and local VCSE organisations.""}]","{""location_postcode"": ""DL15 0BF"", ""location_address"": ""9 St Stephen’s Court, Low Willington, Crook, County Durham"", ""location_basis"": ""office"", ""location_source_url"": ""https://www.durhamcommunityaction.org.uk/employer-supported-volunteering"", ""coverage_names"": [""County Durham""], ""coverage_level"": ""county"", ""coverage_codes"": [""E06000047""], ""partner_directory"": false}","{""precision"": ""postcode"", ""geocode_source_url"": ""https://api.postcodes.io/postcodes/DL15%200BF"", ""geocode_checked_at"": ""2026-09-18""}"
stockton-catalyst-volunteer-broker,Find volunteering in Stockton-on-Tees,Catalyst Stockton,north-east,broker,enquiry,community_support,Stockton Volunteers lists local roles and lets businesses offer staff volunteering support.,A local route for finding community organisations and volunteer support; specific emergency capabilities need confirmation.,individual|unknown,,,,,,54.554705,'-1.305695,Stockton-on-Tees,area_anchor,https://www.stocktonvolunteers.co.uk/,Source describes support in Stockton-on-Tees. Confirm the geography of each role with the host.,https://www.stocktonvolunteers.co.uk/,https://www.stocktonvolunteers.co.uk/,2026-09-18,2026-10-18,,,,,"Public enquiry or search route; current roles, dates and capacity must be confirmed with the organisation.","[{""url"":""https://www.stocktonvolunteers.co.uk/"",""claim"":""The site identifies itself as Stockton-on-Tees volunteering provision, lists opportunities and invites business offers of help.""}]","{""coverage_names"": [""Stockton-on-Tees""], ""coverage_level"": ""local"", ""coverage_codes"": [""E06000004""], ""partner_directory"": true}","{""precision"": ""area""}"
teesside-catalyst-business-support,Offer business expertise and volunteering in Teesside,Catalyst Stockton,north-east,programme,enquiry,skills|community_support,"Catalyst’s CSR service lists requests and offers for business expertise, volunteering and resources.",Connects specialist business support with needs expressed by local charities.,skills|unknown,,,,,,54.560143,'-1.321853,"Catalyst House, 27 Yarm Road, Stockton-on-Tees",office,https://www.catalyststockton.org/csr/,Source describes support in Teesside. Confirm the geography of each role with the host.,https://www.catalyststockton.org/csr/,https://www.catalyststockton.org/csr/,2026-09-18,2026-10-18,,,,,"Public enquiry or search route; current roles, dates and capacity must be confirmed with the organisation.","[{""url"":""https://www.catalyststockton.org/csr/"",""claim"":""The CSR page explicitly asks for expertise for charitable projects in Teesside and provides separate volunteering offer/request routes.""}]","{""location_postcode"": ""TS18 3NJ"", ""location_address"": ""Catalyst House, 27 Yarm Road, Stockton-on-Tees"", ""location_basis"": ""office"", ""location_source_url"": ""https://www.catalyststockton.org/csr/"", ""coverage_names"": [""Teesside""], ""coverage_level"": ""regional"", ""coverage_codes"": [], ""partner_directory"": false}","{""precision"": ""postcode"", ""geocode_source_url"": ""https://api.postcodes.io/postcodes/TS18%203NJ"", ""geocode_checked_at"": ""2026-09-18""}"
middlesbrough-volunteering-academy,Find volunteering in Middlesbrough,Middlesbrough Voluntary Development Agency,north-east,broker,enquiry,community_support,"MVDA’s Volunteering Academy brings together volunteer enquiries, training and support for local organisations.",A local route for finding community organisations and volunteer support; specific emergency capabilities need confirmation.,unknown,,,,,,54.576086,'-1.241487,"Broadcasting House, 2nd Floor, Vanguard Suite, Gilkes Street, Middlesbrough",office,https://mvda.info/volunteering,Source describes support in Middlesbrough. Confirm the geography of each role with the host.,https://mvda.info/volunteering,https://mvda.info/volunteering,2026-09-18,2026-10-18,,,,,"Public enquiry or search route; current roles, dates and capacity must be confirmed with the organisation.","[{""url"":""https://mvda.info/volunteering"",""claim"":""The service page explicitly describes a volunteering hub for Middlesbrough and links to routes for volunteers and organisations.""}]","{""location_postcode"": ""TS1 5JA"", ""location_address"": ""Broadcasting House, 2nd Floor, Vanguard Suite, Gilkes Street, Middlesbrough"", ""location_basis"": ""office"", ""location_source_url"": ""https://mvda.info/volunteering"", ""coverage_names"": [""Middlesbrough""], ""coverage_level"": ""local"", ""coverage_codes"": [""E06000002""], ""partner_directory"": true}","{""precision"": ""postcode"", ""geocode_source_url"": ""https://api.postcodes.io/postcodes/TS1%205JA"", ""geocode_checked_at"": ""2026-09-18""}"
redcar-cleveland-rcvda-volunteering,Connect with volunteering in Redcar and Cleveland,Redcar and Cleveland Voluntary Development Agency,north-east,broker,enquiry,community_support,RCVDA connects people with local opportunities and helps organisations recruit and retain volunteers.,A local route for finding community organisations and volunteer support; specific emergency capabilities need confirmation.,unknown,,,,,,54.619014,'-1.066236,"The Palace Hub, 28–29 Esplanade, Redcar",office,https://www.rcvda.org.uk/,Source describes support in Redcar and Cleveland. Confirm the geography of each role with the host.,https://www.rcvda.org.uk/,https://www.rcvda.org.uk/,2026-09-18,2026-10-18,,,,,"Public enquiry or search route; current roles, dates and capacity must be confirmed with the organisation.","[{""url"":""https://www.rcvda.org.uk/"",""claim"":""The official homepage states support across Redcar and Cleveland and describes volunteer matching and organisational support.""}]","{""location_postcode"": ""TS10 3AE"", ""location_address"": ""The Palace Hub, 28–29 Esplanade, Redcar"", ""location_basis"": ""office"", ""location_source_url"": ""https://www.rcvda.org.uk/"", ""coverage_names"": [""Redcar and Cleveland""], ""coverage_level"": ""local"", ""coverage_codes"": [""E06000003""], ""partner_directory"": true}","{""precision"": ""postcode"", ""geocode_source_url"": ""https://api.postcodes.io/postcodes/TS10%203AE"", ""geocode_checked_at"": ""2026-09-18""}"
hartlepool-community-trust-network,Connect with Hartlepool community organisations,Hartlepool Community Trust,north-east,broker,enquiry,community_support,"Hartlepool Community Trust supports local charities and community groups through advice, networks and collaborative projects.",A route to identify local community organisations and discuss support they need; volunteer placements require a separate enquiry.,unknown,,,,,,54.674535,'-1.27073,Hartlepool,area_anchor,https://www.hartlepoolcommunitytrust.org.uk/,Source describes support in Hartlepool. Confirm the geography of each role with the host.,https://www.hartlepoolcommunitytrust.org.uk/,https://www.hartlepoolcommunitytrust.org.uk/,2026-09-18,2026-10-18,,,,,"Public enquiry or search route; current roles, dates and capacity must be confirmed with the organisation.","[{""url"":""https://www.hartlepoolcommunitytrust.org.uk/"",""claim"":""The homepage describes a development service for Hartlepool’s voluntary sector and lists local charity support and food projects.""}]","{""coverage_names"": [""Hartlepool""], ""coverage_level"": ""local"", ""coverage_codes"": [""E06000001""], ""partner_directory"": true}","{""precision"": ""area""}"
york-cvs-volunteer-centre,Find volunteering through York Volunteers,York CVS,yorkshire-humber,broker,enquiry,community_support,York CVS’s volunteer centre helps people find volunteering and supports organisations with volunteer management.,A local route for finding community organisations and volunteer support; specific emergency capabilities need confirmation.,unknown,,,,,,53.956023,'-1.088463,"15 Priory Street, York",office,https://yorkcvs.org.uk/,Source describes support in York. Confirm the geography of each role with the host.,https://yorkcvs.org.uk/,https://yorkcvs.org.uk/,2026-09-18,2026-10-18,,,,,"Public enquiry or search route; current roles, dates and capacity must be confirmed with the organisation.","[{""url"":""https://yorkcvs.org.uk/"",""claim"":""The official homepage explicitly describes York Volunteers as its volunteer centre serving volunteering in York.""}]","{""location_postcode"": ""YO1 6ET"", ""location_address"": ""15 Priory Street, York"", ""location_basis"": ""office"", ""location_source_url"": ""https://yorkcvs.org.uk/"", ""coverage_names"": [""York""], ""coverage_level"": ""local"", ""coverage_codes"": [""E06000014""], ""partner_directory"": true}","{""precision"": ""postcode"", ""geocode_source_url"": ""https://api.postcodes.io/postcodes/YO1%206ET"", ""geocode_checked_at"": ""2026-09-18""}"
north-yorkshire-community-first-volunteering,Find volunteering across North Yorkshire,Community First Yorkshire,yorkshire-humber,broker,enquiry,community_support,Community First Yorkshire supports North Yorkshire charities and community groups and helps people explore volunteering.,A local route for finding community organisations and volunteer support; specific emergency capabilities need confirmation.,unknown,,,,,,53.921518,'-1.153639,"Unit A, Tower House, Askham Fields Lane, Askham Bryan, York",office,https://www.communityfirstyorkshire.org.uk/,Source describes support in North Yorkshire. Confirm the geography of each role with the host.,https://www.communityfirstyorkshire.org.uk/,https://www.communityfirstyorkshire.org.uk/portfolio-item/i-want-to-volunteer/,2026-09-18,2026-10-18,,,,,"Public enquiry or search route; current roles, dates and capacity must be confirmed with the organisation.","[{""url"":""https://www.communityfirstyorkshire.org.uk/"",""claim"":""The homepage explicitly describes volunteering support across North Yorkshire and provides a route for people who want to volunteer.""}]","{""location_postcode"": ""YO23 3FS"", ""location_address"": ""Unit A, Tower House, Askham Fields Lane, Askham Bryan, York"", ""location_basis"": ""office"", ""location_source_url"": ""https://www.communityfirstyorkshire.org.uk/"", ""coverage_names"": [""North Yorkshire""], ""coverage_level"": ""county"", ""coverage_codes"": [""E06000065""], ""partner_directory"": true}","{""precision"": ""postcode"", ""geocode_source_url"": ""https://api.postcodes.io/postcodes/YO23%203FS"", ""geocode_checked_at"": ""2026-09-18""}"
sheffield-volunteer-centre,Find volunteering in Sheffield,Voluntary Action Sheffield,yorkshire-humber,broker,enquiry,community_support,"Sheffield Volunteer Centre connects people with local roles and provides a 2026 directory for group, employee and one-off volunteering enquiries.",A local route for finding community organisations and volunteer support; specific emergency capabilities need confirmation.,individual|team_day,,,,,,53.380296,'-1.474592,"The Circle, 33 Rockingham Lane, Sheffield",office,https://www.sheffieldvolunteercentre.org.uk/,Source describes support in Sheffield. Confirm the geography of each role with the host.,https://www.sheffieldvolunteercentre.org.uk/,https://www.sheffieldvolunteercentre.org.uk/,2026-09-18,2026-10-18,,,,,"Public enquiry or search route; current roles, dates and capacity must be confirmed with the organisation.","[{""url"":""https://www.sheffieldvolunteercentre.org.uk/"",""claim"":""The centre states that it supports volunteering in Sheffield and provides routes for individual volunteers and organisations.""},{""url"":""https://www.sheffieldvolunteercentre.org.uk/group-and-employee-volunteering-opportunities/"",""claim"":""The official page links to a 2026 list of organisations accepting groups and one-off volunteers and provides employer planning guidance.""}]","{""location_postcode"": ""S1 4FW"", ""location_address"": ""The Circle, 33 Rockingham Lane, Sheffield"", ""location_basis"": ""office"", ""location_source_url"": ""https://www.sheffieldvolunteercentre.org.uk/"", ""coverage_names"": [""Sheffield""], ""coverage_level"": ""local"", ""coverage_codes"": [""E08000039""], ""partner_directory"": true}","{""precision"": ""postcode"", ""geocode_source_url"": ""https://api.postcodes.io/postcodes/S1%204FW"", ""geocode_checked_at"": ""2026-09-18""}"
hull-cvs-volunteer-centre,Find volunteering through Hull CVS,Hull CVS,yorkshire-humber,broker,enquiry,community_support,Hull CVS runs a volunteer centre and helps local organisations recruit volunteers and strengthen their services.,A local route for finding community organisations and volunteer support; specific emergency capabilities need confirmation.,unknown,,,,,,53.751269,'-0.348168,"The Strand, 75 Beverley Road, Hull",office,https://www.hullcvs.org.uk/,Source describes support in Kingston upon Hull. Confirm the geography of each role with the host.,https://www.hullcvs.org.uk/,https://www.hullcvs.org.uk/,2026-09-18,2026-10-18,,,,,"Public enquiry or search route; current roles, dates and capacity must be confirmed with the organisation.","[{""url"":""https://www.hullcvs.org.uk/"",""claim"":""The official homepage identifies a Hull volunteer centre and local volunteer recruitment support.""}]","{""location_postcode"": ""HU3 1XL"", ""location_address"": ""The Strand, 75 Beverley Road, Hull"", ""location_basis"": ""office"", ""location_source_url"": ""https://www.hullcvs.org.uk/"", ""coverage_names"": [""Kingston upon Hull""], ""coverage_level"": ""local"", ""coverage_codes"": [""E06000010""], ""partner_directory"": true}","{""precision"": ""postcode"", ""geocode_source_url"": ""https://api.postcodes.io/postcodes/HU3%201XL"", ""geocode_checked_at"": ""2026-09-18""}"
barnsley-cvs-volunteering,Find volunteering in Barnsley,Barnsley CVS,yorkshire-humber,broker,enquiry,community_support,Barnsley CVS advertises volunteer roles and supports members of the public and local organisations with volunteering.,A local route for finding community organisations and volunteer support; specific emergency capabilities need confirmation.,unknown,,,,,,53.554795,'-1.485734,"Unit 3 Churchfield Court, Barnsley",office,https://www.barnsleycvs.org.uk/,Source describes support in Barnsley. Confirm the geography of each role with the host.,https://www.barnsleycvs.org.uk/,https://www.barnsleycvs.org.uk/,2026-09-18,2026-10-18,,,,,"Public enquiry or search route; current roles, dates and capacity must be confirmed with the organisation.","[{""url"":""https://www.barnsleycvs.org.uk/"",""claim"":""The homepage identifies Barnsley Borough service coverage and links to volunteering support for residents and organisations.""}]","{""location_postcode"": ""S70 2JT"", ""location_address"": ""Unit 3 Churchfield Court, Barnsley"", ""location_basis"": ""office"", ""location_source_url"": ""https://www.barnsleycvs.org.uk/"", ""coverage_names"": [""Barnsley""], ""coverage_level"": ""local"", ""coverage_codes"": [""E08000038""], ""partner_directory"": true}","{""precision"": ""postcode"", ""geocode_source_url"": ""https://api.postcodes.io/postcodes/S70%202JT"", ""geocode_checked_at"": ""2026-09-18""}"
bradford-inclusive-volunteering,Inclusive volunteering support in Bradford district,Volunteering Bradford,yorkshire-humber,broker,enquiry,community_support,Volunteering Bradford helps adults with SEND and people with mental health needs access suitable volunteering.,A local route for finding community organisations and volunteer support; specific emergency capabilities need confirmation.,individual,,,,,The tailored support offer focuses on adults with SEND and people with mental health needs.,53.795376,'-1.745612,"Belmont Business Centre, 7 Burnett Street, Bradford",office,https://inclusivevolunteering.org/,Source describes support in Bradford. Confirm the geography of each role with the host.,https://inclusivevolunteering.org/,https://inclusivevolunteering.org/,2026-09-18,2026-10-18,,,,,"Public enquiry or search route; current roles, dates and capacity must be confirmed with the organisation.","[{""url"":""https://inclusivevolunteering.org/"",""claim"":""The official site identifies Bradford and district, describes tailored inclusion support and links to local volunteering roles.""}]","{""location_postcode"": ""BD1 5BJ"", ""location_address"": ""Belmont Business Centre, 7 Burnett Street, Bradford"", ""location_basis"": ""office"", ""location_source_url"": ""https://inclusivevolunteering.org/"", ""coverage_names"": [""Bradford""], ""coverage_level"": ""local"", ""coverage_codes"": [""E08000032""], ""partner_directory"": true}","{""precision"": ""postcode"", ""geocode_source_url"": ""https://api.postcodes.io/postcodes/BD1%205BJ"", ""geocode_checked_at"": ""2026-09-18""}"
calderdale-kirklees-vac-network,Connect with community organisations in Calderdale and Kirklees,Voluntary & Community (VAC),yorkshire-humber,broker,enquiry,community_support,"VAC supports voluntary and community organisations across Calderdale and Kirklees through advice, networks and practical support.",A local infrastructure connection for identifying community groups and organisational needs; a role must be agreed separately.,unknown,,,,,,53.723047,'-1.866163,"Resource Centre, Hall Street, Halifax",office,https://www.cvac.org.uk/,"Source describes support in Calderdale, Kirklees. Confirm the geography of each role with the host.",https://www.cvac.org.uk/,https://www.cvac.org.uk/,2026-09-18,2026-10-18,,,,,"Public enquiry or search route; current roles, dates and capacity must be confirmed with the organisation.","[{""url"":""https://www.cvac.org.uk/"",""claim"":""The homepage explicitly states both Calderdale and Kirklees coverage and links to volunteering and requests for support.""}]","{""location_postcode"": ""HX1 5AY"", ""location_address"": ""Resource Centre, Hall Street, Halifax"", ""location_basis"": ""office"", ""location_source_url"": ""https://www.cvac.org.uk/"", ""coverage_names"": [""Calderdale"", ""Kirklees""], ""coverage_level"": ""local"", ""coverage_codes"": [""E08000033"", ""E08000034""], ""partner_directory"": true}","{""precision"": ""postcode"", ""geocode_source_url"": ""https://api.postcodes.io/postcodes/HX1%205AY"", ""geocode_checked_at"": ""2026-09-18""}"
east-riding-north-lincolnshire-community-vision,Find volunteering in East Riding and North Lincolnshire,Community VISION,yorkshire-humber,broker,enquiry,community_support,Community VISION supports volunteers and recruiting organisations through local volunteer hubs and opportunity promotion.,A local route for finding community organisations and volunteer support; specific emergency capabilities need confirmation.,unknown,,,,,,53.590683,'-0.649603,"4–6 Robert Street, Scunthorpe",office,https://communityvision.org.uk/services/volunteering/,"Source describes support in East Riding of Yorkshire, North Lincolnshire. Confirm the geography of each role with the host.",https://communityvision.org.uk/services/volunteering/,https://communityvision.org.uk/services/volunteering/,2026-09-18,2026-10-18,,,,,Use the local hub or contact route to check current roles. Community VISION brings together the former ERVAS and VANL services.,"[{""url"":""https://communityvision.org.uk/services/volunteering/"",""claim"":""The volunteering page names the VCS Alliance Volunteer Hub in North Lincolnshire and Time2Volunteer in East Riding, and describes independent brokerage.""}]","{""location_postcode"": ""DN15 6NG"", ""location_address"": ""4–6 Robert Street, Scunthorpe"", ""location_basis"": ""office"", ""location_source_url"": ""https://communityvision.org.uk/services/volunteering/"", ""coverage_names"": [""East Riding of Yorkshire"", ""North Lincolnshire""], ""coverage_level"": ""local"", ""coverage_codes"": [""E06000011"", ""E06000013""], ""partner_directory"": true}","{""precision"": ""postcode"", ""geocode_source_url"": ""https://api.postcodes.io/postcodes/DN15%206NG"", ""geocode_checked_at"": ""2026-09-18""}"
leeds-volunteer-centre,Find volunteering in Leeds,Voluntary Action Leeds,yorkshire-humber,broker,enquiry,community_support,Volunteer Centre Leeds offers advice and a dedicated volunteering platform to connect people with local organisations.,A local route for finding community organisations and volunteer support; specific emergency capabilities need confirmation.,individual,,,,,,53.822435,'-1.54542,Leeds,area_anchor,https://doinggoodleeds.org.uk/volunteering/,Source describes support in Leeds. Confirm the geography of each role with the host.,https://doinggoodleeds.org.uk/volunteering/,https://doinggoodleeds.org.uk/volunteering/,2026-09-18,2026-10-18,,,,,"Public enquiry or search route; current roles, dates and capacity must be confirmed with the organisation.","[{""url"":""https://doinggoodleeds.org.uk/volunteering/"",""claim"":""The page explicitly describes the Leeds volunteer centre and its dedicated Leeds volunteering platform.""}]","{""coverage_names"": [""Leeds""], ""coverage_level"": ""local"", ""coverage_codes"": [""E08000035""], ""partner_directory"": true}","{""precision"": ""area""}"
leeds-digital-volunteering-partnership,Discuss digital skills support for Leeds charities,Leeds Digital Volunteering Partnership,yorkshire-humber,programme,enquiry,skills|community_support,"The partnership brings together the tech and voluntary sectors to develop employer-supported digital inclusion, pro bono digital support and digital trusteeships.",Digital expertise can help community organisations sustain services and improve access for digitally excluded people.,skills,,,,,,53.822435,'-1.54542,Leeds,area_anchor,https://digitalinclusionleeds.com/our-work/key-initiatives/tech-sector/leeds-digital-volunteering-partnership,Source describes support in Leeds. Confirm the geography of each role with the host.,https://digitalinclusionleeds.com/our-work/key-initiatives/tech-sector/leeds-digital-volunteering-partnership,https://doinggoodleeds.org.uk/leeds-digital-volunteering-partnership/,2026-09-18,2026-10-18,,,,,"A partnership enquiry route. Its public page describes development objectives, not a catalogue of confirmed assignments or one-day placements.","[{""url"":""https://digitalinclusionleeds.com/our-work/key-initiatives/tech-sector/leeds-digital-volunteering-partnership"",""claim"":""The official partnership page describes these three objectives and the city-wide third-sector focus.""}]","{""coverage_names"": [""Leeds""], ""coverage_level"": ""local"", ""coverage_codes"": [""E08000035""], ""partner_directory"": false}","{""precision"": ""area""}"
rotherham-volunteer-centre,Find individual or employee volunteering in Rotherham,Voluntary Action Rotherham,yorkshire-humber,broker,enquiry,community_support,The volunteer centre supports individual volunteers and provides employers with a brochure of local projects seeking team support.,A local route for finding community organisations and volunteer support; specific emergency capabilities need confirmation.,individual|team_day,,,,,,53.426889,'-1.357582,"The Spectrum, Coke Hill, Rotherham",office,https://www.varotherham.org.uk/page/volunteering-,Source describes support in Rotherham. Confirm the geography of each role with the host.,https://www.varotherham.org.uk/page/volunteering-,https://www.varotherham.org.uk/page/volunteering-,2026-09-18,2026-10-18,,,,,"Ask for the current employer-project brochure or explore individual roles. Hosts must confirm dates, capacity and arrangements.","[{""url"":""https://www.varotherham.org.uk/page/volunteering-"",""claim"":""The page describes Rotherham volunteer brokerage and a specific enquiry route for local employers planning team volunteering days.""}]","{""location_postcode"": ""S60 2HX"", ""location_address"": ""The Spectrum, Coke Hill, Rotherham"", ""location_basis"": ""office"", ""location_source_url"": ""https://www.varotherham.org.uk/page/volunteering-"", ""coverage_names"": [""Rotherham""], ""coverage_level"": ""local"", ""coverage_codes"": [""E08000018""], ""partner_directory"": true}","{""precision"": ""postcode"", ""geocode_source_url"": ""https://api.postcodes.io/postcodes/S60%202HX"", ""geocode_checked_at"": ""2026-09-18""}"
wakefield-nova-community-network,Connect with Wakefield community organisations,Nova Wakefield District,yorkshire-humber,broker,enquiry,community_support,"Nova supports Wakefield District voluntary, community and social enterprise organisations through advice, networks and a member directory.",A local infrastructure connection for identifying community organisations and their support needs; volunteer matching is not promised.,unknown,,,,,,53.686181,'-1.499808,"11 Upper York Street, Wakefield",office,https://www.nova-wd.org.uk/,Source describes support in Wakefield. Confirm the geography of each role with the host.,https://www.nova-wd.org.uk/,https://www.nova-wd.org.uk/,2026-09-18,2026-10-18,,,,,Community network enquiry route. This page does not advertise a direct volunteer placement service.,"[{""url"":""https://www.nova-wd.org.uk/"",""claim"":""The official homepage explicitly identifies Wakefield District service coverage and its organisational support and networking role.""}]","{""location_postcode"": ""WF1 3LQ"", ""location_address"": ""11 Upper York Street, Wakefield"", ""location_basis"": ""office"", ""location_source_url"": ""https://www.nova-wd.org.uk/"", ""coverage_names"": [""Wakefield""], ""coverage_level"": ""local"", ""coverage_codes"": [""E08000036""], ""partner_directory"": true}","{""precision"": ""postcode"", ""geocode_source_url"": ""https://api.postcodes.io/postcodes/WF1%203LQ"", ""geocode_checked_at"": ""2026-09-18""}"
doncaster-vad-volunteering,Find volunteering through Voluntary Action Doncaster,Voluntary Action Doncaster,yorkshire-humber,broker,enquiry,community_support,"Voluntary Action Doncaster promotes volunteer opportunities and connects people with local voluntary, community and faith organisations.",A local route for finding community organisations and volunteer support; specific emergency capabilities need confirmation.,individual,,,,,,53.545292,'-1.146865,"C/o Bentley Resource Centre, High Street, Bentley, Doncaster",office,https://voluntaryactiondoncaster.org.uk/jobs-and-volunteering/,Source describes support in Doncaster. Confirm the geography of each role with the host.,https://voluntaryactiondoncaster.org.uk/jobs-and-volunteering/,https://voluntaryactiondoncaster.org.uk/jobs-and-volunteering/,2026-09-18,2026-10-18,,,,,Select volunteer roles on the host website; the same directory also includes paid jobs and some partner listings outside Doncaster.,"[{""url"":""https://voluntaryactiondoncaster.org.uk/jobs-and-volunteering/"",""claim"":""The official page explicitly describes Doncaster volunteering and provides a volunteer-role filter alongside paid vacancies.""}]","{""location_postcode"": ""DN5 0AA"", ""location_address"": ""C/o Bentley Resource Centre, High Street, Bentley, Doncaster"", ""location_basis"": ""office"", ""location_source_url"": ""https://voluntaryactiondoncaster.org.uk/jobs-and-volunteering/"", ""coverage_names"": [""Doncaster""], ""coverage_level"": ""local"", ""coverage_codes"": [""E08000017""], ""partner_directory"": true}","{""precision"": ""postcode"", ""geocode_source_url"": ""https://api.postcodes.io/postcodes/DN5%200AA"", ""geocode_checked_at"": ""2026-09-18""}"
north-east-lincolnshire-vanel-volunteering,Find volunteering through VANEL,Voluntary Action North East Lincolnshire,yorkshire-humber,broker,enquiry,community_support,VANEL’s volunteer centre helps people explore volunteering and supports organisations through its volunteer development service and managers’ network.,A local route for finding community organisations and volunteer support; specific emergency capabilities need confirmation.,individual,,,,,,53.536765,'-0.13725,North East Lincolnshire,area_anchor,https://vanel.org.uk/vanel/volunteering/,Source describes support in North East Lincolnshire. Confirm the geography of each role with the host.,https://vanel.org.uk/vanel/volunteering/,https://vanel.org.uk/vanel/volunteering/,2026-09-18,2026-10-18,,,,,Use the current VANEL volunteering page and contact route. Roles and capacity require confirmation; older /va/ pages are a previous website.,"[{""url"":""https://vanel.org.uk/vanel/volunteering/"",""claim"":""The current VANEL volunteering page describes a volunteer centre enquiry service and organisational volunteering support.""}]","{""coverage_names"": [""North East Lincolnshire""], ""coverage_level"": ""local"", ""coverage_codes"": [""E06000012""], ""partner_directory"": true}","{""precision"": ""area""}"
darlington-dad-access-inclusion,Support access and inclusion in Darlington,Darlington Association on Disability,north-east,programme,enquiry,community_support,"DAD’s Access Interest Group monitors public access, raises barriers with planners and welcomes people’s views on access issues in Darlington.",Improving access can help disabled people use local community services; the source does not describe an emergency response role.,individual,,,,,,54.535485,'-1.558285,Darlington,area_anchor,https://darlingtondisability.org/others/how-you-can-support-us,Source describes support in Darlington. Confirm the geography of each role with the host.,https://darlingtondisability.org/others/how-you-can-support-us,https://darlingtondisability.org/others/how-you-can-support-us,2026-09-18,2026-10-18,,,,,"Ask about contributing to the Access Interest Group. Corporate team days, specific dates and time commitments are not published.","[{""url"":""https://darlingtondisability.org/others/how-you-can-support-us"",""claim"":""The official volunteering section explicitly identifies the Access Interest Group’s work in Darlington and an enquiry route.""}]","{""coverage_names"": [""Darlington""], ""coverage_level"": ""local"", ""coverage_codes"": [""E06000005""], ""partner_directory"": false}","{""precision"": ""area""}"
yorkshire-fareshare-corporate-volunteering,Arrange a team food-redistribution day,FareShare Yorkshire,yorkshire-humber,programme,enquiry,community_support|environment,FareShare Yorkshire invites company teams to help turn surplus food into support for charities and community groups.,Adds practical capacity to food redistribution that supports community organisations and reduces waste.,team_day,Volunteering day; hours to be agreed with the host.,,,,,53.67404,'-1.54729,"Leeds, Barnsley",area_anchor,https://www.fareshareyorkshire.org/support-us/corporate-volunteering/,Leeds and Barnsley are the activity-location choices on the corporate enquiry form. Beneficiary organisations are across Yorkshire; a venue must be agreed.,https://www.fareshareyorkshire.org/support-us/corporate-volunteering/,https://www.fareshareyorkshire.org/support-us/corporate-volunteering/,2026-09-18,2026-10-18,,,,,"Enquire with team size and possible dates. No available dates, maximum group size or cost are published.","[{""url"":""https://www.fareshareyorkshire.org/support-us/corporate-volunteering/"",""claim"":""The corporate page offers volunteering days and asks teams to choose Leeds or Barnsley and propose their size and dates.""}]","{""coverage_names"": [""Leeds"", ""Barnsley""], ""coverage_level"": ""local"", ""coverage_codes"": [""E08000035"", ""E08000038""], ""partner_directory"": false}","{""precision"": ""area""}"
calder-valley-slow-the-flow-skills,Support natural flood management with your skills,Slow The Flow,yorkshire-humber,programme,enquiry,preparedness|environment|skills,"Slow The Flow lists support roles in fundraising, education, community engagement, social media and trusteeship.",Supports a charity educating communities about natural flood management and reducing flood risk.,skills|individual,,,,,Trusteeship involves a different commitment from a one-day activity; discuss the proposed role and time required.,53.93092,'-1.209025,Yorkshire and the Humber · broad discovery area,area_anchor,https://slowtheflow.net/you-can-volunteer/,The charity’s stated local focus is the Calder Valley. The place and format of support work must be agreed; this is not evidence of district-wide activities.,https://slowtheflow.net/you-can-volunteer/,https://slowtheflow.net/you-can-volunteer/,2026-09-18,2026-10-18,,,,,Skills and support enquiries only. No physical volunteer sessions are currently planned at Hardcastle Crags or Broadhead Clough.,"[{""url"":""https://slowtheflow.net/you-can-volunteer/"",""claim"":""The current page invites support-role enquiries and says there is no physical volunteering work planned at its two named sites.""},{""url"":""https://slowtheflow.net/about-us-2/"",""claim"":""The charity describes its focus on natural flood prevention and community benefit in the Calder Valley.""}]","{""coverage_names"": [""Calder Valley""], ""coverage_level"": ""local"", ""coverage_codes"": [], ""partner_directory"": false}","{""precision"": ""area""}"
nw-salford-centre,Find volunteering in Salford,Salford CVS / Volunteer Centre Salford,north-west,broker,enquiry,community_support,Volunteer brokerage and support for residents and organisations serving Salford.,Connects people with local organisations. Ask for tasks that strengthen community support or preparedness; resilience-specific places are not confirmed.,individual,,,,,Book an appointment before visiting the centre.,53.482389,'-2.337865,"The Old Town Hall, 5 Irwell Place, Eccles, Salford",office,https://www.salfordcvs.co.uk/volunteer-centre,Salford. Confirm the specific activity location with the host.,https://www.salfordcvs.co.uk/volunteer-centre,https://www.salfordcvs.co.uk/volunteer-centre,2026-09-18,2026-10-18,,,,,Public enquiry route; dates and capacity require confirmation.,"[{""url"":""https://www.salfordcvs.co.uk/volunteer-centre"",""claim"":""Volunteer brokerage and support for residents and organisations serving Salford.""}]","{""location_postcode"": ""M30 0FN"", ""location_address"": ""The Old Town Hall, 5 Irwell Place, Eccles, Salford"", ""location_basis"": ""office"", ""location_source_url"": ""https://www.salfordcvs.co.uk/volunteer-centre"", ""coverage_names"": [""Salford""], ""coverage_level"": ""local"", ""coverage_codes"": [""E08000006""], ""partner_directory"": true}","{""precision"": ""postcode"", ""geocode_source_url"": ""https://api.postcodes.io/postcodes/M30%200FN"", ""geocode_checked_at"": ""2026-09-18""}"
nw-action-together,"Find local roles in Oldham, Rochdale and Tameside",Action Together,north-west,broker,enquiry,community_support,The local infrastructure organisation connects volunteers and community groups and provides a searchable roles directory.,Connects people with local organisations. Ask for tasks that strengthen community support or preparedness; resilience-specific places are not confirmed.,individual,,,,,,53.547908,'-2.089657,"Oldham, Rochdale, Tameside",area_anchor,https://www.actiontogether.org.uk/,Oldham; Rochdale; Tameside. Confirm the specific activity location with the host.,https://www.actiontogether.org.uk/,https://www.actiontogether.org.uk/volunteering,2026-09-18,2026-10-18,,,,,Public enquiry route; dates and capacity require confirmation.,"[{""url"":""https://www.actiontogether.org.uk/"",""claim"":""The organisation explicitly serves Oldham, Rochdale and Tameside and links its volunteering directory.""}]","{""coverage_names"": [""Oldham"", ""Rochdale"", ""Tameside""], ""coverage_level"": ""local"", ""coverage_codes"": [""E08000004"", ""E08000005"", ""E08000008""], ""partner_directory"": true}","{""precision"": ""area""}"
nw-community-cvs,"Find roles in Blackburn, Darwen and Preston",Community CVS,north-west,broker,enquiry,community_support,"Local volunteering directory with postcode, interest and commitment filters.",Connects people with local organisations. Ask for tasks that strengthen community support or preparedness; resilience-specific places are not confirmed.,individual,,,,,,53.760722,'-2.587265,"Blackburn with Darwen, Preston",area_anchor,https://volunteer.communitycvs.org.uk/,Blackburn with Darwen; Preston. Confirm the specific activity location with the host.,https://volunteer.communitycvs.org.uk/,https://volunteer.communitycvs.org.uk/,2026-09-18,2026-10-18,,,,,Public enquiry route; dates and capacity require confirmation.,"[{""url"":""https://volunteer.communitycvs.org.uk/"",""claim"":""Local volunteering directory with postcode, interest and commitment filters.""}]","{""coverage_names"": [""Blackburn with Darwen"", ""Preston""], ""coverage_level"": ""local"", ""coverage_codes"": [""E06000008"", ""E07000123""], ""partner_directory"": true}","{""precision"": ""area""}"
nw-bprcvs,"Volunteering in Burnley, Pendle and Rossendale",BPRCVS,north-west,broker,enquiry,community_support,The volunteer centre helps individuals find roles and community organisations recruit volunteers across three boroughs.,Connects people with local organisations. Ask for tasks that strengthen community support or preparedness; resilience-specific places are not confirmed.,individual,,,,,,53.779275,'-2.23159,"Burnley, Pendle, Rossendale",area_anchor,https://bprcvs.co.uk/volunteering-for-wellbeing--community-hub.html,Burnley; Pendle; Rossendale. Confirm the specific activity location with the host.,https://bprcvs.co.uk/volunteering-for-wellbeing--community-hub.html,https://bprcvs.getvolunteering.co.uk/,2026-09-18,2026-10-18,,,,,Public enquiry route; dates and capacity require confirmation.,"[{""url"":""https://bprcvs.co.uk/volunteering-for-wellbeing--community-hub.html"",""claim"":""The volunteer centre helps individuals find roles and community organisations recruit volunteers across three boroughs.""}]","{""coverage_names"": [""Burnley"", ""Pendle"", ""Rossendale""], ""coverage_level"": ""local"", ""coverage_codes"": [""E07000117"", ""E07000122"", ""E07000125""], ""partner_directory"": true}","{""precision"": ""area""}"
nw-lancaster-centre,Lancaster District Volunteer Centre,Lancaster District Community & Voluntary Solutions,north-west,broker,enquiry,community_support,The volunteer centre links people to local volunteering and helps organisations recruit.,Connects people with local organisations. Ask for tasks that strengthen community support or preparedness; resilience-specific places are not confirmed.,individual,,,,,,54.048424,'-2.796619,"The Cornerstone, Sulyard Street, Lancaster",office,https://lancastercvs.org.uk/volunteer-centre/,"Lancaster District. The published registered address is an office reference, not an activity venue.",https://lancastercvs.org.uk/volunteer-centre/,https://volunteering.lancastercvs.org.uk/,2026-09-18,2026-10-18,,,,,Public enquiry route; dates and capacity require confirmation.,"[{""url"":""https://lancastercvs.org.uk/volunteer-centre/"",""claim"":""The volunteer centre links people to local volunteering and helps organisations recruit.""}]","{""location_postcode"": ""LA1 1PX"", ""location_address"": ""The Cornerstone, Sulyard Street, Lancaster"", ""location_basis"": ""office"", ""location_source_url"": ""https://lancastercvs.org.uk/volunteer-centre/"", ""coverage_names"": [""Lancaster""], ""coverage_level"": ""local"", ""coverage_codes"": [""E07000121""], ""partner_directory"": true}","{""precision"": ""postcode"", ""geocode_source_url"": ""https://api.postcodes.io/postcodes/LA1%201PX"", ""geocode_checked_at"": ""2026-09-18""}"
nw-cheshire-east-cvs,Cheshire East volunteering and preparedness connections,CVS Cheshire East,north-west,broker,enquiry,community_support|preparedness,CVS links to its Cheshire East volunteering platform and supports local voluntary organisations.,Connects people with local organisations. Ask for tasks that strengthen community support or preparedness; resilience-specific places are not confirmed.,individual,,,,,,53.16731,'-2.36388,Cheshire East,area_anchor,https://www.cvsce.org.uk/,Cheshire East. Confirm the specific activity location with the host.,https://www.cvsce.org.uk/,https://volunteering.cvsce.org.uk/index-classic,2026-09-18,2026-10-18,,,,,"Brokerage/platform route, not a specific volunteer vacancy. Ask about preparedness work; the separate training offer has limited availability.","[{""url"":""https://www.cvsce.org.uk/"",""claim"":""The organisation offers Cheshire East volunteering support and a roles platform.""},{""url"":""https://www.cvsce.org.uk/emergency-planning-organistions-and-individuals"",""claim"":""CVS separately advertises emergency-planning training for local groups, subject to availability through October 2026.""}]","{""coverage_names"": [""Cheshire East""], ""coverage_level"": ""local"", ""coverage_codes"": [""E06000049""], ""partner_directory"": true}","{""precision"": ""area""}"
nw-warrington-va,Find volunteering in Warrington,Warrington Voluntary Action,north-west,broker,enquiry,community_support,WVA connects residents to local groups needing volunteer support through its volunteering platform.,Connects people with local organisations. Ask for tasks that strengthen community support or preparedness; resilience-specific places are not confirmed.,individual,,,,,,53.40169,'-2.56137,Warrington,area_anchor,https://www.warringtonva.org.uk/,Warrington. Confirm the specific activity location with the host.,https://www.warringtonva.org.uk/,https://volunteering.warringtonva.org.uk/index-classic,2026-09-18,2026-10-18,,,,,Public enquiry route; dates and capacity require confirmation.,"[{""url"":""https://www.warringtonva.org.uk/"",""claim"":""WVA connects residents to local groups needing volunteer support through its volunteering platform.""}]","{""coverage_names"": [""Warrington""], ""coverage_level"": ""local"", ""coverage_codes"": [""E06000007""], ""partner_directory"": true}","{""precision"": ""area""}"
nw-halton-sthelens-vca,Find volunteering in Halton and St Helens,Halton & St Helens VCA,north-west,broker,enquiry,community_support,The local VCA offers a volunteering portal and support for organisations recruiting volunteers.,Connects people with local organisations. Ask for tasks that strengthen community support or preparedness; resilience-specific places are not confirmed.,individual,,,,,,53.405973,'-2.707295,"Halton, St Helens",area_anchor,https://www.haltonsthelensvca.org.uk/volunteering,Halton; St Helens. Confirm the specific activity location with the host.,https://www.haltonsthelensvca.org.uk/volunteering,https://volunteering.haltonsthelensvca.org.uk/,2026-09-18,2026-10-18,,,,,Public enquiry route; dates and capacity require confirmation.,"[{""url"":""https://www.haltonsthelensvca.org.uk/volunteering"",""claim"":""The local VCA offers a volunteering portal and support for organisations recruiting volunteers.""}]","{""coverage_names"": [""Halton"", ""St Helens""], ""coverage_level"": ""local"", ""coverage_codes"": [""E06000006"", ""E08000013""], ""partner_directory"": true}","{""precision"": ""area""}"
nw-sefton-corporate,Sefton employee volunteering and professional skills,Sefton 4 Good / Sefton CVS,north-west,broker,enquiry,community_support|skills,"Connects companies, teams and individuals with Sefton causes, including foodbank warehouse support and professional skills.",Connects people with local organisations. Ask for tasks that strengthen community support or preparedness; resilience-specific places are not confirmed.,team_day|individual|skills,,,The host suggests a £10 donation per person to support coordination; confirm arrangements.,,,53.568305,'-2.99301,Sefton,area_anchor,https://sefton4good.org.uk/support-us/corporate-volunteering/,Sefton. Confirm the specific activity location with the host.,https://sefton4good.org.uk/support-us/corporate-volunteering/,https://sefton4good.org.uk/support-us/corporate-volunteering/,2026-09-18,2026-10-18,,,,,Public enquiry route; dates and capacity require confirmation.,"[{""url"":""https://sefton4good.org.uk/support-us/corporate-volunteering/"",""claim"":""Connects companies, teams and individuals with Sefton causes, including foodbank warehouse support and professional skills.""}]","{""coverage_names"": [""Sefton""], ""coverage_level"": ""local"", ""coverage_codes"": [""E08000014""], ""partner_directory"": true}","{""precision"": ""area""}"
nw-cheshire-west-va,Cheshire West volunteering and employer connections,Cheshire West Voluntary Action,north-west,broker,enquiry,community_support,Runs a roles platform and matches organisations or individuals seeking employer-supported volunteering with local hosts.,Connects people with local organisations. Ask for tasks that strengthen community support or preparedness; resilience-specific places are not confirmed.,team_day|individual,,,,,,53.194499,'-2.893845,"The Bluecoat, Upper Northgate Street, Chester",office,https://cwva.org.uk/contact/,Cheshire West and Chester. Confirm the specific activity location with the host.,https://cwva.org.uk/support-with-volunteering/,https://volunteernowcwva.com/index-classic,2026-09-18,2026-10-18,,,,,Public enquiry route; dates and capacity require confirmation.,"[{""url"":""https://cwva.org.uk/support-with-volunteering/"",""claim"":""Supports volunteer-involving organisations and provides a platform for people to find roles.""},{""url"":""https://cwva.org.uk/support-with-volunteering/"",""claim"":""Employee-volunteering matching is explicitly offered for individuals and groups.""}]","{""location_postcode"": ""CH1 4EE"", ""location_address"": ""The Bluecoat, Upper Northgate Street, Chester"", ""location_basis"": ""office"", ""location_source_url"": ""https://cwva.org.uk/contact/"", ""coverage_names"": [""Cheshire West and Chester""], ""coverage_level"": ""local"", ""coverage_codes"": [""E06000050""], ""partner_directory"": true}","{""precision"": ""postcode"", ""geocode_source_url"": ""https://api.postcodes.io/postcodes/CH1%204EE"", ""geocode_checked_at"": ""2026-09-18""}"
nw-liverpool-lcvs,Liverpool Volunteer Portal,Liverpool Charity and Voluntary Services,north-west,broker,enquiry,community_support,The portal connects volunteers with Liverpool charities and community organisations and helps hosts advertise roles.,Connects people with local organisations. Ask for tasks that strengthen community support or preparedness; resilience-specific places are not confirmed.,individual,,,,,,53.401,'-2.91374,Liverpool,area_anchor,https://www.lcvs.org.uk/lcvs-volunteer-portal/,Liverpool. Confirm the specific activity location with the host.,https://www.lcvs.org.uk/lcvs-volunteer-portal/,https://volunteering.lcvs.org.uk/index-classic,2026-09-18,2026-10-18,,,,,Public enquiry route; dates and capacity require confirmation.,"[{""url"":""https://www.lcvs.org.uk/lcvs-volunteer-portal/"",""claim"":""The portal connects volunteers with Liverpool charities and community organisations and helps hosts advertise roles.""}]","{""coverage_names"": [""Liverpool""], ""coverage_level"": ""local"", ""coverage_codes"": [""E08000012""], ""partner_directory"": true}","{""precision"": ""area""}"
nw-bury-csr,Bury employee volunteering and pro bono support,Bury VCFA,north-west,broker,enquiry,community_support|skills,The local CSR service helps employees find charity volunteering and businesses offer professional support.,Connects people with local organisations. Ask for tasks that strengthen community support or preparedness; resilience-specific places are not confirmed.,individual|skills,,,,,Arrange an appointment before an office visit.,53.593403,'-2.297383,"First Floor, Castle Buildings, Market Place, Bury",office,https://buryvcfa.org.uk/contact,Bury. Confirm the specific activity location with the host.,https://buryvcfa.org.uk/corporate-social-responsibility-csr,https://buryvcfa.org.uk/contact,2026-09-18,2026-10-18,,,,,Public enquiry route; dates and capacity require confirmation.,"[{""url"":""https://buryvcfa.org.uk/corporate-social-responsibility-csr"",""claim"":""The local CSR service helps employees find charity volunteering and businesses offer professional support.""}]","{""location_postcode"": ""BL9 0LD"", ""location_address"": ""First Floor, Castle Buildings, Market Place, Bury"", ""location_basis"": ""office"", ""location_source_url"": ""https://buryvcfa.org.uk/contact"", ""coverage_names"": [""Bury""], ""coverage_level"": ""local"", ""coverage_codes"": [""E08000002""], ""partner_directory"": true}","{""precision"": ""postcode"", ""geocode_source_url"": ""https://api.postcodes.io/postcodes/BL9%200LD"", ""geocode_checked_at"": ""2026-09-18""}"
nw-stockport-hub,Stockport volunteering and company matching,Sector 3 / Stockport Volunteer Hub,north-west,broker,enquiry,community_support|skills,"Search local volunteer roles, with options for short projects, ongoing commitments and staff volunteering.",Connects people with local organisations. Ask for tasks that strengthen community support or preparedness; resilience-specific places are not confirmed.,team_day|individual|skills,,,,,,53.39107,'-2.11958,Stockport,area_anchor,https://www.stockportvolunteerhub.org.uk/volunteers/,Stockport. Confirm the specific activity location with the host.,https://www.stockportvolunteerhub.org.uk/volunteers/,https://www.stockportvolunteerhub.org.uk/corporate-volunteering/,2026-09-18,2026-10-18,,,,,Public enquiry route; dates and capacity require confirmation.,"[{""url"":""https://www.stockportvolunteerhub.org.uk/volunteers/"",""claim"":""Search local volunteer roles, with options for short projects, ongoing commitments and staff volunteering.""},{""url"":""https://www.stockportvolunteerhub.org.uk/corporate-volunteering/"",""claim"":""Offers company matching and examples of staff volunteering, skill sharing and support to foodbanks.""}]","{""coverage_names"": [""Stockport""], ""coverage_level"": ""local"", ""coverage_codes"": [""E08000007""], ""partner_directory"": true}","{""precision"": ""area""}"
nw-bolton-cvs,Find volunteering in Bolton,Bolton CVS,north-west,broker,enquiry,community_support,The local CVS offers volunteering information and routes to become a volunteer or search opportunities.,Connects people with local organisations. Ask for tasks that strengthen community support or preparedness; resilience-specific places are not confirmed.,individual,,,,,,53.58454,'-2.482875,Bolton,area_anchor,https://www.boltoncvs.org.uk/services/volunteering/,Bolton. Confirm the specific activity location with the host.,https://www.boltoncvs.org.uk/services/volunteering/,https://www.boltoncvs.org.uk/services/volunteering/volunteer-opportunities/,2026-09-18,2026-10-18,,,,,Public enquiry route; dates and capacity require confirmation.,"[{""url"":""https://www.boltoncvs.org.uk/services/volunteering/"",""claim"":""The local CVS offers volunteering information and routes to become a volunteer or search opportunities.""}]","{""coverage_names"": [""Bolton""], ""coverage_level"": ""local"", ""coverage_codes"": [""E08000001""], ""partner_directory"": true}","{""precision"": ""area""}"
nw-manchester-centre,Manchester volunteering and employer support,Macc / Volunteer Centre Manchester,north-west,broker,enquiry,community_support,"Provides volunteering information, support and training for Manchester residents and volunteer-involving organisations.",Connects people with local organisations. Ask for tasks that strengthen community support or preparedness; resilience-specific places are not confirmed.,team_day|individual,,,,,,53.442365,'-2.23339,Manchester,area_anchor,https://manchestercommunitycentral.org/volunteer-centre-manchester,Manchester. Confirm the specific activity location with the host.,https://manchestercommunitycentral.org/volunteer-centre-manchester,https://manchestercommunitycentral.org/volunteer-centre-manchester/employer-supported-volunteering-0,2026-09-18,2026-10-18,,,,,Public enquiry route; dates and capacity require confirmation.,"[{""url"":""https://manchestercommunitycentral.org/volunteer-centre-manchester"",""claim"":""Provides volunteering information, support and training for Manchester residents and volunteer-involving organisations.""},{""url"":""https://manchestercommunitycentral.org/volunteer-centre-manchester/employer-supported-volunteering-0"",""claim"":""Explicitly supports time off for individual or team volunteering and gives an ESV contact.""}]","{""coverage_names"": [""Manchester""], ""coverage_level"": ""local"", ""coverage_codes"": [""E08000003""], ""partner_directory"": true}","{""precision"": ""area""}"
nw-lancashire-partnership,Lancashire Volunteer Partnership opportunities,Lancashire Volunteer Partnership,north-west,broker,enquiry,community_support,"Search volunteering by postcode or town, including neighbourhood and community support.",Connects people with local organisations. Ask for tasks that strengthen community support or preparedness; resilience-specific places are not confirmed.,team_day|individual,,,,,,53.800685,'-2.574346,Lancashire,area_anchor,https://lancsvp.org.uk/,Lancashire. Confirm the specific activity location with the host.,https://lancsvp.org.uk/,https://lancsvp.org.uk/opportunities/,2026-09-18,2026-10-18,,,,,Public enquiry route; dates and capacity require confirmation.,"[{""url"":""https://lancsvp.org.uk/"",""claim"":""Search volunteering by postcode or town, including neighbourhood and community support.""},{""url"":""https://lancsvp.org.uk/csr/"",""claim"":""Offers companies an enquiry route for practical community projects; historical examples are not current bookable dates.""}]","{""coverage_names"": [""Lancashire""], ""coverage_level"": ""county"", ""coverage_codes"": [""E07000117"", ""E07000118"", ""E07000119"", ""E07000120"", ""E07000121"", ""E07000122"", ""E07000123"", ""E07000124"", ""E07000125"", ""E07000126"", ""E07000127"", ""E07000128""], ""partner_directory"": true}","{""precision"": ""area""}"
nw-stjohn-logistics,Operational support: equipment and logistics,St John Ambulance,north-west,opportunity,ongoing,preparedness|response|skills,Support the deployment and upkeep of equipment used by medical and education volunteers.,Maintaining equipment and logistics directly supports trained community response capacity.,individual|skills|ongoing,20–25 hours per month.,,,,"Selection, induction and training required; data literacy and intermediate computer skills. Drivers and non-drivers can apply.",53.910501,'-2.619352,"Cumbria, Lancashire",area_anchor,https://volunteer.communitycvs.org.uk/opportunity/operational-support-team-member-cumbria-lancashire-634,Cumbria; Lancashire. Confirm the specific activity location with the host.,https://volunteer.communitycvs.org.uk/opportunity/operational-support-team-member-cumbria-lancashire-634,https://volunteer.sja.org.uk/323118SJV,2026-09-18,2026-10-01,,,2026-10-10,,Published recruitment deadline 10 October 2026; selection and training dates are to be advised.,"[{""url"":""https://volunteer.communitycvs.org.uk/opportunity/operational-support-team-member-cumbria-lancashire-634"",""claim"":""Support the deployment and upkeep of equipment used by medical and education volunteers.""}]","{""coverage_names"": [""Cumbria"", ""Lancashire""], ""coverage_level"": ""regional"", ""coverage_codes"": [""E06000063"", ""E06000064"", ""E07000117"", ""E07000118"", ""E07000119"", ""E07000120"", ""E07000121"", ""E07000122"", ""E07000123"", ""E07000124"", ""E07000125"", ""E07000126"", ""E07000127"", ""E07000128""], ""partner_directory"": false}","{""precision"": ""area""}"
nw-whitechapel-driver,Food parcel and donations driver,The Whitechapel Centre,north-west,opportunity,ongoing,community_support,"Deliver food parcels, collect donations and move supplies between Whitechapel sites.",Supports food and material assistance for people affected by homelessness and hardship.,individual|ongoing,Weekday shifts: 10:00–12:30 or 12:30–16:00.,,,,Age 18+; driving licence and own appropriately insured vehicle; some lifting.,53.413532,'-2.971519,"Langsdale Street, Liverpool",office,https://www.whitechapelcentre.co.uk/volunteer-with-us.html,Driving tasks throughout Liverpool; office marker is not a fixed collection or activity point.,https://www.whitechapelcentre.co.uk/driver.html,https://www.whitechapelcentre.co.uk/driver.html,2026-09-18,2026-10-18,,,,,"Listed among current volunteer roles; application, interview and induction apply. Confirm the required recurring commitment.","[{""url"":""https://www.whitechapelcentre.co.uk/driver.html"",""claim"":""Deliver food parcels, collect donations and move supplies between Whitechapel sites.""}]","{""location_postcode"": ""L3 8DT"", ""location_address"": ""Langsdale Street, Liverpool"", ""location_basis"": ""office"", ""location_source_url"": ""https://www.whitechapelcentre.co.uk/volunteer-with-us.html"", ""coverage_names"": [""Liverpool""], ""coverage_level"": ""local"", ""coverage_codes"": [""E08000012""], ""partner_directory"": false}","{""precision"": ""postcode"", ""geocode_source_url"": ""https://api.postcodes.io/postcodes/L3%208DT"", ""geocode_checked_at"": ""2026-09-18""}"
nw-cheshire-sar,Cheshire Search and Rescue membership,Cheshire Search and Rescue,north-west,programme,ongoing,response|preparedness,Volunteer operational and support members assist searches for vulnerable missing people and other emergency operations.,Contributes to trained search and flood-response capability.,individual|ongoing,Regular Tuesday training and ongoing response commitment.,,,,,53.232123,'-2.586267,"Petty Pool Vocational College and Outdoor Centre, Pool Lane, Sandiway, Northwich, Cheshire",office,https://cheshire-sarteam.org/,Cheshire. Confirm the specific activity location with the host.,https://cheshire-sarteam.org/,https://cheshire-sarteam.org/contact/,2026-09-18,2026-10-18,,,,,Join-team enquiry route; selection and sustained training required. Not a one-day placement.,"[{""url"":""https://cheshire-sarteam.org/"",""claim"":""Volunteer operational and support members assist searches for vulnerable missing people and other emergency operations.""}]","{""location_postcode"": ""CW8 2DR"", ""location_address"": ""Petty Pool Vocational College and Outdoor Centre, Pool Lane, Sandiway, Northwich, Cheshire"", ""location_basis"": ""office"", ""location_source_url"": ""https://cheshire-sarteam.org/"", ""coverage_names"": [""Cheshire""], ""coverage_level"": ""county"", ""coverage_codes"": [""E06000006"", ""E06000007"", ""E06000049"", ""E06000050""], ""partner_directory"": false}","{""precision"": ""postcode"", ""geocode_source_url"": ""https://api.postcodes.io/postcodes/CW8%202DR"", ""geocode_checked_at"": ""2026-09-18""}"
nw-booth-corporate,Booth Centre employee volunteering sessions,Booth Centre,north-west,programme,enquiry,community_support,"Employee teams support centre activities, lunch service and practical tasks alongside staff.",Supports a community centre working with people affected by homelessness and poverty.,team_day,"Tuesdays or Wednesdays, 08:45–12:45.","Up to six volunteers per day, according to the host.",,,,53.492462,'-2.242475,"Booth Centre, Edward Holt House, Pimblett Street, Manchester",venue,https://www.boothcentre.org.uk/support-us/corporate-support/,Activity venue in Manchester; the centre serves people affected by homelessness and poverty across Greater Manchester.,https://www.boothcentre.org.uk/support-us/corporate-support/,https://www.boothcentre.org.uk/support-us/corporate-support/,2026-09-18,2026-10-18,,,,,Contact the host to agree a date; published programme limits do not confirm unfilled places.,"[{""url"":""https://www.boothcentre.org.uk/support-us/corporate-support/"",""claim"":""Employee teams support centre activities, lunch service and practical tasks alongside staff.""}]","{""location_postcode"": ""M3 1FU"", ""location_address"": ""Booth Centre, Edward Holt House, Pimblett Street, Manchester"", ""location_basis"": ""venue"", ""location_source_url"": ""https://www.boothcentre.org.uk/support-us/corporate-support/"", ""coverage_names"": [""Manchester""], ""coverage_level"": ""local"", ""coverage_codes"": [""E08000003""], ""partner_directory"": false}","{""precision"": ""postcode"", ""geocode_source_url"": ""https://api.postcodes.io/postcodes/M3%201FU"", ""geocode_checked_at"": ""2026-09-18""}"
nw-ribble-team-days,River conservation team days,Ribble Rivers Trust,north-west,programme,enquiry,environment,"Company groups can enquire about river clean-ups, tree planting and habitat activities.",Supports catchment stewardship. Ask which proposed tasks contribute to flood resilience; that benefit is not established for every activity.,team_day,Team day; date and programme agreed with the host.,,,,"Weather-appropriate clothing and lunch. The host provides tools, safety briefing and staff support.",53.888621,'-2.386522,"c/o Heidelberg Materials, Ribblesdale Works, Clitheroe, Lancashire",office,https://ribbletrust.org.uk/volunteer/team-building-days/,Ribble catchment; task sites vary. The Clitheroe registered-office marker is not an activity venue.,https://ribbletrust.org.uk/volunteer/team-building-days/,https://ribbletrust.org.uk/volunteer/team-building-days/,2026-09-18,2026-10-18,,,,,Public enquiry route; dates and capacity require confirmation.,"[{""url"":""https://ribbletrust.org.uk/volunteer/team-building-days/"",""claim"":""Publishes corporate team activities, enquiry instructions and tools/safety arrangements.""},{""url"":""https://ribbletrust.org.uk/about-us/"",""claim"":""Describes work across the Ribble catchment and its Lancashire base.""}]","{""location_postcode"": ""BB7 4QF"", ""location_address"": ""c/o Heidelberg Materials, Ribblesdale Works, Clitheroe, Lancashire"", ""location_basis"": ""office"", ""location_source_url"": ""https://ribbletrust.org.uk/volunteer/team-building-days/"", ""coverage_names"": [""Ribble catchment""], ""coverage_level"": ""regional"", ""coverage_codes"": [], ""partner_directory"": false}","{""precision"": ""postcode"", ""geocode_source_url"": ""https://api.postcodes.io/postcodes/BB7%204QF"", ""geocode_checked_at"": ""2026-09-18""}"
nw-mustard-corporate,Mustard Tree corporate volunteering days,Mustard Tree,north-west,programme,enquiry,community_support,Businesses can enquire about spending a day helping deliver Mustard Tree services.,Supports a local organisation addressing poverty and homelessness.,team_day,One day; details by agreement.,,,,,53.486595,'-2.227642,"110 Oldham Road, Ancoats, Manchester",office,https://mustardtree.org.uk/volunteering/,Manchester contact address; agree the actual volunteering venue and tasks with the host.,https://mustardtree.org.uk/volunteering/,https://mustardtree.org.uk/volunteering/,2026-09-18,2026-10-18,,,,,"Corporate programme advertised; this does not establish dates, team capacity or price.","[{""url"":""https://mustardtree.org.uk/volunteering/"",""claim"":""Businesses can enquire about spending a day helping deliver Mustard Tree services.""}]","{""location_postcode"": ""M4 6AG"", ""location_address"": ""110 Oldham Road, Ancoats, Manchester"", ""location_basis"": ""office"", ""location_source_url"": ""https://mustardtree.org.uk/volunteering/"", ""coverage_names"": [""Manchester""], ""coverage_level"": ""local"", ""coverage_codes"": [""E08000003""], ""partner_directory"": false}","{""precision"": ""postcode"", ""geocode_source_url"": ""https://api.postcodes.io/postcodes/M4%206AG"", ""geocode_checked_at"": ""2026-09-18""}"
nw-cwtc-digital,Community IT and media support in Oldham,"Centre of Wellbeing, Training & Culture",north-west,opportunity,ongoing,community_support|skills,"Help learners with basic IT and support community digital content, recordings and technical tasks.",Supports digital inclusion and local access to community information.,individual|skills|ongoing,"Three days each week, during the published September–December period.",,,"Listing states accessible parking, step-free access, lift and accessible toilets.",18+; DBS check; IT and communication skills. Listing also asks for relevant qualification or training; confirm suitability with host.,53.55765,'-2.047815,Oldham,area_anchor,https://www.actiontogether.org.uk/volunteer/opportunity/153384,Oldham. Confirm the specific activity location with the host.,https://www.actiontogether.org.uk/volunteer/opportunity/153384,https://www.actiontogether.org.uk/volunteer/opportunity/153384,2026-09-18,2026-10-18,2026-09-14,2026-12-17,,,Substantial recurring commitment; unsuitable for an isolated employee volunteering day. Confirm recruitment remains open.,"[{""url"":""https://www.actiontogether.org.uk/volunteer/opportunity/153384"",""claim"":""Help learners with basic IT and support community digital content, recordings and technical tasks.""}]","{""coverage_names"": [""Oldham""], ""coverage_level"": ""local"", ""coverage_codes"": [""E08000004""], ""partner_directory"": false}","{""precision"": ""area""}"
nw-preston-food-warehouse,Food redistribution warehouse assistant,Recycling Lives / FareShare Lancashire and Cumbria (listing name),north-west,opportunity,ongoing,community_support,"Prepare, check and dispatch donated-food orders for community charities.",Strengthens the local food-assistance supply chain.,individual|ongoing,At least one 09:00–12:00 shift per week.,,,,Physical warehouse work; safety awareness and on-the-job training. Discuss suitability with Preston Volunteers before applying where relevant.,53.788195,'-2.643006,"Unit A20, Red Scar Business Park, Preston, Lancashire",venue,https://volunteer.communitycvs.org.uk/opportunity/warehouse-assistant-271,Preston. Confirm the specific activity location with the host.,https://volunteer.communitycvs.org.uk/opportunity/warehouse-assistant-271,https://volunteer.communitycvs.org.uk/opportunity/warehouse-assistant-271,2026-09-18,2026-10-18,,,,,Live host listing with no closing date. Confirm current host identity and shift capacity; the displayed organisation name is retained from the source.,"[{""url"":""https://volunteer.communitycvs.org.uk/opportunity/warehouse-assistant-271"",""claim"":""Prepare, check and dispatch donated-food orders for community charities.""}]","{""location_postcode"": ""PR2 5NE"", ""location_address"": ""Unit A20, Red Scar Business Park, Preston, Lancashire"", ""location_basis"": ""venue"", ""location_source_url"": ""https://volunteer.communitycvs.org.uk/opportunity/warehouse-assistant-271"", ""coverage_names"": [""Preston""], ""coverage_level"": ""local"", ""coverage_codes"": [""E07000123""], ""partner_directory"": false}","{""precision"": ""postcode"", ""geocode_source_url"": ""https://api.postcodes.io/postcodes/PR2%205NE"", ""geocode_checked_at"": ""2026-09-18""}"
nw-congleton-wellbeing,Wellbeing activity volunteer at Beech House,Adullam Social Enterprises,north-west,opportunity,ongoing,community_support|skills,Plan and facilitate activities and practical life-skills sessions for supported-housing residents.,Supports social connection and everyday coping skills for residents facing complex needs.,individual|skills|ongoing,Flexible; agree commitment with the host.,,,,"Induction and relevant training; reliability and ability to adapt activities to participants. Relevant experience welcomed, not essential.",53.179032,'-2.292937,"Beech House, Congleton",venue,https://volunteering.cvsce.org.uk/volunteers/opportunity/10302861,Congleton. Confirm the specific activity location with the host.,https://volunteering.cvsce.org.uk/volunteers/opportunity/10302861,https://volunteering.cvsce.org.uk/volunteers/opportunity/10302861,2026-09-18,2026-10-18,,,,,"Role is publicly listed, but no dated sessions or capacity are published. Safeguarding and onboarding arrangements need confirmation.","[{""url"":""https://volunteering.cvsce.org.uk/volunteers/opportunity/10302861"",""claim"":""Plan and facilitate activities and practical life-skills sessions for supported-housing residents.""}]","{""location_postcode"": ""CW12 4SZ"", ""location_address"": ""Beech House, Congleton"", ""location_basis"": ""venue"", ""location_source_url"": ""https://volunteering.cvsce.org.uk/volunteers/opportunity/10302861"", ""coverage_names"": [""Congleton""], ""coverage_level"": ""local"", ""coverage_codes"": [], ""partner_directory"": false}","{""precision"": ""postcode"", ""geocode_source_url"": ""https://api.postcodes.io/postcodes/CW12%204SZ"", ""geocode_checked_at"": ""2026-09-18""}"
nw-lcr-platform,Liverpool City Region volunteering hub,Liverpool City Region Volunteer Centres,north-west,platform,enquiry,community_support,Shared volunteer-search platform managed by the volunteer centres for six named boroughs.,Provides local referrals across the city region; individual roles need screening for relevance to community resilience.,individual,,,,,,53.428763,'-2.872187,"Halton, St Helens, Knowsley",area_anchor,https://volunteeringlcr.org/index-classic,Halton; St Helens; Knowsley; Liverpool; Sefton; Wirral. Confirm the specific activity location with the host.,https://volunteeringlcr.org/index-classic,https://volunteeringlcr.org/index-classic,2026-09-18,2026-10-18,,,,,Directory access only; no specific placement or employer group availability is confirmed.,"[{""url"":""https://volunteeringlcr.org/index-classic"",""claim"":""The hub explicitly names Halton and St Helens, Knowsley, Liverpool, Sefton and Wirral as its volunteer-centre coverage.""}]","{""coverage_names"": [""Halton"", ""St Helens"", ""Knowsley"", ""Liverpool"", ""Sefton"", ""Wirral""], ""coverage_level"": ""regional"", ""coverage_codes"": [""E06000006"", ""E08000011"", ""E08000012"", ""E08000013"", ""E08000014"", ""E08000015""], ""partner_directory"": true}","{""precision"": ""area""}"
nw-trafford-collective,Trafford community volunteering hubs,Trafford Community Collective,north-west,broker,enquiry,community_support,A shared roles database and community-hub coordinators match volunteers with local organisations across Trafford.,Connects people with local organisations. Ask for tasks that strengthen community support or preparedness; resilience-specific places are not confirmed.,individual,,,,,,53.418895,'-2.36573,Trafford,area_anchor,https://traffordcollective.org.uk/home/volunteer/,Trafford. Confirm the specific activity location with the host.,https://traffordcollective.org.uk/home/volunteer/,https://traffordcollective.org.uk/home/volunteer/,2026-09-18,2026-09-25,,,,,Current referral route. The published hub coordination project runs until September 2026; confirm arrangements beyond this month.,"[{""url"":""https://traffordcollective.org.uk/home/volunteer/"",""claim"":""Offers Trafford-wide roles search, application advice and local hub contacts; states the project runs until September 2026.""},{""url"":""https://10gm.org.uk/local-areas/trafford/"",""claim"":""Identifies the Collective as Trafford local infrastructure organisation since autumn 2025; page reviewed 2 September 2026.""}]","{""coverage_names"": [""Trafford""], ""coverage_level"": ""local"", ""coverage_codes"": [""E08000009""], ""partner_directory"": true}","{""precision"": ""area""}"
nw-wigan-hub,Wigan Borough Volunteering Hub,Wigan Council / Wigan Borough Volunteering Hub,north-west,platform,enquiry,community_support,Council-backed hub for residents to find roles and community organisations to recruit volunteers across Wigan borough.,Provides local routes into community and environmental support; placement relevance and employee scheduling require host confirmation.,individual,,,,,,53.52723,'-2.57248,Wigan,area_anchor,https://www.wigan.gov.uk/Council/Volunteering/index.aspx,Wigan. Confirm the specific activity location with the host.,https://www.wigan.gov.uk/Council/Volunteering/index.aspx,https://www.wiganboroughvolunteerhub.co.uk/,2026-09-18,2026-10-18,,,,,Council referral checked; destination hub could not be inspected in this review. Individual roles have separate requirements and availability.,"[{""url"":""https://www.wigan.gov.uk/Council/Volunteering/index.aspx"",""claim"":""Council-backed hub for residents to find roles and community organisations to recruit volunteers across Wigan borough.""}]","{""coverage_names"": [""Wigan""], ""coverage_level"": ""local"", ""coverage_codes"": [""E08000010""], ""partner_directory"": true}","{""precision"": ""area""}"
nw-blackpool-food-project,Food logistics and flexible volunteering,The Big Food Project / Blackpool Food Bank,north-west,programme,enquiry,community_support,"Enquire about warehouse sorting, food transport, driver support or shorter tasks such as collecting surplus farm produce.",Supports food logistics and assistance to people facing hardship.,individual,Role-dependent; short flexible tasks and ongoing roles are both described.,,,,,53.78846,'-2.986202,"Unit 2, Holly Close, Whitehills Industrial Estate, Blackpool, Lancashire",office,https://thebigfoodproject.co.uk/volunteering/,"Food-assistance network serving Blackpool, Fylde and Wyre. Contact address is not the venue for every task.",https://thebigfoodproject.co.uk/volunteering/,https://thebigfoodproject.co.uk/volunteering/,2026-09-18,2026-10-18,,,,,"Enquire about current roles and orientation. Team days, shifts and driving requirements are not specified.","[{""url"":""https://thebigfoodproject.co.uk/volunteering/"",""claim"":""Publishes warehouse, driver, driver-mate and micro-volunteering routes and a contact address.""},{""url"":""https://thebigfoodproject.co.uk/"",""claim"":""Explicitly describes food and essentials distribution across Blackpool, Fylde and Wyre.""}]","{""location_postcode"": ""FY4 5QP"", ""location_address"": ""Unit 2, Holly Close, Whitehills Industrial Estate, Blackpool, Lancashire"", ""location_basis"": ""office"", ""location_source_url"": ""https://thebigfoodproject.co.uk/volunteering/"", ""coverage_names"": [""Blackpool"", ""Fylde"", ""Wyre""], ""coverage_level"": ""local"", ""coverage_codes"": [""E06000009"", ""E07000119"", ""E07000128""], ""partner_directory"": false}","{""precision"": ""postcode"", ""geocode_source_url"": ""https://api.postcodes.io/postcodes/FY4%205QP"", ""geocode_checked_at"": ""2026-09-18""}"
nw-blackpool-alley,Community alleyway improvement projects,Blackpool Council / Enveco,north-west,programme,enquiry,community_support|environment,Residents and local businesses can develop a shared-space improvement project with council assessment and clean-up support.,Can strengthen neighbourhood connections and shared community spaces. No emergency-response or flood-protection outcome is claimed.,team_day|skills,Allow a couple of months to organise; ongoing maintenance also required.,,,,"Neighbour agreement, council site assessment, safe access and suitable clothing. Agree risk and insurance arrangements before activity.",53.82436,'-3.021195,Blackpool,area_anchor,https://www.blackpool.gov.uk/your-council/community-rights/adopt-an-alleyway,Blackpool. Confirm the specific activity location with the host.,https://www.blackpool.gov.uk/your-council/community-rights/adopt-an-alleyway,https://www.blackpool.gov.uk/your-council/community-rights/adopt-an-alleyway,2026-09-18,2026-10-18,,,,,"A route to organise an agreed community project, not a ready-made vacancy or booked corporate day.","[{""url"":""https://www.blackpool.gov.uk/your-council/community-rights/adopt-an-alleyway"",""claim"":""Council programme explicitly invites local businesses and staff time, outlines assessment and clean-up process, and gives a community-team enquiry contact.""}]","{""coverage_names"": [""Blackpool""], ""coverage_level"": ""local"", ""coverage_codes"": [""E06000009""], ""partner_directory"": false}","{""precision"": ""area""}"
se-surrey-good-neighbours,Good-neighbour driving and coordination,Surrey Community Action,south-east,programme,enquiry,community_support,Enquire about local good-neighbour schemes providing transport and practical support for older and vulnerable residents.,"Helps people maintain access to appointments, prescriptions and local support.",individual,Drivers can volunteer flexibly; duty-officer roles normally involve regular slots.,,,,"Driver onboarding includes DBS, references, driving-licence and insurance checks.",51.256866,'-0.540223,"Astolat, Coniers Way, New Inn Lane, Burpham, Guildford",office,https://surreyca.org.uk/volunteer/,Source describes activity or support in Surrey. Specific placements have their own locations and requirements.,https://surreyca.org.uk/volunteer/,https://surreyca.org.uk/volunteer/,2026-09-18,2026-10-18,,,,,"Public referral route. Specific roles, dates and capacity require confirmation; no placement has been reserved.","[{""url"":""https://surreyca.org.uk/volunteer/"",""claim"":""Enquire about local good-neighbour schemes providing transport and practical support for older and vulnerable residents.""}]","{""location_postcode"": ""GU4 7HL"", ""location_address"": ""Astolat, Coniers Way, New Inn Lane, Burpham, Guildford"", ""location_basis"": ""office"", ""location_source_url"": ""https://surreyca.org.uk/volunteer/"", ""coverage_names"": [""Surrey""], ""coverage_level"": ""county"", ""coverage_codes"": [""E07000207"", ""E07000208"", ""E07000209"", ""E07000210"", ""E07000211"", ""E07000212"", ""E07000213"", ""E07000214"", ""E07000215"", ""E07000216"", ""E07000217""], ""partner_directory"": false}","{""precision"": ""postcode"", ""geocode_source_url"": ""https://api.postcodes.io/postcodes/GU4%207HL"", ""geocode_checked_at"": ""2026-09-18""}"
se-rother-volunteer-hub,Volunteer Hub — Rother,Rother Voluntary Action,south-east,broker,enquiry,community_support,Volunteer Hub promotes local roles and supports volunteers and volunteer-involving organisations.,A local route to community organisations and volunteering; confirm which roles support preparedness or recovery.,individual,,,,,,50.84166,0.470943,"The Villas, Town Hall, London Road, Bexhill-on-Sea",office,https://www.rva.uk.com/volunteer-hub/,Source describes activity or support in Rother. Specific placements have their own locations and requirements.,https://www.rva.uk.com/volunteer-hub/,https://www.rva.uk.com/volunteer-hub/,2026-09-18,2026-10-18,,,,,"Public referral route. Specific roles, dates and capacity require confirmation; no placement has been reserved.","[{""url"":""https://www.rva.uk.com/volunteer-hub/"",""claim"":""Volunteer Hub promotes local roles and supports volunteers and volunteer-involving organisations.""}]","{""location_postcode"": ""TN39 3JX"", ""location_address"": ""The Villas, Town Hall, London Road, Bexhill-on-Sea"", ""location_basis"": ""office"", ""location_source_url"": ""https://www.rva.uk.com/volunteer-hub/"", ""coverage_names"": [""Rother""], ""coverage_level"": ""local"", ""coverage_codes"": [""E07000064""], ""partner_directory"": true}","{""precision"": ""postcode"", ""geocode_source_url"": ""https://api.postcodes.io/postcodes/TN39%203JX"", ""geocode_checked_at"": ""2026-09-18""}"
se-arun-chichester-volunteering,Local volunteering — Arun and Chichester,Voluntary Action Arun & Chichester,south-east,broker,enquiry,community_support,Connect with a local voluntary-sector support organisation and its volunteering service.,A local route to community organisations and volunteering; confirm which roles support preparedness or recovery.,individual,,,,,,50.783105,'-0.670041,"The Town Hall, Clarence Road, Bognor Regis",office,https://www.vaac.org.uk/,"Source describes activity or support in Arun, Chichester. Specific placements have their own locations and requirements.",https://www.vaac.org.uk/,https://www.vaac.org.uk/volunteering,2026-09-18,2026-10-18,,,,,"Public referral route. Specific roles, dates and capacity require confirmation; no placement has been reserved.","[{""url"":""https://www.vaac.org.uk/"",""claim"":""Connect with a local voluntary-sector support organisation and its volunteering service.""}]","{""location_postcode"": ""PO21 1LD"", ""location_address"": ""The Town Hall, Clarence Road, Bognor Regis"", ""location_basis"": ""office"", ""location_source_url"": ""https://www.vaac.org.uk/"", ""coverage_names"": [""Arun"", ""Chichester""], ""coverage_level"": ""local"", ""coverage_codes"": [""E07000224"", ""E07000225""], ""partner_directory"": true}","{""precision"": ""postcode"", ""geocode_source_url"": ""https://api.postcodes.io/postcodes/PO21%201LD"", ""geocode_checked_at"": ""2026-09-18""}"
se-brighton-community-resilience,Community preparedness network — Brighton and Hove,Community Works,south-east,broker,enquiry,preparedness,"Enquire about a community project helping local people prepare for emergencies, delivered with local community organisations.",The published project directly supports local emergency preparedness.,unknown,,,,,,50.825847,'-0.14223,"Community Base, 113 Queens Road, Brighton",office,https://www.communityworks.org.uk/whats-new/community-resilience-project-update/,Source describes activity or support in Brighton and Hove. Specific placements have their own locations and requirements.,https://www.communityworks.org.uk/whats-new/community-resilience-project-update/,https://www.communityworks.org.uk/whats-new/community-resilience-project-update/,2026-09-18,2026-10-18,,,,2026-08-27,Coordination and information contact; the page does not advertise a volunteering vacancy or company team day.,"[{""url"":""https://www.communityworks.org.uk/whats-new/community-resilience-project-update/"",""claim"":""Enquire about a community project helping local people prepare for emergencies, delivered with local community organisations.""}]","{""location_postcode"": ""BN1 3XG"", ""location_address"": ""Community Base, 113 Queens Road, Brighton"", ""location_basis"": ""office"", ""location_source_url"": ""https://www.communityworks.org.uk/whats-new/community-resilience-project-update/"", ""coverage_names"": [""Brighton and Hove""], ""coverage_level"": ""local"", ""coverage_codes"": [""E06000043""], ""partner_directory"": true}","{""precision"": ""postcode"", ""geocode_source_url"": ""https://api.postcodes.io/postcodes/BN1%203XG"", ""geocode_checked_at"": ""2026-09-18""}"
se-eastbourne-lewes-wealden-volunteering,"Local volunteering — Eastbourne, Lewes and Wealden",Community Action East Sussex,south-east,broker,enquiry,community_support,Local infrastructure organisation links volunteers to roles and supports community organisations.,A local route to community organisations and volunteering; confirm which roles support preparedness or recovery.,individual,,,,,,50.822202,0.249318,"49 Station Road, Polegate",office,https://communityactioneastsussex.org.uk/,"Source describes activity or support in Eastbourne, Lewes, Wealden. Specific placements have their own locations and requirements.",https://communityactioneastsussex.org.uk/,https://communityactioneastsussex.org.uk/,2026-09-18,2026-10-18,,,,,"Public referral route. Specific roles, dates and capacity require confirmation; no placement has been reserved.","[{""url"":""https://communityactioneastsussex.org.uk/"",""claim"":""Local infrastructure organisation links volunteers to roles and supports community organisations.""}]","{""location_postcode"": ""BN26 6EA"", ""location_address"": ""49 Station Road, Polegate"", ""location_basis"": ""office"", ""location_source_url"": ""https://communityactioneastsussex.org.uk/"", ""coverage_names"": [""Eastbourne"", ""Lewes"", ""Wealden""], ""coverage_level"": ""local"", ""coverage_codes"": [""E07000061"", ""E07000063"", ""E07000065""], ""partner_directory"": true}","{""precision"": ""postcode"", ""geocode_source_url"": ""https://api.postcodes.io/postcodes/BN26%206EA"", ""geocode_checked_at"": ""2026-09-18""}"
se-community-first-volunteer-broker,Volunteer First — Hampshire local matching,Community First,south-east,broker,enquiry,community_support,Volunteer service supports individuals and businesses to find suitable local roles.,A local route to community organisations and volunteering; confirm which roles support preparedness or recovery.,individual|team_day|skills,,,The matching service is free for volunteers and non-profit organisations; corporate project terms require enquiry.,,,50.924191,'-1.203291,"East Hampshire, Havant, Fareham",area_anchor,https://www.cfirst.org.uk/volunteering/,"The source explicitly lists East Hampshire, Havant, Fareham, Winchester and New Forest for its advertised positions; do not interpret the Hampshire label as universal coverage.",https://www.cfirst.org.uk/volunteering/,https://www.volunteerfirst.co.uk/,2026-09-18,2026-10-18,,,,,"Public referral route. Specific roles, dates and capacity require confirmation; no placement has been reserved.","[{""url"":""https://www.cfirst.org.uk/volunteering/"",""claim"":""Volunteer service supports individuals and businesses to find suitable local roles.""}]","{""location_postcode"": null, ""location_address"": null, ""location_basis"": null, ""location_source_url"": null, ""coverage_names"": [""East Hampshire"", ""Havant"", ""Fareham"", ""Winchester"", ""New Forest""], ""coverage_level"": ""local"", ""coverage_codes"": [""E07000085"", ""E07000087"", ""E07000090"", ""E07000091"", ""E07000094""], ""partner_directory"": true}","{""precision"": ""area""}"
se-portsmouth-hive-volunteers,Volunteer matching — Portsmouth,HIVE Portsmouth,south-east,broker,enquiry,community_support,Local volunteering helpdesk and recruitment portal connect people with community organisations.,A local route to community organisations and volunteering; confirm which roles support preparedness or recovery.,individual,,,,,,50.796627,'-1.091657,"Lower Ground Floor, Central Library, Guildhall Square, Portsmouth",office,https://hiveportsmouth.org.uk/,Source describes activity or support in Portsmouth. Specific placements have their own locations and requirements.,https://hiveportsmouth.org.uk/,https://volunteer.hiveportsmouth.com/,2026-09-18,2026-10-18,,,,,"Public referral route. Specific roles, dates and capacity require confirmation; no placement has been reserved.","[{""url"":""https://hiveportsmouth.org.uk/"",""claim"":""Local volunteering helpdesk and recruitment portal connect people with community organisations.""}]","{""location_postcode"": ""PO1 2DX"", ""location_address"": ""Lower Ground Floor, Central Library, Guildhall Square, Portsmouth"", ""location_basis"": ""office"", ""location_source_url"": ""https://hiveportsmouth.org.uk/"", ""coverage_names"": [""Portsmouth""], ""coverage_level"": ""local"", ""coverage_codes"": [""E06000044""], ""partner_directory"": true}","{""precision"": ""postcode"", ""geocode_source_url"": ""https://api.postcodes.io/postcodes/PO1%202DX"", ""geocode_checked_at"": ""2026-09-18""}"
se-isle-wight-volunteer-centre,Island volunteering opportunities,Community Action Isle of Wight,south-east,broker,enquiry,community_support,"Search locally listed volunteer opportunities by postcode, interests and activities.",A local route to community organisations and volunteering; confirm which roles support preparedness or recovery.,individual,,,,,,50.702761,'-1.290296,"Riverside, The Quay, Newport, Isle of Wight",office,https://iwvolunteer.org/,Source describes activity or support in Isle of Wight. Specific placements have their own locations and requirements.,https://iwvolunteer.org/,https://iwvolunteer.org/,2026-09-18,2026-10-18,,,,,"Public referral route. Specific roles, dates and capacity require confirmation; no placement has been reserved.","[{""url"":""https://iwvolunteer.org/"",""claim"":""Search locally listed volunteer opportunities by postcode, interests and activities.""}]","{""location_postcode"": ""PO30 2QR"", ""location_address"": ""Riverside, The Quay, Newport, Isle of Wight"", ""location_basis"": ""office"", ""location_source_url"": ""https://iwvolunteer.org/"", ""coverage_names"": [""Isle of Wight""], ""coverage_level"": ""county"", ""coverage_codes"": [""E06000046""], ""partner_directory"": true}","{""precision"": ""postcode"", ""geocode_source_url"": ""https://api.postcodes.io/postcodes/PO30%202QR"", ""geocode_checked_at"": ""2026-09-18""}"
se-oxfordshire-employee-volunteer-broker,Employee volunteering advice and local matching,Oxfordshire Community & Voluntary Action,south-east,broker,enquiry,community_support,"Advice for employees and teams, with a route to Oxfordshire volunteer listings.",A local route to community organisations and volunteering; confirm which roles support preparedness or recovery.,individual|team_day|skills,,,,,,51.771912,'-1.311845,Oxfordshire,area_anchor,https://ocva.org.uk/volunteering/employee-volunteering/,Source describes activity or support in Oxfordshire. Specific placements have their own locations and requirements.,https://ocva.org.uk/volunteering/employee-volunteering/,https://ocva.org.uk/volunteering/employee-volunteering/,2026-09-18,2026-10-18,,,,,Advice and referral service; the source asks users to agree suitability directly with the receiving organisation.,"[{""url"":""https://ocva.org.uk/volunteering/employee-volunteering/"",""claim"":""Advice for employees and teams, with a route to Oxfordshire volunteer listings.""}]","{""location_postcode"": null, ""location_address"": null, ""location_basis"": null, ""location_source_url"": null, ""coverage_names"": [""Oxfordshire""], ""coverage_level"": ""county"", ""coverage_codes"": [""E07000177"", ""E07000178"", ""E07000179"", ""E07000180"", ""E07000181""], ""partner_directory"": true}","{""precision"": ""area""}"
se-reading-volunteer-broker,Local volunteer matching — Reading,Reading Voluntary Action,south-east,broker,enquiry,community_support,Matches volunteers to opportunities and helps local voluntary organisations develop.,A local route to community organisations and volunteering; confirm which roles support preparedness or recovery.,individual,,,,,,51.45142,'-0.990765,Reading,area_anchor,https://rva.org.uk/,Source describes activity or support in Reading. Specific placements have their own locations and requirements.,https://rva.org.uk/,https://rva.org.uk/,2026-09-18,2026-10-18,,,,,"Public referral route. Specific roles, dates and capacity require confirmation; no placement has been reserved.","[{""url"":""https://rva.org.uk/"",""claim"":""Matches volunteers to opportunities and helps local voluntary organisations develop.""}]","{""location_postcode"": null, ""location_address"": null, ""location_basis"": null, ""location_source_url"": null, ""coverage_names"": [""Reading""], ""coverage_level"": ""local"", ""coverage_codes"": [""E06000038""], ""partner_directory"": true}","{""precision"": ""area""}"
se-southampton-employee-volunteer-broker,Corporate and skills volunteering — Southampton,Southampton Voluntary Services,south-east,broker,enquiry,community_support,"Register interest in corporate community projects or support using administrative, marketing and other skills.",A local route to community organisations and volunteering; confirm which roles support preparedness or recovery.,team_day|skills,,,,,,50.904853,'-1.396852,"St Marys Street, Southampton",office,https://southamptonvs.org.uk/volunteering/corporate-social-responsibility-csr-days/,Source describes activity or support in Southampton. Specific placements have their own locations and requirements.,https://southamptonvs.org.uk/volunteering/corporate-social-responsibility-csr-days/,https://southamptonvs.org.uk/volunteering/corporate-social-responsibility-csr-days/,2026-09-18,2026-10-18,,,,,"Public referral route. Specific roles, dates and capacity require confirmation; no placement has been reserved.","[{""url"":""https://southamptonvs.org.uk/volunteering/corporate-social-responsibility-csr-days/"",""claim"":""Register interest in corporate community projects or support using administrative, marketing and other skills.""}]","{""location_postcode"": ""SO14 1NW"", ""location_address"": ""St Marys Street, Southampton"", ""location_basis"": ""office"", ""location_source_url"": ""https://southamptonvs.org.uk/volunteering/corporate-social-responsibility-csr-days/"", ""coverage_names"": [""Southampton""], ""coverage_level"": ""local"", ""coverage_codes"": [""E06000045""], ""partner_directory"": true}","{""precision"": ""postcode"", ""geocode_source_url"": ""https://api.postcodes.io/postcodes/SO14%201NW"", ""geocode_checked_at"": ""2026-09-18""}"
se-west-berkshire-volunteer-broker,Volunteer matching — West Berkshire,Volunteer Centre West Berkshire,south-east,broker,enquiry,community_support,Local volunteering advice and a searchable opportunity portal for individuals and community organisations.,A local route to community organisations and volunteering; confirm which roles support preparedness or recovery.,individual,,,,,,51.44637,'-1.28489,West Berkshire,area_anchor,https://www.volunteerwestberks.org.uk/,Source describes activity or support in West Berkshire. Specific placements have their own locations and requirements.,https://www.volunteerwestberks.org.uk/,https://vcwb.getvolunteering.co.uk/,2026-09-18,2026-10-18,,,,,"Public referral route. Specific roles, dates and capacity require confirmation; no placement has been reserved.","[{""url"":""https://www.volunteerwestberks.org.uk/"",""claim"":""Local volunteering advice and a searchable opportunity portal for individuals and community organisations.""}]","{""location_postcode"": null, ""location_address"": null, ""location_basis"": null, ""location_source_url"": null, ""coverage_names"": [""West Berkshire""], ""coverage_level"": ""local"", ""coverage_codes"": [""E06000037""], ""partner_directory"": true}","{""precision"": ""area""}"
london-camden-teamup,Team UP employee volunteering brokerage,Volunteer Centre Camden,london,broker,enquiry,community_support,Managed employee volunteering connects businesses with community projects and skills contributions.,A local route to community organisations and volunteering; confirm which roles support preparedness or recovery.,team_day|skills,,,Tailored service; discuss the project budget with Team UP.,,,51.548293,'-0.132453,"Kentish Town Community Centre, 17 Busby Place, London",office,https://volunteercentrecamden.org.uk/team-up-business-volunteers/,Based in Camden; the source describes projects across Camden and London. Specific activity sites are agreed with the service.,https://volunteercentrecamden.org.uk/team-up-business-volunteers/,https://volunteercentrecamden.org.uk/team-up-business-volunteers/,2026-09-18,2026-10-18,,,,,"Public referral route. Specific roles, dates and capacity require confirmation; no placement has been reserved.","[{""url"":""https://volunteercentrecamden.org.uk/team-up-business-volunteers/"",""claim"":""Managed employee volunteering connects businesses with community projects and skills contributions.""}]","{""location_postcode"": ""NW5 2SP"", ""location_address"": ""Kentish Town Community Centre, 17 Busby Place, London"", ""location_basis"": ""office"", ""location_source_url"": ""https://volunteercentrecamden.org.uk/team-up-business-volunteers/"", ""coverage_names"": [""Camden"", ""London""], ""coverage_level"": ""regional"", ""coverage_codes"": [""E09000001"", ""E09000002"", ""E09000003"", ""E09000004"", ""E09000005"", ""E09000006"", ""E09000007"", ""E09000008"", ""E09000009"", ""E09000010"", ""E09000011"", ""E09000012"", ""E09000013"", ""E09000014"", ""E09000015"", ""E09000016"", ""E09000017"", ""E09000018"", ""E09000019"", ""E09000020"", ""E09000021"", ""E09000022"", ""E09000023"", ""E09000024"", ""E09000025"", ""E09000026"", ""E09000027"", ""E09000028"", ""E09000029"", ""E09000030"", ""E09000031"", ""E09000032"", ""E09000033""], ""partner_directory"": true}","{""precision"": ""postcode"", ""geocode_source_url"": ""https://api.postcodes.io/postcodes/NW5%202SP"", ""geocode_checked_at"": ""2026-09-18""}"
london-richmond-volunteer-broker,Local volunteer matching — Richmond upon Thames,Richmond CVS,london,broker,enquiry,community_support,Local volunteering service and support for voluntary and community organisations.,A local route to community organisations and volunteering; confirm which roles support preparedness or recovery.,individual,,,,,,51.464375,'-0.302999,"RHACC, Parkshot, Richmond",office,https://richmondcvs.org.uk/,Source describes activity or support in Richmond upon Thames. Specific placements have their own locations and requirements.,https://richmondcvs.org.uk/,https://richmondcvs.org.uk/richmond-volunteering/,2026-09-18,2026-10-18,,,,,"Public referral route. Specific roles, dates and capacity require confirmation; no placement has been reserved.","[{""url"":""https://richmondcvs.org.uk/"",""claim"":""Local volunteering service and support for voluntary and community organisations.""}]","{""location_postcode"": ""TW9 2RE"", ""location_address"": ""RHACC, Parkshot, Richmond"", ""location_basis"": ""office"", ""location_source_url"": ""https://richmondcvs.org.uk/"", ""coverage_names"": [""Richmond upon Thames""], ""coverage_level"": ""local"", ""coverage_codes"": [""E09000027""], ""partner_directory"": true}","{""precision"": ""postcode"", ""geocode_source_url"": ""https://api.postcodes.io/postcodes/TW9%202RE"", ""geocode_checked_at"": ""2026-09-18""}"
london-merton-volunteer-broker,Local volunteering — Merton,Merton Connected,london,broker,enquiry,community_support,Connect with local organisations through Merton Connected’s volunteer service.,A local route to community organisations and volunteering; confirm which roles support preparedness or recovery.,individual,,,,,,51.41082,'-0.18919,Merton,area_anchor,https://www.mertonconnected.co.uk/,Source describes activity or support in Merton. Specific placements have their own locations and requirements.,https://www.mertonconnected.co.uk/,https://www.mertonconnected.co.uk/volunteers,2026-09-18,2026-10-18,,,,,"Public referral route. Specific roles, dates and capacity require confirmation; no placement has been reserved.","[{""url"":""https://www.mertonconnected.co.uk/"",""claim"":""Connect with local organisations through Merton Connected’s volunteer service.""}]","{""location_postcode"": null, ""location_address"": null, ""location_basis"": null, ""location_source_url"": null, ""coverage_names"": [""Merton""], ""coverage_level"": ""local"", ""coverage_codes"": [""E09000024""], ""partner_directory"": true}","{""precision"": ""area""}"
london-bromley-community-links,Volunteer Centre and community-sector connections — Bromley,Community Links Bromley,london,broker,enquiry,community_support,Integrated volunteer centre and voluntary-sector support organisation serving the London Borough of Bromley.,A local route to community organisations and volunteering; confirm which roles support preparedness or recovery.,individual,,,,,,51.406732,0.016589,"Community House, South Street, Bromley",office,https://www.communitylinksbromley.org.uk/,Source describes activity or support in Bromley. Specific placements have their own locations and requirements.,https://www.communitylinksbromley.org.uk/,https://www.communitylinksbromley.org.uk/,2026-09-18,2026-10-18,,,,,"Public referral route. Specific roles, dates and capacity require confirmation; no placement has been reserved.","[{""url"":""https://www.communitylinksbromley.org.uk/"",""claim"":""Integrated volunteer centre and voluntary-sector support organisation serving the London Borough of Bromley.""}]","{""location_postcode"": ""BR1 1RH"", ""location_address"": ""Community House, South Street, Bromley"", ""location_basis"": ""office"", ""location_source_url"": ""https://www.communitylinksbromley.org.uk/"", ""coverage_names"": [""Bromley""], ""coverage_level"": ""local"", ""coverage_codes"": [""E09000006""], ""partner_directory"": true}","{""precision"": ""postcode"", ""geocode_source_url"": ""https://api.postcodes.io/postcodes/BR1%201RH"", ""geocode_checked_at"": ""2026-09-18""}"
se-kent-volunteers-referral,Kent Volunteers — county referral route,Kent Volunteer Partnership / Kent County Council,south-east,broker,enquiry,community_support,"Council referral to Kent Volunteers, which connects people with local opportunities by area and interest.",A local route to community organisations and volunteering; confirm which roles support preparedness or recovery.,individual,,,,,,51.256787,0.709055,Kent,area_anchor,https://www.kent.gov.uk/leisure-and-community/volunteering/find-volunteering-opportunities,Source describes activity or support in Kent. Specific placements have their own locations and requirements.,https://www.kent.gov.uk/leisure-and-community/volunteering/find-volunteering-opportunities,https://www.kent.gov.uk/leisure-and-community/volunteering/find-volunteering-opportunities,2026-09-18,2026-10-18,,,,,Council referral page checked. The linked Kent Volunteers portal returned a loading error during this review; use the council page to find the current route.,"[{""url"":""https://www.kent.gov.uk/leisure-and-community/volunteering/find-volunteering-opportunities"",""claim"":""Council referral to Kent Volunteers, which connects people with local opportunities by area and interest.""}]","{""location_postcode"": null, ""location_address"": null, ""location_basis"": null, ""location_source_url"": null, ""coverage_names"": [""Kent""], ""coverage_level"": ""county"", ""coverage_codes"": [""E07000105"", ""E07000106"", ""E07000107"", ""E07000108"", ""E07000109"", ""E07000110"", ""E07000111"", ""E07000112"", ""E07000113"", ""E07000114"", ""E07000115"", ""E07000116""], ""partner_directory"": true}","{""precision"": ""area""}"
se-kent-digital-champions,Digital Champions Network,Digital Kent / Kent County Council,south-east,programme,enquiry,skills|community_support,Help residents develop digital confidence and access online public services through community sessions or individual support.,Digital inclusion can improve access to essential services and trusted information.,individual|skills,No strict commitment is specified; agree the activity with the network.,,,,Patience and willingness to learn; technical expertise is not required.,51.256787,0.709055,Kent,area_anchor,https://www.kent.gov.uk/leisure-and-community/volunteering/digital-champion-network-volunteers,Source describes activity or support in Kent. Specific placements have their own locations and requirements.,https://www.kent.gov.uk/leisure-and-community/volunteering/digital-champion-network-volunteers,https://www.digitalkent.uk/information/projects/dcn,2026-09-18,2026-10-18,,,,,Registration-of-interest route. Council states that Digital Kent services are time-limited by funding; confirm current local activities.,"[{""url"":""https://www.kent.gov.uk/leisure-and-community/volunteering/digital-champion-network-volunteers"",""claim"":""Council seeks volunteer Digital Champions across Kent, with flexible commitment; funding is time-limited.""},{""url"":""https://www.digitalkent.uk/information/projects/dcn"",""claim"":""Network provides registration and community digital-support activities.""}]","{""location_postcode"": null, ""location_address"": null, ""location_basis"": null, ""location_source_url"": null, ""coverage_names"": [""Kent""], ""coverage_level"": ""county"", ""coverage_codes"": [""E07000105"", ""E07000106"", ""E07000107"", ""E07000108"", ""E07000109"", ""E07000110"", ""E07000111"", ""E07000112"", ""E07000113"", ""E07000114"", ""E07000115"", ""E07000116""], ""partner_directory"": false}","{""precision"": ""area""}"
london-bexley-volunteer-broker,Volunteer Centre — Bexley,Bexley Voluntary Service Council,london,broker,enquiry,community_support,Volunteer Centre connects residents with volunteering across the London Borough of Bexley.,A local route to community organisations and volunteering; confirm which roles support preparedness or recovery.,individual,,,,,,51.46071,0.14617,Bexley,area_anchor,https://www.bvsc.co.uk/,Source describes activity or support in Bexley. Specific placements have their own locations and requirements.,https://www.bvsc.co.uk/,https://volunteering.bvsc.co.uk/,2026-09-18,2026-10-18,,,,,"Public referral route. Specific roles, dates and capacity require confirmation; no placement has been reserved.","[{""url"":""https://www.bvsc.co.uk/"",""claim"":""Volunteer Centre connects residents with volunteering across the London Borough of Bexley.""}]","{""location_postcode"": null, ""location_address"": null, ""location_basis"": null, ""location_source_url"": null, ""coverage_names"": [""Bexley""], ""coverage_level"": ""local"", ""coverage_codes"": [""E09000004""], ""partner_directory"": true}","{""precision"": ""area""}"
london-kingston-employer-broker,Employer and group volunteering — Kingston,Volunteering Kingston / Groundwork London,london,broker,enquiry,community_support,"Register team interests, skills and budget so the local service can look for a suitable community match.",A local route to community organisations and volunteering; confirm which roles support preparedness or recovery.,team_day|skills,,,Discuss the available budget and any project costs.,,,51.38188,'-0.284695,Kingston upon Thames,area_anchor,https://www.volunteeringkingston.org.uk/volunteers/employer-and-group-volunteering/,Source describes activity or support in Kingston upon Thames. Specific placements have their own locations and requirements.,https://www.volunteeringkingston.org.uk/volunteers/employer-and-group-volunteering/,https://www.volunteeringkingston.org.uk/volunteers/employer-and-group-volunteering/,2026-09-18,2026-10-18,,,,,Enquiry and matching route. The service may retain details if no suitable opportunity is currently available.,"[{""url"":""https://www.volunteeringkingston.org.uk/volunteers/employer-and-group-volunteering/"",""claim"":""Employer registration considers interests, skills and budget; a suitable placement may not be immediately available.""},{""url"":""https://www.volunteeringkingston.org.uk/"",""claim"":""The service supports volunteering in Kingston upon Thames.""}]","{""location_postcode"": null, ""location_address"": null, ""location_basis"": null, ""location_source_url"": null, ""coverage_names"": [""Kingston upon Thames""], ""coverage_level"": ""local"", ""coverage_codes"": [""E09000021""], ""partner_directory"": true}","{""precision"": ""area""}"
london-hackney-city-corporate-broker,Tailored company volunteering — Hackney and City,Volunteer Centre Hackney,london,broker,enquiry,community_support,"Managed team activities can include cooking, sorting essential donations and improving community spaces.",Local community support activities can strengthen organisations helping people facing hardship.,team_day,,,A service fee covers arrangements and host organisation costs; request a quote.,,,51.546925,'-0.072409,"Unit 13, Springfield House, 5 Tyssen Street, London",office,https://vchackney.org/services/corporate-volunteering/,"Source describes activity or support in Hackney, City of London. Specific placements have their own locations and requirements.",https://vchackney.org/services/corporate-volunteering/,https://vchackney.org/services/corporate-volunteering/,2026-09-18,2026-10-18,,,,,"Public referral route. Specific roles, dates and capacity require confirmation; no placement has been reserved.","[{""url"":""https://vchackney.org/services/corporate-volunteering/"",""claim"":""Managed team activities can include cooking, sorting essential donations and improving community spaces.""}]","{""location_postcode"": ""E8 2LY"", ""location_address"": ""Unit 13, Springfield House, 5 Tyssen Street, London"", ""location_basis"": ""office"", ""location_source_url"": ""https://vchackney.org/services/corporate-volunteering/"", ""coverage_names"": [""Hackney"", ""City of London""], ""coverage_level"": ""local"", ""coverage_codes"": [""E09000001"", ""E09000012""], ""partner_directory"": true}","{""precision"": ""postcode"", ""geocode_source_url"": ""https://api.postcodes.io/postcodes/E8%202LY"", ""geocode_checked_at"": ""2026-09-18""}"
se-buckinghamshire-volunteer-broker,Volunteer Bucks — county opportunity search,Community Impact Bucks,south-east,broker,enquiry,community_support,Local volunteer platform connects people and community organisations across Buckinghamshire.,A local route to community organisations and volunteering; confirm which roles support preparedness or recovery.,individual,,,Platform is described as free.,,,51.7835,'-0.80887,Buckinghamshire,area_anchor,https://www.volunteerbucks.org.uk/,Source explicitly describes Buckinghamshire coverage. Milton Keynes has a separate record; do not infer its coverage from the county label.,https://www.volunteerbucks.org.uk/,https://www.volunteerbucks.org.uk/,2026-09-18,2026-10-18,,,,,"Public referral route. Specific roles, dates and capacity require confirmation; no placement has been reserved.","[{""url"":""https://www.volunteerbucks.org.uk/"",""claim"":""Local volunteer platform connects people and community organisations across Buckinghamshire.""}]","{""location_postcode"": null, ""location_address"": null, ""location_basis"": null, ""location_source_url"": null, ""coverage_names"": [""Buckinghamshire""], ""coverage_level"": ""county"", ""coverage_codes"": [""E06000060""], ""partner_directory"": true}","{""precision"": ""area""}"
se-milton-keynes-employee-referral,Employee volunteering advice and referral — Milton Keynes,Community Action MK,south-east,broker,enquiry,community_support,Local volunteering hub and guidance help employers identify possible team and skills opportunities.,A local route to community organisations and volunteering; confirm which roles support preparedness or recovery.,team_day|skills,,,,,,52.082805,'-0.739565,Milton Keynes,area_anchor,https://communityactionmk.org/corporate-volunteering/,Source describes activity or support in Milton Keynes. Specific placements have their own locations and requirements.,https://communityactionmk.org/corporate-volunteering/,https://volunteeringhub.communityactionmk.org,2026-09-18,2026-10-18,,,,,The organisation explicitly says it currently has no dedicated employee-volunteering brokerage service. Its hub and advice are referral routes; it does not promise to organise a team day.,"[{""url"":""https://communityactionmk.org/corporate-volunteering/"",""claim"":""No dedicated employee brokerage at present; employers can use the local hub, request local charity information and explore skills support.""},{""url"":""https://communityactionmk.org/"",""claim"":""Community Action MK supports the local voluntary and community sector in Milton Keynes.""}]","{""location_postcode"": null, ""location_address"": null, ""location_basis"": null, ""location_source_url"": null, ""coverage_names"": [""Milton Keynes""], ""coverage_level"": ""local"", ""coverage_codes"": [""E06000042""], ""partner_directory"": true}","{""precision"": ""area""}"
se-hampshire-search-rescue,Search and rescue recruitment information — Hampshire,Hampshire Search and Rescue,south-east,programme,enquiry,response|preparedness,Explore operational and support volunteering with Hampshire Search and Rescue.,Trained volunteers support searches for vulnerable missing people.,individual|ongoing,Confirm the ongoing commitment for operational or support roles with the team.,,,,Applicants must be over 18 and have a home address in Hampshire. Ask the team about operational training and attendance requirements.,51.027088,'-1.170771,Hampshire,area_anchor,https://hantsar.org/recruitment/,Source describes activity or support in Hampshire. Specific placements have their own locations and requirements.,https://hantsar.org/recruitment/,https://hantsar.org/recruitment/,2026-09-18,2026-10-18,,,,,"Recruitment information page, not a confirmed intake or one-day activity. Check the current recruitment window with the team.","[{""url"":""https://hantsar.org/recruitment/"",""claim"":""Explore operational and support volunteering with Hampshire Search and Rescue.""}]","{""location_postcode"": null, ""location_address"": null, ""location_basis"": null, ""location_source_url"": null, ""coverage_names"": [""Hampshire""], ""coverage_level"": ""county"", ""coverage_codes"": [""E07000084"", ""E07000085"", ""E07000086"", ""E07000087"", ""E07000088"", ""E07000089"", ""E07000090"", ""E07000091"", ""E07000092"", ""E07000093"", ""E07000094""], ""partner_directory"": false}","{""precision"": ""area""}"
se-ashford-volunteer-broker,Volunteer Centre — Ashford,Ashford Volunteer Centre,south-east,broker,enquiry,community_support,Local volunteer centre matches people with organisations and supports community volunteering.,A local route to community organisations and volunteering; confirm which roles support preparedness or recovery.,individual,,,,,,51.147228,0.870427,"Berwick House, 8 Elwick Road, Ashford, Kent",office,https://ashfordvc.org.uk/contact-us,Source describes activity or support in Ashford. Specific placements have their own locations and requirements.,https://ashfordvc.org.uk/,https://ashfordvc.org.uk/,2026-09-18,2026-10-18,,,,,"Public referral route. Specific roles, dates and capacity require confirmation; no placement has been reserved.","[{""url"":""https://ashfordvc.org.uk/"",""claim"":""Volunteer matching service and support for community organisations serving Ashford Borough.""},{""url"":""https://ashfordvc.org.uk/contact-us"",""claim"":""Official office address: Berwick House, 8 Elwick Road, Ashford TN23 1PF.""}]","{""location_postcode"": ""TN23 1PF"", ""location_address"": ""Berwick House, 8 Elwick Road, Ashford, Kent"", ""location_basis"": ""office"", ""location_source_url"": ""https://ashfordvc.org.uk/contact-us"", ""coverage_names"": [""Ashford""], ""coverage_level"": ""local"", ""coverage_codes"": [""E07000105""], ""partner_directory"": true}","{""precision"": ""postcode"", ""geocode_source_url"": ""https://api.postcodes.io/postcodes/TN23%201PF"", ""geocode_checked_at"": ""2026-09-18""}"
london-islington-volunteer-centre,Volunteer Centre — Islington,Voluntary Action Islington,london,broker,enquiry,community_support,Accredited volunteer centre offers local opportunity advice and support to community organisations.,A local route to community organisations and volunteering; confirm which roles support preparedness or recovery.,individual,,,,,,51.531371,'-0.116825,"200a Pentonville Road, London",office,https://vai.org.uk/,Source describes activity or support in Islington. Specific placements have their own locations and requirements.,https://vai.org.uk/,https://vai.org.uk/,2026-09-18,2026-10-18,,,,,"Public referral route. Specific roles, dates and capacity require confirmation; no placement has been reserved.","[{""url"":""https://vai.org.uk/"",""claim"":""Accredited volunteer centre offers local opportunity advice and support to community organisations.""}]","{""location_postcode"": ""N1 9JP"", ""location_address"": ""200a Pentonville Road, London"", ""location_basis"": ""office"", ""location_source_url"": ""https://vai.org.uk/"", ""coverage_names"": [""Islington""], ""coverage_level"": ""local"", ""coverage_codes"": [""E09000019""], ""partner_directory"": true}","{""precision"": ""postcode"", ""geocode_source_url"": ""https://api.postcodes.io/postcodes/N1%209JP"", ""geocode_checked_at"": ""2026-09-18""}"
se-fareshare-brighton-volunteers,Food redistribution volunteering — Brighton,FareShare Sussex & Surrey,south-east,programme,enquiry,community_support,"Register interest in warehouse, driving, cooking or volunteer-buddy roles supporting local food redistribution.",Supports the supply of food to charities and community groups helping people in hardship.,individual|ongoing,At least four hours weekly for three months.,,,,Over 18; drivers must be at least 25 and hold a full driving licence.,50.851853,'-0.107327,"Brighton Depot, Unit 3–4 Fairway Business Centre, Westergate Road, Brighton",venue,https://faresharesussexandsurrey.org.uk/contact/,Brighton is the volunteering base; source also identifies deliveries across Brighton and Hove. This does not define the entire food-service catchment.,https://faresharesussexandsurrey.org.uk/sign-up/volunteer-brighton/,https://faresharesussexandsurrey.org.uk/sign-up/volunteer-brighton/,2026-09-18,2026-10-18,,,,,Public role registration is open on the source page; onboarding and available shifts require confirmation.,"[{""url"":""https://faresharesussexandsurrey.org.uk/sign-up/volunteer-brighton/"",""claim"":""Lists roles, weekly three-month commitment and age/licence conditions for the Brighton team.""},{""url"":""https://faresharesussexandsurrey.org.uk/contact/"",""claim"":""Official Brighton depot address and postcode.""}]","{""location_postcode"": ""BN2 4JZ"", ""location_address"": ""Brighton Depot, Unit 3–4 Fairway Business Centre, Westergate Road, Brighton"", ""location_basis"": ""venue"", ""location_source_url"": ""https://faresharesussexandsurrey.org.uk/contact/"", ""coverage_names"": [""Brighton and Hove""], ""coverage_level"": ""local"", ""coverage_codes"": [""E06000043""], ""partner_directory"": false}","{""precision"": ""postcode"", ""geocode_source_url"": ""https://api.postcodes.io/postcodes/BN2%204JZ"", ""geocode_checked_at"": ""2026-09-18""}"
se-fareshare-guildford-drivers,Food redistribution drivers — Guildford,FareShare Sussex & Surrey,south-east,programme,enquiry,community_support,Register interest in driving surplus food to charities and community groups from the Guildford hub.,Supports the supply of food to community organisations helping people in hardship.,individual|ongoing,At least four hours weekly for three months; driving shifts typically last about five hours.,,,,"Drivers must be at least 21, hold a full licence and be willing to learn to drive the charity’s vans.",51.245978,'-0.585099,"Guildford Hub, 6 Midleton Industrial Estate Road, Guildford",venue,https://faresharesussexandsurrey.org.uk/contact/,"Guildford is the volunteering base, not a claim that all deliveries or beneficiaries are within the borough.",https://faresharesussexandsurrey.org.uk/sign-up/volunteer-guildford/,https://faresharesussexandsurrey.org.uk/sign-up/volunteer-guildford/,2026-09-18,2026-10-18,,,,,Public registration-of-interest route; confirm onboarding and current shifts with the host.,"[{""url"":""https://faresharesussexandsurrey.org.uk/sign-up/volunteer-guildford/"",""claim"":""Guildford driver role with weekly three-month commitment and age/licence requirements.""},{""url"":""https://faresharesussexandsurrey.org.uk/contact/"",""claim"":""Official Guildford hub address and postcode.""}]","{""location_postcode"": ""GU2 8XW"", ""location_address"": ""Guildford Hub, 6 Midleton Industrial Estate Road, Guildford"", ""location_basis"": ""venue"", ""location_source_url"": ""https://faresharesussexandsurrey.org.uk/contact/"", ""coverage_names"": [""Guildford""], ""coverage_level"": ""local"", ""coverage_codes"": [""E07000209""], ""partner_directory"": false}","{""precision"": ""postcode"", ""geocode_source_url"": ""https://api.postcodes.io/postcodes/GU2%208XW"", ""geocode_checked_at"": ""2026-09-18""}"
se-kent-search-rescue-support,Search and rescue support volunteering — Kent,Kent Search and Rescue,south-east,programme,enquiry,response|skills,Enquire about operational membership or supporting the charity through advertising and fundraising.,Supports a volunteer organisation assisting searches for vulnerable missing people.,individual|skills|ongoing,Continuing volunteering; agree the commitment for support roles.,,The source states that members do not receive expenses.,,Operational members need training and qualification; ask about recruitment and role requirements.,51.291295,0.485371,"c/o Kent Police Tactical Operations, 2nd Floor, Coldharbour, London Road, Aylesford",office,https://www.ksar.co.uk/join-kent-search-and-rescue/,Source describes activity or support in Kent. Specific placements have their own locations and requirements.,https://www.ksar.co.uk/join-kent-search-and-rescue/,https://www.ksar.co.uk/join-kent-search-and-rescue/,2026-09-18,2026-10-18,,,,,Public membership and support enquiry. No immediate operational place or one-day company activity is confirmed.,"[{""url"":""https://www.ksar.co.uk/join-kent-search-and-rescue/"",""claim"":""Membership and advertising/fundraising support routes; members do not receive expenses; registered office address.""},{""url"":""https://www.ksar.co.uk/"",""claim"":""Kent search-and-rescue remit and qualification of operational members.""}]","{""location_postcode"": ""ME20 7SL"", ""location_address"": ""c/o Kent Police Tactical Operations, 2nd Floor, Coldharbour, London Road, Aylesford"", ""location_basis"": ""office"", ""location_source_url"": ""https://www.ksar.co.uk/join-kent-search-and-rescue/"", ""coverage_names"": [""Kent""], ""coverage_level"": ""county"", ""coverage_codes"": [""E07000105"", ""E07000106"", ""E07000107"", ""E07000108"", ""E07000109"", ""E07000110"", ""E07000111"", ""E07000112"", ""E07000113"", ""E07000114"", ""E07000115"", ""E07000116""], ""partner_directory"": false}","{""precision"": ""postcode"", ""geocode_source_url"": ""https://api.postcodes.io/postcodes/ME20%207SL"", ""geocode_checked_at"": ""2026-09-18""}"
se-kent-medway-voluntary-emergency-network,Kent Voluntary Sector Emergency Group,Kent and Medway Resilience Forum,south-east,broker,enquiry,preparedness|response,A coordination route for voluntary organisations contributing to emergency preparedness and incident support.,Direct connection to the local resilience forum’s voluntary-sector coordination.,unknown,,,,,,51.259211,0.514587,"Kent Resilience Team, Kent Fire and Rescue Service HQ, Straw Mill Hill, Tovil, Maidstone",office,https://www.kentprepared.org.uk/our-volunteer-partners,"Source describes activity or support in Kent, Medway. Specific placements have their own locations and requirements.",https://www.kentprepared.org.uk/our-volunteer-partners,https://www.kentprepared.org.uk/our-volunteer-partners,2026-09-18,2026-10-18,,,,,"Network contact, not a volunteering vacancy. Organisations may enquire with the resilience team; individuals are directed to member groups.","[{""url"":""https://www.kentprepared.org.uk/our-volunteer-partners"",""claim"":""A coordination route for voluntary organisations contributing to emergency preparedness and incident support.""}]","{""location_postcode"": ""ME15 6XB"", ""location_address"": ""Kent Resilience Team, Kent Fire and Rescue Service HQ, Straw Mill Hill, Tovil, Maidstone"", ""location_basis"": ""office"", ""location_source_url"": ""https://www.kentprepared.org.uk/our-volunteer-partners"", ""coverage_names"": [""Kent"", ""Medway""], ""coverage_level"": ""regional"", ""coverage_codes"": [""E06000035"", ""E07000105"", ""E07000106"", ""E07000107"", ""E07000108"", ""E07000109"", ""E07000110"", ""E07000111"", ""E07000112"", ""E07000113"", ""E07000114"", ""E07000115"", ""E07000116""], ""partner_directory"": true}","{""precision"": ""postcode"", ""geocode_source_url"": ""https://api.postcodes.io/postcodes/ME15%206XB"", ""geocode_checked_at"": ""2026-09-18""}"
se-reading-launchpad-team-days,Company volunteering for homelessness support — Reading,Launchpad,south-east,programme,enquiry,community_support,"Enquire about team allotment work growing food for a local foodbank, or helping the charity at fundraising events.",Supports food provision and an organisation helping residents facing homelessness.,team_day,Team challenges may be a day; event volunteering can be a few hours. Agree the specific activity.,,,,,51.457379,'-0.973472,"The Stables, 1A Merchants Place, Reading",office,https://launchpadreading.org.uk/get-involved/corporate-partner/,Source describes activity or support in Reading. Specific placements have their own locations and requirements.,https://launchpadreading.org.uk/get-involved/corporate-partner/,https://launchpadreading.org.uk/get-involved/corporate-partner/,2026-09-18,2026-10-18,,,,,"Public company enquiry route; dates, team capacity and the activity venue must be agreed with Launchpad. The mapped address is its office.","[{""url"":""https://launchpadreading.org.uk/get-involved/corporate-partner/"",""claim"":""Enquire about team allotment work growing food for a local foodbank, or helping the charity at fundraising events.""}]","{""location_postcode"": ""RG1 1DT"", ""location_address"": ""The Stables, 1A Merchants Place, Reading"", ""location_basis"": ""office"", ""location_source_url"": ""https://launchpadreading.org.uk/get-involved/corporate-partner/"", ""coverage_names"": [""Reading""], ""coverage_level"": ""local"", ""coverage_codes"": [""E06000038""], ""partner_directory"": false}","{""precision"": ""postcode"", ""geocode_source_url"": ""https://api.postcodes.io/postcodes/RG1%201DT"", ""geocode_checked_at"": ""2026-09-18""}"
se-homeless-oxfordshire-volunteering,Volunteer enquiry — homelessness support in Oxfordshire,Homeless Oxfordshire,south-east,programme,enquiry,community_support,Register interest in volunteering to support an organisation providing accommodation and specialist support for people experiencing homelessness.,Supports services for people facing housing insecurity and complex disadvantage.,individual,,,,,,51.747642,'-1.257932,"O’Hanlon House, Luther Street, Oxford",office,https://homelessoxfordshire.uk/volunteer/,Source describes activity or support in Oxfordshire. Specific placements have their own locations and requirements.,https://homelessoxfordshire.uk/volunteer/,https://homelessoxfordshire.uk/volunteer/,2026-09-18,2026-10-18,,,,,"General volunteer application route. Ask about current roles, locations, onboarding and suitable commitments; no company day is advertised in this record.","[{""url"":""https://homelessoxfordshire.uk/volunteer/"",""claim"":""Public volunteer application and registered office address.""},{""url"":""https://homelessoxfordshire.uk/corporate-partnerships/"",""claim"":""Organisation explicitly describes work throughout Oxfordshire.""},{""url"":""https://homelessoxfordshire.uk/"",""claim"":""Accommodation and specialist support for people experiencing homelessness.""}]","{""location_postcode"": ""OX1 1UL"", ""location_address"": ""O’Hanlon House, Luther Street, Oxford"", ""location_basis"": ""office"", ""location_source_url"": ""https://homelessoxfordshire.uk/volunteer/"", ""coverage_names"": [""Oxfordshire""], ""coverage_level"": ""county"", ""coverage_codes"": [""E07000177"", ""E07000178"", ""E07000179"", ""E07000180"", ""E07000181""], ""partner_directory"": false}","{""precision"": ""postcode"", ""geocode_source_url"": ""https://api.postcodes.io/postcodes/OX1%201UL"", ""geocode_checked_at"": ""2026-09-18""}"
se-adur-worthing-community-works,"Volunteer connections — Adur, Worthing and Brighton",Community Works,south-east,broker,enquiry,community_support,"Find volunteer and trustee opportunities, or get help recruiting and involving volunteers in local community organisations.",A local route to community organisations and volunteering; confirm which roles support preparedness or recovery.,individual,,,,,,50.825847,'-0.14223,"Community Base, 113 Queens Road, Brighton",office,https://www.communityworks.org.uk/volunteering/,"Source describes activity or support in Adur, Worthing, Brighton and Hove. Specific placements have their own locations and requirements.",https://www.communityworks.org.uk/volunteering/,https://www.communityworks.org.uk/volunteering/,2026-09-18,2026-10-18,,,,,"Public referral route. Specific roles, dates and capacity require confirmation; no placement has been reserved.","[{""url"":""https://www.communityworks.org.uk/volunteering/"",""claim"":""Volunteer and trustee search plus support for organisations involving volunteers.""},{""url"":""https://www.communityworks.org.uk/help-guidance/our-offer/"",""claim"":""Explicit service coverage across Adur, Worthing and Brighton and Hove, and volunteer-coordinator forum.""}]","{""location_postcode"": ""BN1 3XG"", ""location_address"": ""Community Base, 113 Queens Road, Brighton"", ""location_basis"": ""office"", ""location_source_url"": ""https://www.communityworks.org.uk/volunteering/"", ""coverage_names"": [""Adur"", ""Worthing"", ""Brighton and Hove""], ""coverage_level"": ""local"", ""coverage_codes"": [""E06000043"", ""E07000223"", ""E07000229""], ""partner_directory"": true}","{""precision"": ""postcode"", ""geocode_source_url"": ""https://api.postcodes.io/postcodes/BN1%203XG"", ""geocode_checked_at"": ""2026-09-18""}"
se-hastings-volunteer-broker,Volunteer matching — Hastings,Hastings Voluntary Action,south-east,broker,enquiry,community_support,Local infrastructure charity helps people find roles and community organisations recruit volunteers.,A local route to community organisations and volunteering; confirm which roles support preparedness or recovery.,individual,,,,,,50.857439,0.582956,"Jackson Hall, Portland Place, Hastings, East Sussex",office,https://hastingsvoluntaryaction.org.uk/,Source describes activity or support in Hastings. Specific placements have their own locations and requirements.,https://hastingsvoluntaryaction.org.uk/,https://hastingsvoluntaryaction.org.uk/,2026-09-18,2026-10-18,,,,,"Public referral route. Specific roles, dates and capacity require confirmation; no placement has been reserved.","[{""url"":""https://hastingsvoluntaryaction.org.uk/"",""claim"":""Local infrastructure charity helps people find roles and community organisations recruit volunteers.""}]","{""location_postcode"": ""TN34 1QN"", ""location_address"": ""Jackson Hall, Portland Place, Hastings, East Sussex"", ""location_basis"": ""office"", ""location_source_url"": ""https://hastingsvoluntaryaction.org.uk/"", ""coverage_names"": [""Hastings""], ""coverage_level"": ""local"", ""coverage_codes"": [""E07000062""], ""partner_directory"": true}","{""precision"": ""postcode"", ""geocode_source_url"": ""https://api.postcodes.io/postcodes/TN34%201QN"", ""geocode_checked_at"": ""2026-09-18""}"
se-crawley-volunteer-broker,Crawley Volunteers — local matching,Crawley Community Action,south-east,broker,enquiry,community_support,Connect with local charities through the Crawley Volunteers service and community-sector support organisation.,A local route to community organisations and volunteering; confirm which roles support preparedness or recovery.,individual,,,,,,51.110773,'-0.189788,"The Orchard, 1–2 Gleneagles Court, Brighton Road, Crawley, West Sussex",office,https://www.crawleycommunityaction.org/,Source describes activity or support in Crawley. Specific placements have their own locations and requirements.,https://www.crawleycommunityaction.org/,https://www.crawleycommunityaction.org/,2026-09-18,2026-10-18,,,,,"Public referral route. Specific roles, dates and capacity require confirmation; no placement has been reserved.","[{""url"":""https://www.crawleycommunityaction.org/"",""claim"":""Connect with local charities through the Crawley Volunteers service and community-sector support organisation.""}]","{""location_postcode"": ""RH10 6AD"", ""location_address"": ""The Orchard, 1–2 Gleneagles Court, Brighton Road, Crawley, West Sussex"", ""location_basis"": ""office"", ""location_source_url"": ""https://www.crawleycommunityaction.org/"", ""coverage_names"": [""Crawley""], ""coverage_level"": ""local"", ""coverage_codes"": [""E07000226""], ""partner_directory"": true}","{""precision"": ""postcode"", ""geocode_source_url"": ""https://api.postcodes.io/postcodes/RH10%206AD"", ""geocode_checked_at"": ""2026-09-18""}"
se-mid-sussex-volunteer-broker,Local volunteer matching — Mid Sussex,Community People,south-east,broker,enquiry,community_support,Search volunteer opportunities in Mid Sussex and connect with the local voluntary-sector support organisation.,A local route to community organisations and volunteering; confirm which roles support preparedness or recovery.,individual,,,,,,50.958425,'-0.141448,"The Cherry Tree Centre, Fairfield Road, Burgess Hill, West Sussex",office,https://communitypeople.org.uk/what-we-do/volunteering/search,Source describes activity or support in Mid Sussex. Specific placements have their own locations and requirements.,https://communitypeople.org.uk/what-we-do/volunteering/search,https://communitypeople.org.uk/what-we-do/volunteering/search,2026-09-18,2026-10-18,,,,,"Public referral route. Specific roles, dates and capacity require confirmation; no placement has been reserved.","[{""url"":""https://communitypeople.org.uk/what-we-do/volunteering/search"",""claim"":""Local Mid Sussex volunteer search and office address.""},{""url"":""https://communitypeople.org.uk/about-us"",""claim"":""Organisation explicitly works across Mid Sussex; wider West Sussex collaboration is not treated as district-wide vacancy coverage.""}]","{""location_postcode"": ""RH15 8QB"", ""location_address"": ""The Cherry Tree Centre, Fairfield Road, Burgess Hill, West Sussex"", ""location_basis"": ""office"", ""location_source_url"": ""https://communitypeople.org.uk/what-we-do/volunteering/search"", ""coverage_names"": [""Mid Sussex""], ""coverage_level"": ""local"", ""coverage_codes"": [""E07000228""], ""partner_directory"": true}","{""precision"": ""postcode"", ""geocode_source_url"": ""https://api.postcodes.io/postcodes/RH15%208QB"", ""geocode_checked_at"": ""2026-09-18""}"
se-horsham-volunteer-broker,Volunteer matching and sector support — Horsham,Horsham District Council,south-east,broker,enquiry,community_support,Council team connects new volunteers with opportunities and helps community groups recruit and develop.,A local route to community organisations and volunteering; confirm which roles support preparedness or recovery.,individual,,,,,,51.063728,'-0.331687,"Albery House, Springfield Road, Horsham, West Sussex",office,https://www.horsham.gov.uk/voluntary-sector-support,Source describes activity or support in Horsham. Specific placements have their own locations and requirements.,https://www.horsham.gov.uk/voluntary-sector-support,https://www.horsham.gov.uk/voluntary-sector-support,2026-09-18,2026-10-18,,,,,"Public referral route. Specific roles, dates and capacity require confirmation; no placement has been reserved.","[{""url"":""https://www.horsham.gov.uk/voluntary-sector-support"",""claim"":""Council team connects new volunteers with opportunities and helps community groups recruit and develop.""}]","{""location_postcode"": ""RH12 2GB"", ""location_address"": ""Albery House, Springfield Road, Horsham, West Sussex"", ""location_basis"": ""office"", ""location_source_url"": ""https://www.horsham.gov.uk/voluntary-sector-support"", ""coverage_names"": [""Horsham""], ""coverage_level"": ""local"", ""coverage_codes"": [""E07000227""], ""partner_directory"": true}","{""precision"": ""postcode"", ""geocode_source_url"": ""https://api.postcodes.io/postcodes/RH12%202GB"", ""geocode_checked_at"": ""2026-09-18""}"
se-slough-volunteer-broker,Local volunteer matching — Slough,Slough Council for Voluntary Service,south-east,broker,enquiry,community_support,Local volunteer officer and Simply Connects recruitment service help residents find suitable community opportunities.,A local route to community organisations and volunteering; confirm which roles support preparedness or recovery.,individual,,,,,,51.50737,'-0.593318,"27 Church Street, Slough",office,https://sloughcvs.org/volunteering/,Source describes activity or support in Slough. Specific placements have their own locations and requirements.,https://sloughcvs.org/volunteering/,https://sloughcvs.org/volunteering/,2026-09-18,2026-10-18,,,,,"Public referral route. Specific roles, dates and capacity require confirmation; no placement has been reserved.","[{""url"":""https://sloughcvs.org/volunteering/"",""claim"":""Local volunteer officer and Simply Connects recruitment service help residents find suitable community opportunities.""}]","{""location_postcode"": ""SL1 1PL"", ""location_address"": ""27 Church Street, Slough"", ""location_basis"": ""office"", ""location_source_url"": ""https://sloughcvs.org/volunteering/"", ""coverage_names"": [""Slough""], ""coverage_level"": ""local"", ""coverage_codes"": [""E06000039""], ""partner_directory"": true}","{""precision"": ""postcode"", ""geocode_source_url"": ""https://api.postcodes.io/postcodes/SL1%201PL"", ""geocode_checked_at"": ""2026-09-18""}"
se-windsor-maidenhead-volunteer-broker,WAM Get Involved — local volunteer connections,WAM Get Involved / Slough CVS,south-east,broker,enquiry,community_support,"Voluntary-sector partnership offers a volunteering platform, training and support across Windsor, Ascot and Maidenhead.",A local route to community organisations and volunteering; confirm which roles support preparedness or recovery.,individual,,,,,,51.50737,'-0.593318,"Slough CVS, 27 Church Street, Slough",office,https://sloughcvs.org/wam-get-involved/,"Source describes service across the Royal Borough, including Windsor, Ascot and Maidenhead. The contact address is the host organisation’s Slough office, not an activity site.",https://sloughcvs.org/wam-get-involved/,https://sloughcvs.org/wam-get-involved/,2026-09-18,2026-10-18,,,,,"Public referral route. Specific roles, dates and capacity require confirmation; no placement has been reserved.","[{""url"":""https://sloughcvs.org/wam-get-involved/"",""claim"":""Voluntary-sector partnership offers a volunteering platform, training and support across Windsor, Ascot and Maidenhead.""}]","{""location_postcode"": ""SL1 1PL"", ""location_address"": ""Slough CVS, 27 Church Street, Slough"", ""location_basis"": ""office"", ""location_source_url"": ""https://sloughcvs.org/wam-get-involved/"", ""coverage_names"": [""Windsor and Maidenhead""], ""coverage_level"": ""local"", ""coverage_codes"": [""E06000040""], ""partner_directory"": true}","{""precision"": ""postcode"", ""geocode_source_url"": ""https://api.postcodes.io/postcodes/SL1%201PL"", ""geocode_checked_at"": ""2026-09-18""}"
se-medway-volunteer-broker,Local volunteer matching — Medway,Medway Voluntary Action,south-east,broker,enquiry,community_support,Search local volunteer roles and contact the volunteer support team for help finding a suitable match.,A local route to community organisations and volunteering; confirm which roles support preparedness or recovery.,individual,,,,,,51.395085,0.528055,"The Joiners Shop, The Historic Dockyard, Chatham",office,https://www.mva.org.uk/volunteering-individuals/volunteering-opportunities-in-medway,Source describes activity or support in Medway. Specific placements have their own locations and requirements.,https://www.mva.org.uk/volunteering-individuals/volunteering-opportunities-in-medway,https://www.mva.org.uk/volunteering-individuals/volunteering-opportunities-in-medway,2026-09-18,2026-10-18,,,,,"Public referral route. Specific roles, dates and capacity require confirmation; no placement has been reserved.","[{""url"":""https://www.mva.org.uk/volunteering-individuals/volunteering-opportunities-in-medway"",""claim"":""Search local volunteer roles and contact the volunteer support team for help finding a suitable match.""}]","{""location_postcode"": ""ME4 4TZ"", ""location_address"": ""The Joiners Shop, The Historic Dockyard, Chatham"", ""location_basis"": ""office"", ""location_source_url"": ""https://www.mva.org.uk/volunteering-individuals/volunteering-opportunities-in-medway"", ""coverage_names"": [""Medway""], ""coverage_level"": ""local"", ""coverage_codes"": [""E06000035""], ""partner_directory"": true}","{""precision"": ""postcode"", ""geocode_source_url"": ""https://api.postcodes.io/postcodes/ME4%204TZ"", ""geocode_checked_at"": ""2026-09-18""}"
se-bracknell-volunteer-broker,Volunteer matching — Bracknell Forest,Involve Community Services,south-east,broker,enquiry,community_support,Volunteer centre matches people with local community organisations and provides role-selection advice.,A local route to community organisations and volunteering; confirm which roles support preparedness or recovery.,individual,,,,,,51.417215,'-0.748037,"The Court House, Town Square, Broadway, Bracknell, Berkshire",office,https://involve.community/contact-us/,Source describes activity or support in Bracknell Forest. Specific placements have their own locations and requirements.,https://involve.community/volunteering/,https://involve.community/volunteering/,2026-09-18,2026-10-18,,,,,"Public matching route. Primary page content was available through the web index, but direct page loads were intermittent during this check; use the published contact route if the site does not load.","[{""url"":""https://involve.community/volunteering/"",""claim"":""Explicitly acts as volunteer centre for Bracknell Forest; refers Wokingham residents to a separate volunteer centre.""},{""url"":""https://www.bracknell-forest.gov.uk/jobs/volunteering"",""claim"":""Council refers local volunteers and recruiting groups to Involve.""},{""url"":""https://involve.community/contact-us/"",""claim"":""Official Bracknell office address is RG12 1AE; Wokingham office is separate.""}]","{""location_postcode"": ""RG12 1AE"", ""location_address"": ""The Court House, Town Square, Broadway, Bracknell, Berkshire"", ""location_basis"": ""office"", ""location_source_url"": ""https://involve.community/contact-us/"", ""coverage_names"": [""Bracknell Forest""], ""coverage_level"": ""local"", ""coverage_codes"": [""E06000036""], ""partner_directory"": true}","{""precision"": ""postcode"", ""geocode_source_url"": ""https://api.postcodes.io/postcodes/RG12%201AE"", ""geocode_checked_at"": ""2026-09-18""}"
se-wokingham-volunteer-broker,Volunteer Centre — Wokingham borough,Wokingham Volunteer Centre,south-east,broker,enquiry,community_support,Local brokerage works with individuals and businesses to find volunteering with organisations across the borough.,A local route to community organisations and volunteering; confirm which roles support preparedness or recovery.,individual,,,,,,51.409713,'-0.835,"Charity & Community Hub, First Floor, Waterford House, Erftstadt Court, Denmark Street, Wokingham",office,https://wokinghamvolunteercentre.org.uk/,Source describes activity or support in Wokingham. Specific placements have their own locations and requirements.,https://wokinghamvolunteercentre.org.uk/,https://wokinghamvolunteercentre.org.uk/volunteer/,2026-09-18,2026-10-18,,,,,Brokerage and business enquiry route. Confirm whether a specific employer contribution can be a team day or requires regular individual volunteering.,"[{""url"":""https://wokinghamvolunteercentre.org.uk/"",""claim"":""Local brokerage works with individuals and businesses to find volunteering with organisations across the borough.""},{""url"":""https://wokinghamvolunteercentre.org.uk/volunteer/"",""claim"":""Borough-wide brokerage, opportunity portal and individual advice appointments.""}]","{""location_postcode"": ""RG40 2YF"", ""location_address"": ""Charity & Community Hub, First Floor, Waterford House, Erftstadt Court, Denmark Street, Wokingham"", ""location_basis"": ""office"", ""location_source_url"": ""https://wokinghamvolunteercentre.org.uk/"", ""coverage_names"": [""Wokingham""], ""coverage_level"": ""local"", ""coverage_codes"": [""E06000041""], ""partner_directory"": true}","{""precision"": ""postcode"", ""geocode_source_url"": ""https://api.postcodes.io/postcodes/RG40%202YF"", ""geocode_checked_at"": ""2026-09-18""}"
sw-volunteer-cornwall,Find local volunteering in Cornwall,Volunteer Cornwall,south-west,broker,enquiry,community_support,Volunteer Cornwall connects people with local charities and community organisations through a searchable volunteering directory.,A local entry point for finding community-support tasks; resilience relevance must be checked for each role.,individual,,,,,,50.44511,'-4.956825,Cornwall,area_anchor,https://www.volunteercornwall.org.uk/,Source identifies Cornwall. Confirm the relevant local role or activity with the organisation.,https://www.volunteercornwall.org.uk/,https://opportunities.volunteercornwall.org.uk/,2026-09-18,2026-10-18,,,,,"Public referral route; no specific dates, placements or capacity have been confirmed.","[{""url"":""https://www.volunteercornwall.org.uk/"",""claim"":""Volunteer Cornwall connects people with local charities and community organisations through a searchable volunteering directory.""}]","{""coverage_names"": [""Cornwall""], ""coverage_level"": ""county"", ""coverage_codes"": [""E06000052""], ""partner_directory"": true}","{""precision"": ""area""}"
sw-cornwall-flood-forum,Join a community flood resilience network,Cornwall Community Flood Forum,south-west,broker,enquiry,preparedness|recovery,"The forum supports Cornwall communities with flood plans, recovery and flood-warden training. Individual and organisational membership is open.",Directly supports local flood preparedness and connections with established community groups.,individual|ongoing,,,Membership is free.,,Flood-warden roles require local arrangements and training; enquire before participating.,50.44511,'-4.956825,Cornwall,area_anchor,https://www.cornwallcommunityfloodforum.org.uk/,Source identifies Cornwall. Confirm the relevant local role or activity with the organisation.,https://www.cornwallcommunityfloodforum.org.uk/,https://www.cornwallcommunityfloodforum.org.uk/,2026-09-18,2026-10-18,,,,,"Public referral route; no specific dates, placements or capacity have been confirmed.","[{""url"":""https://www.cornwallcommunityfloodforum.org.uk/"",""claim"":""The forum supports Cornwall communities with flood plans, recovery and flood-warden training. Individual and organisational membership is open.""}]","{""coverage_names"": [""Cornwall""], ""coverage_level"": ""county"", ""coverage_codes"": [""E06000052""], ""partner_directory"": true}","{""precision"": ""area""}"
sw-devon-communities-together,Devon Community Resilience Forum,Devon Communities Together,south-west,broker,enquiry,preparedness|community_support,"The forum supports Devon communities to prepare community emergency plans, connect with other groups and use resilience resources.",A route to local capacity-building partners; employee placements require a separate agreement.,unknown,,,,,,50.746173,'-3.753324,Devon,area_anchor,https://www.devoncommunities.org.uk/projects/devon-community-resilience-forum,Source identifies Devon. Confirm the relevant local role or activity with the organisation.,https://www.devoncommunities.org.uk/projects/devon-community-resilience-forum,https://www.devoncommunities.org.uk/projects/devon-community-resilience-forum,2026-09-18,2026-10-18,,2027-03-31,,,"Public referral route; no specific dates, placements or capacity have been confirmed.","[{""url"":""https://www.devoncommunities.org.uk/projects/devon-community-resilience-forum"",""claim"":""The named partnership supports community emergency plans and twice-yearly forum events; the project runs to 31 March 2027.""}]","{""coverage_names"": [""Devon""], ""coverage_level"": ""county"", ""coverage_codes"": [""E07000040"", ""E07000041"", ""E07000042"", ""E07000043"", ""E07000044"", ""E07000045"", ""E07000046"", ""E07000047""], ""partner_directory"": true}","{""precision"": ""area""}"
sw-volunteer-centre-dorset,Find volunteering through Volunteer Centre Dorset,Volunteer Centre Dorset,south-west,broker,enquiry,community_support,The centre helps people find volunteer roles and supports organisations recruiting volunteers.,Connects employers and individuals to local hosts; an advertised role still needs a relevance and availability check.,individual,,,,,,50.714478,'-2.434966,"The Coach House, Acland Road, Dorchester, Dorset",office,https://www.volunteeringdorset.org.uk/,Source identifies Dorset. Confirm the relevant local role or activity with the organisation.,https://www.volunteeringdorset.org.uk/,https://www.volunteeringdorset.org.uk/,2026-09-18,2026-10-18,,,,,"Public referral route; no specific dates, placements or capacity have been confirmed.","[{""url"":""https://www.volunteeringdorset.org.uk/"",""claim"":""The centre helps people find volunteer roles and supports organisations recruiting volunteers.""}]","{""location_postcode"": ""DT1 1EF"", ""location_address"": ""The Coach House, Acland Road, Dorchester, Dorset"", ""location_basis"": ""office"", ""location_source_url"": ""https://www.volunteeringdorset.org.uk/"", ""coverage_names"": [""Dorset""], ""coverage_level"": ""county"", ""coverage_codes"": [""E06000059""], ""partner_directory"": true}","{""precision"": ""postcode"", ""geocode_source_url"": ""https://api.postcodes.io/postcodes/DT1%201EF"", ""geocode_checked_at"": ""2026-09-18""}"
sw-voscur-bristol,Bristol volunteering and voluntary-sector support,Voscur,south-west,broker,enquiry,community_support|skills,Voscur supports Bristol voluntary organisations and directs volunteers to local advertisements and Can Do Bristol.,A local route to community organisations and volunteer coordinators; no emergency vacancy is implied.,individual,,,,,,51.44982,'-2.596465,"Royal Oak House, Royal Oak Avenue, Bristol",office,https://voscur.org/volunteering-support-for-organisations/,Source identifies Bristol. Confirm the relevant local role or activity with the organisation.,https://voscur.org/volunteering-support-for-organisations/,https://voscur.org/volunteering-support-for-organisations/,2026-09-18,2026-10-18,,,,,"Public referral route; no specific dates, placements or capacity have been confirmed.","[{""url"":""https://voscur.org/volunteering-support-for-organisations/"",""claim"":""Voscur supports Bristol voluntary organisations and directs volunteers to local advertisements and Can Do Bristol.""}]","{""location_postcode"": ""BS1 4GB"", ""location_address"": ""Royal Oak House, Royal Oak Avenue, Bristol"", ""location_basis"": ""office"", ""location_source_url"": ""https://voscur.org/volunteering-support-for-organisations/"", ""coverage_names"": [""Bristol""], ""coverage_level"": ""local"", ""coverage_codes"": [""E06000023""], ""partner_directory"": true}","{""precision"": ""postcode"", ""geocode_source_url"": ""https://api.postcodes.io/postcodes/BS1%204GB"", ""geocode_checked_at"": ""2026-09-18""}"
sw-wessex-employer-volunteering,Arrange employer-supported volunteering in Wiltshire,Wessex Community Action,south-west,broker,enquiry,community_support|skills,Wessex Community Action offers support finding employer-supported volunteering roles and links to Wiltshire Together.,Matches employee contributions to local organisational needs; specific preparedness tasks require host agreement.,team_day|individual|skills,,,,,,51.065761,'-1.793025,"8 St Ann Street, Salisbury",office,https://www.wessexcommunityaction.org.uk/volunteers/employer-supported-volunteering/,Source identifies Wiltshire. Confirm the relevant local role or activity with the organisation.,https://www.wessexcommunityaction.org.uk/volunteers/employer-supported-volunteering/,https://www.wessexcommunityaction.org.uk/volunteers/employer-supported-volunteering/,2026-09-18,2026-10-18,,,,,"Public referral route; no specific dates, placements or capacity have been confirmed.","[{""url"":""https://www.wessexcommunityaction.org.uk/volunteers/employer-supported-volunteering/"",""claim"":""Wessex Community Action offers support finding employer-supported volunteering roles and links to Wiltshire Together.""}]","{""location_postcode"": ""SP1 2DN"", ""location_address"": ""8 St Ann Street, Salisbury"", ""location_basis"": ""office"", ""location_source_url"": ""https://www.wessexcommunityaction.org.uk/volunteers/employer-supported-volunteering/"", ""coverage_names"": [""Wiltshire""], ""coverage_level"": ""county"", ""coverage_codes"": [""E06000054""], ""partner_directory"": true}","{""precision"": ""postcode"", ""geocode_source_url"": ""https://api.postcodes.io/postcodes/SP1%202DN"", ""geocode_checked_at"": ""2026-09-18""}"
sw-grcc-community-resilience,Gloucestershire community resilience connections,GRCC,south-west,broker,enquiry,preparedness|community_support,"GRCC supports Gloucestershire communities with emergency plans, community buildings and volunteer management.",A relevant local network for establishing practical preparedness projects; it does not advertise ready-to-book employee places.,unknown,,,,,,51.868098,'-2.247967,"Community House, 15 College Green, Gloucester",office,https://www.grcc.org.uk/,Source identifies Gloucestershire. Confirm the relevant local role or activity with the organisation.,https://www.grcc.org.uk/,https://www.grcc.org.uk/,2026-09-18,2026-10-18,,,,,"Public referral route; no specific dates, placements or capacity have been confirmed.","[{""url"":""https://www.grcc.org.uk/"",""claim"":""GRCC supports Gloucestershire communities with emergency plans, community buildings and volunteer management.""}]","{""location_postcode"": ""GL1 2LZ"", ""location_address"": ""Community House, 15 College Green, Gloucester"", ""location_basis"": ""office"", ""location_source_url"": ""https://www.grcc.org.uk/"", ""coverage_names"": [""Gloucestershire""], ""coverage_level"": ""county"", ""coverage_codes"": [""E07000078"", ""E07000079"", ""E07000080"", ""E07000081"", ""E07000082"", ""E07000083""], ""partner_directory"": true}","{""precision"": ""postcode"", ""geocode_source_url"": ""https://api.postcodes.io/postcodes/GL1%202LZ"", ""geocode_checked_at"": ""2026-09-18""}"
sw-vans-volunteering,Find volunteering in North Somerset,Voluntary Action North Somerset,south-west,broker,enquiry,community_support,VANS operates a volunteer recruitment service and online centre connecting people with North Somerset opportunities.,A local referral route into community support; host capacity and employee suitability vary by role.,individual,,,,,,51.352783,'-2.97943,"Grove House, Grove Park, Weston-super-Mare",office,https://www.vansweb.org.uk/volunteering,Source identifies North Somerset. Confirm the relevant local role or activity with the organisation.,https://www.vansweb.org.uk/volunteering,https://www.vansweb.org.uk/volunteering,2026-09-18,2026-10-18,,,,,"Public referral route; no specific dates, placements or capacity have been confirmed.","[{""url"":""https://www.vansweb.org.uk/volunteering"",""claim"":""VANS operates a volunteer recruitment service and online centre connecting people with North Somerset opportunities.""}]","{""location_postcode"": ""BS23 2QJ"", ""location_address"": ""Grove House, Grove Park, Weston-super-Mare"", ""location_basis"": ""office"", ""location_source_url"": ""https://www.vansweb.org.uk/volunteering"", ""coverage_names"": [""North Somerset""], ""coverage_level"": ""local"", ""coverage_codes"": [""E06000024""], ""partner_directory"": true}","{""precision"": ""postcode"", ""geocode_source_url"": ""https://api.postcodes.io/postcodes/BS23%202QJ"", ""geocode_checked_at"": ""2026-09-18""}"
sw-3sg-banes,Bath and North East Somerset volunteering connections,3SG,south-west,broker,enquiry,community_support,3SG connects charities and community groups in Bath and North East Somerset and provides local volunteering information.,A local route to hosts and community networks; individual roles need separate screening for resilience relevance.,individual,,,,,,51.383517,'-2.362767,"1a Queen Square, Bath",office,https://www.3sg.org.uk/,Source identifies Bath and North East Somerset. Confirm the relevant local role or activity with the organisation.,https://www.3sg.org.uk/,https://www.3sg.org.uk/,2026-09-18,2026-10-18,,,,,"Public referral route; no specific dates, placements or capacity have been confirmed.","[{""url"":""https://www.3sg.org.uk/"",""claim"":""3SG connects charities and community groups in Bath and North East Somerset and provides local volunteering information.""}]","{""location_postcode"": ""BA1 2HA"", ""location_address"": ""1a Queen Square, Bath"", ""location_basis"": ""office"", ""location_source_url"": ""https://www.3sg.org.uk/"", ""coverage_names"": [""Bath and North East Somerset""], ""coverage_level"": ""local"", ""coverage_codes"": [""E06000022""], ""partner_directory"": true}","{""precision"": ""postcode"", ""geocode_source_url"": ""https://api.postcodes.io/postcodes/BA1%202HA"", ""geocode_checked_at"": ""2026-09-18""}"
sw-torbay-communities,Find local volunteering and community connections in Torbay,Torbay Communities,south-west,broker,enquiry,community_support,"Torbay Communities connects volunteers and local organisations through Volunteer Torbay, Torbay Together and its community network.",A local route into support networks and services that reach isolated residents. Each placement needs its own availability check.,individual,,,,,,50.445965,'-3.55454,Torbay,area_anchor,https://www.torbaycommunities.com/,Source identifies Torbay. Confirm the relevant local role or activity with the organisation.,https://www.torbaycommunities.com/,https://volunteertorbay.com/,2026-09-18,2026-10-18,,,,,"Public referral route; no specific dates, placements or capacity have been confirmed.","[{""url"":""https://www.torbaycommunities.com/"",""claim"":""Torbay Communities connects volunteers and local organisations through Volunteer Torbay, Torbay Together and its community network.""}]","{""coverage_names"": [""Torbay""], ""coverage_level"": ""local"", ""coverage_codes"": [""E06000027""], ""partner_directory"": true}","{""precision"": ""area""}"
sw-can-volunteering,Find local volunteer roles through CAN,Community Action Network,south-west,broker,enquiry,community_support,CAN supports charities and community groups across Dorset and runs a volunteering hub with online roles and personal support.,A route to established local community hosts; corporate suitability and emergency relevance depend on the role.,individual,,,,,,50.742079,'-2.005101,"Northmead House, Northmead Drive, Poole",office,https://can100.org/about-us/,"The hub describes Dorset-wide roles; CAN also explicitly supports recruitment in Bournemouth, Christchurch and Poole through volunteer fairs.",https://can100.org/volunteering-hub/volunteering-opportunities/,https://can100.org/volunteering-hub/volunteering-opportunities/,2026-09-18,2026-10-18,,,,,"Public referral route; no specific dates, placements or capacity have been confirmed.","[{""url"":""https://can100.org/about-us/"",""claim"":""CAN supports groups across Dorset and is a volunteer hub; its office is in Poole.""},{""url"":""https://can100.org/volunteering-hub/volunteering-opportunities/"",""claim"":""The volunteering hub provides a local role-search route.""},{""url"":""https://can100.org/volunteering-hub/interested-in-volunteering/"",""claim"":""CAN identifies Bournemouth, Christchurch and Poole recruitment in its volunteering service.""}]","{""location_postcode"": ""BH17 7RP"", ""location_address"": ""Northmead House, Northmead Drive, Poole"", ""location_basis"": ""office"", ""location_source_url"": ""https://can100.org/about-us/"", ""coverage_names"": [""Dorset"", ""Bournemouth, Christchurch and Poole""], ""coverage_level"": ""county"", ""coverage_codes"": [""E06000058"", ""E06000059""], ""partner_directory"": true}","{""precision"": ""postcode"", ""geocode_source_url"": ""https://api.postcodes.io/postcodes/BH17%207RP"", ""geocode_checked_at"": ""2026-09-18""}"
sw-cvs-south-gloucestershire,Connect with South Gloucestershire community organisations,CVS South Gloucestershire,south-west,broker,enquiry,community_support|skills,"CVS South Gloucestershire supports local charities, voluntary groups and social enterprises with organisational development and governance.",A local partner network for agreeing useful capacity-building projects; no ready-to-book employee placements are advertised.,unknown,,,,,,51.546615,'-2.47376,South Gloucestershire,area_anchor,https://www.cvs-sg.org.uk/,Source identifies South Gloucestershire. Confirm the relevant local role or activity with the organisation.,https://www.cvs-sg.org.uk/,https://www.cvs-sg.org.uk/,2026-09-18,2026-10-18,,,,,"Public referral route; no specific dates, placements or capacity have been confirmed.","[{""url"":""https://www.cvs-sg.org.uk/"",""claim"":""CVS South Gloucestershire supports local charities, voluntary groups and social enterprises with organisational development and governance.""}]","{""coverage_names"": [""South Gloucestershire""], ""coverage_level"": ""local"", ""coverage_codes"": [""E06000025""], ""partner_directory"": true}","{""precision"": ""area""}"
sw-newquay-orchard,Community and corporate volunteering at Newquay Orchard,Newquay Orchard,south-west,programme,enquiry,community_support|environment|skills,"Newquay Orchard invites volunteering, skill sharing and business support for its community space and programmes; its support page includes corporate volunteering.","Supports a local community space, social connections and wellbeing. This is community capacity-building rather than a disaster-response role.",team_day|individual|skills,,,,,,50.414924,'-5.057908,"Newquay Community Orchard, Trevenson Road, Newquay",venue,https://newquayorchard.co.uk/help-us-grow/,Activity is based at Newquay Orchard; this does not establish countywide coverage.,https://newquayorchard.co.uk/help-us-grow/,https://newquayorchard.co.uk/help-us-grow/,2026-09-18,2026-10-18,,,,,"Corporate volunteering is named on the current page, but format, duration, costs and spaces require enquiry.","[{""url"":""https://newquayorchard.co.uk/help-us-grow/"",""claim"":""Newquay Orchard invites volunteering, skill sharing and business support for its community space and programmes; its support page includes corporate volunteering.""}]","{""location_postcode"": ""TR7 3BW"", ""location_address"": ""Newquay Community Orchard, Trevenson Road, Newquay"", ""location_basis"": ""venue"", ""location_source_url"": ""https://newquayorchard.co.uk/help-us-grow/"", ""coverage_names"": [""Newquay""], ""coverage_level"": ""local"", ""coverage_codes"": [""E06000052""], ""partner_directory"": false}","{""precision"": ""postcode"", ""geocode_source_url"": ""https://api.postcodes.io/postcodes/TR7%203BW"", ""geocode_checked_at"": ""2026-09-18""}"
sw-wrt-freshwater-action,Freshwater Action Days for employee teams,Westcountry Rivers Trust,south-west,programme,enquiry,environment,"Employee teams can arrange freshwater habitat activities, including invasive-plant removal, wetland or woodland planting and river litter removal.",Supports freshwater environments; select and agree a task with a clear local benefit. Flood-risk reduction is not promised for every activity.,team_day,A day; exact timings by agreement.,Guide pricing is for approximately 15 people.,"Published guide: £1,500–£2,000 per group day; obtain a current quote.",,Enquire at least six weeks before the proposed activity.,50.988685,'-3.952145,South West · broad discovery area,area_anchor,https://wrt.org.uk/corporate-volunteering/,Source describes the Westcountry; individual sites and local availability must be agreed.,https://wrt.org.uk/corporate-volunteering/,https://wrt.org.uk/corporate-volunteering/,2026-09-18,2026-10-18,,,,,"Public referral route; no specific dates, placements or capacity have been confirmed.","[{""url"":""https://wrt.org.uk/corporate-volunteering/"",""claim"":""Employee teams can arrange freshwater habitat activities, including invasive-plant removal, wetland or woodland planting and river litter removal.""}]","{""coverage_names"": [""Westcountry""], ""coverage_level"": ""regional"", ""coverage_codes"": [], ""partner_directory"": false}","{""precision"": ""area""}"
sw-wrt-citizen-science,Monitor local rivers through Westcountry CSI,Westcountry Rivers Trust,south-west,programme,ongoing,environment|skills,Westcountry Citizen Science Investigations recruits volunteers to monitor freshwater environments and contribute data on river health.,"Builds local observation and catchment knowledge; it is environmental monitoring, not emergency deployment.",individual|ongoing,,,,,Register as a volunteer and use the programme manual and training; agree the monitoring location.,50.988685,'-3.952145,South West · broad discovery area,area_anchor,https://wrt.org.uk/westcountry-csi/,The host describes Westcountry rivers; the nearest suitable monitoring site needs confirmation.,https://wrt.org.uk/westcountry-csi/,https://wrt.org.uk/westcountry-csi/,2026-09-18,2026-10-18,,,,,"Public referral route; no specific dates, placements or capacity have been confirmed.","[{""url"":""https://wrt.org.uk/westcountry-csi/"",""claim"":""Westcountry Citizen Science Investigations recruits volunteers to monitor freshwater environments and contribute data on river health.""}]","{""coverage_names"": [""Westcountry""], ""coverage_level"": ""regional"", ""coverage_codes"": [], ""partner_directory"": false}","{""precision"": ""area""}"
sw-faithworks-poole-logistics,Poole Foodbank van drivers and assistants,Faithworks,south-west,opportunity,advertised,community_support,Volunteers help load vans and move food stocks for Poole Lifecentre & Foodbank.,Maintains a local food-support service for people in crisis; it is not a disaster-response deployment.,individual|ongoing,Flexible hours by discussion.,,,,"18+. References, training and usually DBS. Drivers need van experience and a UK licence with at most three points; ask about assistant criteria.",50.713113,'-1.989531,"St James’ Church Centre, Church Street, Poole",venue,https://faith-works.org.uk/what-we-do/volunteer-fundraise/,Source identifies Poole. Confirm the relevant local role or activity with the organisation.,https://faith-works.org.uk/what-we-do/volunteer-fundraise/,https://faith-works.org.uk/what-we-do/volunteer-fundraise/,2026-09-18,2026-10-18,,,,,Listed among current vacancies on the checked page; recruitment outcome and working pattern remain unconfirmed.,"[{""url"":""https://faith-works.org.uk/what-we-do/volunteer-fundraise/"",""claim"":""Current foodbank logistics vacancy, venue and recruitment criteria.""}]","{""location_postcode"": ""BH15 1JU"", ""location_address"": ""St James’ Church Centre, Church Street, Poole"", ""location_basis"": ""venue"", ""location_source_url"": ""https://faith-works.org.uk/what-we-do/volunteer-fundraise/"", ""coverage_names"": [""Poole""], ""coverage_level"": ""local"", ""coverage_codes"": [""E06000058""], ""partner_directory"": false}","{""precision"": ""postcode"", ""geocode_source_url"": ""https://api.postcodes.io/postcodes/BH15%201JU"", ""geocode_checked_at"": ""2026-09-18""}"
sw-faithworks-money-advice,Community Money Advice volunteer in Wimborne,Faithworks,south-west,opportunity,advertised,community_support|skills,Volunteers support debt-advice appointments and queries at Wimborne Foodbank+.,Supports people facing financial crisis and strengthens a local advice service; this requires training and sustained support.,individual|skills|ongoing,Flexible hours by discussion.,,,,"18+. Safe recruitment and training required, including references and usually DBS. Prior budgeting experience is optional.",50.79705,'-2.376105,Wimborne,area_anchor,https://faith-works.org.uk/what-we-do/volunteer-fundraise/,The advertised activity is at Wimborne Foodbank+; no wider catchment is inferred.,https://faith-works.org.uk/what-we-do/volunteer-fundraise/,https://faith-works.org.uk/what-we-do/volunteer-fundraise/,2026-09-18,2026-10-18,,,,,Current enquiry route; no one-off employee day is offered.,"[{""url"":""https://faith-works.org.uk/what-we-do/volunteer-fundraise/"",""claim"":""Current money-advice vacancy and training requirements.""}]","{""coverage_names"": [""Wimborne""], ""coverage_level"": ""local"", ""coverage_codes"": [""E06000059""], ""partner_directory"": false}","{""precision"": ""area""}"
sw-cornwall-lifeline,Become a local Lifeline response volunteer,Volunteer Cornwall,south-west,programme,ongoing,community_support,Cornwall Lifeline volunteers act as nearby contacts for people who need help to remain independent at home; Responder Plus supports a local patch.,Strengthens routine community support for residents without nearby contacts. It requires ongoing local availability and is not suitable as a standalone team day.,individual|ongoing,Callouts as needed; Responder Plus callouts are daytime only.,,Published policy covers out-of-pocket expenses such as mileage.,,"Two references, enhanced adult DBS, induction, safeguarding and manual-handling training; local proximity and reasonable fitness required.",50.44511,'-4.956825,Cornwall,area_anchor,https://www.volunteercornwall.org.uk/volunteering/lifeline-response-volunteers/,Source identifies Cornwall. Confirm the relevant local role or activity with the organisation.,https://www.volunteercornwall.org.uk/volunteering/lifeline-response-volunteers/,https://www.volunteercornwall.org.uk/volunteering/lifeline-response-volunteers/,2026-09-18,2026-10-18,,,,,"Public referral route; no specific dates, placements or capacity have been confirmed.","[{""url"":""https://www.volunteercornwall.org.uk/volunteering/lifeline-response-volunteers/"",""claim"":""Cornwall Lifeline volunteers act as nearby contacts for people who need help to remain independent at home; Responder Plus supports a local patch.""}]","{""coverage_names"": [""Cornwall""], ""coverage_level"": ""county"", ""coverage_codes"": [""E06000052""], ""partner_directory"": false}","{""precision"": ""area""}"
sw-fareshare-team-days,Food redistribution team days in Bristol and Plymouth,FareShare South West,south-west,programme,enquiry,community_support,Employee teams help sort and pack food at Bristol or Plymouth hubs. Bristol also offers individual driver’s-mate shifts.,Strengthens local food-support logistics serving charities and community groups.,team_day|individual,Full-day shifts; Plymouth Tuesdays 09:30–16:00; Bristol schedules vary by hub.,Usually 4–6; larger teams by agreement.,Suggested £50 per person for groups without an existing partnership; discuss affordability.,,Manual-work clothing and sturdy closed shoes; training and PPE provided.,50.929725,'-3.363448,"Bristol, Plymouth",area_anchor,https://faresharesouthwest.org.uk/support-us/corporate-volunteering/,"Activity locations are Bristol and Plymouth; food distribution reaches a wider area. There are three hubs, so no single venue pin is assigned.",https://faresharesouthwest.org.uk/support-us/corporate-volunteering/,https://faresharesouthwest.org.uk/support-us/corporate-volunteering/,2026-09-18,2026-10-18,,,,,Enquiry route; partners receive priority. Confirm dates and hub before arranging attendance.,"[{""url"":""https://faresharesouthwest.org.uk/support-us/corporate-volunteering/"",""claim"":""Named hub locations, employee shifts, typical group size and suggested donation are published.""}]","{""coverage_names"": [""Bristol"", ""Plymouth""], ""coverage_level"": ""local"", ""coverage_codes"": [""E06000023"", ""E06000026""], ""partner_directory"": false}","{""precision"": ""area""}"
sw-fareshare-pro-bono,Offer professional support to food redistribution,FareShare South West,south-west,programme,enquiry,community_support|skills,"The charity invites pro-bono help with marketing, design, IT, accounting and project management, alongside in-kind operational support.",Professional input can improve the capacity of a regional food-support organisation. Scope and deliverables need agreement.,skills,,,,,,51.45945,'-2.578468,"Unit 4, Little Ann Street, Bristol",office,https://faresharesouthwest.org.uk/support-us/partnerships/,The host serves the South West. Office location does not establish where a skills assignment must be delivered.,https://faresharesouthwest.org.uk/support-us/partnerships/,https://faresharesouthwest.org.uk/support-us/partnerships/,2026-09-18,2026-10-18,,,,,"Public referral route; no specific dates, placements or capacity have been confirmed.","[{""url"":""https://faresharesouthwest.org.uk/support-us/partnerships/"",""claim"":""The charity invites pro-bono help with marketing, design, IT, accounting and project management, alongside in-kind operational support.""}]","{""location_postcode"": ""BS2 9EB"", ""location_address"": ""Unit 4, Little Ann Street, Bristol"", ""location_basis"": ""office"", ""location_source_url"": ""https://faresharesouthwest.org.uk/support-us/partnerships/"", ""coverage_names"": [""South West""], ""coverage_level"": ""regional"", ""coverage_codes"": [], ""partner_directory"": false}","{""precision"": ""postcode"", ""geocode_source_url"": ""https://api.postcodes.io/postcodes/BS2%209EB"", ""geocode_checked_at"": ""2026-09-18""}"
sw-exeter-connect,Find Exeter community organisations and volunteering support,Exeter Community Initiatives — Exeter Connect,south-west,broker,enquiry,community_support|skills,"Exeter Connect supports the city’s voluntary sector with volunteering, collaboration and organisational development, including local pages on Devon Connect.",A city-level partner network for matching professional support to community organisations.,individual,,,,,,50.720708,'-3.535228,"148–149 Fore Street, Exeter",office,https://www.eci.org.uk/projects/exeter-connect,Source identifies Exeter. Confirm the relevant local role or activity with the organisation.,https://www.eci.org.uk/projects/exeter-connect,https://www.eci.org.uk/projects/exeter-connect,2026-09-18,2026-10-18,,,,,"Public referral route; no specific dates, placements or capacity have been confirmed.","[{""url"":""https://www.eci.org.uk/projects/exeter-connect"",""claim"":""Exeter Connect supports the city’s voluntary sector with volunteering, collaboration and organisational development, including local pages on Devon Connect.""}]","{""location_postcode"": ""EX4 3AN"", ""location_address"": ""148–149 Fore Street, Exeter"", ""location_basis"": ""office"", ""location_source_url"": ""https://www.eci.org.uk/projects/exeter-connect"", ""coverage_names"": [""Exeter""], ""coverage_level"": ""local"", ""coverage_codes"": [""E07000041""], ""partner_directory"": true}","{""precision"": ""postcode"", ""geocode_source_url"": ""https://api.postcodes.io/postcodes/EX4%203AN"", ""geocode_checked_at"": ""2026-09-18""}"
sw-eci-corporate,Discuss employee volunteering with Exeter Community Initiatives,Exeter Community Initiatives,south-west,programme,enquiry,community_support,ECI invites businesses to discuss volunteer days as part of partnerships supporting its community work.,Could support local services and community connections; exact activities and practical benefit need agreement with the host.,team_day,,,,,,50.720708,'-3.535228,"148–149 Fore Street, Exeter",office,https://www.eci.org.uk/support-us/corporate-and-fundraising,The source describes support in Exeter and Devon; an activity site is not specified.,https://www.eci.org.uk/support-us/corporate-and-fundraising,https://www.eci.org.uk/support-us/corporate-and-fundraising,2026-09-18,2026-10-18,,,,,General partnership enquiry. The past May 2026 fundraising race on the same page is not included.,"[{""url"":""https://www.eci.org.uk/support-us/corporate-and-fundraising"",""claim"":""ECI invites businesses to discuss volunteer days as part of partnerships supporting its community work.""}]","{""location_postcode"": ""EX4 3AN"", ""location_address"": ""148–149 Fore Street, Exeter"", ""location_basis"": ""office"", ""location_source_url"": ""https://www.eci.org.uk/support-us/corporate-and-fundraising"", ""coverage_names"": [""Exeter"", ""Devon""], ""coverage_level"": ""county"", ""coverage_codes"": [""E07000040"", ""E07000041"", ""E07000042"", ""E07000043"", ""E07000044"", ""E07000045"", ""E07000046"", ""E07000047""], ""partner_directory"": false}","{""precision"": ""postcode"", ""geocode_source_url"": ""https://api.postcodes.io/postcodes/EX4%203AN"", ""geocode_checked_at"": ""2026-09-18""}"
sw-glos-water-guardians,Monitor local watercourses as a Water Guardian,Gloucestershire Wildlife Trust,south-west,programme,ongoing,environment|skills,"Water Guardians receive training to observe watercourses and report possible pollution, with options for wildlife recording and local engagement.",Adds local monitoring capacity and community knowledge; it is not an emergency-response deployment.,individual|ongoing,At least one walk and report each month.,,,,Training and reporting required. Adults can join individually; under-18s need adult supervision.,50.988685,'-3.952145,South West · broad discovery area,area_anchor,https://www.gloucestershirewildlifetrust.co.uk/what-we-do/working-with-people/gloucestershire-water-guardians,"Limited to Wessex Water operating areas south of Stroud and in the southern Cotswolds. Named towns are source examples, not whole-county coverage.",https://www.gloucestershirewildlifetrust.co.uk/what-we-do/working-with-people/gloucestershire-water-guardians,https://www.gloucestershirewildlifetrust.co.uk/what-we-do/working-with-people/gloucestershire-water-guardians,2026-09-18,2026-10-18,,,,,"Public referral route; no specific dates, placements or capacity have been confirmed.","[{""url"":""https://www.gloucestershirewildlifetrust.co.uk/what-we-do/working-with-people/gloucestershire-water-guardians"",""claim"":""Water Guardians receive training to observe watercourses and report possible pollution, with options for wildlife recording and local engagement.""}]","{""coverage_names"": [""South and West Gloucestershire"", ""Berkeley"", ""North Nibley"", ""Stancombe"", ""Tetbury"", ""Wotton-under-Edge""], ""coverage_level"": ""local"", ""coverage_codes"": [], ""partner_directory"": false}","{""precision"": ""area""}"
sw-churn-flood-citizen-science,Explore Your River days in the Churn catchment,GRCC,south-west,programme,enquiry,preparedness|environment,GRCC advertises volunteer river-exploration days during August and September 2026 within the Churn Natural Flood Management project.,Directly supports community understanding and participation around local flood mitigation.,individual,,,The advertised exploration days are free.,,,50.988685,'-3.952145,South West · broad discovery area,area_anchor,https://www.grcc.org.uk/churn-natural-flood-management-community-engagement,River Churn catchment in Gloucestershire. Individual event venues are not published on the overview.,https://www.grcc.org.uk/churn-natural-flood-management-community-engagement,https://www.grcc.org.uk/churn-natural-flood-management-community-engagement,2026-09-18,2026-09-25,,,,,Seasonal August–September 2026 series: ask whether any sessions remain and enquire about later project engagement. No exact future date or capacity is confirmed.,"[{""url"":""https://www.grcc.org.uk/churn-natural-flood-management-community-engagement"",""claim"":""GRCC advertises volunteer river-exploration days during August and September 2026 within the Churn Natural Flood Management project.""}]","{""coverage_names"": [""River Churn catchment""], ""coverage_level"": ""local"", ""coverage_codes"": [], ""partner_directory"": false}","{""precision"": ""area""}"
sw-scilly-community-volunteering,Discuss island community and environmental volunteering,Isles of Scilly Wildlife Trust,south-west,programme,enquiry,environment|community_support,"The trust invites volunteers to discuss conservation, surveys, events or office support on the islands.",Supports island community activity and stewardship of local places; this is not a specific emergency-preparedness offer.,individual|skills,A few hours weekly or another arrangement by discussion.,,,,,49.92272,'-6.33164,Isles of Scilly,area_anchor,https://www.ios-wildlifetrust.org.uk/get-involved/community,Source identifies Isles of Scilly. Confirm the relevant local role or activity with the organisation.,https://www.ios-wildlifetrust.org.uk/get-involved/community,https://www.ios-wildlifetrust.org.uk/get-involved/community,2026-09-18,2026-10-18,,,,,The host invites enquiries and discusses current needs individually; no corporate group programme or specific opening is confirmed.,"[{""url"":""https://www.ios-wildlifetrust.org.uk/get-involved/community"",""claim"":""The trust invites volunteers to discuss conservation, surveys, events or office support on the islands.""}]","{""coverage_names"": [""Isles of Scilly""], ""coverage_level"": ""local"", ""coverage_codes"": [""E06000053""], ""partner_directory"": false}","{""precision"": ""area""}"
sw-cornwall-community-drivers,Community minibus and electric-vehicle drivers,Age UK Cornwall and the Isles of Scilly,south-west,programme,ongoing,community_support,"The charity recruits volunteer drivers to support access to services and reduce isolation, including EV routes in seven named Cornwall communities.",Maintains community transport for people facing access barriers. This is routine support requiring recruitment and training.,individual|ongoing,Flexible hours by agreement.,,,,"Over 24, at least two years’ driving experience, clean licence, DBS and references; relevant driver training or assessment provided.",50.262485,'-5.058486,"Boscawen House, Chapel Hill, Truro",office,https://www.ageuk.org.uk/cornwall/get-involved/volunteer/volunteer-minibus-drivers/,"This role page explicitly covers Cornwall, including Penzance, Camborne, Falmouth, Newquay, Lanivet, Truro and St Austell. Scilly is in the organisation name but is not claimed as role coverage.",https://www.ageuk.org.uk/cornwall/get-involved/volunteer/volunteer-minibus-drivers/,https://www.ageuk.org.uk/cornwall/get-involved/volunteer/volunteer-minibus-drivers/,2026-09-18,2026-10-18,,,,,"Public referral route; no specific dates, placements or capacity have been confirmed.","[{""url"":""https://www.ageuk.org.uk/cornwall/get-involved/volunteer/volunteer-minibus-drivers/"",""claim"":""The charity recruits volunteer drivers to support access to services and reduce isolation, including EV routes in seven named Cornwall communities.""}]","{""location_postcode"": ""TR1 3BN"", ""location_address"": ""Boscawen House, Chapel Hill, Truro"", ""location_basis"": ""office"", ""location_source_url"": ""https://www.ageuk.org.uk/cornwall/get-involved/volunteer/volunteer-minibus-drivers/"", ""coverage_names"": [""Cornwall""], ""coverage_level"": ""county"", ""coverage_codes"": [""E06000052""], ""partner_directory"": false}","{""precision"": ""postcode"", ""geocode_source_url"": ""https://api.postcodes.io/postcodes/TR1%203BN"", ""geocode_checked_at"": ""2026-09-18""}"
sw-genesis-bath-corporate,Arrange employee volunteering with Genesis Trust,Genesis Trust Bath,south-west,programme,enquiry,community_support|skills,Genesis Trust invites companies to contribute volunteer time or skills to its projects supporting people facing homelessness and other difficulties in Bath.,Supports established local help and pathways out of personal crisis. It is not evidence of disaster-response capacity.,team_day|skills,,,,,,51.391601,'-2.353776,"The Gateway Centre, Snow Hill, London Road, Bath",office,https://genesistrust.org.uk/corporate-volunteering/,Source identifies Bath. Confirm the relevant local role or activity with the organisation.,https://genesistrust.org.uk/corporate-volunteering/,https://genesistrust.org.uk/corporate-volunteering/,2026-09-18,2026-10-18,,,,,"Public referral route; no specific dates, placements or capacity have been confirmed.","[{""url"":""https://genesistrust.org.uk/corporate-volunteering/"",""claim"":""Corporate page invites volunteer time and skills for projects.""},{""url"":""https://genesistrust.org.uk/volunteer/"",""claim"":""Volunteer page explicitly offers work-team volunteering days and identifies Bath services.""}]","{""location_postcode"": ""BA1 6DH"", ""location_address"": ""The Gateway Centre, Snow Hill, London Road, Bath"", ""location_basis"": ""office"", ""location_source_url"": ""https://genesistrust.org.uk/corporate-volunteering/"", ""coverage_names"": [""Bath""], ""coverage_level"": ""local"", ""coverage_codes"": [""E06000022""], ""partner_directory"": false}","{""precision"": ""postcode"", ""geocode_source_url"": ""https://api.postcodes.io/postcodes/BA1%206DH"", ""geocode_checked_at"": ""2026-09-18""}"
sw-swindon-food-collective,Foodbank operations and professional support in Swindon,Swindon Food Collective,south-west,programme,enquiry,community_support|skills,"The foodbank invites help with warehouse work, distribution, driving, events and IT, marketing or administration.",Supports a local food-supply and referral network for people in financial crisis.,individual|skills,,,,,,51.587555,'-1.733975,Swindon,area_anchor,https://www.swindonfoodcollective.org/support-us/volunteer/,The host explicitly serves Swindon and named surrounding communities in north-east Wiltshire; this does not imply coverage throughout Wiltshire.,https://www.swindonfoodcollective.org/support-us/volunteer/,https://www.swindonfoodcollective.org/support-us/volunteer/,2026-09-18,2026-10-18,,,,,"Current enquiry route. Past help from company teams is described, but no bookable corporate day is promised.","[{""url"":""https://www.swindonfoodcollective.org/support-us/volunteer/"",""claim"":""Volunteering page invites operational and professional-skills support.""},{""url"":""https://www.swindonfoodcollective.org/"",""claim"":""Homepage names Swindon and the listed surrounding communities as its service area.""}]","{""coverage_names"": [""Swindon"", ""Highworth"", ""Wroughton"", ""Royal Wootton Bassett"", ""Purton"", ""Lyneham""], ""coverage_level"": ""local"", ""coverage_codes"": [""E06000030""], ""partner_directory"": false}","{""precision"": ""area""}"
pilot-london-plus-volunteer-centres,London Plus · Volunteer Centre Network · local connections,London Plus · Volunteer Centre Network,london,broker,enquiry,preparedness|community_support,"Connects London’s borough volunteer centres, with a directory for local volunteer matching and support to organisations involving volunteers.",A local connection route for finding community support and preparedness work; specific employee tasks require discussion.,unknown,,,,,,51.503769,'-0.118708,London,area_anchor,https://londonplus.org/london-vc-network/,Pan-London network; individual volunteer centres generally work at borough level. No service boundaries have been verified.,https://londonplus.org/london-vc-network/,https://londonplus.org/london-vc-network/london-vc-directory/,2026-09-18,2026-10-18,,,,,"A public contact or referral route, not a confirmed placement. Ask about current scope, volunteer formats and capacity.","[{""url"":""https://londonplus.org/london-vc-network/"",""claim"":""London Plus facilitates a pan-London Volunteer Centre Network; centres match volunteers with local organisations and support local emergency responses.""}]","{""coverage_names"": [""London""], ""coverage_level"": ""regional"", ""coverage_codes"": [""E09000001"", ""E09000002"", ""E09000003"", ""E09000004"", ""E09000005"", ""E09000006"", ""E09000007"", ""E09000008"", ""E09000009"", ""E09000010"", ""E09000011"", ""E09000012"", ""E09000013"", ""E09000014"", ""E09000015"", ""E09000016"", ""E09000017"", ""E09000018"", ""E09000019"", ""E09000020"", ""E09000021"", ""E09000022"", ""E09000023"", ""E09000024"", ""E09000025"", ""E09000026"", ""E09000027"", ""E09000028"", ""E09000029"", ""E09000030"", ""E09000031"", ""E09000032"", ""E09000033""], ""partner_directory"": true}","{""precision"": ""area""}"
pilot-london-lcep,London Communities Emergencies Partnership · local connections,London Communities Emergencies Partnership,london,broker,enquiry,preparedness|community_support,"Supports charities and community groups before, during and after emergencies through preparedness, shared learning and connections across London.",A local connection route for finding community support and preparedness work; specific employee tasks require discussion.,unknown,,,,,,51.503769,'-0.118708,London,area_anchor,https://londonplus.org/lcep/,"London-wide partnership, co-chaired by London Plus and the VCS Emergencies Partnership. No service boundaries or available volunteer capacity have been verified.",https://londonplus.org/lcep/,https://londonplus.org/lcep/,2026-09-18,2026-10-18,,,,,"A public contact or referral route, not a confirmed placement. Ask about current scope, volunteer formats and capacity.","[{""url"":""https://londonplus.org/lcep/"",""claim"":""The partnership supports London charities before, during and after emergencies and is co-chaired by London Plus and the VCS Emergencies Partnership.""}]","{""coverage_names"": [""London""], ""coverage_level"": ""regional"", ""coverage_codes"": [""E09000001"", ""E09000002"", ""E09000003"", ""E09000004"", ""E09000005"", ""E09000006"", ""E09000007"", ""E09000008"", ""E09000009"", ""E09000010"", ""E09000011"", ""E09000012"", ""E09000013"", ""E09000014"", ""E09000015"", ""E09000016"", ""E09000017"", ""E09000018"", ""E09000019"", ""E09000020"", ""E09000021"", ""E09000022"", ""E09000023"", ""E09000024"", ""E09000025"", ""E09000026"", ""E09000027"", ""E09000028"", ""E09000029"", ""E09000030"", ""E09000031"", ""E09000032"", ""E09000033""], ""partner_directory"": true}","{""precision"": ""area""}"
pilot-somerset-thrive,Thrive · Community Council for Somerset · local connections,Thrive · Community Council for Somerset,south-west,broker,enquiry,preparedness|community_support,"Supports volunteers who manage Somerset community buildings and spaces through practical advice, training and a community spaces directory.",A local connection route for finding community support and preparedness work; specific employee tasks require discussion.,unknown,,,,,,51.074695,'-3.042125,Somerset,area_anchor,https://thrivesomerset.org.uk/community-buildings-and-places/,Somerset community buildings and spaces. A listed building is not automatically an emergency hub or a volunteer host; no service boundaries have been verified.,https://thrivesomerset.org.uk/community-buildings-and-places/,https://thrivesomerset.org.uk/,2026-09-18,2026-10-18,,,,,"A public contact or referral route, not a confirmed placement. Ask about current scope, volunteer formats and capacity.","[{""url"":""https://thrivesomerset.org.uk/community-buildings-and-places/"",""claim"":""Community Council for Somerset operates as Thrive and offers advice and support to volunteers running Somerset community spaces.""}]","{""coverage_names"": [""Somerset""], ""coverage_level"": ""county"", ""coverage_codes"": [""E06000066""], ""partner_directory"": true}","{""precision"": ""area""}"
pilot-cumbria-cvs,Cumbria CVS · local connections,Cumbria CVS,north-west,broker,enquiry,preparedness|community_support,"Offers employer-supported volunteer brokerage, working with local organisations on practical projects and professional skills contributions.",A local connection route for finding community support and preparedness work; specific employee tasks require discussion.,unknown,,,,,,54.569403,'-2.889387,Cumbria,area_anchor,https://cumbriacvs.org.uk/volunteering/employer-supported-volunteering/,"Cumbria-wide support, as described by Cumbria CVS. Project locations and beneficiary areas must be agreed; no service boundaries have been inferred.",https://cumbriacvs.org.uk/volunteering/employer-supported-volunteering/,https://cumbriacvs.org.uk/volunteering/employer-supported-volunteering/,2026-09-18,2026-10-18,,,,,"A public contact or referral route, not a confirmed placement. Ask about current scope, volunteer formats and capacity.","[{""url"":""https://cumbriacvs.org.uk/volunteering/employer-supported-volunteering/"",""claim"":""Cumbria CVS supports ESV projects across the county and offers a brokerage service to develop, deliver, manage and evaluate schemes, with costings available by discussion.""}]","{""coverage_names"": [""Cumbria""], ""coverage_level"": ""county"", ""coverage_codes"": [""E06000063"", ""E06000064""], ""partner_directory"": true}","{""precision"": ""area""}"
pilot-cumbria-act,ACTion with Communities in Cumbria · local connections,ACTion with Communities in Cumbria,north-west,broker,enquiry,preparedness|community_support,"Supports communities across Cumbria with emergency planning, resilience guidance and community buildings, including information on community emergency hubs.",A local connection route for finding community support and preparedness work; specific employee tasks require discussion.,unknown,,,,,,54.569403,'-2.889387,Cumbria,area_anchor,https://cumbriaaction.org.uk/community-emergency-planning/,Across Cumbria; page provides resources for Cumberland and Westmorland and Furness. No specific hub availability or service boundaries have been verified.,https://cumbriaaction.org.uk/community-emergency-planning/,https://cumbriaaction.org.uk/,2026-09-18,2026-10-18,,,,,"A public contact or referral route, not a confirmed placement. Ask about current scope, volunteer formats and capacity.","[{""url"":""https://cumbriaaction.org.uk/community-emergency-planning/"",""claim"":""ACT supports community emergency planning across Cumbria and works with the Joint Emergency Management and Resilience Team, with resources on plans and community hubs.""}]","{""coverage_names"": [""Cumbria""], ""coverage_level"": ""county"", ""coverage_codes"": [""E06000063"", ""E06000064""], ""partner_directory"": true}","{""precision"": ""area""}"
