{"type":"FeatureCollection","features":[{"type":"Feature","geometry":{"type":"LineString","coordinates":[[-0.95487,54.10389],[-0.95882,54.10287],[-0.96279,54.10095]]},"properties":{"name":"Power lines","category":"minor_line","osm_type":"way","osm_id":"1364060634"}},{"type":"Feature","geometry":{"type":"LineString","coordinates":[[-0.91768,54.14023],[-0.90831,54.1379],[-0.8967,54.13215],[-0.8861,54.13169],[-0.8803,54.13189]]},"properties":{"name":"Power lines","category":"minor_line","osm_type":"way","osm_id":"1364060635"}},{"type":"Feature","geometry":{"type":"LineString","coordinates":[[-0.90831,54.1379],[-0.90844,54.13965],[-0.90644,54.14115]]},"properties":{"name":"Power lines","category":"minor_line","osm_type":"way","osm_id":"1364060637"}},{"type":"Feature","geometry":{"type":"LineString","coordinates":[[-0.9061,54.13682],[-0.91033,54.13432]]},"properties":{"name":"Power lines","category":"minor_line","osm_type":"way","osm_id":"1364060638"}},{"type":"Feature","geometry":{"type":"LineString","coordinates":[[-0.90177,54.13472],[-0.90004,54.13602]]},"properties":{"name":"Power lines","category":"minor_line","osm_type":"way","osm_id":"1364060639"}},{"type":"Feature","geometry":{"type":"LineString","coordinates":[[-0.84029,54.15142],[-0.84292,54.15091],[-0.84529,54.14975],[-0.84609,54.1478]]},"properties":{"name":"Power lines","category":"minor_line","osm_type":"way","osm_id":"1364291535"}},{"type":"Feature","geometry":{"type":"LineString","coordinates":[[-0.84048,54.14698],[-0.84017,54.14762]]},"properties":{"name":"Power lines","category":"minor_line","osm_type":"way","osm_id":"1364291536"}},{"type":"Feature","geometry":{"type":"LineString","coordinates":[[-0.84175,54.14714],[-0.84379,54.14332],[-0.847,54.14132],[-0.84798,54.13963],[-0.84854,54.13564],[-0.84969,54.13474]]},"properties":{"name":"Power lines","category":"minor_line","osm_type":"way","osm_id":"1364291537"}},{"type":"Feature","geometry":{"type":"LineString","coordinates":[[-0.84379,54.14332],[-0.84254,54.14295]]},"properties":{"name":"Power lines","category":"minor_line","osm_type":"way","osm_id":"1364291538"}},{"type":"Feature","geometry":{"type":"LineString","coordinates":[[-0.84798,54.13963],[-0.84565,54.13949],[-0.84465,54.13863]]},"properties":{"name":"Power lines","category":"minor_line","osm_type":"way","osm_id":"1364291539"}},{"type":"Feature","geometry":{"type":"LineString","coordinates":[[-0.84834,54.13726],[-0.85298,54.13663],[-0.8705,54.13638],[-0.87865,54.13555]]},"properties":{"name":"Power lines","category":"minor_line","osm_type":"way","osm_id":"1364291540"}},{"type":"Feature","geometry":{"type":"LineString","coordinates":[[-0.85756,54.13664],[-0.859,54.13331],[-0.85888,54.13232],[-0.85039,54.13104]]},"properties":{"name":"Power lines","category":"minor_line","osm_type":"way","osm_id":"1364291541"}},{"type":"Feature","geometry":{"type":"LineString","coordinates":[[-0.86646,54.13653],[-0.86643,54.13463]]},"properties":{"name":"Power lines","category":"minor_line","osm_type":"way","osm_id":"1364291542"}},{"type":"Feature","geometry":{"type":"LineString","coordinates":[[-0.82206,54.12568],[-0.82654,54.12127],[-0.84395,54.11804],[-0.84928,54.11403],[-0.85198,54.11124],[-0.85859,54.10886],[-0.86364,54.10443],[-0.86695,54.10596],[-0.86709,54.1116],[-0.87473,54.11655],[-0.87898,54.11691],[-0.8793,54.1164],[-0.88436,54.11541]]},"properties":{"name":"Power lines","category":"minor_line","osm_type":"way","osm_id":"1364291543"}},{"type":"Feature","geometry":{"type":"LineString","coordinates":[[-0.87115,54.1151],[-0.87159,54.11451]]},"properties":{"name":"Power lines","category":"minor_line","osm_type":"way","osm_id":"1364291544"}},{"type":"Feature","geometry":{"type":"LineString","coordinates":[[-0.8603,54.11997],[-0.86205,54.11376],[-0.86709,54.1116]]},"properties":{"name":"Power lines","category":"minor_line","osm_type":"way","osm_id":"1364291545"}},{"type":"Feature","geometry":{"type":"LineString","coordinates":[[-0.8709,54.10433],[-0.86695,54.10596]]},"properties":{"name":"Power lines","category":"minor_line","osm_type":"way","osm_id":"1364291546"}},{"type":"Feature","geometry":{"type":"LineString","coordinates":[[-0.85244,54.11007],[-0.85342,54.11072]]},"properties":{"name":"Power lines","category":"minor_line","osm_type":"way","osm_id":"1364291547"}},{"type":"Feature","geometry":{"type":"LineString","coordinates":[[-0.83569,54.11855],[-0.83522,54.11966]]},"properties":{"name":"Power lines","category":"minor_line","osm_type":"way","osm_id":"1364291548"}},{"type":"Feature","geometry":{"type":"LineString","coordinates":[[-0.81618,54.10978],[-0.81814,54.11556],[-0.82278,54.12058],[-0.82654,54.12127]]},"properties":{"name":"Power lines","category":"minor_line","osm_type":"way","osm_id":"1364291549"}},{"type":"Feature","geometry":{"type":"LineString","coordinates":[[-0.80562,54.11586],[-0.8194,54.11328],[-0.82104,54.10919]]},"properties":{"name":"Power lines","category":"minor_line","osm_type":"way","osm_id":"1364291550"}},{"type":"Feature","geometry":{"type":"LineString","coordinates":[[-0.85788,54.12825],[-0.86534,54.12865],[-0.86569,54.12943],[-0.8648,54.13081],[-0.8631,54.13112],[-0.859,54.13331]]},"properties":{"name":"Power lines","category":"minor_line","osm_type":"way","osm_id":"1364291551"}},{"type":"Feature","geometry":{"type":"LineString","coordinates":[[-0.83083,54.14643],[-0.83447,54.13751],[-0.83679,54.13674],[-0.83939,54.13713]]},"properties":{"name":"Power lines","category":"minor_line","osm_type":"way","osm_id":"1364291552"}},{"type":"Feature","geometry":{"type":"LineString","coordinates":[[-0.81258,54.14631],[-0.81962,54.14704],[-0.82503,54.15143]]},"properties":{"name":"Power lines","category":"minor_line","osm_type":"way","osm_id":"1364291553"}},{"type":"Feature","geometry":{"type":"LineString","coordinates":[[-0.78925,54.14557],[-0.78937,54.14602],[-0.79096,54.14662]]},"properties":{"name":"Power lines","category":"minor_line","osm_type":"way","osm_id":"1364291554"}},{"type":"Feature","geometry":{"type":"LineString","coordinates":[[-0.83386,54.11171],[-0.83597,54.11266],[-0.83744,54.11455],[-0.83614,54.11642]]},"properties":{"name":"Power lines","category":"minor_line","osm_type":"way","osm_id":"1364291555"}},{"type":"Feature","geometry":{"type":"LineString","coordinates":[[-0.83712,54.09885],[-0.84217,54.0997],[-0.84861,54.10194],[-0.85949,54.10304],[-0.86322,54.104],[-0.87493,54.09836]]},"properties":{"name":"Power lines","category":"minor_line","osm_type":"way","osm_id":"1364291556"}},{"type":"Feature","geometry":{"type":"LineString","coordinates":[[-0.84861,54.10194],[-0.84838,54.10542]]},"properties":{"name":"Power lines","category":"minor_line","osm_type":"way","osm_id":"1364291557"}},{"type":"Feature","geometry":{"type":"LineString","coordinates":[[-0.87766,54.09729],[-0.88374,54.09648]]},"properties":{"name":"Power lines","category":"minor_line","osm_type":"way","osm_id":"1364291558"}},{"type":"Feature","geometry":{"type":"LineString","coordinates":[[-0.88701,54.09589],[-0.88433,54.09464]]},"properties":{"name":"Power lines","category":"minor_line","osm_type":"way","osm_id":"1364291559"}},{"type":"Feature","geometry":{"type":"LineString","coordinates":[[-0.8236,54.10053],[-0.81208,54.10281],[-0.80654,54.10336],[-0.80304,54.10333]]},"properties":{"name":"Power lines","category":"minor_line","osm_type":"way","osm_id":"1364291560"}},{"type":"Feature","geometry":{"type":"LineString","coordinates":[[-0.82316,54.10061],[-0.82391,54.09948]]},"properties":{"name":"Power lines","category":"minor_line","osm_type":"way","osm_id":"1364291561"}},{"type":"Feature","geometry":{"type":"LineString","coordinates":[[-0.78856,54.09316],[-0.7963,54.09444],[-0.80202,54.09303],[-0.80749,54.09434],[-0.81032,54.09644],[-0.80819,54.09997],[-0.80963,54.10377],[-0.80937,54.10541],[-0.81279,54.10883]]},"properties":{"name":"Power lines","category":"minor_line","osm_type":"way","osm_id":"1364291562"}},{"type":"Feature","geometry":{"type":"LineString","coordinates":[[-0.79392,54.09405],[-0.79434,54.09261]]},"properties":{"name":"Power lines","category":"minor_line","osm_type":"way","osm_id":"1364291563"}},{"type":"Feature","geometry":{"type":"LineString","coordinates":[[-0.82427,54.05136],[-0.82201,54.05348],[-0.81149,54.05945],[-0.79521,54.06609],[-0.79103,54.07142],[-0.78942,54.07399],[-0.79026,54.07758],[-0.79352,54.08192],[-0.78913,54.08809],[-0.78827,54.09573],[-0.78191,54.10023],[-0.7796,54.10539],[-0.77924,54.10988],[-0.78042,54.11655],[-0.77845,54.11798]]},"properties":{"name":"Power lines","category":"minor_line","osm_type":"way","osm_id":"1364291564"}},{"type":"Feature","geometry":{"type":"LineString","coordinates":[[-0.78741,54.09634],[-0.78133,54.09481],[-0.7789,54.09463]]},"properties":{"name":"Power lines","category":"minor_line","osm_type":"way","osm_id":"1364291565"}},{"type":"Feature","geometry":{"type":"LineString","coordinates":[[-0.78652,54.09697],[-0.79008,54.09749]]},"properties":{"name":"Power lines","category":"minor_line","osm_type":"way","osm_id":"1364291566"}},{"type":"Feature","geometry":{"type":"LineString","coordinates":[[-0.78125,54.10191],[-0.76611,54.10053],[-0.75371,54.09871],[-0.73826,54.09827],[-0.73025,54.09542],[-0.72443,54.09555],[-0.72062,54.09476],[-0.71623,54.09325],[-0.7089,54.09348],[-0.70598,54.09243],[-0.70512,54.09083],[-0.7029,54.08966],[-0.69491,54.08754],[-0.69183,54.08629],[-0.68526,54.08851],[-0.68174,54.08878],[-0.67176,54.08845],[-0.6635,54.09249]]},"properties":{"name":"Power lines","category":"minor_line","osm_type":"way","osm_id":"1364291567"}},{"type":"Feature","geometry":{"type":"LineString","coordinates":[[-0.77016,54.09699],[-0.76797,54.10359]]},"properties":{"name":"Power lines","category":"minor_line","osm_type":"way","osm_id":"1364291568"}},{"type":"Feature","geometry":{"type":"LineString","coordinates":[[-0.76317,54.10005],[-0.76431,54.09686]]},"properties":{"name":"Power lines","category":"minor_line","osm_type":"way","osm_id":"1364291569"}},{"type":"Feature","geometry":{"type":"LineString","coordinates":[[-0.72642,54.09551],[-0.72578,54.08788],[-0.72722,54.08663]]},"properties":{"name":"Power lines","category":"minor_line","osm_type":"way","osm_id":"1364291570"}},{"type":"Feature","geometry":{"type":"LineString","coordinates":[[-0.71434,54.09331],[-0.71456,54.09399],[-0.71377,54.09499],[-0.71434,54.09604],[-0.71109,54.09844],[-0.711,54.10105],[-0.71171,54.1039]]},"properties":{"name":"Power lines","category":"minor_line","osm_type":"way","osm_id":"1364291571"}},{"type":"Feature","geometry":{"type":"LineString","coordinates":[[-0.70043,54.089],[-0.70011,54.08528],[-0.70146,54.08324],[-0.70096,54.08134]]},"properties":{"name":"Power lines","category":"minor_line","osm_type":"way","osm_id":"1364291572"}},{"type":"Feature","geometry":{"type":"LineString","coordinates":[[-0.68795,54.08758],[-0.68471,54.08424],[-0.6842,54.08244],[-0.68151,54.08252]]},"properties":{"name":"Power lines","category":"minor_line","osm_type":"way","osm_id":"1364291573"}},{"type":"Feature","geometry":{"type":"LineString","coordinates":[[-0.68447,54.08335],[-0.68055,54.0839]]},"properties":{"name":"Power lines","category":"minor_line","osm_type":"way","osm_id":"1364291574"}},{"type":"Feature","geometry":{"type":"LineString","coordinates":[[-0.77955,54.11157],[-0.7724,54.11221],[-0.77032,54.1131],[-0.75856,54.113],[-0.75093,54.11439],[-0.74695,54.11678],[-0.73713,54.11975]]},"properties":{"name":"Power lines","category":"minor_line","osm_type":"way","osm_id":"1364291575"}},{"type":"Feature","geometry":{"type":"LineString","coordinates":[[-0.78042,54.11655],[-0.78768,54.11664],[-0.78956,54.11896]]},"properties":{"name":"Power lines","category":"minor_line","osm_type":"way","osm_id":"1364291576"}},{"type":"Feature","geometry":{"type":"LineString","coordinates":[[-0.78971,54.08725],[-0.76928,54.08113],[-0.7616,54.07927],[-0.7605,54.07946]]},"properties":{"name":"Power lines","category":"minor_line","osm_type":"way","osm_id":"1364291577"}},{"type":"Feature","geometry":{"type":"LineString","coordinates":[[-0.79226,54.08367],[-0.79466,54.0838]]},"properties":{"name":"Power lines","category":"minor_line","osm_type":"way","osm_id":"1364291578"}},{"type":"Feature","geometry":{"type":"LineString","coordinates":[[-0.78985,54.07584],[-0.78549,54.07639],[-0.78348,54.07589]]},"properties":{"name":"Power lines","category":"minor_line","osm_type":"way","osm_id":"1364291579"}},{"type":"Feature","geometry":{"type":"LineString","coordinates":[[-0.79002,54.07289],[-0.79149,54.07339]]},"properties":{"name":"Power lines","category":"minor_line","osm_type":"way","osm_id":"1364291580"}},{"type":"Feature","geometry":{"type":"LineString","coordinates":[[-0.79941,54.06437],[-0.79958,54.06205],[-0.79655,54.05691]]},"properties":{"name":"Power lines","category":"minor_line","osm_type":"way","osm_id":"1364291581"}},{"type":"Feature","geometry":{"type":"LineString","coordinates":[[-0.79733,54.05827],[-0.79871,54.05801]]},"properties":{"name":"Power lines","category":"minor_line","osm_type":"way","osm_id":"1364291582"}},{"type":"Feature","geometry":{"type":"LineString","coordinates":[[-0.79705,54.05777],[-0.79309,54.05849]]},"properties":{"name":"Power lines","category":"minor_line","osm_type":"way","osm_id":"1364291583"}},{"type":"Feature","geometry":{"type":"LineString","coordinates":[[-0.81222,54.05904],[-0.815,54.05998]]},"properties":{"name":"Power lines","category":"minor_line","osm_type":"way","osm_id":"1364291584"}},{"type":"Feature","geometry":{"type":"LineString","coordinates":[[-0.81307,54.05855],[-0.82068,54.05939],[-0.83006,54.05838],[-0.83395,54.05837],[-0.83713,54.05747],[-0.8417,54.05745],[-0.8509,54.05824],[-0.85595,54.06006],[-0.87482,54.05806]]},"properties":{"name":"Power lines","category":"minor_line","osm_type":"way","osm_id":"1364291585"}},{"type":"Feature","geometry":{"type":"LineString","coordinates":[[-0.81786,54.05907],[-0.81881,54.06137]]},"properties":{"name":"Power lines","category":"minor_line","osm_type":"way","osm_id":"1364291586"}},{"type":"Feature","geometry":{"type":"LineString","coordinates":[[-0.82068,54.05939],[-0.82105,54.06072]]},"properties":{"name":"Power lines","category":"minor_line","osm_type":"way","osm_id":"1364291587"}},{"type":"Feature","geometry":{"type":"LineString","coordinates":[[-0.8287,54.05855],[-0.82887,54.06083],[-0.83156,54.06304]]},"properties":{"name":"Power lines","category":"minor_line","osm_type":"way","osm_id":"1364291588"}},{"type":"Feature","geometry":{"type":"LineString","coordinates":[[-0.84433,54.05771],[-0.84499,54.05702]]},"properties":{"name":"Power lines","category":"minor_line","osm_type":"way","osm_id":"1364291589"}},{"type":"Feature","geometry":{"type":"LineString","coordinates":[[-0.85595,54.06006],[-0.85561,54.06174],[-0.85647,54.06451]]},"properties":{"name":"Power lines","category":"minor_line","osm_type":"way","osm_id":"1364291590"}},{"type":"Feature","geometry":{"type":"LineString","coordinates":[[-0.86398,54.05928],[-0.86184,54.05431],[-0.86115,54.0502],[-0.86364,54.04416],[-0.86603,54.04251]]},"properties":{"name":"Power lines","category":"minor_line","osm_type":"way","osm_id":"1364291591"}},{"type":"Feature","geometry":{"type":"LineString","coordinates":[[-0.86165,54.05183],[-0.86345,54.05215],[-0.86504,54.05144],[-0.86821,54.05144],[-0.87029,54.05197],[-0.87164,54.05005],[-0.87473,54.04979]]},"properties":{"name":"Power lines","category":"minor_line","osm_type":"way","osm_id":"1364291592"}},{"type":"Feature","geometry":{"type":"LineString","coordinates":[[-0.86242,54.04747],[-0.86699,54.04826]]},"properties":{"name":"Power lines","category":"minor_line","osm_type":"way","osm_id":"1364291593"}},{"type":"Feature","geometry":{"type":"LineString","coordinates":[[-0.81941,54.05494],[-0.81876,54.05483]]},"properties":{"name":"Power lines","category":"minor_line","osm_type":"way","osm_id":"1364291594"}},{"type":"Feature","geometry":{"type":"LineString","coordinates":[[-0.82619,54.04957],[-0.82954,54.04648],[-0.83083,54.04342],[-0.82925,54.04059],[-0.82951,54.03787],[-0.82565,54.03583],[-0.82589,54.0314],[-0.82922,54.0275],[-0.82894,54.02525]]},"properties":{"name":"Power lines","category":"minor_line","osm_type":"way","osm_id":"1364291595"}},{"type":"Feature","geometry":{"type":"LineString","coordinates":[[-0.82954,54.04648],[-0.84226,54.04815]]},"properties":{"name":"Power lines","category":"minor_line","osm_type":"way","osm_id":"1364291596"}},{"type":"Feature","geometry":{"type":"LineString","coordinates":[[-0.83488,54.04716],[-0.83464,54.05089],[-0.83526,54.05172]]},"properties":{"name":"Power lines","category":"minor_line","osm_type":"way","osm_id":"1364291597"}},{"type":"Feature","geometry":{"type":"LineString","coordinates":[[-0.82925,54.04059],[-0.82252,54.04081]]},"properties":{"name":"Power lines","category":"minor_line","osm_type":"way","osm_id":"1364291598"}},{"type":"Feature","geometry":{"type":"LineString","coordinates":[[-0.8284,54.0373],[-0.8315,54.03687]]},"properties":{"name":"Power lines","category":"minor_line","osm_type":"way","osm_id":"1364291599"}},{"type":"Feature","geometry":{"type":"LineString","coordinates":[[-0.82694,54.03017],[-0.82545,54.02882]]},"properties":{"name":"Power lines","category":"minor_line","osm_type":"way","osm_id":"1364291600"}},{"type":"Feature","geometry":{"type":"LineString","coordinates":[[-0.82922,54.0275],[-0.83451,54.02842]]},"properties":{"name":"Power lines","category":"minor_line","osm_type":"way","osm_id":"1364291601"}},{"type":"Feature","geometry":{"type":"LineString","coordinates":[[-0.80353,54.10263],[-0.79966,54.10965]]},"properties":{"name":"Power lines","category":"minor_line","osm_type":"way","osm_id":"1364291602"}},{"type":"Feature","geometry":{"type":"LineString","coordinates":[[-0.79902,54.10942],[-0.80327,54.11081]]},"properties":{"name":"Power lines","category":"minor_line","osm_type":"way","osm_id":"1364291603"}},{"type":"Feature","geometry":{"type":"LineString","coordinates":[[-0.87391,54.08363],[-0.87476,54.08605]]},"properties":{"name":"Power lines","category":"minor_line","osm_type":"way","osm_id":"1364291604"}},{"type":"Feature","geometry":{"type":"LineString","coordinates":[[-0.88135,54.08319],[-0.87891,54.08389],[-0.87633,54.08568],[-0.87384,54.08628],[-0.87024,54.0893],[-0.86467,54.08927],[-0.86298,54.08971],[-0.86131,54.08966],[-0.85717,54.08756],[-0.85061,54.08615],[-0.84395,54.08218]]},"properties":{"name":"Power lines","category":"minor_line","osm_type":"way","osm_id":"1364291605"}},{"type":"Feature","geometry":{"type":"LineString","coordinates":[[-0.79032,54.08638],[-0.79898,54.08725],[-0.81336,54.0875],[-0.82883,54.08552],[-0.84395,54.08218],[-0.8475,54.07831]]},"properties":{"name":"Power lines","category":"minor_line","osm_type":"way","osm_id":"1364291606"}},{"type":"Feature","geometry":{"type":"LineString","coordinates":[[-0.84599,54.08],[-0.84383,54.07972]]},"properties":{"name":"Power lines","category":"minor_line","osm_type":"way","osm_id":"1364291607"}},{"type":"Feature","geometry":{"type":"LineString","coordinates":[[-0.82036,54.08661],[-0.82035,54.08565]]},"properties":{"name":"Power lines","category":"minor_line","osm_type":"way","osm_id":"1364291608"}},{"type":"Feature","geometry":{"type":"LineString","coordinates":[[-0.81338,54.09009],[-0.81538,54.08832],[-0.8149,54.0873]]},"properties":{"name":"Power lines","category":"minor_line","osm_type":"way","osm_id":"1364291609"}},{"type":"Feature","geometry":{"type":"LineString","coordinates":[[-0.83921,54.08624],[-0.83971,54.0854],[-0.83783,54.08148],[-0.83842,54.0783],[-0.83697,54.07669],[-0.83385,54.076]]},"properties":{"name":"Power lines","category":"minor_line","osm_type":"way","osm_id":"1364291610"}},{"type":"Feature","geometry":{"type":"LineString","coordinates":[[-0.82641,54.08927],[-0.82623,54.08853],[-0.82339,54.08622]]},"properties":{"name":"Power lines","category":"minor_line","osm_type":"way","osm_id":"1364291611"}},{"type":"Feature","geometry":{"type":"LineString","coordinates":[[-0.84505,54.06073],[-0.84571,54.05982],[-0.84577,54.05786]]},"properties":{"name":"Power lines","category":"minor_line","osm_type":"way","osm_id":"1364291612"}},{"type":"Feature","geometry":{"type":"LineString","coordinates":[[-0.82644,54.07505],[-0.83064,54.0753]]},"properties":{"name":"Power lines","category":"minor_line","osm_type":"way","osm_id":"1364291613"}},{"type":"Feature","geometry":{"type":"LineString","coordinates":[[-0.79796,54.08304],[-0.80071,54.08263],[-0.79898,54.08725]]},"properties":{"name":"Power lines","category":"minor_line","osm_type":"way","osm_id":"1364291615"}},{"type":"Feature","geometry":{"type":"LineString","coordinates":[[-0.81554,54.07132],[-0.81312,54.07082],[-0.81253,54.0702],[-0.80989,54.07033],[-0.80474,54.07412],[-0.8011,54.07842],[-0.79527,54.07916],[-0.79152,54.07924]]},"properties":{"name":"Power lines","category":"minor_line","osm_type":"way","osm_id":"1364291616"}},{"type":"Feature","geometry":{"type":"LineString","coordinates":[[-0.75983,54.10734],[-0.75804,54.10793],[-0.75856,54.113]]},"properties":{"name":"Power lines","category":"minor_line","osm_type":"way","osm_id":"1364291617"}},{"type":"Feature","geometry":{"type":"LineString","coordinates":[[-0.70096,54.09691],[-0.70792,54.09885],[-0.71106,54.09929],[-0.71245,54.09877]]},"properties":{"name":"Power lines","category":"minor_line","osm_type":"way","osm_id":"1364291618"}},{"type":"Feature","geometry":{"type":"LineString","coordinates":[[-0.75657,54.14173],[-0.75529,54.14102],[-0.75287,54.13744]]},"properties":{"name":"Power lines","category":"minor_line","osm_type":"way","osm_id":"1365528746"}},{"type":"Feature","geometry":{"type":"LineString","coordinates":[[-0.74789,54.11621],[-0.7527,54.12052]]},"properties":{"name":"Power lines","category":"minor_line","osm_type":"way","osm_id":"1365528747"}},{"type":"Feature","geometry":{"type":"LineString","coordinates":[[-0.74947,54.11799],[-0.74974,54.12265]]},"properties":{"name":"Power lines","category":"minor_line","osm_type":"way","osm_id":"1365528748"}},{"type":"Feature","geometry":{"type":"LineString","coordinates":[[-0.72076,54.12298],[-0.72226,54.12475]]},"properties":{"name":"Power lines","category":"minor_line","osm_type":"way","osm_id":"1365528749"}},{"type":"Feature","geometry":{"type":"LineString","coordinates":[[-0.7142,54.11577],[-0.72214,54.116]]},"properties":{"name":"Power lines","category":"minor_line","osm_type":"way","osm_id":"1365528750"}},{"type":"Feature","geometry":{"type":"LineString","coordinates":[[-0.70422,54.12583],[-0.70103,54.1237],[-0.69758,54.12319],[-0.69143,54.12476]]},"properties":{"name":"Power lines","category":"minor_line","osm_type":"way","osm_id":"1365528751"}},{"type":"Feature","geometry":{"type":"LineString","coordinates":[[-0.69903,54.11553],[-0.70079,54.11806],[-0.70105,54.12081]]},"properties":{"name":"Power lines","category":"minor_line","osm_type":"way","osm_id":"1365528752"}},{"type":"Feature","geometry":{"type":"LineString","coordinates":[[-0.72198,54.15106],[-0.72078,54.15047]]},"properties":{"name":"Power lines","category":"minor_line","osm_type":"way","osm_id":"1365528753"}},{"type":"Feature","geometry":{"type":"LineString","coordinates":[[-0.72756,54.148],[-0.71968,54.15088],[-0.71688,54.15095]]},"properties":{"name":"Power lines","category":"minor_line","osm_type":"way","osm_id":"1365528754"}},{"type":"Feature","geometry":{"type":"LineString","coordinates":[[-0.70108,54.1502],[-0.69752,54.15022],[-0.69342,54.1512],[-0.68918,54.14808],[-0.6813,54.14852],[-0.67186,54.14731],[-0.66102,54.14731],[-0.65441,54.14633],[-0.6504,54.14659]]},"properties":{"name":"Power lines","category":"minor_line","osm_type":"way","osm_id":"1365528755"}},{"type":"Feature","geometry":{"type":"LineString","coordinates":[[-0.6915,54.14977],[-0.68897,54.15046]]},"properties":{"name":"Power lines","category":"minor_line","osm_type":"way","osm_id":"1365528756"}},{"type":"Feature","geometry":{"type":"LineString","coordinates":[[-0.67787,54.14816],[-0.67703,54.14512],[-0.67754,54.14131],[-0.68013,54.13504],[-0.67632,54.13384]]},"properties":{"name":"Power lines","category":"minor_line","osm_type":"way","osm_id":"1365528757"}},{"type":"Feature","geometry":{"type":"LineString","coordinates":[[-0.66878,54.14735],[-0.66789,54.15471],[-0.66674,54.15571]]},"properties":{"name":"Power lines","category":"minor_line","osm_type":"way","osm_id":"1365528758"}},{"type":"Feature","geometry":{"type":"LineString","coordinates":[[-0.66704,54.15547],[-0.6714,54.15774],[-0.67283,54.158]]},"properties":{"name":"Power lines","category":"minor_line","osm_type":"way","osm_id":"1365528759"}},{"type":"Feature","geometry":{"type":"LineString","coordinates":[[-0.65585,54.14655],[-0.65658,54.14745]]},"properties":{"name":"Power lines","category":"minor_line","osm_type":"way","osm_id":"1365528760"}},{"type":"Feature","geometry":{"type":"LineString","coordinates":[[-0.6635,54.09249],[-0.65199,54.09453],[-0.64649,54.09305],[-0.64168,54.09223],[-0.63355,54.09188],[-0.63001,54.09268],[-0.6254,54.09232]]},"properties":{"name":"Power lines","category":"minor_line","osm_type":"way","osm_id":"1365528761"}},{"type":"Feature","geometry":{"type":"LineString","coordinates":[[-0.62613,54.06991],[-0.62446,54.07027],[-0.62322,54.07182],[-0.62295,54.07352],[-0.62731,54.07741],[-0.6208,54.08456],[-0.62288,54.08692],[-0.62485,54.09168],[-0.62593,54.09296],[-0.62033,54.09472],[-0.61876,54.09445]]},"properties":{"name":"Power lines","category":"minor_line","osm_type":"way","osm_id":"1365528762"}},{"type":"Feature","geometry":{"type":"LineString","coordinates":[[-0.64783,54.112],[-0.64664,54.09587],[-0.6491,54.09375]]},"properties":{"name":"Power lines","category":"minor_line","osm_type":"way","osm_id":"1365528763"}},{"type":"Feature","geometry":{"type":"LineString","coordinates":[[-0.64692,54.09909],[-0.64816,54.09893],[-0.65053,54.09788]]},"properties":{"name":"Power lines","category":"minor_line","osm_type":"way","osm_id":"1365528764"}},{"type":"Feature","geometry":{"type":"LineString","coordinates":[[-0.66013,54.10781],[-0.65712,54.10811],[-0.64772,54.1078]]},"properties":{"name":"Power lines","category":"minor_line","osm_type":"way","osm_id":"1365528765"}},{"type":"Feature","geometry":{"type":"LineString","coordinates":[[-0.65828,54.10801],[-0.65971,54.10853],[-0.66156,54.10856],[-0.66296,54.10798],[-0.66856,54.10886]]},"properties":{"name":"Power lines","category":"minor_line","osm_type":"way","osm_id":"1365528766"}},{"type":"Feature","geometry":{"type":"LineString","coordinates":[[-0.64406,54.10837],[-0.64775,54.10885]]},"properties":{"name":"Power lines","category":"minor_line","osm_type":"way","osm_id":"1365528767"}},{"type":"Feature","geometry":{"type":"LineString","coordinates":[[-0.60967,54.10991],[-0.60657,54.10841],[-0.60396,54.10512],[-0.6011,54.10256]]},"properties":{"name":"Power lines","category":"minor_line","osm_type":"way","osm_id":"1365528768"}},{"type":"Feature","geometry":{"type":"LineString","coordinates":[[-0.61596,54.09496],[-0.61013,54.09714],[-0.6011,54.10256],[-0.59626,54.10434],[-0.59504,54.1059]]},"properties":{"name":"Power lines","category":"minor_line","osm_type":"way","osm_id":"1365528769"}},{"type":"Feature","geometry":{"type":"LineString","coordinates":[[-0.58248,54.12532],[-0.57253,54.12473],[-0.56537,54.11506]]},"properties":{"name":"Power lines","category":"minor_line","osm_type":"way","osm_id":"1365528770"}},{"type":"Feature","geometry":{"type":"LineString","coordinates":[[-0.53746,54.12846],[-0.53451,54.124]]},"properties":{"name":"Power lines","category":"minor_line","osm_type":"way","osm_id":"1365528771"}},{"type":"Feature","geometry":{"type":"LineString","coordinates":[[-0.59733,54.12032],[-0.60447,54.12375]]},"properties":{"name":"Power lines","category":"minor_line","osm_type":"way","osm_id":"1365528772"}},{"type":"Feature","geometry":{"type":"LineString","coordinates":[[-0.68908,54.10892],[-0.68703,54.10941],[-0.68503,54.10927],[-0.68266,54.11129],[-0.67885,54.1195],[-0.66861,54.12099],[-0.66125,54.11903],[-0.64892,54.11757],[-0.64682,54.12166],[-0.63692,54.12043],[-0.63181,54.12117],[-0.62791,54.12294],[-0.61772,54.12528],[-0.61308,54.12692]]},"properties":{"name":"Power lines","category":"minor_line","osm_type":"way","osm_id":"1365528773"}},{"type":"Feature","geometry":{"type":"LineString","coordinates":[[-0.62924,54.12234],[-0.63025,54.12253]]},"properties":{"name":"Power lines","category":"minor_line","osm_type":"way","osm_id":"1365528774"}},{"type":"Feature","geometry":{"type":"LineString","coordinates":[[-0.6433,54.14042],[-0.64558,54.1395],[-0.65274,54.13266],[-0.65415,54.13197],[-0.65557,54.13017],[-0.65508,54.12949],[-0.64632,54.12725],[-0.64406,54.12555],[-0.64344,54.12457],[-0.64522,54.12145]]},"properties":{"name":"Power lines","category":"minor_line","osm_type":"way","osm_id":"1365528775"}},{"type":"Feature","geometry":{"type":"LineString","coordinates":[[-0.66692,54.12055],[-0.66724,54.12189]]},"properties":{"name":"Power lines","category":"minor_line","osm_type":"way","osm_id":"1365528776"}},{"type":"Feature","geometry":{"type":"LineString","coordinates":[[-0.67559,54.12364],[-0.66954,54.12161],[-0.66861,54.12099]]},"properties":{"name":"Power lines","category":"minor_line","osm_type":"way","osm_id":"1365528777"}},{"type":"Feature","geometry":{"type":"LineString","coordinates":[[-0.62579,54.14133],[-0.62442,54.14096],[-0.61568,54.14387],[-0.6095,54.14346]]},"properties":{"name":"Power lines","category":"minor_line","osm_type":"way","osm_id":"1365528778"}},{"type":"Feature","geometry":{"type":"LineString","coordinates":[[-0.61174,54.1343],[-0.60693,54.13375],[-0.60586,54.13292],[-0.59933,54.13213]]},"properties":{"name":"Power lines","category":"minor_line","osm_type":"way","osm_id":"1365528779"}},{"type":"Feature","geometry":{"type":"LineString","coordinates":[[-0.61157,54.13069],[-0.61228,54.13273],[-0.61012,54.13924],[-0.6095,54.14346],[-0.59989,54.14994],[-0.60043,54.1552],[-0.60461,54.15616],[-0.60714,54.15745],[-0.61808,54.15771],[-0.62793,54.15742]]},"properties":{"name":"Power lines","category":"minor_line","osm_type":"way","osm_id":"1365528780"}},{"type":"Feature","geometry":{"type":"LineString","coordinates":[[-0.5824,54.14256],[-0.59504,54.14741],[-0.60204,54.14833]]},"properties":{"name":"Power lines","category":"minor_line","osm_type":"way","osm_id":"1365528781"}},{"type":"Feature","geometry":{"type":"LineString","coordinates":[[-0.56719,54.15334],[-0.57076,54.15346],[-0.57546,54.15204],[-0.5847,54.14335]]},"properties":{"name":"Power lines","category":"minor_line","osm_type":"way","osm_id":"1365528783"}},{"type":"Feature","geometry":{"type":"LineString","coordinates":[[-0.54472,54.16153],[-0.53047,54.16185],[-0.52101,54.16721]]},"properties":{"name":"Power lines","category":"minor_line","osm_type":"way","osm_id":"1365528784"}},{"type":"Feature","geometry":{"type":"LineString","coordinates":[[-0.52431,54.16923],[-0.51702,54.17768],[-0.51741,54.18017],[-0.52052,54.18072]]},"properties":{"name":"Power lines","category":"minor_line","osm_type":"way","osm_id":"1365528785"}},{"type":"Feature","geometry":{"type":"LineString","coordinates":[[-0.51804,54.16476],[-0.52293,54.1689],[-0.52341,54.17026]]},"properties":{"name":"Power lines","category":"minor_line","osm_type":"way","osm_id":"1365528786"}},{"type":"Feature","geometry":{"type":"LineString","coordinates":[[-0.6052,54.1725],[-0.60446,54.17554],[-0.61149,54.18071],[-0.61677,54.18698],[-0.61942,54.18914],[-0.62317,54.19106]]},"properties":{"name":"Power lines","category":"minor_line","osm_type":"way","osm_id":"1365528787"}},{"type":"Feature","geometry":{"type":"LineString","coordinates":[[-0.60557,54.17636],[-0.59817,54.17689]]},"properties":{"name":"Power lines","category":"minor_line","osm_type":"way","osm_id":"1365528788"}},{"type":"Feature","geometry":{"type":"LineString","coordinates":[[-0.61396,54.18383],[-0.61569,54.18341],[-0.61862,54.18409],[-0.62685,54.18272],[-0.62971,54.18063],[-0.6398,54.18032]]},"properties":{"name":"Power lines","category":"minor_line","osm_type":"way","osm_id":"1365528789"}},{"type":"Feature","geometry":{"type":"LineString","coordinates":[[-0.61579,54.18612],[-0.61891,54.18578]]},"properties":{"name":"Power lines","category":"minor_line","osm_type":"way","osm_id":"1365528790"}},{"type":"Feature","geometry":{"type":"LineString","coordinates":[[-0.61759,54.18765],[-0.62058,54.18759]]},"properties":{"name":"Power lines","category":"minor_line","osm_type":"way","osm_id":"1365528791"}},{"type":"Feature","geometry":{"type":"LineString","coordinates":[[-0.5945,54.17778],[-0.59382,54.17813]]},"properties":{"name":"Power lines","category":"minor_line","osm_type":"way","osm_id":"1365528793"}},{"type":"Feature","geometry":{"type":"LineString","coordinates":[[-0.60308,54.1713],[-0.60176,54.17126],[-0.60076,54.1717],[-0.60241,54.17384],[-0.6046,54.17348]]},"properties":{"name":"Power lines","category":"minor_line","osm_type":"way","osm_id":"1365528794"}},{"type":"Feature","geometry":{"type":"LineString","coordinates":[[-0.57906,54.16641],[-0.59413,54.17011]]},"properties":{"name":"Power lines","category":"minor_line","osm_type":"way","osm_id":"1365528795"}},{"type":"Feature","geometry":{"type":"LineString","coordinates":[[-0.57901,54.19465],[-0.58041,54.19428],[-0.58359,54.19024],[-0.58886,54.1856],[-0.59051,54.18349],[-0.58951,54.17815],[-0.58722,54.17765],[-0.5858,54.1784]]},"properties":{"name":"Power lines","category":"minor_line","osm_type":"way","osm_id":"1365528796"}},{"type":"Feature","geometry":{"type":"LineString","coordinates":[[-0.58998,54.18072],[-0.58757,54.18055],[-0.58536,54.17975],[-0.57907,54.18029],[-0.56611,54.17911]]},"properties":{"name":"Power lines","category":"minor_line","osm_type":"way","osm_id":"1365528797"}},{"type":"Feature","geometry":{"type":"LineString","coordinates":[[-0.58705,54.18898],[-0.58071,54.18933],[-0.57977,54.18023]]},"properties":{"name":"Power lines","category":"minor_line","osm_type":"way","osm_id":"1365528798"}},{"type":"Feature","geometry":{"type":"LineString","coordinates":[[-0.58014,54.1836],[-0.58082,54.18352]]},"properties":{"name":"Power lines","category":"minor_line","osm_type":"way","osm_id":"1365528799"}},{"type":"Feature","geometry":{"type":"LineString","coordinates":[[-0.56572,54.17968],[-0.56418,54.17977],[-0.55996,54.1783]]},"properties":{"name":"Power lines","category":"minor_line","osm_type":"way","osm_id":"1365528800"}},{"type":"Feature","geometry":{"type":"LineString","coordinates":[[-0.55264,54.17717],[-0.55165,54.17775],[-0.54234,54.17732],[-0.54161,54.17763],[-0.53589,54.17762]]},"properties":{"name":"Power lines","category":"minor_line","osm_type":"way","osm_id":"1365528801"}},{"type":"Feature","geometry":{"type":"LineString","coordinates":[[-0.53761,54.17736],[-0.53669,54.1768],[-0.53369,54.1769],[-0.53227,54.1755]]},"properties":{"name":"Power lines","category":"minor_line","osm_type":"way","osm_id":"1365528802"}},{"type":"Feature","geometry":{"type":"LineString","coordinates":[[-0.53307,54.17629],[-0.53035,54.17668],[-0.52967,54.17793]]},"properties":{"name":"Power lines","category":"minor_line","osm_type":"way","osm_id":"1365528803"}},{"type":"Feature","geometry":{"type":"LineString","coordinates":[[-0.5386,54.17626],[-0.53808,54.17581]]},"properties":{"name":"Power lines","category":"minor_line","osm_type":"way","osm_id":"1365528804"}},{"type":"Feature","geometry":{"type":"LineString","coordinates":[[-0.52877,54.18058],[-0.52884,54.19004],[-0.52951,54.19054],[-0.53457,54.19056]]},"properties":{"name":"Power lines","category":"minor_line","osm_type":"way","osm_id":"1365528805"}},{"type":"Feature","geometry":{"type":"LineString","coordinates":[[-0.5289,54.18664],[-0.53577,54.18539]]},"properties":{"name":"Power lines","category":"minor_line","osm_type":"way","osm_id":"1365528806"}},{"type":"Feature","geometry":{"type":"LineString","coordinates":[[-0.53446,54.18968],[-0.51361,54.1913],[-0.4953,54.19364],[-0.45655,54.19887],[-0.45358,54.20022],[-0.45089,54.20034],[-0.44669,54.19919],[-0.44218,54.19926],[-0.43185,54.20234],[-0.40831,54.20358],[-0.40625,54.20416],[-0.40468,54.20376],[-0.39742,54.20413],[-0.39364,54.20342],[-0.38968,54.20332],[-0.38212,54.20358],[-0.36726,54.20211],[-0.36426,54.20125],[-0.36258,54.20178],[-0.35506,54.20145],[-0.34873,54.20292],[-0.34626,54.20466],[-0.34199,54.20518],[-0.33754,54.21042]]},"properties":{"name":"Power lines","category":"minor_line","osm_type":"way","osm_id":"1365528807"}},{"type":"Feature","geometry":{"type":"LineString","coordinates":[[-0.49954,54.19318],[-0.50116,54.19687],[-0.50129,54.19939]]},"properties":{"name":"Power lines","category":"minor_line","osm_type":"way","osm_id":"1365528808"}},{"type":"Feature","geometry":{"type":"LineString","coordinates":[[-0.49238,54.19405],[-0.4939,54.19131]]},"properties":{"name":"Power lines","category":"minor_line","osm_type":"way","osm_id":"1365528809"}},{"type":"Feature","geometry":{"type":"LineString","coordinates":[[-0.49016,54.19437],[-0.48747,54.18748],[-0.48628,54.18661],[-0.48176,54.18521],[-0.48048,54.18204]]},"properties":{"name":"Power lines","category":"minor_line","osm_type":"way","osm_id":"1365528810"}},{"type":"Feature","geometry":{"type":"LineString","coordinates":[[-0.48747,54.18748],[-0.48145,54.18982]]},"properties":{"name":"Power lines","category":"minor_line","osm_type":"way","osm_id":"1365528811"}},{"type":"Feature","geometry":{"type":"LineString","coordinates":[[-0.47495,54.19651],[-0.47445,54.19397]]},"properties":{"name":"Power lines","category":"minor_line","osm_type":"way","osm_id":"1365528812"}},{"type":"Feature","geometry":{"type":"LineString","coordinates":[[-0.46793,54.19741],[-0.46424,54.19072],[-0.45646,54.1801],[-0.45446,54.17668],[-0.45443,54.17542]]},"properties":{"name":"Power lines","category":"minor_line","osm_type":"way","osm_id":"1365528813"}},{"type":"Feature","geometry":{"type":"LineString","coordinates":[[-0.45795,54.18241],[-0.45412,54.18329]]},"properties":{"name":"Power lines","category":"minor_line","osm_type":"way","osm_id":"1365528814"}},{"type":"Feature","geometry":{"type":"LineString","coordinates":[[-0.45601,54.17935],[-0.44405,54.18251],[-0.44014,54.18174],[-0.4356,54.18278]]},"properties":{"name":"Power lines","category":"minor_line","osm_type":"way","osm_id":"1365528815"}},{"type":"Feature","geometry":{"type":"LineString","coordinates":[[-0.45798,54.19869],[-0.45611,54.19568]]},"properties":{"name":"Power lines","category":"minor_line","osm_type":"way","osm_id":"1365528816"}},{"type":"Feature","geometry":{"type":"LineString","coordinates":[[-0.45464,54.19974],[-0.45397,54.19836]]},"properties":{"name":"Power lines","category":"minor_line","osm_type":"way","osm_id":"1365528817"}},{"type":"Feature","geometry":{"type":"LineString","coordinates":[[-0.44648,54.19919],[-0.4464,54.19858]]},"properties":{"name":"Power lines","category":"minor_line","osm_type":"way","osm_id":"1365528818"}},{"type":"Feature","geometry":{"type":"LineString","coordinates":[[-0.44388,54.19923],[-0.44386,54.19835]]},"properties":{"name":"Power lines","category":"minor_line","osm_type":"way","osm_id":"1365528819"}},{"type":"Feature","geometry":{"type":"LineString","coordinates":[[-0.44303,54.19925],[-0.44281,54.20063]]},"properties":{"name":"Power lines","category":"minor_line","osm_type":"way","osm_id":"1365528820"}},{"type":"Feature","geometry":{"type":"LineString","coordinates":[[-0.42387,54.20277],[-0.42226,54.2001]]},"properties":{"name":"Power lines","category":"minor_line","osm_type":"way","osm_id":"1365528821"}},{"type":"Feature","geometry":{"type":"LineString","coordinates":[[-0.41411,54.20326],[-0.41367,54.2004]]},"properties":{"name":"Power lines","category":"minor_line","osm_type":"way","osm_id":"1365528822"}},{"type":"Feature","geometry":{"type":"LineString","coordinates":[[-0.41129,54.20341],[-0.4102,54.20027],[-0.40808,54.19924],[-0.40699,54.18771]]},"properties":{"name":"Power lines","category":"minor_line","osm_type":"way","osm_id":"1365528823"}},{"type":"Feature","geometry":{"type":"LineString","coordinates":[[-0.40759,54.19487],[-0.41221,54.19342]]},"properties":{"name":"Power lines","category":"minor_line","osm_type":"way","osm_id":"1365528824"}},{"type":"Feature","geometry":{"type":"LineString","coordinates":[[-0.40715,54.18973],[-0.42339,54.186],[-0.43368,54.18649]]},"properties":{"name":"Power lines","category":"minor_line","osm_type":"way","osm_id":"1365528825"}},{"type":"Feature","geometry":{"type":"LineString","coordinates":[[-0.39265,54.20339],[-0.39336,54.20097]]},"properties":{"name":"Power lines","category":"minor_line","osm_type":"way","osm_id":"1365528826"}},{"type":"Feature","geometry":{"type":"LineString","coordinates":[[-0.38812,54.20335],[-0.38774,54.20292]]},"properties":{"name":"Power lines","category":"minor_line","osm_type":"way","osm_id":"1365528827"}},{"type":"Feature","geometry":{"type":"LineString","coordinates":[[-0.37682,54.20305],[-0.37722,54.20121]]},"properties":{"name":"Power lines","category":"minor_line","osm_type":"way","osm_id":"1365528828"}},{"type":"Feature","geometry":{"type":"LineString","coordinates":[[-0.34136,54.2059],[-0.33724,54.20368]]},"properties":{"name":"Power lines","category":"minor_line","osm_type":"way","osm_id":"1365528830"}},{"type":"Feature","geometry":{"type":"LineString","coordinates":[[-0.3378,54.21011],[-0.32486,54.21099]]},"properties":{"name":"Power lines","category":"minor_line","osm_type":"way","osm_id":"1365528831"}},{"type":"Feature","geometry":{"type":"LineString","coordinates":[[-0.32611,54.21089],[-0.32875,54.2137],[-0.32741,54.21558]]},"properties":{"name":"Power lines","category":"minor_line","osm_type":"way","osm_id":"1365528832"}},{"type":"Feature","geometry":{"type":"LineString","coordinates":[[-0.30199,54.21112],[-0.30904,54.21336],[-0.31033,54.21482],[-0.3104,54.21566],[-0.3115,54.216],[-0.32385,54.21511],[-0.32814,54.21688],[-0.33908,54.21562],[-0.35263,54.21626],[-0.36183,54.21891],[-0.36836,54.21996],[-0.37672,54.22528],[-0.37816,54.23007]]},"properties":{"name":"Power lines","category":"minor_line","osm_type":"way","osm_id":"1365528833"}},{"type":"Feature","geometry":{"type":"LineString","coordinates":[[-0.35982,54.21834],[-0.36015,54.21752]]},"properties":{"name":"Power lines","category":"minor_line","osm_type":"way","osm_id":"1365528834"}},{"type":"Feature","geometry":{"type":"LineString","coordinates":[[-0.31389,54.21556],[-0.31392,54.2157]]},"properties":{"name":"Power lines","category":"minor_line","osm_type":"way","osm_id":"1365528835"}},{"type":"Feature","geometry":{"type":"LineString","coordinates":[[-0.32535,54.21095],[-0.32357,54.21047],[-0.32022,54.21033],[-0.31496,54.21215]]},"properties":{"name":"Power lines","category":"minor_line","osm_type":"way","osm_id":"1365528836"}},{"type":"Feature","geometry":{"type":"LineString","coordinates":[[-0.48919,54.20873],[-0.4939,54.21176]]},"properties":{"name":"Power lines","category":"minor_line","osm_type":"way","osm_id":"1365557599"}},{"type":"Feature","geometry":{"type":"LineString","coordinates":[[-0.4957,54.21248],[-0.49871,54.2139],[-0.50507,54.21822],[-0.51164,54.21699]]},"properties":{"name":"Power lines","category":"minor_line","osm_type":"way","osm_id":"1365557600"}},{"type":"Feature","geometry":{"type":"LineString","coordinates":[[-0.36175,54.24025],[-0.35971,54.24205]]},"properties":{"name":"Power lines","category":"minor_line","osm_type":"way","osm_id":"1365557601"}},{"type":"Feature","geometry":{"type":"LineString","coordinates":[[-0.33342,54.22253],[-0.34475,54.22655],[-0.34986,54.23068],[-0.36317,54.23769]]},"properties":{"name":"Power lines","category":"minor_line","osm_type":"way","osm_id":"1365557602"}},{"type":"Feature","geometry":{"type":"LineString","coordinates":[[-0.35901,54.23549],[-0.35728,54.23659]]},"properties":{"name":"Power lines","category":"minor_line","osm_type":"way","osm_id":"1365557603"}},{"type":"Feature","geometry":{"type":"LineString","coordinates":[[-0.34822,54.22935],[-0.34669,54.23144],[-0.34361,54.23805]]},"properties":{"name":"Power lines","category":"minor_line","osm_type":"way","osm_id":"1365557604"}},{"type":"Feature","geometry":{"type":"LineString","coordinates":[[-0.3451,54.23478],[-0.34724,54.23464]]},"properties":{"name":"Power lines","category":"minor_line","osm_type":"way","osm_id":"1365557605"}},{"type":"Feature","geometry":{"type":"LineString","coordinates":[[-0.33115,54.22956],[-0.33019,54.23124]]},"properties":{"name":"Power lines","category":"minor_line","osm_type":"way","osm_id":"1365557606"}},{"type":"Feature","geometry":{"type":"LineString","coordinates":[[-0.31262,54.22096],[-0.31004,54.22157]]},"properties":{"name":"Power lines","category":"minor_line","osm_type":"way","osm_id":"1365557607"}},{"type":"Feature","geometry":{"type":"LineString","coordinates":[[-0.31017,54.22113],[-0.31197,54.22008],[-0.31245,54.21768],[-0.31372,54.21678]]},"properties":{"name":"Power lines","category":"minor_line","osm_type":"way","osm_id":"1365557608"}},{"type":"Feature","geometry":{"type":"LineString","coordinates":[[-0.3115,54.216],[-0.31612,54.21758]]},"properties":{"name":"Power lines","category":"minor_line","osm_type":"way","osm_id":"1365557609"}},{"type":"Feature","geometry":{"type":"LineString","coordinates":[[-0.31197,54.22008],[-0.31272,54.2208]]},"properties":{"name":"Power lines","category":"minor_line","osm_type":"way","osm_id":"1365557610"}},{"type":"Feature","geometry":{"type":"LineString","coordinates":[[-0.31786,54.21826],[-0.32572,54.2205],[-0.32807,54.2208]]},"properties":{"name":"Power lines","category":"minor_line","osm_type":"way","osm_id":"1365557611"}},{"type":"Feature","geometry":{"type":"LineString","coordinates":[[-0.34252,54.21583],[-0.34231,54.21671]]},"properties":{"name":"Power lines","category":"minor_line","osm_type":"way","osm_id":"1365557612"}},{"type":"Feature","geometry":{"type":"LineString","coordinates":[[-0.35263,54.21626],[-0.35195,54.2181],[-0.35067,54.21947]]},"properties":{"name":"Power lines","category":"minor_line","osm_type":"way","osm_id":"1365557613"}},{"type":"Feature","geometry":{"type":"LineString","coordinates":[[-0.36521,54.22223],[-0.36811,54.22188],[-0.36921,54.22126],[-0.36903,54.2204]]},"properties":{"name":"Power lines","category":"minor_line","osm_type":"way","osm_id":"1365557614"}},{"type":"Feature","geometry":{"type":"LineString","coordinates":[[-0.3809,54.20942],[-0.38019,54.20486]]},"properties":{"name":"Power lines","category":"minor_line","osm_type":"way","osm_id":"1365557615"}},{"type":"Feature","geometry":{"type":"LineString","coordinates":[[-0.40625,54.20416],[-0.40685,54.20928]]},"properties":{"name":"Power lines","category":"minor_line","osm_type":"way","osm_id":"1365557616"}},{"type":"Feature","geometry":{"type":"LineString","coordinates":[[-0.4289,54.2025],[-0.43562,54.21136],[-0.43547,54.2126]]},"properties":{"name":"Power lines","category":"minor_line","osm_type":"way","osm_id":"1365557617"}},{"type":"Feature","geometry":{"type":"LineString","coordinates":[[-0.43792,54.21603],[-0.43827,54.21694],[-0.44294,54.21982],[-0.4495,54.21954],[-0.44748,54.22394],[-0.44707,54.22816],[-0.44923,54.23169]]},"properties":{"name":"Power lines","category":"minor_line","osm_type":"way","osm_id":"1365557618"}},{"type":"Feature","geometry":{"type":"LineString","coordinates":[[-0.44002,54.21781],[-0.44479,54.21714],[-0.4479,54.2171]]},"properties":{"name":"Power lines","category":"minor_line","osm_type":"way","osm_id":"1365557619"}},{"type":"Feature","geometry":{"type":"LineString","coordinates":[[-0.44921,54.22077],[-0.44213,54.2214]]},"properties":{"name":"Power lines","category":"minor_line","osm_type":"way","osm_id":"1365557620"}},{"type":"Feature","geometry":{"type":"LineString","coordinates":[[-0.44829,54.22487],[-0.44823,54.22405]]},"properties":{"name":"Power lines","category":"minor_line","osm_type":"way","osm_id":"1365557621"}},{"type":"Feature","geometry":{"type":"LineString","coordinates":[[-0.44748,54.22394],[-0.43958,54.22479],[-0.43965,54.2256]]},"properties":{"name":"Power lines","category":"minor_line","osm_type":"way","osm_id":"1365557622"}},{"type":"Feature","geometry":{"type":"LineString","coordinates":[[-0.44085,54.23172],[-0.44123,54.23283],[-0.44217,54.23328]]},"properties":{"name":"Power lines","category":"minor_line","osm_type":"way","osm_id":"1365557623"}},{"type":"Feature","geometry":{"type":"LineString","coordinates":[[-0.43315,54.22428],[-0.43296,54.22875],[-0.43135,54.23039],[-0.42989,54.23098],[-0.42592,54.23406]]},"properties":{"name":"Power lines","category":"minor_line","osm_type":"way","osm_id":"1365557624"}},{"type":"Feature","geometry":{"type":"LineString","coordinates":[[-0.43559,54.22428],[-0.43315,54.22428],[-0.43151,54.22386]]},"properties":{"name":"Power lines","category":"minor_line","osm_type":"way","osm_id":"1365557625"}},{"type":"Feature","geometry":{"type":"LineString","coordinates":[[-0.41648,54.22753],[-0.41545,54.22793],[-0.41462,54.22773],[-0.41058,54.22833],[-0.40279,54.22619]]},"properties":{"name":"Power lines","category":"minor_line","osm_type":"way","osm_id":"1365557626"}},{"type":"Feature","geometry":{"type":"LineString","coordinates":[[-0.37249,54.22261],[-0.37906,54.22333],[-0.38038,54.2241],[-0.38402,54.22456]]},"properties":{"name":"Power lines","category":"minor_line","osm_type":"way","osm_id":"1365557627"}},{"type":"Feature","geometry":{"type":"LineString","coordinates":[[-0.32115,54.19677],[-0.31956,54.19861]]},"properties":{"name":"Power lines","category":"minor_line","osm_type":"way","osm_id":"1365557628"}},{"type":"Feature","geometry":{"type":"LineString","coordinates":[[-0.32081,54.19867],[-0.31625,54.19842],[-0.31371,54.20062]]},"properties":{"name":"Power lines","category":"minor_line","osm_type":"way","osm_id":"1365557629"}},{"type":"Feature","geometry":{"type":"LineString","coordinates":[[-0.30729,54.20025],[-0.30805,54.20098]]},"properties":{"name":"Power lines","category":"minor_line","osm_type":"way","osm_id":"1365557630"}},{"type":"Feature","geometry":{"type":"LineString","coordinates":[[-0.30783,54.19975],[-0.31176,54.20151]]},"properties":{"name":"Power lines","category":"minor_line","osm_type":"way","osm_id":"1365557631"}},{"type":"Feature","geometry":{"type":"LineString","coordinates":[[-0.3069,54.20066],[-0.29472,54.20015],[-0.28958,54.20079]]},"properties":{"name":"Power lines","category":"minor_line","osm_type":"way","osm_id":"1365557632"}},{"type":"Feature","geometry":{"type":"LineString","coordinates":[[-0.30125,54.20044],[-0.29776,54.19634]]},"properties":{"name":"Power lines","category":"minor_line","osm_type":"way","osm_id":"1365557633"}},{"type":"Feature","geometry":{"type":"LineString","coordinates":[[-0.29827,54.19694],[-0.29575,54.19568],[-0.29112,54.19221]]},"properties":{"name":"Power lines","category":"minor_line","osm_type":"way","osm_id":"1365557634"}},{"type":"Feature","geometry":{"type":"LineString","coordinates":[[-0.38295,54.18802],[-0.38187,54.1876],[-0.37341,54.18945]]},"properties":{"name":"Power lines","category":"minor_line","osm_type":"way","osm_id":"1365557635"}},{"type":"Feature","geometry":{"type":"LineString","coordinates":[[-0.37878,54.18893],[-0.36715,54.18921],[-0.35597,54.18717],[-0.34516,54.18638],[-0.34099,54.18885],[-0.33732,54.18909]]},"properties":{"name":"Power lines","category":"minor_line","osm_type":"way","osm_id":"1365557636"}},{"type":"Feature","geometry":{"type":"LineString","coordinates":[[-0.37285,54.17741],[-0.37662,54.18298],[-0.3798,54.19178]]},"properties":{"name":"Power lines","category":"minor_line","osm_type":"way","osm_id":"1365557637"}},{"type":"Feature","geometry":{"type":"LineString","coordinates":[[-0.37977,54.1917],[-0.39369,54.19113],[-0.408,54.18955]]},"properties":{"name":"Power lines","category":"minor_line","osm_type":"way","osm_id":"1365557638"}},{"type":"Feature","geometry":{"type":"LineString","coordinates":[[-0.43608,54.17121],[-0.43371,54.17144],[-0.41809,54.17119],[-0.40706,54.17203],[-0.40206,54.17283],[-0.38729,54.17424],[-0.37562,54.17703],[-0.36625,54.17829],[-0.35798,54.17932],[-0.35522,54.17872]]},"properties":{"name":"Power lines","category":"minor_line","osm_type":"way","osm_id":"1365557639"}},{"type":"Feature","geometry":{"type":"LineString","coordinates":[[-0.41413,54.16852],[-0.41533,54.1714]]},"properties":{"name":"Power lines","category":"minor_line","osm_type":"way","osm_id":"1365557640"}},{"type":"Feature","geometry":{"type":"LineString","coordinates":[[-0.42679,54.17567],[-0.42907,54.17552]]},"properties":{"name":"Power lines","category":"minor_line","osm_type":"way","osm_id":"1365557641"}},{"type":"Feature","geometry":{"type":"LineString","coordinates":[[-0.42909,54.17137],[-0.42907,54.17565]]},"properties":{"name":"Power lines","category":"minor_line","osm_type":"way","osm_id":"1365557642"}},{"type":"Feature","geometry":{"type":"LineString","coordinates":[[-0.36744,54.19327],[-0.35433,54.18863],[-0.35544,54.18701],[-0.35458,54.18559],[-0.34294,54.18126],[-0.34001,54.17947]]},"properties":{"name":"Power lines","category":"minor_line","osm_type":"way","osm_id":"1365557643"}},{"type":"Feature","geometry":{"type":"LineString","coordinates":[[-0.45533,54.17036],[-0.46203,54.17004],[-0.47391,54.16605],[-0.48197,54.16262],[-0.49874,54.15918],[-0.50706,54.15523]]},"properties":{"name":"Power lines","category":"minor_line","osm_type":"way","osm_id":"1365577972"}},{"type":"Feature","geometry":{"type":"LineString","coordinates":[[-0.48071,54.16316],[-0.47464,54.159],[-0.46946,54.15631]]},"properties":{"name":"Power lines","category":"minor_line","osm_type":"way","osm_id":"1365577973"}},{"type":"Feature","geometry":{"type":"LineString","coordinates":[[-0.49405,54.16014],[-0.49867,54.16637]]},"properties":{"name":"Power lines","category":"minor_line","osm_type":"way","osm_id":"1365577974"}},{"type":"Feature","geometry":{"type":"LineString","coordinates":[[-0.40366,54.17263],[-0.40412,54.16908],[-0.40349,54.16795],[-0.39646,54.16146]]},"properties":{"name":"Power lines","category":"minor_line","osm_type":"way","osm_id":"1365577975"}},{"type":"Feature","geometry":{"type":"LineString","coordinates":[[-0.36002,54.16455],[-0.34976,54.15918],[-0.33995,54.16147],[-0.33152,54.16173],[-0.31815,54.16432]]},"properties":{"name":"Power lines","category":"minor_line","osm_type":"way","osm_id":"1365577976"}},{"type":"Feature","geometry":{"type":"LineString","coordinates":[[-0.34546,54.17716],[-0.34775,54.17839]]},"properties":{"name":"Power lines","category":"minor_line","osm_type":"way","osm_id":"1365577977"}},{"type":"Feature","geometry":{"type":"LineString","coordinates":[[-0.32616,54.17939],[-0.32719,54.18071],[-0.32672,54.1819]]},"properties":{"name":"Power lines","category":"minor_line","osm_type":"way","osm_id":"1365577978"}},{"type":"Feature","geometry":{"type":"LineString","coordinates":[[-0.32652,54.1854],[-0.32708,54.18412]]},"properties":{"name":"Power lines","category":"minor_line","osm_type":"way","osm_id":"1365577979"}},{"type":"Feature","geometry":{"type":"LineString","coordinates":[[-0.31534,54.19256],[-0.31425,54.19202]]},"properties":{"name":"Power lines","category":"minor_line","osm_type":"way","osm_id":"1365577980"}},{"type":"Feature","geometry":{"type":"LineString","coordinates":[[-0.29767,54.18677],[-0.29753,54.18615],[-0.29658,54.18559]]},"properties":{"name":"Power lines","category":"minor_line","osm_type":"way","osm_id":"1365577981"}},{"type":"Feature","geometry":{"type":"LineString","coordinates":[[-0.29776,54.18278],[-0.29778,54.1841],[-0.29507,54.18705]]},"properties":{"name":"Power lines","category":"minor_line","osm_type":"way","osm_id":"1365577982"}},{"type":"Feature","geometry":{"type":"LineString","coordinates":[[-0.29778,54.1841],[-0.29382,54.18213],[-0.29303,54.18011],[-0.28947,54.1787]]},"properties":{"name":"Power lines","category":"minor_line","osm_type":"way","osm_id":"1365577983"}},{"type":"Feature","geometry":{"type":"LineString","coordinates":[[-0.28848,54.17538],[-0.28631,54.17054]]},"properties":{"name":"Power lines","category":"minor_line","osm_type":"way","osm_id":"1365577984"}},{"type":"Feature","geometry":{"type":"LineString","coordinates":[[-0.27543,54.17639],[-0.27652,54.17819]]},"properties":{"name":"Power lines","category":"minor_line","osm_type":"way","osm_id":"1365577985"}},{"type":"Feature","geometry":{"type":"LineString","coordinates":[[-0.27978,54.17698],[-0.27371,54.17922]]},"properties":{"name":"Power lines","category":"minor_line","osm_type":"way","osm_id":"1365577986"}},{"type":"Feature","geometry":{"type":"LineString","coordinates":[[-0.26651,54.17377],[-0.27701,54.18152]]},"properties":{"name":"Power lines","category":"minor_line","osm_type":"way","osm_id":"1365577987"}},{"type":"Feature","geometry":{"type":"LineString","coordinates":[[-0.31436,54.17256],[-0.31559,54.17302],[-0.31646,54.17622]]},"properties":{"name":"Power lines","category":"minor_line","osm_type":"way","osm_id":"1365577988"}},{"type":"Feature","geometry":{"type":"LineString","coordinates":[[-0.29851,54.16815],[-0.29715,54.16258]]},"properties":{"name":"Power lines","category":"minor_line","osm_type":"way","osm_id":"1365577989"}},{"type":"Feature","geometry":{"type":"LineString","coordinates":[[-0.37956,54.1328],[-0.37533,54.13374],[-0.36778,54.13313]]},"properties":{"name":"Power lines","category":"minor_line","osm_type":"way","osm_id":"1365577990"}},{"type":"Feature","geometry":{"type":"LineString","coordinates":[[-0.38988,54.11255],[-0.38137,54.10902],[-0.36008,54.1026],[-0.35758,54.10129],[-0.34873,54.09897],[-0.33684,54.0978],[-0.32054,54.09459],[-0.30102,54.09544],[-0.29486,54.09517],[-0.28539,54.09551]]},"properties":{"name":"Power lines","category":"minor_line","osm_type":"way","osm_id":"1365577991"}},{"type":"Feature","geometry":{"type":"LineString","coordinates":[[-0.33917,54.09793],[-0.33728,54.10269],[-0.33735,54.10353],[-0.33955,54.10373]]},"properties":{"name":"Power lines","category":"minor_line","osm_type":"way","osm_id":"1365577992"}},{"type":"Feature","geometry":{"type":"LineString","coordinates":[[-0.31728,54.09474],[-0.31697,54.09732],[-0.31471,54.10277],[-0.3153,54.10692]]},"properties":{"name":"Power lines","category":"minor_line","osm_type":"way","osm_id":"1365577993"}},{"type":"Feature","geometry":{"type":"LineString","coordinates":[[-0.3072,54.09518],[-0.30788,54.09386]]},"properties":{"name":"Power lines","category":"minor_line","osm_type":"way","osm_id":"1365577994"}},{"type":"Feature","geometry":{"type":"LineString","coordinates":[[-0.28156,54.09453],[-0.26684,54.09064],[-0.26369,54.09034],[-0.26136,54.09081],[-0.2581,54.09216],[-0.24498,54.09423]]},"properties":{"name":"Power lines","category":"minor_line","osm_type":"way","osm_id":"1365577996"}},{"type":"Feature","geometry":{"type":"LineString","coordinates":[[-0.27779,54.09353],[-0.27742,54.09662],[-0.27834,54.10134]]},"properties":{"name":"Power lines","category":"minor_line","osm_type":"way","osm_id":"1365577997"}},{"type":"Feature","geometry":{"type":"LineString","coordinates":[[-0.27779,54.09853],[-0.2657,54.09944]]},"properties":{"name":"Power lines","category":"minor_line","osm_type":"way","osm_id":"1365577998"}},{"type":"Feature","geometry":{"type":"LineString","coordinates":[[-0.26648,54.09938],[-0.2653,54.10182]]},"properties":{"name":"Power lines","category":"minor_line","osm_type":"way","osm_id":"1365577999"}},{"type":"Feature","geometry":{"type":"LineString","coordinates":[[-0.25569,54.06409],[-0.25918,54.06892],[-0.25889,54.07047],[-0.26083,54.07322],[-0.25833,54.07637],[-0.25704,54.08313],[-0.2593,54.08727],[-0.26083,54.09177],[-0.26195,54.09271]]},"properties":{"name":"Power lines","category":"minor_line","osm_type":"way","osm_id":"1365578000"}},{"type":"Feature","geometry":{"type":"LineString","coordinates":[[-0.25991,54.08899],[-0.25162,54.08861]]},"properties":{"name":"Power lines","category":"minor_line","osm_type":"way","osm_id":"1365578001"}},{"type":"Feature","geometry":{"type":"LineString","coordinates":[[-0.24864,54.07102],[-0.27437,54.06431],[-0.27947,54.06221],[-0.29173,54.05885],[-0.31283,54.0499],[-0.33979,54.04112],[-0.34362,54.03778],[-0.36052,54.03356],[-0.37287,54.02569],[-0.37132,54.02324],[-0.36989,54.01823],[-0.36181,54.01113]]},"properties":{"name":"Power lines","category":"minor_line","osm_type":"way","osm_id":"1365578002"}},{"type":"Feature","geometry":{"type":"LineString","coordinates":[[-0.26525,54.06664],[-0.26611,54.06789]]},"properties":{"name":"Power lines","category":"minor_line","osm_type":"way","osm_id":"1365578003"}},{"type":"Feature","geometry":{"type":"LineString","coordinates":[[-0.27052,54.06532],[-0.27305,54.06936]]},"properties":{"name":"Power lines","category":"minor_line","osm_type":"way","osm_id":"1365578004"}},{"type":"Feature","geometry":{"type":"LineString","coordinates":[[-0.27539,54.0639],[-0.27655,54.0653]]},"properties":{"name":"Power lines","category":"minor_line","osm_type":"way","osm_id":"1365578005"}},{"type":"Feature","geometry":{"type":"LineString","coordinates":[[-0.28006,54.06205],[-0.27697,54.06059]]},"properties":{"name":"Power lines","category":"minor_line","osm_type":"way","osm_id":"1365578006"}},{"type":"Feature","geometry":{"type":"LineString","coordinates":[[-0.29173,54.05885],[-0.28934,54.05697]]},"properties":{"name":"Power lines","category":"minor_line","osm_type":"way","osm_id":"1365578007"}},{"type":"Feature","geometry":{"type":"LineString","coordinates":[[-0.29758,54.05629],[-0.2978,54.05747]]},"properties":{"name":"Power lines","category":"minor_line","osm_type":"way","osm_id":"1365578008"}},{"type":"Feature","geometry":{"type":"LineString","coordinates":[[-0.30542,54.05298],[-0.3057,54.05481]]},"properties":{"name":"Power lines","category":"minor_line","osm_type":"way","osm_id":"1365578009"}},{"type":"Feature","geometry":{"type":"LineString","coordinates":[[-0.3069,54.05236],[-0.30875,54.05379],[-0.3109,54.05391]]},"properties":{"name":"Power lines","category":"minor_line","osm_type":"way","osm_id":"1365578010"}},{"type":"Feature","geometry":{"type":"LineString","coordinates":[[-0.3268,54.04535],[-0.33016,54.0483]]},"properties":{"name":"Power lines","category":"minor_line","osm_type":"way","osm_id":"1365578011"}},{"type":"Feature","geometry":{"type":"LineString","coordinates":[[-0.33395,54.04301],[-0.33248,54.04088],[-0.33222,54.03938]]},"properties":{"name":"Power lines","category":"minor_line","osm_type":"way","osm_id":"1365578012"}},{"type":"Feature","geometry":{"type":"LineString","coordinates":[[-0.33726,54.04195],[-0.33659,54.04103]]},"properties":{"name":"Power lines","category":"minor_line","osm_type":"way","osm_id":"1365578013"}},{"type":"Feature","geometry":{"type":"LineString","coordinates":[[-0.35622,54.03463],[-0.35601,54.03302],[-0.35198,54.03021]]},"properties":{"name":"Power lines","category":"minor_line","osm_type":"way","osm_id":"1365578014"}},{"type":"Feature","geometry":{"type":"LineString","coordinates":[[-0.35853,54.03406],[-0.36069,54.03488]]},"properties":{"name":"Power lines","category":"minor_line","osm_type":"way","osm_id":"1365578015"}},{"type":"Feature","geometry":{"type":"LineString","coordinates":[[-0.36052,54.03356],[-0.36763,54.03767],[-0.37372,54.0398]]},"properties":{"name":"Power lines","category":"minor_line","osm_type":"way","osm_id":"1365578016"}},{"type":"Feature","geometry":{"type":"LineString","coordinates":[[-0.36608,54.03678],[-0.3699,54.03368]]},"properties":{"name":"Power lines","category":"minor_line","osm_type":"way","osm_id":"1365578017"}},{"type":"Feature","geometry":{"type":"LineString","coordinates":[[-0.36905,54.03827],[-0.36878,54.03847]]},"properties":{"name":"Power lines","category":"minor_line","osm_type":"way","osm_id":"1365578018"}},{"type":"Feature","geometry":{"type":"LineString","coordinates":[[-0.37287,54.02569],[-0.37795,54.02758],[-0.38358,54.03046]]},"properties":{"name":"Power lines","category":"minor_line","osm_type":"way","osm_id":"1365578019"}},{"type":"Feature","geometry":{"type":"LineString","coordinates":[[-0.3709,54.02186],[-0.36868,54.02256]]},"properties":{"name":"Power lines","category":"minor_line","osm_type":"way","osm_id":"1365578020"}},{"type":"Feature","geometry":{"type":"LineString","coordinates":[[-0.36874,54.01724],[-0.36676,54.01787]]},"properties":{"name":"Power lines","category":"minor_line","osm_type":"way","osm_id":"1365578021"}},{"type":"Feature","geometry":{"type":"LineString","coordinates":[[-0.24956,54.07071],[-0.24832,54.07081]]},"properties":{"name":"Power lines","category":"minor_line","osm_type":"way","osm_id":"1365578022"}},{"type":"Feature","geometry":{"type":"LineString","coordinates":[[-0.24973,54.07145],[-0.24789,54.06998]]},"properties":{"name":"Power lines","category":"minor_line","osm_type":"way","osm_id":"1365578023"}},{"type":"Feature","geometry":{"type":"LineString","coordinates":[[-0.25786,54.07007],[-0.25614,54.06896]]},"properties":{"name":"Power lines","category":"minor_line","osm_type":"way","osm_id":"1365578024"}},{"type":"Feature","geometry":{"type":"LineString","coordinates":[[-0.25592,54.09248],[-0.25603,54.09392]]},"properties":{"name":"Power lines","category":"minor_line","osm_type":"way","osm_id":"1365578025"}},{"type":"Feature","geometry":{"type":"LineString","coordinates":[[-0.25267,54.09292],[-0.25307,54.09523],[-0.25714,54.09808]]},"properties":{"name":"Power lines","category":"minor_line","osm_type":"way","osm_id":"1365578026"}},{"type":"Feature","geometry":{"type":"LineString","coordinates":[[-0.25554,54.09697],[-0.2543,54.09785],[-0.25158,54.098]]},"properties":{"name":"Power lines","category":"minor_line","osm_type":"way","osm_id":"1365578027"}},{"type":"Feature","geometry":{"type":"LineString","coordinates":[[-0.22601,54.07172],[-0.24211,54.06822]]},"properties":{"name":"Power lines","category":"minor_line","osm_type":"way","osm_id":"1365578028"}},{"type":"Feature","geometry":{"type":"LineString","coordinates":[[-0.23982,54.0687],[-0.24498,54.0703]]},"properties":{"name":"Power lines","category":"minor_line","osm_type":"way","osm_id":"1365578029"}},{"type":"Feature","geometry":{"type":"LineString","coordinates":[[-0.24304,54.06972],[-0.24506,54.06768]]},"properties":{"name":"Power lines","category":"minor_line","osm_type":"way","osm_id":"1365578030"}},{"type":"Feature","geometry":{"type":"LineString","coordinates":[[-0.21532,54.0757],[-0.21846,54.07389],[-0.22342,54.07193],[-0.242,54.06805]]},"properties":{"name":"Power lines","category":"minor_line","osm_type":"way","osm_id":"1365578031"}},{"type":"Feature","geometry":{"type":"LineString","coordinates":[[-0.2271,54.07141],[-0.22939,54.07442],[-0.23129,54.07487],[-0.23503,54.07718]]},"properties":{"name":"Power lines","category":"minor_line","osm_type":"way","osm_id":"1365578032"}},{"type":"Feature","geometry":{"type":"LineString","coordinates":[[-0.22032,54.08783],[-0.23004,54.08872]]},"properties":{"name":"Power lines","category":"minor_line","osm_type":"way","osm_id":"1365578033"}},{"type":"Feature","geometry":{"type":"LineString","coordinates":[[-0.22889,54.08862],[-0.23111,54.0867],[-0.23855,54.08362],[-0.24206,54.08241],[-0.24438,54.08233],[-0.25793,54.07847]]},"properties":{"name":"Power lines","category":"minor_line","osm_type":"way","osm_id":"1365578034"}},{"type":"Feature","geometry":{"type":"LineString","coordinates":[[-0.2392,54.09533],[-0.23817,54.09569],[-0.23053,54.0961],[-0.2225,54.09701],[-0.22005,54.09603],[-0.21788,54.09616]]},"properties":{"name":"Power lines","category":"minor_line","osm_type":"way","osm_id":"1365578035"}},{"type":"Feature","geometry":{"type":"LineString","coordinates":[[-0.23053,54.0961],[-0.23075,54.09359]]},"properties":{"name":"Power lines","category":"minor_line","osm_type":"way","osm_id":"1365578036"}},{"type":"Feature","geometry":{"type":"LineString","coordinates":[[-0.29727,54.11317],[-0.3021,54.11162],[-0.31338,54.11104],[-0.31417,54.10932]]},"properties":{"name":"Power lines","category":"minor_line","osm_type":"way","osm_id":"1365578037"}},{"type":"Feature","geometry":{"type":"LineString","coordinates":[[-0.31491,54.11042],[-0.31382,54.11015]]},"properties":{"name":"Power lines","category":"minor_line","osm_type":"way","osm_id":"1365578038"}},{"type":"Feature","geometry":{"type":"LineString","coordinates":[[-0.33474,54.12657],[-0.33037,54.12833],[-0.32259,54.12823]]},"properties":{"name":"Power lines","category":"minor_line","osm_type":"way","osm_id":"1365578039"}},{"type":"Feature","geometry":{"type":"LineString","coordinates":[[-0.33037,54.12833],[-0.3346,54.1319],[-0.33677,54.13211],[-0.33667,54.13299],[-0.33754,54.13348],[-0.34114,54.13526],[-0.34286,54.13491]]},"properties":{"name":"Power lines","category":"minor_line","osm_type":"way","osm_id":"1365578040"}},{"type":"Feature","geometry":{"type":"LineString","coordinates":[[-0.33778,54.13112],[-0.3391,54.13183],[-0.34183,54.13203]]},"properties":{"name":"Power lines","category":"minor_line","osm_type":"way","osm_id":"1365578041"}},{"type":"Feature","geometry":{"type":"LineString","coordinates":[[-0.30828,54.1111],[-0.3091,54.11637],[-0.31104,54.11898]]},"properties":{"name":"Power lines","category":"minor_line","osm_type":"way","osm_id":"1365578042"}},{"type":"Feature","geometry":{"type":"LineString","coordinates":[[-0.30455,54.1407],[-0.30516,54.14403],[-0.30768,54.14706]]},"properties":{"name":"Power lines","category":"minor_line","osm_type":"way","osm_id":"1365578043"}},{"type":"Feature","geometry":{"type":"LineString","coordinates":[[-0.29651,54.12318],[-0.29534,54.12574],[-0.29645,54.12883]]},"properties":{"name":"Power lines","category":"minor_line","osm_type":"way","osm_id":"1365578044"}},{"type":"Feature","geometry":{"type":"LineString","coordinates":[[-0.2961,54.12792],[-0.29891,54.12768]]},"properties":{"name":"Power lines","category":"minor_line","osm_type":"way","osm_id":"1365578045"}},{"type":"Feature","geometry":{"type":"LineString","coordinates":[[-0.21715,54.10231],[-0.2132,54.10256]]},"properties":{"name":"Power lines","category":"minor_line","osm_type":"way","osm_id":"1365578046"}},{"type":"Feature","geometry":{"type":"LineString","coordinates":[[-0.28243,54.14729],[-0.28145,54.14786],[-0.27434,54.16023],[-0.27461,54.16165]]},"properties":{"name":"Power lines","category":"minor_line","osm_type":"way","osm_id":"1365578047"}},{"type":"Feature","geometry":{"type":"LineString","coordinates":[[-0.28046,54.14955],[-0.27603,54.14901]]},"properties":{"name":"Power lines","category":"minor_line","osm_type":"way","osm_id":"1365578048"}},{"type":"Feature","geometry":{"type":"LineString","coordinates":[[-0.2786,54.15275],[-0.28256,54.15357]]},"properties":{"name":"Power lines","category":"minor_line","osm_type":"way","osm_id":"1365578049"}},{"type":"Feature","geometry":{"type":"LineString","coordinates":[[-0.27517,54.15873],[-0.27234,54.15703],[-0.26595,54.15558],[-0.25357,54.15938]]},"properties":{"name":"Power lines","category":"minor_line","osm_type":"way","osm_id":"1365578050"}},{"type":"Feature","geometry":{"type":"LineString","coordinates":[[-0.26022,54.15734],[-0.25654,54.15501]]},"properties":{"name":"Power lines","category":"minor_line","osm_type":"way","osm_id":"1365578051"}},{"type":"Feature","geometry":{"type":"LineString","coordinates":[[-0.26716,54.16146],[-0.2551,54.15995],[-0.24356,54.15546],[-0.24295,54.15355],[-0.24198,54.15321],[-0.23906,54.15424]]},"properties":{"name":"Power lines","category":"minor_line","osm_type":"way","osm_id":"1365578052"}},{"type":"Feature","geometry":{"type":"LineString","coordinates":[[-0.2512,54.15846],[-0.25024,54.16374]]},"properties":{"name":"Power lines","category":"minor_line","osm_type":"way","osm_id":"1365578053"}},{"type":"Feature","geometry":{"type":"LineString","coordinates":[[-0.24345,54.1545],[-0.24784,54.15369]]},"properties":{"name":"Power lines","category":"minor_line","osm_type":"way","osm_id":"1365578054"}},{"type":"Feature","geometry":{"type":"LineString","coordinates":[[-0.24005,54.15389],[-0.24085,54.15426]]},"properties":{"name":"Power lines","category":"minor_line","osm_type":"way","osm_id":"1365578055"}},{"type":"Feature","geometry":{"type":"LineString","coordinates":[[-0.25835,54.16845],[-0.25848,54.16598],[-0.25998,54.16405],[-0.26954,54.16064]]},"properties":{"name":"Power lines","category":"minor_line","osm_type":"way","osm_id":"1365578056"}},{"type":"Feature","geometry":{"type":"LineString","coordinates":[[-0.26811,54.16114],[-0.2706,54.16222]]},"properties":{"name":"Power lines","category":"minor_line","osm_type":"way","osm_id":"1365578057"}},{"type":"Feature","geometry":{"type":"LineString","coordinates":[[-0.23151,54.14874],[-0.21926,54.14476],[-0.19313,54.13431],[-0.18574,54.13178],[-0.17413,54.1265]]},"properties":{"name":"Power lines","category":"minor_line","osm_type":"way","osm_id":"1365578058"}},{"type":"Feature","geometry":{"type":"LineString","coordinates":[[-0.20947,54.14084],[-0.20797,54.14625],[-0.21073,54.14646]]},"properties":{"name":"Power lines","category":"minor_line","osm_type":"way","osm_id":"1365578059"}},{"type":"Feature","geometry":{"type":"LineString","coordinates":[[-0.18833,54.13265],[-0.18658,54.13383]]},"properties":{"name":"Power lines","category":"minor_line","osm_type":"way","osm_id":"1365578060"}},{"type":"Feature","geometry":{"type":"LineString","coordinates":[[-0.18574,54.13178],[-0.18631,54.13048]]},"properties":{"name":"Power lines","category":"minor_line","osm_type":"way","osm_id":"1365578061"}},{"type":"Feature","geometry":{"type":"LineString","coordinates":[[-0.17643,54.12758],[-0.18965,54.11503],[-0.18976,54.11377],[-0.18703,54.10717]]},"properties":{"name":"Power lines","category":"minor_line","osm_type":"way","osm_id":"1365578062"}},{"type":"Feature","geometry":{"type":"LineString","coordinates":[[-0.24005,54.12745],[-0.23355,54.13009],[-0.23386,54.13084],[-0.23082,54.13328],[-0.23039,54.13485],[-0.23217,54.1388]]},"properties":{"name":"Power lines","category":"minor_line","osm_type":"way","osm_id":"1365578063"}},{"type":"Feature","geometry":{"type":"LineString","coordinates":[[-0.23039,54.13485],[-0.22904,54.13496]]},"properties":{"name":"Power lines","category":"minor_line","osm_type":"way","osm_id":"1365578064"}},{"type":"Feature","geometry":{"type":"LineString","coordinates":[[-0.23707,54.13807],[-0.22647,54.14015],[-0.22147,54.14211],[-0.21926,54.14476]]},"properties":{"name":"Power lines","category":"minor_line","osm_type":"way","osm_id":"1365578065"}},{"type":"Feature","geometry":{"type":"LineString","coordinates":[[-0.21422,54.11755],[-0.1913,54.11599],[-0.18913,54.11552]]},"properties":{"name":"Power lines","category":"minor_line","osm_type":"way","osm_id":"1365578066"}},{"type":"Feature","geometry":{"type":"LineString","coordinates":[[-0.21062,54.11732],[-0.20871,54.11139]]},"properties":{"name":"Power lines","category":"minor_line","osm_type":"way","osm_id":"1365578067"}},{"type":"Feature","geometry":{"type":"LineString","coordinates":[[-0.20561,54.11697],[-0.2052,54.11632]]},"properties":{"name":"Power lines","category":"minor_line","osm_type":"way","osm_id":"1365578068"}},{"type":"Feature","geometry":{"type":"LineString","coordinates":[[-0.19841,54.11648],[-0.19879,54.11925]]},"properties":{"name":"Power lines","category":"minor_line","osm_type":"way","osm_id":"1365578069"}},{"type":"Feature","geometry":{"type":"LineString","coordinates":[[-0.19506,54.12752],[-0.1929,54.13184],[-0.19156,54.13222],[-0.19073,54.13349]]},"properties":{"name":"Power lines","category":"minor_line","osm_type":"way","osm_id":"1365578070"}},{"type":"Feature","geometry":{"type":"LineString","coordinates":[[-0.19193,54.13389],[-0.19026,54.1366]]},"properties":{"name":"Power lines","category":"minor_line","osm_type":"way","osm_id":"1365578071"}},{"type":"Feature","geometry":{"type":"LineString","coordinates":[[-0.17016,54.1321],[-0.16896,54.13431],[-0.17504,54.13723],[-0.17941,54.13996],[-0.17955,54.14364],[-0.17653,54.15007]]},"properties":{"name":"Power lines","category":"minor_line","osm_type":"way","osm_id":"1365578072"}},{"type":"Feature","geometry":{"type":"LineString","coordinates":[[-0.17754,54.14845],[-0.17209,54.14773],[-0.16988,54.14652]]},"properties":{"name":"Power lines","category":"minor_line","osm_type":"way","osm_id":"1365578073"}},{"type":"Feature","geometry":{"type":"LineString","coordinates":[[-0.17664,54.13825],[-0.17485,54.13802]]},"properties":{"name":"Power lines","category":"minor_line","osm_type":"way","osm_id":"1365578074"}},{"type":"Feature","geometry":{"type":"LineString","coordinates":[[-0.17326,54.13087],[-0.17213,54.13144],[-0.17162,54.13228]]},"properties":{"name":"Power lines","category":"minor_line","osm_type":"way","osm_id":"1365578075"}},{"type":"Feature","geometry":{"type":"LineString","coordinates":[[-0.17491,54.13213],[-0.17311,54.13239],[-0.16883,54.1321],[-0.16199,54.13314],[-0.14686,54.13013],[-0.14508,54.12907],[-0.12672,54.12843]]},"properties":{"name":"Power lines","category":"minor_line","osm_type":"way","osm_id":"1365578076"}},{"type":"Feature","geometry":{"type":"LineString","coordinates":[[-0.15093,54.13094],[-0.14992,54.13627],[-0.15551,54.13917]]},"properties":{"name":"Power lines","category":"minor_line","osm_type":"way","osm_id":"1365578077"}},{"type":"Feature","geometry":{"type":"LineString","coordinates":[[-0.1373,54.12884],[-0.13787,54.13094]]},"properties":{"name":"Power lines","category":"minor_line","osm_type":"way","osm_id":"1365578078"}},{"type":"Feature","geometry":{"type":"LineString","coordinates":[[-0.18518,54.11929],[-0.18083,54.1168],[-0.17761,54.11586]]},"properties":{"name":"Power lines","category":"minor_line","osm_type":"way","osm_id":"1365578079"}},{"type":"Feature","geometry":{"type":"LineString","coordinates":[[-0.15055,54.11642],[-0.15016,54.12154]]},"properties":{"name":"Power lines","category":"minor_line","osm_type":"way","osm_id":"1365578080"}},{"type":"Feature","geometry":{"type":"LineString","coordinates":[[-0.16723,54.11083],[-0.16506,54.11557],[-0.15998,54.1161],[-0.14771,54.1165],[-0.1435,54.11591],[-0.13556,54.1162],[-0.13198,54.11845],[-0.13083,54.11969],[-0.13188,54.12092]]},"properties":{"name":"Power lines","category":"minor_line","osm_type":"way","osm_id":"1365578081"}},{"type":"Feature","geometry":{"type":"LineString","coordinates":[[-0.13807,54.11611],[-0.13695,54.11258],[-0.1416,54.1084]]},"properties":{"name":"Power lines","category":"minor_line","osm_type":"way","osm_id":"1365578082"}},{"type":"Feature","geometry":{"type":"LineString","coordinates":[[-0.13141,54.11907],[-0.13117,54.11852]]},"properties":{"name":"Power lines","category":"minor_line","osm_type":"way","osm_id":"1365578083"}},{"type":"Feature","geometry":{"type":"LineString","coordinates":[[-0.08872,54.11383],[-0.08965,54.11675],[-0.09242,54.11841],[-0.10033,54.1187]]},"properties":{"name":"Power lines","category":"minor_line","osm_type":"way","osm_id":"1365578084"}},{"type":"Feature","geometry":{"type":"LineString","coordinates":[[-0.11292,54.11518],[-0.10842,54.11486],[-0.10378,54.11511],[-0.10027,54.117],[-0.10033,54.11881]]},"properties":{"name":"Power lines","category":"minor_line","osm_type":"way","osm_id":"1365578085"}},{"type":"Feature","geometry":{"type":"LineString","coordinates":[[-0.12587,54.1097],[-0.12245,54.1075],[-0.1112,54.10869],[-0.11079,54.1092],[-0.1125,54.11512]]},"properties":{"name":"Power lines","category":"minor_line","osm_type":"way","osm_id":"1365578086"}},{"type":"Feature","geometry":{"type":"LineString","coordinates":[[-0.12877,54.11315],[-0.12767,54.10936],[-0.12623,54.10955],[-0.12319,54.11082]]},"properties":{"name":"Power lines","category":"minor_line","osm_type":"way","osm_id":"1365578087"}},{"type":"Feature","geometry":{"type":"LineString","coordinates":[[-0.12174,54.12055],[-0.11709,54.12317]]},"properties":{"name":"Power lines","category":"minor_line","osm_type":"way","osm_id":"1365578088"}},{"type":"Feature","geometry":{"type":"LineString","coordinates":[[-0.11531,54.1308],[-0.11377,54.1289],[-0.11343,54.12658],[-0.10245,54.12278],[-0.09328,54.122]]},"properties":{"name":"Power lines","category":"minor_line","osm_type":"way","osm_id":"1365578089"}},{"type":"Feature","geometry":{"type":"LineString","coordinates":[[-0.1121,54.12613],[-0.10962,54.12661]]},"properties":{"name":"Power lines","category":"minor_line","osm_type":"way","osm_id":"1365578090"}},{"type":"Feature","geometry":{"type":"LineString","coordinates":[[-0.10951,54.12521],[-0.10768,54.12624]]},"properties":{"name":"Power lines","category":"minor_line","osm_type":"way","osm_id":"1365578091"}},{"type":"Feature","geometry":{"type":"LineString","coordinates":[[-0.09398,54.11846],[-0.09325,54.12214]]},"properties":{"name":"Power lines","category":"minor_line","osm_type":"way","osm_id":"1365578092"}},{"type":"Feature","geometry":{"type":"LineString","coordinates":[[-0.11728,54.1281],[-0.11269,54.12845],[-0.11122,54.13108]]},"properties":{"name":"Power lines","category":"minor_line","osm_type":"way","osm_id":"1365578093"}},{"type":"Feature","geometry":{"type":"LineString","coordinates":[[-0.32443,54.08589],[-0.32455,54.08654],[-0.32276,54.089],[-0.31761,54.09249],[-0.31728,54.09474]]},"properties":{"name":"Power lines","category":"minor_line","osm_type":"way","osm_id":"1365697128"}},{"type":"Feature","geometry":{"type":"LineString","coordinates":[[-0.32211,54.08942],[-0.32422,54.09043]]},"properties":{"name":"Power lines","category":"minor_line","osm_type":"way","osm_id":"1365697129"}},{"type":"Feature","geometry":{"type":"LineString","coordinates":[[-0.33179,54.08711],[-0.32764,54.08945]]},"properties":{"name":"Power lines","category":"minor_line","osm_type":"way","osm_id":"1365697130"}},{"type":"Feature","geometry":{"type":"LineString","coordinates":[[-0.32875,54.08887],[-0.32324,54.08833]]},"properties":{"name":"Power lines","category":"minor_line","osm_type":"way","osm_id":"1365697131"}},{"type":"Feature","geometry":{"type":"LineString","coordinates":[[-0.32973,54.09317],[-0.32958,54.0962]]},"properties":{"name":"Power lines","category":"minor_line","osm_type":"way","osm_id":"1365697132"}},{"type":"Feature","geometry":{"type":"LineString","coordinates":[[-0.35876,54.08295],[-0.35985,54.08187],[-0.36029,54.07387],[-0.36417,54.06867],[-0.3663,54.06479],[-0.36293,54.06172]]},"properties":{"name":"Power lines","category":"minor_line","osm_type":"way","osm_id":"1365697133"}},{"type":"Feature","geometry":{"type":"LineString","coordinates":[[-0.3599,54.08126],[-0.36583,54.08282],[-0.368,54.08692],[-0.36733,54.08942],[-0.36843,54.0907]]},"properties":{"name":"Power lines","category":"minor_line","osm_type":"way","osm_id":"1365697134"}},{"type":"Feature","geometry":{"type":"LineString","coordinates":[[-0.36054,54.07353],[-0.35268,54.07775],[-0.35211,54.07936]]},"properties":{"name":"Power lines","category":"minor_line","osm_type":"way","osm_id":"1365697135"}},{"type":"Feature","geometry":{"type":"LineString","coordinates":[[-0.3526,54.07798],[-0.34492,54.07327]]},"properties":{"name":"Power lines","category":"minor_line","osm_type":"way","osm_id":"1365697136"}},{"type":"Feature","geometry":{"type":"LineString","coordinates":[[-0.34703,54.07445],[-0.3452,54.07468],[-0.33904,54.07656],[-0.33598,54.07448],[-0.33457,54.07286]]},"properties":{"name":"Power lines","category":"minor_line","osm_type":"way","osm_id":"1365697137"}},{"type":"Feature","geometry":{"type":"LineString","coordinates":[[-0.36367,54.06933],[-0.35972,54.06891]]},"properties":{"name":"Power lines","category":"minor_line","osm_type":"way","osm_id":"1365697138"}},{"type":"Feature","geometry":{"type":"LineString","coordinates":[[-0.35964,54.06915],[-0.36036,54.06689]]},"properties":{"name":"Power lines","category":"minor_line","osm_type":"way","osm_id":"1365697139"}},{"type":"Feature","geometry":{"type":"LineString","coordinates":[[-0.35971,54.11966],[-0.35743,54.11415],[-0.3592,54.10826],[-0.36072,54.09882]]},"properties":{"name":"Power lines","category":"minor_line","osm_type":"way","osm_id":"1365697140"}},{"type":"Feature","geometry":{"type":"LineString","coordinates":[[-0.3458,54.13125],[-0.34936,54.13271],[-0.34825,54.13449]]},"properties":{"name":"Power lines","category":"minor_line","osm_type":"way","osm_id":"1365697141"}},{"type":"Feature","geometry":{"type":"LineString","coordinates":[[-0.346,54.13534],[-0.34788,54.1345],[-0.3512,54.1344]]},"properties":{"name":"Power lines","category":"minor_line","osm_type":"way","osm_id":"1365697142"}},{"type":"Feature","geometry":{"type":"LineString","coordinates":[[-0.34591,54.13465],[-0.34668,54.14005]]},"properties":{"name":"Power lines","category":"minor_line","osm_type":"way","osm_id":"1365697143"}},{"type":"Feature","geometry":{"type":"LineString","coordinates":[[-0.35814,54.1121],[-0.36005,54.11194]]},"properties":{"name":"Power lines","category":"minor_line","osm_type":"way","osm_id":"1365697144"}},{"type":"Feature","geometry":{"type":"LineString","coordinates":[[-0.41226,54.09395],[-0.39751,54.0914],[-0.38572,54.09759]]},"properties":{"name":"Power lines","category":"minor_line","osm_type":"way","osm_id":"1365697145"}},{"type":"Feature","geometry":{"type":"LineString","coordinates":[[-0.41865,54.08056],[-0.41794,54.0839],[-0.41437,54.08548],[-0.41226,54.09395],[-0.41014,54.09906],[-0.41196,54.10455]]},"properties":{"name":"Power lines","category":"minor_line","osm_type":"way","osm_id":"1365697146"}},{"type":"Feature","geometry":{"type":"LineString","coordinates":[[-0.41173,54.10391],[-0.41116,54.10474],[-0.41192,54.10966]]},"properties":{"name":"Power lines","category":"minor_line","osm_type":"way","osm_id":"1365697147"}},{"type":"Feature","geometry":{"type":"LineString","coordinates":[[-0.46275,54.10379],[-0.45173,54.10587],[-0.44076,54.1037],[-0.43995,54.10494]]},"properties":{"name":"Power lines","category":"minor_line","osm_type":"way","osm_id":"1365697148"}},{"type":"Feature","geometry":{"type":"LineString","coordinates":[[-0.44648,54.08522],[-0.44202,54.09151],[-0.44262,54.09323]]},"properties":{"name":"Power lines","category":"minor_line","osm_type":"way","osm_id":"1365697149"}},{"type":"Feature","geometry":{"type":"LineString","coordinates":[[-0.38589,54.06485],[-0.39415,54.06666],[-0.40499,54.07198],[-0.41206,54.07937],[-0.43648,54.08375],[-0.43717,54.08426],[-0.45148,54.08574]]},"properties":{"name":"Power lines","category":"minor_line","osm_type":"way","osm_id":"1365697150"}},{"type":"Feature","geometry":{"type":"LineString","coordinates":[[-0.40636,54.07345],[-0.40908,54.07266]]},"properties":{"name":"Power lines","category":"minor_line","osm_type":"way","osm_id":"1365697151"}},{"type":"Feature","geometry":{"type":"LineString","coordinates":[[-0.40272,54.0709],[-0.40346,54.07039]]},"properties":{"name":"Power lines","category":"minor_line","osm_type":"way","osm_id":"1365697152"}},{"type":"Feature","geometry":{"type":"LineString","coordinates":[[-0.39556,54.06736],[-0.39774,54.06617],[-0.39546,54.06575]]},"properties":{"name":"Power lines","category":"minor_line","osm_type":"way","osm_id":"1365697153"}},{"type":"Feature","geometry":{"type":"LineString","coordinates":[[-0.38696,54.06436],[-0.38519,54.06517]]},"properties":{"name":"Power lines","category":"minor_line","osm_type":"way","osm_id":"1365697154"}},{"type":"Feature","geometry":{"type":"LineString","coordinates":[[-0.42621,54.0819],[-0.42782,54.07579],[-0.43263,54.07707]]},"properties":{"name":"Power lines","category":"minor_line","osm_type":"way","osm_id":"1365697155"}},{"type":"Feature","geometry":{"type":"LineString","coordinates":[[-0.38175,54.06841],[-0.37816,54.06624],[-0.37947,54.06134]]},"properties":{"name":"Power lines","category":"minor_line","osm_type":"way","osm_id":"1365697156"}},{"type":"Feature","geometry":{"type":"LineString","coordinates":[[-0.3787,54.06325],[-0.38043,54.06416]]},"properties":{"name":"Power lines","category":"minor_line","osm_type":"way","osm_id":"1365697157"}},{"type":"Feature","geometry":{"type":"LineString","coordinates":[[-0.37344,54.06642],[-0.37886,54.06654]]},"properties":{"name":"Power lines","category":"minor_line","osm_type":"way","osm_id":"1365697158"}},{"type":"Feature","geometry":{"type":"LineString","coordinates":[[-0.36972,54.06341],[-0.36955,54.06285]]},"properties":{"name":"Power lines","category":"minor_line","osm_type":"way","osm_id":"1365697159"}},{"type":"Feature","geometry":{"type":"LineString","coordinates":[[-0.37731,54.06128],[-0.37849,54.05271],[-0.37046,54.04389],[-0.36977,54.03904],[-0.37115,54.03888]]},"properties":{"name":"Power lines","category":"minor_line","osm_type":"way","osm_id":"1365697160"}},{"type":"Feature","geometry":{"type":"LineString","coordinates":[[-0.36496,54.06535],[-0.37486,54.06122],[-0.39202,54.06244],[-0.39519,54.0632],[-0.39638,54.06583]]},"properties":{"name":"Power lines","category":"minor_line","osm_type":"way","osm_id":"1365697161"}},{"type":"Feature","geometry":{"type":"LineString","coordinates":[[-0.37836,54.04559],[-0.37563,54.04275]]},"properties":{"name":"Power lines","category":"minor_line","osm_type":"way","osm_id":"1365697162"}},{"type":"Feature","geometry":{"type":"LineString","coordinates":[[-0.37729,54.04445],[-0.37846,54.04311]]},"properties":{"name":"Power lines","category":"minor_line","osm_type":"way","osm_id":"1365697163"}},{"type":"Feature","geometry":{"type":"LineString","coordinates":[[-0.37601,54.04239],[-0.37355,54.04484],[-0.37177,54.04533]]},"properties":{"name":"Power lines","category":"minor_line","osm_type":"way","osm_id":"1365697164"}},{"type":"Feature","geometry":{"type":"LineString","coordinates":[[-0.3914,54.02356],[-0.39001,54.02358],[-0.38749,54.02176],[-0.38625,54.02138],[-0.38249,54.02127],[-0.38133,54.02022],[-0.38191,54.01885]]},"properties":{"name":"Power lines","category":"minor_line","osm_type":"way","osm_id":"1365697165"}},{"type":"Feature","geometry":{"type":"LineString","coordinates":[[-0.38308,54.01854],[-0.3709,54.02186]]},"properties":{"name":"Power lines","category":"minor_line","osm_type":"way","osm_id":"1365697166"}},{"type":"Feature","geometry":{"type":"LineString","coordinates":[[-0.38202,54.01171],[-0.37676,54.00839]]},"properties":{"name":"Power lines","category":"minor_line","osm_type":"way","osm_id":"1365697167"}},{"type":"Feature","geometry":{"type":"LineString","coordinates":[[-0.37577,53.99287],[-0.37643,53.99648],[-0.38129,54.00056],[-0.38409,54.00651],[-0.38743,54.00729],[-0.39068,54.00965]]},"properties":{"name":"Power lines","category":"minor_line","osm_type":"way","osm_id":"1365697168"}},{"type":"Feature","geometry":{"type":"LineString","coordinates":[[-0.41568,54.00032],[-0.40939,54.01251],[-0.39914,54.01489],[-0.39123,54.01767]]},"properties":{"name":"Power lines","category":"minor_line","osm_type":"way","osm_id":"1365697172"}},{"type":"Feature","geometry":{"type":"LineString","coordinates":[[-0.40435,54.01362],[-0.4059,54.01648],[-0.40501,54.01864],[-0.40681,54.02381]]},"properties":{"name":"Power lines","category":"minor_line","osm_type":"way","osm_id":"1365697173"}},{"type":"Feature","geometry":{"type":"LineString","coordinates":[[-0.40629,54.0222],[-0.41047,54.02269]]},"properties":{"name":"Power lines","category":"minor_line","osm_type":"way","osm_id":"1365697174"}},{"type":"Feature","geometry":{"type":"LineString","coordinates":[[-0.39829,54.0152],[-0.39711,54.01333]]},"properties":{"name":"Power lines","category":"minor_line","osm_type":"way","osm_id":"1365697175"}},{"type":"Feature","geometry":{"type":"LineString","coordinates":[[-0.44529,54.05604],[-0.44599,54.05633],[-0.44644,54.05834],[-0.454,54.06277],[-0.45384,54.06434],[-0.45207,54.06473],[-0.45154,54.06441],[-0.42933,54.06512]]},"properties":{"name":"Power lines","category":"minor_line","osm_type":"way","osm_id":"1365697176"}},{"type":"Feature","geometry":{"type":"LineString","coordinates":[[-0.4529,54.06303],[-0.45643,54.06219],[-0.46078,54.06203]]},"properties":{"name":"Power lines","category":"minor_line","osm_type":"way","osm_id":"1365697177"}},{"type":"Feature","geometry":{"type":"LineString","coordinates":[[-0.45207,54.06473],[-0.45092,54.06757]]},"properties":{"name":"Power lines","category":"minor_line","osm_type":"way","osm_id":"1365697178"}},{"type":"Feature","geometry":{"type":"LineString","coordinates":[[-0.41077,54.05535],[-0.40313,54.0524],[-0.39918,54.05134]]},"properties":{"name":"Power lines","category":"minor_line","osm_type":"way","osm_id":"1365697179"}},{"type":"Feature","geometry":{"type":"LineString","coordinates":[[-0.45196,54.03379],[-0.45007,54.03468],[-0.4493,54.03407],[-0.4347,54.03734],[-0.43275,54.03816],[-0.42405,54.03997],[-0.4225,54.03994],[-0.41517,54.04168],[-0.39909,54.0514]]},"properties":{"name":"Power lines","category":"minor_line","osm_type":"way","osm_id":"1365697180"}},{"type":"Feature","geometry":{"type":"LineString","coordinates":[[-0.39727,54.05249],[-0.39439,54.05599],[-0.39298,54.06041]]},"properties":{"name":"Power lines","category":"minor_line","osm_type":"way","osm_id":"1365697182"}},{"type":"Feature","geometry":{"type":"LineString","coordinates":[[-0.39872,54.04609],[-0.4037,54.04785],[-0.40489,54.0479]]},"properties":{"name":"Power lines","category":"minor_line","osm_type":"way","osm_id":"1365697183"}},{"type":"Feature","geometry":{"type":"LineString","coordinates":[[-0.41078,54.04434],[-0.39972,54.042],[-0.39951,54.03957],[-0.40166,54.03937]]},"properties":{"name":"Power lines","category":"minor_line","osm_type":"way","osm_id":"1365697184"}},{"type":"Feature","geometry":{"type":"LineString","coordinates":[[-0.41774,54.04573],[-0.41517,54.04168]]},"properties":{"name":"Power lines","category":"minor_line","osm_type":"way","osm_id":"1365697185"}},{"type":"Feature","geometry":{"type":"LineString","coordinates":[[-0.44357,54.04347],[-0.43864,54.04453]]},"properties":{"name":"Power lines","category":"minor_line","osm_type":"way","osm_id":"1365697186"}},{"type":"Feature","geometry":{"type":"LineString","coordinates":[[-0.4347,54.03734],[-0.43871,54.04465]]},"properties":{"name":"Power lines","category":"minor_line","osm_type":"way","osm_id":"1365697187"}},{"type":"Feature","geometry":{"type":"LineString","coordinates":[[-0.4368,54.04121],[-0.43369,54.04205]]},"properties":{"name":"Power lines","category":"minor_line","osm_type":"way","osm_id":"1365697188"}},{"type":"Feature","geometry":{"type":"LineString","coordinates":[[-0.44429,54.0213],[-0.42298,54.0179],[-0.42061,54.01671],[-0.41752,54.013],[-0.41643,54.01016]]},"properties":{"name":"Power lines","category":"minor_line","osm_type":"way","osm_id":"1365697189","operator":"Northern Powergrid"}},{"type":"Feature","geometry":{"type":"LineString","coordinates":[[-0.43824,54.02034],[-0.4407,54.0196]]},"properties":{"name":"Power lines","category":"minor_line","osm_type":"way","osm_id":"1365697190"}},{"type":"Feature","geometry":{"type":"LineString","coordinates":[[-0.42409,54.01808],[-0.42329,54.01929]]},"properties":{"name":"Power lines","category":"minor_line","osm_type":"way","osm_id":"1365697191"}},{"type":"Feature","geometry":{"type":"LineString","coordinates":[[-0.41929,54.01249],[-0.41392,54.0141]]},"properties":{"name":"Power lines","category":"minor_line","osm_type":"way","osm_id":"1365697195"}},{"type":"Feature","geometry":{"type":"LineString","coordinates":[[-0.4163,54.00499],[-0.4227,54.00491]]},"properties":{"name":"Power lines","category":"minor_line","osm_type":"way","osm_id":"1365697196","operator":"Northern Powergrid"}},{"type":"Feature","geometry":{"type":"LineString","coordinates":[[-0.57152,54.11106],[-0.57191,54.11033],[-0.57765,54.1094]]},"properties":{"name":"Power lines","category":"minor_line","osm_type":"way","osm_id":"1365737077"}},{"type":"Feature","geometry":{"type":"LineString","coordinates":[[-0.52629,54.10851],[-0.53864,54.12299]]},"properties":{"name":"Power lines","category":"minor_line","osm_type":"way","osm_id":"1365737078"}},{"type":"Feature","geometry":{"type":"LineString","coordinates":[[-0.53301,54.11619],[-0.52477,54.11639]]},"properties":{"name":"Power lines","category":"minor_line","osm_type":"way","osm_id":"1365737079"}},{"type":"Feature","geometry":{"type":"LineString","coordinates":[[-0.47008,54.10872],[-0.48024,54.10673]]},"properties":{"name":"Power lines","category":"minor_line","osm_type":"way","osm_id":"1365737080"}},{"type":"Feature","geometry":{"type":"LineString","coordinates":[[-0.53817,54.09244],[-0.53613,54.09066],[-0.53182,54.08804]]},"properties":{"name":"Power lines","category":"minor_line","osm_type":"way","osm_id":"1365737082"}},{"type":"Feature","geometry":{"type":"LineString","coordinates":[[-0.53273,54.08371],[-0.53399,54.08518],[-0.534,54.08726],[-0.52794,54.08943],[-0.52494,54.09146]]},"properties":{"name":"Power lines","category":"minor_line","osm_type":"way","osm_id":"1365737083"}},{"type":"Feature","geometry":{"type":"LineString","coordinates":[[-0.50208,54.08842],[-0.50097,54.08817],[-0.4887,54.09019]]},"properties":{"name":"Power lines","category":"minor_line","osm_type":"way","osm_id":"1365737084"}},{"type":"Feature","geometry":{"type":"LineString","coordinates":[[-0.50387,54.01841],[-0.50524,54.01188]]},"properties":{"name":"Power lines","category":"minor_line","osm_type":"way","osm_id":"1365737089"}},{"type":"Feature","geometry":{"type":"LineString","coordinates":[[-0.47425,54.02324],[-0.4726,54.02487],[-0.46639,54.02478],[-0.45027,54.02933]]},"properties":{"name":"Power lines","category":"minor_line","osm_type":"way","osm_id":"1365737090"}},{"type":"Feature","geometry":{"type":"LineString","coordinates":[[-0.5284,54.0506],[-0.52392,54.05002]]},"properties":{"name":"Power lines","category":"minor_line","osm_type":"way","osm_id":"1365737091"}},{"type":"Feature","geometry":{"type":"LineString","coordinates":[[-0.52421,54.04097],[-0.52783,54.03742],[-0.54322,54.03639],[-0.5472,54.03419],[-0.55772,54.03114],[-0.56263,54.02905],[-0.57077,54.02722],[-0.58735,54.03085],[-0.59157,54.03588]]},"properties":{"name":"Power lines","category":"minor_line","osm_type":"way","osm_id":"1365737092"}},{"type":"Feature","geometry":{"type":"LineString","coordinates":[[-0.52954,54.0373],[-0.52583,54.03533]]},"properties":{"name":"Power lines","category":"minor_line","osm_type":"way","osm_id":"1365737093"}},{"type":"Feature","geometry":{"type":"LineString","coordinates":[[-0.59042,54.03477],[-0.58952,54.0363],[-0.58293,54.03879],[-0.58315,54.04137],[-0.58142,54.04521]]},"properties":{"name":"Power lines","category":"minor_line","osm_type":"way","osm_id":"1365737094"}},{"type":"Feature","geometry":{"type":"LineString","coordinates":[[-0.77749,54.04548],[-0.76634,54.04932]]},"properties":{"name":"Power lines","category":"minor_line","osm_type":"way","osm_id":"1365737095"}},{"type":"Feature","geometry":{"type":"LineString","coordinates":[[-0.76576,54.05586],[-0.76141,54.05388],[-0.7579,54.05352],[-0.75685,54.0538],[-0.74105,54.05241],[-0.73566,54.05481],[-0.73255,54.05803],[-0.73347,54.05953],[-0.73076,54.06572],[-0.7313,54.06954],[-0.7318,54.07174],[-0.73343,54.07347],[-0.73559,54.07877],[-0.73981,54.07988],[-0.74431,54.08001],[-0.74745,54.081],[-0.74916,54.08114],[-0.74955,54.08079],[-0.75116,54.08072]]},"properties":{"name":"Power lines","category":"minor_line","osm_type":"way","osm_id":"1365737096"}},{"type":"Feature","geometry":{"type":"LineString","coordinates":[[-0.73141,54.07029],[-0.71729,54.07176]]},"properties":{"name":"Power lines","category":"minor_line","osm_type":"way","osm_id":"1365737097"}},{"type":"Feature","geometry":{"type":"LineString","coordinates":[[-0.70871,54.06042],[-0.70888,54.06138],[-0.69774,54.06502],[-0.69603,54.06474],[-0.69014,54.06564],[-0.68833,54.06832],[-0.685,54.07004],[-0.68563,54.07301],[-0.68702,54.07452],[-0.69286,54.07792],[-0.6936,54.07989],[-0.69268,54.0816],[-0.68799,54.08545],[-0.68645,54.08603]]},"properties":{"name":"Power lines","category":"minor_line","osm_type":"way","osm_id":"1365737098"}},{"type":"Feature","geometry":{"type":"LineString","coordinates":[[-0.66942,54.05009],[-0.67087,54.05179],[-0.67183,54.05643],[-0.67265,54.05745],[-0.67682,54.06963],[-0.67368,54.07185],[-0.67006,54.07138],[-0.6635,54.07238],[-0.66241,54.07224]]},"properties":{"name":"Power lines","category":"minor_line","osm_type":"way","osm_id":"1365737099"}},{"type":"Feature","geometry":{"type":"LineString","coordinates":[[-0.69251,54.04189],[-0.69466,54.04444],[-0.69284,54.04586],[-0.68752,54.04753],[-0.68109,54.05052],[-0.67757,54.05043],[-0.67271,54.04957],[-0.66765,54.05055],[-0.66301,54.0524],[-0.65894,54.0574]]},"properties":{"name":"Power lines","category":"minor_line","osm_type":"way","osm_id":"1365737100"}},{"type":"Feature","geometry":{"type":"LineString","coordinates":[[-0.82103,54.00963],[-0.81571,54.00606],[-0.81265,53.99907],[-0.81184,53.99863],[-0.80778,53.998],[-0.80363,53.99832],[-0.80274,53.99934]]},"properties":{"name":"Power lines","category":"minor_line","osm_type":"way","osm_id":"1365737135"}},{"type":"Feature","geometry":{"type":"LineString","coordinates":[[-0.81455,54.02839],[-0.81464,54.02977]]},"properties":{"name":"Power lines","category":"minor_line","osm_type":"way","osm_id":"1365737141"}},{"type":"Feature","geometry":{"type":"LineString","coordinates":[[-0.8262,54.02951],[-0.82124,54.02932],[-0.8042,54.03037],[-0.79925,54.03205],[-0.79922,54.0355],[-0.80004,54.03823],[-0.8032,54.03942]]},"properties":{"name":"Power lines","category":"minor_line","osm_type":"way","osm_id":"1365737142"}},{"type":"Feature","geometry":{"type":"LineString","coordinates":[[-0.82252,54.04081],[-0.82014,54.044]]},"properties":{"name":"Power lines","category":"minor_line","osm_type":"way","osm_id":"1365737143"}},{"type":"Feature","geometry":{"type":"LineString","coordinates":[[-0.81062,54.04571],[-0.8073,54.04598],[-0.80335,54.04696]]},"properties":{"name":"Power lines","category":"minor_line","osm_type":"way","osm_id":"1365737144"}},{"type":"Feature","geometry":{"type":"LineString","coordinates":[[-0.80045,54.05606],[-0.80062,54.05474],[-0.80305,54.05319],[-0.80436,54.05172],[-0.80368,54.04768],[-0.80135,54.0445]]},"properties":{"name":"Power lines","category":"minor_line","osm_type":"way","osm_id":"1365737145"}},{"type":"Feature","geometry":{"type":"LineString","coordinates":[[-0.79466,54.04632],[-0.79746,54.04641],[-0.80191,54.04547]]},"properties":{"name":"Power lines","category":"minor_line","osm_type":"way","osm_id":"1365737146"}},{"type":"Feature","geometry":{"type":"LineString","coordinates":[[-0.78567,54.00863],[-0.78908,54.01254],[-0.7878,54.01412],[-0.78988,54.01769]]},"properties":{"name":"Power lines","category":"minor_line","osm_type":"way","osm_id":"1365737147"}},{"type":"Feature","geometry":{"type":"LineString","coordinates":[[-0.78843,54.00944],[-0.79127,54.00844],[-0.79314,54.0071],[-0.80279,54.00395],[-0.80627,54.00424],[-0.81434,54.00297]]},"properties":{"name":"Power lines","category":"minor_line","osm_type":"way","osm_id":"1365737148"}},{"type":"Feature","geometry":{"type":"LineString","coordinates":[[-0.82264,54.01066],[-0.82209,54.00931]]},"properties":{"name":"Power lines","category":"minor_line","osm_type":"way","osm_id":"1365737149"}},{"type":"Feature","geometry":{"type":"LineString","coordinates":[[-0.85481,54.03465],[-0.8434,54.02134],[-0.84236,54.02106],[-0.83956,54.0168],[-0.82827,54.01158],[-0.82615,54.00995],[-0.82341,54.00895],[-0.81966,54.01004]]},"properties":{"name":"Power lines","category":"minor_line","osm_type":"way","osm_id":"1365737150"}},{"type":"Feature","geometry":{"type":"LineString","coordinates":[[-0.82922,54.01467],[-0.83056,54.01355],[-0.83174,54.01319]]},"properties":{"name":"Power lines","category":"minor_line","osm_type":"way","osm_id":"1365737151"}},{"type":"Feature","geometry":{"type":"LineString","coordinates":[[-0.84666,54.03378],[-0.85386,54.03157],[-0.85931,54.02904]]},"properties":{"name":"Power lines","category":"minor_line","osm_type":"way","osm_id":"1365737152"}},{"type":"Feature","geometry":{"type":"LineString","coordinates":[[-0.743,54.02479],[-0.74403,54.02778],[-0.74328,54.03069],[-0.74637,54.03274],[-0.75091,54.03734]]},"properties":{"name":"Power lines","category":"minor_line","osm_type":"way","osm_id":"1365737153"}},{"type":"Feature","geometry":{"type":"LineString","coordinates":[[-0.89452,54.08456],[-0.89267,54.08434],[-0.8918,54.0814],[-0.88157,54.0755]]},"properties":{"name":"Power lines","category":"minor_line","osm_type":"way","osm_id":"1365786203"}},{"type":"Feature","geometry":{"type":"LineString","coordinates":[[-0.89201,54.08281],[-0.89106,54.08273],[-0.88848,54.08566]]},"properties":{"name":"Power lines","category":"minor_line","osm_type":"way","osm_id":"1365786204"}},{"type":"Feature","geometry":{"type":"LineString","coordinates":[[-0.88375,54.09202],[-0.88049,54.09285],[-0.87747,54.09225],[-0.87583,54.09108]]},"properties":{"name":"Power lines","category":"minor_line","osm_type":"way","osm_id":"1365786205"}},{"type":"Feature","geometry":{"type":"LineString","coordinates":[[-0.86991,54.07469],[-0.87695,54.07499]]},"properties":{"name":"Power lines","category":"minor_line","osm_type":"way","osm_id":"1365786206"}},{"type":"Feature","geometry":{"type":"LineString","coordinates":[[-0.87929,54.06502],[-0.8837,54.0621]]},"properties":{"name":"Power lines","category":"minor_line","osm_type":"way","osm_id":"1365786207"}},{"type":"Feature","geometry":{"type":"LineString","coordinates":[[-0.8835,54.06038],[-0.88385,54.06286]]},"properties":{"name":"Power lines","category":"minor_line","osm_type":"way","osm_id":"1365786208"}},{"type":"Feature","geometry":{"type":"LineString","coordinates":[[-0.88714,54.05994],[-0.87808,54.06089],[-0.87552,54.06046]]},"properties":{"name":"Power lines","category":"minor_line","osm_type":"way","osm_id":"1365786209"}},{"type":"Feature","geometry":{"type":"LineString","coordinates":[[-0.88583,54.04785],[-0.89953,54.04769],[-0.90262,54.04423],[-0.9071,54.04205]]},"properties":{"name":"Power lines","category":"minor_line","osm_type":"way","osm_id":"1365786210"}},{"type":"Feature","geometry":{"type":"LineString","coordinates":[[-0.90548,54.04122],[-0.91966,54.04782]]},"properties":{"name":"Power lines","category":"minor_line","osm_type":"way","osm_id":"1365786211"}},{"type":"Feature","geometry":{"type":"LineString","coordinates":[[-0.95054,54.03286],[-0.94459,54.0334],[-0.94217,54.03421],[-0.93602,54.0383],[-0.91805,54.04875],[-0.90993,54.05854],[-0.91059,54.0595]]},"properties":{"name":"Power lines","category":"minor_line","osm_type":"way","osm_id":"1365786212"}},{"type":"Feature","geometry":{"type":"LineString","coordinates":[[-0.93233,54.04046],[-0.92984,54.03917],[-0.92881,54.03671],[-0.92878,54.03383]]},"properties":{"name":"Power lines","category":"minor_line","osm_type":"way","osm_id":"1365786213"}},{"type":"Feature","geometry":{"type":"LineString","coordinates":[[-0.92879,54.0357],[-0.92564,54.03474]]},"properties":{"name":"Power lines","category":"minor_line","osm_type":"way","osm_id":"1365786214"}},{"type":"Feature","geometry":{"type":"LineString","coordinates":[[-0.93207,54.03081],[-0.92935,54.03173],[-0.92765,54.03333]]},"properties":{"name":"York - Malton","category":"line","osm_type":"way","osm_id":"1365786215","operator":"Northern Powergrid","ref":"EO"}},{"type":"Feature","geometry":{"type":"LineString","coordinates":[[-0.92765,54.03333],[-0.9209,54.03732],[-0.88005,54.04493],[-0.83402,54.07183],[-0.82951,54.08138],[-0.81169,54.10391],[-0.82073,54.1295],[-0.81729,54.14381],[-0.8069,54.14828],[-0.78199,54.15035]]},"properties":{"name":"York - Malton","category":"line","osm_type":"way","osm_id":"1365786216","operator":"Northern Powergrid","ref":"EO"}},{"type":"Feature","geometry":{"type":"LineString","coordinates":[[-0.93889,54.0364],[-0.94171,54.03847]]},"properties":{"name":"Power lines","category":"minor_line","osm_type":"way","osm_id":"1365786217"}},{"type":"Feature","geometry":{"type":"LineString","coordinates":[[-0.95862,54.04841],[-0.95691,54.04637],[-0.95279,54.03893],[-0.9497,54.03072],[-0.94165,54.0314]]},"properties":{"name":"Power lines","category":"minor_line","osm_type":"way","osm_id":"1365786218"}},{"type":"Feature","geometry":{"type":"LineString","coordinates":[[-0.95101,54.0337],[-0.9591,54.03211],[-0.96131,54.03205]]},"properties":{"name":"Power lines","category":"minor_line","osm_type":"way","osm_id":"1365786219"}},{"type":"Feature","geometry":{"type":"LineString","coordinates":[[-0.95642,54.03264],[-0.9586,54.0303],[-0.96161,54.02925]]},"properties":{"name":"Power lines","category":"minor_line","osm_type":"way","osm_id":"1365786220"}},{"type":"Feature","geometry":{"type":"LineString","coordinates":[[-0.97861,54.05742],[-0.97526,54.06093],[-0.97536,54.06206],[-0.97153,54.066]]},"properties":{"name":"Power lines","category":"minor_line","osm_type":"way","osm_id":"1365786221"}},{"type":"Feature","geometry":{"type":"LineString","coordinates":[[-0.98626,54.07117],[-0.97789,54.06794],[-0.96513,54.06411],[-0.95766,54.05943],[-0.95876,54.05186],[-0.95808,54.05009]]},"properties":{"name":"Power lines","category":"minor_line","osm_type":"way","osm_id":"1365786222"}},{"type":"Feature","geometry":{"type":"LineString","coordinates":[[-0.96065,54.06137],[-0.95751,54.0627],[-0.95389,54.06353]]},"properties":{"name":"Power lines","category":"minor_line","osm_type":"way","osm_id":"1365786223"}},{"type":"Feature","geometry":{"type":"LineString","coordinates":[[-0.95823,54.05433],[-0.96291,54.0541]]},"properties":{"name":"Power lines","category":"minor_line","osm_type":"way","osm_id":"1365786224"}},{"type":"Feature","geometry":{"type":"LineString","coordinates":[[-0.97692,54.05665],[-0.98042,54.05821]]},"properties":{"name":"Power lines","category":"minor_line","osm_type":"way","osm_id":"1365786225"}},{"type":"Feature","geometry":{"type":"LineString","coordinates":[[-0.976,54.06014],[-0.9731,54.0584],[-0.96968,54.05824],[-0.96636,54.05757]]},"properties":{"name":"Power lines","category":"minor_line","osm_type":"way","osm_id":"1365786226"}},{"type":"Feature","geometry":{"type":"LineString","coordinates":[[-0.94245,54.05557],[-0.94538,54.05048],[-0.94551,54.04369],[-0.9541,54.04129]]},"properties":{"name":"Power lines","category":"minor_line","osm_type":"way","osm_id":"1365786227"}},{"type":"Feature","geometry":{"type":"LineString","coordinates":[[-0.90662,54.0273],[-0.90943,54.02738],[-0.91459,54.02867]]},"properties":{"name":"Power lines","category":"minor_line","osm_type":"way","osm_id":"1365786228"}},{"type":"Feature","geometry":{"type":"LineString","coordinates":[[-0.91934,54.02591],[-0.91325,54.02941],[-0.91178,54.03176]]},"properties":{"name":"Power lines","category":"minor_line","osm_type":"way","osm_id":"1365786229"}},{"type":"Feature","geometry":{"type":"LineString","coordinates":[[-0.92012,54.02543],[-0.92195,54.02421]]},"properties":{"name":"Power lines","category":"minor_line","osm_type":"way","osm_id":"1365786230"}},{"type":"Feature","geometry":{"type":"LineString","coordinates":[[-0.92081,54.02357],[-0.92665,54.02688],[-0.92924,54.02921],[-0.92903,54.03115]]},"properties":{"name":"Power lines","category":"minor_line","osm_type":"way","osm_id":"1365786231"}},{"type":"Feature","geometry":{"type":"LineString","coordinates":[[-0.92853,54.02859],[-0.93069,54.02761],[-0.93278,54.02545]]},"properties":{"name":"Power lines","category":"minor_line","osm_type":"way","osm_id":"1365786232"}},{"type":"Feature","geometry":{"type":"LineString","coordinates":[[-0.92913,54.03023],[-0.92843,54.03001]]},"properties":{"name":"Power lines","category":"minor_line","osm_type":"way","osm_id":"1365786233"}},{"type":"Feature","geometry":{"type":"LineString","coordinates":[[-0.90458,54.04001],[-0.89585,54.04084],[-0.89481,54.03928]]},"properties":{"name":"Power lines","category":"minor_line","osm_type":"way","osm_id":"1365786236"}},{"type":"Feature","geometry":{"type":"LineString","coordinates":[[-0.88271,54.03291],[-0.88202,54.03211],[-0.88243,54.03033],[-0.87782,54.01805],[-0.8736,54.01531],[-0.86662,54.00372],[-0.8667,53.99648],[-0.86796,53.99257],[-0.86703,53.98964]]},"properties":{"name":"Power lines","category":"minor_line","osm_type":"way","osm_id":"1365786237"}},{"type":"Feature","geometry":{"type":"LineString","coordinates":[[-0.87859,54.02041],[-0.88314,54.02008],[-0.88515,54.01935]]},"properties":{"name":"Power lines","category":"minor_line","osm_type":"way","osm_id":"1365786238"}},{"type":"Feature","geometry":{"type":"LineString","coordinates":[[-0.86669,54.0038],[-0.86039,54.00473]]},"properties":{"name":"Power lines","category":"minor_line","osm_type":"way","osm_id":"1365786239"}},{"type":"Feature","geometry":{"type":"LineString","coordinates":[[-0.86657,54.00143],[-0.86375,54.00121]]},"properties":{"name":"Power lines","category":"minor_line","osm_type":"way","osm_id":"1365786240"}},{"type":"Feature","geometry":{"type":"LineString","coordinates":[[-0.85445,54.02133],[-0.85115,54.02119],[-0.84364,54.02161]]},"properties":{"name":"Power lines","category":"minor_line","osm_type":"way","osm_id":"1365786242"}},{"type":"Feature","geometry":{"type":"LineString","coordinates":[[-0.84791,53.99824],[-0.84063,54.00042],[-0.84061,54.00515]]},"properties":{"name":"Power lines","category":"minor_line","osm_type":"way","osm_id":"1365786247"}},{"type":"Feature","geometry":{"type":"LineString","coordinates":[[-0.86113,54.00463],[-0.85758,54.00726],[-0.84282,54.00498],[-0.83823,54.00532],[-0.82732,54.01085]]},"properties":{"name":"Power lines","category":"minor_line","osm_type":"way","osm_id":"1365786248"}},{"type":"Feature","geometry":{"type":"LineString","coordinates":[[-0.89828,54.00437],[-0.9015,54.00627]]},"properties":{"name":"Power lines","category":"minor_line","osm_type":"way","osm_id":"1365786249"}},{"type":"Feature","geometry":{"type":"LineString","coordinates":[[-0.8838,54.01081],[-0.88742,54.01002]]},"properties":{"name":"Power lines","category":"minor_line","osm_type":"way","osm_id":"1365786250"}},{"type":"Feature","geometry":{"type":"LineString","coordinates":[[-0.88639,54.00948],[-0.88808,54.01036]]},"properties":{"name":"Power lines","category":"minor_line","osm_type":"way","osm_id":"1365786251"}},{"type":"Feature","geometry":{"type":"LineString","coordinates":[[-0.8993,54.00494],[-0.89444,54.00703],[-0.88233,54.01329],[-0.88237,54.01417]]},"properties":{"name":"Power lines","category":"minor_line","osm_type":"way","osm_id":"1365786252"}},{"type":"Feature","geometry":{"type":"LineString","coordinates":[[-0.97818,54.00102],[-0.97294,54.00307]]},"properties":{"name":"Power lines","category":"minor_line","osm_type":"way","osm_id":"1365993057"}},{"type":"Feature","geometry":{"type":"LineString","coordinates":[[-0.94247,53.99028],[-0.94239,53.99678],[-0.94313,54.00092],[-0.94214,54.00997],[-0.94342,54.01233],[-0.94598,54.01502],[-0.94709,54.02381],[-0.94889,54.02703],[-0.9497,54.03072]]},"properties":{"name":"Power lines","category":"minor_line","osm_type":"way","osm_id":"1365993059"}},{"type":"Feature","geometry":{"type":"LineString","coordinates":[[-0.94284,54.00441],[-0.95016,54.0034]]},"properties":{"name":"Power lines","category":"minor_line","osm_type":"way","osm_id":"1365993060"}},{"type":"Feature","geometry":{"type":"LineString","coordinates":[[-0.94594,54.0162],[-0.94309,54.01651]]},"properties":{"name":"Power lines","category":"minor_line","osm_type":"way","osm_id":"1365993061"}},{"type":"Feature","geometry":{"type":"LineString","coordinates":[[-0.94621,54.01872],[-0.94026,54.02011]]},"properties":{"name":"Power lines","category":"minor_line","osm_type":"way","osm_id":"1365993062"}},{"type":"Feature","geometry":{"type":"LineString","coordinates":[[-0.94709,54.02381],[-0.95193,54.02277],[-0.95929,54.02032],[-0.96352,54.01843],[-0.96446,54.01624]]},"properties":{"name":"Power lines","category":"minor_line","osm_type":"way","osm_id":"1365993063"}},{"type":"Feature","geometry":{"type":"LineString","coordinates":[[-0.9138,54.01912],[-0.91749,54.0176],[-0.91942,54.01595]]},"properties":{"name":"Power lines","category":"minor_line","osm_type":"way","osm_id":"1365993066"}},{"type":"Feature","geometry":{"type":"LineString","coordinates":[[-1.01593,54.04094],[-1.01913,54.04339],[-1.01172,54.04746],[-1.00336,54.05007],[-1.00086,54.05212],[-0.98385,54.06165],[-0.97877,54.06078],[-0.97536,54.06206]]},"properties":{"name":"Power lines","category":"minor_line","osm_type":"way","osm_id":"1366011727"}},{"type":"Feature","geometry":{"type":"LineString","coordinates":[[-0.99192,54.05702],[-0.99219,54.05647]]},"properties":{"name":"Power lines","category":"minor_line","osm_type":"way","osm_id":"1366011728"}},{"type":"Feature","geometry":{"type":"LineString","coordinates":[[-0.97468,54.00604],[-0.97513,54.0087],[-0.97772,54.01138],[-0.98423,54.01621],[-0.99184,54.02081],[-0.99161,54.02403],[-0.99039,54.02802],[-0.98522,54.03552],[-0.98481,54.03872],[-0.99549,54.04733],[-1.0024,54.05068]]},"properties":{"name":"Power lines","category":"minor_line","osm_type":"way","osm_id":"1366011729"}},{"type":"Feature","geometry":{"type":"LineString","coordinates":[[-0.98703,54.02342],[-0.99163,54.02343]]},"properties":{"name":"Power lines","category":"minor_line","osm_type":"way","osm_id":"1366011730"}},{"type":"Feature","geometry":{"type":"LineString","coordinates":[[-0.97994,54.01807],[-0.98423,54.01621]]},"properties":{"name":"Power lines","category":"minor_line","osm_type":"way","osm_id":"1366011731"}},{"type":"Feature","geometry":{"type":"LineString","coordinates":[[-0.97576,54.00935],[-0.97908,54.00879]]},"properties":{"name":"Power lines","category":"minor_line","osm_type":"way","osm_id":"1366011732"}},{"type":"Feature","geometry":{"type":"LineString","coordinates":[[-0.98915,54.05079],[-0.98691,54.05094]]},"properties":{"name":"Power lines","category":"minor_line","osm_type":"way","osm_id":"1366011736"}},{"type":"Feature","geometry":{"type":"LineString","coordinates":[[-0.98828,54.05288],[-0.98524,54.0493],[-0.97824,54.04697]]},"properties":{"name":"Power lines","category":"minor_line","osm_type":"way","osm_id":"1366011737"}},{"type":"Feature","geometry":{"type":"LineString","coordinates":[[-0.9769,54.0496],[-0.98082,54.04782]]},"properties":{"name":"Power lines","category":"minor_line","osm_type":"way","osm_id":"1366011738"}},{"type":"Feature","geometry":{"type":"LineString","coordinates":[[-0.99749,53.99878],[-0.99675,53.99962],[-0.99562,54.00445],[-0.992,54.00787],[-0.98931,54.01195],[-0.99003,54.01256]]},"properties":{"name":"Power lines","category":"minor_line","osm_type":"way","osm_id":"1366011742"}},{"type":"Feature","geometry":{"type":"LineString","coordinates":[[-0.9959,54.0032],[-0.99388,54.00372],[-0.99222,54.00316]]},"properties":{"name":"Power lines","category":"minor_line","osm_type":"way","osm_id":"1366011744"}},{"type":"Feature","geometry":{"type":"LineString","coordinates":[[-0.41245,54.0008],[-0.39523,53.99973],[-0.38286,54.00349],[-0.36663,54.0099],[-0.32594,54.01923]]},"properties":{"name":"Power lines","category":"minor_line","osm_type":"way","osm_id":"1366035519"}},{"type":"Feature","geometry":{"type":"LineString","coordinates":[[-0.37427,54.00688],[-0.372,54.00552]]},"properties":{"name":"Power lines","category":"minor_line","osm_type":"way","osm_id":"1366035520"}},{"type":"Feature","geometry":{"type":"LineString","coordinates":[[-0.36425,54.01049],[-0.35997,54.00709]]},"properties":{"name":"Power lines","category":"minor_line","osm_type":"way","osm_id":"1366035521"}},{"type":"Feature","geometry":{"type":"LineString","coordinates":[[-0.34893,54.01412],[-0.34874,54.01048]]},"properties":{"name":"Power lines","category":"minor_line","osm_type":"way","osm_id":"1366035522"}},{"type":"Feature","geometry":{"type":"LineString","coordinates":[[-0.34317,54.01545],[-0.34686,54.01653],[-0.34882,54.01769]]},"properties":{"name":"Power lines","category":"minor_line","osm_type":"way","osm_id":"1366035523"}},{"type":"Feature","geometry":{"type":"LineString","coordinates":[[-0.34775,54.01706],[-0.34793,54.01968],[-0.34643,54.02169],[-0.3435,54.02364],[-0.33827,54.02517]]},"properties":{"name":"Power lines","category":"minor_line","osm_type":"way","osm_id":"1366035524"}},{"type":"Feature","geometry":{"type":"LineString","coordinates":[[-0.31987,53.9824],[-0.3208,53.98565],[-0.31762,53.98775],[-0.31465,53.99315],[-0.32154,54.00428],[-0.32116,54.0117],[-0.32594,54.01923],[-0.32799,54.02062],[-0.32755,54.02103]]},"properties":{"name":"Power lines","category":"minor_line","osm_type":"way","osm_id":"1366035525"}},{"type":"Feature","geometry":{"type":"LineString","coordinates":[[-0.32141,54.00682],[-0.31845,54.00671]]},"properties":{"name":"Power lines","category":"minor_line","osm_type":"way","osm_id":"1366035526"}},{"type":"Feature","geometry":{"type":"LineString","coordinates":[[-0.32082,54.00296],[-0.32555,54.00244],[-0.32922,54.00289]]},"properties":{"name":"Power lines","category":"minor_line","osm_type":"way","osm_id":"1366035527"}},{"type":"Feature","geometry":{"type":"LineString","coordinates":[[-0.31774,53.99789],[-0.30509,54.00181],[-0.29788,54.00348],[-0.29697,54.00429],[-0.29913,54.00739]]},"properties":{"name":"Power lines","category":"minor_line","osm_type":"way","osm_id":"1366035528"}},{"type":"Feature","geometry":{"type":"LineString","coordinates":[[-0.34821,54.02898],[-0.34627,54.03027],[-0.35008,54.03187],[-0.35312,54.03083]]},"properties":{"name":"Power lines","category":"minor_line","osm_type":"way","osm_id":"1366035546"}},{"type":"Feature","geometry":{"type":"LineString","coordinates":[[-0.34119,54.0285],[-0.34223,54.0277]]},"properties":{"name":"Power lines","category":"minor_line","osm_type":"way","osm_id":"1366035547"}},{"type":"Feature","geometry":{"type":"LineString","coordinates":[[-0.31543,54.04637],[-0.31391,54.04796]]},"properties":{"name":"Power lines","category":"minor_line","osm_type":"way","osm_id":"1366035548"}},{"type":"Feature","geometry":{"type":"LineString","coordinates":[[-0.31557,54.04912],[-0.31107,54.04599]]},"properties":{"name":"Power lines","category":"minor_line","osm_type":"way","osm_id":"1366035549"}},{"type":"Feature","geometry":{"type":"LineString","coordinates":[[-0.31322,54.04749],[-0.31218,54.0477]]},"properties":{"name":"Power lines","category":"minor_line","osm_type":"way","osm_id":"1366035550"}},{"type":"Feature","geometry":{"type":"LineString","coordinates":[[-0.32141,54.02917],[-0.32077,54.02786],[-0.32161,54.02589]]},"properties":{"name":"Power lines","category":"minor_line","osm_type":"way","osm_id":"1366035551"}},{"type":"Feature","geometry":{"type":"LineString","coordinates":[[-0.32617,54.02349],[-0.32631,54.02431],[-0.32311,54.02572],[-0.32073,54.02598]]},"properties":{"name":"Power lines","category":"minor_line","osm_type":"way","osm_id":"1366035552"}},{"type":"Feature","geometry":{"type":"LineString","coordinates":[[-0.30009,54.02663],[-0.29986,54.02583],[-0.2887,54.02458],[-0.284,54.02554]]},"properties":{"name":"Power lines","category":"minor_line","osm_type":"way","osm_id":"1366035553"}},{"type":"Feature","geometry":{"type":"LineString","coordinates":[[-0.29002,54.02473],[-0.29386,54.02373]]},"properties":{"name":"Power lines","category":"minor_line","osm_type":"way","osm_id":"1366035554"}},{"type":"Feature","geometry":{"type":"LineString","coordinates":[[-0.28389,54.01957],[-0.28398,54.02076],[-0.28283,54.02222],[-0.28496,54.02826],[-0.28896,54.02932]]},"properties":{"name":"Power lines","category":"minor_line","osm_type":"way","osm_id":"1366035555"}},{"type":"Feature","geometry":{"type":"LineString","coordinates":[[-0.27991,54.03575],[-0.28502,54.03663],[-0.29088,54.03619],[-0.29388,54.03654]]},"properties":{"name":"Power lines","category":"minor_line","osm_type":"way","osm_id":"1366035557"}},{"type":"Feature","geometry":{"type":"LineString","coordinates":[[-0.29345,54.03648],[-0.30417,54.0535]]},"properties":{"name":"Power lines","category":"minor_line","osm_type":"way","osm_id":"1366035558"}},{"type":"Feature","geometry":{"type":"LineString","coordinates":[[-0.29713,54.04228],[-0.2959,54.0422],[-0.29382,54.04307],[-0.29123,54.0462]]},"properties":{"name":"Power lines","category":"minor_line","osm_type":"way","osm_id":"1366035559"}},{"type":"Feature","geometry":{"type":"LineString","coordinates":[[-0.26215,54.04221],[-0.24661,54.04445]]},"properties":{"name":"Power lines","category":"minor_line","osm_type":"way","osm_id":"1366035560"}},{"type":"Feature","geometry":{"type":"LineString","coordinates":[[-0.21711,54.06157],[-0.22314,54.06025],[-0.22577,54.05838],[-0.23747,54.05376],[-0.24468,54.04809],[-0.25416,54.03002],[-0.2624,54.01633],[-0.26095,54.01424],[-0.25967,54.00757],[-0.2619,54.00549],[-0.26196,53.99893],[-0.26033,53.99458],[-0.25559,53.98988],[-0.25551,53.98525],[-0.25375,53.98277],[-0.25572,53.97554],[-0.25456,53.97255],[-0.24822,53.96359],[-0.24574,53.95597],[-0.24379,53.95333],[-0.23329,53.94382],[-0.22662,53.93878]]},"properties":{"name":"Power lines","category":"minor_line","osm_type":"way","osm_id":"1366035561"}},{"type":"Feature","geometry":{"type":"LineString","coordinates":[[-0.25284,54.03262],[-0.24848,54.03294]]},"properties":{"name":"Power lines","category":"minor_line","osm_type":"way","osm_id":"1366035562"}},{"type":"Feature","geometry":{"type":"LineString","coordinates":[[-0.26151,54.01774],[-0.26451,54.01762]]},"properties":{"name":"Power lines","category":"minor_line","osm_type":"way","osm_id":"1366035563"}},{"type":"Feature","geometry":{"type":"LineString","coordinates":[[-0.26144,54.01494],[-0.2685,54.01426],[-0.27169,54.01657]]},"properties":{"name":"Power lines","category":"minor_line","osm_type":"way","osm_id":"1366035564"}},{"type":"Feature","geometry":{"type":"LineString","coordinates":[[-0.26079,54.01343],[-0.25768,54.01419]]},"properties":{"name":"Power lines","category":"minor_line","osm_type":"way","osm_id":"1366035565"}},{"type":"Feature","geometry":{"type":"LineString","coordinates":[[-0.26034,54.01102],[-0.25658,54.01148]]},"properties":{"name":"Power lines","category":"minor_line","osm_type":"way","osm_id":"1366035566"}},{"type":"Feature","geometry":{"type":"LineString","coordinates":[[-0.26207,54.00078],[-0.25675,54.00347],[-0.25332,54.00357],[-0.24881,54.0074]]},"properties":{"name":"Power lines","category":"minor_line","osm_type":"way","osm_id":"1366035567"}},{"type":"Feature","geometry":{"type":"LineString","coordinates":[[-0.2518,54.00487],[-0.25364,54.00634]]},"properties":{"name":"Power lines","category":"minor_line","osm_type":"way","osm_id":"1366035568"}},{"type":"Feature","geometry":{"type":"LineString","coordinates":[[-0.25422,54.06043],[-0.25038,54.05542],[-0.24331,54.04935]]},"properties":{"name":"Power lines","category":"minor_line","osm_type":"way","osm_id":"1366035582"}},{"type":"Feature","geometry":{"type":"LineString","coordinates":[[-0.22577,54.05838],[-0.22754,54.05955],[-0.2356,54.06301]]},"properties":{"name":"Power lines","category":"minor_line","osm_type":"way","osm_id":"1366035583"}},{"type":"Feature","geometry":{"type":"LineString","coordinates":[[-0.23653,54.06235],[-0.23551,54.06308]]},"properties":{"name":"Power lines","category":"minor_line","osm_type":"way","osm_id":"1366035584"}},{"type":"Feature","geometry":{"type":"LineString","coordinates":[[-0.21798,54.06306],[-0.21972,54.06144],[-0.21755,54.05906],[-0.21383,54.05765],[-0.21495,54.05259],[-0.21691,54.04822]]},"properties":{"name":"Power lines","category":"minor_line","osm_type":"way","osm_id":"1366035585"}},{"type":"Feature","geometry":{"type":"LineString","coordinates":[[-0.23838,54.03871],[-0.23802,54.04091],[-0.23867,54.04242]]},"properties":{"name":"Power lines","category":"minor_line","osm_type":"way","osm_id":"1366035586"}},{"type":"Feature","geometry":{"type":"LineString","coordinates":[[-0.23814,54.04009],[-0.23993,54.03984]]},"properties":{"name":"Power lines","category":"minor_line","osm_type":"way","osm_id":"1366035587"}},{"type":"Feature","geometry":{"type":"LineString","coordinates":[[-0.24198,54.05057],[-0.24139,54.04915]]},"properties":{"name":"Power lines","category":"minor_line","osm_type":"way","osm_id":"1366035588"}},{"type":"Feature","geometry":{"type":"LineString","coordinates":[[-0.25764,54.0475],[-0.25647,54.04303]]},"properties":{"name":"Power lines","category":"minor_line","osm_type":"way","osm_id":"1366035589"}},{"type":"Feature","geometry":{"type":"LineString","coordinates":[[-0.23041,54.02426],[-0.23204,54.02395]]},"properties":{"name":"Power lines","category":"minor_line","osm_type":"way","osm_id":"1366035590"}},{"type":"Feature","geometry":{"type":"LineString","coordinates":[[-0.22913,54.01607],[-0.23405,54.02946],[-0.23685,54.035]]},"properties":{"name":"Power lines","category":"minor_line","osm_type":"way","osm_id":"1366035591"}},{"type":"Feature","geometry":{"type":"LineString","coordinates":[[-0.23669,54.0137],[-0.23342,54.01509],[-0.22818,54.01629],[-0.22169,54.01651],[-0.22137,54.01604]]},"properties":{"name":"Power lines","category":"minor_line","osm_type":"way","osm_id":"1366035592"}},{"type":"Feature","geometry":{"type":"LineString","coordinates":[[-0.22015,54.00126],[-0.22318,54.002],[-0.22907,54.00178],[-0.23321,54.00117],[-0.23401,54.00055]]},"properties":{"name":"Power lines","category":"minor_line","osm_type":"way","osm_id":"1366035594"}},{"type":"Feature","geometry":{"type":"LineString","coordinates":[[-0.32313,54.03847],[-0.31928,54.04049],[-0.31057,54.04263],[-0.28712,54.04968],[-0.28302,54.0513],[-0.28256,54.06222],[-0.26352,54.0839],[-0.23423,54.10458],[-0.2057,54.11221],[-0.15272,54.12367],[-0.13805,54.13122],[-0.13472,54.1308]]},"properties":{"name":"Power lines","category":"line","osm_type":"way","osm_id":"1384571366","operator":"Northern Powergrid"}},{"type":"Feature","geometry":{"type":"LineString","coordinates":[[-0.80374,54.09344],[-0.80289,54.09415],[-0.80319,54.09471]]},"properties":{"name":"Power lines","category":"minor_line","osm_type":"way","osm_id":"1427475919"}},{"type":"Feature","geometry":{"type":"LineString","coordinates":[[-0.80289,54.09415],[-0.80269,54.09408]]},"properties":{"name":"Power lines","category":"minor_line","osm_type":"way","osm_id":"1427595184"}},{"type":"Feature","geometry":{"type":"LineString","coordinates":[[-0.6407,54.18189],[-0.64137,54.1816]]},"properties":{"name":"Power lines","category":"line","osm_type":"way","osm_id":"1467794025"}},{"type":"Feature","geometry":{"type":"LineString","coordinates":[[-0.6407,54.18189],[-0.64138,54.18164]]},"properties":{"name":"Power lines","category":"line","osm_type":"way","osm_id":"1467794026"}},{"type":"Feature","geometry":{"type":"LineString","coordinates":[[-0.6407,54.18189],[-0.6414,54.18167]]},"properties":{"name":"Power lines","category":"line","osm_type":"way","osm_id":"1467794027"}},{"type":"Feature","geometry":{"type":"LineString","coordinates":[[-0.64185,54.18156],[-0.6414,54.18167]]},"properties":{"name":"Power lines","category":"line","osm_type":"way","osm_id":"1467794028"}},{"type":"Feature","geometry":{"type":"LineString","coordinates":[[-0.64185,54.18156],[-0.64138,54.18164]]},"properties":{"name":"Power lines","category":"line","osm_type":"way","osm_id":"1467794029"}},{"type":"Feature","geometry":{"type":"LineString","coordinates":[[-0.64185,54.18156],[-0.64137,54.1816]]},"properties":{"name":"Power lines","category":"line","osm_type":"way","osm_id":"1467794030"}},{"type":"Feature","geometry":{"type":"LineString","coordinates":[[-0.64157,54.18158],[-0.64146,54.18177]]},"properties":{"name":"Power lines","category":"line","osm_type":"way","osm_id":"1467794031"}},{"type":"Feature","geometry":{"type":"LineString","coordinates":[[-0.64144,54.18174],[-0.64153,54.18159]]},"properties":{"name":"Power lines","category":"line","osm_type":"way","osm_id":"1467794032"}},{"type":"Feature","geometry":{"type":"LineString","coordinates":[[-0.64142,54.18171],[-0.6415,54.18159]]},"properties":{"name":"Power lines","category":"line","osm_type":"way","osm_id":"1467794033"}},{"type":"Feature","geometry":{"type":"LineString","coordinates":[[-0.64146,54.18177],[-0.6407,54.18189]]},"properties":{"name":"Power lines","category":"line","osm_type":"way","osm_id":"1467794034"}},{"type":"Feature","geometry":{"type":"LineString","coordinates":[[-0.64144,54.18174],[-0.6407,54.18189]]},"properties":{"name":"Power lines","category":"line","osm_type":"way","osm_id":"1467794035"}},{"type":"Feature","geometry":{"type":"LineString","coordinates":[[-0.64142,54.18171],[-0.6407,54.18189]]},"properties":{"name":"Power lines","category":"line","osm_type":"way","osm_id":"1467794036"}},{"type":"Feature","geometry":{"type":"LineString","coordinates":[[-0.41636,54.0068],[-0.41613,54.00024]]},"properties":{"name":"Power lines","category":"minor_line","osm_type":"way","osm_id":"1539857506","operator":"Northern Powergrid"}}]}